fid,row_index,col_index,distance,x,y
0,0,15,343.5808504819399,127.0800845146071,37.616648644102916
1,0,16,334.74447749799316,127.08042425745435,37.616654173166786
2,0,17,326.12572717484835,127.0807640003945,37.616659701253205
3,0,18,319.65812325760027,127.08110374342745,37.61666522836218
4,0,19,315.9187262632887,127.08144348655323,37.616670754493704
5,0,20,315.00471019187364,127.0817832297718,37.6166762796478
6,0,21,316.9405201016649,127.08212297308317,37.616681803824434
7,0,22,321.6747101056615,127.08246271648731,37.61668732702363
8,0,23,328.9685797590585,127.08280245998421,37.61669284924536
9,0,24,336.89257445928104,127.08314220357383,37.616698370489644
10,0,25,344.8165691595036,127.08348194725619,37.61670389075649
11,1,12,341.4866508208005,127.07905833151788,37.61690230332538
12,1,13,332.5844752130639,127.07939807531477,37.6169078353752
13,1,14,323.74810222911725,127.07973781920454,37.616913366447584
14,1,15,314.91172924517053,127.08007756318722,37.6169188965425
15,1,16,306.0753562612239,127.08041730726273,37.61692442565997
16,1,17,297.2548957925837,127.08075705143112,37.61692995379998
17,1,18,290.14444490961284,127.08109679569233,37.61693548096254
18,1,19,286.0194482044095,127.0814365400464,37.61694100714764
19,1,20,285.00956227888645,127.08177628449322,37.616946532355286
20,1,21,287.14765614514425,127.08211602903287,37.61695205658549
21,1,22,292.36467342840444,127.08245577366526,37.61695757983822
22,1,23,300.0339930505733,127.08279551839043,37.616963102113495
23,1,24,307.9579877507959,127.08313526320835,37.61696862341132
24,1,25,315.8819824510185,127.08347500811897,37.616974143731674
25,1,26,323.8059771512411,127.0838147531223,37.61697966307456
26,1,27,331.7299718514637,127.08415449821831,37.61698518144
27,1,28,339.6539665516862,127.08449424340701,37.61699069882797
28,1,29,347.5779612519088,127.08483398868836,37.61699621523847
29,2,10,338.3604302536325,127.07837188654878,37.617161488451316
30,2,11,324.61260368087864,127.07871163138809,37.61716702250968
31,2,12,313.1375589359367,127.0790513763203,37.61717255559061
32,2,13,303.91535397629457,127.07939112134545,37.61717808769405
33,2,14,295.07898099234785,127.0797308664635,37.61718361882005
34,2,15,286.2426080084012,127.08007061167443,37.61718914896858
35,2,16,277.40623502445453,127.08041035697823,37.61719467813965
36,2,17,268.56986204050787,127.0807501023749,37.61720020633326
37,2,18,260.7417919307212,127.08108984786442,37.617205733549405
38,2,19,256.14372508123455,127.08142959344673,37.617211259788085
39,2,20,255.0155558740263,127.08176933912186,37.6172167850493
40,2,21,257.4029129147263,127.0821090848898,37.617222309333044
41,2,22,263.21015447021364,127.08244883075047,37.61722783263933
42,2,23,271.09940634208823,127.08278857670393,37.61723335496814
43,2,24,279.0234010423108,127.08312832275013,37.617238876319476
44,2,25,286.94739574253333,127.08346806888903,37.61724439669336
45,2,26,294.8713904427559,127.08380781512066,37.61724991608976
46,2,27,302.7953851429785,127.08414756144496,37.61725543450869
47,2,28,310.71937984320107,127.08448730786196,37.61726095195016
48,2,29,318.64337454342365,127.08482705437162,37.617266468414144
49,2,30,326.68449068726443,127.0851668009739,37.61727198390065
50,2,31,336.6071503003687,127.08550654766881,37.617277498409685
51,2,32,348.8351914745309,127.08584629445633,37.617283011941254
52,3,8,341.4903614239616,127.07768543694543,37.617420669439284
53,3,9,326.83659276148495,127.07802518282708,37.617426205506234
54,3,10,312.1828240990083,127.07836492880172,37.617431740595734
55,3,11,297.6832890775515,127.07870467486927,37.61743727470776
56,3,12,285.12651392655,127.07904442102979,37.61744280784231
57,3,13,275.2462327395252,127.07938416728322,37.6174483399994
58,3,14,266.40985975557857,127.07972391362955,37.617453871179016
59,3,15,257.5734867716319,127.08006366006879,37.61745940138116
60,3,16,248.73711378768522,127.0804034066009,37.617464930605834
61,3,17,239.90074080373853,127.08074315322587,37.617470458853035
62,3,18,231.49247332598026,127.08108289994365,37.617475986122756
63,3,19,226.30088609156445,127.08142264675428,37.61748151241502
64,3,20,225.02314744282373,127.08176239365771,37.61748703772979
65,3,21,227.7251473252841,127.08210214065394,37.61749256206709
66,3,22,234.24082493338048,127.08244188774293,37.617498085426924
67,3,23,242.1648196336031,127.08278163492467,37.61750360780927
68,3,24,250.08881433382567,127.08312138219917,37.61750912921414
69,3,25,258.01280903404825,127.08346112956642,37.617514649641535
70,3,26,265.9368037342708,127.08380087702635,37.61752016909144
71,3,27,273.8607984344934,127.08414062457898,37.61752568756387
72,3,28,281.7847931347159,127.08448037222428,37.617531205058825
73,3,29,289.7087878349385,127.08482011996222,37.617536721576286
74,3,30,298.0993037684957,127.08515986779283,37.61754223711627
75,3,31,308.9414379538613,127.08549961571605,37.61754775167877
76,3,32,321.97889109803043,127.08583936373189,37.61755326526379
77,3,33,335.3504593469194,127.08617911184032,37.61755877787132
78,3,34,348.7220275958084,127.08651886004135,37.61756428950136
79,4,6,347.39062891379,127.07699898270786,37.61767984628919
80,4,7,330.4359512672439,127.07733872963183,37.61768538436477
81,4,8,315.3127552693374,127.07767847664877,37.617690921462874
82,4,9,300.65898660686076,127.07801822375872,37.6176964575835
83,4,10,286.0052179443842,127.07835797096165,37.61770199272665
84,4,11,271.35144928190755,127.07869771825753,37.617707526892325
85,4,12,257.5638310622378,127.07903746564635,37.61771306008052
86,4,13,246.6189680850502,127.0793772131281,37.61771859229123
87,4,14,237.74073851880925,127.07971696070275,37.617724123524475
88,4,15,228.90436553486256,127.0800567083703,37.61772965378023
89,4,16,220.0679925509159,127.0803964561307,37.617735183058514
90,4,17,211.23161956696921,127.08073620398397,37.6177407113593
91,4,18,202.46295551017684,127.08107595193007,37.61774623868262
92,4,19,196.50591388852246,127.08141569996903,37.617751765028444
93,4,20,195.03307420130298,127.08175544810076,37.617757290396796
94,4,21,198.14445708032943,127.08209519632531,37.61776281478765
95,4,22,205.30623822489537,127.08243494464261,37.61776833820102
96,4,23,213.23023292511792,127.0827746930527,37.61777386063691
97,4,24,221.1542276253405,127.08311444155552,37.61777938209531
98,4,25,229.07822232556308,127.08345419015107,37.61778490257622
99,4,26,237.00221702578565,127.08379393883934,37.61779042207964
100,4,27,244.92621172600823,127.08413368762027,37.61779594060557
101,4,28,252.85020642623078,127.0844734364939,37.61780145815401
102,4,29,260.77420112645336,127.08481318546019,37.61780697472495
103,4,30,269.82148424268667,127.08515293451913,37.61781249031841
104,4,31,281.7538829131979,127.08549268367068,37.61781800493437
105,4,32,295.1237023523652,127.08583243291486,37.617823518572834
106,4,33,308.4952706012542,127.08617218225162,37.61782903123381
107,4,34,321.8668388501432,127.08651193168097,37.61783454291729
108,4,35,335.2384070990322,127.08685168120289,37.61784005362326
109,4,36,348.60997534792125,127.08719143081734,37.617845563351736
110,5,5,343.67591475813816,127.07665227180235,37.617944559085146
111,5,6,323.76041020732123,127.07699201986159,37.6179500981919
112,5,7,305.4970900849675,127.07733176801385,37.617955636321156
113,5,8,289.1991370719363,127.07767151625914,37.61796117347294
114,5,9,274.4813804522366,127.0780112645974,37.617966709647234
115,5,10,259.82761178976,127.07835101302865,37.617972244844054
116,5,11,245.17384312728336,127.07869076155285,37.617977779063374
117,5,12,230.61033194331705,127.07903051017,37.61798331230522
118,5,13,218.31837656707899,127.07937025888006,37.61798884456957
119,5,14,209.07161728203994,127.07971000768303,37.617994375856426
120,5,15,200.23524429809325,127.0800497565789,37.6179999061658
121,5,16,191.39887131414656,127.08038950556764,37.61800543549767
122,5,17,182.5624983301999,127.08072925464924,37.61801096385208
123,5,18,173.72612534625324,127.0810690038237,37.618016491228964
124,5,19,166.78446372639021,127.08140875309095,37.61802201762837
125,5,20,165.04660911314454,127.08174850245102,37.61802754305028
126,5,21,168.71191131332336,127.08208825190393,37.61803306749469
127,5,22,176.37165151641022,127.08242800144956,37.61803859096162
128,5,23,184.2956462166328,127.08276775108797,37.618044113451035
129,5,24,192.21964091685535,127.08310750081912,37.61804963496297
130,5,25,200.14363561707793,127.08344725064303,37.618055155497395
131,5,26,208.0676303173005,127.08378700055962,37.61806067505432
132,5,27,215.9916250175231,127.08412675056891,37.61806619363375
133,5,28,223.91561971774567,127.08446650067087,37.61807171123568
134,5,29,231.86732118358825,127.08480625086551,37.61807722786011
135,5,30,241.9588225516708,127.08514600115278,37.61808274350703
136,5,31,254.89694535781103,127.0854857515327,37.61808825817646
137,5,32,268.2685136067,127.08582550200522,37.61809377186837
138,5,33,281.640081855589,127.08616525257032,37.61809928458278
139,5,34,295.011650104478,127.08650500322804,37.618104796319706
140,5,35,308.383218353367,127.0868447539783,37.6181103070791
141,5,36,321.754786602256,127.08718450482112,37.618115816861
142,5,37,335.12635485114504,127.08752425575646,37.61812132566538
143,5,38,348.49792310003403,127.08786400678432,37.61812683349226
144,6,4,344.5794511830394,127.07630555844017,37.618209270782714
145,6,5,322.57353974766346,127.07664530763469,37.61821481092065
146,6,6,301.266256620464,127.07698505692228,37.618220350081096
147,6,7,281.5475558602438,127.07732480630288,37.61822588826406
148,6,8,263.77394686292837,127.0776645557765,37.61823142546951
149,6,9,248.30377429761242,127.0780043053431,37.61823696169748
150,6,10,233.65000563513584,127.07834405500267,37.61824249694795
151,6,11,218.9962369726592,127.07868380475523,37.61824803122093
152,6,12,204.3424683101826,127.07902355460071,37.618253564516415
153,6,13,190.53847819911542,127.07936330453911,37.61825909683441
154,6,14,180.4024960452706,127.07970305457043,37.61826462817488
155,6,15,171.56612306132394,127.08004280469463,37.61827015853787
156,6,16,162.72975007737728,127.08038255491172,37.61827568792335
157,6,17,153.8933770934306,127.08072230522167,37.618281216331326
158,6,18,145.05700410948393,127.08106205562446,37.61828674376182
159,6,19,137.18433032907126,127.08140180612008,37.618292270214795
160,6,20,135.0661553724074,127.08174155670851,37.618297795690275
161,6,21,139.52129646161856,127.08208130738974,37.61830332018824
162,6,22,147.4370648079251,127.08242105816373,37.61830884370871
163,6,23,155.36105950814766,127.0827608090305,37.61831436625167
164,6,24,163.2850542083702,127.08310055999002,37.61831988781713
165,6,25,171.2090489085928,127.08344031104227,37.61832540840507
166,6,26,179.13304360881537,127.08378006218722,37.61833092801551
167,6,27,187.05703830903795,127.08411981342486,37.61833644664844
168,6,28,194.9810330092605,127.08445956475519,37.61834196430386
169,6,29,203.2311321734881,127.08479931617818,37.61834748098177
170,6,30,214.67303105480073,127.08513906769383,37.61835299668216
171,6,31,228.0417566121458,127.0854788193021,37.618358511405056
172,6,32,241.41332486103482,127.08581857100299,37.61836402515042
173,6,33,254.78489310992381,127.08615832279646,37.61836953791828
174,6,34,268.1564613588128,127.08649807468252,37.61837504970862
175,6,35,281.5280296077018,127.08683782666117,37.61838056052145
176,6,36,294.8995978565908,127.08717757873235,37.618386070356756
177,6,37,308.27116610547984,127.08751733089606,37.618391579214546
178,6,38,321.6427343543688,127.0878570831523,37.618397087094834
179,6,39,335.0143026032578,127.08819683550102,37.61840259399759
180,6,40,348.3858708521468,127.08853658794224,37.618408099922824
181,7,3,346.1957060974956,127.07595884262133,37.61847398138185
182,7,4,324.189773800783,127.07629859295115,37.618479522551
183,7,5,302.1838415040703,127.07663834337403,37.61848506274265
184,7,6,280.17790920735763,127.07697809388996,37.618490601956786
185,7,7,258.86208755121226,127.07731784449894,37.618496140193436
186,7,8,239.41021115261836,127.07765759520089,37.618501677452585
187,7,9,222.31715641603364,127.07799734599583,37.618507213734226
188,7,10,207.4723994805116,127.07833709688377,37.61851274903836
189,7,11,192.818630818035,127.07867684786464,37.61851828336498
190,7,12,178.16486215555838,127.07901659893851,37.61852381671411
191,7,13,163.54482505412597,127.07935635010526,37.61852934908572
192,7,14,151.75209438377678,127.07969610136495,37.618534880479835
193,7,15,142.89700182455465,127.08003585271749,37.61854041089643
194,7,16,134.060628840608,127.08037560416294,37.61854594033552
195,7,17,125.2242558566613,127.08071535570126,37.618551468797094
196,7,18,116.38788287271461,127.0810551073324,37.618556996281164
197,7,19,107.80548981926623,127.08139485905639,37.61856252278772
198,7,20,105.0968575858454,127.08173461087318,37.61856804831677
199,7,21,110.57848339921739,127.08207436278279,37.61857357286829
200,7,22,118.50247809943997,127.08241411478517,37.618579096442296
201,7,23,126.42647279966253,127.08275386688028,37.618584619038806
202,7,24,134.3504674998851,127.08309361906818,37.61859014065779
203,7,25,142.27446220010768,127.08343337134879,37.618595661299246
204,7,26,150.19845690033023,127.08377312372212,37.6186011809632
205,7,27,158.1224516005528,127.08411287618812,37.61860669964963
206,7,28,166.0464463007754,127.08445262874683,37.618612217358546
207,7,29,175.0523679822193,127.0847923813982,37.61861773408994
208,7,30,187.8149996175916,127.08513213414223,37.61862324984381
209,7,31,201.1865678664806,127.08547188697888,37.618628764620155
210,7,32,214.5581361153696,127.08581163990814,37.61863427841897
211,7,33,227.92970436425858,127.08615139293,37.61863979124027
212,7,34,241.30127261314757,127.08649114604445,37.61864530308406
213,7,35,254.6728408620366,127.08683089925147,37.6186508139503
214,7,36,268.0444091109256,127.08717065255107,37.618656323839026
215,7,37,281.41597735981463,127.08751040594316,37.61866183275022
216,7,38,294.7875456087036,127.08785015942777,37.61866734068389
217,7,39,308.1591138575926,127.08818991300488,37.61867284764004
218,7,40,321.5306821064816,127.0885296666745,37.618678353618655
219,7,41,334.9022503553706,127.08886942043657,37.61868385861973
220,7,42,348.2738186042596,127.0892091742911,37.61868936264328
221,8,2,347.81196101195184,127.07561212434578,37.61873869088252
222,8,3,325.8060287152392,127.0759518758109,37.61874423308291
223,8,4,303.80009641852655,127.07629162736909,37.61874977430577
224,8,5,281.7941641218139,127.07663137902034,37.61875531455114
225,8,6,259.7882318251012,127.07697113076463,37.618760853818976
226,8,7,237.78229952838853,127.07731088260195,37.61876639210931
227,8,8,216.46663337483602,127.07765063453226,37.61877192942214
228,8,9,197.39673806171552,127.07799038655558,37.61877746575745
229,8,10,181.2947933258874,127.07833013867187,37.61878300111524
230,8,11,166.64102466341078,127.07866989088114,37.618788535495526
231,8,12,151.9872560009342,127.07900964318335,37.61879406889828
232,8,13,137.33348733845756,127.07934939557849,37.61879960132354
233,8,14,123.57465871857623,127.07968914806655,37.618805132771264
234,8,15,114.22788058778534,127.08002890064748,37.618810663241476
235,8,16,105.39150760383866,127.08036865332132,37.61881619273417
236,8,17,96.55513461989197,127.080708406088,37.61882172124935
237,8,18,87.7187616359453,127.08104815894754,37.61882724878699
238,8,19,78.88238865199862,127.08138791189988,37.61883277534714
239,8,20,75.15206332334222,127.08172766494508,37.618838300929745
240,8,21,81.64389669073223,127.08206741808304,37.61884382553483
241,8,22,89.56789139095481,127.08240717131379,37.61884934916239
242,8,23,97.49188609117739,127.08274692463732,37.61885487181243
243,8,24,105.41588079139996,127.08308667805359,37.618860393484944
244,8,25,113.33987549162252,127.08342643156259,37.61886591417994
245,8,26,121.26387019184511,127.0837661851643,37.61887143389739
246,8,27,129.1878648920677,127.08410593885873,37.618876952637315
247,8,28,137.11185959229027,127.08444569264583,37.61888247039972
248,8,29,147.59325861246793,127.08478544652557,37.618887987184586
249,8,30,160.95981087192638,127.08512520049801,37.61889350299193
250,8,31,174.33137912081537,127.08546495456304,37.61889901782175
251,8,32,187.7029473697044,127.08580470872072,37.618904531674026
252,8,33,201.07451561859338,127.08614446297098,37.61891004454876
253,8,34,214.44608386748237,127.08648421731384,37.61891555644598
254,8,35,227.81765211637136,127.08682397174927,37.618921067365655
255,8,36,241.18922036526035,127.08716372627723,37.61892657730779
256,8,37,254.56078861414935,127.08750348089774,37.6189320862724
257,8,38,267.93235686303836,127.08784323561076,37.618937594259464
258,8,39,281.3039251119274,127.08818299041627,37.61894310126898
259,8,40,294.6754933608164,127.08852274531431,37.618948607300986
260,8,41,308.0470616097054,127.08886250030477,37.61895411235543
261,8,42,321.4186298585944,127.0892022553877,37.61895961643234
262,8,43,335.12837805701855,127.08954201056308,37.618965119531715
263,8,44,348.9315972177426,127.0898817658309,37.61897062165353
264,9,2,328.1335062318495,127.0756051562139,37.61900894251634
265,9,3,305.418720780262,127.07594490890739,37.61901448477046
266,9,4,283.4104190362701,127.07628466169395,37.61902002604704
267,9,5,261.40448673955746,127.07662441457357,37.6190255663461
268,9,6,239.3985544428448,127.07696416754624,37.61903110566765
269,9,7,217.39262214613214,127.07730392061194,37.61903664401168
270,9,8,195.3866898494195,127.07764367377067,37.619042181378184
271,9,9,174.0862612554474,127.07798342702236,37.61904771776716
272,9,10,155.60750364513189,127.07832318036704,37.61905325317863
273,9,11,140.4634185087866,127.07866293380468,37.61905878761256
274,9,12,125.80964984630998,127.07900268733528,37.61906432106897
275,9,13,111.15588118383339,127.07934244095883,37.61906985354784
276,9,14,96.50230258891482,127.07968219467526,37.6190753850492
277,9,15,85.55875935101601,127.08002194848457,37.61908091557303
278,9,16,76.72238636706935,127.08036170238681,37.619086445119336
279,9,17,67.88601338312266,127.08070145638189,37.6190919736881
280,9,18,59.049640399175985,127.08104121046982,37.61909750127934
281,9,19,50.213267415229325,127.08138096465058,37.619103027893054
282,9,20,45.28041264268479,127.08172071892415,37.61910855352922
283,9,21,52.7093099822471,127.08206047329051,37.61911407818786
284,9,22,60.63330468246968,127.08240022774969,37.61911960186899
285,9,23,68.55729938269225,127.08273998230162,37.619125124572555
286,9,24,76.48129408291481,127.08307973694627,37.6191306462986
287,9,25,84.4052887831374,127.0834194916837,37.6191361670471
288,9,26,92.32928348335996,127.08375924651381,37.619141686818075
289,9,27,100.25327818358254,127.08409900143663,37.619147205611505
290,9,28,108.36323759363097,127.08443875645213,37.6191527234274
291,9,29,120.73305387737217,127.08477851156032,37.619158240265755
292,9,30,134.10462212626118,127.08511826676116,37.61916375612657
293,9,31,147.47619037515017,127.08545802205461,37.61916927100984
294,9,32,160.8477586240392,127.08579777744069,37.61917478491558
295,9,33,174.21932687292818,127.08613753291937,37.619180297843755
296,9,34,187.59089512181717,127.08647728849063,37.619185809794416
297,9,35,200.96246337070616,127.08681704415446,37.619191320767506
298,9,36,214.33403161959515,127.08715679991086,37.619196830763066
299,9,37,227.70559986848414,127.0874965557598,37.619202339781076
300,9,38,241.0771681173732,127.08783631170122,37.619207847821535
301,9,39,254.44873636626218,127.08817606773518,37.61921335488445
302,9,40,267.82030461515114,127.08851582386161,37.61921886096982
303,9,41,281.19187286404014,127.08885558008053,37.619224366077646
304,9,42,294.6892594220695,127.08919533639191,37.61922987020791
305,9,43,308.4924785827935,127.08953509279571,37.61923537336063
306,9,44,322.29569774351756,127.08987484929193,37.6192408755358
307,9,45,336.09891690424166,127.09021460588055,37.619246376733415
308,9,46,349.90213606496576,127.09055436256156,37.61925187695348
309,10,1,335.20272638491224,127.07525843416013,37.61927365085129
310,10,2,310.112664796075,127.0755981879889,37.61927919413665
311,10,3,285.9700368184877,127.07593794191078,37.619284736444484
312,10,4,263.03585126178456,127.07627769592574,37.619290277774795
313,10,5,241.01480935730103,127.07661745003377,37.61929581812757
314,10,6,219.00887706058842,127.07695720423483,37.61930135750282
315,10,7,197.00294476387575,127.07729695852893,37.61930689590053
316,10,8,174.99701246716307,127.07763671291603,37.61931243332072
317,10,9,152.99108017045043,127.07797646739614,37.61931796976337
318,10,10,131.73552805209417,127.07831622196925,37.619323505228486
319,10,11,114.28874915727243,127.0786559766353,37.619329039716085
320,10,12,99.6320436916858,127.0789957313943,37.61933457322613
321,10,13,84.97827502920919,127.07933548624622,37.61934010575865
322,10,14,70.32450636673258,127.07967524119107,37.61934563731362
323,10,15,56.89007716984034,127.08001499622883,37.619351167891075
324,10,16,48.05326513030002,127.08035475135944,37.61935669749098
325,10,17,39.21689214635334,127.08069450658293,37.619362226113346
326,10,18,30.380519162406667,127.08103426189926,37.61936775375816
327,10,19,21.544146178459997,127.08137401730845,37.61937328042546
328,10,20,15.85072857353939,127.08171377281043,37.6193788061152
329,10,21,23.774723273761964,127.08205352840523,37.6193843308274
330,10,22,31.69871797398454,127.0823932840928,37.619389854562066
331,10,23,39.62271267420711,127.08273303987313,37.61939537731917
332,10,24,47.54670737442968,127.08307279574622,37.61940089909875
333,10,25,55.47070207465225,127.08341255171206,37.61940641990077
334,10,26,63.394696774874824,127.08375230777061,37.61941193972525
335,10,27,71.3186914750974,127.08409206392186,37.619417458572194
336,10,28,80.51726344976113,127.08443182016579,37.619422976441584
337,10,29,93.87786513170695,127.0847715765024,37.61942849333341
338,10,30,107.24943338059596,127.08511133293165,37.619434009247705
339,10,31,120.62100162948495,127.08545108945354,37.619439524184436
340,10,32,133.99256987837396,127.08579084606805,37.619445038143624
341,10,33,147.36413812726295,127.08613060277516,37.619450551125254
342,10,34,160.73570637615194,127.08647035957486,37.61945606312934
343,10,35,174.10727462504096,127.08681011646715,37.619461574155864
344,10,36,187.47884287392995,127.08714987345195,37.619467084204835
345,10,37,200.85041112281894,127.08748963052932,37.61947259327625
346,10,38,214.22197937170796,127.0878293876992,37.619478101370106
347,10,39,227.59354762059695,127.08816914496161,37.61948360848641
348,10,40,240.96511586948594,127.08850890231648,37.61948911462517
349,10,41,254.33668411837496,127.08884865976384,37.61949461978636
350,10,42,268.0533599478445,127.08918841730363,37.61950012396998
351,10,43,281.8565791085685,127.08952817493588,37.61950562717605
352,10,44,295.65979826929265,127.08986793266055,37.61951112940456
353,10,45,309.4630174300167,127.09020769047764,37.619516630655504
354,10,46,323.26623659074073,127.0905474483871,37.619522130928885
355,10,47,337.06945575146483,127.09088720638894,37.61952763022471
356,11,0,347.34728678910034,127.07491170964957,37.619538358087716
357,11,1,320.40464218046833,127.07525146461363,37.61954390240435
358,11,2,294.054640877913,127.07559121967084,37.61954944574345
359,11,3,268.4718400743043,127.07593097482113,37.61955498810502
360,11,4,243.89777777570515,127.0762707300645,37.61956052948904
361,11,5,220.66971494741117,127.07661048540092,37.61956606989553
362,11,6,198.61919967833197,127.07695024083041,37.61957160932448
363,11,7,176.61326738161932,127.07728999635293,37.619577147775885
364,11,8,154.60733508490665,127.07762975196844,37.61958268524976
365,11,9,132.601402788194,127.07796950767698,37.61958822174608
366,11,10,110.59547049148135,127.07830926347846,37.61959375726486
367,11,11,89.45653885786268,127.07864901937295,37.6195992918061
368,11,12,73.45443753706161,127.07898877536036,37.6196048253698
369,11,13,58.80066887458499,127.07932853144071,37.61961035795595
370,11,14,44.14690021210838,127.079668287614,37.61961588956456
371,11,15,29.493131549631766,127.08000804388014,37.619621420195614
372,11,16,19.3841438935307,127.0803478002392,37.61962694984912
373,11,17,10.547770909584028,127.08068755669112,37.61963247852509
374,11,18,1.711397925637355,127.08102731323588,37.619638006223504
375,11,19,0.0,127.0813670698735,37.619643532944366
376,11,20,0.0,127.0817068266039,37.61964905868768
377,11,21,0.0,127.08204658342714,37.61965458345344
378,11,22,2.7641312654993984,127.08238634034315,37.61966010724165
379,11,23,10.688125965721973,127.08272609735192,37.619665630052296
380,11,24,18.612120665944545,127.08306585445347,37.619671151885406
381,11,25,26.536115366167117,127.08340561164772,37.61967667274095
382,11,26,34.460110066389696,127.08374536893471,37.619682192618946
383,11,27,42.38410476661227,127.08408512631438,37.61968771151938
384,11,28,53.65110813715276,127.08442488378678,37.619693229442255
385,11,29,67.02267638604175,127.08476464135182,37.61969874638758
386,11,30,80.39424463493076,127.08510439900951,37.619704262355334
387,11,31,93.76581288381975,127.08544415675985,37.61970977734554
388,11,32,107.13738113270875,127.0857839146028,37.619715291358176
389,11,33,120.50894938159776,127.08612367253836,37.61972080439326
390,11,34,133.88051763048676,127.08646343056651,37.619726316450766
391,11,35,147.25208587937576,127.08680318868723,37.61973182753073
392,11,36,160.62365412826475,127.08714294690053,37.619737337633126
393,11,37,173.99522237715377,127.08748270520636,37.61974284675794
394,11,38,187.36679062604273,127.08782246360467,37.619748354905205
395,11,39,200.73835887493175,127.08816222209553,37.61975386207489
396,11,40,214.10992712382077,127.08850198067886,37.61975936826702
397,11,41,227.61424131289542,127.08884173935468,37.61976487348157
398,11,42,241.41746047361949,127.08918149812295,37.61977037771857
399,11,43,255.22067963434355,127.08952125698364,37.61977588097799
400,11,44,269.0238987950676,127.08986101593679,37.61978138325983
401,11,45,282.82711795579166,127.09020077498234,37.619786884564114
402,11,46,296.6303371165157,127.09054053412025,37.619792384890815
403,11,47,310.43355627723986,127.09088029335058,37.61979788423995
404,11,48,324.2367754379639,127.09122005267324,37.61980338261151
405,11,49,338.039994598688,127.09155981208825,37.619808880005486
406,12,0,335.78029214750694,127.07490473878154,37.61980860957351
407,12,1,307.82690214747237,127.07524449497406,37.619814153943885
408,12,2,280.29698317455,127.07558425125966,37.61981969733674
409,12,3,253.32863215159557,127.07592400763836,37.61982523975203
410,12,4,227.12197815016242,127.07626376411017,37.61983078118977
411,12,5,201.97373603983092,127.07660352067504,37.61983632164997
412,12,6,178.33223808647648,127.07694327733294,37.61984186113263
413,12,7,156.2235899993629,127.07728303408389,37.61984739963772
414,12,8,134.21765770265026,127.07762279092783,37.61985293716528
415,12,9,112.2117254059376,127.07796254786481,37.61985847371527
416,12,10,90.20579310922493,127.07830230489472,37.61986400928771
417,12,11,68.19986081251228,127.07864206201765,37.61986954388261
418,12,12,47.441493839175266,127.0789818192335,37.61987507749995
419,12,13,32.62306271996079,127.0793215765423,37.61988061013973
420,12,14,17.969294057484184,127.079661333944,37.61988614180197
421,12,15,3.3155253950075725,127.08000109143862,37.61989167248664
422,12,16,0.0,127.0803408490261,37.61989720219376
423,12,17,0.0,127.08068060670648,37.619902730923314
424,12,18,0.0,127.08102036447968,37.619908258675316
425,12,19,0.0,127.08136012234573,37.619913785449754
426,12,20,0.0,127.0816998803046,37.61991931124664
427,12,21,0.0,127.08203963835629,37.61992483606596
428,12,22,0.0,127.08237939650073,37.61993035990773
429,12,23,0.0,127.08271915473794,37.61993588277192
430,12,24,0.0,127.08305891306796,37.619941404658555
431,12,25,0.0,127.08339867149067,37.61994692556762
432,12,26,5.525523357904556,127.08373843000611,37.619952445499116
433,12,27,13.501460625785642,127.08407818861424,37.61995796445306
434,12,28,26.795919391487544,127.08441794731507,37.61996348242943
435,12,29,40.16748764037654,127.0847577061086,37.619968999428245
436,12,30,53.53905588926555,127.08509746499473,37.61997451544947
437,12,31,66.91062413815455,127.08543722397354,37.61998003049313
438,12,32,80.28219238704355,127.08577698304498,37.61998554455922
439,12,33,93.65376063593256,127.08611674220899,37.61999105764775
440,12,34,107.02532888482155,127.0864565014656,37.619996569758705
441,12,35,120.39689713371054,127.08679626081481,37.62000208089208
442,12,36,133.76846538259954,127.08713602025655,37.620007591047894
443,12,37,147.14003363148854,127.08747577979084,37.620013100226124
444,12,38,160.51160188037755,127.08781553941765,37.62001860842678
445,12,39,173.88317012926655,127.08815529913696,37.62002411564986
446,12,40,187.25473837815557,127.08849505894877,37.62002962189537
447,12,41,200.97834183867036,127.08883481885307,37.62003512716329
448,12,42,214.78156099939446,127.0891745788498,37.62004063145364
449,12,43,228.58478016011853,127.08951433893898,37.62004613476642
450,12,44,242.3879993208426,127.0898540991206,37.62005163710161
451,12,45,256.19121848156664,127.09019385939463,37.62005713845922
452,12,46,269.9944376422908,127.09053361976103,37.62006263883924
453,12,47,283.79765680301483,127.09087338021985,37.620068138241685
454,12,48,297.6008759637389,127.09121314077099,37.620073636666554
455,12,49,311.40409512446297,127.09155290141447,37.62007913411382
456,12,50,325.6358873172941,127.0918926621503,37.62008463058351
457,12,51,341.7693019307776,127.09223242297844,37.620090126075624
458,13,0,326.56801979002887,127.07489776782039,37.620078861045805
459,13,1,297.75101786664834,127.07523752524133,37.62008440546994
460,13,2,269.19261827113604,127.07557728275539,37.620089948916515
461,13,3,240.9847771597078,127.07591704036255,37.62009549138554
462,13,4,213.26664041466603,127.07625679806279,37.620101032877
463,13,5,186.25696498333397,127.07659655585609,37.620106573390906
464,13,6,160.31423547473048,127.07693631374244,37.620112112927266
465,13,7,136.05017893002483,127.07727607172184,37.620117651486055
466,13,8,113.82798032039382,127.07761582979424,37.62012318906728
467,13,9,91.82204802368118,127.07795558795964,37.62012872567095
468,13,10,69.81611572696852,127.07829534621804,37.62013426129707
469,13,11,47.810183430255854,127.07863510456939,37.62013979594561
470,13,12,25.804251133543204,127.07897486301371,37.6201453296166
471,13,13,6.445456565336601,127.07931462155096,37.62015086231002
472,13,14,0.0,127.07965438018111,37.620156394025884
473,13,15,0.0,127.07999413890417,37.62016192476417
474,13,16,4.014933149576608,127.08033389772014,37.62016745452489
475,13,17,15.281770975165053,127.08067365662895,37.620172983308045
476,13,18,20.083905731836673,127.08101341563064,37.62017851111363
477,13,19,24.88604048850829,127.08135317472517,37.62018403794165
478,13,20,21.205971609051964,127.08169293391249,37.6201895637921
479,13,21,15.786425999135501,127.0820326931926,37.620195088664985
480,13,22,6.717134059261576,127.08237245256555,37.620200612560296
481,13,23,0.0,127.08271221203124,37.620206135478035
482,13,24,0.0,127.0830519715897,37.620211657418196
483,13,25,0.0,127.08339173124088,37.62021717838079
484,13,26,0.0,127.0837314909848,37.6202226983658
485,13,27,0.0,127.08407125082141,37.62022821737324
486,13,28,0.0,127.08441101075073,37.620233735403104
487,13,29,13.31229889471133,127.0847507707727,37.62023925245539
488,13,30,26.68386714360033,127.08509053088733,37.62024476853011
489,13,31,40.05543539248933,127.08543029109462,37.62025028362723
490,13,32,53.42700364137833,127.0857700513945,37.62025579774677
491,13,33,66.79857189026733,127.08610981178704,37.62026131088876
492,13,34,80.17014013915632,127.08644957227213,37.620266823053136
493,13,35,93.54170838804532,127.08678933284979,37.62027233423995
494,13,36,106.91327663693433,127.08712909352002,37.62027784444916
495,13,37,120.28484488582333,127.0874688542828,37.620283353680804
496,13,38,133.65641313471232,127.0878086151381,37.62028886193487
497,13,39,147.02798138360131,127.0881483760859,37.62029436921134
498,13,40,160.5392232037213,127.08848813712622,37.62029987551022
499,13,41,174.3424423644454,127.088827898259,37.62030538083152
500,13,42,188.14566152516943,127.08916765948422,37.62031088517523
501,13,43,201.94888068589353,127.08950742080191,37.62031638854135
502,13,44,215.7520998466176,127.08984718221201,37.62032189092988
503,13,45,229.5553190073417,127.09018694371453,37.62032739234082
504,13,46,243.35853816806576,127.09052670530946,37.62033289277418
505,13,47,257.1617573287898,127.09086646699674,37.62033839222994
506,13,48,270.96497648951396,127.09120622877637,37.62034389070809
507,13,49,284.7944725061765,127.09154599064837,37.62034938820867
508,13,50,300.12566735186266,127.0918857526127,37.62035488473165
509,13,51,317.55777558852265,127.09222551466935,37.620360380277035
510,13,52,336.7647034207417,127.09256527681828,37.620365874844815
511,14,0,319.91395484488686,127.0748907967661,37.620349112504584
512,14,1,290.4374899966269,127.0752305554155,37.62035465698247
513,14,2,261.0803184588704,127.07557031415801,37.620360200482786
514,14,3,231.88775253908864,127.07591007299362,37.62036574300554
515,14,4,202.93084257616943,127.07624983192233,37.62037128455072
516,14,5,174.32706031972916,127.0765895909441,37.62037682511835
517,14,6,146.28370056422187,127.07692935005892,37.6203823647084
518,14,7,119.19697203288081,127.07726910926677,37.62038790332088
519,14,8,93.89843040675285,127.07760886856764,37.62039344095581
520,14,9,71.43237064142475,127.0779486279615,37.62039897761314
521,14,10,49.426438344712096,127.07828838744835,37.620404513292925
522,14,11,27.420506047999446,127.0786281470282,37.620410047995115
523,14,12,5.414573751286788,127.07896790670097,37.620415581719755
524,14,13,0.0,127.0793076664667,37.6204211144668
525,14,14,0.12831891733776218,127.07964742632532,37.62042664623628
526,14,15,15.076835193167508,127.07998718627688,37.62043217702819
527,14,16,30.025351468997254,127.08032694632129,37.62043770684252
528,14,17,44.8949353075826,127.08066670645859,37.620443235679275
529,14,18,49.69707006425422,127.08100646668876,37.620448763538455
530,14,19,54.49920482092584,127.08134622701175,37.62045429042006
531,14,20,50.712386596000734,127.08168598742756,37.62045981632407
532,14,21,44.96979095680964,127.08202574793619,37.620465341250515
533,14,22,35.01862245593935,127.08236550853759,37.62047086519938
534,14,23,25.067453955069062,127.08270526923175,37.62047638817066
535,14,24,15.116285454198774,127.0830450300187,37.620481910164344
536,14,25,5.165116953328485,127.08338479089838,37.62048743118046
537,14,26,0.0,127.08372455187079,37.620492951218985
538,14,27,0.0,127.0840643129359,37.620498470279934
539,14,28,0.0,127.08440407409368,37.62050398836329
540,14,29,0.0,127.08474383534414,37.62050950546906
541,14,30,0.0,127.08508359668728,37.62051502159724
542,14,31,13.200246646824116,127.08542335812305,37.62052053674783
543,14,32,26.57181489571311,127.08576311965145,37.62052605092084
544,14,33,39.943383144602116,127.08610288127245,37.62053156411625
545,14,34,53.31495139349111,127.08644264298606,37.62053707633408
546,14,35,66.68651964238012,127.08678240479223,37.62054258757432
547,14,36,80.05808789126911,127.08712216669096,37.62054809783696
548,14,37,93.4296561401581,127.08746192868225,37.620553607122005
549,14,38,106.80122438904712,127.08780169076604,37.62055911542946
550,14,39,120.17279263793611,127.08814145294237,37.620564622759325
551,14,40,133.9033237294963,127.08848121521117,37.620570129111584
552,14,41,147.70654289022036,127.08882097757247,37.62057563448625
553,14,42,161.50976205094446,127.08916074002619,37.62058113888333
554,14,43,175.31298121166853,127.08950050257239,37.62058664230279
555,14,44,189.1162003723926,127.08984026521102,37.62059214474467
556,14,45,202.91941953311667,127.09018002794204,37.62059764620894
557,14,46,216.72263869384076,127.09051979076546,37.62060314669561
558,14,47,230.52585785456483,127.09085955368128,37.620608646204694
559,14,48,244.32907701528893,127.09119931668945,37.62061414473616
560,14,49,258.73650044891383,127.09153907978995,37.62061964229002
561,14,50,275.52150786804356,127.0918788429828,37.62062513886629
562,14,51,294.4140382712923,127.09221860626796,37.620630634464945
563,14,52,315.03515766425113,127.0925583696454,37.620636129086
564,14,53,337.06736218497355,127.09289813311516,37.620641622729444
565,15,0,315.9797548252291,127.0748838256187,37.62061936394985
566,15,1,286.09823933477173,127.07522358549656,37.62062490848148
567,15,2,256.2444138737482,127.07556334546754,37.62063045203554
568,15,3,226.42923117951273,127.07590310553164,37.62063599461202
569,15,4,196.67026675018684,127.0762428656888,37.62064153621093
570,15,5,166.99757757115546,127.07658262593904,37.62064707683226
571,15,6,137.46704334377213,127.07692238628236,37.620652616476015
572,15,7,108.19512510609232,127.07726214671868,37.620658155142195
573,15,8,79.46812057528103,127.07760190724802,37.620663692830796
574,15,9,52.193670869290706,127.07794166787039,37.62066922954181
575,15,10,29.036760962455684,127.07828142858573,37.620674765275254
576,15,11,7.030828665743031,127.07862118939404,37.620680300031104
577,15,12,0.0,127.07896095029531,37.62068583380938
578,15,13,1.641139008674609,127.07930071128952,37.620691366610075
579,15,14,22.290620533270193,127.07964047237662,37.620696898433174
580,15,15,41.087253512588156,127.07998023355665,37.62070242927871
581,15,16,56.035769788417895,127.0803199948296,37.62070795914664
582,15,17,70.98428606424764,127.08065975619539,37.620713488037005
583,15,18,79.31023439667175,127.08099951765404,37.62071901594976
584,15,19,84.11236915334337,127.08133927920551,37.62072454288494
585,15,20,80.21880158294951,127.08167904084983,37.62073006884253
586,15,21,73.27127935348743,127.08201880258694,37.62073559382253
587,15,22,63.32011085261713,127.08235856441685,37.620741117824934
588,15,23,53.368942351746846,127.08269832633952,37.62074664084977
589,15,24,43.41777385087656,127.08303808835498,37.62075216289699
590,15,25,33.46660535000626,127.08337785046315,37.62075768396662
591,15,26,21.297608250474863,127.08371761266406,37.62076320405867
592,15,27,7.309542076168482,127.08405737495767,37.6207687231731
593,15,28,0.0,127.08439713734397,37.62077424130996
594,15,29,0.0,127.08473689982297,37.62077975846922
595,15,30,0.0,127.08507666239461,37.62078527465088
596,15,31,0.0,127.0854164250589,37.62079078985494
597,15,32,0.0,127.08575618781579,37.620796304081395
598,15,33,13.0881943989369,127.08609595066531,37.62080181733026
599,15,34,26.459762647825897,127.08643571360743,37.620807329601526
600,15,35,39.831330896714896,127.08677547664213,37.620812840895184
601,15,36,53.202899145603894,127.08711523976937,37.62081835121125
602,15,37,66.5744673944929,127.08745500298916,37.6208238605497
603,15,38,79.94603564338189,127.08779476630149,37.620829368910556
604,15,39,93.4642050945472,127.08813452970632,37.620834876293806
605,15,40,107.2674242552713,127.08847429320366,37.62084038269945
606,15,41,121.07064341599538,127.08881405679347,37.62084588812749
607,15,42,134.87386257671946,127.08915382047573,37.62085139257792
608,15,43,148.67708173744353,127.08949358425045,37.620856896050746
609,15,44,162.48030089816763,127.0898333481176,37.62086239854596
610,15,45,176.28352005889167,127.09017311207715,37.62086790006357
611,15,46,190.08673921961574,127.09051287612913,37.62087340060356
612,15,47,203.88995838033983,127.09085264027345,37.62087890016594
613,15,48,217.74695663935387,127.09119240451015,37.620884398750725
614,15,49,233.62632933603663,127.0915321688392,37.62088989635789
615,15,50,252.08884622759462,127.09187193326059,37.62089539298743
616,15,51,272.61018144172357,127.09221169777427,37.62090088863937
617,15,52,294.7407286734094,127.09255146238029,37.62090638331368
618,15,53,317.3580137556809,127.09289122707857,37.62091187701039
619,15,54,339.9827965842741,127.09323099186909,37.620917369729476
620,16,0,314.8673886167437,127.07487685437816,37.6208896153816
621,16,1,284.8692147378722,127.0752166154845,37.62089515996699
622,16,2,254.87147073852023,127.07555637668398,37.6209007035748
623,16,3,224.87432865371898,127.07589613797654,37.620906246205
624,16,4,194.87806643772217,127.07623589936222,37.62091178785763
625,16,5,164.88316429990567,127.07657566084094,37.62091732853268
626,16,6,134.89052954375308,127.07691542241275,37.62092286823013
627,16,7,104.9021069933229,127.07725518407757,37.620928406950014
628,16,8,74.9229547113767,127.07759494583543,37.62093394469229
629,16,9,44.971615867427346,127.07793470768627,37.62093948145698
630,16,10,15.213261477141648,127.07827446963012,37.62094501724408
631,16,11,0.0,127.07861423166695,37.6209505520536
632,16,12,2.7539853183293217,127.07895399379669,37.62095608588551
633,16,13,23.403466842924907,127.07929375601941,37.62096161873985
634,16,14,44.05294836752049,127.07963351833506,37.62096715061658
635,16,15,64.70242989211609,127.07997328074357,37.620972681515724
636,16,16,82.04618810783855,127.08031304324501,37.62097821143726
637,16,17,96.9947043836683,127.08065280583932,37.62098374038122
638,16,18,108.9233987290893,127.08099256852648,37.620989268347586
639,16,19,113.72553348576092,127.08133233130646,37.62099479533634
640,16,20,109.72521656989828,127.08167209417928,37.62100032134749
641,16,21,101.5727677501652,127.08201185714493,37.62100584638106
642,16,22,91.62159924929492,127.08235162020334,37.62101137043702
643,16,23,81.67043074842462,127.08269138335456,37.621016893515375
644,16,24,71.71926224755433,127.08303114659849,37.62102241561614
645,16,25,61.768093746684045,127.0833709099352,37.62102793673929
646,16,26,47.83689996489757,127.08371067336465,37.62103345688485
647,16,27,33.848833790591186,127.08405043688676,37.6210389760528
648,16,28,19.86076761628481,127.0843902005016,37.62104449424315
649,16,29,5.872701441978431,127.0847299642091,37.621050011455885
650,16,30,0.0,127.08506972800927,37.62105552769101
651,16,31,0.0,127.08540949190207,37.62106104294855
652,16,32,0.0,127.08574925588752,37.62106655722846
653,16,33,0.0,127.08608901996558,37.62107207053077
654,16,34,0.0,127.08642878413622,37.62107758285548
655,16,35,12.976142151049684,127.08676854839943,37.62108309420256
656,16,36,26.347710399938684,127.0871083127552,37.62108860457203
657,16,37,39.71927864882768,127.08744807720356,37.6210941139639
658,16,38,53.09084689771668,127.08778784174442,37.621099622378146
659,16,39,66.82830562032221,127.0881276063778,37.621105129814794
660,16,40,80.63152478104631,127.08846737110366,37.62111063627382
661,16,41,94.43474394177038,127.088807135922,37.62111614175523
662,16,42,108.23796310249446,127.08914690083282,37.62112164625903
663,16,43,122.04118226321853,127.08948666583608,37.6211271497852
664,16,44,135.8444014239426,127.08982643093175,37.621132652333756
665,16,45,149.6476205846667,127.09016619611988,37.621138153904695
666,16,46,163.45083974539077,127.09050596140038,37.62114365449802
667,16,47,177.25405890611484,127.09084572677327,37.62114915411372
668,16,48,191.96463794194008,127.09118549223854,37.6211546527518
669,16,49,209.8045444062395,127.09152525779612,37.62116015041226
670,16,50,230.1857325874897,127.09186502344606,37.62116564709509
671,16,51,252.41409516184532,127.0922047891883,37.6211711428003
672,16,52,275.0313802441168,127.09254455502287,37.621176637527896
673,16,53,297.6934899061076,127.09288432094968,37.62118213127785
674,16,54,321.23053135500635,127.09322408696879,37.62118762405019
675,16,55,345.7697132728107,127.09356385308013,37.621193115844896
676,17,0,316.6066003248244,127.07486988304447,37.62115986679985
677,17,1,286.79040510499567,127.07520964537932,37.621165411438994
678,17,2,257.0169907833565,127.0755494078073,37.62117095510052
679,17,3,227.30316901085303,127.07588917032838,37.62117649778447
680,17,4,197.67581474075388,127.07622893294257,37.62118203949082
681,17,5,168.18063153783578,127.0765686956498,37.62118758021957
682,17,6,138.90184273619167,127.0769084584501,37.621193119970734
683,17,7,110.01235842647027,127.07724822134344,37.621198658744305
684,17,8,81.92506391574317,127.0775879843298,37.62120419654027
685,17,9,55.86334387273144,127.07792774740919,37.62120973335863
686,17,10,36.05888852974605,127.07826751058154,37.6212152691994
687,17,11,19.89903747956172,127.07860727384687,37.62122080406258
688,17,12,24.51631315257962,127.07894703720515,37.62122633794814
689,17,13,45.16579467717521,127.07928680065638,37.6212318708561
690,17,14,65.8152762017708,127.07962656420054,37.62123740278646
691,17,15,86.46475772636639,127.07996632783761,37.621242933739225
692,17,16,107.11423925096197,127.08030609156755,37.62124846371438
693,17,17,123.00512270308896,127.08064585539037,37.621253992711935
694,17,18,137.9536389789187,127.08098561930606,37.62125952073188
695,17,19,143.33869781817847,127.0813253833146,37.621265047774216
696,17,20,139.23163155684705,127.08166514741593,37.62127057383895
697,17,21,129.87425614684295,127.08200491161011,37.62127609892607
698,17,22,119.92308764597267,127.08234467589708,37.62128162303558
699,17,23,109.97191914510239,127.0826844402768,37.621287146167475
700,17,24,100.02075064423211,127.08302420474928,37.62129266832177
701,17,25,88.36425785362665,127.08336396931452,37.62129818949846
702,17,26,74.37619167932027,127.0837037339725,37.621303709697514
703,17,27,60.3881255050139,127.08404349872318,37.62130922891898
704,17,28,46.400059330707506,127.08438326356652,37.62131474716281
705,17,29,32.41199315640113,127.08472302850258,37.62132026442904
706,17,30,18.42392698209476,127.08506279353129,37.62132578071765
707,17,31,4.435860807788381,127.08540255865265,37.62133129602864
708,17,32,0.0,127.08574232386664,37.62133681036201
709,17,33,0.0,127.08608208917322,37.621342323717776
710,17,34,0.0,127.08642185457242,37.62134783609591
711,17,35,0.0,127.0867616200642,37.62135334749643
712,17,36,0.0,127.08710138564854,37.621358857919326
713,17,37,12.864089903162462,127.08744115132541,37.6213643673646
714,17,38,26.389186985373147,127.08778091709483,37.62136987583226
715,17,39,40.19240614609722,127.08812068295674,37.62137538332229
716,17,40,53.9956253068213,127.08846044891118,37.6213808898347
717,17,41,67.79884446754538,127.08880021495808,37.62138639536947
718,17,42,81.60206362826945,127.08913998109745,37.62139189992663
719,17,43,95.40528278899353,127.08947974732926,37.62139740350616
720,17,44,109.20850194971761,127.08981951365352,37.62140290610807
721,17,45,123.01172111044167,127.09015928007021,37.62140840773233
722,17,46,136.81494027116577,127.09049904657927,37.62141390837898
723,17,47,150.73016513402357,127.09083881318072,37.621419408047984
724,17,48,167.59208607407334,127.09117857987454,37.62142490673937
725,17,49,187.7621685750066,127.09151834666069,37.62143040445313
726,17,50,210.0874616502812,127.09185811353922,37.62143590118925
727,17,51,232.70474673255268,127.09219788051001,37.62144139694773
728,17,52,255.44965431899027,127.09253764757317,37.62144689172859
729,17,53,279.32448198078447,127.09287741472856,37.62145238553181
730,17,54,304.2857317982155,127.09321718197623,37.62145787835739
731,17,55,330.0870293091165,127.09355694931615,37.62146337020534
732,18,0,321.1510646474003,127.07486291161763,37.62143011820459
733,18,1,291.79959461110144,127.07520267518102,37.621435662897476
734,18,2,262.5947457704506,127.07554243883753,37.62144120661275
735,18,3,233.59151867585433,127.07588220258712,37.62144674935043
736,18,4,204.87555903117493,127.07622196642984,37.62145229111051
737,18,5,176.58706571938072,127.0765617303656,37.621457831892975
738,18,6,148.96975824114546,127.07690149439442,37.621463371697835
739,18,7,122.47851224386163,127.07724125851631,37.621468910525095
740,18,8,98.03052102541433,127.07758102273121,37.62147444837475
741,18,9,77.5820864862414,127.0779207870391,37.62147998524679
742,18,10,61.33455299254221,127.07826055144,37.62148552114122
743,18,11,47.668168398949554,127.07860031593385,37.621491056058055
744,18,12,49.81332229803012,127.07894008052067,37.62149658999726
745,18,13,66.92812251142551,127.07927984520043,37.62150212295886
746,18,14,87.5776040360211,127.07961960997314,37.62150765494285
747,18,15,108.2270855606167,127.07995937483872,37.62151318594923
748,18,16,128.87656708521226,127.08029913979723,37.621518715978
749,18,17,149.0155410225096,127.08063890484858,37.62152424502914
750,18,18,163.96405729833933,127.08097866999283,37.62152977310268
751,18,19,172.95186215059599,127.0813184352299,37.6215353001986
752,18,20,168.12691304439102,127.0816582005598,37.6215408263169
753,18,21,158.17574454352075,127.08199796598251,37.621546351457575
754,18,22,148.22457604265045,127.082337731498,37.62155187562064
755,18,23,138.27340754178016,127.08267749710627,37.62155739880608
756,18,24,128.32223904090986,127.08301726280733,37.62156292101391
757,18,25,114.90354956804937,127.08335702860113,37.621568442244126
758,18,26,100.91548339374299,127.08369679448764,37.6215739624967
759,18,27,86.9274172194366,127.08403656046687,37.621579481771654
760,18,28,72.93935104513022,127.0843763265388,37.62158500006899
761,18,29,58.95128487082384,127.0847160927034,37.6215905173887
762,18,30,44.96321869651747,127.08505585896067,37.62159603373078
763,18,31,30.97515252221109,127.08539562531058,37.621601549095246
764,18,32,16.987086347904707,127.08573539175313,37.62160706348208
765,18,33,2.99902017359833,127.08607515828828,37.62161257689129
766,18,34,0.0,127.08641492491604,37.621618089322865
767,18,35,0.0,127.0867546916364,37.621623600776815
768,18,36,0.0,127.08709445844929,37.62162911125312
769,18,37,0.0,127.08743422535473,37.621634620751806
770,18,38,0.0,127.08777399235271,37.62164012927287
771,18,39,13.556506671872224,127.0881137594432,37.62164563681628
772,18,40,27.359725832596308,127.08845352662621,37.621651143382074
773,18,41,41.16294499332039,127.08879329390169,37.62165664897023
774,18,42,54.96616415404446,127.08913306126964,37.621662153580736
775,18,43,68.76938331476853,127.08947282873004,37.62166765721363
776,18,44,82.5726024754926,127.08981259628287,37.62167315986887
777,18,45,96.37582163621668,127.09015236392813,37.62167866154648
778,18,46,110.17904079694075,127.09049213166577,37.62168416224645
779,18,47,125.52397291278461,127.09083189949581,37.62168966196878
780,18,48,145.340264239264,127.09117166741821,37.62169516071348
781,18,49,167.76082813871707,127.09151143543295,37.62170065848052
782,18,50,190.37811322098858,127.09185120354006,37.62170615526993
783,18,51,213.27831078406797,127.09219097173944,37.62171165108169
784,18,52,237.60319482920983,127.09253074003115,37.62171714591582
785,18,53,263.1024867521959,127.09287050841516,37.621722639772294
786,18,54,289.28121586845833,127.09321027689141,37.62172813265112
787,18,55,315.4942609883347,127.09355004545995,37.621733624552306
788,18,56,337.6382867584399,127.0938898141207,37.621739115475854
789,19,0,328.38433774934254,127.07485594009769,37.621700369595814
790,19,1,299.74200634899125,127.07519570488958,37.621705914342456
791,19,2,271.39319715343487,127.07553546977464,37.62171145811147
792,19,3,243.4404743509337,127.07587523475279,37.62171700090289
793,19,4,216.03763941325604,127.07621499982403,37.62172254271668
794,19,5,189.42349045009303,127.07655476498833,37.62172808355286
795,19,6,163.98248633723333,127.07689453024571,37.62173362341143
796,19,7,140.3540270757678,127.07723429559613,37.621739162292386
797,19,8,119.61709747118009,127.07757406103956,37.62174470019572
798,19,9,102.77006850552267,127.07791382657601,37.62175023712144
799,19,10,86.8247176306949,127.07825359220546,37.62175577306954
800,19,11,77.12097244917697,127.07859335792786,37.621761308040014
801,19,12,78.46500615792702,127.07893312374325,37.621766842032876
802,19,13,90.3652034315219,127.07927288965155,37.62177237504812
803,19,14,109.3399318702714,127.07961265565282,37.62177790708573
804,19,15,129.98941339486697,127.07995242174697,37.621783438145734
805,19,16,150.63889491946256,127.080292187934,37.6217889682281
806,19,17,171.28837644405814,127.08063195421394,37.62179449733286
807,19,18,189.97447561776,127.08097172058673,37.621800025459976
808,19,19,202.56502648301353,127.08131148705236,37.62180555260947
809,19,20,196.42840144106881,127.08165125361084,37.62181107878135
810,19,21,186.47723294019852,127.08199102026211,37.621816603975596
811,19,22,176.52606443932822,127.08233078700619,37.62182212819221
812,19,23,166.57489593845796,127.08267055384302,37.6218276514312
813,19,24,155.43090745677844,127.08301032077263,37.62183317369256
814,19,25,141.44284128247207,127.08335008779498,37.62183869497628
815,19,26,127.45477510816568,127.08368985491009,37.62184421528238
816,19,27,113.46670893385932,127.08402962211788,37.62184973461084
817,19,28,99.47864275955294,127.08436938941837,37.62185525296167
818,19,29,85.49057658524656,127.08470915681156,37.62186077033487
819,19,30,71.50251041094019,127.0850489242974,37.62186628673043
820,19,31,57.51444423663381,127.08538869187589,37.621871802148355
821,19,32,43.52637806232743,127.08572845954701,37.62187731658863
822,19,33,29.53831188802105,127.08606822731076,37.62188283005129
823,19,34,15.55024571371466,127.0864079951671,37.621888342536316
824,19,35,1.5943142581403857,127.086747763116,37.621893854043684
825,19,36,0.0,127.08708753115751,37.62189936457342
826,19,37,0.0,127.08742729929153,37.62190487412552
827,19,38,0.0,127.0877670675181,37.62191038269998
828,19,39,0.0,127.08810683583718,37.62191589029679
829,19,40,0.723826358371302,127.08844660424877,37.62192139691596
830,19,41,14.52704551909538,127.08878637275284,37.621926902557476
831,19,42,28.330264679819457,127.08912614134938,37.62193240722137
832,19,43,42.13348384054353,127.08946591003837,37.621937910907604
833,19,44,55.93670300126761,127.0898056788198,37.62194341361618
834,19,45,69.73992216199169,127.09014544769366,37.62194891534713
835,19,46,83.81782767979233,127.09048521665989,37.62195441610042
836,19,47,102.92207183247407,127.09082498571851,37.621959915876076
837,19,48,125.43419462715298,127.09116475486952,37.62196541467407
838,19,49,148.05147970942446,127.09150452411286,37.62197091249442
839,19,50,171.23302780164622,127.09184429344856,37.62197640933711
840,19,51,196.18458184133968,127.09218406287656,37.621981905202155
841,19,52,222.2648457978276,127.09252383239686,37.621987400089544
842,19,53,248.47789091770397,127.09286360200949,37.62199289399928
843,19,54,274.6909360375803,127.09320337171435,37.62199838693137
844,19,55,296.0034488172333,127.09354314151147,37.62200387888578
845,19,56,312.74225682301477,127.09388291140084,37.62200936986256
846,19,57,329.4810648287962,127.09422268138243,37.62201485986167
847,19,58,346.2198728345777,127.09456245145623,37.622020348883126
848,20,0,338.13390873142237,127.07484896848457,37.62197062097352
849,20,1,310.3925535914712,127.07518873450505,37.62197616577392
850,20,2,283.11222936510313,127.07552850061866,37.621981709596675
851,20,3,256.44011290576833,127.07586826682534,37.62198725244182
852,20,4,230.58735567712216,127.07620803312514,37.621992794309335
853,20,5,205.86288079498956,127.07654779951804,37.62199833519924
854,20,6,182.72526585083006,127.07688756600395,37.6220038751115
855,20,7,161.85647923793772,127.07722733258294,37.622009414046154
856,20,8,144.20558401850317,127.07756709925494,37.62201495200318
857,20,9,128.04573296831884,127.07790686601994,37.62202048898257
858,20,10,114.07857688736306,127.07824663287796,37.622026024984336
859,20,11,106.8785970365574,127.07858639982895,37.622031560008466
860,20,12,107.85243300157687,127.07892616687288,37.62203709405498
861,20,13,116.7958051653245,127.07926593400975,37.62204262712386
862,20,14,132.09985959142142,127.07960570123959,37.622048159215105
863,20,15,151.75174122911727,127.07994546856231,37.62205369032871
864,20,16,172.40122275371286,127.08028523597794,37.6220592204647
865,20,17,193.05070427830844,127.08062500348643,37.62206474962305
866,20,18,213.70018580290403,127.0809647710878,37.622070277803765
867,20,19,230.93341021301038,127.08130453878202,37.622075805006844
868,20,20,224.7298898377466,127.08164430656906,37.62208133123228
869,20,21,214.7787213368763,127.08198407444891,37.622086856480095
870,20,22,204.82755283600602,127.08232384242157,37.62209238075026
871,20,23,194.87638433513573,127.08266361048699,37.622097904042796
872,20,24,181.97019917120116,127.08300337864519,37.62210342635769
873,20,25,167.9821329968948,127.08334314689613,37.62210894769494
874,20,26,153.9940668225884,127.0836829152398,37.62211446805455
875,20,27,140.00600064828203,127.0840226836762,37.62211998743651
876,20,28,126.01793447397563,127.08436245220528,37.62212550584085
877,20,29,112.02986829966925,127.08470222082705,37.62213102326752
878,20,30,98.04180212536289,127.0850419895415,37.622136539716564
879,20,31,84.05373595105652,127.08538175834857,37.62214205518795
880,20,32,70.06566977675013,127.0857215272483,37.6221475696817
881,20,33,56.07760360244376,127.08606129624062,37.6221530831978
882,20,34,42.08953742813737,127.08640106532556,37.62215859573626
883,20,35,28.50280309563083,127.08674083450306,37.62216410729706
884,20,36,15.23882071918552,127.08708060377316,37.622169617880225
885,20,37,1.9748383427402032,127.08742037313579,37.622175127485725
886,20,38,0.0,127.08776014259097,37.62218063611359
887,20,39,0.0,127.08809991213866,37.622186143763784
888,20,40,0.0,127.08843968177887,37.622191650436335
889,20,41,0.0,127.08877945151153,37.62219715613124
890,20,42,1.6943652055944565,127.08911922133667,37.62220266084847
891,20,43,15.497584366318533,127.08945899125428,37.622208164588066
892,20,44,29.30080352704261,127.0897987612643,37.62221366735001
893,20,45,43.10402268776669,127.09013853136676,37.62221916913429
894,20,46,60.515397474021704,127.0904783015616,37.62222466994091
895,20,47,83.10756111558885,127.09081807184887,37.622230169769864
896,20,48,105.72484619786033,127.09115784222847,37.62223566862117
897,20,49,129.4367095121519,127.09149761270045,37.62224116649482
898,20,50,155.24847572719682,127.09183738326475,37.62224666339079
899,20,51,181.46152084707322,127.09217715392138,37.62225215930912
900,20,52,207.6745659669496,127.0925169246703,37.62225765424978
901,20,53,233.88761108682596,127.09285669551154,37.622263148212774
902,20,54,254.36861087602662,127.09319646644504,37.6222686411981
903,20,55,271.10741888180814,127.09353623747079,37.62227413320577
904,20,56,287.8462268875896,127.09387600858878,37.62227962423577
905,20,57,304.5850348933711,127.09421577979899,37.62228511428811
906,20,58,321.32384289915257,127.09455555110141,37.62229060336277
907,20,59,338.062650904934,127.09489532249603,37.62229609145977
908,21,1,323.483854743865,127.07518176402736,37.62224641719187
909,21,2,297.4067944264125,127.07552153136956,37.62225196106838
910,21,3,272.1392997382752,127.07586129880482,37.62225750396724
911,21,4,247.92901313295957,127.07620106633318,37.622263045888495
912,21,5,225.11728641783083,127.07654083395464,37.62226858683211
913,21,6,204.17343053191843,127.07688060166916,37.622274126798075
914,21,7,185.73041438121155,127.0772203694767,37.62227966578643
915,21,8,169.48124848129933,127.07756013737729,37.622285203797134
916,21,9,153.88371914463627,127.07789990537088,37.6222907408302
917,21,10,142.44055538238436,127.07823967345746,37.62229627688563
918,21,11,136.7421830215494,127.07857944163703,37.622301811963425
919,21,12,137.50468143796314,127.07891920990957,37.62230734606358
920,21,13,144.6258974638102,127.07925897827504,37.6223128791861
921,21,14,157.24427816957078,127.07959874673345,37.62231841133097
922,21,15,174.1691012117998,127.07993851528477,37.6223239424982
923,21,16,194.16355058796316,127.08027828392898,37.6223294726878
924,21,17,214.81303211255877,127.08061805266608,37.622335001899756
925,21,18,235.46251363715433,127.08095782149603,37.62234053013405
926,21,19,256.1119951617499,127.08129759041883,37.622346057390715
927,21,20,253.03137823442435,127.08163735943445,37.62235158366973
928,21,21,243.08020973355409,127.08197712854292,37.6223571089711
929,21,22,233.1290412326838,127.08231689774416,37.62236263329482
930,21,23,222.49755705993024,127.0826566670382,37.6223681566409
931,21,24,208.50949088562385,127.082996436425,37.62237367900932
932,21,25,194.52142471131748,127.08333620590453,37.62237920040009
933,21,26,180.5333585370111,127.08367597547682,37.62238472081322
934,21,27,166.5452923627047,127.08401574514181,37.6223902402487
935,21,28,152.55722618839835,127.08435551489949,37.622395758706524
936,21,29,138.56916001409198,127.08469528474987,37.622401276186686
937,21,30,124.58109383978558,127.08503505469291,37.62240679268921
938,21,31,110.5930276654792,127.0853748247286,37.622412308214074
939,21,32,96.60496149117284,127.08571459485694,37.62241782276128
940,21,33,82.61689531686646,127.08605436507789,37.622423336330826
941,21,34,68.67527430956659,127.08639413539143,37.62242884892271
942,21,35,55.411291933121284,127.08673390579756,37.62243436053696
943,21,36,42.14730955667597,127.08707367629627,37.622439871173526
944,21,37,28.88332718023065,127.08741344688754,37.622445380832445
945,21,38,15.619344803785342,127.08775321757132,37.62245088951371
946,21,39,2.355362427340026,127.08809298834761,37.622456397217306
947,21,40,0.0,127.08843275921643,37.62246190394324
948,21,41,0.0,127.08877253017774,37.62246740969151
949,21,42,0.0,127.08911230123151,37.62247291446211
950,21,43,0.0,127.08945207237772,37.62247841825506
951,21,44,2.664904052817612,127.0897918436164,37.622483921070334
952,21,45,18.163642521753275,127.09013161494747,37.622489422907954
953,21,46,40.780927604024754,127.09047138637096,37.622494923767896
954,21,47,63.39821268629622,127.09081115788683,37.622500423650166
955,21,48,88.23210565656609,127.09115092949507,37.62250592255479
956,21,49,114.44515077644246,127.0914907011957,37.62251142048172
957,21,50,140.65819589631883,127.09183047298862,37.62251691743099
958,21,51,166.8712410161952,127.0921702448739,37.62252241340259
959,21,52,193.0842861360716,127.09251001685145,37.62252790839652
960,21,53,212.73377293481997,127.09284978892133,37.62253340241278
961,21,54,229.47258094060146,127.09318956108345,37.622538895451356
962,21,55,246.21138894638295,127.09352933333784,37.62254438751226
963,21,56,262.95019695216445,127.09386910568448,37.62254987859549
964,21,57,279.68900495794594,127.09420887812334,37.62255536870105
965,21,58,296.4278129637274,127.09454865065439,37.62256085782892
966,21,59,313.16662096950887,127.09488842327765,37.622566345979145
967,21,60,329.9054289752903,127.0952281959931,37.62257183315166
968,21,61,346.6442369810718,127.09556796880068,37.622577319346505
969,22,1,338.7330382984003,127.07517479345657,37.62251666859631
970,22,2,313.9252591396716,127.07551456202732,37.622522212526555
971,22,3,290.1000955135217,127.0758543306912,37.62252775547916
972,22,4,267.5202095319134,127.07619409944816,37.622533297454126
973,22,5,246.52800976571257,127.07653386829821,37.622538838451455
974,22,6,227.5633025997112,127.07687363724132,37.62254437847114
975,22,7,210.91676399427982,127.07721340627745,37.622549917513176
976,22,8,194.79855320541932,127.07755317540662,37.62255545557757
977,22,9,180.9850522302364,127.07789294462883,37.62256099266432
978,22,10,171.36131982054238,127.078232713944,37.62256652877342
979,22,11,166.65477710073304,127.07857248335219,37.62257206390487
980,22,12,167.28098376788628,127.07891225285331,37.62257759805866
981,22,13,173.18210164508525,127.07925202244739,37.62258313123483
982,22,14,183.8508991820966,127.0795917921344,37.622588663433326
983,22,15,198.52019023243523,127.07993156191431,37.622594194654184
984,22,16,216.37786099732818,127.08027133178713,37.62259972489739
985,22,17,236.57535994680907,127.08061110175282,37.62260525416293
986,22,18,257.2248414714046,127.08095087181138,37.62261078245083
987,22,19,277.8743229960002,127.08129064196282,37.62261630976108
988,22,20,281.33286663110215,127.08163041220705,37.62262183609367
989,22,21,271.3816981302318,127.08197018254413,37.62262736144859
990,22,22,261.43052962936156,127.08230995297399,37.62263288582587
991,22,23,249.03684877435293,127.08264972349663,37.62263840922549
992,22,24,235.0487826000466,127.08298949411204,37.622643931647445
993,22,25,221.06071642574017,127.0833292648202,37.62264945309175
994,22,26,207.07265025143383,127.0836690356211,37.62265497355839
995,22,27,193.0845840771274,127.0840088065147,37.62266049304738
996,22,28,179.09651790282106,127.08434857750102,37.622666011558685
997,22,29,165.1084517285147,127.08468834858003,37.62267152909235
998,22,30,151.1203855542083,127.0850281197517,37.62267704564834
999,22,31,137.13231937990193,127.08536789101602,37.622682561226675
1000,22,32,123.14425320559555,127.08570766237298,37.62268807582734
1001,22,33,109.15618703128916,127.08604743382254,37.62269358945033
1002,22,34,95.58376314705704,127.08638720536473,37.62269910209567
1003,22,35,82.31978077061173,127.08672697699949,37.62270461376333
1004,22,36,69.05579839416642,127.08706674872683,37.62271012445333
1005,22,37,55.791816017721096,127.08740652054671,37.62271563416566
1006,22,38,42.52783364127579,127.08774629245916,37.62272114290032
1007,22,39,29.263851264830475,127.0880860644641,37.622726650657306
1008,22,40,15.999868888385159,127.08842583656154,37.62273215743662
1009,22,41,2.7358865119398375,127.08876560875149,37.62273766323827
1010,22,42,0.0,127.08910538103389,37.62274316806224
1011,22,43,0.0,127.08944515340876,37.622748671908546
1012,22,44,0.0,127.08978492587605,37.622754174777164
1013,22,45,0.0,127.09012469843577,37.62275967666812
1014,22,46,21.270762694810514,127.09046447108791,37.622765177581385
1015,22,47,47.428780705811725,127.09080424383245,37.62277067751698
1016,22,48,73.6418258256881,127.09114401666935,37.6227761764749
1017,22,49,99.85487094556446,127.0914837895986,37.62278167445513
1018,22,50,126.06791606544084,127.09182356262019,37.622787171457695
1019,22,51,152.2809611853172,127.0921633357341,37.62279266748257
1020,22,52,171.09893499361334,127.09250310894032,37.62279816252977
1021,22,53,187.8377429993948,127.09284288223884,37.62280365659928
1022,22,54,204.57655100517627,127.09318265562962,37.62280914969111
1023,22,55,221.31535901095776,127.09352242911267,37.62281464180526
1024,22,56,238.05416701673926,127.09386220268796,37.622820132941726
1025,22,57,254.79297502252072,127.09420197635548,37.6228256231005
1026,22,58,271.53178302830224,127.09454175011523,37.622831112281595
1027,22,59,288.2705910340837,127.09488152396712,37.622836600485
1028,22,60,305.0093990398652,127.09522129791122,37.62284208771072
1029,22,61,321.74820704564667,127.09556107194749,37.62284757395875
1030,22,62,338.4870150514281,127.09590084607586,37.622853059229094
1031,23,2,332.33617811009617,127.07550759259202,37.62279246397124
1032,23,3,309.9295603389099,127.07584736248448,37.62279800697758
1033,23,4,288.903668136828,127.07618713247005,37.622803549006264
1034,23,5,269.5817622799415,127.07652690254871,37.62280909005731
1035,23,6,252.3522795072603,127.07686667272043,37.6228146301307
1036,23,7,236.19242845707598,127.07720644298517,37.62282016922642
1037,23,8,220.9567071711576,127.07754621334296,37.622825707344504
1038,23,9,208.88029884069368,127.07788598379378,37.62283124448493
1039,23,10,200.59933211163568,127.07822575433757,37.622836780647695
1040,23,11,196.59401019230245,127.07856552497435,37.622842315832806
1041,23,12,197.12513194249973,127.07890529570409,37.62284785004026
1042,23,13,202.15694507783982,127.0792450665268,37.622853383270055
1043,23,14,211.36826451258372,127.07958483744243,37.62285891552219
1044,23,15,224.2446343681792,127.07992460845097,37.62286444679666
1045,23,16,240.19735394623976,127.08026437955242,37.622869977093465
1046,23,17,258.6578466674305,127.08060415074672,37.622875506412626
1047,23,18,278.9871693056549,127.08094392203392,37.622881034754116
1048,23,19,299.6366508302505,127.08128369341397,37.62288656211794
1049,23,20,309.6343550277799,127.08162346488683,37.622892088504095
1050,23,21,299.68318652690965,127.08196323645252,37.6228976139126
1051,23,22,289.564206663082,127.08230300811103,37.62290313834342
1052,23,23,275.57614048877565,127.08264277986231,37.622908661796586
1053,23,24,261.5880743144693,127.08298255170634,37.622914184272084
1054,23,25,247.6000081401629,127.08332232364316,37.62291970576992
1055,23,26,233.61194196585652,127.08366209567268,37.62292522629007
1056,23,27,219.62387579155015,127.08400186779494,37.62293074583255
1057,23,28,205.63580961724375,127.08434164000988,37.622936264397374
1058,23,29,191.64774344293738,127.08468141231751,37.622941781984515
1059,23,30,177.659677268631,127.08502118471783,37.62294729859398
1060,23,31,163.67161109432462,127.08536095721078,37.62295281422578
1061,23,32,149.68354492001825,127.08570072979639,37.6229583288799
1062,23,33,135.7562343609928,127.08604050247462,37.62296384255636
1063,23,34,122.4922519845475,127.08638027524545,37.62296935525513
1064,23,35,109.22826960810217,127.08672004810886,37.62297486697622
1065,23,36,95.96428723165685,127.08705982106483,37.62298037771965
1066,23,37,82.70030485521154,127.08739959411336,37.62298588748539
1067,23,38,69.43632247876623,127.08773936725444,37.62299139627344
1068,23,39,56.17234010232092,127.08807914048805,37.62299690408383
1069,23,40,42.908357725875604,127.08841891381417,37.62300241091652
1070,23,41,29.644375349430288,127.08875868723274,37.62300791677154
1071,23,42,16.062282757423088,127.08909846074381,37.623013421648885
1072,23,43,0.0,127.08943823434734,37.62301892554853
1073,23,44,0.0,127.08977800804328,37.62302442847051
1074,23,45,0.0,127.09011778183168,37.623029930414795
1075,23,46,6.625455755057343,127.09045755571248,37.62303543138139
1076,23,47,32.838500874933715,127.09079732968567,37.6230409313703
1077,23,48,59.05154599481009,127.09113710375122,37.62304643038153
1078,23,49,85.26459111468647,127.09147687790913,37.62305192841506
1079,23,50,111.2666478668899,127.09181665215942,37.6230574254709
1080,23,51,129.34472785715982,127.09215642650199,37.623062921549064
1081,23,52,146.2029050581882,127.09249620093689,37.62306841664953
1082,23,53,162.94171306396967,127.09283597546408,37.623073910772305
1083,23,54,179.68052106975114,127.09317575008353,37.62307940391739
1084,23,55,196.4193290755326,127.09351552479525,37.62308489608478
1085,23,56,213.1581370813141,127.09385529959923,37.62309038727447
1086,23,57,229.8969450870956,127.09419507449542,37.62309587748647
1087,23,58,246.63575309287705,127.09453484948381,37.623101366720775
1088,23,59,263.37456109865855,127.09487462456443,37.62310685497739
1089,23,60,280.11336910444004,127.09521439973719,37.6231123422563
1090,23,61,296.8521771102215,127.09555417500215,37.62311782855751
1091,23,62,313.59098511600297,127.09589395035921,37.623123313881024
1092,23,63,330.8891477840674,127.09623372580843,37.62312879822684
1093,23,64,348.4697097225218,127.09657350134975,37.62313428159495
1094,24,3,331.29231703555337,127.07584039418467,37.623068258462474
1095,24,4,311.7107576228803,127.07618016539887,37.62307380054489
1096,24,5,293.89214604829857,127.07651993670613,37.62307934164965
1097,24,6,277.62794397005644,127.07685970810648,37.62308488177675
1098,24,7,261.7023953980169,127.07719947959987,37.62309042092617
1099,24,8,247.98640397593732,127.0775392511863,37.623095959097945
1100,24,9,237.28963179366602,127.07787902286572,37.62310149629203
1101,24,10,230.03365440002557,127.07821879463813,37.62310703250847
1102,24,11,226.54932124481684,127.07855856650356,37.623112567747235
1103,24,12,227.0103692705336,127.07889833846194,37.62311810200834
1104,24,13,231.39321631413668,127.07923811051329,37.623123635291776
1105,24,14,239.48263685715852,127.07957788265753,37.62312916759753
1106,24,15,250.9203980467002,127.07991765489471,37.623134698925625
1107,24,16,265.2737434345346,127.08025742722481,37.62314022927605
1108,24,17,282.09798254441324,127.08059719964777,37.62314575864881
1109,24,18,300.9790433825666,127.0809369721636,37.623151287043896
1110,24,19,321.3989786645008,127.08127674477228,37.6231568144613
1111,24,20,337.9358434244577,127.08161651747379,37.623162340901025
1112,24,21,327.9846749235874,127.08195629026814,37.6231678663631
1113,24,22,316.1034983775047,127.08229606315528,37.62317339084748
1114,24,23,302.1154322031984,127.0826358361352,37.623178914354185
1115,24,24,288.12736602889197,127.0829756092079,37.623184436883214
1116,24,25,274.1392998545856,127.08331538237334,37.623189958434565
1117,24,26,260.15123368027923,127.08365515563155,37.623195479008224
1118,24,27,246.16316750597284,127.08399492898243,37.62320099860423
1119,24,28,232.1751013316665,127.08433470242606,37.62320651722255
1120,24,29,218.1870351573601,127.08467447596234,37.62321203486318
1121,24,30,204.19896898305373,127.08501424959132,37.62321755152612
1122,24,31,190.21090280874733,127.08535402331295,37.6232230672114
1123,24,32,176.22283663444097,127.08569379712718,37.62322858191897
1124,24,33,162.66472319848324,127.08603357103406,37.623234095648876
1125,24,34,149.40074082203793,127.08637334503356,37.62323960840109
1126,24,35,136.13675844559262,127.08671311912563,37.62324512017561
1127,24,36,122.8727760691473,127.08705289331029,37.62325063097245
1128,24,37,109.608793692702,127.0873926675875,37.623256140791604
1129,24,38,96.34481131625668,127.08773244195723,37.62326164963307
1130,24,39,83.08082893981135,127.08807221641952,37.62326715749685
1131,24,40,69.81684656336604,127.0884119909743,37.62327266438293
1132,24,41,56.55286418692073,127.08875176562155,37.62327817029132
1133,24,42,40.99616027622725,127.08909154036128,37.62328367522203
1134,24,43,24.313781792411685,127.08943131519348,37.62328917917504
1135,24,44,7.631403308596124,127.0897710901181,37.62329468215035
1136,24,45,0.0,127.09011086513519,37.623300184147965
1137,24,46,0.0,127.09045064024464,37.62330568516789
1138,24,47,18.24822104405571,127.09079041544652,37.62331118521013
1139,24,48,44.46126616393209,127.09113019074076,37.62331668427465
1140,24,49,69.24732680884318,127.09146996612736,37.623322182361484
1141,24,50,87.32540679911311,127.09180974160631,37.62332767947063
1142,24,51,104.56806711698155,127.09214951717759,37.62333317560207
1143,24,52,121.30687512276303,127.09248929284115,37.62333867075579
1144,24,53,138.0456831285445,127.09282906859703,37.62334416493184
1145,24,54,154.78449113432598,127.0931688444452,37.62334965813017
1146,24,55,171.52329914010744,127.09350862038559,37.6233551503508
1147,24,56,188.26210714588896,127.09384839641827,37.62336064159372
1148,24,57,205.00091515167043,127.09418817254314,37.62336613185896
1149,24,58,221.7397231574519,127.09452794876024,37.62337162114646
1150,24,59,238.47853116323336,127.09486772506953,37.623377109456285
1151,24,60,255.21733916901485,127.095207501471,37.62338259678839
1152,24,61,271.95614717479634,127.09554727796464,37.623388083142785
1153,24,62,288.9996606960271,127.09588705455043,37.623393568519475
1154,24,63,306.5802226344815,127.09622683122835,37.62339905291846
1155,24,64,324.160784572936,127.09656660799835,37.62340453633972
1156,24,65,341.74134651139036,127.09690638486049,37.62341001878328
1157,25,4,335.6514015652931,127.0761731982346,37.62334405207001
1158,25,5,319.063459483037,127.07651297077051,37.623349593228475
1159,25,6,302.9099223699997,127.0768527433995,37.62335513340927
1160,25,7,288.0339109723994,127.07719251612153,37.6233606726124
1161,25,8,275.63136009879736,127.0775322889366,37.62336621083785
1162,25,9,266.0484156498018,127.07787206184466,37.623371748085624
1163,25,10,259.59751976786396,127.07821183484575,37.62337728435573
1164,25,11,256.5150776650046,127.0785516079398,37.62338281964816
1165,25,12,256.92235766733137,127.07889138112684,37.623388353962916
1166,25,13,260.8030112349107,127.07923115440681,37.62339388729998
1167,25,14,268.00620043023963,127.07957092777974,37.62339941965937
1168,25,15,278.27403089205177,127.07991070124558,37.62340495104108
1169,25,16,291.28259314412765,127.0802504748043,37.62341048144513
1170,25,17,306.68332505798907,127.08059024845592,37.62341601087148
1171,25,18,324.13542643234945,127.08093002220042,37.62342153932015
1172,25,19,343.3262114496035,127.08126979603776,37.62342706679115
1173,25,22,342.64279009192745,127.08228911810674,37.623443643338014
1174,25,23,328.654723917621,127.08262889231534,37.62344916689826
1175,25,24,314.6666577433147,127.0829686666167,37.62345468948083
1176,25,25,300.6785915690083,127.08330844101081,37.62346021108571
1177,25,26,286.6905253947019,127.08364821549767,37.6234657317129
1178,25,27,272.70245922039555,127.08398799007726,37.623471251362396
1179,25,28,258.7143930460892,127.08432776474953,37.623476770034216
1180,25,29,244.7263268717828,127.0846675395145,37.62348228772833
1181,25,30,230.73826069747642,127.08500731437215,37.623487804444764
1182,25,31,216.75019452317005,127.08534708932243,37.6234933201835
1183,25,32,202.83719441241902,127.08568686436537,37.623498834944535
1184,25,33,189.5732120359737,127.08602663950091,37.62350434872789
1185,25,34,176.3092296595284,127.0863664147291,37.62350986153355
1186,25,35,163.04524728308309,127.08670619004985,37.623515373361506
1187,25,36,149.78126490663777,127.08704596546318,37.623520884211764
1188,25,37,136.51728253019246,127.08738574096907,37.62352639408433
1189,25,38,123.25330015374712,127.08772551656749,37.6235319029792
1190,25,39,109.98931777730182,127.08806529225843,37.623537410896375
1191,25,40,96.7253354008565,127.08840506804192,37.623542917835834
1192,25,41,82.61241627884696,127.08874484391788,37.62354842379761
1193,25,42,65.9300377950314,127.0890846198863,37.62355392878166
1194,25,43,49.24765931121584,127.08942439594718,37.62355943278803
1195,25,44,24.178136019046036,127.08976417210052,37.623564935816695
1196,25,45,0.0,127.09010394834628,37.62357043786765
1197,25,46,0.0,127.09044372468445,37.6235759389409
1198,25,47,3.65794121317771,127.09078350111498,37.62358143903646
1199,25,48,27.228005750796473,127.09112327763795,37.62358693815428
1200,25,49,45.30608574106639,127.09146305425323,37.62359243629442
1201,25,50,62.93322917577491,127.09180283096089,37.62359793345684
1202,25,51,79.6720371815564,127.09214260776085,37.62360342964156
1203,25,52,96.41084518733787,127.09248238465312,37.623608924848575
1204,25,53,113.14965319311933,127.09282216163771,37.623614419077875
1205,25,54,129.8884611989008,127.09316193871457,37.62361991232945
1206,25,55,146.6272692046823,127.09350171588369,37.62362540460333
1207,25,56,163.36607721046377,127.09384149314506,37.623630895899495
1208,25,57,180.10488521624524,127.09418127049865,37.62363638621794
1209,25,58,196.84369322202673,127.09452104794447,37.62364187555866
1210,25,59,213.58250122780822,127.09486082548247,37.623647363921684
1211,25,60,230.3213092335897,127.09520060311264,37.623652851306986
1212,25,61,247.12562986120776,127.09554038083499,37.62365833771457
1213,25,62,264.6907355464412,127.0958801586495,37.62366382314443
1214,25,63,282.2712974848957,127.09621993655612,37.62366930759658
1215,25,64,299.8518594233501,127.09655971455489,37.62367479107101
1216,25,65,317.4324213618046,127.09689949264572,37.623680273567714
1217,25,66,335.01298330025895,127.09723927082864,37.6236857550867
1218,26,5,344.33912394583314,127.07650600474182,37.6236198447938
1219,26,6,328.67888764445365,127.07684577859946,37.6236253850283
1220,26,7,315.02210078509125,127.07718555255015,37.62363092428513
1221,26,8,303.7236190731781,127.07752532659387,37.62363646256426
1222,26,9,295.05448578655063,127.07786510073062,37.62364199986571
1223,26,10,289.25120982049947,127.07820487496035,37.62364753618949
1224,26,11,286.4880018124309,127.07854464928309,37.62365307153557
1225,26,12,286.85272873433894,127.07888442369878,37.62365860590398
1226,26,13,290.33360257158154,127.07922419820743,37.62366413929469
1227,26,14,296.82101270302593,127.07956397280903,37.62366967170772
1228,26,15,306.12387424359224,127.07990374750354,37.62367520314305
1229,26,16,317.9951873562924,127.08024352229093,37.6236807336007
1230,26,17,332.1596784403855,127.08058329717123,37.62368626308065
1231,26,18,348.3377165646538,127.08092307214439,37.62369179158292
1232,26,24,341.2059494577374,127.08296172393275,37.62372494206495
1233,26,25,327.21788328343104,127.08330149955556,37.623730463723355
1234,26,26,313.22981710912467,127.08364127527108,37.623735984404064
1235,26,27,299.24175093481824,127.08398105107935,37.623741504107066
1236,26,28,285.2536847605119,127.08432082698032,37.62374702283239
1237,26,29,271.2656185862055,127.08466060297397,37.62375254057999
1238,26,30,257.27755241189914,127.08500037906029,37.6237580573499
1239,26,31,243.28948623759277,127.0853401552393,37.6237635731421
1240,26,32,229.74568324990946,127.08567993151092,37.62376908795662
1241,26,33,216.48170087346412,127.08601970787518,37.623774601793414
1242,26,34,203.2177184970188,127.08635948433204,37.623780114652504
1243,26,35,189.9537361205735,127.08669926088149,37.623785626533895
1244,26,36,176.68975374412818,127.08703903752352,37.623791137437586
1245,26,37,163.42577136768287,127.0873788142581,37.623796647363555
1246,26,38,150.1617889912376,127.08771859108523,37.623802156311825
1247,26,39,136.89780661479227,127.0880583680049,37.623807664282396
1248,26,40,123.63382423834695,127.08839814501704,37.623813171275245
1249,26,41,107.54629379765112,127.08873792212171,37.62381867729039
1250,26,42,90.86391531383555,127.08907769931886,37.623824182327816
1251,26,43,65.53918232164715,127.08941747660845,37.623829686387545
1252,26,44,40.134681800743564,127.08975725399048,37.623835189469546
1253,26,45,15.316376959767963,127.09009703146496,37.62384069157384
1254,26,46,0.0,127.09043680903181,37.62384619270043
1255,26,47,0.0,127.09077658669109,37.62385169284929
1256,26,48,3.2867646830196664,127.09111636444275,37.62385719202043
1257,26,49,21.298391234568275,127.09145614228676,37.62386269021387
1258,26,50,38.03719924034975,127.09179592022312,37.62386818742958
1259,26,51,54.77600724613123,127.09213569825182,37.62387368366758
1260,26,52,71.51481525191271,127.09247547637281,37.62387917892786
1261,26,53,88.25362325769419,127.09281525458611,37.62388467321041
1262,26,54,104.99243126347565,127.09315503289172,37.62389016651526
1263,26,55,121.73123926925714,127.09349481128953,37.623895658842365
1264,26,56,138.4700472750386,127.09383458977962,37.623901150191756
1265,26,57,155.20885528082007,127.09417436836195,37.62390664056343
1266,26,58,171.94766328660154,127.09451414703648,37.623912129957375
1267,26,59,188.68647129238306,127.09485392580322,37.623917618373596
1268,26,60,205.42527929816453,127.09519370466212,37.623923105812096
1269,26,61,222.80124845840098,127.09553348361321,37.62392859227287
1270,26,62,240.3818103968554,127.09587326265644,37.623934077755905
1271,26,63,257.9623723353098,127.0962130417918,37.62393956226122
1272,26,64,275.5429342737643,127.09655282101929,37.623945045788815
1273,26,65,293.1234962122187,127.09689260033886,37.62395052833866
1274,26,66,310.7040581506731,127.09723237975052,37.623956009910785
1275,26,67,328.28462008912754,127.09757215925424,37.623961490505174
1276,26,68,345.88517657859694,127.09791193885005,37.623966970121835
1277,27,7,342.5117722006768,127.07717858888573,37.623901175944326
1278,27,8,332.1497055484245,127.07751836415814,37.62390671427716
1279,27,9,324.24148361331237,127.07785813952357,37.62391225163229
1280,27,10,318.9696733164749,127.07819791498197,37.623917788009734
1281,27,11,316.46605709850706,127.07853769053338,37.62392332340948
1282,27,12,316.7962722244887,127.07887746617776,37.62392885783154
1283,27,13,319.9515446050998,127.07921724191512,37.62393439127588
1284,27,14,325.84981769988144,127.07955701774537,37.62393992374254
1285,27,15,334.34595331019455,127.07989679366857,37.62394545523149
1286,27,16,345.2482140355828,127.08023656968467,37.623950985742766
1287,27,26,339.7691088235473,127.08363433495177,37.62400623708173
1288,27,27,325.781042649241,127.08397411198872,37.62401175683824
1289,27,28,311.79297647493456,127.0843138891184,37.62401727561705
1290,27,29,297.8049103006282,127.08465366634077,37.62402279341815
1291,27,30,283.8168441263218,127.0849934436558,37.624028310241535
1292,27,31,269.9183911817297,127.08533322106351,37.624033826087214
1293,27,32,256.65417208739996,127.08567299856384,37.624039340955186
1294,27,33,243.39018971095462,127.0860127761568,37.62404485484544
1295,27,34,230.12620733450927,127.08635255384239,37.62405036775797
1296,27,35,216.86222495806396,127.08669233162054,37.62405587969279
1297,27,36,203.59824258161865,127.08703210949129,37.62406139064989
1298,27,37,190.33426020517334,127.0873718874546,37.62406690062929
1299,27,38,177.07027782872802,127.08771166551044,37.62407240963096
1300,27,39,163.8062954522827,127.08805144365881,37.624077917654915
1301,27,40,149.16254980027085,127.0883912218997,37.62408342470117
1302,27,41,132.30472914515187,127.08873100023307,37.62408893076967
1303,27,42,106.90022862424829,127.08907077865894,37.62409443586048
1304,27,43,81.49572810334469,127.08941055717727,37.62409993997354
1305,27,44,57.6990226982514,127.08975033578801,37.6241054431089
1306,27,45,35.54445788040428,127.09009011449122,37.62411094526653
1307,27,46,13.389893062557176,127.09042989328682,37.62411644644644
1308,27,47,0.0,127.09076967217483,37.62412194664863
1309,27,48,0.0,127.0911094511552,37.62412744587309
1310,27,49,0.0,127.09144923022795,37.624132944119815
1311,27,50,13.141169304924592,127.09178900939305,37.624138441388816
1312,27,51,29.879977310706067,127.09212878865047,37.624143937680095
1313,27,52,46.618785316487546,127.09246856800021,37.624149432993654
1314,27,53,63.35759332226902,127.09280834744223,37.624154927329464
1315,27,54,80.0964013280505,127.09314812697656,37.62416042068756
1316,27,55,96.83520933383197,127.09348790660314,37.62416591306792
1317,27,56,113.57401733961346,127.09382768632197,37.624171404470545
1318,27,57,130.31282534539494,127.09416746613303,37.624176894895434
1319,27,58,147.0516333511764,127.0945072460363,37.624182384342596
1320,27,59,163.79044135695787,127.09484702603179,37.624187872812016
1321,27,60,180.9117613703607,127.09518680611946,37.624193360303714
1322,27,61,198.49232330881512,127.09552658629927,37.62419884681767
1323,27,62,216.07288524726957,127.09586636657126,37.62420433235389
1324,27,63,233.653447185724,127.09620614693536,37.624209816912376
1325,27,64,251.23400912417844,127.09654592739159,37.62421530049311
1326,27,65,268.81457106263287,127.09688570793993,37.62422078309612
1327,27,66,286.3951330010873,127.09722548858035,37.62422626472138
1328,27,67,303.9756949395417,127.09756526931282,37.6242317453689
1329,27,68,322.26091798672553,127.09790505013737,37.62423722503869
1330,27,69,342.1898878786288,127.09824483105393,37.62424270373071
1331,28,28,338.3322681893573,127.08430695116382,37.624287528388216
1332,28,29,324.34420201505094,127.0846467296149,37.62429304624281
1333,28,30,310.3561358407445,127.08498650815868,37.62429856311969
1334,28,31,296.8266433013357,127.0853262867951,37.62430407901882
1335,28,32,283.5626609248904,127.08566606552415,37.62430959394025
1336,28,33,270.298678548445,127.08600584434583,37.62431510788396
1337,28,34,257.0346961719997,127.08634562326013,37.62432062084993
1338,28,35,243.7707137955544,127.08668540226705,37.62432613283819
1339,28,36,230.5067314191091,127.0870251813665,37.62433164384871
1340,28,37,217.24274904266377,127.08736496055855,37.62433715388153
1341,28,38,203.97876666621846,127.08770473984313,37.624342662936606
1342,28,39,190.71478428977315,127.08804451922025,37.62434817101395
1343,28,40,173.665775447753,127.08838429868986,37.62435367811358
1344,28,41,148.26127492684938,127.08872407825197,37.624359184235466
1345,28,42,123.08866746176625,127.08906385790658,37.62436468937963
1346,28,43,100.08166843673483,127.08940363765362,37.62437019354607
1347,28,44,77.92710361888773,127.08974341749312,37.624375696734774
1348,28,45,55.772538801040604,127.09008319742507,37.62438119894574
1349,28,46,33.6179739831935,127.0904229774494,37.624386700178974
1350,28,47,15.47447281045309,127.09076275756615,37.62439220043448
1351,28,48,0.0,127.0911025377753,37.62439769971223
1352,28,49,0.0,127.0914423180768,37.62440319801228
1353,28,50,0.0,127.09178209847065,37.62440869533457
1354,28,51,4.983947375280906,127.09212187895682,37.62441419167913
1355,28,52,21.722755381062385,127.0924616595353,37.62441968704596
1356,28,53,38.46156338684386,127.09280144020609,37.62442518143503
1357,28,54,55.200371392625335,127.09314122096914,37.62443067484637
1358,28,55,71.93917939840681,127.0934810018245,37.62443616727998
1359,28,56,88.67798740418829,127.09382078277208,37.62444165873583
1360,28,57,105.41679540996977,127.09416056381191,37.62444714921396
1361,28,58,122.15560341575124,127.09450034494394,37.62445263871434
1362,28,59,139.02227428232038,127.0948401261682,37.62445812723696
1363,28,60,156.60283622077483,127.09517990748459,37.62446361478186
1364,28,61,174.18339815922928,127.0955196888932,37.62446910134899
1365,28,62,191.76396009768368,127.09585947039393,37.62447458693838
1366,28,63,209.34452203613816,127.09619925198682,37.62448007155004
1367,28,64,226.92508397459255,127.0965390336718,37.62448555518394
1368,28,65,244.50564591304703,127.0968788154489,37.624491037840095
1369,28,66,262.08620785150146,127.09721859731809,37.624496519518495
1370,28,67,280.0461087780821,127.09755837927936,37.624502000219145
1371,28,68,299.77932408104283,127.09789816133267,37.62450747994204
1372,28,69,321.10662287039236,127.098237943478,37.624512958687184
1373,28,70,343.7314116515537,127.09857772571536,37.624518436454586
1374,29,30,336.999922593378,127.08497957256886,37.62456881598431
1375,29,31,323.73513213882615,127.085319352434,37.624574331936934
1376,29,32,310.47114976238083,127.08565913239183,37.624579846911814
1377,29,33,297.2071673859355,127.08599891244225,37.62458536090898
1378,29,34,283.9431850094902,127.0863386925853,37.62459087392839
1379,29,35,270.67920263304484,127.08667847282095,37.62459638597008
1380,29,36,257.4152202565995,127.08701825314917,37.62460189703403
1381,29,37,244.15123788015424,127.08735803356996,37.62460740712026
1382,29,38,230.88725550370893,127.08769781408328,37.62461291622874
1383,29,39,215.02682175035412,127.08803759468913,37.62461842435948
1384,29,40,189.62519204243893,127.08837737538751,37.6246239315125
1385,29,41,165.0954022858677,127.08871715617839,37.62462943768776
1386,29,42,142.46431417521825,127.08905693706173,37.624634942885294
1387,29,43,120.30974935737113,127.08939671803756,37.62464044710509
1388,29,44,98.15518453952403,127.08973649910583,37.62464595034713
1389,29,45,76.00123782573023,127.09007628026652,37.62465145261144
1390,29,46,57.144201049198124,127.0904160615196,37.624656953898004
1391,29,47,40.29787514918412,127.09075584286512,37.624662454206835
1392,29,48,23.451549249170117,127.09109562430302,37.62466795353791
1393,29,49,6.6052233491561205,127.0914354058333,37.62467345189124
1394,29,50,0.0,127.0917751874559,37.62467894926682
1395,29,51,0.0,127.09211496917084,37.62468444566467
1396,29,52,0.0,127.09245475097808,37.62468994108475
1397,29,53,13.565533451418698,127.09279453287765,37.6246954355271
1398,29,54,30.304341457200174,127.09313431486947,37.6247009289917
1399,29,55,47.04314946298165,127.09347409695359,37.62470642147855
1400,29,56,63.78195746876313,127.09381387912997,37.62471191298764
1401,29,57,80.5207654745446,127.09415366139855,37.624717403518986
1402,29,58,97.25957348032608,127.09449344375938,37.624722893072565
1403,29,59,114.71334913273455,127.09483322621239,37.6247283816484
1404,29,60,132.29391107118897,127.0951730087576,37.62473386924649
1405,29,61,149.87447300964342,127.09551279139495,37.62473935586682
1406,29,62,167.45503494809785,127.09585257412449,37.6247448415094
1407,29,63,185.03559688655227,127.09619235694613,37.624750326174215
1408,29,64,202.61615882500672,127.09653213985992,37.62475580986127
1409,29,65,220.19672076346114,127.0968719228658,37.62476129257057
1410,29,66,237.90659264056504,127.09721170596377,37.62476677430211
1411,29,67,257.3739826139877,127.09755148915383,37.624772255055895
1412,29,68,278.7170375691568,127.09789127243592,37.62477773483192
1413,29,69,301.5377374990869,127.09823105581005,37.624783213630174
1414,29,70,325.52546327562413,127.09857083927619,37.62478869145067
1415,30,32,337.3796385998713,127.08565219916686,37.624850099869896
1416,30,33,324.11565622342596,127.08599198044607,37.6248556139205
1417,30,34,310.85167384698065,127.08633176181786,37.624861126993366
1418,30,35,297.58769147053533,127.08667154328228,37.62486663908849
1419,30,36,284.32370909409,127.08701132483925,37.62487215020587
1420,30,37,271.0597267176447,127.08735110648881,37.6248776603455
1421,30,38,256.3878680529552,127.0876908882309,37.62488316950738
1422,30,39,231.22150690528562,127.08803067006552,37.62488867769153
1423,30,40,207.27316192491418,127.08837045199267,37.62489418489792
1424,30,41,184.84695991370168,127.08871023401231,37.62489969112657
1425,30,42,162.69239509585458,127.08905001612443,37.62490519637746
1426,30,43,140.53783027800748,127.08938979832904,37.62491070065061
1427,30,44,118.40432355345834,127.08972958062607,37.62491620394601
1428,30,45,98.81529762746432,127.09006936301553,37.62492170626366
1429,30,46,81.96760338792917,127.09040914549742,37.62492720760355
1430,30,47,65.12127748791517,127.09074892807172,37.62493270796569
1431,30,48,48.274951587901164,127.09108871073839,37.62493820735008
1432,30,49,31.428625687887166,127.09142849349742,37.62494370575671
1433,30,50,14.582299787873158,127.0917682763488,37.624949203185594
1434,30,51,0.0,127.09210805929253,37.62495469963671
1435,30,52,0.0,127.09244784232857,37.62496019511008
1436,30,53,0.0,127.09278762545692,37.62496568960569
1437,30,54,5.408311521775006,127.09312740867755,37.62497118312353
1438,30,55,22.147119527556484,127.09346719199044,37.62497667566363
1439,30,56,38.88592753333796,127.09380697539561,37.62498216722596
1440,30,57,55.62473553911944,127.09414675889298,37.62498765781052
1441,30,58,72.82386204469428,127.0944865424826,37.62499314741733
1442,30,59,90.4044239831487,127.09482632616441,37.62499863604637
1443,30,60,107.98498592160315,127.09516610993839,37.62500412369765
1444,30,61,125.56554786005756,127.09550589380456,37.625009610371166
1445,30,62,143.14610979851201,127.09584567776288,37.62501509606691
1446,30,63,160.72667173696644,127.09618546181335,37.625020580784906
1447,30,64,178.3072336754209,127.09652524595595,37.625026064525116
1448,30,65,195.89096610600026,127.09686503019061,37.62503154728757
1449,30,66,214.9769538966529,127.09720481451738,37.625037029072246
1450,30,67,236.3406668591445,127.09754459893625,37.625042509879165
1451,30,68,259.41998943058843,127.09788438344715,37.6250479897083
1452,30,69,283.79667196940153,127.09822416805008,37.62505346855967
1453,30,70,309.16398743328693,127.09856395274505,37.62505894643327
1454,30,71,335.28591123304767,127.09890373753203,37.6250644233291
1455,31,34,337.7601626844711,127.08632483095785,37.62513138004484
1456,31,35,324.49618030802577,127.08666461365102,37.62513689219338
1457,31,36,311.23219793158046,127.0870043964368,37.625142403364194
1458,31,37,297.77555080155526,127.08734417931511,37.625147913557235
1459,31,38,273.07335471255755,127.08768396228598,37.62515342277253
1460,31,39,249.53523889978123,127.0880237453494,37.62515893101007
1461,31,40,227.2296056521851,127.08836352850534,37.62516443826985
1462,31,41,205.07504083433798,127.08870331175376,37.62516994455188
1463,31,42,182.9204760164909,127.08904309509468,37.62517544985614
1464,31,43,160.81971123360748,127.08938287852806,37.62518095418265
1465,31,44,140.74039480658422,127.08972266205389,37.62518645753139
1466,31,45,123.63733162667421,127.09006244567215,37.62519195990238
1467,31,46,106.7910057266602,127.09040222938282,37.6251974612956
1468,31,47,89.9446798266462,127.0907420131859,37.62520296171107
1469,31,48,73.0983539266322,127.09108179708139,37.625208461148766
1470,31,49,56.2520280266182,127.0914215810692,37.62521395960869
1471,31,50,39.40570212660419,127.09176136514941,37.625219457090864
1472,31,51,22.55937622659019,127.09210114932192,37.625224953595264
1473,31,52,5.7130503265761865,127.09244093358677,37.62523044912191
1474,31,53,0.0,127.09278071794392,37.62523594367078
1475,31,54,0.0,127.09312050239335,37.62524143724188
1476,31,55,0.0,127.09346028693504,37.625246929835214
1477,31,56,13.9898975979128,127.09380007156902,37.625252421450774
1478,31,57,30.934374956654,127.0941398562952,37.625257912088564
1479,31,58,48.514936895108434,127.09447964111362,37.6252634017486
1480,31,59,66.09549883356286,127.09481942602423,37.62526889043084
1481,31,60,83.67606077201731,127.09515921102705,37.62527437813533
1482,31,61,101.25662271047173,127.09549899612203,37.625279864862016
1483,31,62,118.83718464892617,127.09583878130915,37.62528535061095
1484,31,63,136.4177465873806,127.09617856658842,37.625290835382096
1485,31,64,153.99830852583503,127.09651835195983,37.625296319175476
1486,31,65,172.59436400642403,127.09685813742334,37.62530180199108
1487,31,66,193.98617113475768,127.09719792297892,37.625307283828896
1488,31,67,217.42229576624607,127.0975377086266,37.62531276468894
1489,31,68,242.31028620553127,127.09787749436632,37.625318244571204
1490,31,69,268.24607973967204,127.0982172801981,37.62532372347568
1491,31,70,294.58615549553303,127.09855706612187,37.625329201402394
1492,31,71,320.926231251394,127.09889685213767,37.625334678351315
1493,31,72,347.26630700725485,127.09923663824546,37.62534015432245
1494,32,36,338.1406867690709,127.08699746794174,37.62541265650901
1495,32,37,315.0789247988343,127.08733725204887,37.62541816675547
1496,32,38,291.84500552723205,127.08767703624856,37.62542367602417
1497,32,39,269.6122513906685,127.08801682054077,37.6254291843151
1498,32,40,247.45768657282142,127.0883566049255,37.62543469162827
1499,32,41,225.30312175497434,127.08869638940273,37.62544019796368
1500,32,42,203.23969889362104,127.08903617397243,37.625445703321304
1501,32,43,182.8968409115424,127.08937595863463,37.62545120770116
1502,32,44,165.30705986541926,127.08971574338926,37.62545671110326
1503,32,45,148.46073396540524,127.09005552823633,37.625462213527584
1504,32,46,131.61440806539122,127.09039531317583,37.62546771497414
1505,32,47,114.76808216537724,127.09073509820773,37.62547321544293
1506,32,48,97.92175626536323,127.091074883332,37.62547871493394
1507,32,49,81.07543036534922,127.09141466854865,37.62548421344718
1508,32,50,64.22910446533523,127.09175445385765,37.625489710982635
1509,32,51,47.382778565321225,127.092094239259,37.62549520754032
1510,32,52,30.536452665307223,127.09243402475265,37.62550070312024
1511,32,53,13.690126765293218,127.09277381033863,37.625506197722366
1512,32,54,0.0,127.09311359601686,37.62551169134672
1513,32,55,0.0,127.0934533817874,37.625517183993296
1514,32,56,0.0,127.09379316765019,37.6255226756621
1515,32,57,6.625449807068156,127.09413295360518,37.62552816635312
1516,32,58,24.20601174552259,127.09447273965243,37.62553365606636
1517,32,59,41.78657368397702,127.09481252579187,37.62553914480181
1518,32,60,59.367135622431455,127.0951523120235,37.62554463255948
1519,32,61,76.9476975608859,127.09549209834732,37.62555011933937
1520,32,62,94.52825949934032,127.0958318847633,37.62555560514148
1521,32,63,112.10882143779476,127.09617167127139,37.62556108996581
1522,32,64,130.24030968513694,127.09651145787164,37.62556657381234
1523,32,65,151.67187732609452,127.09685124456396,37.62557205668109
1524,32,66,175.63080161624086,127.0971910313484,37.62557753857205
1525,32,67,201.21629800069587,127.0975308182249,37.62558301948523
1526,32,68,227.54632400215743,127.09787060519346,37.62558849942061
1527,32,69,253.88639975801837,127.09821039225407,37.62559397837821
1528,32,70,280.2264755138793,127.09855017940669,37.62559945635801
1529,32,71,306.5665512697402,127.09888996665134,37.62560493336003
1530,32,72,332.9066270256011,127.09922975398796,37.625610409384244
1531,33,37,334.184348899839,127.08733032469009,37.62568841994022
1532,33,38,311.994897129152,127.0876701101186,37.625693929262326
1533,33,39,289.8403323113049,127.08800989563962,37.62569943760665
1534,33,40,267.6857674934578,127.08834968125315,37.62570494497321
1535,33,41,245.66190362259792,127.08868946695921,37.625710451361996
1536,33,42,225.15472480170362,127.08902925275775,37.62571595677299
1537,33,43,206.97678810416429,127.08936903864875,37.62572146120621
1538,33,44,190.1304622041503,127.08970882463221,37.62572696466165
1539,33,45,173.28413630413627,127.09004861070812,37.62573246713933
1540,33,46,156.43781040412225,127.09038839687642,37.62573796863921
1541,33,47,139.59148450410825,127.09072818313714,37.625743469161314
1542,33,48,122.74515860409427,127.09106796949024,37.62574896870563
1543,33,49,105.89883270408026,127.09140775593573,37.625754467272166
1544,33,50,89.05250680406625,127.09174754247357,37.62575996486092
1545,33,51,72.20618090405225,127.09208732910373,37.62576546147189
1546,33,52,55.35985500403825,127.09242711582624,37.625770957105075
1547,33,53,33.83288701932507,127.09276690264105,37.62577645176047
1548,33,54,6.720751852504074,127.09310668954812,37.625781945438085
1549,33,55,0.0,127.09344647654748,37.625787438137905
1550,33,56,0.0,127.09378626363909,37.62579292985994
1551,33,57,0.0,127.09412605082296,37.625798420604184
1552,33,58,0.0,127.09446583809904,37.62580391037064
1553,33,59,17.477648534391175,127.09480562546733,37.62580939915931
1554,33,60,35.058210472845616,127.09514541292782,37.625814886970176
1555,33,61,52.63877241130005,127.09548520048048,37.62582037380325
1556,33,62,70.21933434975448,127.09582498812527,37.62582585965854
1557,33,63,87.95602336951542,127.09616477586225,37.62583134453603
1558,33,64,109.44442494581547,127.09650456369131,37.62583682843572
1559,33,65,134.23822948944806,127.0968443516125,37.62584231135763
1560,33,66,160.5064925087818,127.09718413962578,37.62584779330173
1561,33,67,186.8465682646427,127.09752392773115,37.62585327426804
1562,33,68,213.18664402050365,127.09786371592857,37.62585875425654
1563,33,69,239.52671977636456,127.09820350421802,37.62586423326725
1564,33,70,265.86679553222547,127.0985432925995,37.62586971130016
1565,33,71,292.2068712880864,127.098883081073,37.625875188355266
1566,33,72,318.54694704394734,127.0992228696385,37.625880664432565
1567,33,73,344.8870227998082,127.09956265829597,37.62588613953208
1568,34,38,332.2229780497883,127.08766318389608,37.62596418248698
1569,34,39,310.0684132319412,127.08800297064595,37.6259696908847
1570,34,40,288.08534599418175,127.08834275748832,37.625975198304644
1571,34,41,267.46597126670105,127.08868254442322,37.62598070474681
1572,34,42,248.7627886053138,127.08902233145058,37.625986210211174
1573,34,43,231.8001904428953,127.08936211857042,37.625991714697754
1574,34,44,214.95386454288132,127.08970190578273,37.62599721820654
1575,34,45,198.1075386428673,127.09004169308746,37.62600272073755
1576,34,46,181.2612127428533,127.09038148048462,37.626008222290764
1577,34,47,164.4148868428393,127.09072126797419,37.62601372286619
1578,34,48,147.5685609428253,127.09106105555612,37.626019222463825
1579,34,49,130.7222350428113,127.09140084323046,37.62602472108366
1580,34,50,113.8759091427973,127.09174063099714,37.6260302187257
1581,34,51,97.02958324278329,127.09208041885617,37.62603571538996
1582,34,52,73.78761252828609,127.09242020680752,37.62604121107642
1583,34,53,46.6754773614651,127.09275999485116,37.626046705785086
1584,34,54,19.833117324130438,127.0930997829871,37.62605219951595
1585,34,55,2.0341008710434494,127.09343957121533,37.626057692269015
1586,34,56,0.0,127.09377935953579,37.62606318404429
1587,34,57,0.0,127.0941191479485,37.62606867484177
1588,34,58,0.0,127.09445893645344,37.62607416466144
1589,34,59,0.0,127.0947987250506,37.62607965350331
1590,34,60,10.749285323259762,127.09513851373993,37.62608514136737
1591,34,61,28.329847261714193,127.09547830252146,37.626090628253635
1592,34,62,45.91040920016863,127.09581809139513,37.6260961141621
1593,34,63,67.46707294539023,127.09615788036095,37.62610159909276
1594,34,64,93.4666610154062,127.0964976694189,37.62610708304562
1595,34,65,119.80673677126713,127.09683745856896,37.62611256602067
1596,34,66,146.14681252712805,127.0971772478111,37.626118048017915
1597,34,67,172.48688828298899,127.09751703714532,37.62612352903735
1598,34,68,198.8269640388499,127.09785682657161,37.62612900907898
1599,34,69,225.16703979471083,127.09819661608995,37.6261344881428
1600,34,70,251.5071155505718,127.0985364057003,37.62613996622881
1601,34,71,277.84719130643265,127.09887619540268,37.626145443337016
1602,34,72,304.1872670622936,127.09921598519705,37.626150919467406
1603,34,73,330.5273428181545,127.09955577508339,37.626156394619976
1604,35,39,330.509549425877,127.08799604555973,37.62623994414926
1605,35,40,309.80871755124736,127.08833583363098,37.62624545162258
1606,35,41,290.7341064956103,127.0886756217947,37.62625095811812
1607,35,42,273.46991868164037,127.08901541005093,37.62625646363586
1608,35,43,256.62359278162637,127.08935519839964,37.6262619681758
1609,35,44,239.77726688161238,127.0896949868408,37.62626747173795
1610,35,45,222.93094098159833,127.09003477537439,37.62627297432228
1611,35,46,206.08461508158433,127.09037456400041,37.62627847592883
1612,35,47,189.2382891815703,127.09071435271883,37.62628397655758
1613,35,48,172.39196328155631,127.09105414152965,37.62628947620852
1614,35,49,155.54563738154235,127.09139393043284,37.626294974881674
1615,35,50,138.69931148152833,127.09173371942838,37.62630047257702
1616,35,51,113.7423380372471,127.09207350851625,37.62630596929455
1617,35,52,86.75690423653299,127.09241329769647,37.626311465034284
1618,35,53,62.04585780181618,127.09275308696898,37.626316959796206
1619,35,54,43.52867263489714,127.0930928763338,37.626322453580336
1620,35,55,30.828094409624736,127.0934326657909,37.626327946386645
1621,35,56,26.051121244988117,127.09377245534023,37.62633343821515
1622,35,57,18.394463732490184,127.09411224498183,37.62633892906585
1623,35,58,4.3692203826762475,127.09445203471566,37.626344418938736
1624,35,59,0.0,127.09479182454167,37.62634990783383
1625,35,60,0.0,127.09513161445987,37.62635539575109
1626,35,61,4.020922112128352,127.09547140447029,37.62636088269055
1627,35,62,26.4268295220306,127.09581119457283,37.626366368652185
1628,35,63,52.766905277891524,127.09615098476753,37.626371853636016
1629,35,64,79.10698103375245,127.09649077505435,37.62637733764203
1630,35,65,105.44705678961338,127.09683056543331,37.62638282067024
1631,35,66,131.78713254547432,127.09717035590434,37.62638830272062
1632,35,67,158.12720830133523,127.09751014646746,37.62639378379319
1633,35,68,184.46728405719617,127.09784993712263,37.62639926388795
1634,35,69,210.8073598130571,127.09818972786987,37.626404743004876
1635,35,70,237.14743556891804,127.0985295187091,37.626410221143985
1636,35,71,263.4875113247789,127.09886930964036,37.62641569830528
1637,35,72,289.8275870806399,127.09920910066363,37.626421174488755
1638,35,73,316.16766283650077,127.09954889177885,37.62642664969441
1639,35,74,342.5077385923617,127.09988868298608,37.62643212392225
1640,36,40,332.82084725105443,127.08832890968112,37.62651570492702
1641,36,41,315.13964692038536,127.08866869907374,37.62652121147594
1642,36,42,298.2933210203714,127.08900848855883,37.62652671704705
1643,36,43,281.4469951203574,127.0893482781364,37.62653222164035
1644,36,44,264.6006692203434,127.08968806780642,37.626537725255844
1645,36,45,247.75434332032935,127.0900278575689,37.626543227893535
1646,36,46,230.90801742031536,127.09036764742379,37.62654872955341
1647,36,47,214.06169152030134,127.09070743737108,37.626554230235485
1648,36,48,197.21536562028734,127.09104722741078,37.62655972993973
1649,36,49,180.36903972027338,127.09138701754284,37.62656522866617
1650,36,50,153.81862150799944,127.09172680776727,37.62657072641482
1651,36,51,127.99647010866131,127.09206659808406,37.62657622318563
1652,36,52,104.43191273712105,127.09240638849313,37.62658171897864
1653,36,53,85.02324644231074,127.09274617899455,37.626587213793826
1654,36,54,68.94800925884323,127.09308596958824,37.62659270763121
1655,36,55,60.445328031020594,127.0934257602742,37.62659820049077
1656,36,56,55.668354866383964,127.09376555105246,37.62660369237251
1657,36,57,45.36415979764313,127.09410534192291,37.62660918327644
1658,36,58,25.333370610607865,127.09444513288564,37.626614673202546
1659,36,59,3.874004235509214,127.09478492394054,37.626620162150836
1660,36,60,0.0,127.09512471508766,37.626625650121305
1661,36,61,0.0,127.09546450632693,37.626631137113954
1662,36,62,12.06714954037686,127.0958042976584,37.62663662312877
1663,36,63,38.40722529623779,127.09614408908199,37.626642108165775
1664,36,64,64.74730105209872,127.09648388059773,37.62664759222495
1665,36,65,91.08737680795964,127.09682367220556,37.6266530753063
1666,36,66,117.42745256382058,127.09716346390549,37.62665855740984
1667,36,67,143.7675283196815,127.09750325569752,37.626664038535544
1668,36,68,170.10760407554244,127.09784304758158,37.62666951868341
1669,36,69,196.44767983140335,127.09818283955771,37.626674997853456
1670,36,70,222.7877555872643,127.09852263162588,37.62668047604567
1671,36,71,249.1278313431252,127.09886242378604,37.626685953260065
1672,36,72,275.46790709898613,127.09920221603822,37.62669142949663
1673,36,73,301.807982854847,127.09954200838237,37.626696904755356
1674,36,74,328.14805861070795,127.09988180081848,37.62670237903625
1675,37,41,339.9630492591165,127.08866177626025,37.62679146482027
1676,37,42,323.1167233591024,127.08900156697426,37.626796970444744
1677,37,43,306.27039745908843,127.0893413577807,37.62680247509141
1678,37,44,289.42407155907443,127.08968114867963,37.626807978760255
1679,37,45,272.57774565906044,127.09002093967098,37.62681348145128
1680,37,46,255.73141975904642,127.09036073075475,37.6268189831645
1681,37,47,238.8850938590324,127.09070052193096,37.62682448389988
1682,37,48,220.8926803054719,127.09104031319954,37.62682998365745
1683,37,49,194.72160704501096,127.0913801045605,37.62683548243721
1684,37,50,169.82176623698123,127.09171989601384,37.62684098023913
1685,37,51,146.8412759598068,127.0920596875595,37.62684647706323
1686,37,52,126.82779018480286,127.09239947919748,37.62685197290951
1687,37,53,110.19208300948223,127.0927392709278,37.626857467777974
1688,37,54,96.4553226837886,127.09307906275038,37.626862961668614
1689,37,55,90.06256165241646,127.09341885466526,37.62686845458142
1690,37,56,85.28558848777985,127.0937586466724,37.626873946516405
1691,37,57,67.75688721363812,127.0940984387718,37.62687943747355
1692,37,58,46.29752083853948,127.0944382309634,37.62688492745288
1693,37,59,24.83815446344083,127.09477802324723,37.62689041645437
1694,37,60,0.8654915081780613,127.09511781562325,37.62689590447803
1695,37,61,0.0,127.09545760809145,37.626901391523866
1696,37,62,0.0,127.0957974006518,37.62690687759188
1697,37,63,24.047545314584045,127.09613719330432,37.62691236268204
1698,37,64,50.38762107044497,127.09647698604897,37.62691784679439
1699,37,65,76.7276968263059,127.09681677888572,37.626923329928886
1700,37,66,103.06777258216682,127.09715657181458,37.626928812085566
1701,37,67,129.40784833802778,127.09749636483551,37.6269342932644
1702,37,68,155.74792409388868,127.0978361579485,37.62693977346541
1703,37,69,182.08799984974962,127.09817595115355,37.62694525268856
1704,37,70,208.42807560561053,127.09851574445064,37.62695073093388
1705,37,71,234.76815136147144,127.09885553783974,37.62695620820137
1706,37,72,261.1082271173324,127.09919533132083,37.626961684491015
1707,37,73,287.44830287319326,127.09953512489389,37.62696715980282
1708,37,74,313.47609353989327,127.09987491855894,37.62697263413677
1709,37,75,338.9187648843314,127.10021471231595,37.626978107492896
1710,38,42,347.9401256978335,127.08899464529719,37.62706722382895
1711,38,43,331.0937997978195,127.08933443733255,37.62707272852897
1712,38,44,314.24747389780543,127.08967422946037,37.627078232251165
1713,38,45,297.40114799779144,127.09001402168063,37.627083734995544
1714,38,46,280.55482209777745,127.09035381399333,37.627089236762075
1715,38,47,261.62934112997704,127.09069360639842,37.62709473755079
1716,38,48,236.16274087535936,127.09103339889593,37.627100237361674
1717,38,49,211.88621525577915,127.0913731914858,37.627105736194736
1718,38,50,189.25827921936363,127.09171298416803,37.62711123404996
1719,38,51,168.9426656908516,127.09205277694262,37.62711673092734
1720,38,52,151.68665477333593,127.09239256980953,37.62712222682689
1721,38,53,136.0181022838429,127.09273236276874,37.62712772174862
1722,38,54,125.11367058523234,127.09307215582028,37.62713321569251
1723,38,55,119.67979527381233,127.09341194896408,37.62713870865857
1724,38,56,110.18040381666839,127.09375174220013,37.62714420064678
1725,38,57,88.72103744156975,127.09409153552843,37.627149691657166
1726,38,58,67.2616710664711,127.09443132894897,37.62715518168971
1727,38,59,41.56190326113682,127.09477112246171,37.62716067074442
1728,38,60,15.217822335224694,127.09511091606664,37.62716615882128
1729,38,61,0.0,127.09545070976378,37.627171645920306
1730,38,62,0.0,127.09579050355308,37.627177132041496
1731,38,63,9.687865332930304,127.09613029743453,37.62718261718484
1732,38,64,36.02794108879123,127.0964700914081,37.62718810135034
1733,38,65,62.36801684465216,127.09680988547379,37.62719358453799
1734,38,66,88.70809260051308,127.09714967963157,37.62719906674781
1735,38,67,115.04816835637402,127.09748947388145,37.62720454797978
1736,38,68,141.38824411223493,127.09782926822338,37.627210028233904
1737,38,69,167.72831986809587,127.09816906265738,37.62721550751017
1738,38,70,194.06839562395677,127.09850885718339,37.627220985808606
1739,38,71,220.4084713798177,127.09884865180143,37.62722646312919
1740,38,72,246.69513903961104,127.09918844651146,37.62723193947191
1741,38,73,272.1378103840492,127.0995282413135,37.6272374148368
1742,38,74,297.5804817284873,127.09986803620748,37.62724288922382
1743,38,75,323.0231530729254,127.1002078311934,37.627248362633004
1744,38,76,348.4658244173636,127.10054762627128,37.62725383506433
1745,39,44,339.07087623653655,127.08966731014867,37.62734848572859
1746,39,45,322.2245503365225,127.09000710359788,37.62735398852629
1747,39,46,302.8303948874293,127.0903468971395,37.62735949034617
1748,39,47,277.9013783796917,127.0906866907735,37.627364991188195
1749,39,48,254.071061207271,127.09102648449995,37.627370491052396
1750,39,49,231.67872621508667,127.09136627831873,37.62737598993876
1751,39,50,211.1822914410707,127.0917060722299,37.627381487847266
1752,39,51,193.1861492342491,127.0920458662334,37.62738698477796
1753,39,52,176.91302672149982,127.09238566032926,37.627392480730784
1754,39,53,163.2504990564323,127.09272545451742,37.627397975705776
1755,39,54,154.28296037017918,127.09306524879786,37.62740346970291
1756,39,55,149.2970288952082,127.09340504317059,37.627408962722214
1757,39,56,131.1445540446,127.0937448376356,37.627414454763674
1758,39,57,108.6023959400077,127.09408463219285,37.62741994582728
1759,39,58,82.25831501409557,127.09442442684231,37.62742543591305
1760,39,59,55.91423408818345,127.094764221584,37.62743092502097
1761,39,60,29.57015316227133,127.09510401641788,37.627436413151024
1762,39,61,3.2260722363592076,127.09544381134396,37.627441900303246
1763,39,62,0.0,127.09578360636222,37.62744738647761
1764,39,63,0.0,127.09612340147258,37.62745287167413
1765,39,64,21.66826110713749,127.09646319667512,37.6274583558928
1766,39,65,48.00833686299842,127.09680299196975,37.627463839133604
1767,39,66,74.34841261885936,127.09714278735649,37.62746932139655
1768,39,67,100.68848837472028,127.09748258283533,37.62747480268166
1769,39,68,127.0285641305812,127.0978223784062,37.627480282988905
1770,39,69,153.3686398864421,127.09816217406913,37.62748576231831
1771,39,70,179.70871564230308,127.0985019698241,37.62749124066982
1772,39,71,205.35685588376703,127.09884176567111,37.6274967180435
1773,39,72,230.7995272282052,127.09918156161011,37.62750219443932
1774,39,73,256.2421985726433,127.09952135764108,37.62750766985728
1775,39,74,281.68486991708147,127.09986115376404,37.627513144297374
1776,39,75,307.1275412615196,127.10020094997894,37.62751861775962
1777,39,76,332.5702126059577,127.10054074628576,37.627524090243995
1778,40,45,344.3291797034443,127.09000018542265,37.62762424204356
1779,40,46,319.8210625223159,127.09033998019322,37.62762974391677
1780,40,47,296.32488938757626,127.09067977505619,37.62763524481213
1781,40,48,274.10101807219826,127.09101957001157,37.62764074472963
1782,40,49,253.48431143933107,127.09135936505932,37.627646243669304
1783,40,50,234.89832733233337,127.09169916019941,37.62765174163111
1784,40,51,218.35006514792104,127.09203895543189,37.62765723861508
1785,40,52,203.09608641487497,127.09237875075667,37.62766273462118
1786,40,53,191.3126413372897,127.09271854617377,37.62766822964944
1787,40,54,183.71998572246443,127.09305834168319,37.62767372369985
1788,40,55,173.5680706476303,127.09339813728486,37.62767921677239
1789,40,56,149.29880769296648,127.09373793297883,37.627684708867086
1790,40,57,122.95472676705434,127.09407772876501,37.62769019998394
1791,40,58,96.61064584114222,127.09441752464345,37.627695690122906
1792,40,59,70.26656491523008,127.0947573206141,37.62770117928403
1793,40,60,43.92248398931797,127.09509711667695,37.62770666746731
1794,40,61,17.578403063405844,127.09543691283197,37.6277121546727
1795,40,62,0.0,127.09577670907917,37.627717640900244
1796,40,63,0.0,127.09611650541852,37.62772312614994
1797,40,64,7.308581125483747,127.09645630185003,37.62772861042177
1798,40,65,33.64865688134467,127.09679609837363,37.62773409371573
1799,40,66,59.9887326372056,127.09713589498931,37.62773957603183
1800,40,67,86.32880839306652,127.09747569169711,37.62774505737006
1801,40,68,112.66888414892746,127.09781548849696,37.627750537730435
1802,40,69,138.57590138348488,127.09815528538887,37.627756017112944
1803,40,70,164.01857272792302,127.09849508237282,37.627761495517575
1804,40,71,189.46124407236115,127.09883487944879,37.62776697294435
1805,40,72,214.9039154167993,127.09917467661677,37.627772449393255
1806,40,73,240.34658676123746,127.09951447387671,37.62777792486429
1807,40,74,265.7892581056756,127.09985427122864,37.62778339935746
1808,40,75,291.2319294501137,127.10019406867254,37.62778887287274
1809,40,76,316.67460079455185,127.10053386620835,37.62779434541018
1810,40,77,336.2148647918736,127.10087366383608,37.62779981696973
1811,41,46,338.6218776129649,127.09033306315455,37.62789999747387
1812,41,47,316.5244130170468,127.09067285924648,37.62790549842255
1813,41,48,295.8219600933005,127.09101265543082,37.627910998393375
1814,41,49,276.82767222786543,127.09135245170752,37.62791649738634
1815,41,50,259.8446369117747,127.09169224807658,37.62792199540145
1816,41,51,243.8140996577157,127.09203204453802,37.6279274924387
1817,41,52,230.21255745574481,127.09237184109178,37.62793298849808
1818,41,53,219.88708017690965,127.09271163773785,37.627938483579605
1819,41,54,213.30846930263652,127.09305143447622,37.627943977683266
1820,41,55,189.9952194459252,127.09339123130687,37.62794947080907
1821,41,56,163.65113852001306,127.0937310282298,37.62795496295699
1822,41,57,137.30705759410094,127.09407082524496,37.62796045412706
1823,41,58,110.96297666818884,127.09441062235236,37.62796594431927
1824,41,59,84.6188957422767,127.09475041955199,37.627971433533595
1825,41,60,58.27481481636459,127.09509021684381,37.62797692177007
1826,41,61,31.93073389045247,127.09543001422782,37.62798240902867
1827,41,62,5.774229543136597,127.09576981170399,37.627987895309396
1828,41,63,0.0,127.09610960927233,37.62799338061225
1829,41,64,0.0,127.0964494069328,37.627998864937254
1830,41,65,19.288976899690937,127.09678920468536,37.62800434828436
1831,41,66,45.62905265555187,127.09712900253007,37.6280098306536
1832,41,67,71.79494688320267,127.09746880046683,37.62801531204497
1833,41,68,97.23761822764084,127.09780859849567,37.62802079245847
1834,41,69,122.68028957207898,127.09814839661658,37.62802627189409
1835,41,70,148.12296091651712,127.09848819482951,37.62803175035184
1836,41,71,173.56563226095528,127.09882799313448,37.628037227831705
1837,41,72,199.00830360539342,127.09916779153143,37.6280427043337
1838,41,73,224.45097494983156,127.0995075900204,37.628048179857814
1839,41,74,249.89364629426973,127.0998473886013,37.62805365440404
1840,41,75,275.33631763870784,127.10018718727417,37.6280591279724
1841,41,76,294.8228844707566,127.100526986039,37.628064600562865
1842,41,77,310.8631264342938,127.10086678489573,37.62807007217546
1843,41,78,326.90336839783106,127.10120658384436,37.62807554281017
1844,41,79,342.94361036136826,127.1015463828849,37.628081012466986
1845,42,47,338.18185640423224,127.09066594334436,37.62817575201949
1846,42,48,318.88853230975394,127.09100574075768,37.62818125204362
1847,42,49,301.3516618111226,127.09134553826337,37.62818675108989
1848,42,50,285.03089317961076,127.09168533586141,37.628192249158296
1849,42,51,270.176084221344,127.09202513355183,37.62819774624884
1850,42,52,257.96825948862556,127.09236493133454,37.628203242361494
1851,42,53,248.7973659868668,127.0927047292096,37.62820873749628
1852,42,54,230.69163119888395,127.09304452717697,37.6282142316532
1853,42,55,204.34755027297183,127.0933843252366,37.628219724832256
1854,42,56,178.00346934705968,127.0937241233885,37.62822521703343
1855,42,57,151.65938842114755,127.09406392163265,37.62823070825672
1856,42,58,125.31530749523547,127.09440371996908,37.62823619850215
1857,42,59,98.97122656932335,127.09474351839768,37.62824168776968
1858,42,60,72.66095214051502,127.09508331691849,37.62824717605936
1859,42,61,46.9390478236683,127.09542311553149,37.62825266337114
1860,42,62,21.22200783175393,127.09576291423667,37.628258149705054
1861,42,63,0.0,127.09610271303399,37.62826363506109
1862,42,64,0.0,127.09644251192347,37.62826911943925
1863,42,65,4.929296918037194,127.09678231090503,37.62827460283951
1864,42,66,30.45666372735865,127.09712210997873,37.628280085261906
1865,42,67,55.89933507179679,127.0974619091445,37.6282855667064
1866,42,68,81.34200641623497,127.09780170840234,37.62829104717303
1867,42,69,106.7846777606731,127.09814150775226,37.628296526661764
1868,42,70,132.22734910511124,127.09848130719419,37.62830200517261
1869,42,71,157.67002044954938,127.09882110672814,37.62830748270559
1870,42,72,183.11269179398755,127.09916090635411,37.62831295926067
1871,42,73,208.5553631384257,127.09950070607209,37.62831843483785
1872,42,74,233.99803448286383,127.09984050588201,37.628323909437164
1873,42,75,253.43090414963964,127.10018030578391,37.62832938305856
1874,42,76,269.47114611317687,127.10052010577772,37.62833485570209
1875,42,77,285.5113880767141,127.10085990586347,37.628340327367724
1876,42,78,301.5516300402513,127.10119970604114,37.628345798055456
1877,42,79,317.5918720037886,127.10153950631067,37.628351267765304
1878,42,80,333.6766676271302,127.10187930667212,37.62835673649726
1879,43,48,343.02938650193755,127.09099882599214,37.62845150568038
1880,43,49,326.50804728635984,127.09133862472684,37.62845700477995
1881,43,50,310.79319709421395,127.09167842355389,37.628462502901655
1882,43,51,297.2287297326001,127.09201822247329,37.62846800004547
1883,43,52,286.1772600974213,127.09235802148503,37.62847349621142
1884,43,53,271.3880429518427,127.09269782058907,37.628478991399476
1885,43,54,245.0439620259306,127.09303761978543,37.62848448560965
1886,43,55,218.69988110001844,127.09337741907406,37.62848997884195
1887,43,56,192.35580017410632,127.09371721845497,37.62849547109636
1888,43,57,166.0117192481942,127.09405701792815,37.62850096237288
1889,43,58,139.6676383222821,127.09439681749356,37.62850645267153
1890,43,59,113.82090609611437,127.09473661715117,37.628511941992286
1891,43,60,88.10386610420001,127.09507641690098,37.62851743033516
1892,43,61,62.38682611228564,127.09541621674299,37.62852291770014
1893,43,62,36.66978612037126,127.0957560166772,37.628528404087234
1894,43,63,10.952746128456898,127.09609581670352,37.62853388949644
1895,43,64,0.0,127.09643561682199,37.62853937392776
1896,43,65,0.0,127.0967754170326,37.628544857381186
1897,43,66,14.561051915952785,127.09711521733529,37.62855033985671
1898,43,67,40.00372326039093,127.09745501773008,37.628555821354354
1899,43,68,65.44639460482908,127.09779481821697,37.62856130187409
1900,43,69,90.88906594926722,127.09813461879588,37.62856678141595
1901,43,70,116.33173729370537,127.09847441946685,37.62857225997991
1902,43,71,141.7744086381435,127.09881422022983,37.628577737565976
1903,43,72,167.21707998258165,127.09915402108481,37.62858321417414
1904,43,73,192.65975132701982,127.0994938220318,37.62858868980441
1905,43,74,212.03892382852268,127.09983362307075,37.62859416445678
1906,43,75,228.07916579205994,127.10017342420167,37.62859963813125
1907,43,76,244.11940775559714,127.10051322542454,37.62860511082783
1908,43,77,260.15964971913434,127.1008530267393,37.62861058254649
1909,43,78,276.1998916826716,127.101192828146,37.62861605328726
1910,43,79,292.2401336462088,127.10153262964457,37.62862152305013
1911,43,80,309.02869290201437,127.10187243123502,37.6286269918351
1912,43,81,327.68625149867444,127.10221223291737,37.628632459642155
1913,43,82,347.9336514420207,127.10255203469153,37.62863792647132
1914,44,50,337.2568941523941,127.09167151115402,37.62873275663151
1915,44,51,324.7995059598017,127.09201131130241,37.62873825382863
1916,44,52,312.0844547048015,127.09235111154317,37.62874375004784
1917,44,53,285.74037377888936,127.09269091187623,37.62874924528917
1918,44,54,259.3962928529772,127.09303071230161,37.62875473955261
1919,44,55,233.0522119270651,127.09337051281925,37.62876023283815
1920,44,56,206.70813100115296,127.09371031342921,37.6287657251458
1921,44,57,180.70276436856042,127.09405011413138,37.628771216475556
1922,44,58,154.9857243766461,127.0943899149258,37.628776706827416
1923,44,59,129.26868438473173,127.09472971581243,37.62878219620139
1924,44,60,103.55164439281734,127.09506951679128,37.628787684597455
1925,44,61,77.83460440090298,127.09540931786235,37.628793172015634
1926,44,62,52.1175644089886,127.09574911902553,37.628798658455906
1927,44,63,26.40052441707423,127.0960889202809,37.62880414391828
1928,44,64,0.6834844251598634,127.09642872162843,37.62880962840277
1929,44,65,0.0,127.09676852306805,37.62881511190935
1930,44,66,0.0,127.09710832459977,37.62882059443802
1931,44,67,24.108111448985053,127.09744812622361,37.6288260759888
1932,44,68,49.5507827934232,127.0977879279395,37.62883155656168
1933,44,69,74.99345413786135,127.09812772974746,37.628837036156646
1934,44,70,100.43612548229949,127.09846753164747,37.62884251477371
1935,44,71,125.87879682673764,127.0988073336395,37.62884799241287
1936,44,72,151.32146817117578,127.09914713572353,37.62885346907413
1937,44,73,170.64694350740572,127.09948693789956,37.628858944757475
1938,44,74,186.68718547094295,127.09982674016754,37.62886441946292
1939,44,75,202.72742743448018,127.10016654252749,37.62886989319045
1940,44,76,218.76766939801743,127.1005063449794,37.62887536594007
1941,44,77,234.80791136155463,127.10084614752323,37.62888083771178
1942,44,78,250.8481533250919,127.10118595015896,37.62888630850558
1943,44,79,267.1662425722675,127.10152575288662,37.628891778321474
1944,44,80,285.4073361963716,127.10186555570611,37.62889724715945
1945,44,81,305.51087368411896,127.10220535861748,37.628902715019514
1946,44,82,326.77434171907396,127.1025451616207,37.62890818190166
1947,44,83,348.09247250451097,127.10288496471573,37.628913647805895
1948,45,52,326.4367855318481,127.092344201509,37.62901400387077
1949,45,53,300.092704605936,127.0926840030711,37.629019499165366
1950,45,54,273.74862368002385,127.0930238047255,37.62902499348206
1951,45,55,247.5863637805103,127.09336360647218,37.62903048682086
1952,45,56,221.86758264909213,127.09370340831116,37.62903597918175
1953,45,57,196.1505426571778,127.09404321024239,37.62904147056474
1954,45,58,170.4335026652634,127.09438301226584,37.62904696096983
1955,45,59,144.71646267334904,127.09472281438151,37.629052450397005
1956,45,60,118.99942268143468,127.0950626165894,37.62905793884628
1957,45,61,93.2823826895203,127.0954024188895,37.62906342631764
1958,45,62,67.56534269760593,127.09574222128174,37.62906891281111
1959,45,63,41.848302705691566,127.09608202376616,37.62907439832666
1960,45,64,16.131262713777197,127.09642182634272,37.6290798828643
1961,45,65,0.0,127.09676162901138,37.629085366424036
1962,45,66,0.0,127.09710143177217,37.62909084900586
1963,45,67,8.212499637579178,127.09744123462505,37.62909633060977
1964,45,68,33.655170982017324,127.09778103757,37.62910181123577
1965,45,69,59.09784232645547,127.09812084060702,37.62910729088386
1966,45,70,84.54051367089362,127.09846064373608,37.629112769554034
1967,45,71,109.98318501533177,127.09880044695714,37.629118247246296
1968,45,72,129.25496318628876,127.09914025027022,37.62912372396064
1969,45,73,145.295205149826,127.09948005367531,37.629129199697054
1970,45,74,161.33544711336324,127.09981985717236,37.62913467445557
1971,45,75,177.37568907690047,127.1001596607614,37.62914014823616
1972,45,76,193.41593104043767,127.10049946444235,37.62914562103883
1973,45,77,209.45617300397492,127.10083926821525,37.629151092863594
1974,45,78,225.514676470601,127.10117907208006,37.629156563710424
1975,45,79,243.17980115166813,127.10151887603675,37.629162033579334
1976,45,80,263.0892663578084,127.10185868008534,37.62916750247033
1977,45,81,284.34845643878356,127.10219848422575,37.629172970383394
1978,45,82,305.66658722422056,127.10253828845806,37.62917843731854
1979,45,83,326.98471800965757,127.10287809278216,37.62918390327576
1980,45,84,348.3028487950945,127.10321789719809,37.629189368255055
1981,46,52,340.7891163588947,127.0923372913825,37.629284257680204
1982,46,53,314.52577572488207,127.09267709417364,37.629289753028075
1983,46,54,288.7494409215382,127.0930168970571,37.62929524739803
1984,46,55,263.03240092962386,127.09335670003286,37.62930074079008
1985,46,56,237.3153609377095,127.09369650310087,37.629306233204204
1986,46,57,211.5983209457951,127.09403630626115,37.629311724640424
1987,46,58,185.88128095388075,127.09437610951366,37.62931721509874
1988,46,59,160.16424096196636,127.0947159128584,37.62932270457913
1989,46,60,134.447200970052,127.09505571629533,37.6293281930816
1990,46,61,108.73016097813765,127.09539551982448,37.62933368060616
1991,46,62,83.01312098622327,127.09573532344578,37.62933916715281
1992,46,63,57.2960809943089,127.09607512715927,37.62934465272153
1993,46,64,32.650276977300834,127.0964149309649,37.629350137312336
1994,46,65,8.280564969568058,127.09675473486263,37.62935562092523
1995,46,66,0.0,127.09709453885247,37.6293611035602
1996,46,67,0.0,127.09743434293442,37.62936658521725
1997,46,68,17.75955917061145,127.09777414710845,37.62937206589637
1998,46,69,43.2022305150496,127.09811395137451,37.629377545597585
1999,46,70,68.64490185948775,127.09845375573263,37.62938302432086
2000,46,71,87.8629828651718,127.0987935601828,37.62938850206621
2001,46,72,103.90322482870904,127.09913336472496,37.62939397883365
2002,46,73,119.94346679224627,127.0994731693591,37.62939945462316
2003,46,74,135.9837087557835,127.09981297408525,37.62940492943475
2004,46,75,152.02395071932074,127.10015277890334,37.62941040326839
2005,46,76,168.06419268285796,127.10049258381338,37.62941587612411
2006,46,77,184.1044346463952,127.10083238881535,37.629421348001905
2007,46,78,201.0360261784465,127.10117219390925,37.62942681890177
2008,46,79,220.6695044770483,127.10151199909502,37.62943228882371
2009,46,80,241.9225711584932,127.10185180437269,37.62943775776771
2010,46,81,263.24070194393016,127.10219160974219,37.62944322573378
2011,46,82,284.55883272936717,127.10253141520357,37.62944869272192
2012,46,83,305.8769635148041,127.10287122075677,37.629454158732116
2013,46,84,327.1950943002411,127.1032110264018,37.6294596237644
2014,46,85,348.51322508567813,127.1035508321386,37.62946508781873
2015,47,53,329.91425920206996,127.09267018518388,37.6295600068773
2016,47,54,304.19721921015554,127.09300998929642,37.629565501300505
2017,47,55,278.4801792182412,127.09334979350123,37.62957099474581
2018,47,56,252.7631392263268,127.09368959779832,37.62957648721318
2019,47,57,227.04609923441245,127.09402940218766,37.629581978702625
2020,47,58,201.3290592424981,127.09436920666924,37.629587469214165
2021,47,59,175.61201925058373,127.09470901124305,37.62959295874776
2022,47,60,149.89497925866934,127.09504881590908,37.629598447303444
2023,47,61,124.17793926675498,127.0953886206673,37.629603934881196
2024,47,62,98.88590448552917,127.09572842551769,37.62960942148102
2025,47,63,74.5161924777964,127.09606823046022,37.629614907102926
2026,47,64,50.14648047006363,127.09640803549495,37.629620391746904
2027,47,65,25.776768462330853,127.09674784062175,37.62962587541294
2028,47,66,1.407056454598083,127.09708764584067,37.62963135810105
2029,47,67,0.0,127.09742745115172,37.62963683981125
2030,47,68,1.863947359205573,127.09776725655482,37.6296423205435
2031,47,69,27.30661870364372,127.09810706204998,37.62964780029781
2032,47,70,46.471002544054855,127.0984468676372,37.62965327907421
2033,47,71,62.51124450759208,127.09878667331643,37.629658756872665
2034,47,72,78.55148647112931,127.09912647908767,37.629664233693184
2035,47,73,94.59172843466655,127.09946628495092,37.629669709535776
2036,47,74,110.63197039820376,127.09980609090616,37.629675184400426
2037,47,75,126.672212361741,127.10014589695334,37.629680658287135
2038,47,76,142.71245432527823,127.10048570309247,37.62968613119592
2039,47,77,159.0426105013282,127.10082550932356,37.62969160312675
2040,47,78,178.2529055572509,127.10116531564653,37.62969707407965
2041,47,79,199.4966858782028,127.1015051220614,37.62970254405461
2042,47,80,220.81481666363976,127.10184492856817,37.629708013051626
2043,47,81,242.13294744907677,127.10218473516679,37.6297134810707
2044,47,82,263.4510782345138,127.10252454185728,37.62971894811183
2045,47,83,284.7692090199507,127.10286434863956,37.62972441417502
2046,47,84,306.0873398053877,127.10320415551368,37.62972987926027
2047,47,85,327.40547059082473,127.1035439624796,37.62973534336757
2048,47,86,343.91709091837976,127.1038837695373,37.62974080649692
2049,48,53,345.3620374906872,127.09266327610185,37.62983026071302
2050,48,54,319.6449974987729,127.09300308144344,37.6298357551895
2051,48,55,293.9279575068585,127.09334288687734,37.62984124868804
2052,48,56,268.21091751494413,127.0936826924035,37.629846741208645
2053,48,57,242.4938775230298,127.09402249802194,37.629852232751325
2054,48,58,216.7768375311154,127.09436230373262,37.62985772331608
2055,48,59,191.05979753920104,127.0947021095355,37.629863212902904
2056,48,60,165.39242407427326,127.09504191543063,37.62986870151178
2057,48,61,140.75181998602474,127.09538172141792,37.62987418914273
2058,48,62,116.38210797829196,127.09572152749742,37.629879675795756
2059,48,63,92.0123959705592,127.09606133366907,37.62988516147083
2060,48,64,67.64268396282642,127.09640113993285,37.62989064616797
2061,48,65,43.27297195509365,127.09674094628878,37.62989612988716
2062,48,66,18.903259947360883,127.0970807527368,37.62990161262842
2063,48,67,0.0,127.09742055927691,37.62990709439175
2064,48,68,0.0,127.09776036590914,37.62991257517713
2065,48,69,5.079022222937894,127.09810017263338,37.62991805498457
2066,48,70,21.11926418647512,127.0984399794497,37.62992353381407
2067,48,71,37.15950615001235,127.09877978635804,37.629929011665624
2068,48,72,53.19974811354958,127.09911959335841,37.62993448853923
2069,48,73,69.23999007708682,127.09945940045077,37.6299399644349
2070,48,74,85.28023204062404,127.09979920763512,37.629945439352625
2071,48,75,101.32047400416127,127.1001390149114,37.6299509132924
2072,48,76,117.3610671753344,127.10047882227965,37.629956386254214
2073,48,77,135.84243252039613,127.1008186297398,37.629961858238104
2074,48,78,157.07080059791244,127.10115843729193,37.629967329244025
2075,48,79,178.38893138334942,127.10149824493591,37.62997279927202
2076,48,80,199.7070621687864,127.1018380526718,37.62997826832205
2077,48,81,221.0251929542234,127.10217786049954,37.62998373639413
2078,48,82,242.34332373966035,127.10251766841913,37.62998920348825
2079,48,83,263.6614545250973,127.10285747643053,37.62999466960443
2080,48,84,284.97958531053433,127.10319728453379,37.63000013474265
2081,48,85,302.7139642650866,127.10353709272884,37.63000559890292
2082,48,86,318.2582962841727,127.10387690101567,37.63001106208524
2083,48,87,333.8026283032587,127.10421670939424,37.630016524289594
2084,48,88,349.35396951390385,127.10455651786458,37.63002198551599
2085,49,54,335.0927757873902,127.09299617349816,37.63010600906499
2086,49,55,309.37573579547586,127.09333598016117,37.630111502616785
2087,49,56,283.6586958035615,127.09367578691644,37.63011699519064
2088,49,57,257.94165581164714,127.09401559376397,37.63012248678656
2089,49,58,232.22461581973275,127.09435540070376,37.63012797740453
2090,49,59,207.00363486891948,127.09469520773577,37.63013346704456
2091,49,60,182.6177354865203,127.09503501485997,37.63013895570664
2092,49,61,158.24802347878756,127.09537482207641,37.63014444339078
2093,49,62,133.87831147105476,127.09571462938499,37.63014993009699
2094,49,63,109.508599463322,127.09605443678574,37.630155415825236
2095,49,64,85.13888745558923,127.09639424427863,37.63016090057555
2096,49,65,60.769175447856455,127.09673405186368,37.630166384347895
2097,49,66,39.09882361196465,127.09707385954081,37.63017186714231
2098,49,67,20.43270193175668,127.09741366731005,37.63017734895877
2099,49,68,1.766580251548705,127.09775347517139,37.63018282979727
2100,49,69,0.0,127.09809328312475,37.63018830965784
2101,49,70,0.0,127.0984330911702,37.63019378854044
2102,49,71,11.807767792432625,127.09877289930765,37.630199266445096
2103,49,72,27.84800975596985,127.09911270753715,37.6302047433718
2104,49,73,43.88825171950708,127.09945251585862,37.63021021932055
2105,49,74,59.92849368304432,127.09979232427207,37.630215694291344
2106,49,75,75.96873564658154,127.10013213277749,37.63022116828418
2107,49,76,93.44642639777372,127.10047194137489,37.63022664129905
2108,49,77,114.64491531762204,127.10081175006418,37.63023211333598
2109,49,78,135.963046103059,127.10115155884542,37.63023758439495
2110,49,79,157.28117688849602,127.10149136771854,37.63024305447595
2111,49,80,178.599307673933,127.10183117668355,37.63024852357899
2112,49,81,199.91743845937,127.10217098574041,37.630253991704066
2113,49,82,221.23556924480695,127.10251079488914,37.6302594588512
2114,49,83,242.55370003024396,127.1028506041297,37.63026492502036
2115,49,84,261.5108376117934,127.10319041346209,37.63027039021156
2116,49,85,277.05516963087945,127.10353022288628,37.630275854424795
2117,49,86,292.59950164996553,127.10387003240224,37.630281317660064
2118,49,87,308.14383366905156,127.10420984200998,37.63028677991738
2119,49,88,323.7143144680011,127.10454965170945,37.630292241196706
2120,49,89,339.2901961164701,127.10488946150068,37.630297701498066
2121,50,54,350.54055407600754,127.09298926546062,37.63037626292699
2122,50,55,324.8235140840932,127.09332907335272,37.63038175653203
2123,50,56,299.10647409217876,127.09366888133711,37.630387249159135
2124,50,57,273.5423001708033,127.09400868941376,37.63039274080829
2125,50,58,248.85336299474864,127.09434849758267,37.63039823147948
2126,50,59,224.48365098701584,127.09468830584379,37.63040372117272
2127,50,60,200.11393897928306,127.09502811419712,37.63040920988801
2128,50,61,175.7442269715503,127.09536792264267,37.63041469762535
2129,50,62,151.37451496381757,127.0957077311804,37.63042018438474
2130,50,63,127.00480295608479,127.09604753981029,37.63042567016617
2131,50,64,102.7263377665986,127.0963873485323,37.630431154969635
2132,50,65,81.2514655781971,127.09672715734646,37.63043663879514
2133,50,66,62.58447670954041,127.09706696625273,37.6304421216427
2134,50,67,43.91835502933243,127.0974067752511,37.6304476035123
2135,50,68,25.252233349124463,127.09774658434155,37.63045308440394
2136,50,69,6.58611166891649,127.09808639352407,37.630458564317614
2137,50,70,0.0,127.09842620279865,37.63046404325334
2138,50,71,0.0,127.09876601216526,37.63046952121109
2139,50,72,2.496271398390132,127.09910582162387,37.63047499819088
2140,50,73,18.536513361927362,127.09944563117449,37.6304804741927
2141,50,74,34.57675532546459,127.09978544081709,37.63048594921658
2142,50,75,51.1009074280556,127.10012525055167,37.63049142326247
2143,50,76,72.21903003733165,127.10046506037818,37.630496896330406
2144,50,77,93.53716082276864,127.10080487029663,37.63050236842037
2145,50,78,114.85529160820562,127.10114468030702,37.63050783953237
2146,50,79,136.1734223936426,127.10148449040926,37.6305133096664
2147,50,80,157.4915531790796,127.10182430060343,37.630518778822456
2148,50,81,178.80968396451658,127.10216411088946,37.63052424700055
2149,50,82,200.12781474995356,127.10250392126734,37.63052971420066
2150,50,83,220.30771095850025,127.10284373173707,37.63053518042281
2151,50,84,235.8520429775863,127.1031835422986,37.630540645667
2152,50,85,251.3963749966724,127.10352335295192,37.6305461099332
2153,50,86,266.94070701575845,127.10386316369706,37.63055157322142
2154,50,87,282.49877777362934,127.10420297453395,37.63055703553167
2155,50,88,298.0746594220983,127.10454278546258,37.630562496863945
2156,50,89,313.65054107056733,127.10488259648298,37.63056795721825
2157,50,90,329.22642271903635,127.10522240759508,37.63057341659457
2158,50,91,344.8023043675053,127.1055622187989,37.63057887499291
2159,51,55,340.2943947768208,127.093322166452,37.63065201043379
2160,51,56,315.15272629395827,127.09366197566551,37.630657503114136
2161,51,57,290.7192784952442,127.0940017849713,37.63066299481652
2162,51,58,266.3495664875114,127.09434159436934,37.63066848554094
2163,51,59,241.97985447977862,127.0946814038596,37.6306739752874
2164,51,60,217.61014247204585,127.09502121344208,37.63067946405589
2165,51,61,193.2404304643131,127.09536102311677,37.630684951846426
2166,51,62,168.87071845658033,127.09570083288364,37.630690438658995
2167,51,63,144.9345809512984,127.09604064274265,37.6306959244936
2168,51,64,123.51167128330873,127.09638045269384,37.63070140935023
2169,51,65,104.73625148732415,127.09672026273714,37.630706893228904
2170,51,66,86.07012980711617,127.09706007287255,37.6307123761296
2171,51,67,67.4040081269082,127.09739988310007,37.63071785805234
2172,51,68,48.73788644670023,127.0977396934197,37.63072333899711
2173,51,69,30.07176476649225,127.09807950383136,37.630728818963895
2174,51,70,11.405643086284279,127.09841931433508,37.630734297952735
2175,51,71,0.0,127.09875912493082,37.63073977596359
2176,51,72,0.0,127.09909893561861,37.63074525299647
2177,51,73,0.0,127.09943874639838,37.63075072905138
2178,51,74,9.225016967884864,127.09977855727014,37.630756204128325
2179,51,75,29.79314475704126,127.10011836823388,37.63076167822727
2180,51,76,51.11127554247825,127.10045817928956,37.630767151348266
2181,51,77,72.42940632791523,127.10079799043717,37.630772623491275
2182,51,78,93.74753711335224,127.1011378016767,37.63077809465629
2183,51,79,115.06566789878921,127.10147761300811,37.630783564843355
2184,51,80,136.3837986842262,127.10181742443145,37.630789034052434
2185,51,81,157.70192946966318,127.10215723594663,37.630794502283536
2186,51,82,179.02006025510016,127.1024970475537,37.630799969536646
2187,51,83,194.64891632429314,127.10283685925258,37.63080543581179
2188,51,84,210.19324834337917,127.10317667104327,37.63081090110894
2189,51,85,225.73758036246522,127.1035164829258,37.6308163654281
2190,51,86,241.28324107925755,127.10385629490007,37.63082182876929
2191,51,87,256.8591227277266,127.10419610696616,37.63082729113248
2192,51,88,272.43500437619554,127.10453591912398,37.630832752517705
2193,51,89,288.01088602466456,127.10487573137354,37.630838212924935
2194,51,90,303.5867676731336,127.10521554371482,37.630843672354175
2195,51,91,319.16264932160254,127.10555535614782,37.63084913080543
2196,51,92,334.73853097007157,127.10589516867249,37.6308545882787
2197,51,93,350.3144126185406,127.10623498128885,37.630860044773975
2198,52,56,332.5851939957398,127.09365506990166,37.630927757055645
2199,52,57,308.215481988007,127.0939948804366,37.63093324881125
2200,52,58,283.84576998027427,127.09433469106379,37.630938739588906
2201,52,59,259.47605797254147,127.0946745017832,37.630944229388575
2202,52,60,235.10634596480864,127.09501431259486,37.630949718210275
2203,52,61,210.73743106636746,127.09535412349868,37.630955206054004
2204,52,62,187.24146186173516,127.0956939344947,37.630960692919764
2205,52,63,165.85676117598362,127.0960337455829,37.63096617880754
2206,52,64,146.8880262651079,127.09637355676321,37.63097166371735
2207,52,65,128.2219045848999,127.09671336803568,37.63097714764917
2208,52,66,109.55578290469195,127.09705317940029,37.63098263060302
2209,52,67,90.88966122448397,127.09739299085697,37.6309881125789
2210,52,68,72.223539544276,127.09773280240574,37.6309935935768
2211,52,69,53.55741786406802,127.09807261404659,37.630999073596705
2212,52,70,34.89129618386005,127.09841242577947,37.63100455263864
2213,52,71,16.61702237600777,127.09875223760439,37.6310100307026
2214,52,72,0.0,127.09909204952135,37.631015507788575
2215,52,73,0.0,127.09943186153028,37.63102098389656
2216,52,74,0.0,127.09977167363122,37.63102645902658
2217,52,75,8.685390262187875,127.10011148582412,37.6310319331786
2218,52,76,30.003521047624865,127.10045129810898,37.63103740635264
2219,52,77,51.32165183306184,127.10079111048579,37.63104287854869
2220,52,78,72.63978261849883,127.10113092295447,37.63104834976676
2221,52,79,93.95791340393582,127.1014707355151,37.631053820006834
2222,52,80,115.27604418937281,127.10181054816759,37.631059289268926
2223,52,81,136.5941749748098,127.10215036091198,37.631064757553034
2224,52,82,153.44578967099997,127.10249017374821,37.63107022485914
2225,52,83,168.990121690086,127.10282998667627,37.63107569118727
2226,52,84,184.53445370917206,127.10316979969618,37.63108115653739
2227,52,85,200.0787857282581,127.10350961280787,37.631086620909535
2228,52,86,215.6435860333548,127.10384942601137,37.631092084303674
2229,52,87,231.2194676818238,127.10418923930662,37.63109754671982
2230,52,88,246.7953493302928,127.10452905269362,37.63110300815798
2231,52,89,262.3712309787618,127.10486886617238,37.631108468618145
2232,52,90,277.9471126272308,127.10520867974287,37.6311139281003
2233,52,91,293.52299427569983,127.10554849340505,37.63111938660447
2234,52,92,309.09887592416885,127.10588830715892,37.63112484413063
2235,52,93,324.6747575726378,127.10622812100449,37.63113030067881
2236,52,94,340.25063922110684,127.10656793494168,37.63113575624898
2237,53,56,350.0813974885026,127.09364816404553,37.63119801098366
2238,53,57,325.71168548076986,127.09398797580964,37.631203502792516
2239,53,58,301.34197347303706,127.09432778766602,37.63120899362338
2240,53,59,276.97226146530426,127.0946675996146,37.63121448347627
2241,53,60,252.7124791874021,127.09500741165542,37.631219972351175
2242,53,61,229.59245920698436,127.09534722378841,37.631225460248096
2243,53,62,208.23495746962956,127.09568703601363,37.63123094716703
2244,53,63,189.0398010428916,127.09602684833098,37.63123643310799
2245,53,64,170.37367936268365,127.09636666074049,37.63124191807097
2246,53,65,151.70755768247568,127.09670647324215,37.63124740205595
2247,53,66,133.04143600226772,127.0970462858359,37.63125288506295
2248,53,67,114.37531432205972,127.09738609852178,37.63125836709197
2249,53,68,95.70919264185176,127.09772591129972,37.631263848142986
2250,53,69,77.04307096164379,127.09806572416974,37.63126932821602
2251,53,70,58.39970289967892,127.09840553713182,37.63127480731107
2252,53,71,41.28837277178166,127.09874535018595,37.631280285428126
2253,53,72,24.220142938288472,127.09908516333208,37.631285762567195
2254,53,73,7.151913104795276,127.0994249765702,37.63129123872828
2255,53,74,0.0,127.09976478990033,37.63129671391135
2256,53,75,0.0,127.10010460332244,37.631302188116436
2257,53,76,8.895766552771466,127.10044441683648,37.63130766134353
2258,53,77,30.21389733820845,127.10078423044246,37.63131313359263
2259,53,78,51.53202812364543,127.10112404414038,37.63131860486373
2260,53,79,72.85015890908242,127.10146385793018,37.63132407515683
2261,53,80,94.16828969451942,127.10180367181188,37.63132954447194
2262,53,81,112.24266301770678,127.10214348578546,37.631335012809046
2263,53,82,127.78699503679285,127.10248329985089,37.631340480168156
2264,53,83,143.3313270558789,127.10282311400817,37.63134594654926
2265,53,84,158.87565907496494,127.10316292825726,37.63135141195237
2266,53,85,174.42804933898304,127.10350274259815,37.63135687637748
2267,53,86,190.00393098745204,127.10384255703086,37.63136233982459
2268,53,87,205.57981263592106,127.10418237155532,37.63136780229368
2269,53,88,221.15569428439005,127.10452218617155,37.63137326378478
2270,53,89,236.73157593285904,127.1048620008795,37.631378724297875
2271,53,90,252.30745758132807,127.1052018156792,37.63138418383295
2272,53,91,267.88333922979706,127.1055416305706,37.631389642390026
2273,53,92,283.459220878266,127.10588144555368,37.631395099969104
2274,53,93,299.0351025267351,127.10622126062844,37.63140055657016
2275,53,94,314.61098417520407,127.10656107579487,37.63140601219322
2276,53,95,330.18686582367303,127.10690089105294,37.63141146683826
2277,53,96,345.76274747214205,127.10724070640264,37.63141692050529
2278,54,57,343.20788897353265,127.09398107109045,37.63147375676027
2279,54,58,318.83817696579985,127.094320884176,37.63147924764437
2280,54,59,294.81677262604023,127.09466069735377,37.631484737550466
2281,54,60,271.96696418738424,127.09500051062376,37.631490226478576
2282,54,61,250.62946713618808,127.09534032398598,37.631495714428695
2283,54,62,231.19157582067538,127.09568013744037,37.63150120140082
2284,54,63,212.52545414046736,127.09601995098691,37.63150668739496
2285,54,64,193.8593324602594,127.09635976462562,37.6315121724111
2286,54,65,175.19321078005146,127.09669957835645,37.63151765644925
2287,54,66,156.52708909984347,127.09703939217943,37.63152313950939
2288,54,67,137.8609674196355,127.0973792060945,37.63152862159155
2289,54,68,119.19484573942752,127.09771902010164,37.6315341026957
2290,54,69,100.52872405921956,127.09805883420086,37.63153958282186
2291,54,70,83.02795300104876,127.09839864839213,37.631545061970016
2292,54,71,65.95972316755557,127.09873846267544,37.63155054014018
2293,54,72,48.89149333406237,127.0990782770508,37.63155601733233
2294,54,73,29.68939043896167,127.09941809151815,37.63156149354649
2295,54,74,6.927375129056294,127.09975790607747,37.63156696878264
2296,54,75,0.0,127.10009772072877,37.6315724430408
2297,54,76,0.0,127.10043753547204,37.63157791632095
2298,54,77,9.106142843355055,127.10077735030724,37.63158338862309
2299,54,78,30.42427362879204,127.10111716523434,37.63158885994722
2300,54,79,51.74240441422903,127.10145698025337,37.63159433029335
2301,54,80,71.0395363644136,127.1017967953643,37.63159979966148
2302,54,81,86.58386838349968,127.10213661056709,37.63160526805159
2303,54,82,102.12820040258572,127.10247642586174,37.631610735463696
2304,54,83,117.67253242167178,127.10281624124822,37.63161620189779
2305,54,84,133.21686444075783,127.10315605672653,37.63162166735387
2306,54,85,148.7883942930803,127.10349587229668,37.631627131831955
2307,54,86,164.3642759415493,127.10383568795856,37.631632595332015
2308,54,87,179.9401575900183,127.10417550371226,37.63163805785406
2309,54,88,195.5160392384873,127.1045153195577,37.631643519398104
2310,54,89,211.0919208869563,127.1048551354949,37.63164897996412
2311,54,90,226.66780253542532,127.10519495152383,37.63165443955213
2312,54,91,242.24368418389432,127.10553476764446,37.63165989816212
2313,54,92,257.8195658323633,127.10587458385676,37.6316653557941
2314,54,93,273.3954474808323,127.10621440016077,37.63167081244805
2315,54,94,288.9713291293013,127.10655421655643,37.63167626812398
2316,54,95,304.5472107777703,127.10689403304374,37.6316817228219
2317,54,96,320.1230924262393,127.10723384962265,37.6316871765418
2318,54,97,336.0638356858486,127.1075736662932,37.63169262928368
2319,55,58,337.00187196249436,127.09431398059375,37.63174950165186
2320,55,59,314.3554705964143,127.09465379500072,37.63175499161118
2321,55,60,293.03320986120457,127.09499360949992,37.631760480592504
2322,55,61,273.3451339775932,127.09533342409135,37.63176596859582
2323,55,62,254.67722891825113,127.09567323877492,37.63177145562113
2324,55,63,236.01110723804317,127.09601305355069,37.63177694166844
2325,55,64,217.34498555783517,127.0963528684186,37.63178242673775
2326,55,65,198.6788638776272,127.09669268337866,37.63178791082906
2327,55,66,180.01274219741924,127.09703249843083,37.63179339394235
2328,55,67,161.34662051721125,127.09737231357511,37.631798876077646
2329,55,68,142.68049883700328,127.0977121288115,37.63180435723493
2330,55,69,124.76753323031583,127.09805194413994,37.63180983741421
2331,55,70,107.69930339682264,127.09839175956043,37.63181531661548
2332,55,71,90.63107356332945,127.09873157507296,37.631820794838745
2333,55,72,71.99342864905918,127.09907139067752,37.631826272083984
2334,55,73,49.2314133391538,127.09941120637407,37.63183174835123
2335,55,74,26.469398029248417,127.09975102216264,37.63183722364046
2336,55,75,3.7073827193430366,127.10009083804316,37.63184269795167
2337,55,76,0.0,127.10043065401565,37.63184817128487
2338,55,77,0.0,127.10077047008008,37.63185364364005
2339,55,78,9.316519133938641,127.10111028623643,37.631859115017235
2340,55,79,29.83640971112044,127.10145010248469,37.631864585416395
2341,55,80,45.380741730206495,127.10178991882482,37.63187005483753
2342,55,81,60.92507374929255,127.10212973525684,37.63187552328065
2343,55,82,76.4694057683786,127.10246955178074,37.631880990745756
2344,55,83,92.01373778746466,127.10280936839646,37.63188645723284
2345,55,84,107.57285759870854,127.103149185104,37.63189192274191
2346,55,85,123.14873924717753,127.10348900190336,37.63189738727295
2347,55,86,138.72462089564655,127.10382881879453,37.631902850825966
2348,55,87,154.30050254411555,127.10416863577746,37.631908313400984
2349,55,88,169.87638419258454,127.10450845285216,37.63191377499795
2350,55,89,185.45226584105353,127.10484827001858,37.631919235616905
2351,55,90,201.02814748952255,127.10518808727674,37.63192469525783
2352,55,91,216.60402913799157,127.10552790462663,37.63193015392073
2353,55,92,232.17991078646057,127.10586772206817,37.631935611605606
2354,55,93,247.75579243492956,127.10620753960143,37.63194106831246
2355,55,94,263.3316740833985,127.10654735722633,37.631946524041275
2356,55,95,278.90755573186755,127.10688717494288,37.63195197879207
2357,55,96,294.53652466632064,127.10722699275107,37.63195743256483
2358,55,97,311.62829147638774,127.10756681065085,37.63196288535956
2359,55,98,330.5640932322669,127.10790662864225,37.63196833717626
2360,56,59,335.4426841744382,127.09464689255546,37.6320252456584
2361,56,60,315.5485613242747,127.09498670828388,37.63203073469291
2362,56,61,296.8290036960349,127.09532652410452,37.63203622274944
2363,56,62,278.1628820158269,127.09566634001732,37.632041709827945
2364,56,63,259.49676033561894,127.09600615602233,37.63204719592843
2365,56,64,240.83063865541092,127.09634597211948,37.632052681050915
2366,56,65,222.16451697520296,127.09668578830875,37.63205816519537
2367,56,66,203.498395294995,127.09702560459016,37.63206364836182
2368,56,67,184.83227361478703,127.09736542096365,37.63206913055025
2369,56,68,166.5075499883128,127.09770523742927,37.632074611760665
2370,56,69,149.43888362608973,127.09804505398692,37.63208009199307
2371,56,70,132.37065379259656,127.09838487063668,37.63208557124746
2372,56,71,114.29746685915667,127.09872468737845,37.63209104952381
2373,56,72,91.53545154925129,127.09906450421224,37.63209652682215
2374,56,73,68.77343623934593,127.09940432113802,37.63210200314247
2375,56,74,46.01142092944054,127.09974413815583,37.63210747848477
2376,56,75,23.249405619535157,127.1000839552656,37.632112952849056
2377,56,76,0.4873903096297723,127.10042377246732,37.63211842623531
2378,56,77,0.0,127.10076358976099,37.63212389864354
2379,56,78,0.0,127.10110340714658,37.63212937007375
2380,56,79,4.177615076913321,127.10144322462409,37.63213484052594
2381,56,80,19.721947095999376,127.10178304219347,37.632140310000096
2382,56,81,35.26627911508543,127.10212285985476,37.63214577849622
2383,56,82,50.810611134171495,127.10246267760789,37.63215124601433
2384,56,83,66.3573209043368,127.10280249545286,37.632156712554405
2385,56,84,81.93320255280581,127.10314231338965,37.63216217811644
2386,56,85,97.50908420127482,127.10348213141829,37.63216764270045
2387,56,86,113.08496584974384,127.1038219495387,37.632173106306446
2388,56,87,128.66084749821283,127.10416176775088,37.63217856893439
2389,56,88,144.23672914668182,127.10450158605482,37.6321840305843
2390,56,89,159.81261079515082,127.10484140445051,37.63218949125619
2391,56,90,175.3884924436198,127.10518122293794,37.63219495095005
2392,56,91,190.9643740920888,127.10552104151708,37.632200409665856
2393,56,92,206.54025574055782,127.1058608601879,37.632205867403634
2394,56,93,222.11613738902685,127.1062006789504,37.63221132416338
2395,56,94,237.69201903749584,127.10654049780459,37.63221677994508
2396,56,95,253.26790068596483,127.1068803167504,37.63222223474875
2397,56,96,269.6758327235156,127.10722013578786,37.632227688574375
2398,56,97,288.2455245812152,127.10755995491691,37.63223314142196
2399,56,98,308.6193612317255,127.10789977413759,37.63223859329151
2400,56,99,330.4638222454262,127.10823959344981,37.63224404418302
2401,57,60,338.9807784738186,127.09497980697563,37.63230098877986
2402,57,61,320.3146567936106,127.0953196240255,37.632306476889575
2403,57,62,301.64853511340266,127.09565944116756,37.63231196402126
2404,57,63,282.98241343319467,127.09599925840179,37.63231745017494
2405,57,64,264.31629175298673,127.09633907572818,37.63232293535058
2406,57,65,245.6501700727787,127.0966788931467,37.6323284195482
2407,57,66,226.98404839257077,127.09701871065737,37.63233390276781
2408,57,67,208.39970249866766,127.09735852826013,37.632339385009374
2409,57,68,191.17846385535682,127.09769834595495,37.632344866272916
2410,57,69,174.11023402186365,127.09803816374189,37.63235034655843
2411,57,70,156.6015050692542,127.09837798162089,37.63235582586593
2412,57,71,133.8394897593488,127.09871779959191,37.6323613041954
2413,57,72,111.07747444944341,127.09905761765494,37.632366781546835
2414,57,73,88.31545913953804,127.09939743581,37.63237225792024
2415,57,74,65.55344382963266,127.09973725405705,37.63237773331562
2416,57,75,42.818057833552494,127.10007707239608,37.63238320773295
2417,57,76,24.25098765870015,127.10041689082706,37.63238868117227
2418,57,77,6.467273874671805,127.10075670935,37.632394153633555
2419,57,78,0.0,127.10109652796484,37.63239962511679
2420,57,79,0.0,127.10143634667162,37.632405095622005
2421,57,80,0.0,127.10177616547027,37.632410565149186
2422,57,81,9.607484480878316,127.10211598436081,37.63241603369832
2423,57,82,25.151816499964372,127.1024558033432,37.63242150126941
2424,57,83,40.717665858434046,127.10279562241745,37.63242696786248
2425,57,84,56.293547506903046,127.10313544158352,37.632432433477504
2426,57,85,71.86942915537206,127.10347526084142,37.63243789811448
2427,57,86,87.44531080384107,127.1038150801911,37.63244336177343
2428,57,87,103.02119245231007,127.10415489963256,37.632448824454336
2429,57,88,118.59707410077907,127.10449471916577,37.63245428615719
2430,57,89,134.17295574924808,127.10483453879074,37.632459746882
2431,57,90,149.74883739771707,127.10517435850743,37.63246520662877
2432,57,91,165.32471904618606,127.10551417831584,37.63247066539751
2433,57,92,180.90060069465508,127.10585399821596,37.6324761231882
2434,57,93,196.47648234312408,127.10619381820776,37.632481580000835
2435,57,94,212.0523639915931,127.10653363829121,37.63248703583542
2436,57,95,227.89891939575023,127.10687345846631,37.63249249069196
2437,57,96,245.9641135363633,127.10721327873306,37.632497944570446
2438,57,97,266.19311192010093,127.1075530990914,37.6325033974709
2439,57,98,288.1305268792006,127.10789291954136,37.63250884939329
2440,57,99,311.4155233858198,127.10823274008287,37.63251430033764
2441,57,100,335.76786012309526,127.10857256071597,37.63251975030392
2442,58,61,343.80030989118643,127.09531272385432,37.632576731016215
2443,58,62,325.1341882109784,127.09565254222564,37.632582218201094
2444,58,63,306.46806653077044,127.09599236068911,37.63258770440793
2445,58,64,287.8019448505625,127.09633217924474,37.632593189636765
2446,58,65,269.13582317035446,127.09667199789254,37.63259867388754
2447,58,66,250.47177046516816,127.09701181663245,37.632604157160294
2448,58,67,232.91804408462392,127.09735163546449,37.632609639455005
2449,58,68,215.84981425113074,127.09769145438858,37.63261512077168
2450,58,69,198.7815844176375,127.09803127340479,37.63262060111033
2451,58,70,176.1435279694463,127.09837109251302,37.632626080470935
2452,58,71,153.38151265954093,127.09871091171333,37.63263155885349
2453,58,72,130.61949734963554,127.09905073100563,37.632637036258025
2454,58,73,107.85748203973016,127.09939055038996,37.63264251268453
2455,58,74,85.2268156256255,127.09973036986628,37.63264798813296
2456,58,75,66.19540350305283,127.10007018943458,37.63265346260338
2457,58,76,48.41168971902448,127.10041000909486,37.63265893609575
2458,58,77,30.627975934996137,127.10074982884704,37.63266440861007
2459,58,78,12.844262150967785,127.10108964869119,37.632669880146345
2460,58,79,0.0,127.10142946862723,37.63267535070459
2461,58,80,0.0,127.10176928865516,37.63268082028478
2462,58,81,0.0,127.102109108775,37.63268628888692
2463,58,82,0.0,127.10244892898669,37.63269175651102
2464,58,83,15.078010812531291,127.1027887492902,37.63269722315707
2465,58,84,30.653892461000297,127.10312856968557,37.63270268882508
2466,58,85,46.229774109469304,127.10346839017275,37.63270815351503
2467,58,86,61.80565575793831,127.1038082107517,37.63271361722693
2468,58,87,77.38153740640732,127.10414803142245,37.63271907996079
2469,58,88,92.9574190548763,127.10448785218496,37.6327245417166
2470,58,89,108.5333007033453,127.10482767303922,37.63273000249434
2471,58,90,124.10918235181431,127.1051674939852,37.632735462294036
2472,58,91,139.68506400028332,127.10550731502292,37.632740921115676
2473,58,92,155.2609456487523,127.10584713615232,37.63274637895926
2474,58,93,170.83682729722133,127.10618695737341,37.6327518358248
2475,58,94,186.41561138590234,127.10652677868617,37.632757291712274
2476,58,95,203.74299461419065,127.10686660009057,37.63276274662169
2477,58,96,223.76692235524104,127.1072064215866,37.632768200553045
2478,58,97,245.82933760296964,127.10754624317427,37.632773653506355
2479,58,98,269.42993692664,127.10788606485352,37.632779105481596
2480,58,99,294.19877395779804,127.10822588662435,37.63278455647877
2481,58,100,319.86457491296204,127.10856570848675,37.63279000649789
2482,58,101,346.22792199680873,127.1089055304407,37.63279545553895
2483,59,62,348.61984130855416,127.0956456431915,37.632852472367446
2484,59,63,329.9537196283462,127.09598546288427,37.63285795862747
2485,59,64,311.2875979481382,127.09632528266918,37.63286344390946
2486,59,65,292.62147626793023,127.09666510254625,37.6328689282134
2487,59,66,274.657624313891,127.09700492251545,37.6328744115393
2488,59,67,257.5893944803978,127.09734474257674,37.63287989388714
2489,59,68,240.52116464690465,127.09768456273012,37.632885375256954
2490,59,69,218.4475661795438,127.09802438297561,37.632890855648725
2491,59,70,195.6855508696384,127.09836420331314,37.63289633506244
2492,59,71,172.92353555973304,127.09870402374271,37.632901813498115
2493,59,72,150.16152024982765,127.09904384426434,37.63290729095574
2494,59,73,127.64730364066169,127.09938366487795,37.632912767435315
2495,59,74,108.1398193474055,127.09972348558355,37.63291824293684
2496,59,75,90.35610556337716,127.10006330638116,37.632923717460315
2497,59,76,72.57239177934882,127.10040312727071,37.632929191005736
2498,59,77,54.78867799532047,127.10074294825219,37.63293466357311
2499,59,78,37.00496421129212,127.10108276932563,37.63294013516243
2500,59,79,19.221250427263765,127.10142259049096,37.63294560577369
2501,59,80,1.5508409465540463,127.1017624117482,37.6329510754069
2502,59,81,0.0,127.1021022330973,37.63295654406206
2503,59,82,0.0,127.10244205453829,37.632962011739146
2504,59,83,0.0,127.10278187607113,37.6329674784382
2505,59,84,5.01423741509754,127.1031216976958,37.63297294415918
2506,59,85,20.590119063566554,127.10346151941226,37.632978408902105
2507,59,86,36.166000712035554,127.10380134122055,37.632983872666976
2508,59,87,51.741882360504555,127.10414116312059,37.63298933545378
2509,59,88,67.31776400897355,127.1044809851124,37.63299479726252
2510,59,89,82.89364565744256,127.10482080719598,37.633000258093205
2511,59,90,98.46952730591157,127.10516062937127,37.63300571794583
2512,59,91,114.04540895438055,127.1055004516383,37.633011176820375
2513,59,92,129.62129060284957,127.10584027399702,37.63301663471687
2514,59,93,145.19717225131856,127.10618009644742,37.6330220916353
2515,59,94,161.62942356200872,127.10651991898948,37.63302754757565
2516,59,95,181.34083447190147,127.1068597416232,37.63303300253794
2517,59,96,203.58026901677854,127.10719956434856,37.63303845652217
2518,59,97,227.60789445650227,127.10753938716553,37.633043909528325
2519,59,98,252.91457313666336,127.1078792100741,37.633049361556424
2520,59,99,279.1526625179832,127.10821903307425,37.63305481260644
2521,59,100,306.0827284850574,127.10855885616598,37.633060262678384
2522,59,101,333.5372008679627,127.10889867934925,37.63306571177226
2523,60,64,334.773251045714,127.09631838600149,37.633133698168656
2524,60,65,316.4564344516839,127.09665820710785,37.63313918252576
2525,60,66,299.3289747096649,127.09699802830632,37.6331446659048
2526,60,67,282.2607448761717,127.09733784959693,37.6331501483058
2527,60,68,260.7516043896413,127.09767767097962,37.63315562972875
2528,60,69,237.9895890797359,127.09801749245439,37.63316111017364
2529,60,70,215.22757376983054,127.09835731402123,37.63316658964046
2530,60,71,192.46555845992515,127.0986971356801,37.633172068129234
2531,60,72,170.07074454996132,127.09903695743101,37.63317754563995
2532,60,73,150.11672746562118,127.09937677927392,37.63318302217262
2533,60,74,132.30052140772983,127.09971660120883,37.63318849772722
2534,60,75,114.51680762370148,127.10005642323573,37.633193972303765
2535,60,76,96.73309383967315,127.1003962453546,37.63319944590224
2536,60,77,78.9493800556448,127.1007360675654,37.633204918522665
2537,60,78,61.16566627161645,127.10107588986814,37.63321039016502
2538,60,79,43.381952487588094,127.10141571226278,37.63321586082931
2539,60,80,26.605443194319523,127.10175553474936,37.63322133051553
2540,60,81,10.104930892991879,127.10209535732778,37.63322679922369
2541,60,82,0.0,127.10243517999807,37.633232266953804
2542,60,83,0.0,127.10277500276023,37.633237733705826
2543,60,84,0.0,127.10311482561418,37.63324319947979
2544,60,85,0.0,127.10345464855999,37.63324866427569
2545,60,86,10.5263456661328,127.10379447159758,37.63325412809352
2546,60,87,26.1022273146018,127.10413429472696,37.63325959093327
2547,60,88,41.6781089630708,127.10447411794812,37.63326505279496
2548,60,89,57.25399061153979,127.10481394126099,37.63327051367858
2549,60,90,72.82987226000881,127.10515376466563,37.63327597358411
2550,60,91,88.4057539084778,127.10549358816199,37.63328143251158
2551,60,92,103.98163555694681,127.10583341175003,37.63328689046099
2552,60,93,119.73693359868669,127.10617323542976,37.63329234743231
2553,60,94,138.91494143393885,127.10651305920115,37.633297803425556
2554,60,95,161.42425046929293,127.10685288306419,37.63330325844072
2555,60,96,186.05971172059623,127.10719270701888,37.63330871247782
2556,60,97,212.08169183484398,127.1075325310652,37.63331416553684
2557,60,98,239.03780390872922,127.10787235520311,37.633319617617765
2558,60,99,266.64489378851124,127.10821217943261,37.63332506872063
2559,60,100,294.7200825689773,127.10855200375367,37.63333051884539
2560,60,101,323.14138508622375,127.10889182816629,37.63333596799209
2561,61,65,341.068554938932,127.0966513115773,37.63340943682463
2562,61,66,324.00032510543883,127.09699113400511,37.63341492025684
2563,61,67,303.0556425997388,127.09733095652501,37.63342040271097
2564,61,68,280.2936272898334,127.097670779137,37.63342588418705
2565,61,69,257.531611979928,127.0980106018411,37.633431364685066
2566,61,70,234.76959667002265,127.09835042463725,37.633436844205
2567,61,71,212.49536977737918,127.09869024752544,37.63344232274689
2568,61,72,192.2635063917084,127.09903007050566,37.633447800310705
2569,61,73,174.2449372520825,127.09936989357792,37.63345327689645
2570,61,74,156.4612234680542,127.09970971674214,37.63345875250411
2571,61,75,138.6775096840258,127.10004953999837,37.63346422713373
2572,61,76,120.89379589999747,127.10038936334657,37.63346970078526
2573,61,77,103.11008211596913,127.1007291867867,37.633475173458734
2574,61,78,85.32636833194078,127.10106901031875,37.63348064515412
2575,61,79,68.16055774341264,127.10140883394274,37.63348611587145
2576,61,80,51.660045442085,127.1017486576586,37.633491585610685
2577,61,81,35.159533140757354,127.10208848146638,37.63349705437186
2578,61,82,18.659020839429708,127.10242830536602,37.633502522154956
2579,61,83,2.158508538102063,127.10276812935747,37.63350798895998
2580,61,84,0.0,127.10310795344078,37.63351345478693
2581,61,85,0.0,127.10344777761593,37.6335189196358
2582,61,86,0.0,127.10378760188284,37.63352438350658
2583,61,87,0.4625722686990482,127.10412742624156,37.63352984639929
2584,61,88,16.038453917168045,127.10446725069204,37.633535308313924
2585,61,89,31.614335565637045,127.1048070752343,37.63354076925047
2586,61,90,47.190217214106056,127.10514689986826,37.63354622920894
2587,61,91,62.76609886257506,127.10548672459393,37.63355168818932
2588,61,92,78.34198051104406,127.10582654941135,37.633557146191635
2589,61,93,96.48950025895957,127.10616637432041,37.63356260321585
2590,61,94,119.45983151755286,127.10650619932117,37.633568059261975
2591,61,95,145.02096066493448,127.10684602441356,37.633573514330024
2592,61,96,172.02182047100544,127.1071858495976,37.63357896841998
2593,61,97,199.87979989017694,127.10752567487326,37.63358442153187
2594,61,98,228.2813222541773,127.10786550024052,37.63358987366565
2595,61,99,257.04627944417695,127.10820532569937,37.633595324821336
2596,61,100,286.0650580935607,127.10854515124979,37.633600774998946
2597,61,101,315.26757706438923,127.10888497689177,37.63360622419846
2598,61,102,344.6071282403035,127.10922480262528,37.63361167241989
2599,62,66,345.35968080983633,127.09698423961176,37.633685174595385
2600,62,67,322.59766549993094,127.09732406336099,37.63369065710267
2601,62,68,299.83565019002555,127.09766388720232,37.63369613863187
2602,62,69,277.07363488012015,127.09800371113575,37.633701619183
2603,62,70,254.9205880306101,127.09834353516122,37.63370709875606
2604,62,71,234.5111509397398,127.09868335927875,37.63371257735105
2605,62,72,216.18935309643518,127.09902318348833,37.63371805496795
2606,62,73,198.40563931240683,127.0993630077899,37.63372353160679
2607,62,74,180.62192552837848,127.09970283218348,37.63372900726753
2608,62,75,162.83821174435016,127.10004265666902,37.6337344819502
2609,62,76,145.0544979603218,127.10038248124657,37.63373995565481
2610,62,77,127.27078417629345,127.10072230591604,37.63374542838132
2611,62,78,109.71567229250576,127.10106213067745,37.633750900129755
2612,62,79,93.21515999117813,127.10140195553076,37.633756370900095
2613,62,80,76.71464768985048,127.10174178047598,37.63376184069236
2614,62,81,60.214135388522834,127.1020816055131,37.633767309506545
2615,62,82,43.71362308719519,127.10242143064208,37.63377277734265
2616,62,83,27.213110785867546,127.10276125586292,37.633778244200656
2617,62,84,10.712598484539898,127.10310108117557,37.633783710080586
2618,62,85,0.0,127.10344090658006,37.633789174982425
2619,62,86,0.0,127.10378073207633,37.633794638906174
2620,62,87,0.0,127.1041205576644,37.63380010185185
2621,62,88,0.0,127.10446038334425,37.63380556381941
2622,62,89,5.974680519734292,127.10480020911585,37.63381102480889
2623,62,90,21.550562168203296,127.10514003497919,37.63381648482029
2624,62,91,37.1264438166723,127.10547986093421,37.63382194385358
2625,62,92,54.06557469270857,127.10581968698096,37.633827401908796
2626,62,93,77.99688489184172,127.10615951311941,37.633832858985905
2627,62,94,105.0901600475019,127.10649933934951,37.63383831508492
2628,62,95,133.43301474817963,127.10683916567127,37.63384377020585
2629,62,96,162.37240255279303,127.10717899208468,37.63384922434868
2630,62,97,191.63826548146545,127.10751881858972,37.63385467751341
2631,62,98,221.10100063709118,127.10785864518634,37.63386012970005
2632,62,99,250.6912048092261,127.10819847187457,37.633865580908584
2633,62,100,280.3685215117412,127.10853829865437,37.633871031139016
2634,62,101,310.10794175683094,127.1088781255257,37.63387648039135
2635,62,102,339.8931644305846,127.10921795248859,37.63388192866559
2636,63,67,342.1396884001231,127.09731717010487,37.63396091148085
2637,63,68,319.3802694496164,127.09765699517556,37.63396639306319
2638,63,69,297.3461454717699,127.09799682033832,37.633971873667456
2639,63,70,276.81348222246754,127.09833664559315,37.63397735329362
2640,63,71,258.1337689407879,127.09867647094003,37.633982831941715
2641,63,72,240.35005515675954,127.09901629637895,37.63398830961171
2642,63,73,222.56634137273116,127.09935612190988,37.63399378630363
2643,63,74,204.7826275887028,127.09969594753281,37.63399926201746
2644,63,75,186.9989138046745,127.10003577324773,37.6340047367532
2645,63,76,169.21520002064614,127.10037559905462,37.63401021051086
2646,63,77,151.43395396595957,127.10071542495344,37.634015683290414
2647,63,78,134.77027454027123,127.10105525094421,37.63402115509189
2648,63,79,118.26976223894358,127.10139507702691,37.63402662591526
2649,63,80,101.76924993761595,127.10173490320149,37.63403209576055
2650,63,81,85.26873763628831,127.10207472946797,37.63403756462774
2651,63,82,68.76822533496066,127.10241455582629,37.63404303251684
2652,63,83,52.26771303363302,127.1027543822765,37.63404849942784
2653,63,84,35.767200732305376,127.10309420881853,37.63405396536075
2654,63,85,19.26668843097773,127.10343403545237,37.63405943031557
2655,63,86,2.7661761296500846,127.10377386217803,37.63406489429228
2656,63,87,0.0,127.10411368899548,37.634070357290895
2657,63,88,0.0,127.10445351590468,37.634075819311406
2658,63,89,0.0,127.10479334290565,37.634081280353826
2659,63,90,0.0,127.10513316999835,37.63408674041814
2660,63,91,11.6597201288,127.10547299718279,37.63409219950436
2661,63,92,38.683029346992726,127.10581282445892,37.63409765761248
2662,63,93,68.24078286068132,127.10615265182673,37.63410311474249
2663,63,94,98.06748763691775,127.10649247928623,37.63410857089439
2664,63,95,127.9752312652545,127.10683230683738,37.63411402606819
2665,63,96,157.91797713805013,127.10717213448015,37.63411948026389
2666,63,97,187.87899081417294,127.10751196221457,37.63412493348148
2667,63,98,217.85073531051125,127.10785179004058,37.634130385720965
2668,63,99,247.82931739668896,127.1081916179582,37.63413583698234
2669,63,100,277.81252356092074,127.10853144596737,37.6341412872656
2670,63,101,307.79900248906836,127.10887127406811,37.63414673657076
2671,63,102,337.787882582019,127.1092111022604,37.63415218489781
2672,64,68,339.77191504296803,127.09765010305672,37.63423664748104
2673,64,69,319.1487552304963,127.09798992944883,37.634242128138425
2674,64,70,300.1114820835495,127.09832975593304,37.6342476078177
2675,64,71,282.2944710011122,127.09866958250929,37.63425308651891
2676,64,72,264.51075721708384,127.09900940917758,37.634258564242
2677,64,73,246.72704343305546,127.09934923593788,37.63426404098701
2678,64,74,228.9433296490271,127.09968906279018,37.63426951675391
2679,64,75,211.15961586499878,127.10002888973446,37.63427499154271
2680,64,76,193.37590208097046,127.1003687167707,37.63428046535342
2681,64,77,176.32538908936434,127.10070854389893,37.63428593818603
2682,64,78,159.8248767880367,127.10104837111906,37.63429141004055
2683,64,79,143.32436448670907,127.10138819843111,37.634296880916956
2684,64,80,126.82385218538141,127.1017280258351,37.63430235081526
2685,64,81,110.32333988405378,127.10206785333095,37.63430781973547
2686,64,82,93.82282758272613,127.10240768091867,37.634313287677564
2687,64,83,77.32231528139849,127.10274750859826,37.634318754641555
2688,64,84,60.82180298007084,127.10308733636967,37.63432422062745
2689,64,85,44.32129067874319,127.1034271642329,37.63432968563523
2690,64,86,27.82077837741555,127.10376699218794,37.63433514966491
2691,64,87,11.3202660760879,127.10410682023478,37.63434061271647
2692,64,88,0.0,127.10444664837338,37.63434607478994
2693,64,89,0.0,127.10478647660372,37.63435153588529
2694,64,90,0.0,127.10512630492583,37.63435699600254
2695,64,91,19.735493510038,127.10546613333966,37.634362455141655
2696,64,92,43.239647917943905,127.10580596184516,37.63436791330268
2697,64,93,70.92316150628163,127.1061457904424,37.63437337048559
2698,64,94,99.95260138697975,127.10648561913128,37.63437882669039
2699,64,95,129.42546198489237,127.10682544791182,37.634384281917065
2700,64,96,159.09549929517547,127.10716527678403,37.63438973616564
2701,64,97,188.86981119797713,127.10750510574783,37.634395189436084
2702,64,98,218.70581443559723,127.10784493480324,37.63440064172841
2703,64,99,248.5812964684114,127.10818476395025,37.63440609304263
2704,64,100,278.48355183007595,127.10852459318883,37.634411543378725
2705,64,101,308.4047929683859,127.10886442251898,37.6344169927367
2706,64,102,338.3399828749941,127.10920425194065,37.63442244111656
2707,65,69,342.19457287255676,127.0979830384673,37.634512382595894
2708,65,70,324.2388868454649,127.09832286618088,37.634517862328295
2709,65,71,306.4551730614366,127.09866269398651,37.634523341082584
2710,65,72,288.6714592774082,127.09900252188417,37.63452881885879
2711,65,73,270.8877454933798,127.09934234987387,37.634534295656884
2712,65,74,253.10403170935146,127.09968217795554,37.63453977147686
2713,65,75,235.3203179253231,127.10002200612922,37.63454524631874
2714,65,76,217.8805036384575,127.10036183439486,37.6345507201825
2715,65,77,201.37999133712984,127.10070166275247,37.634556193068164
2716,65,78,184.8794790358022,127.101041491202,37.63456166497571
2717,65,79,168.37896673447452,127.10138131974345,37.63456713590515
2718,65,80,151.87845443314689,127.10172114837681,37.63457260585648
2719,65,81,135.37794213181925,127.10206097710208,37.63457807482969
2720,65,82,118.87742983049161,127.10240080591917,37.63458354282479
2721,65,83,102.37691752916396,127.10274063482815,37.634589009841775
2722,65,84,85.87640522783632,127.10308046382899,37.634594475880654
2723,65,85,69.37589292650867,127.10342029292163,37.6345999409414
2724,65,86,52.87538062518102,127.10376012210607,37.634605405024054
2725,65,87,36.37486832385338,127.10409995138231,37.63461086812857
2726,65,88,13.603043405467108,127.1044397807503,37.634616330254985
2727,65,89,0.0,127.10477961021007,37.63462179140326
2728,65,90,16.85878118127017,127.10511943976158,37.634627251573434
2729,65,91,39.461520907297896,127.1054592694048,37.63463271076548
2730,65,92,62.06426063332562,127.10579909913973,37.6346381689794
2731,65,93,84.87275906115906,127.10613892896636,37.634643626215215
2732,65,94,110.28967728954471,127.10647875888468,37.6346490824729
2733,65,95,137.5654048175277,127.10681858889463,37.63465453775245
2734,65,96,165.78500622368907,127.10715841899624,37.63465999205389
2735,65,97,194.538160715493,127.10749824918948,37.6346654453772
2736,65,98,223.61914868934042,127.1078380794743,37.63467089772237
2737,65,99,252.91490930058612,127.10817790985072,37.63467634908943
2738,65,100,282.3586000682502,127.10851774031873,37.63468179947836
2739,65,101,311.90833063334554,127.10885757087831,37.63468724888916
2740,65,102,341.5365784282245,127.10919740152941,37.63469269732183
2741,66,70,348.39958890578924,127.09831597633664,37.634788116825405
2742,66,71,330.61587512176084,127.09865580537169,37.63479359563281
2743,66,72,312.83216133773254,127.09899563449875,37.6347990734621
2744,66,73,295.04844755370414,127.09933546371785,37.63480455031328
2745,66,74,277.2647337696758,127.09967529302892,37.63481002618633
2746,66,75,259.54795697079715,127.10001512243201,37.634815501081285
2747,66,76,242.93510588622294,127.10035495192707,37.63482097499811
2748,66,77,226.4345935848953,127.10069478151406,37.63482644793681
2749,66,78,209.93408128356765,127.10103461119301,37.634831919897394
2750,66,79,193.43356898224002,127.10137444096388,37.634837390879866
2751,66,80,176.9330566809124,127.10171427082666,37.63484286088421
2752,66,81,160.43254437958473,127.1020541007813,37.63484832991044
2753,66,82,143.9320320782571,127.10239393082786,37.634853797958556
2754,66,83,127.43151977692945,127.10273376096626,37.63485926502852
2755,66,84,110.93100747560179,127.10307359119649,37.63486473112039
2756,66,85,94.43049517427414,127.10341342151855,37.63487019623411
2757,66,86,77.9299828729465,127.10375325193242,37.63487566036972
2758,66,87,50.09476560003016,127.10409308243806,37.6348811235272
2759,66,88,21.408210807270034,127.1044329130355,37.63488658570655
2760,66,89,13.982068852502344,127.10477274372467,37.63489204690777
2761,66,90,36.584808578530065,127.1051125745056,37.634897507130866
2762,66,91,59.187548304557794,127.10545240537824,37.634902966375826
2763,66,92,81.79028803058551,127.10579223634262,37.63490842464266
2764,66,93,104.39302775661325,127.10613206739868,37.63491388193136
2765,66,94,127.03189878624725,127.10647189854642,37.63491933824193
2766,66,95,151.31930146289244,127.10681172978579,37.63492479357436
2767,66,96,177.36391595021823,127.10715156111682,37.634930247928665
2768,66,97,204.49544338975974,127.10749139253949,37.63493570130485
2769,66,98,232.33341140084175,127.10783122405377,37.634941153702876
2770,66,99,260.6515715263024,127.10817105565962,37.63494660512277
2771,66,100,289.3089515122363,127.10851088735707,37.634952055564526
2772,66,101,318.2139172177858,127.10885071914608,37.63495750502815
2773,66,102,347.3046570333692,127.10919055102663,37.63496295351363
2774,67,72,336.99286339805684,127.09898874702131,37.63506932805192
2775,67,73,319.2091496140285,127.09932857746982,37.63507480495619
2776,67,74,301.4254358300001,127.09966840801033,37.63508028088233
2777,67,75,284.4902204353161,127.10000823864283,37.63508575583033
2778,67,76,267.9897081339884,127.1003480693673,37.635091229800224
2779,67,77,251.48919583266076,127.10068790018374,37.635096702791984
2780,67,78,234.98868353133312,127.10102773109212,37.63510217480561
2781,67,79,218.4881712300055,127.10136756209239,37.63510764584111
2782,67,80,201.98765892867783,127.10170739318461,37.63511311589848
2783,67,81,185.4871466273502,127.1020472243687,37.63511858497771
2784,67,82,168.98663432602254,127.10238705564467,37.63512405307881
2785,67,83,152.4861220246949,127.10272688701248,37.635129520201794
2786,67,84,135.98560972336725,127.10306671847215,37.63513498634663
2787,67,85,116.15694064530012,127.10340655002364,37.63514045151333
2788,67,86,88.48524497173524,127.10374638166695,37.635145915701905
2789,67,87,62.98287303180298,127.10408621340204,37.63515137891234
2790,67,88,43.63537570564088,127.10442604522889,37.635156841144635
2791,67,89,40.51234047305405,127.10476587714754,37.63516230239879
2792,67,90,56.377774417201614,127.10510570915791,37.63516776267482
2793,67,91,78.91357570181769,127.10544554125998,37.63517322197269
2794,67,92,101.51631542784541,127.10578537345378,37.63517868029244
2795,67,93,124.11905515387315,127.1061252057393,37.635184137634035
2796,67,94,146.72179487990087,127.10646503811648,37.635189593997495
2797,67,95,169.32460361041797,127.10680487058531,37.63519504938281
2798,67,96,192.95400766453005,127.10714470314579,37.635200503789974
2799,67,97,218.1551667043022,127.10748453579791,37.63520595721901
2800,67,98,244.442435853025,127.10782436854164,37.6352114096699
2801,67,99,271.50051957913195,127.10816420137695,37.63521686114263
2802,67,100,299.12030993852113,127.10850403430385,37.635222311637214
2803,67,101,327.15957498397523,127.1088438673223,37.635227761153665
2804,68,73,343.3698516743528,127.09932169112979,37.63534505958561
2805,68,74,326.0453349844092,127.09966152289974,37.63535053556482
2806,68,75,309.5448226830815,127.10000135476167,37.63535601056591
2807,68,76,293.04431038175386,127.1003411867156,37.63536148458884
2808,68,77,276.54379808042626,127.10068101876146,37.63536695763366
2809,68,78,260.0432857790986,127.10102085089929,37.635372429700325
2810,68,79,243.54277347777096,127.10136068312902,37.63537790078887
2811,68,80,227.04226117644333,127.10170051545066,37.63538337089925
2812,68,81,210.54174887511567,127.10204034786419,37.63538884003149
2813,68,82,194.04123657378804,127.10238018036962,37.63539430818561
2814,68,83,177.5407242724604,127.1027200129669,37.63539977536158
2815,68,84,155.5665955963795,127.10305984565599,37.63540524155939
2816,68,85,129.37607732142638,127.10339967843693,37.63541070677907
2817,68,86,105.23959853929469,127.1037395113097,37.63541617102061
2818,68,87,84.92689102012469,127.10407934427424,37.63542163428399
2819,68,88,71.76197137743887,127.10441917733056,37.63542709656923
2820,68,89,69.90696856257304,127.10475901047865,37.63543255787633
2821,68,90,80.15103225312069,127.10509884371848,37.63543801820528
2822,68,91,98.79975551018845,127.10543867705003,37.63544347755607
2823,68,92,121.24234282510531,127.10577851047329,37.63544893592873
2824,68,93,143.84508255113306,127.10611834398826,37.63545439332323
2825,68,94,166.44782227716075,127.10645817759489,37.635459849739576
2826,68,95,189.0505620031885,127.1067980112932,37.635465305177775
2827,68,96,211.65330172921622,127.10713784508313,37.63547075963781
2828,68,97,234.87223580574468,127.10747767896471,37.6354762131197
2829,68,98,259.47137575919174,127.10781751293793,37.63548166562343
2830,68,99,285.1066862147327,127.10815734700272,37.63548711714901
2831,68,100,311.52247143717324,127.10849718115907,37.63549256769643
2832,68,101,338.53608064178735,127.108837015407,37.635498017265704
2833,69,75,334.599424930847,127.09999447078856,37.635626265287996
2834,69,76,318.0989126295194,127.10033430397192,37.635631739364
2835,69,77,301.59840032819176,127.10067413724724,37.63563721246186
2836,69,78,285.0978880268641,127.10101397061452,37.63564268458157
2837,69,79,268.59737572553644,127.10135380407372,37.63564815572313
2838,69,80,252.0968634242088,127.10169363762482,37.63565362588655
2839,69,81,235.59635112288115,127.10203347126783,37.635659095071794
2840,69,82,219.0958388215535,127.1023733050027,37.635664563278915
2841,69,83,196.23836645982146,127.10271313882943,37.63567003050787
2842,69,84,171.01666640550388,127.103052972748,37.63567549675869
2843,69,85,147.5937122850551,127.10339280675842,37.63568096203133
2844,69,86,126.96892385034946,127.10373264086066,37.63568642632583
2845,69,87,110.71725855235063,127.10407247505468,37.635691889642175
2846,69,88,100.97284317567906,127.10441230934046,37.63569735198037
2847,69,89,99.66302612610403,127.10475214371802,37.635702813340394
2848,69,90,107.0977240385841,127.10509197818732,37.63570827372227
2849,69,91,121.68453563159508,127.10543181274834,37.63571373312598
2850,69,92,141.22439565991832,127.1057716474011,37.63571919155154
2851,69,93,163.57110994839292,127.10611148214552,37.63572464899894
2852,69,94,186.17384967442067,127.10645131698166,37.63573010546818
2853,69,95,208.77658940044842,127.10679115190943,37.63573556095925
2854,69,96,231.37932912647614,127.10713098692885,37.63574101547216
2855,69,97,253.98206885250383,127.10747082203993,37.63574646900691
2856,69,98,276.9452747944531,127.1078106572426,37.6357519215635
2857,69,99,301.09651761014027,127.10815049253688,37.635757373141914
2858,69,100,326.2200800118409,127.10849032792274,37.635762823742176
2859,70,76,343.15351487728486,127.10032742113629,37.63590199412566
2860,70,77,326.6530025759572,127.1006672556411,37.63590746727657
2861,70,78,310.1524902746296,127.10100709023783,37.63591293944931
2862,70,79,293.65197797330194,127.1013469249265,37.6359184106439
2863,70,80,277.1514656719743,127.10168675970709,37.63592388086034
2864,70,81,260.6509533706466,127.10202659457956,37.63592935009862
2865,70,82,237.52479297157777,127.10236642954393,37.635934818358734
2866,70,83,212.96767593656813,127.10270626460016,37.635940285640686
2867,70,84,189.98009030278757,127.10304609974821,37.635945751944476
2868,70,85,169.20295041484218,127.1033859349881,37.635951217270105
2869,70,86,151.54815124810912,127.10372577031981,37.63595668161757
2870,70,87,138.217386259298,127.1040656057433,37.63596214498687
2871,70,88,130.5421371894309,127.1044054412586,37.635967607378
2872,70,89,129.53166909916823,127.10474527686564,37.63597306879097
2873,70,90,135.33535021290126,127.10508511256442,37.635978529225774
2874,70,91,147.14911054736572,127.10542494835495,37.635983988682405
2875,70,92,163.67670711653835,127.10576478423718,37.63598944716087
2876,70,93,183.64985208310213,127.10610462021111,37.635994904661175
2877,70,94,205.89987707168055,127.10644445627675,37.6360003611833
2878,70,95,228.5026167977083,127.106784292434,37.636005816727256
2879,70,96,251.10535652373602,127.10712412868294,37.63601127129304
2880,70,97,273.7080962497637,127.1074639650235,37.63601672488065
2881,70,98,296.31083597579146,127.10780380145567,37.63602217749008
2882,70,99,319.11189778753305,127.10814363797944,37.636027629121344
2883,70,100,342.91811120957044,127.1084834745948,37.63603307977443
2884,71,78,335.20709252239504,127.10100020976923,37.636183194303584
2885,71,79,318.7065802210674,127.10134004568738,37.63618866555121
2886,71,80,302.2060679197397,127.10167988169746,37.63619413582067
2887,71,81,279.15328778569415,127.10201971779944,37.636199605111955
2888,71,82,255.07599220466597,127.10235955399328,37.636205073425074
2889,71,83,232.38107822459864,127.10269939027901,37.63621054076002
2890,71,84,211.51399299918492,127.10303922665656,37.6362160071168
2891,71,85,193.06831162076148,127.10337906312598,37.636221472495414
2892,71,86,177.7992594746212,127.10371889968717,37.63622693689583
2893,71,87,166.58265332067413,127.10405873634019,37.63623240031809
2894,71,88,160.27159481638697,127.10439857308495,37.636237862762165
2895,71,89,159.44964039664794,127.10473840992151,37.636243324228076
2896,71,90,164.19924342168133,127.1050782468498,37.636248784715804
2897,71,91,174.06491679222663,127.10541808386984,37.636254244225356
2898,71,92,188.24398788677686,127.10575792098159,37.63625970275674
2899,71,93,205.84703712501965,127.10609775818502,37.63626516030993
2900,71,94,226.07566523352628,127.10643759548016,37.63627061688495
2901,71,95,248.2286441949682,127.10677743286693,37.63627607248178
2902,71,96,270.83138392099596,127.1071172703454,37.63628152710044
2903,71,97,293.4341236470236,127.10745710791547,37.636286980740906
2904,71,98,316.03686337305135,127.10779694557716,37.6362924334032
2905,71,99,338.63960309907907,127.10813678333045,37.6362978850873
2906,72,79,343.7611824688328,127.10133316635635,37.636458920445016
2907,72,80,320.99079252672385,127.10167300359595,37.6364643907675
2908,72,81,297.27477626695224,127.10201284092743,37.6364698601118
2909,72,82,274.78991306486984,127.10235267835081,37.63647532847792
2910,72,83,253.8635461026867,127.10269251586604,37.636480795865864
2911,72,84,234.91254491291681,127.10303235347313,37.636486262275625
2912,72,85,218.45161357860323,127.10337219117203,37.63649172770721
2913,72,86,205.08123071780022,127.10371202896275,37.6364971921606
2914,72,87,195.43672866265393,127.10405186684527,37.636502655635816
2915,72,88,190.08608215225027,127.10439170481956,37.63650811813284
2916,72,89,189.39356468904708,127.10473154288563,37.63651357965169
2917,72,90,193.40921917855022,127.10507138104346,37.63651904019235
2918,72,91,201.85224740113424,127.10541121929302,37.63652449975481
2919,72,92,214.1997513969634,127.1057510576343,37.6365299583391
2920,72,93,229.8232738783284,127.10609089606726,37.636535415945204
2921,72,94,248.10469752462438,127.10643073459191,37.63654087257311
2922,72,95,268.5016660123687,127.10677057320822,37.63654632822282
2923,72,96,290.55741131825584,127.10711041191621,37.636551782894344
2924,72,97,313.1601510442835,127.10745025071583,37.636557236587684
2925,72,98,335.76289077031123,127.10779008960704,37.63656268930282
2926,73,80,339.53029822084835,127.10166612540253,37.63673464570086
2927,73,81,317.2034475341818,127.10200596396355,37.63674011509818
2928,73,82,296.2350938784982,127.10234580261645,37.63674558351731
2929,73,83,276.9339895405309,127.1026856413612,37.63675105095824
2930,73,84,259.6721746365349,127.10302548019781,37.63675651742099
2931,73,85,244.88128143673887,127.10336531912625,37.63676198290555
2932,73,86,233.03228470692966,127.10370515814652,37.636767447411906
2933,73,87,224.59129420652917,127.10404499725857,37.636772910940074
2934,73,88,219.95102443725048,127.10438483646242,37.63677837349006
2935,73,89,219.3528136783939,127.104724675758,37.63678383506184
2936,73,90,222.8292184303046,127.10506451514539,37.63678929565542
2937,73,91,230.19570869999427,127.10540435462447,37.63679475527081
2938,73,92,241.09597263646864,127.10574419419528,37.636800213908
2939,73,93,255.07738382529539,127.10608403385781,37.636805671567
2940,73,94,271.6646378474557,127.106423873612,37.6368111282478
2941,73,95,290.4115685960556,127.10676371345787,37.6368165839504
2942,73,96,310.92777761411685,127.1071035533954,37.636822038674794
2943,73,97,332.8862968187275,127.10744339342453,37.63682749242099
2944,74,81,338.620379851205,127.10199908690777,37.63701037007106
2945,74,82,319.0626354937327,127.10233892679021,37.6370158385432
2946,74,83,301.22776944670755,127.10267876676453,37.637021306037134
2947,74,84,285.4389125600625,127.10301860683069,37.63702677255286
2948,74,85,272.05252529815493,127.10335844698866,37.6370322380904
2949,74,86,261.43790895494755,127.10369828723849,37.63703770264972
2950,74,87,253.94287538020762,127.10403812758008,37.637043166230846
2951,74,88,249.84832934002156,127.10437796801348,37.637048628833774
2952,74,89,249.32186304380147,127.10471780853867,37.63705409045849
2953,74,90,252.38580607725214,127.10505764915557,37.63705955110501
2954,74,91,258.91272434335195,127.10539748986422,37.63706501077332
2955,74,92,268.65033509104126,127.10573733066458,37.63707046946343
2956,74,93,281.2653662685134,127.10607717155666,37.63707592717533
2957,74,94,296.39063746986545,127.10641701254043,37.637081383909006
2958,74,95,313.6632169978262,127.10675685361585,37.637086839664484
2959,74,96,332.7488804114262,127.10709669478294,37.637092294441764
2960,75,82,342.9966470553473,127.10233205087212,37.63728609355561
2961,75,83,326.47190324565867,127.10267189207597,37.637291561102536
2962,75,84,311.9633108659974,127.10301173337172,37.637297027671245
2963,75,85,299.7637587236108,127.10335157475929,37.637302493261764
2964,75,86,290.1646338921051,127.10369141623865,37.63730795787406
2965,75,87,283.430270929856,127.10403125780982,37.63731342150813
2966,75,88,279.76762178101274,127.1043710994728,37.63731888416401
2967,75,89,279.2975580176741,127.10471094122754,37.63732434584167
2968,75,90,282.03604314390077,127.10505078307402,37.63732980654112
2969,75,91,287.8915305282538,127.10539062501225,37.63733526626235
2970,75,92,296.67951912380585,127.10573046704218,37.637340725005366
2971,75,93,308.1492183750673,127.10607030916384,37.63734618277016
2972,75,94,322.0141992254334,127.10641015137716,37.63735163955674
2973,75,95,337.97980445646357,127.10674999368217,37.63735709536511
2974,76,84,339.0676066059376,127.10300485982093,37.63756728277617
2975,76,85,327.8780955890635,127.10334470243805,37.63757274841965
2976,76,86,319.1257577895324,127.10368454514702,37.637578213084915
2977,76,87,313.0151002785257,127.10402438794776,37.63758367677195
2978,76,88,309.70252940524676,127.10436423084032,37.63758913948078
2979,76,89,309.27796629834455,127.10470407382465,37.637594601211376
2980,76,90,311.7532103367536,127.10504391690074,37.637600061963745
2981,76,91,317.06035367561236,127.10538376006855,37.6376055217379
2982,76,92,325.060719851748,127.10572360332809,37.63761098053383
2983,76,93,335.561730994714,127.10606344667933,37.637616438351536
2984,76,94,348.33730639396214,127.10640329012224,37.637621895190996
2985,77,87,342.67212831711225,127.10401751799392,37.63785393202228
2986,77,88,339.6489235122226,127.10435736211608,37.63785939478406
2987,77,89,339.2618383500329,127.10469720633002,37.637864856567596
2988,77,90,341.5198364345417,127.1050370506357,37.63787031737291
2989,77,91,346.37119163681655,127.10537689503312,37.63787577719997
