fid,row_index,col_index,distance,x,y
0,0,8,341.0735075958635,-102.2571838700762,21.841051978688792
1,0,9,332.47689611752736,-102.25689388780707,21.841047153080545
2,0,10,325.3727116594214,-102.2566039056183,21.841042326963546
3,0,11,319.10777203507536,-102.25631392350998,21.84103750033779
4,0,12,315.5211115365451,-102.25602394148206,21.841032673203266
5,0,13,314.76558496335696,-102.25573395953458,21.841027845559985
6,0,14,316.8614446874085,-102.25544397766753,21.841023017407945
7,0,15,321.7529747826102,-102.25515399588095,21.841018188747146
8,0,16,329.31562130200615,-102.25486401417479,21.841013359577584
9,0,17,339.37085921686565,-102.25457403254912,21.84100852989927
10,1,6,338.92730267661545,-102.25775866741176,21.841332358713075
11,1,7,324.7791024186218,-102.25746868443706,21.84132753405656
12,1,8,312.87571691655006,-102.25717870154274,21.84132270889127
13,1,9,303.4814048739143,-102.25688871872882,21.841317883217215
14,1,10,296.2226835645355,-102.25659873599531,21.841313057034395
15,1,11,289.56621132811586,-102.25630875334221,21.8413082303428
16,1,12,285.6088100794273,-102.25601877076951,21.841303403142437
17,1,13,284.7739349853735,-102.25572878827728,21.841298575433306
18,1,14,287.0888289347411,-102.25543880586547,21.841293747215417
19,1,15,292.47871264621705,-102.2551488235341,21.841288918488754
20,1,16,300.77832203012196,-102.2548588412832,21.841284089253328
21,1,17,311.75535385189954,-102.25456885911275,21.841279259509143
22,1,18,325.1387431657298,-102.25427887702278,21.84127442925619
23,1,19,340.6449822901517,-102.2539888950133,21.841269598494478
24,2,4,349.0428372146887,-102.25833346716756,21.841612736955444
25,2,5,330.7898909050979,-102.25804348348733,21.84160791325068
26,2,6,313.4195162269665,-102.25775349988746,21.841603089037132
27,2,7,298.0629833108185,-102.25746351636798,21.841598264314804
28,2,8,285.0461206337402,-102.25717353292887,21.84159343908371
29,2,9,274.70172871051307,-102.25688354957019,21.841588613343834
30,2,10,267.0726554696496,-102.25659356629188,21.841583787095185
31,2,11,260.12960483698976,-102.25630358309401,21.841578960337753
32,2,12,255.71705646029127,-102.25601359997657,21.84157413307156
33,2,13,254.7842511160828,-102.25572361693953,21.841569305296584
34,2,14,257.36902740782637,-102.25543363398295,21.841564477012835
35,2,15,263.36783767369513,-102.2551436511068,21.841559648220322
36,2,16,272.55535139304305,-102.25485366831113,21.841554818919032
37,2,17,284.62294571072886,-102.25456368559591,21.84154998910897
38,2,18,299.22236359791,-102.25427370296119,21.841545158790137
39,2,19,316.00288690008387,-102.25398372040692,21.841540327962534
40,2,20,334.6365583454003,-102.25369373793315,21.841535496626157
41,3,3,345.1720823694874,-102.25861828495783,21.841888290662816
42,3,4,325.3961611742724,-102.25832830065245,21.841883467401043
43,3,5,306.9817000662459,-102.25803831642742,21.841878643630483
44,3,6,288.7765049380668,-102.25774833228276,21.841873819351143
45,3,7,272.03238533756394,-102.2574583482185,21.84186899456301
46,3,8,257.70403089716,-102.25716836423462,21.841864169266103
47,3,9,246.2135585398252,-102.25687838033113,21.84185934346041
48,3,10,237.92262737476372,-102.25658839650805,21.841854517145933
49,3,11,230.83810751775343,-102.25629841276539,21.84184969032268
50,3,12,225.85400933887632,-102.25600842910316,21.84184486299064
51,3,13,224.79732023872654,-102.25571844552135,21.841840035149822
52,3,14,227.7227191972288,-102.25542846201998,21.84183520680022
53,3,15,234.48121138088496,-102.25513847859906,21.84183037794184
54,3,16,244.7554700976356,-102.25484849525861,21.841825548574683
55,3,17,258.1260192130618,-102.25455851199861,21.841820718698745
56,3,18,274.14018940470817,-102.2542685288191,21.84181588831403
57,3,19,292.36389157848583,-102.25397854572006,21.841811057420543
58,3,20,312.41070204297415,-102.25368856270151,21.84180622601827
59,3,21,333.9524642865378,-102.25339857976347,21.841801394107232
60,4,2,346.39948365022923,-102.2589031038377,21.842163843982917
61,4,3,323.93131607303775,-102.25861311890715,21.842159021164154
62,4,4,302.77118884146677,-102.25832313405697,21.8421541978366
63,4,5,283.2124433215108,-102.25803314928714,21.84214937400025
64,4,6,264.92056291780307,-102.25774316459771,21.842144549655107
65,4,7,246.90422297875847,-102.25745317998864,21.842139724801175
66,4,8,231.022605372167,-102.25716319545997,21.842134899438452
67,4,9,218.13113730309925,-102.2568732110117,21.842130073566942
68,4,10,208.7844389061193,-102.25658322664381,21.84212524718664
69,4,11,201.6820519055658,-102.25629324235636,21.84212042029755
70,4,12,196.03278833953942,-102.25600325814932,21.842115592899674
71,4,13,194.81441362548617,-102.25571327402274,21.842110764993006
72,4,14,198.18288878788033,-102.25542328997658,21.842105936577553
73,4,15,205.91323187298258,-102.25513330601086,21.842101107653313
74,4,16,217.54094031341324,-102.25484332212561,21.842096278220293
75,4,17,232.48196137445024,-102.25455333832083,21.842091448278477
76,4,18,250.1432869708454,-102.25426335459653,21.842086617827885
77,4,19,269.99160295951066,-102.25397337095269,21.842081786868505
78,4,20,291.580636052385,-102.25368338738937,21.842076955400337
79,4,21,314.55217209992486,-102.25339340390653,21.842072123423396
80,4,22,338.6249704685821,-102.2531034205042,21.842067290937667
81,5,2,327.9944105601001,-102.25889793825147,21.84243457453999
82,5,3,304.16973652605935,-102.25860795277612,21.84242975165545
83,5,4,281.52819375330284,-102.25831796738113,21.84242492826211
84,5,5,260.37860729649447,-102.2580279820665,21.84242010435997
85,5,6,241.1123720789511,-102.25773799683225,21.84241527994903
86,5,7,222.8594257693603,-102.25744801167838,21.842410455029295
87,5,8,205.25964251465416,-102.2571580266049,21.842405629600762
88,5,9,190.63386297676274,-102.25686804161182,21.842400803663427
89,5,10,179.8638890429168,-102.25657805669915,21.8423959772173
90,5,11,172.5320238106799,-102.2562880718669,21.842391150262376
91,5,12,166.2758992575415,-102.25599808711506,21.842386322798657
92,5,13,164.8377272531123,-102.25570810244368,21.84238149482615
93,5,14,168.80544415995232,-102.25541811785271,21.842376666344844
94,5,15,177.8175459005835,-102.25512813334221,21.84237183735474
95,5,16,191.1619242479356,-102.25483814891217,21.84236700785585
96,5,17,208.00644926117266,-102.25454816456258,21.842362177848162
97,5,18,227.57522841097654,-102.25425818029348,21.842357347331685
98,5,19,249.2273785890617,-102.25396819610485,21.84235251630642
99,5,20,272.46667299037296,-102.25367821199673,21.84234768477236
100,5,21,296.9206788731801,-102.2533882279691,21.842342852729512
101,5,22,322.313032926963,-102.25309824402198,21.842338020177873
102,5,23,348.4386500470992,-102.25280826015539,21.84233318711745
103,6,1,337.38578687390606,-102.2591827586854,21.842710127528534
104,6,2,311.39695638234747,-102.2588927725849,21.842705305087023
105,6,3,286.193919753468,-102.25860278656472,21.842700482136703
106,6,4,262.00353998280127,-102.25831280062492,21.84269565867758
107,6,5,239.13333147678136,-102.25802281476548,21.842690834709646
108,6,6,217.99918688575207,-102.25773282898642,21.842686010232914
109,6,7,199.05123493050834,-102.25744284328773,21.842681185247372
110,6,8,180.79828862091756,-102.25715285766944,21.84267635975302
111,6,9,164.01629908561762,-102.25686287213155,21.842671533749876
112,6,10,151.36411474964038,-102.25657288667408,21.842666707237917
113,6,11,143.381995715794,-102.256282901297,21.84266188021716
114,6,12,136.62538286728983,-102.25599291600037,21.842657052687606
115,6,13,134.87140874069965,-102.25570293078417,21.842652224649242
116,6,14,139.69287221532892,-102.2554129456484,21.842647396102084
117,6,15,150.45896516936287,-102.25512296059308,21.842642567046127
118,6,16,166.01717336439293,-102.25483297561824,21.84263773748136
119,6,17,185.16345077787417,-102.25454299072385,21.842632907407804
120,6,18,206.9040965182603,-102.25425300590994,21.84262807682544
121,6,19,230.5061968974043,-102.25396302117652,21.842623245734288
122,6,20,255.45431775597817,-102.2536730365236,21.842618414134336
123,6,21,281.39067168660654,-102.25338305195115,21.842613582025585
124,6,22,308.06575883130364,-102.25309306745923,21.842608749408043
125,6,23,335.3033155463487,-102.25280308304784,21.842603916281696
126,7,1,324.06311155397935,-102.2591775934833,21.84298085813129
127,7,2,296.91041667430886,-102.25888760683796,21.84297603562401
128,7,3,270.36029810121266,-102.25859762027298,21.842971212607914
129,7,4,244.60904735729102,-102.25830763378835,21.842966389083006
130,7,5,219.93744862734562,-102.2580176473841,21.84296156504928
131,7,6,196.75206877786866,-102.2577276610602,21.842956740506743
132,7,7,175.64245451494924,-102.2574376748167,21.842951915455398
133,7,8,156.99009778206553,-102.25714768865359,21.842947089895237
134,7,9,138.78552884952515,-102.25685770257088,21.842942263826266
135,7,10,123.57658308207874,-102.25656771656858,21.84293743724849
136,7,11,114.23196762090811,-102.2562777306467,21.8429326101619
137,7,12,107.16956570483508,-102.25598774480524,21.8429277825665
138,7,13,104.92434162495519,-102.25569775904422,21.842922954462296
139,7,14,111.05367674011359,-102.25540777336363,21.84291812584928
140,7,15,124.3250609071437,-102.25511778776351,21.84291329672746
141,7,16,142.76036712488633,-102.25482780224384,21.842908467096827
142,7,17,164.63390924624144,-102.25453781680464,21.842903636957395
143,7,18,188.75414094998553,-102.25424783144592,21.842898806309154
144,7,19,214.36400672182432,-102.25395784616768,21.84289397515211
145,7,20,240.9890641292706,-102.25366786096994,21.842889143486264
146,7,21,268.32728277603275,-102.25337787585269,21.842884311311607
147,7,22,296.18124912633544,-102.25308789081598,21.842879478628152
148,7,23,324.36381846207166,-102.25279790585977,21.84287464543589
149,8,0,341.55234673458284,-102.25946241547136,21.843256410788236
150,8,1,313.0569139239205,-102.25917242820086,21.843251588724005
151,8,2,284.8570283760501,-102.2588824410107,21.84324676615095
152,8,3,257.0650148793077,-102.25859245390087,21.84324194306908
153,8,4,229.8288866408301,-102.25830246687141,21.84323711947838
154,8,5,203.37210328417316,-102.25801247992231,21.843232295378865
155,8,6,178.0424321724831,-102.2577224930536,21.84322747077054
156,8,7,154.3956052274744,-102.25743250626527,21.843222645653377
157,8,8,133.330034775451,-102.25714251955733,21.84321782002741
158,8,9,114.92896063362275,-102.2568525329298,21.84321299389262
159,8,10,97.11461547337518,-102.25656254638267,21.843208167249013
160,8,11,85.09405036041623,-102.25627255991596,21.843203340096593
161,8,12,77.99139215171014,-102.25598257352968,21.843198512435354
162,8,13,75.01958434408803,-102.25569258722383,21.843193684265298
163,8,14,83.37709330042082,-102.25540260099842,21.84318885558643
164,8,15,100.37699606630207,-102.25511261485347,21.843184026398745
165,8,16,122.47180488325368,-102.25482262878897,21.84317919670225
166,8,17,147.38773572936486,-102.25453264280496,21.84317436649694
167,8,18,173.9164923044863,-102.25424265690141,21.843169535782817
168,8,19,201.4218159672973,-102.25395267107835,21.843164704559882
169,8,20,229.52541954129165,-102.2536626853358,21.843159872828135
170,8,21,257.7386517830481,-102.25337269967373,21.843155040587586
171,8,22,285.9518840248046,-102.25308271409219,21.843150207838217
172,8,23,314.16511626656114,-102.25279272859116,21.843145374580043
173,8,24,342.3783485083176,-102.25250274317065,21.84314054081306
174,9,0,332.43283795115104,-102.25945725065343,21.84352714143667
175,9,1,303.81121448355754,-102.25916726283808,21.84352231930668
176,9,2,275.2503576450345,-102.25887727510306,21.843517496667854
177,9,3,246.6895008065115,-102.2585872874484,21.843512673520202
178,9,4,218.19497753176088,-102.2582972998741,21.84350784986372
179,9,5,190.12612518996565,-102.25800731238017,21.84350302569841
180,9,6,162.74777644998827,-102.25771732496662,21.84349820102428
181,9,7,136.47612977762893,-102.25742733763346,21.84349337584132
182,9,8,112.09205707250213,-102.25713735038067,21.843488550149534
183,9,9,91.1236770461439,-102.25684736320831,21.843483723948925
184,9,10,72.86782348517998,-102.25655737611635,21.84347889723949
185,9,11,56.57803512884365,-102.25626738910479,21.843474070021237
186,9,12,48.84136405682428,-102.25597740217368,21.843469242294155
187,9,13,45.24111630905199,-102.255687415323,21.843464414058253
188,9,14,58.05652639416615,-102.25539742855277,21.84345958531353
189,9,15,80.58760394144903,-102.25510744186298,21.843454756059984
190,9,16,106.85580733442237,-102.25481745525366,21.84344992629762
191,9,17,134.68702062051162,-102.25452746872479,21.84344509602644
192,9,18,162.9002528622681,-102.25423748227642,21.84344026524643
193,9,19,191.1134851040246,-102.25394749590853,21.84343543395761
194,9,20,219.32671734578105,-102.25365750962115,21.84343060215997
195,9,21,247.53994958753754,-102.25336752341425,21.843425769853507
196,9,22,275.753181829294,-102.25307753728788,21.843420937038232
197,9,23,303.9664140710505,-102.25278755124202,21.843416103714144
198,9,24,332.179646312807,-102.2524975652767,21.843411269881233
199,10,0,325.07248350957514,-102.25945208575514,21.843797872075058
200,10,1,295.7528676313919,-102.25916209739493,21.843793049879302
201,10,2,266.5846917759913,-102.25887210911507,21.843788227174706
202,10,3,237.62373001535207,-102.25858212091558,21.843783403961275
203,10,4,208.9483685554863,-102.25829213279643,21.843778580239007
204,10,5,180.38751171696325,-102.25800214475765,21.84377375600791
205,10,6,151.82665487844025,-102.25771215679924,21.84376893126797
206,10,7,123.3428760999285,-102.25742216892122,21.84376410601921
207,10,8,95.66796927011241,-102.25713218112361,21.84375928026162
208,10,9,69.93751213713591,-102.2568421934064,21.843754453995178
209,10,10,49.059632646327984,-102.2565522057696,21.84374962721992
210,10,11,30.806686336737197,-102.25626221821321,21.84374479993583
211,10,12,19.69133596193839,-102.25597223073724,21.843739972142913
212,10,13,16.29660009384174,-102.25568224334172,21.84373514384116
213,10,14,39.867039351900004,-102.25539225602664,21.843730315030584
214,10,15,68.06185394148807,-102.25510226879202,21.84372548571118
215,10,16,96.27508618324454,-102.25481228163785,21.84372065588294
216,10,17,124.48831842500104,-102.25452229456417,21.843715825545885
217,10,18,152.70155066675753,-102.25423230757096,21.843710994699993
218,10,19,180.914782908514,-102.25394232065823,21.84370616334528
219,10,20,209.1280151502705,-102.253652333826,21.843701331481746
220,10,21,237.341247392027,-102.25336234707426,21.843696499109384
221,10,22,265.55447963378344,-102.25307236040305,21.8436916662282
222,10,23,293.76771187553993,-102.25278237381237,21.843686832838188
223,10,24,321.9809441172965,-102.25249238730221,21.843681998939356
224,11,0,320.36330520505885,-102.25944692077653,21.844068602703413
225,11,1,290.56890146575967,-102.25915693187147,21.844063780441886
226,11,2,260.8216357515745,-102.25886694304675,21.84405895767152
227,11,3,231.1397085168095,-102.25857695430238,21.844054134392305
228,11,4,201.55198840583117,-102.25828696563839,21.84404931060426
229,11,5,172.10706902231803,-102.25799697705475,21.84404448630736
230,11,6,142.89325521017986,-102.25770698855149,21.84403966150163
231,11,7,114.085522627415,-102.25741700012863,21.84403483618706
232,11,8,85.524665788892,-102.25712701178614,21.84403001036365
233,11,9,56.963808950368964,-102.25683702352408,21.844025184031395
234,11,10,28.598635441555462,-102.25654703534242,21.844020357190313
235,11,11,6.9984954978852,-102.25625704724118,21.844015529840384
236,11,12,0.0,-102.25596705922037,21.844010701981624
237,11,13,1.4366872624645102,-102.25567707127999,21.84400587361403
238,11,14,29.649919504220996,-102.25538708342006,21.844001044737592
239,11,15,57.863151745977476,-102.2550970956406,21.843996215352327
240,11,16,86.07638398773396,-102.25480710794157,21.843991385458228
241,11,17,114.28961622949045,-102.25451712032304,21.843986555055288
242,11,18,142.50284847124695,-102.25422713278499,21.843981724143518
243,11,19,170.7160807130034,-102.25393714532741,21.843976892722914
244,11,20,198.9293129547599,-102.25364715795034,21.84397206079348
245,11,21,227.14254519651638,-102.25335717065376,21.843967228355215
246,11,22,255.3557774382729,-102.25306718343771,21.843962395408116
247,11,23,283.56900968002935,-102.25277719630218,21.84395756195219
248,11,24,311.78224192178584,-102.25248720924716,21.843952727987435
249,11,25,339.9954741635423,-102.25219722227271,21.843947893513846
250,12,0,318.4229500345985,-102.25944175571759,21.844339333321717
251,12,1,288.4281787305898,-102.25915176626766,21.84433451099443
252,12,2,258.4346212544939,-102.25886177689807,21.84432968815829
253,12,3,228.44275571806247,-102.25857178760884,21.8443248648133
254,12,4,198.45334922134978,-102.25828179839996,21.84432004095946
255,12,5,168.46771499097287,-102.25799180927147,21.84431521659678
256,12,6,138.48830337392508,-102.25770182022336,21.844310391725244
257,12,7,108.52027160165495,-102.25741183125561,21.844305566344868
258,12,8,78.5766410939384,-102.25712184236828,21.84430074045564
259,12,9,48.702440418466274,-102.25683185356135,21.84429591405757
260,12,10,19.224122342070828,-102.25654186483483,21.84429108715066
261,12,11,0.0,-102.25625187618873,21.844286259734897
262,12,12,0.0,-102.25596188762306,21.84428143181029
263,12,13,0.0,-102.25567189913782,21.844276603376844
264,12,14,19.451217308710415,-102.25538191073304,21.84427177443456
265,12,15,47.6644495504669,-102.25509192240871,21.844266944983428
266,12,16,75.87768179222338,-102.25480193416485,21.844262115023458
267,12,17,104.09091403397987,-102.25451194600146,21.844257284554644
268,12,18,132.30414627573637,-102.25422195791853,21.84425245357699
269,12,19,160.51737851749286,-102.2539319699161,21.844247622090496
270,12,20,188.73061075924934,-102.25364198199416,21.84424279009517
271,12,21,216.94384300100583,-102.25335199415275,21.844237957591
272,12,22,245.1570752427623,-102.25306200639184,21.844233124577993
273,12,23,273.37030748451883,-102.25277201871145,21.844228291056147
274,12,24,301.58353972627526,-102.2524820311116,21.844223457025464
275,12,25,329.79677196803175,-102.25219204359227,21.844218622485943
276,13,0,315.44847896289775,-102.2594365905783,21.84461006392998
277,13,1,285.4982806299196,-102.2591466005835,21.84460524153692
278,13,2,255.55976523168678,-102.25885661066904,21.84460041863501
279,13,3,225.6375832345078,-102.25856662083493,21.84459559522424
280,13,4,195.73922532426656,-102.25827663108119,21.844590771304617
281,13,5,165.87757441311516,-102.25798664140783,21.84458594687614
282,13,6,136.0767983743486,-102.25769665181483,21.844581121938806
283,13,7,106.38806520680639,-102.25740666230222,21.844576296492622
284,13,8,76.85719978347977,-102.25711667287001,21.844571470537584
285,13,9,47.34110248045313,-102.2568266835182,21.844566644073694
286,13,10,17.825005177426483,-102.25653669424682,21.84456181710095
287,13,11,0.0,-102.25624670505584,21.844556989619353
288,13,12,0.0,-102.25595671594532,21.84455216162891
289,13,13,0.0,-102.25566672691521,21.84454733312962
290,13,14,9.252515113199841,-102.25537673796556,21.844542504121478
291,13,15,37.46574735495633,-102.25508674909636,21.844537674604478
292,13,16,65.67897959671281,-102.25479676030763,21.844532844578644
293,13,17,93.8922118384693,-102.25450677159937,21.844528014043952
294,13,18,122.10544408022577,-102.2542167829716,21.844523183000415
295,13,19,150.31867632198225,-102.2539267944243,21.84451835144803
296,13,20,178.53190856373874,-102.25363680595751,21.84451351938681
297,13,21,206.74514080549525,-102.25334681757123,21.84450868681673
298,13,22,234.95837304725174,-102.25305682926545,21.844503853737812
299,13,23,263.1716052890082,-102.2527668410402,21.84449902015005
300,13,24,291.3848375307647,-102.25247685289548,21.844494186053446
301,13,25,319.59806977252117,-102.2521868648313,21.844489351447994
302,13,26,347.81130201427766,-102.25189687684768,21.844484516333704
303,14,0,315.23112932273614,-102.25943142535868,21.844880794528198
304,14,1,285.25811164053187,-102.25914143481899,21.844875972069374
305,14,2,255.29143271828906,-102.25885144435965,21.844871149101692
306,14,3,225.33362150817902,-102.25856145398066,21.844866325625137
307,14,4,195.3887569555266,-102.25827146368204,21.844861501639734
308,14,5,165.46125974946935,-102.25798147346377,21.844856677145458
309,14,6,135.5374987545458,-102.25769148332591,21.84485185214233
310,14,7,105.61373775962225,-102.25740149326843,21.844847026630333
311,14,8,75.68997676469871,-102.25711150329134,21.84484220060948
312,14,9,45.76621576977519,-102.25682151339466,21.84483737407977
313,14,10,15.842454774851644,-102.25653152357837,21.844832547041204
314,14,11,0.0,-102.25624153384254,21.84482771949377
315,14,12,0.0,-102.25595154418713,21.84482289143748
316,14,13,0.0,-102.25566155461216,21.844818062872346
317,14,14,0.0,-102.25537156511763,21.84481323379834
318,14,15,27.267045159445747,-102.25508157570356,21.844808404215485
319,14,16,55.48027740120223,-102.25479158636993,21.844803574123777
320,14,17,83.69350964295872,-102.25450159711681,21.84479874352321
321,14,18,111.90674188471519,-102.25421160794416,21.84479391241379
322,14,19,140.1199741264717,-102.25392161885199,21.84478908079552
323,14,20,168.3332063682282,-102.25363162984033,21.844784248668393
324,14,21,196.54643860998468,-102.25334164090918,21.844779416032413
325,14,22,224.75967085174113,-102.25305165205853,21.844774582887585
326,14,23,252.97290309349762,-102.25276166328842,21.8447697492339
327,14,24,281.1861353352541,-102.25247167459882,21.84476491507137
328,14,25,309.3993675770106,-102.2521816859898,21.84476008039999
329,14,26,337.6125998187671,-102.25189169746129,21.844755245219762
330,15,0,317.2174762237035,-102.25942626005872,21.845151525116375
331,15,1,287.29371522877994,-102.25913626897413,21.845146702591784
332,15,2,257.37063808992366,-102.2588462779699,21.84514187955832
333,15,3,227.46258510068432,-102.25855628704603,21.845137056016
334,15,4,197.582412908026,-102.25826629620252,21.8451322319648
335,15,5,167.74502126867813,-102.25797630543937,21.84512740740474
336,15,6,137.97816649854747,-102.25768631475661,21.845122582335804
337,15,7,108.34000507740662,-102.25739632415423,21.845117756758
338,15,8,78.975559320869,-102.25710633363225,21.845112930671338
339,15,9,50.350780897682775,-102.25681634319068,21.845108104075802
340,15,10,22.28236865354036,-102.25652635282954,21.845103276971408
341,15,11,0.0,-102.25623636254879,21.84509844935814
342,15,12,0.0,-102.2559463723485,21.84509362123601
343,15,13,0.0,-102.25565638222864,21.845088792605015
344,15,14,0.0,-102.25536639218923,21.845083963465168
345,15,15,17.068342963935173,-102.25507640223027,21.845079133816444
346,15,16,45.28157520569165,-102.25478641235179,21.845074303658865
347,15,17,73.49480744744814,-102.25449642255377,21.845069472992417
348,15,18,101.70803968920463,-102.25420643283623,21.845064641817117
349,15,19,129.92127193096113,-102.25391644319919,21.845059810132955
350,15,20,158.13450417271758,-102.25362645364265,21.84505497793993
351,15,21,186.3477364144741,-102.25333646416661,21.845050145238055
352,15,22,214.56096865623059,-102.2530464747711,21.84504531202731
353,15,23,242.77420089798707,-102.2527564854561,21.845040478307713
354,15,24,270.98743313974353,-102.25246649622164,21.84503564407925
355,15,25,299.2006653815,-102.25217650706772,21.845030809341935
356,15,26,327.41389762325656,-102.25188651799435,21.84502597409577
357,16,0,320.4312711432168,-102.25942109467842,21.8454222556945
358,16,1,290.819156515401,-102.25913110304894,21.845417433104146
359,16,2,261.2955492659623,-102.2588411114998,21.845412610004917
360,16,3,231.89425679837896,-102.25855112003103,21.84540778639681
361,16,4,202.66851903032236,-102.25826112864262,21.845402962279827
362,16,5,173.70696841467168,-102.25797113733458,21.845398137653966
363,16,6,145.16781029445664,-102.25768114610692,21.845393312519235
364,16,7,117.07836711933106,-102.25739115495963,21.845388486875624
365,16,8,89.00995487518867,-102.25710116389277,21.845383660723144
366,16,9,60.94154263104627,-102.2568111729063,21.84537883406179
367,16,10,32.87313038690386,-102.25652118200026,21.845374006891557
368,16,11,4.804718142761452,-102.25623119117462,21.84536917921246
369,16,12,0.0,-102.25594120042945,21.845364351024493
370,16,13,0.0,-102.25565120976468,21.84535952232765
371,16,14,0.0,-102.25536121918039,21.84535469312194
372,16,15,6.869640768424596,-102.25507122867653,21.845349863407357
373,16,16,35.082873010181075,-102.25478123825314,21.845345033183907
374,16,17,63.29610525193756,-102.25449124791024,21.845340202451585
375,16,18,91.50933749369405,-102.25420125764782,21.8453353712104
376,16,19,119.72256973545053,-102.2539112674659,21.845330539460342
377,16,20,147.93580197720703,-102.25362127736446,21.84532570720142
378,16,21,176.1490342189635,-102.25333128734354,21.84532087443364
379,16,22,204.36226646071998,-102.25304129740314,21.84531604115698
380,16,23,232.57549870247647,-102.25275130754325,21.845311207371463
381,16,24,260.79332689840425,-102.2524613177639,21.84530637307708
382,16,25,289.0258566702935,-102.2521713280651,21.84530153827384
383,16,26,317.25838644218265,-102.25188133844684,21.84529670296173
384,16,27,345.4909162140719,-102.25159134890914,21.845291867140755
385,17,0,326.36163720916124,-102.25941592921778,21.845692986262588
386,17,1,297.34071452075943,-102.2591259370434,21.845688163606464
387,17,2,268.5350680667003,-102.25883594494935,21.845683340441465
388,17,3,240.02221782880642,-102.25854595293566,21.84567851676758
389,17,4,211.87436558512178,-102.25825596100235,21.845673692584807
390,17,5,183.80595334097939,-102.2579659691494,21.845668867893156
391,17,6,155.73754109683696,-102.25767597737682,21.845664042692615
392,17,7,127.66912885269457,-102.25738598568465,21.845659216983204
393,17,8,99.60071660855216,-102.25709599407288,21.845654390764906
394,17,9,71.53230436440977,-102.25680600254151,21.84564956403773
395,17,10,43.46389212026736,-102.25651601109055,21.845644736801674
396,17,11,15.39547987612495,-102.25622601972003,21.84563990905674
397,17,12,0.0,-102.25593602842993,21.845635080802925
398,17,13,0.0,-102.25564603722027,21.84563025204023
399,17,14,0.0,-102.25535604609107,21.845625422768663
400,17,15,0.0,-102.25506605504233,21.845620592988222
401,17,16,24.8841708146705,-102.25477606407405,21.8456157626989
402,17,17,53.097403056426984,-102.25448607318624,21.8456109319007
403,17,18,81.31063529818347,-102.25419608237893,21.84560610059363
404,17,19,109.52386753993996,-102.2539060916521,21.84560126877769
405,17,20,137.73709978169646,-102.25361610100576,21.845596436452862
406,17,21,165.95058033413844,-102.25332611043994,21.84559160361917
407,17,22,194.1831077856792,-102.25303611995464,21.845586770276608
408,17,23,222.4156375575684,-102.25274612954986,21.845581936425173
409,17,24,250.64816732945764,-102.25245613922563,21.845577102064862
410,17,25,278.8806971013468,-102.25216614898193,21.845572267195685
411,17,26,307.11322687323604,-102.25187615881879,21.845567431817635
412,17,27,335.3457566451252,-102.2515861687362,21.845562595930716
413,18,0,334.88451286560064,-102.25941076367681,21.84596371682063
414,18,1,306.67036405091255,-102.2591207709575,21.845958894098743
415,18,2,278.6019518067701,-102.25883077831854,21.84595407086797
416,18,3,250.5335395626277,-102.25854078575993,21.845949247128306
417,18,4,222.4651273184853,-102.2582507932817,21.845944422879743
418,18,5,194.39671507434286,-102.25796080088384,21.845939598122293
419,18,6,166.32830283020047,-102.25767080856635,21.845934772855966
420,18,7,138.25989058605808,-102.25738081632926,21.845929947080737
421,18,8,110.19147834191567,-102.25709082417258,21.845925120796625
422,18,9,82.12306609777325,-102.25680083209629,21.845920294003623
423,18,10,54.05465385363086,-102.25651084010043,21.84591546670174
424,18,11,25.986241609488452,-102.256220848185,21.845910638890967
425,18,12,0.0,-102.25593085634999,21.845905810571313
426,18,13,0.0,-102.25564086459542,21.84590098174277
427,18,14,0.0,-102.25535087292131,21.84589615240535
428,18,15,0.0,-102.25506088132765,21.845891322559037
429,18,16,14.685468619159925,-102.25477088981447,21.845886492203846
430,18,17,42.898700860916406,-102.25448089838174,21.845881661339774
431,18,18,71.1119331026729,-102.25419090702952,21.845876829966812
432,18,19,99.34035890106495,-102.25390091575778,21.84587199808498
433,18,20,127.57288867295415,-102.25361092456656,21.845867165694266
434,18,21,155.80541844484335,-102.25332093345584,21.845862332794663
435,18,22,184.03794821673256,-102.25303094242562,21.845857499386184
436,18,23,212.27047798862176,-102.25274095147596,21.845852665468833
437,18,24,240.50300776051094,-102.25245096060681,21.845847831042597
438,18,25,268.7355375324002,-102.2521609698182,21.845842996107486
439,18,26,296.9680673042894,-102.25187097911017,21.845838160663494
440,18,27,325.20059707617855,-102.25158098848267,21.84583332471063
441,19,0,345.3295380284185,-102.25940559805548,21.846234447368634
442,19,1,317.26112578427603,-102.25911560479125,21.846229624580975
443,19,2,289.19271354013364,-102.25882561160736,21.846224801284425
444,19,3,261.1243012959912,-102.25853561850384,21.846219977478977
445,19,4,233.05588905184877,-102.25824562548068,21.846215153164632
446,19,5,204.98747680770637,-102.2579556325379,21.846210328341392
447,19,6,176.91906456356398,-102.2576656396755,21.846205503009255
448,19,7,148.85065231942158,-102.25737564689348,21.846200677168223
449,19,8,120.78224007527915,-102.25708565419187,21.846195850818297
450,19,9,92.71382783113675,-102.25679566157066,21.84619102395947
451,19,10,64.64541558699436,-102.25650566902988,21.84618619659176
452,19,11,36.57700334285195,-102.25621567656952,21.84618136871515
453,19,12,8.508591098709541,-102.25592568418959,21.84617654032965
454,19,13,0.0,-102.2556356918901,21.84617171143526
455,19,14,0.0,-102.25534569967108,21.84616688203198
456,19,15,0.0,-102.2550557075325,21.846162052119805
457,19,16,4.49761001645069,-102.2547657154744,21.846157221698746
458,19,17,32.73013978833989,-102.25447572349678,21.84615239076879
459,19,18,60.962669560229095,-102.25418573159963,21.84614755932995
460,19,19,89.1951993321183,-102.25389573978299,21.846142727382226
461,19,20,117.4277291040075,-102.25360574804684,21.846137894925608
462,19,21,145.66025887589672,-102.25331575639122,21.846133061960103
463,19,22,173.89278864778592,-102.25302576481609,21.84612822848571
464,19,23,202.1253184196751,-102.2527357733215,21.846123394502442
465,19,24,230.35784819156433,-102.25244578190745,21.84611856001028
466,19,25,258.59037796345353,-102.25215579057394,21.846113725009232
467,19,26,286.8229077353427,-102.25186579932098,21.846108889499305
468,19,27,315.05543750723194,-102.25157580814859,21.84610405348049
469,19,28,343.2879672791211,-102.25128581705675,21.846099216952794
470,20,1,327.8518875176395,-102.25911043854465,21.846500355053163
471,20,2,299.7834752734972,-102.25882044481584,21.846495531690838
472,20,3,271.71506302935467,-102.25853045116739,21.8464907078196
473,20,4,243.6466507852123,-102.25824045759929,21.84648588343947
474,20,5,215.57823854106988,-102.25795046411156,21.846481058550435
475,20,6,187.50982629692749,-102.25766047070422,21.846476233152497
476,20,7,159.44141405278506,-102.25737047737728,21.846471407245655
477,20,8,131.37300180864267,-102.25708048413074,21.846466580829915
478,20,9,103.30458956450025,-102.2567904909646,21.846461753905267
479,20,10,75.23617732035785,-102.2565004978789,21.846456926471724
480,20,11,47.167765076215446,-102.25621050487362,21.846452098529287
481,20,12,19.099352832073038,-102.25592051194876,21.84644727007794
482,20,13,0.0,-102.25563051910436,21.846442441117695
483,20,14,0.0,-102.2553405263404,21.846437611648557
484,20,15,0.0,-102.2550505336569,21.846432781670526
485,20,16,0.0,-102.25476054105387,21.846427951183593
486,20,17,22.584980219393238,-102.25447054853132,21.84642312018776
487,20,18,50.81750999128244,-102.25418055608925,21.846418288683033
488,20,19,79.05003976317164,-102.25389056372768,21.84641345666941
489,20,20,107.28256953506084,-102.25360057144663,21.8464086241469
490,20,21,135.51509930695005,-102.25331057924606,21.846403791115492
491,20,22,163.74762907883925,-102.25302058712603,21.84639895757519
492,20,23,191.98015885072846,-102.2527305950865,21.84639412352599
493,20,24,220.21268862261766,-102.25244060312754,21.846389288967906
494,20,25,248.44521839450684,-102.25215061124912,21.846384453900924
495,20,26,276.67774816639604,-102.25186061945124,21.846379618325056
496,20,27,304.9102779382853,-102.25157062773393,21.846374782240296
497,20,28,333.1428077101745,-102.25128063609718,21.846369945646646
498,21,1,338.44264925100305,-102.25910527221772,21.8467710855153
499,21,2,310.37423700686065,-102.25881527794395,21.846766262087208
500,21,3,282.3058247627182,-102.25852528375054,21.846761438150192
501,21,4,254.23741251857578,-102.25823528963751,21.846756613704272
502,21,5,226.16900027443336,-102.25794529560486,21.84675178874944
503,21,6,198.10058803029096,-102.25765530165258,21.8467469632857
504,21,7,170.03217578614857,-102.2573653077807,21.84674213731305
505,21,8,141.96376354200618,-102.25707531398922,21.84673731083149
506,21,9,113.89535129786374,-102.25678532027815,21.846732483841027
507,21,10,85.82693905372135,-102.25649532664751,21.846727656341653
508,21,11,57.75852680957894,-102.25620533309727,21.84672282833337
509,21,12,29.690114565436538,-102.25591533962748,21.846717999816185
510,21,13,1.6217023212941288,-102.25562534623813,21.846713170790093
511,21,14,0.0,-102.25533535292925,21.846708341255095
512,21,15,0.0,-102.25504535970083,21.846703511211192
513,21,16,0.0,-102.25475536655286,21.846698680658392
514,21,17,12.439820650446588,-102.25446537348537,21.846693849596683
515,21,18,40.672350422335796,-102.25417538049838,21.846689018026073
516,21,19,68.904880194225,-102.25388538759188,21.846684185946557
517,21,20,97.13740996611419,-102.25359539476587,21.846679353358148
518,21,21,125.36993973800338,-102.2533054020204,21.846674520260827
519,21,22,153.6024695098926,-102.25301540935543,21.846669686654618
520,21,23,181.8349992817818,-102.25272541677099,21.8466648525395
521,21,24,210.067529053671,-102.25243542426709,21.846660017915486
522,21,25,238.30005882556023,-102.25214543184373,21.846655182782573
523,21,26,266.5325885974494,-102.25185543950094,21.84665034714076
524,21,27,294.7651183693386,-102.25156544723869,21.846645510990054
525,21,28,322.9976481412278,-102.25127545505703,21.846640674330448
526,22,1,349.0334109843665,-102.25910010581042,21.8470418159674
527,22,2,320.96499874022413,-102.2588101109917,21.84703699247353
528,22,3,292.8965864960817,-102.25852011625337,21.847032168470736
529,22,4,264.8281742519393,-102.25823012159536,21.84702734395902
530,22,5,236.7597620077969,-102.25794012701776,21.847022518938395
531,22,6,208.69134976365447,-102.25765013252054,21.847017693408855
532,22,7,180.62293751951208,-102.2573601381037,21.8470128673704
533,22,8,152.55452527536966,-102.25707014376728,21.847008040823024
534,22,9,124.48611303122725,-102.25678014951126,21.84700321376673
535,22,10,96.41770078708484,-102.25649015533567,21.84699838620153
536,22,11,68.34928854294243,-102.2562001612405,21.846993558127412
537,22,12,40.28087629880004,-102.25591016722576,21.846988729544382
538,22,13,12.212464054657625,-102.25562017329148,21.84698390045244
539,22,14,0.0,-102.25533017943764,21.846979070851585
540,22,15,0.0,-102.25504018566427,21.846974240741815
541,22,16,0.0,-102.25475019197137,21.846969410123144
542,22,17,2.2946610814999358,-102.25446019835894,21.846964578995557
543,22,18,30.52719085338914,-102.254170204827,21.84695974735906
544,22,19,58.759720625278334,-102.25388021137557,21.846954915213654
545,22,20,86.99225039716754,-102.25359021800463,21.846950082559342
546,22,21,115.22478016905674,-102.2533002247142,21.846945249396118
547,22,22,143.45730994094595,-102.2530102315043,21.846940415723992
548,22,23,171.68983971283515,-102.25272023837492,21.846935581542954
549,22,24,199.92236948472436,-102.25243024532608,21.84693074685302
550,22,25,228.15489925661353,-102.25214025235779,21.846925911654175
551,22,26,256.38742902850277,-102.25185025947006,21.84692107594642
552,22,27,284.61995880039194,-102.25156026666289,21.84691623972976
553,22,28,312.8524885722811,-102.25127027393629,21.846911403004206
554,22,29,341.08501834417035,-102.25098028129027,21.846906565769743
555,23,2,331.55576047358767,-102.2588049439591,21.847307722849806
556,23,3,303.4873482294452,-102.2585149486758,21.847302898781233
557,23,4,275.41893598530277,-102.25822495347285,21.847298074203728
558,23,5,247.35052374116037,-102.25793495835028,21.847293249117307
559,23,6,219.28211149701798,-102.25764496330811,21.84728842352197
560,23,7,191.21369925287556,-102.25735496834632,21.847283597417697
561,23,8,163.14528700873313,-102.25706497346494,21.847278770804508
562,23,9,135.07687476459074,-102.25677497866396,21.847273943682396
563,23,10,107.00846252044833,-102.25648498394341,21.847269116051358
564,23,11,78.94005027630593,-102.2561949893033,21.847264287911404
565,23,12,50.87163803216353,-102.2559049947436,21.847259459262528
566,23,13,22.803225788021123,-102.25561500026436,21.847254630104736
567,23,14,0.0,-102.25532500586559,21.847249800438025
568,23,15,0.0,-102.25503501154726,21.84724497026239
569,23,16,0.0,-102.2547450173094,21.847240139577845
570,23,17,0.0,-102.25445502315203,21.847235308384377
571,23,18,20.382031284442487,-102.25416502907514,21.847230476681993
572,23,19,48.61456105633169,-102.25387503507875,21.847225644470697
573,23,20,76.8470908282209,-102.25358504116286,21.84722081175049
574,23,21,105.07962060011009,-102.2532950473275,21.847215978521362
575,23,22,133.3121503719993,-102.25300505357264,21.847211144783323
576,23,23,161.5446801438885,-102.25271505989834,21.847206310536368
577,23,24,189.7772099157777,-102.25242506630455,21.847201475780498
578,23,25,218.0097396876669,-102.25213507279132,21.847196640515715
579,23,26,246.2422694595561,-102.25184507935863,21.84719180474202
580,23,27,274.4747992314453,-102.25155508600652,21.84718696845942
581,23,28,302.7073290033345,-102.25126509273498,21.8471821316679
582,23,29,330.9398587752237,-102.25097509954401,21.847177294367484
583,24,2,342.14652220695115,-102.25879977684615,21.847578453216038
584,24,3,314.0781099628087,-102.25850978101785,21.84757362908168
585,24,4,286.00969771866625,-102.25821978526994,21.847568804438392
586,24,5,257.94128547452385,-102.25792978960241,21.847563979286182
587,24,6,229.8728732303815,-102.25763979401526,21.847559153625028
588,24,7,201.80446098623906,-102.25734979850851,21.84755432745495
589,24,8,173.73604874209664,-102.25705980308217,21.847549500775937
590,24,9,145.66763649795422,-102.25676980773623,21.847544673588008
591,24,10,117.59922425381183,-102.25647981247073,21.84753984589114
592,24,11,89.53081200966942,-102.25618981728564,21.847535017685352
593,24,12,61.46239976552703,-102.255899822181,21.847530188970634
594,24,13,33.393987521384624,-102.2556098271568,21.847525359746985
595,24,14,5.325575277242206,-102.25531983221305,21.847520530014418
596,24,15,0.0,-102.25502983734975,21.847515699772924
597,24,16,0.0,-102.25473984256695,21.8475108690225
598,24,17,0.0,-102.25444984786462,21.847506037763157
599,24,18,10.236871715495834,-102.25415985324278,21.847501205994888
600,24,19,38.469401487385035,-102.25386985870142,21.8474963737177
601,24,20,66.70193125927423,-102.25357986424059,21.847491540931586
602,24,21,94.93446103116344,-102.25328986986025,21.847486707636552
603,24,22,123.16699080305266,-102.25299987556046,21.847481873832592
604,24,23,151.39952057494185,-102.25270988134119,21.84747703951972
605,24,24,179.63205034683105,-102.25241988720246,21.84747220469793
606,24,25,207.86458011872026,-102.25212989314427,21.84746736936721
607,24,26,236.09710989060943,-102.25183989916663,21.847462533527576
608,24,27,264.32963966249866,-102.25154990526957,21.847457697179024
609,24,28,292.56216943438784,-102.25125991145308,21.847452860321557
610,24,29,320.7946992062771,-102.25096991771716,21.84744802295517
611,24,30,349.02722897816625,-102.25067992406184,21.847443185079868
612,25,3,324.66887169617223,-102.25850461327956,21.847844359372093
613,25,4,296.6004594520298,-102.25821461698666,21.847839534663013
614,25,5,268.5320472078874,-102.25792462077416,21.847834709445003
615,25,6,240.46363496374497,-102.25763462464204,21.847829883718052
616,25,7,212.39522271960254,-102.25734462859032,21.847825057482158
617,25,8,184.32681047546012,-102.257054632619,21.847820230737337
618,25,9,156.25839823131773,-102.2567646367281,21.847815403483576
619,25,10,128.18998598717533,-102.2564746409176,21.84781057572088
620,25,11,100.12157374303293,-102.25618464518756,21.847805747449254
621,25,12,72.05316149889053,-102.25589464953794,21.84780091866869
622,25,13,43.98474925474812,-102.25560465396877,21.84779608937919
623,25,14,15.916337010605703,-102.25531465848005,21.847791259580767
624,25,15,0.0,-102.25502466307181,21.847786429273405
625,25,16,0.0,-102.25473466774403,21.847781598457107
626,25,17,0.0,-102.25444467249673,21.847776767131887
627,25,18,0.0917121465491814,-102.25415467732992,21.847771935297732
628,25,19,28.324241918438386,-102.25386468224362,21.847767102954652
629,25,20,56.55677169032759,-102.2535746872378,21.84776227010264
630,25,21,84.78930146221678,-102.25328469231252,21.847757436741695
631,25,22,113.021831234106,-102.25299469746776,21.84775260287183
632,25,23,141.25436100599518,-102.25270470270351,21.847747768493033
633,25,24,169.48689077788438,-102.25241470801981,21.84774293360531
634,25,25,197.7194205497736,-102.25212471341666,21.847738098208662
635,25,26,225.95195032166282,-102.25183471889407,21.84773326230308
636,25,27,254.184480093552,-102.25154472445205,21.847728425888583
637,25,28,282.41700986544123,-102.2512547300906,21.84772358896516
638,25,29,310.6495396373304,-102.25096473580973,21.84771875153281
639,25,30,338.8820694092196,-102.25067474160944,21.847713913591537
640,26,3,335.2596334295357,-102.25849944546087,21.84811508965245
641,26,4,307.19122118539326,-102.258209448623,21.848110264877583
642,26,5,279.12280894125087,-102.25791945186552,21.848105439593773
643,26,6,251.05439669710844,-102.25762945518842,21.848100613801016
644,26,7,222.98598445296605,-102.25733945859172,21.848095787499318
645,26,8,194.91757220882363,-102.25704946207541,21.848090960688683
646,26,9,166.84915996468123,-102.25675946563952,21.848086133369094
647,26,10,138.7807477205388,-102.25646946928406,21.848081305540568
648,26,11,110.71233547639642,-102.25617947300903,21.8480764772031
649,26,12,82.64392323225402,-102.25588947681443,21.84807164835669
650,26,13,54.57551098811161,-102.25559948070028,21.848066819001346
651,26,14,26.5070987439692,-102.2553094846666,21.84806198913706
652,26,15,0.0,-102.25501948871337,21.848057158763833
653,26,16,0.0,-102.25472949284062,21.84805232788167
654,26,17,0.0,-102.25443949704834,21.84804749649057
655,26,18,0.0,-102.25414950133657,21.848042664590526
656,26,19,18.179082349491733,-102.25385950570528,21.84803783218155
657,26,20,46.411612121380934,-102.2535695101545,21.84803299926364
658,26,21,74.64414189327013,-102.25327951468424,21.848028165836784
659,26,22,102.87667166515935,-102.25298951929449,21.848023331901004
660,26,23,131.10920143704854,-102.25269952398529,21.848018497456287
661,26,24,159.34173120893774,-102.25240952875663,21.848013662502634
662,26,25,187.57426098082695,-102.25211953360851,21.84800882704005
663,26,26,215.80679075271613,-102.25182953854095,21.848003991068534
664,26,27,244.03932052460536,-102.25153954355395,21.847999154588084
665,26,28,272.27185029649456,-102.25124954864755,21.847994317598705
666,26,29,300.50438006838374,-102.2509595538217,21.84798948010039
667,26,30,328.736909840273,-102.25066955907646,21.847984642093152
668,27,3,345.8503951628992,-102.25849427756182,21.848385819922765
669,27,4,317.7819829187568,-102.25820428017897,21.84838099508211
670,27,5,289.71357067461435,-102.2579142828765,21.8483761697325
671,27,6,261.64515843047195,-102.2576242856544,21.848371343873943
672,27,7,233.57674618632953,-102.2573342885127,21.848366517506435
673,27,8,205.50833394218714,-102.25704429145142,21.848361690629975
674,27,9,177.4399216980447,-102.25675429447054,21.84835686324457
675,27,10,149.37150945390232,-102.25646429757009,21.84835203535021
676,27,11,121.30309720975993,-102.25617430075008,21.848347206946904
677,27,12,93.2346849656175,-102.25588430401048,21.848342378034655
678,27,13,65.16627272147511,-102.25559430735136,21.848337548613454
679,27,14,37.097860477332695,-102.25530431077267,21.848332718683306
680,27,15,9.02944823319029,-102.25501431427446,21.848327888244214
681,27,16,0.0,-102.25472431785673,21.848323057296177
682,27,17,0.0,-102.25443432151947,21.848318225839197
683,27,18,0.0,-102.2541443252627,21.848313393873266
684,27,19,8.03392278054508,-102.25385432908645,21.848308561398397
685,27,20,36.26645255243428,-102.25356433299069,21.848303728414585
686,27,21,64.49898232432349,-102.25327433697544,21.84829889492183
687,27,22,92.73151209621268,-102.25298434104072,21.848294060920132
688,27,23,120.96404186810189,-102.25269434518653,21.84828922640949
689,27,24,149.1965716399911,-102.25240434941288,21.848284391389914
690,27,25,177.4291014118803,-102.25211435371979,21.848279555861392
691,27,26,205.6616311837695,-102.25182435810727,21.848274719823934
692,27,27,233.8941609556587,-102.2515343625753,21.848269883277535
693,27,28,262.1266907275479,-102.25124436712389,21.848265046222195
694,27,29,290.35922049943713,-102.25095437175308,21.848260208657923
695,27,30,318.5917502713263,-102.25066437646286,21.848255370584717
696,27,31,346.82428004321554,-102.25037438125325,21.848250532002563
697,28,4,328.3727446521203,-102.25819911165456,21.848651725276582
698,28,5,300.3043324079779,-102.25790911380707,21.848646899861183
699,28,6,272.23592016383543,-102.25761911603998,21.848642073936823
700,28,7,244.167507919693,-102.25732911835328,21.8486372475035
701,28,8,216.09909567555061,-102.257039120747,21.848632420561227
702,28,9,188.03068343140822,-102.25674912322113,21.84862759311
703,28,10,159.96227118726583,-102.25645912577568,21.848622765149806
704,28,11,131.8938589431234,-102.25616912841066,21.84861793668066
705,28,12,103.825446698981,-102.2558791311261,21.848613107702565
706,28,13,75.7570344548386,-102.25558913392196,21.84860827821551
707,28,14,47.688622210696195,-102.25529913679829,21.848603448219507
708,28,15,19.620209966553787,-102.25500913975509,21.84859861771455
709,28,16,0.0,-102.25471914279235,21.84859378670064
710,28,17,0.0,-102.25442914591011,21.848588955177778
711,28,18,0.0,-102.25413914910835,21.848584123145965
712,28,19,0.0,-102.25384915238709,21.848579290605198
713,28,20,26.12129298348763,-102.25355915574634,21.84857445755548
714,28,21,54.35382275537683,-102.25326915918612,21.84856962399682
715,28,22,82.58635252726603,-102.25297916270641,21.84856478992921
716,28,23,110.81888229915525,-102.25268916630723,21.848559955352645
717,28,24,139.05141207104444,-102.2523991699886,21.84855512026714
718,28,25,167.28394184293364,-102.25210917375053,21.848550284672687
719,28,26,195.51647161482285,-102.251819177593,21.848545448569283
720,28,27,223.74900138671202,-102.25152918151603,21.84854061195694
721,28,28,251.98153115860126,-102.25123918551967,21.848535774835643
722,28,29,280.21406093049046,-102.25094918960387,21.848530937205407
723,28,30,308.4465907023797,-102.25065919376867,21.848526099066227
724,28,31,336.67912047426887,-102.25036919801407,21.848521260418103
725,29,4,338.96350638548375,-102.25819394304975,21.848922455461018
726,29,5,310.8950941413414,-102.25790394465726,21.848917629979816
727,29,6,282.8266818971989,-102.25761394634517,21.848912803989656
728,29,7,254.75826965305654,-102.25732394811347,21.848907977490523
729,29,8,226.68985740891412,-102.25703394996216,21.848903150482425
730,29,9,198.62144516477173,-102.2567439518913,21.848898322965372
731,29,10,170.5530329206293,-102.25645395390083,21.848893494939354
732,29,11,142.4846206764869,-102.25616395599081,21.84888866640437
733,29,12,114.4162084323445,-102.25587395816123,21.848883837360425
734,29,13,86.3477961882021,-102.25558396041211,21.848879007807522
735,29,14,58.02673031438984,-102.25529396274344,21.848874177745657
736,29,15,29.62690803498128,-102.25500396515524,21.84886934717483
737,29,16,1.2270857555727213,-102.2547139676475,21.84886451609505
738,29,17,0.0,-102.25442397022024,21.848859684506305
739,29,18,0.0,-102.25413397287349,21.848854852408607
740,29,19,0.0,-102.25384397560724,21.84885001980195
741,29,20,15.976133414540973,-102.2535539784215,21.84884518668633
742,29,21,44.20866318643017,-102.25326398131627,21.84884035306176
743,29,22,72.44119295831939,-102.25297398429156,21.848835518928233
744,29,23,100.67372273020858,-102.2526839873474,21.848830684285755
745,29,24,128.90625250209777,-102.25239399048377,21.848825849134315
746,29,25,157.13878227398698,-102.2521039937007,21.848821013473927
747,29,26,185.37131204587618,-102.25181399699818,21.848816177304585
748,29,27,213.6038418177654,-102.25152400037624,21.848811340626284
749,29,28,241.8363715896546,-102.25123400383485,21.848806503439032
750,29,29,270.0689013615438,-102.25094400737407,21.848801665742837
751,29,30,298.301431133433,-102.25065401099387,21.848796827537683
752,29,31,326.5345023973882,-102.25036401469428,21.84879198882358
753,30,5,321.4858558747049,-102.25789877542707,21.8491883600884
754,30,6,293.41744363056245,-102.25760877656995,21.849183534032434
755,30,7,265.34903138642005,-102.25731877779324,21.849178707467495
756,30,8,237.2806191422776,-102.25702877909693,21.849173880393582
757,30,9,209.2122068981352,-102.25673878048103,21.8491690528107
758,30,10,181.1437946539928,-102.25644878194556,21.849164224718848
759,30,11,152.89315605901464,-102.25615878349053,21.84915939611803
760,30,12,124.49333377960608,-102.25586878511594,21.849154567008238
761,30,13,96.09351150019751,-102.25557878682181,21.849149737389478
762,30,14,67.69368922078895,-102.25528878860813,21.849144907261756
763,30,15,39.2938669413804,-102.2549987904749,21.849140076625066
764,30,16,10.894044661971845,-102.25470879242216,21.84913524547941
765,30,17,0.0,-102.2544187944499,21.849130413824785
766,30,18,0.0,-102.25412879655813,21.849125581661195
767,30,19,0.0,-102.25383879874688,21.849120748988646
768,30,20,5.830973845594321,-102.25354880101612,21.84911591580713
769,30,21,34.06350361748352,-102.2532588033659,21.84911108211665
770,30,22,62.29603338937273,-102.25296880579619,21.84910624791721
771,30,23,90.52856316126194,-102.25267880830701,21.849101413208803
772,30,24,118.76109293315113,-102.25238881089838,21.84909657799144
773,30,25,146.99362270504034,-102.2520988135703,21.84909174226511
774,30,26,175.22615247692954,-102.25180881632278,21.849086906029825
775,30,27,203.45868224881875,-102.25151881915583,21.849082069285572
776,30,28,231.69121202070795,-102.25122882206945,21.84907723203237
777,30,29,259.99313214098265,-102.25093882506367,21.849072394270202
778,30,30,288.3207983493051,-102.25064882813848,21.84906755599908
779,30,31,316.6484645576276,-102.25035883129388,21.849062717219002
780,30,32,344.97613076595,-102.25006883452991,21.849057877929965
781,31,5,332.0766176080684,-102.25789360611648,21.849459090186947
782,31,6,304.008205363926,-102.25760360671434,21.84945426406517
783,31,7,275.93979311978353,-102.2573136073926,21.849449437434423
784,31,8,247.75958180363943,-102.25702360815126,21.849444610294693
785,31,9,219.35975952423087,-102.25673360899036,21.849439782645984
786,31,10,190.95993724482233,-102.25644360990987,21.849434954488302
787,31,11,162.56011496541376,-102.2561536109098,21.84943012582164
788,31,12,134.1602926860052,-102.2558636119902,21.849425296646007
789,31,13,105.76047040659664,-102.25557361315103,21.849420466961398
790,31,14,77.36064812718809,-102.25528361439233,21.849415636767812
791,31,15,48.96082584777952,-102.2549936157141,21.849410806065254
792,31,16,20.561003568370964,-102.25470361711635,21.84940597485372
793,31,17,0.0,-102.25441361859906,21.84940114313322
794,31,18,0.0,-102.25412362016229,21.849396310903742
795,31,19,0.0,-102.25383362180601,21.8493914781653
796,31,20,0.0,-102.25354362353025,21.84938664491788
797,31,21,23.91834404853687,-102.25325362533499,21.84938181116149
798,31,22,52.15087382042608,-102.25296362722027,21.849376976896135
799,31,23,80.38340359231528,-102.25267362918608,21.84937214212181
800,31,24,108.61593336420448,-102.25238363123245,21.849367306838513
801,31,25,136.8484631360937,-102.25209363335934,21.84936247104625
802,31,26,165.13373097309176,-102.25180363556683,21.849357634745022
803,31,27,193.46139718141424,-102.25151363785487,21.84935279793482
804,31,28,221.78906338973673,-102.25122364022347,21.84934796061566
805,31,29,250.11672959805918,-102.25093364267268,21.84934312278753
806,31,30,278.44439580638164,-102.25064364520247,21.849338284450443
807,31,31,306.7720620147041,-102.25035364781289,21.849333445604383
808,31,32,335.09972822302655,-102.25006365050389,21.84932860624936
809,32,5,342.6260075482642,-102.2578884367255,21.849729820275442
810,32,6,314.2261852688557,-102.25759843677832,21.849724994087865
811,32,7,285.8263629894471,-102.25730843691156,21.8497201673913
812,32,8,257.4265407100385,-102.25701843712518,21.849715340185757
813,32,9,229.02671843062998,-102.25672843741924,21.849710512471226
814,32,10,200.62689615122144,-102.25643843779372,21.849705684247702
815,32,11,172.22707387181288,-102.25614843824864,21.84970085551521
816,32,12,143.82725159240434,-102.255858438784,21.849696026273723
817,32,13,115.42742931299577,-102.25556843939981,21.84969119652326
818,32,14,87.0276070335872,-102.25527844009608,21.849686366263818
819,32,15,58.62778475417864,-102.25498844087282,21.849681535495392
820,32,16,30.227962474770088,-102.25469844173004,21.849676704217988
821,32,17,1.8281401953615262,-102.25440844266772,21.8496718724316
822,32,18,0.0,-102.25411844368593,21.849667040136243
823,32,19,0.0,-102.25382844478463,21.849662207331896
824,32,20,0.0,-102.25353844596384,21.84965737401858
825,32,21,13.77318447959022,-102.25324844722357,21.849652540196278
826,32,22,42.005714251479425,-102.25295844856382,21.849647705865006
827,32,23,70.27432980520086,-102.25266844998461,21.84964287102476
828,32,24,98.60199601352333,-102.25237845148595,21.849638035675532
829,32,25,126.9296622218458,-102.25208845306784,21.849633199817333
830,32,26,155.25732843016826,-102.25179845473029,21.849628363450158
831,32,27,183.58499463849074,-102.2515084564733,21.849623526574018
832,32,28,211.9126608468132,-102.2512184582969,21.849618689188897
833,32,29,240.24032705513568,-102.2509284602011,21.8496138512948
834,32,30,268.5679932634581,-102.25063846218589,21.849609012891733
835,32,31,296.89565947178056,-102.25034846425127,21.8496041739797
836,32,32,325.2233256801031,-102.25005846639726,21.8495993345587
837,33,6,323.89314417525475,-102.25759326676192,21.84999572410051
838,33,7,295.49332189584624,-102.2573032663501,21.84999089733813
839,33,8,267.09349961643767,-102.25701326601869,21.849986070066766
840,33,9,238.69367733702913,-102.25672326576772,21.849981242286407
841,33,10,210.29385505762056,-102.25643326559715,21.84997641399706
842,33,11,181.894032778212,-102.25614326550703,21.84997158519872
843,33,12,153.49421049880343,-102.25585326549735,21.849966755891398
844,33,13,125.09438821939489,-102.25556326556813,21.849961926075075
845,33,14,96.69456593998632,-102.25527326571937,21.84995709574977
846,33,15,68.29474366057777,-102.25498326595105,21.84995226491548
847,33,16,39.894921381169205,-102.25469326626325,21.849947433572197
848,33,17,11.495099101760648,-102.2544032666559,21.849942601719935
849,33,18,0.0,-102.25411326712907,21.849937769358686
850,33,19,0.0,-102.25382326768273,21.849932936488443
851,33,20,0.0,-102.25353326831691,21.849928103109225
852,33,21,3.7425948456324387,-102.2532432690316,21.84992326922102
853,33,22,32.0702610539549,-102.25295326982683,21.849918434823834
854,33,23,60.39792726227736,-102.25266327070258,21.84991359991766
855,33,24,88.72559347059982,-102.25237327165891,21.849908764502505
856,33,25,117.05325967892229,-102.25208327269577,21.849903928578367
857,33,26,145.38092588724476,-102.25179327381318,21.849899092145254
858,33,27,173.70859209556718,-102.25150327501117,21.849894255203154
859,33,28,202.0362583038897,-102.25121327628975,21.849889417752074
860,33,29,230.36392451221218,-102.25092327764891,21.84988457979202
861,33,30,258.69159072053463,-102.25063327908867,21.849879741322983
862,33,31,287.0192569288571,-102.25034328060904,21.84987490234497
863,33,32,315.34692313717954,-102.25005328221002,21.84987006285798
864,33,33,343.674589345502,-102.24976328389161,21.849865222862014
865,34,6,333.5601030816539,-102.25758809666509,21.850266454103107
866,34,7,305.1602808022454,-102.25729809570824,21.850261627274918
867,34,8,276.7604585228368,-102.25700809483178,21.85025679993773
868,34,9,248.36063624342822,-102.25671809403575,21.850251972091552
869,34,10,219.96081396401968,-102.25642809332014,21.850247143736365
870,34,11,191.5609916846111,-102.25613809268498,21.850242314872187
871,34,12,163.16116940520257,-102.25584809213025,21.85023748549901
872,34,13,134.761347125794,-102.25555809165598,21.850232655616846
873,34,14,106.36152484638545,-102.25526809126217,21.850227825225677
874,34,15,77.96170256697688,-102.25497809094882,21.850222994325517
875,34,16,49.56188028756833,-102.25468809071596,21.850218162916363
876,34,17,21.162058008159768,-102.25439809056358,21.85021333099822
877,34,18,0.0,-102.25410809049171,21.850208498571075
878,34,19,0.0,-102.25381809050035,21.850203665634943
879,34,20,0.0,-102.25352809058947,21.850198832189818
880,34,21,0.0,-102.25323809075913,21.85019399823571
881,34,22,22.193858511031404,-102.25294809100932,21.8501891637726
882,34,23,50.521524719353884,-102.25265809134004,21.85018432880051
883,34,24,78.84919092767633,-102.25236809175131,21.850179493319423
884,34,25,107.17685713599882,-102.25207809224314,21.850174657329354
885,34,26,135.50452334432126,-102.25178809281552,21.850169820830292
886,34,27,163.83218955264374,-102.25149809346847,21.850164983822243
887,34,28,192.15985576096617,-102.251208094202,21.85016014630521
888,34,29,220.48752196928868,-102.25091809501613,21.85015530827918
889,34,30,248.8151881776111,-102.25062809591087,21.850150469744182
890,34,31,277.14285438593356,-102.25033809688618,21.850145630700183
891,34,32,305.4705205942561,-102.25004809794213,21.850140791147208
892,34,33,333.79818680257847,-102.24975809907869,21.85013595108525
893,35,6,343.22706198805304,-102.25758292648787,21.850537184095653
894,35,7,314.82723970864447,-102.25729292498595,21.850532357201654
895,35,8,286.42741742923596,-102.25700292356444,21.850527529798647
896,35,9,258.0275951498274,-102.25671292222336,21.85052270188664
897,35,10,229.6277728704188,-102.25642292096269,21.850517873465623
898,35,11,201.22795059101026,-102.25613291978247,21.850513044535603
899,35,12,172.8281283116017,-102.25584291868269,21.850508215096585
900,35,13,144.42830603219312,-102.25555291766338,21.85050338514856
901,35,14,116.02848375278457,-102.2552629167245,21.850498554691537
902,35,15,87.62866147337603,-102.25497291586612,21.850493723725503
903,35,16,59.22883919396745,-102.25468291508821,21.85048889225048
904,35,17,30.8290169145589,-102.25439291439078,21.850484060266453
905,35,18,2.4291946351503406,-102.25410291377385,21.85047922777342
906,35,19,0.0,-102.25381291323743,21.850474394771396
907,35,20,0.0,-102.2535229127815,21.850469561260365
908,35,21,0.0,-102.2532329124061,21.850464727240343
909,35,22,12.3174559681079,-102.25294291211125,21.850459892711324
910,35,23,40.64512217643037,-102.25265291189693,21.850455057673305
911,35,24,68.97278838475282,-102.25236291176314,21.850450222126288
912,35,25,97.30045459307529,-102.25207291170993,21.85044538607028
913,35,26,125.62812080139776,-102.25178291173727,21.850440549505276
914,35,27,153.95578700972024,-102.25149291184518,21.85043571243128
915,35,28,182.28345321804267,-102.25120291203368,21.85043087484828
916,35,29,210.61111942636512,-102.25091291230277,21.850426036756293
917,35,30,238.9387856346876,-102.25062291265245,21.85042119815532
918,35,31,267.2664518430101,-102.25033291308273,21.850416359045347
919,35,32,295.59411805133254,-102.25004291359363,21.850411519426384
920,35,33,323.921784259655,-102.24975291418515,21.850406679298434
921,36,7,324.4941986150436,-102.25728775418328,21.850803087118344
922,36,8,296.094376335635,-102.2569977522167,21.85079825964952
923,36,9,267.6945540562265,-102.25670775033053,21.850793431671676
924,36,10,239.2947317768179,-102.25641774852483,21.850788603184835
925,36,11,210.89490949740937,-102.25612774679954,21.850783774188972
926,36,12,182.4950872180008,-102.2558377451547,21.85077894468411
927,36,13,154.09526493859227,-102.2555477435903,21.850774114670227
928,36,14,125.6954426591837,-102.25525774210638,21.85076928414734
929,36,15,97.29562037977514,-102.25496774070292,21.850764453115445
930,36,16,68.89579810036659,-102.25467773937994,21.850759621574543
931,36,17,40.49597582095802,-102.25438773813747,21.850754789524633
932,36,18,12.096153541549464,-102.25409773697548,21.85074995696571
933,36,19,0.0,-102.25380773589399,21.850745123897788
934,36,20,0.0,-102.25351773489302,21.85074029032086
935,36,21,0.0,-102.25322773397257,21.850735456234926
936,36,22,2.441053425184394,-102.25293773313265,21.850730621639993
937,36,23,30.76871963350686,-102.25264773237328,21.85072578653605
938,36,24,59.09638584182932,-102.25235773169443,21.850720950923105
939,36,25,87.42405205015179,-102.25206773109616,21.85071611480116
940,36,26,115.75171825847426,-102.25177773057845,21.85071127817021
941,36,27,144.0793844667967,-102.25148773014132,21.85070644103026
942,36,28,172.40705067511917,-102.25119772978476,21.85070160338131
943,36,29,200.73471688344162,-102.2509077295088,21.850696765223358
944,36,30,229.0623830917641,-102.25061772931342,21.850691926556404
945,36,31,257.39004930008656,-102.25032772919866,21.850687087380454
946,36,32,285.717715508409,-102.2500377291645,21.85068224769551
947,36,33,314.0453817167315,-102.249747729211,21.850677407501564
948,36,34,342.3730479250539,-102.2494577293381,21.850672566798615
949,37,7,334.1611575214427,-102.25728258330017,21.851073817024986
950,37,8,305.76133524203414,-102.25699258078852,21.85106898949034
951,37,9,277.3615129626256,-102.25670257835729,21.851064161446676
952,37,10,248.96169068321706,-102.25641257600651,21.851059332893993
953,37,11,220.5618684038085,-102.25612257373614,21.8510545038323
954,37,12,192.16204612439992,-102.25583257154624,21.85104967426158
955,37,13,163.76222384499135,-102.25554256943677,21.85104484418185
956,37,14,135.36240156558281,-102.25525256740778,21.8510400135931
957,37,15,106.96257928617426,-102.25496256545925,21.851035182495337
958,37,16,78.56275700676571,-102.25467256359121,21.851030350888557
959,37,17,50.16293472735715,-102.25438256180365,21.85102551877277
960,37,18,21.763112447948586,-102.2540925600966,21.85102068614796
961,37,19,0.0,-102.25380255847004,21.85101585301414
962,37,20,0.0,-102.25351255692401,21.85101101937131
963,37,21,0.0,-102.2532225554585,21.851006185219465
964,37,22,0.0,-102.25293255407352,21.851001350558608
965,37,23,20.892317090583354,-102.25264255276907,21.850996515388747
966,37,24,49.21998329890581,-102.25235255154517,21.85099167970987
967,37,25,77.54764950722827,-102.25206255040185,21.850986843521987
968,37,26,105.87531571555076,-102.25177254933907,21.85098200682509
969,37,27,134.2029819238732,-102.25148254835688,21.850977169619192
970,37,28,162.53064813219567,-102.25119254745525,21.850972331904284
971,37,29,190.85831434051812,-102.25090254663422,21.85096749368037
972,37,30,219.1859805488406,-102.25061254589379,21.85096265494744
973,37,31,247.51364675716306,-102.25032254523397,21.850957815705513
974,37,32,275.84131296548554,-102.25003254465476,21.850952975954577
975,37,33,304.168979173808,-102.24974254415619,21.85094813569464
976,37,34,332.49664538213045,-102.24945254373823,21.850943294925703
977,38,7,343.82811642784185,-102.25727741233666,21.851344546921577
978,38,8,315.4282941484333,-102.25698740927993,21.85133971932111
979,38,9,287.0284718690247,-102.25669740630363,21.85133489121162
980,38,10,258.6286495896162,-102.25640740340775,21.851330062593114
981,38,11,230.2288273102076,-102.2561174005923,21.851325233465573
982,38,12,201.82900503079904,-102.2558273978573,21.851320403829007
983,38,13,173.4291827513905,-102.25553739520278,21.85131557368342
984,38,14,145.02936047198196,-102.2552473926287,21.851310743028808
985,38,15,116.62953819257339,-102.2549573901351,21.85130591186518
986,38,16,88.22971591316482,-102.25466738772198,21.85130108019252
987,38,17,59.829893633756264,-102.25437738538935,21.851296248010847
988,38,18,31.430071354347707,-102.25408738313722,21.851291415320155
989,38,19,3.0302490749391553,-102.2537973809656,21.851286582120437
990,38,20,0.0,-102.25350737887447,21.8512817484117
991,38,21,0.0,-102.2532173768639,21.85127691419395
992,38,22,0.0,-102.25292737493383,21.851272079467176
993,38,23,11.01591454765985,-102.25263737308433,21.851267244231387
994,38,24,39.34358075598231,-102.25234737131535,21.851262408486583
995,38,25,67.67124696430477,-102.25205736962694,21.851257572232765
996,38,26,95.99891317262724,-102.2517673680191,21.851252735469924
997,38,27,124.32657938094971,-102.25147736649183,21.851247898198068
998,38,28,152.65424558927216,-102.25118736504515,21.8512430604172
999,38,29,180.98191179759462,-102.25089736367904,21.85123822212732
1000,38,30,209.30957800591707,-102.25060736239355,21.851233383328424
1001,38,31,237.63724421423956,-102.25031736118866,21.85122854402051
1002,38,32,265.964910422562,-102.2500273600644,21.851223704203594
1003,38,33,294.29257663088447,-102.24973735902076,21.851218863877662
1004,38,34,322.6202428392069,-102.24944735805774,21.85121402304272
1005,38,35,347.7938115433789,-102.24915735717536,21.851209181698763
1006,39,8,325.0952530548324,-102.25698223769092,21.85161044914184
1007,39,9,296.69543077542386,-102.25669223416952,21.85160562096652
1008,39,10,268.2956084960153,-102.25640223072855,21.851600792282174
1009,39,11,239.89578621660672,-102.25611222736802,21.851595963088794
1010,39,12,211.49596393719818,-102.25582222408794,21.85159113338638
1011,39,13,183.09614165778962,-102.25553222088831,21.85158630317494
1012,39,14,154.69631937838105,-102.25524221776915,21.851581472454466
1013,39,15,126.29649709897251,-102.25495221473047,21.851576641224966
1014,39,16,97.89667481956396,-102.25466221177226,21.851571809486437
1015,39,17,69.49685254015539,-102.25437220889454,21.85156697723888
1016,39,18,41.097030260746834,-102.25408220609734,21.851562144482298
1017,39,19,12.697207981338277,-102.25379220338061,21.85155731121668
1018,39,20,0.0,-102.25350220074444,21.85155247744205
1019,39,21,0.0,-102.25321219818876,21.85154764315838
1020,39,22,0.0,-102.25292219571361,21.851542808365693
1021,39,23,1.139512004736339,-102.25263219331903,21.85153797306398
1022,39,24,29.4671782130588,-102.25234219100498,21.851533137253245
1023,39,25,57.79484442138126,-102.25205218877149,21.851528300933484
1024,39,26,86.12251062970374,-102.25176218661858,21.851523464104698
1025,39,27,114.45017683802618,-102.25147218454622,21.851518626766897
1026,39,28,142.77784304634864,-102.25118218255446,21.85151378892007
1027,39,29,171.1055092546711,-102.25089218064328,21.851508950564217
1028,39,30,199.43317546299357,-102.25060217881271,21.851504111699352
1029,39,31,227.76084167131606,-102.25031217706275,21.851499272325462
1030,39,32,256.0885078796385,-102.25002217539341,21.851494432442557
1031,39,33,281.6244955549368,-102.24973217380467,21.85148959205063
1032,39,34,305.8865780840315,-102.2494421722966,21.851484751149684
1033,39,35,330.1486606131262,-102.24915217086915,21.85147990973972
1034,40,8,334.76221196123157,-102.25697706602148,21.851881178952514
1035,40,9,306.36238968182295,-102.25668706195498,21.85187635071137
1036,40,10,277.9625674024144,-102.25639705796891,21.851871521961186
1037,40,11,249.56274512300584,-102.25610705406329,21.85186669270196
1038,40,12,221.1629228435973,-102.25581705023811,21.851861862933703
1039,40,13,192.76310056418873,-102.25552704649338,21.851857032656408
1040,40,14,164.3632782847802,-102.25523704282912,21.851852201870074
1041,40,15,135.9634560053716,-102.25494703924535,21.851847370574703
1042,40,16,107.56363372596307,-102.25465703574204,21.8518425387703
1043,40,17,79.1638114465545,-102.25436703231925,21.85183770645686
1044,40,18,50.76398916714595,-102.25407702897692,21.851832873634386
1045,40,19,22.3641668877374,-102.25378702571513,21.851828040302877
1046,40,20,0.0,-102.25349702253385,21.851823206462328
1047,40,21,0.0,-102.25320701943309,21.851818372112763
1048,40,22,0.0,-102.25291701641287,21.851813537254152
1049,40,23,0.0,-102.25262701347317,21.851808701886515
1050,40,24,19.590775670135294,-102.25233701061404,21.851803866009845
1051,40,25,47.918441878457756,-102.25204700783547,21.851799029624146
1052,40,26,76.24610808678023,-102.25175700513745,21.85179419272942
1053,40,27,104.57377429510267,-102.25146700252002,21.85178935532566
1054,40,28,132.90144050342514,-102.25117699998317,21.851784517412874
1055,40,29,161.2291067117476,-102.2508869975269,21.851779678991065
1056,40,30,189.55677292007007,-102.25059699515126,21.851774840060223
1057,40,31,215.45517956649468,-102.25030699285621,21.851770000620355
1058,40,32,239.71726209558938,-102.25001699064178,21.85176516067146
1059,40,33,263.9793446246841,-102.24972698850799,21.851760320213536
1060,40,34,288.24142715377883,-102.24943698645481,21.851755479246595
1061,40,35,312.5035096828736,-102.2491469844823,21.85175063777063
1062,40,36,335.8061278985645,-102.24885698259041,21.851745795785632
1063,41,8,344.4291708676306,-102.25697189427162,21.852151908753143
1064,41,9,316.0293485882221,-102.25668188966,21.852147080446166
1065,41,10,287.6295263088135,-102.25639188512883,21.85214225163015
1066,41,11,259.22970402940496,-102.2561018806781,21.852137422305088
1067,41,12,230.82988174999642,-102.25581187630783,21.85213259247098
1068,41,13,202.43005947058788,-102.255521872018,21.852127762127825
1069,41,14,174.03023719117928,-102.25523186780865,21.852122931275634
1070,41,15,145.63041491177074,-102.25494186367975,21.852118099914392
1071,41,16,117.2305926323622,-102.25465185963135,21.852113268044114
1072,41,17,88.83077035295362,-102.25436185566343,21.852108435664785
1073,41,18,60.430948073545075,-102.25407185177603,21.852103602776424
1074,41,19,32.03112579413652,-102.25378184796912,21.85209876937902
1075,41,20,3.631303514727963,-102.25349184424275,21.852093935472574
1076,41,21,0.0,-102.25320184059689,21.852089101057086
1077,41,22,0.0,-102.25291183703156,21.852084266132568
1078,41,23,0.0,-102.25262183354678,21.852079430699
1079,41,24,9.71437312721179,-102.25233183014255,21.852074594756402
1080,41,25,38.042039335534255,-102.25204182681887,21.85206975830477
1081,41,26,66.36970554385671,-102.25175182357577,21.85206492134409
1082,41,27,94.69737175217918,-102.25146182041324,21.85206008387438
1083,41,28,123.02503796050163,-102.2511718173313,21.852055245895638
1084,41,29,149.28586357805256,-102.25088181432994,21.852050407407855
1085,41,30,173.54794610714728,-102.25059181140921,21.852045568411036
1086,41,31,197.81002863624198,-102.25030180856905,21.85204072890519
1087,41,32,222.0721111653367,-102.25001180580954,21.85203588889031
1088,41,33,246.33419369443146,-102.24972180313064,21.8520310483664
1089,41,34,270.59627622352616,-102.24943180053239,21.852026207333452
1090,41,35,293.4723880016004,-102.24914179801478,21.852021365791476
1091,41,36,313.23796690820484,-102.2488517955778,21.852016523740467
1092,41,37,333.0035458148093,-102.24856179322151,21.85201168118043
1093,42,9,325.69630749462124,-102.2566767172846,21.852417810170923
1094,42,10,297.29648521521267,-102.25638671220833,21.852412981289067
1095,42,11,268.8966629358041,-102.25609670721248,21.852408151898164
1096,42,12,240.49684065639553,-102.25580670229708,21.852403321998207
1097,42,13,212.09701837698697,-102.25551669746214,21.852398491589195
1098,42,14,183.69719609757843,-102.25522669270767,21.852393660671144
1099,42,15,155.2973738181699,-102.25493668803367,21.852388829244035
1100,42,16,126.8975515387613,-102.25464668344016,21.85238399730787
1101,42,17,98.49772925935274,-102.25435667892714,21.852379164862665
1102,42,18,70.0979069799442,-102.25406667449462,21.85237433190841
1103,42,19,41.698084700535624,-102.25377667014261,21.85236949844511
1104,42,20,13.29826242112707,-102.25348666587111,21.85236466447276
1105,42,21,0.0,-102.25319666168015,21.85235982999137
1106,42,22,0.0,-102.25290665756972,21.852354995000923
1107,42,23,0.0,-102.25261665353983,21.852350159501434
1108,42,24,0.0,-102.2523266495905,21.8523453234929
1109,42,25,28.165636792610744,-102.25203664572172,21.85234048697533
1110,42,26,56.49330300093321,-102.25174664193351,21.85233564994871
1111,42,27,83.11654758961046,-102.25145663822587,21.852330812413047
1112,42,28,107.37863011870517,-102.25116663459883,21.852325974368345
1113,42,29,131.6407126477999,-102.25087663105236,21.852321135814595
1114,42,30,155.9027951768946,-102.25058662758651,21.852316296751805
1115,42,31,180.16487770598934,-102.25029662420128,21.852311457179976
1116,42,32,204.42696023508407,-102.25000662089667,21.85230661709911
1117,42,33,228.6890427641788,-102.24971661767268,21.852301776509197
1118,42,34,251.13864810463625,-102.24942661452931,21.852296935410255
1119,42,35,270.90422701124066,-102.24913661146661,21.852292093802266
1120,42,36,290.66980591784517,-102.24884660848454,21.852287251685247
1121,42,37,310.4353848244496,-102.24855660558315,21.852282409059185
1122,42,38,330.20096373105406,-102.24826660276241,21.85227756592409
1123,42,39,349.96654263765856,-102.24797660002237,21.852272722279963
1124,43,9,335.3632664010203,-102.25667154482878,21.852688539885627
1125,43,10,306.9634441216118,-102.25638153920737,21.85268371093794
1126,43,11,278.56362184220325,-102.25609153366639,21.852678881481193
1127,43,12,250.16379956279465,-102.25580152820588,21.852674051515386
1128,43,13,221.7639772833861,-102.25551152282581,21.85266922104052
1129,43,14,193.36415500397754,-102.25522151752622,21.852664390056603
1130,43,15,164.96433272456898,-102.2549315123071,21.852659558563623
1131,43,16,136.56451044516044,-102.25464150716849,21.85265472656159
1132,43,17,108.16468816575187,-102.25435150211034,21.852649894050497
1133,43,18,79.76486588634332,-102.2540614971327,21.852645061030355
1134,43,19,51.365043606934755,-102.25377149223557,21.852640227501155
1135,43,20,22.96522132752619,-102.25348148741897,21.8526353934629
1136,43,21,0.0,-102.25319148268288,21.852630558915592
1137,43,22,0.0,-102.25290147802733,21.85262572385923
1138,43,23,0.0,-102.25261147345233,21.852620888293824
1139,43,24,0.0,-102.25232146895789,21.852616052219357
1140,43,25,16.947231601168358,-102.25203146454399,21.85261121563584
1141,43,26,41.20931413026308,-102.25174146021067,21.85260637854328
1142,43,27,65.4713966593578,-102.25145145595792,21.85260154094166
1143,43,28,89.73347918845252,-102.25116145178576,21.852596702830997
1144,43,29,113.99556171754723,-102.2508714476942,21.85259186421128
1145,43,30,138.25764424664195,-102.25058144368325,21.852587025082524
1146,43,31,162.51972677573667,-102.25029143975289,21.85258218544471
1147,43,32,186.7818093048314,-102.25000143590317,21.852577345297856
1148,43,33,208.80490820767213,-102.24971143213405,21.85257250464195
1149,43,34,228.57048711427655,-102.2494214284456,21.852567663477004
1150,43,35,248.33606602088102,-102.24913142483778,21.852562821803012
1151,43,36,268.10164492748544,-102.24884142131062,21.85255797961997
1152,43,37,287.8672238340899,-102.2485514178641,21.85255313692789
1153,43,38,307.6328027406944,-102.24826141449827,21.852548293726763
1154,43,39,327.39838164729883,-102.24797141121313,21.852543450016597
1155,43,40,347.16396055390334,-102.24768140800866,21.852538605797385
1156,44,9,345.03022530741947,-102.25666637229251,21.85295926959028
1157,44,10,316.63040302801085,-102.25637636612596,21.852954440576756
1158,44,11,288.23058074860234,-102.25608636003986,21.852949611054168
1159,44,12,259.83075846919377,-102.25579635403422,21.85294478102251
1160,44,13,231.43093618978523,-102.25550634810902,21.852939950481794
1161,44,14,203.03111391037666,-102.2552163422643,21.85293511943201
1162,44,15,174.63129163096812,-102.25492633650005,21.852930287873164
1163,44,16,146.23146935155953,-102.2546363308163,21.852925455805252
1164,44,17,117.83164707215099,-102.25434632521304,21.85292062322828
1165,44,18,89.43182479274243,-102.25405631969026,21.85291579014224
1166,44,19,61.03200251333387,-102.25376631424803,21.85291095654714
1167,44,20,32.63218023392531,-102.25347630888628,21.852906122442985
1168,44,21,4.232357954516756,-102.25318630360508,21.852901287829766
1169,44,22,0.0,-102.2528962984044,21.852896452707487
1170,44,23,0.0,-102.25260629328427,21.852891617076153
1171,44,24,0.0,-102.2523162882447,21.852886780935755
1172,44,25,0.0,-102.25202628328569,21.8528819442863
1173,44,26,23.56416320001041,-102.25173627840725,21.85287710712779
1174,44,27,47.826245729105125,-102.25144627360939,21.852872269460217
1175,44,28,72.08832825819985,-102.2511562688921,21.85286743128359
1176,44,29,96.35041078729458,-102.25086626425542,21.852862592597916
1177,44,30,120.61249331638929,-102.25057625969934,21.85285775340318
1178,44,31,144.874575845484,-102.25028625522388,21.852852913699387
1179,44,32,166.47116831070795,-102.24999625082904,21.85284807348655
1180,44,33,186.23674721731243,-102.24970624651482,21.852843232764645
1181,44,34,206.00232612391687,-102.24941624228124,21.852838391533695
1182,44,35,225.76790503052132,-102.2491262381283,21.852833549793694
1183,44,36,245.53348393712577,-102.24883623405601,21.852828707544642
1184,44,37,265.2990628437302,-102.2485462300644,21.852823864786536
1185,44,38,285.06464175033466,-102.24825622615347,21.852819021519384
1186,44,39,304.8302206569392,-102.2479662223232,21.852814177743177
1187,44,40,324.5957995635436,-102.24767621857362,21.85280933345792
1188,44,41,344.3613784701481,-102.24738621490475,21.852804488663615
1189,45,10,326.29736193441,-102.25637119296412,21.85322517020553
1190,45,11,297.8975396550015,-102.25608118633289,21.853220340617096
1191,45,12,269.4977173755929,-102.2557911797821,21.853215510519586
1192,45,13,241.09789509618435,-102.25550117331177,21.853210679913012
1193,45,14,212.6980728167758,-102.25521116692191,21.85320584879737
1194,45,15,184.2982505373672,-102.25492116061253,21.853201017172648
1195,45,16,155.89842825795867,-102.25463115438363,21.85319618503886
1196,45,17,127.49860597855012,-102.25434114823523,21.853191352396003
1197,45,18,99.09878369914155,-102.25405114216734,21.853186519244076
1198,45,19,70.74616336866796,-102.25376113617995,21.853181685583078
1199,45,20,44.03748927422226,-102.25347113027307,21.853176851413018
1200,45,21,23.220872246480386,-102.25318112444673,21.85317201673389
1201,45,22,3.8925181912362765,-102.25289111870093,21.853167181545693
1202,45,23,0.0,-102.25260111303567,21.85316234584843
1203,45,24,0.0,-102.25231110745098,21.853157509642095
1204,45,25,0.0,-102.25202110194682,21.853152672926708
1205,45,26,5.919012269757741,-102.25173109652326,21.85314783570225
1206,45,27,30.18109479885246,-102.25144109118025,21.853142997968725
1207,45,28,54.44317732794718,-102.25115108591785,21.85313815972614
1208,45,29,78.70525985704191,-102.25086108073604,21.85313332097449
1209,45,30,102.96734238613661,-102.25057107563484,21.853128481713778
1210,45,31,124.1374284137438,-102.25028107061425,21.853123641944013
1211,45,32,143.90300732034825,-102.24999106567427,21.853118801665183
1212,45,33,163.66858622695273,-102.24970106081493,21.853113960877288
1213,45,34,183.4341651335572,-102.24941105603624,21.85310911958033
1214,45,35,203.19974404016162,-102.24912105133816,21.853104277774325
1215,45,36,222.9653229467661,-102.24883104672077,21.853099435459256
1216,45,37,242.73090185337054,-102.24854104218403,21.853094592635124
1217,45,38,262.496480759975,-102.24825103772797,21.853089749301944
1218,45,39,282.2620596665795,-102.24796103335258,21.853084905459703
1219,45,40,302.027638573184,-102.24767102905788,21.853080061108404
1220,45,41,321.79321747978844,-102.24738102484389,21.85307521624805
1221,45,42,341.5587963863928,-102.24709102071058,21.85307037087864
1222,46,10,335.96432084080914,-102.25636601972184,21.853495899824246
1223,46,11,307.56449856140057,-102.25607601254545,21.853491070169976
1224,46,12,279.16467628199206,-102.25578600544952,21.85348624000662
1225,46,13,250.76485400258346,-102.25549599843404,21.85348140933419
1226,46,14,222.3650317231749,-102.25520599149903,21.853476578152677
1227,46,15,193.96520944376635,-102.25491598464451,21.853471746462088
1228,46,16,165.57726010001238,-102.25462597787046,21.853466914262423
1229,46,17,137.6593981260202,-102.25433597117691,21.853462081553683
1230,46,18,110.834970666343,-102.25404596456389,21.85345724833586
1231,46,19,86.13171049503254,-102.25375595803135,21.85345241460897
1232,46,20,65.49295593565996,-102.25346595157934,21.853447580372997
1233,46,21,46.16460188041586,-102.25317594520784,21.853442745627955
1234,46,22,26.83624782517175,-102.25288593891692,21.853437910373838
1235,46,23,7.507893769927646,-102.25259593270651,21.853433074610653
1236,46,24,0.0,-102.25230592657667,21.85342823833839
1237,46,25,0.0,-102.25201592052738,21.85342340155706
1238,46,26,0.0,-102.25172591455868,21.85341856426665
1239,46,27,12.535943868599793,-102.25143590867054,21.853413726467178
1240,46,28,36.798026397694514,-102.251145902863,21.85340888815863
1241,46,29,61.06010892678924,-102.25085589713605,21.853404049341012
1242,46,30,81.80368851677967,-102.25056589148971,21.85339921001433
1243,46,31,101.56926742338412,-102.25027588592398,21.85339437017858
1244,46,32,121.33484632998858,-102.24998588043889,21.85338952983376
1245,46,33,141.10042523659305,-102.2496958750344,21.85338468897987
1246,46,34,160.8660041431975,-102.24940586971059,21.853379847616917
1247,46,35,180.63158304980195,-102.24911586446738,21.8533750057449
1248,46,36,200.3971619564064,-102.24882585930486,21.85337016336381
1249,46,37,220.16274086301087,-102.24853585422298,21.853365320473664
1250,46,38,239.9283197696153,-102.24824584922179,21.85336047707445
1251,46,39,259.6938986762198,-102.24795584430127,21.853355633166164
1252,46,40,279.45947758282426,-102.24766583946145,21.853350788748827
1253,46,41,299.2250564894287,-102.24737583470232,21.853345943822422
1254,46,42,318.9906353960332,-102.2470858300239,21.853341098386956
1255,46,43,338.7562143026376,-102.2467958254262,21.853336252442425
1256,47,10,345.6312797472083,-102.2563608463991,21.853766629432915
1257,47,11,317.2314574677997,-102.25607083867756,21.8537617997128
1258,47,12,288.83163518839115,-102.25578083103646,21.853756969483594
1259,47,13,260.4354785605602,-102.25549082347584,21.853752138745307
1260,47,14,232.29489732505752,-102.25520081599568,21.853747307497933
1261,47,15,204.68317017637284,-102.25491080859601,21.85374247574147
1262,47,16,177.84679076002746,-102.25462080127681,21.85373764347593
1263,47,17,152.19645795429003,-102.25433079403811,21.853732810701302
1264,47,18,128.44470656287456,-102.25404078687991,21.853727977417595
1265,47,19,107.76503962483956,-102.25375077980223,21.853723143624805
1266,47,20,88.43668556959544,-102.25346077280507,21.85371830932293
1267,47,21,69.10833151435133,-102.25317076588844,21.853713474511974
1268,47,22,49.77997745910722,-102.25288075905235,21.853708639191936
1269,47,23,30.451623403863113,-102.2525907522968,21.853703803362826
1270,47,24,11.123269348619006,-102.25230074562181,21.85369896702463
1271,47,25,0.0,-102.25201073902737,21.853694130177352
1272,47,26,0.0,-102.25172073251352,21.853689292821002
1273,47,27,0.0,-102.25143072608024,21.853684454955577
1274,47,28,19.152875467441838,-102.25114071972756,21.85367961658107
1275,47,29,39.469948619815504,-102.25085071345546,21.853674777697485
1276,47,30,59.235527526419965,-102.25056070726397,21.85366993830483
1277,47,31,79.00110643302442,-102.25027070115311,21.85366509840309
1278,47,32,98.76668533962888,-102.24998069512287,21.85366025799228
1279,47,33,118.53226424623334,-102.24969068917325,21.8536554170724
1280,47,34,138.2978431528378,-102.24940068330427,21.853650575643446
1281,47,35,158.06342205944227,-102.24911067751594,21.853645733705413
1282,47,36,177.82900096604672,-102.24882067180828,21.853640891258316
1283,47,37,197.59457987265117,-102.24853066618127,21.85363604830214
1284,47,38,217.36015877925564,-102.24824066063493,21.853631204836894
1285,47,39,237.1257376858601,-102.24795065516928,21.853626360862577
1286,47,40,256.89131659246453,-102.24766064978432,21.85362151637919
1287,47,41,276.656895499069,-102.24737064448006,21.85361667138674
1288,47,42,296.4224744056734,-102.2470806392565,21.853611825885213
1289,47,43,316.18805331227793,-102.24679063411365,21.853606979874623
1290,47,44,336.29899931641796,-102.24650062905155,21.853602133354965
1291,48,11,327.06532796079125,-102.25606566472922,21.85403252924558
1292,48,12,299.17554977686746,-102.25577565654297,21.854027698950524
1293,48,13,271.73569955837945,-102.25548564843717,21.854022868146377
1294,48,14,244.89706254806907,-102.25519564041184,21.85401803683314
1295,48,15,218.8809084293645,-102.254905632467,21.85401320501081
1296,48,16,194.0183829049578,-102.25461562460265,21.854008372679388
1297,48,17,170.81397406314804,-102.25432561681879,21.854003539838875
1298,48,18,150.0371233140191,-102.25403560911543,21.85399870648928
1299,48,19,130.70876925877502,-102.2537456014926,21.853993872630586
1300,48,20,111.3804152035309,-102.25345559395028,21.853989038262803
1301,48,21,92.0520611482868,-102.25316558648849,21.853984203385938
1302,48,22,72.7237070930427,-102.25287557910724,21.853979367999983
1303,48,23,53.39535303779859,-102.25258557180652,21.853974532104942
1304,48,24,34.06699898255448,-102.25229556458639,21.853969695700812
1305,48,25,14.738644927310373,-102.25200555744681,21.8539648587876
1306,48,26,0.0,-102.25171555038779,21.853960021365303
1307,48,27,0.0,-102.25142554340935,21.853955183433914
1308,48,28,0.0,-102.25113553651153,21.853950344993454
1309,48,29,16.90178762945582,-102.25084552969427,21.853945506043903
1310,48,30,36.66736653606028,-102.25055552295764,21.853940666585263
1311,48,31,56.43294544266473,-102.25026551630161,21.853935826617555
1312,48,32,76.19852434926919,-102.24997550972621,21.853930986140753
1313,48,33,95.96410325587365,-102.24968550323145,21.853926145154876
1314,48,34,115.72968216247811,-102.24939549681733,21.853921303659916
1315,48,35,135.49526106908255,-102.24910549048384,21.853916461655878
1316,48,36,155.26083997568702,-102.24881548423103,21.85391161914276
1317,48,37,175.0264188822915,-102.24852547805887,21.85390677612056
1318,48,38,194.79199778889594,-102.24823547196739,21.853901932589284
1319,48,39,214.5575766955004,-102.24794546595659,21.85389708854893
1320,48,40,234.32315560210486,-102.2476554600265,21.8538922439995
1321,48,41,254.0887345087093,-102.24736545417707,21.853887398940998
1322,48,42,273.85431341531375,-102.24707544840838,21.853882553373417
1323,48,43,293.88307582754015,-102.2467854427204,21.85387770729676
1324,48,44,315.3341909136123,-102.24649543711314,21.853872860711025
1325,48,45,338.08880735751853,-102.2462054315866,21.853868013616218
1326,49,11,338.799912449094,-102.25606049070043,21.854303258768308
1327,49,12,311.96099356442744,-102.255770481969,21.854298428407404
1328,49,13,285.75153951623025,-102.25548047331804,21.854293597537396
1329,49,14,260.3617160146374,-102.25519046474754,21.854288766158295
1330,49,15,236.0561458557639,-102.25490045625753,21.854283934270097
1331,49,16,213.20596808360844,-102.254610447848,21.854279101872798
1332,49,17,192.33061549493272,-102.25432043951896,21.8542742689664
1333,49,18,172.98085294795462,-102.25403043127045,21.854269435550908
1334,49,19,153.6524988927105,-102.25374042310244,21.854264601626323
1335,49,20,134.3241448374664,-102.25345041501495,21.854259767192637
1336,49,21,114.99579078222227,-102.253160407008,21.854254932249855
1337,49,22,95.66743672697817,-102.25287039908157,21.85425009679798
1338,49,23,76.33908267173406,-102.25258039123571,21.85424526083701
1339,49,24,57.01072861648996,-102.2522903834704,21.854240424366953
1340,49,25,37.68237456124586,-102.25200037578564,21.854235587387794
1341,49,26,18.35402050600174,-102.25171036818148,21.854230749899553
1342,49,27,0.0,-102.25142036065789,21.854225911902212
1343,49,28,0.0,-102.25113035321488,21.854221073395784
1344,49,29,0.0,-102.25084034585248,21.85421623438026
1345,49,30,14.09920554570059,-102.25055033857068,21.854211394855657
1346,49,31,33.86478445230505,-102.2502603313695,21.854206554821957
1347,49,32,53.630363358909506,-102.24997032424893,21.854201714279167
1348,49,33,73.39594226551397,-102.24968031720901,21.8541968732273
1349,49,34,93.16152117211841,-102.24939031024974,21.85419203166633
1350,49,35,112.92710007872287,-102.2491003033711,21.854187189596285
1351,49,36,132.69267898532735,-102.24881029657311,21.85418234701715
1352,49,37,152.4582578919318,-102.2485202898558,21.85417750392893
1353,49,38,172.22383679853627,-102.24823028321917,21.85417266033162
1354,49,39,191.98941570514071,-102.24794027666321,21.854167816225228
1355,49,40,211.75499461174516,-102.24765027018795,21.85416297160976
1356,49,41,231.52057351834964,-102.2473602637934,21.8541581264852
1357,49,42,251.47068929496996,-102.24707025747955,21.85415328085156
1358,49,43,272.95768403870613,-102.2467802512464,21.85414843470884
1359,49,44,295.9295304241551,-102.24649024509401,21.854143588057035
1360,49,45,320.0594973920704,-102.24620023902233,21.854138740896147
1361,49,46,344.5772414085118,-102.2459102330314,21.854133893226187
1362,50,12,327.0065953877973,-102.25576530731456,21.854569157854225
1363,50,13,302.1052701581182,-102.25547529811843,21.854564326918364
1364,50,14,278.21192477588113,-102.25518528900275,21.854559495473396
1365,50,15,255.60938151345604,-102.25489527996756,21.854554663519327
1366,50,16,234.67091159298482,-102.25460527101285,21.854549831056147
1367,50,17,215.2529366371342,-102.25431526213865,21.854544998083867
1368,50,18,195.92458258189012,-102.25402525334495,21.854540164602483
1369,50,19,176.59622852664597,-102.25373524463176,21.854535330611995
1370,50,20,157.26787447140188,-102.2534452359991,21.8545304961124
1371,50,21,137.93952041615773,-102.25315522744695,21.854525661103708
1372,50,22,118.61116636091364,-102.25286521897537,21.854520825585915
1373,50,23,99.28281230566955,-102.25257521058433,21.854515989559022
1374,50,24,79.95445825042543,-102.25228520227384,21.854511153023022
1375,50,25,60.62610419518133,-102.25199519404393,21.854506315977932
1376,50,26,41.297750139937214,-102.25170518589458,21.85450147842374
1377,50,27,21.969396084693106,-102.25141517782582,21.854496640360445
1378,50,28,2.641042029448997,-102.25112516983764,21.85449180178805
1379,50,29,0.0,-102.25083516193006,21.854486962706567
1380,50,30,0.0,-102.2505451541031,21.854482123115986
1381,50,31,11.296623461945362,-102.25025514635675,21.854477283016305
1382,50,32,31.06220236854982,-102.24996513869101,21.85447244240753
1383,50,33,50.82778127515428,-102.24967513110593,21.854467601289656
1384,50,34,70.59336018175874,-102.24938512360148,21.854462759662688
1385,50,35,90.35893908836319,-102.24909511617768,21.85445791752663
1386,50,36,110.12451799496765,-102.24880510883453,21.854453074881484
1387,50,37,129.89009690157212,-102.24851510157207,21.854448231727233
1388,50,38,149.65567580817657,-102.24822509439025,21.854443388063903
1389,50,39,169.42125471478104,-102.24793508728915,21.854438543891472
1390,50,40,189.1868336213855,-102.24764508026873,21.85443369920995
1391,50,41,209.06399233516743,-102.247355073329,21.854428854019343
1392,50,42,230.59952860404061,-102.24706506646999,21.854424008319647
1393,50,43,253.85927655630894,-102.2467750596917,21.854419162110858
1394,50,44,278.2536005435809,-102.24648505299413,21.854414315392983
1395,50,45,302.77134456002227,-102.2461950463773,21.85440946816602
1396,50,46,327.28908857646366,-102.24590503984119,21.854404620429964
1397,51,12,344.01593763738975,-102.25576013257968,21.854839887291
1398,51,13,320.4391458276023,-102.25547012283835,21.854835056289286
1399,51,14,298.0193399914079,-102.25518011317749,21.85483022477845
1400,51,15,277.03755673032015,-102.2548901035971,21.85482539275851
1401,51,16,257.5250203263138,-102.2546000940972,21.85482056022945
1402,51,17,238.1966662710697,-102.25431008467781,21.854815727191287
1403,51,18,218.8683122158256,-102.25402007533893,21.85481089364401
1404,51,19,199.53995816058148,-102.25373006608055,21.85480605958762
1405,51,20,180.21160410533736,-102.2534400569027,21.854801225022122
1406,51,21,160.8832500500932,-102.25315004780539,21.854796389947516
1407,51,22,141.55489599484912,-102.25286003878863,21.8547915543638
1408,51,23,122.22654193960503,-102.2525700298524,21.854786718270983
1409,51,24,102.89818788436092,-102.25228002099672,21.85478188166905
1410,51,25,83.5698338291168,-102.25199001222163,21.854777044558016
1411,51,26,64.24147977387268,-102.25170000352709,21.854772206937874
1412,51,27,44.91312571862858,-102.25140999491315,21.854767368808627
1413,51,28,25.584771663384473,-102.25111998637979,21.854762530170277
1414,51,29,6.256417608140363,-102.25082997792704,21.85475769102282
1415,51,30,0.0,-102.25053996955491,21.854752851366257
1416,51,31,0.0,-102.25024996126338,21.854748011200595
1417,51,32,8.494041378190134,-102.24995995305248,21.85474317052583
1418,51,33,28.25962028479459,-102.2496699449222,21.854738329341963
1419,51,34,48.02519919139905,-102.24937993687259,21.854733487648996
1420,51,35,67.79077809800351,-102.2490899289036,21.85472864544693
1421,51,36,87.55635700460797,-102.24879992101529,21.854723802735755
1422,51,37,107.32193591121244,-102.24850991320764,21.854718959515488
1423,51,38,127.0875148178169,-102.24821990548067,21.85471411578612
1424,51,39,146.85309372442134,-102.24792989783438,21.85470927154765
1425,51,40,166.66732795527315,-102.24763989026879,21.85470442680009
1426,51,41,188.27211134163596,-102.2473498827839,21.854699581543425
1427,51,42,211.93106806300054,-102.24705987537972,21.85469473577767
1428,51,43,236.44770369509143,-102.24676986805626,21.85468988950282
1429,51,44,260.9654477115328,-102.24647986081352,21.854685042718867
1430,51,45,285.4831917279742,-102.24618985365152,21.85468019542582
1431,51,46,310.00093574441553,-102.24589984657025,21.854675347623687
1432,51,47,334.51867976085697,-102.24560983956975,21.85467049931245
1433,52,13,340.4333974511567,-102.25546494747779,21.85510578565015
1434,52,14,319.4200665742968,-102.25517493727172,21.855100954073453
1435,52,15,299.79710401549335,-102.25488492714614,21.85509612198764
1436,52,16,280.4687499602492,-102.25459491710106,21.855091289392703
1437,52,17,261.14039590500516,-102.25430490713647,21.855086456288653
1438,52,18,241.81204184976104,-102.25401489725239,21.85508162267548
1439,52,19,222.48368779451695,-102.25372488744883,21.855076788553195
1440,52,20,203.15533373927283,-102.25343487772578,21.85507195392179
1441,52,21,183.82697968402874,-102.25314486808328,21.85506711878127
1442,52,22,164.4986256287846,-102.25285485852132,21.855062283131637
1443,52,23,145.1702715735405,-102.2525648490399,21.855057446972886
1444,52,24,125.8419175182964,-102.25227483963904,21.855052610305023
1445,52,25,106.5135634630523,-102.25198483031875,21.855047773128046
1446,52,26,87.18520940780816,-102.25169482107903,21.855042935441958
1447,52,27,67.85685535256405,-102.2514048119199,21.855038097246755
1448,52,28,48.52850129731995,-102.25111480284136,21.85503325854244
1449,52,29,29.200147242075836,-102.25082479384342,21.85502841932902
1450,52,30,9.871793186831729,-102.25053478492609,21.85502357960648
1451,52,31,0.0,-102.25024477608937,21.855018739374838
1452,52,32,0.0,-102.24995476733329,21.85501389863408
1453,52,33,5.691459294434906,-102.24966475865784,21.855009057384216
1454,52,34,25.45703820103936,-102.24937475006303,21.855004215625243
1455,52,35,45.22261710764381,-102.24908474154887,21.854999373357163
1456,52,36,64.98819601424829,-102.24879473311537,21.854994530579976
1457,52,37,84.75377492085273,-102.24850472476255,21.854989687293685
1458,52,38,104.51935382745718,-102.2482147164904,21.854984843498286
1459,52,39,124.29096316459295,-102.24792470829892,21.854979999193784
1460,52,40,146.00216856495317,-102.24763470018816,21.854975154380174
1461,52,41,170.12406283016054,-102.24734469215808,21.85497030905746
1462,52,42,194.64180684660195,-102.24705468420873,21.85496546322564
1463,52,43,219.15955086304334,-102.24676467634008,21.85496061688472
1464,52,44,243.6772948794847,-102.24647466855218,21.854955770034696
1465,52,45,268.1950388959261,-102.24618466084499,21.854950922675574
1466,52,46,292.71278291236746,-102.24589465321857,21.85494607480735
1467,52,47,317.23052692880884,-102.24560464567288,21.854941226430025
1468,52,48,341.74827094525017,-102.24531463820797,21.8549363775436
1469,53,14,342.0691877046729,-102.25516976128549,21.855371683358406
1470,53,15,322.7408336494288,-102.2548797506147,21.855366851206718
1471,53,16,303.41247959418473,-102.25458974002441,21.855362018545904
1472,53,17,284.08412553894067,-102.25429972951461,21.85535718537597
1473,53,18,264.75577148369655,-102.25400971908533,21.855352351696904
1474,53,19,245.42741742845243,-102.25371970873657,21.85534751750872
1475,53,20,226.0990633732083,-102.25342969846832,21.855342682811404
1476,53,21,206.77070931796422,-102.25313968828063,21.855337847604975
1477,53,22,187.4423552627201,-102.25284967817346,21.855333011889417
1478,53,23,168.11400120747598,-102.25255966814684,21.85532817566474
1479,53,24,148.78564715223186,-102.25226965820079,21.855323338930944
1480,53,25,129.45729309698777,-102.2519796483353,21.855318501688025
1481,53,26,110.12893904174364,-102.25168963855039,21.855313663935984
1482,53,27,90.80058498649953,-102.25139962884604,21.855308825674832
1483,53,28,71.47223093125542,-102.25110961922232,21.855303986904552
1484,53,29,52.14387687601131,-102.25081960967918,21.855299147625157
1485,53,30,32.84790324987847,-102.25052960021667,21.855294307836644
1486,53,31,13.642371259928968,-102.25023959083475,21.855289467539023
1487,53,32,0.0,-102.24994958153347,21.85528462673227
1488,53,33,0.0,-102.24965957231282,21.85527978541641
1489,53,34,2.888877210679673,-102.24936956317283,21.855274943591432
1490,53,35,22.65445611728413,-102.2490795541135,21.855270101257346
1491,53,36,42.42003502388859,-102.2487895451348,21.85526525841414
1492,53,37,62.185613930493055,-102.24849953623678,21.855260415061824
1493,53,38,81.95119283709751,-102.24820952741945,21.855255571200388
1494,53,39,103.85989862454433,-102.24791951868278,21.85525072682985
1495,53,40,128.3181659816711,-102.24762951002681,21.855245881950193
1496,53,41,152.83590999811244,-102.24733950145156,21.855241036561427
1497,53,42,177.35365401455385,-102.24704949295702,21.85523619066355
1498,53,43,201.8713980309952,-102.24675948454319,21.85523134425657
1499,53,44,226.3891420474366,-102.2464694762101,21.85522649734047
1500,53,45,250.90688606387798,-102.24617946795773,21.85522164991527
1501,53,46,275.42463008031933,-102.24588945978611,21.855216801980955
1502,53,47,299.9423740967607,-102.24559945169526,21.855211953537534
1503,53,48,324.46011811320204,-102.24530944368516,21.85520710458501
1504,53,49,349.0151855471044,-102.24501943575582,21.855202255123377
1505,54,15,345.6845632833643,-102.25487457400278,21.855637580415742
1506,54,16,326.3562092281202,-102.25458456286728,21.855632747689054
1507,54,17,307.0278551728761,-102.25429455181227,21.85562791445323
1508,54,18,287.699501117632,-102.25400454083777,21.855623080708273
1509,54,19,268.3711470623879,-102.25371452994379,21.85561824645419
1510,54,20,249.04279300714379,-102.25342451913035,21.855613411690967
1511,54,21,229.7144389518997,-102.25313450839744,21.855608576418618
1512,54,22,210.38608489665555,-102.25284449774506,21.855603740637147
1513,54,23,191.05773084141143,-102.25255448717323,21.85559890434654
1514,54,24,171.72937678616734,-102.25226447668197,21.855594067546807
1515,54,25,152.40102273092324,-102.25197446627126,21.85558923023795
1516,54,26,133.07266867567913,-102.25168445594116,21.855584392419964
1517,54,27,113.744314620435,-102.25139444569162,21.85557955409285
1518,54,28,94.4159605651909,-102.25110443552268,21.85557471525661
1519,54,29,75.10007362773663,-102.25081442543434,21.855569875911247
1520,54,30,55.89454163778716,-102.25052441542661,21.85556503605676
1521,54,31,36.68900964783766,-102.25023440549951,21.855560195693144
1522,54,32,17.48347765788816,-102.24994439565302,21.85555535482041
1523,54,33,0.0,-102.24965438588718,21.85555051343855
1524,54,34,0.0,-102.24936437620198,21.855545671547574
1525,54,35,0.08629512692444476,-102.24907436659743,21.855540829147472
1526,54,36,19.851874033528905,-102.24878435707355,21.855535986238248
1527,54,37,39.61745294013336,-102.24849434763033,21.855531142819903
1528,54,38,61.99452511674025,-102.24820433826778,21.855526298892446
1529,54,39,86.51226913318163,-102.24791432898594,21.85552145445586
1530,54,40,111.03001314962299,-102.24762431978478,21.855516609510158
1531,54,41,135.54775716606437,-102.24733431066433,21.85551176405534
1532,54,42,160.06550118250573,-102.24704430162458,21.85550691809141
1533,54,43,184.5832451989471,-102.24675429266556,21.855502071618357
1534,54,44,209.1009892153885,-102.24646428378728,21.85549722463618
1535,54,45,233.61873323182982,-102.24617427498973,21.8554923771449
1536,54,46,258.1364772482712,-102.24588426627292,21.8554875291445
1537,54,47,282.6542212647126,-102.24559425763685,21.85548268063499
1538,54,48,307.2539440076435,-102.24530424908157,21.855477831616362
1539,54,49,331.8761789037508,-102.24501424060705,21.85547298208862
1540,55,16,349.2999388620557,-102.25457938562963,21.855903476822153
1541,55,17,329.97158480681156,-102.2542893740294,21.855898643520444
1542,55,18,310.6432307515675,-102.25399936250969,21.855893809709595
1543,55,19,291.3148766963234,-102.2537093510705,21.8558889753896
1544,55,20,271.9865226410792,-102.25341933971183,21.855884140560477
1545,55,21,252.6581685858351,-102.25312932843369,21.855879305222217
1546,55,22,233.32981453059102,-102.2528393172361,21.85587446937482
1547,55,23,214.0014604753469,-102.25254930611905,21.85586963301829
1548,55,24,194.6731064201028,-102.25225929508258,21.855864796152623
1549,55,25,175.34475236485872,-102.25196928412667,21.855859958777824
1550,55,26,156.01639830961457,-102.25167927325134,21.85585512089388
1551,55,27,136.68804425437048,-102.2513892624566,21.855850282500814
1552,55,28,117.35969019912638,-102.25109925174243,21.855845443598614
1553,55,29,98.14671201564535,-102.25080924110888,21.85584060418728
1554,55,30,78.94118002569584,-102.25051923055595,21.85583576426681
1555,55,31,59.73564803574636,-102.25022922008363,21.85583092383722
1556,55,32,40.53011604579686,-102.24993920969193,21.855826082898496
1557,55,33,21.32458405584736,-102.24964919938088,21.85582124145064
1558,55,34,2.119052065897863,-102.24935918915047,21.855816399493655
1559,55,35,0.0,-102.24906917900073,21.855811557027543
1560,55,36,0.0,-102.24877916893162,21.855806714052303
1561,55,37,20.188628268250763,-102.2484891589432,21.855801870567934
1562,55,38,44.70637228469213,-102.24819914903546,21.855797026574443
1563,55,39,69.2241163011335,-102.2479091392084,21.855792182071816
1564,55,40,93.74186031757488,-102.24761912946204,21.85578733706007
1565,55,41,118.25960433401626,-102.24732911979638,21.855782491539205
1566,55,42,142.77734835045763,-102.24703911021143,21.855777645509207
1567,55,43,167.295092366899,-102.2467491007072,21.855772798970087
1568,55,44,191.81283638334037,-102.24645909128373,21.855767951921845
1569,55,45,216.33058039978172,-102.24616908194096,21.85576310436448
1570,55,46,240.8704675720754,-102.24587907267896,21.855758256297992
1571,55,47,265.4927024681827,-102.2455890634977,21.855753407722382
1572,55,48,290.11493736429,-102.24529905439722,21.855748558637654
1573,55,49,314.73717226039724,-102.2450090453775,21.855743709043804
1574,55,50,339.3594071565045,-102.24471903643855,21.85573885894083
1575,56,18,333.58696038550295,-102.25399418410109,21.856164538700853
1576,56,19,314.25860633025883,-102.25370417211666,21.85615970431497
1577,56,20,294.9302522750147,-102.25341416021277,21.85615486941994
1578,56,21,275.6018982197706,-102.2531241483894,21.856150034015762
1579,56,22,256.27354416452647,-102.25283413664658,21.856145198102443
1580,56,23,236.94519010928238,-102.25254412498434,21.856140361679984
1581,56,24,217.6168360540383,-102.25225411340263,21.85613552474838
1582,56,25,198.28848199879417,-102.25196410190149,21.85613068730764
1583,56,26,178.96012794355005,-102.25167409048093,21.856125849357753
1584,56,27,159.63177388830596,-102.25138407914096,21.85612101089873
1585,56,28,140.39888239350353,-102.25109406788158,21.856116171930562
1586,56,29,121.19335040355404,-102.25080405670283,21.856111332453263
1587,56,30,101.98781841360456,-102.25051404560466,21.856106492466818
1588,56,31,82.78228642365505,-102.25022403458713,21.856101651971233
1589,56,32,63.57675443370555,-102.24993402365021,21.856096810966523
1590,56,33,44.37122244375605,-102.24964401279394,21.85609196945267
1591,56,34,25.165690453806555,-102.24935400201832,21.85608712742968
1592,56,35,0.6211458370192333,-102.24906399132335,21.856082284897557
1593,56,36,0.0,-102.24877398070903,21.856077441856296
1594,56,37,2.9004754362026515,-102.24848397017539,21.856072598305907
1595,56,38,27.418219452644017,-102.24819395972243,21.856067754246375
1596,56,39,51.935963469085394,-102.24790394935017,21.856062909677714
1597,56,40,76.45370748552676,-102.2476139390586,21.856058064599925
1598,56,41,100.97145150196813,-102.24732392884772,21.856053219013
1599,56,42,125.48919551840952,-102.24703391871758,21.856048372916945
1600,56,43,150.0069395348509,-102.24674390866814,21.85604352631176
1601,56,44,174.52468355129227,-102.24645389869943,21.85603867919744
1602,56,45,199.10922603261463,-102.24616388881145,21.856033831573995
1603,56,46,223.73146092872184,-102.24587387900424,21.856028983441423
1604,56,47,248.35369582482912,-102.24558386927778,21.856024134799718
1605,56,48,272.97593072093645,-102.24529385963208,21.856019285648888
1606,56,49,297.5981656170437,-102.24500385006716,21.856014435988925
1607,56,50,322.220400513151,-102.24471384058302,21.856009585819844
1608,56,51,346.84263540925826,-102.24442383117967,21.85600473514163
1609,57,19,337.2023359641943,-102.25369899308231,21.856430433230283
1610,57,20,317.87398190895016,-102.25340898063318,21.85642559826934
1611,57,21,298.5456278537061,-102.25311896826459,21.85642076279925
1612,57,22,279.217273798462,-102.25282895597654,21.856415926820006
1613,57,23,259.88891974321785,-102.25253894376903,21.85641109033162
1614,57,24,240.56056568797376,-102.2522489316421,21.856406253334082
1615,57,25,221.23221163272964,-102.25195891959572,21.856401415827396
1616,57,26,201.9038575774855,-102.25166890762995,21.856396577811562
1617,57,27,182.65105277136172,-102.25137889574475,21.856391739286583
1618,57,28,163.4455207814122,-102.25108888394014,21.85638690025245
1619,57,29,144.23998879146274,-102.25079887221615,21.85638206070918
1620,57,30,125.03445680151324,-102.25050886057275,21.85637722065676
1621,57,31,105.82892481156374,-102.25021884900998,21.8563723800952
1622,57,32,86.62339282161425,-102.24992883752785,21.856367539024493
1623,57,33,66.97645863674421,-102.24963882612636,21.856362697444645
1624,57,34,42.40382546403912,-102.24934881480551,21.85635785535565
1625,57,35,17.83119229133403,-102.2490588035653,21.85635301275751
1626,57,36,0.0,-102.24876879240577,21.856348169650232
1627,57,37,0.0,-102.24847878132691,21.856343326033816
1628,57,38,10.130066620595906,-102.24818877032872,21.856338481908253
1629,57,39,34.64781063703728,-102.24789875941123,21.856333637273554
1630,57,40,59.16555465347866,-102.24760874857444,21.856328792129716
1631,57,41,83.68329866992002,-102.24731873781835,21.85632394647674
1632,57,42,108.2010426863614,-102.24702872714298,21.85631910031462
1633,57,43,132.7257495970465,-102.24673871654831,21.856314253643365
1634,57,44,157.3479844931538,-102.24644870603439,21.856309406462977
1635,57,45,181.97021938926105,-102.24615869560121,21.856304558773456
1636,57,46,206.59245428536832,-102.24586868524878,21.856299710574792
1637,57,47,231.2146891814756,-102.2455786749771,21.85629486186699
1638,57,48,255.83692407758284,-102.24528866478619,21.85629001265006
1639,57,49,280.45915897369014,-102.24499865467604,21.856285162923992
1640,57,50,305.08139386979747,-102.24470864464668,21.85628031268879
1641,57,51,329.70362876590474,-102.24441863469812,21.856275461944453
1642,58,20,340.81771154288566,-102.25340380097305,21.85669632710869
1643,58,21,321.48935748764154,-102.25311378805921,21.856691491572686
1644,58,22,302.1610034323974,-102.25282377522592,21.856686655527522
1645,58,23,282.83264937715336,-102.25253376247318,21.856681818973204
1646,58,24,263.50429532190924,-102.252243749801,21.856676981909732
1647,58,25,244.17594126666512,-102.25195373720939,21.8566721443371
1648,58,26,224.90322314921988,-102.25166372469836,21.85666730625532
1649,58,27,205.6976911592704,-102.25137371226793,21.856662467664382
1650,58,28,186.49215916932093,-102.25108369991808,21.856657628564292
1651,58,29,167.2866271793714,-102.25079368764885,21.85665278895505
1652,58,30,148.08109518942194,-102.25050367546022,21.85664794883665
1653,58,31,128.87556319947242,-102.25021366335223,21.8566431082091
1654,58,32,108.75913826376409,-102.24992365132485,21.8566382670724
1655,58,33,84.186505091059,-102.24963363937812,21.856633425426555
1656,58,34,59.613871918353915,-102.24934362751203,21.856628583271554
1657,58,35,35.041238745648826,-102.24905361572661,21.85662374060741
1658,58,36,10.468605572943734,-102.24876360402183,21.856618897434117
1659,58,37,0.0,-102.24847359239774,21.856614053751663
1660,58,38,0.0,-102.24818358085433,21.856609209560073
1661,58,39,17.35965780498917,-102.24789356939161,21.856604364859336
1662,58,40,41.877401821430546,-102.24760355800959,21.85659951964945
1663,58,41,66.39514583787192,-102.24731354670827,21.856594673930424
1664,58,42,90.96450805758568,-102.24702353548766,21.85658982770224
1665,58,43,115.58674295369295,-102.24673352434777,21.856584980964925
1666,58,44,140.20897784980022,-102.24644351328863,21.856580133718456
1667,58,45,164.83121274590752,-102.24615350231021,21.85657528596285
1668,58,46,189.45344764201477,-102.24586349141256,21.8565704376981
1669,58,47,214.07568253812204,-102.24557348059565,21.856565588924205
1670,58,48,238.6979174342293,-102.24528346985952,21.856560739641168
1671,58,49,263.3201523303366,-102.24499345920414,21.856555889848995
1672,58,50,287.9423872264439,-102.24470344862956,21.85655103954768
1673,58,51,312.5646221225512,-102.24441343813578,21.856546188737216
1674,58,52,337.18685701865843,-102.2441234277228,21.85654133741762
1675,59,21,344.43308712157705,-102.25310860777329,21.85696222033607
1676,59,22,325.1047330663329,-102.25281859439475,21.856957384224987
1677,59,23,305.7763790110888,-102.25252858109677,21.856952547604735
1678,59,24,286.4480249558447,-102.25223856787933,21.856947710475325
1679,59,25,267.1553935270781,-102.25194855474248,21.856942872836758
1680,59,26,247.94986153712858,-102.25165854168621,21.856938034689023
1681,59,27,228.74432954717912,-102.25136852871051,21.856933196032127
1682,59,28,209.5387975572296,-102.25107851581544,21.856928356866074
1683,59,29,190.3332655672801,-102.25078850300095,21.856923517190857
1684,59,30,171.12773357733062,-102.25049849026708,21.856918677006487
1685,59,31,150.54181789078396,-102.25020847761382,21.856913836312955
1686,59,32,125.96918471807888,-102.24991846504122,21.856908995110263
1687,59,33,101.39655154537381,-102.24962845254923,21.85690415339841
1688,59,34,76.82391837266873,-102.2493384401379,21.85689931117741
1689,59,35,52.25128519996363,-102.24904842780724,21.856894468447248
1690,59,36,27.678652027258536,-102.24875841555723,21.856889625207938
1691,59,37,3.1060188545534473,-102.24846840338789,21.856884781459467
1692,59,38,0.0,-102.24817839129923,21.856879937201843
1693,59,39,0.07150497294105727,-102.24788837929128,21.856875092435057
1694,59,40,24.58924898938243,-102.24759836736402,21.856870247159126
1695,59,41,49.20326651812483,-102.24730835551746,21.85686540137404
1696,59,42,73.82550141423212,-102.24701834375162,21.856860555079805
1697,59,43,98.44773631033941,-102.2467283320665,21.856855708276417
1698,59,44,123.06997120644668,-102.24643832046212,21.85685086096388
1699,59,45,147.69220610255394,-102.24614830893847,21.85684601314219
1700,59,46,172.3144409986612,-102.24585829749557,21.856841164811346
1701,59,47,196.93667589476848,-102.24556828613343,21.85683631597136
1702,59,48,221.55891079087579,-102.24527827485207,21.856831466622225
1703,59,49,246.1811456869831,-102.24498826365148,21.856826616763936
1704,59,50,270.80338058309036,-102.24469825253165,21.8568217663965
1705,59,51,295.42561547919763,-102.24440824149264,21.856816915519925
1706,59,52,320.0478503753049,-102.24411823053441,21.856812064134196
1707,59,53,344.6700852714122,-102.243828219657,21.856807212239328
1708,60,22,348.0484627002684,-102.25281341348303,21.857228112912384
1709,60,23,328.72010864502425,-102.25252339963977,21.857223276226215
1710,60,24,309.4075639049363,-102.25223338587709,21.857218439030863
1711,60,25,290.2020319149868,-102.25194337219499,21.85721360132635
1712,60,26,270.99649992503726,-102.25165335859346,21.857208763112666
1713,60,27,251.7909679350878,-102.25136334507252,21.857203924389815
1714,60,28,232.5854359451383,-102.25107333163217,21.857199085157795
1715,60,29,213.37990395518878,-102.25078331827244,21.857194245416608
1716,60,30,192.32449751780385,-102.2504933049933,21.857189405166256
1717,60,31,167.75186434509877,-102.25020329179482,21.857184564406744
1718,60,32,143.17923117239368,-102.24991327867694,21.85717972313806
1719,60,33,118.60659799968862,-102.24962326563971,21.857174881360216
1720,60,34,94.03396482698352,-102.24933325268313,21.857170039073207
1721,60,35,69.46133165427844,-102.24904323980721,21.857165196277034
1722,60,36,44.88869848157333,-102.24875322701196,21.8571603529717
1723,60,37,20.316065308868243,-102.24846321429737,21.8571555091572
1724,60,38,0.0,-102.24817320166346,21.85715066483354
1725,60,39,0.0,-102.24788318911025,21.85714582000072
1726,60,40,7.4420249786640085,-102.24759317663774,21.857140974658744
1727,60,41,32.06425987477129,-102.24730316424593,21.8571361288076
1728,60,42,56.686494770878575,-102.24701315193485,21.857131282447305
1729,60,43,81.30872966698585,-102.24672313970449,21.857126435577847
1730,60,44,105.93096456309313,-102.24643312755487,21.857121588199234
1731,60,45,130.5531994592004,-102.24614311548596,21.85711674031146
1732,60,46,155.1754343553077,-102.24585310349784,21.857111891914535
1733,60,47,179.79766925141493,-102.24556309159045,21.85710704300845
1734,60,48,204.41990414752223,-102.24527307976385,21.85710219359321
1735,60,49,229.04213904362956,-102.244983068018,21.857097343668812
1736,60,50,253.6643739397368,-102.24469305635294,21.857092493235264
1737,60,51,278.2866088358441,-102.24440304476869,21.857087642292562
1738,60,52,302.9088437319513,-102.24411303326524,21.857082790840707
1739,60,53,327.53107862805865,-102.24382302184259,21.857077938879698
1740,61,24,332.45420229284497,-102.25222820379429,21.857489167576354
1741,61,25,313.24867030289545,-102.25193818956691,21.857484329805896
1742,61,26,294.043138312946,-102.25164817542012,21.857479491526263
1743,61,27,274.83760632299646,-102.2513581613539,21.85747465273745
1744,61,28,255.63207433304697,-102.2510681473683,21.857469813439472
1745,61,29,234.10717714482377,-102.2507781334633,21.857464973632315
1746,61,30,209.53454397211866,-102.25048811963892,21.85746013331599
1747,61,31,184.96191079941357,-102.25019810589515,21.85745529249048
1748,61,32,160.38927762670846,-102.24990809223202,21.857450451155813
1749,61,33,135.8166444540034,-102.24961807864953,21.857445609311966
1750,61,34,111.24401128129833,-102.2493280651477,21.857440766958952
1751,61,35,86.67137810859323,-102.24903805172652,21.857435924096766
1752,61,36,62.098744935888135,-102.248748038386,21.857431080725405
1753,61,37,37.52611176318304,-102.24845802512617,21.857426236844884
1754,61,38,12.953478590477943,-102.248168011947,21.857421392455194
1755,61,39,0.0,-102.24787799884854,21.857416547556337
1756,61,40,0.0,-102.24758798583076,21.857411702148305
1757,61,41,14.925253231417738,-102.2472979728937,21.857406856231112
1758,61,42,39.547488127525035,-102.24700796003737,21.85740200980475
1759,61,43,64.1697230236323,-102.24671794726174,21.857397162869233
1760,61,44,88.79195791973957,-102.24642793456687,21.85739231542454
1761,61,45,113.41419281584686,-102.24613792195272,21.857387467470684
1762,61,46,138.03642771195413,-102.24584790941934,21.85738261900767
1763,61,47,162.6586626080614,-102.24555789696672,21.857377770035487
1764,61,48,187.28089750416868,-102.24526788459485,21.857372920554145
1765,61,49,211.90313240027598,-102.24497787230376,21.85736807056364
1766,61,50,236.52536729638328,-102.24468786009346,21.857363220063977
1767,61,51,261.1476021924905,-102.24439784796395,21.85735836905515
1768,61,52,285.7698370885978,-102.24410783591524,21.857353517537163
1769,61,53,310.39207198470507,-102.24381782394735,21.857348665510013
1770,61,54,335.0143068808124,-102.24352781206026,21.85734381297371
1771,62,25,336.2953086908042,-102.25193300685825,21.85775505827538
1772,62,26,317.08977670085466,-102.25164299216618,21.857750219929798
1773,62,27,297.8842447109052,-102.2513529775547,21.857745381075034
1774,62,28,275.88985677184365,-102.25106296302383,21.857740541711088
1775,62,29,251.31722359913854,-102.25077294857356,21.85773570183796
1776,62,30,226.74459042643346,-102.25048293420389,21.85773086145565
1777,62,31,202.17195725372835,-102.25019291991487,21.85772602056416
1778,62,32,177.59932408102327,-102.24990290570646,21.857721179163494
1779,62,33,153.02669090831822,-102.2496128915787,21.857716337253652
1780,62,34,128.4540577356131,-102.24932287753161,21.857711494834636
1781,62,35,103.88142456290802,-102.24903286356515,21.857706651906437
1782,62,36,79.30879139020293,-102.24874284967937,21.857701808469056
1783,62,37,54.73615821749784,-102.24845283587426,21.85769696452251
1784,62,38,30.16352504479274,-102.24816282214984,21.857692120066787
1785,62,39,5.590891872087648,-102.2478728085061,21.85768727510188
1786,62,40,0.0,-102.24758279494307,21.857682429627804
1787,62,41,0.0,-102.24729278146076,21.857677583644563
1788,62,42,22.408481484171485,-102.24700276805915,21.85767273715214
1789,62,43,47.03071638027876,-102.24671275473827,21.857667890150548
1790,62,44,71.65295127638603,-102.24642274149814,21.85766304263978
1791,62,45,96.2751861724933,-102.24613272833872,21.85765819461984
1792,62,46,120.89742106860058,-102.24584271526008,21.85765334609074
1793,62,47,145.51965596470788,-102.24555270226219,21.857648497052462
1794,62,48,170.14189086081512,-102.24526268934507,21.857643647505014
1795,62,49,194.76412575692245,-102.24497267650874,21.8576387974484
1796,62,50,219.3863606530297,-102.24468266375317,21.85763394688262
1797,62,51,244.008595549137,-102.2443926510784,21.857629095807667
1798,62,52,268.63083044524427,-102.24410263848445,21.85762424422355
1799,62,53,293.25306534135154,-102.24381262597129,21.857619392130264
1800,62,54,317.8753002374588,-102.24352261353896,21.85761453952782
1801,62,55,342.4975351335661,-102.24323260118744,21.8576096864162
1802,63,26,340.13641508876333,-102.25163780883166,21.85802094832328
1803,63,27,317.67253639886354,-102.2513477936749,21.858016109402556
1804,63,28,293.0999032261584,-102.25105777859874,21.858011269972643
1805,63,29,268.5272700534534,-102.25076776360319,21.858006430033544
1806,63,30,243.95463688074824,-102.25047774868825,21.85800158958526
1807,63,31,219.38200370804316,-102.25018773385393,21.857996748627784
1808,63,32,194.80937053533808,-102.24989771910028,21.85799190716113
1809,63,33,170.236737362633,-102.24960770442723,21.857987065185288
1810,63,34,145.6641041899279,-102.24931768983485,21.857982222700258
1811,63,35,121.09147101722282,-102.24902767532312,21.857977379706046
1812,63,36,96.51883784451772,-102.24873766089208,21.857972536202652
1813,63,37,71.94620467181264,-102.24844764654169,21.857967692190073
1814,63,38,47.373571499107534,-102.24815763227198,21.857962847668315
1815,63,39,22.800938326402445,-102.24786761808298,21.857958002637375
1816,63,40,0.0,-102.24757760397468,21.857953157097253
1817,63,41,0.0,-102.24728758994709,21.857948311047952
1818,63,42,5.269474840817952,-102.24699757600021,21.85794346448947
1819,63,43,29.891709736925225,-102.24670756213406,21.8579386174218
1820,63,44,54.5139446330325,-102.24641754834865,21.857933769844962
1821,63,45,79.13617952913978,-102.24612753464399,21.857928921758948
1822,63,46,103.75841442524707,-102.24583752102006,21.857924073163748
1823,63,47,128.38064932135433,-102.2455475074769,21.857919224059376
1824,63,48,153.00288421746163,-102.24525749401451,21.857914374445826
1825,63,49,177.62511911356887,-102.24496748063291,21.8579095243231
1826,63,50,202.24735400967617,-102.24467746733208,21.857904673691202
1827,63,51,226.86958890578344,-102.24438745411206,21.857899822550127
1828,63,52,251.4918238018907,-102.24409744097284,21.857894970899878
1829,63,53,276.114058697998,-102.24380742791442,21.857890118740453
1830,63,54,300.7362935941053,-102.24351741493682,21.85788526607186
1831,63,55,325.3585284902125,-102.24322740204005,21.857880412894094
1832,63,56,349.98076338631984,-102.24293738922412,21.85787555920715
1833,64,27,334.8825828531783,-102.2513426097145,21.858286837720026
1834,64,28,310.3099496804732,-102.25105259409305,21.85828199822415
1835,64,29,285.7373165077681,-102.25076257855221,21.858277158219078
1836,64,30,261.16468333506305,-102.25047256309199,21.858272317704813
1837,64,31,236.59205016235796,-102.25018254771238,21.85826747668136
1838,64,32,212.01941698965288,-102.24989253241343,21.858262635148705
1839,64,33,187.4467838169478,-102.2496025171951,21.858257793106866
1840,64,34,162.87415064424272,-102.24931250205744,21.858252950555826
1841,64,35,138.3015174715376,-102.24902248700043,21.858248107495605
1842,64,36,113.72888429883253,-102.24873247202409,21.858243263926187
1843,64,37,89.15625112612743,-102.24844245712842,21.858238419847584
1844,64,38,64.58361795342233,-102.24815244231344,21.85823357525979
1845,64,39,40.010984780717244,-102.24786242757916,21.85822873016281
1846,64,40,15.438351608012164,-102.24757241292556,21.85822388455664
1847,64,41,0.0,-102.2472823983527,21.858219038441277
1848,64,42,0.0,-102.24699238386054,21.858214191816735
1849,64,43,12.75270309357168,-102.24670236944912,21.858209344683
1850,64,44,37.374937989678955,-102.24641235511844,21.858204497040088
1851,64,45,61.99717288578623,-102.24612234086848,21.858199648887982
1852,64,46,86.61940778189351,-102.24583232669929,21.8581948002267
1853,64,47,111.24164267800077,-102.24554231261085,21.85818995105623
1854,64,48,135.86387757410807,-102.24525229860319,21.858185101376574
1855,64,49,160.48611247021535,-102.2449622846763,21.85818025118774
1856,64,50,185.10834736632262,-102.24467227083021,21.85817540048972
1857,64,51,209.7305822624299,-102.24438225706491,21.858170549282526
1858,64,52,234.35281715853716,-102.24409224338041,21.858165697566143
1859,64,53,258.97505205464444,-102.24380222977672,21.85816084534059
1860,64,54,283.5972869507517,-102.24351221625386,21.85815599260584
1861,64,55,308.219521846859,-102.24322220281182,21.858151139361922
1862,64,56,332.84175674296625,-102.24293218945063,21.858146285608825
1863,65,28,327.519996134788,-102.25104740950675,21.858552726465597
1864,65,29,302.94736296208293,-102.25075739342061,21.858547886394557
1865,65,30,278.37472978937785,-102.25046737741509,21.85854304581431
1866,65,31,253.80209661667274,-102.2501773614902,21.85853820472487
1867,65,32,229.22946344396766,-102.24988734564594,21.85853336312622
1868,65,33,204.6568302712626,-102.24959732988233,21.858528521018382
1869,65,34,180.08419709855752,-102.24930731419937,21.85852367840134
1870,65,35,155.5115639258524,-102.24901729859705,21.858518835275106
1871,65,36,130.93893075314733,-102.24872728307543,21.85851399163967
1872,65,37,106.36629758044224,-102.24843726763447,21.858509147495035
1873,65,38,81.79366440773713,-102.24814725227421,21.858504302841204
1874,65,39,57.22103123503204,-102.24785723699463,21.858499457678178
1875,65,40,32.64839806232696,-102.24756722179575,21.85849461200596
1876,65,41,8.075764889621869,-102.2472772066776,21.858489765824544
1877,65,42,0.0,-102.24698719164016,21.85848491913394
1878,65,43,0.0,-102.24669717668343,21.858480071934142
1879,65,44,20.235931346325412,-102.24640716180745,21.85847522422515
1880,65,45,44.85816624243269,-102.24611714701223,21.858470376006967
1881,65,46,69.48040113853996,-102.24582713229775,21.858465527279588
1882,65,47,94.10263603464725,-102.24553711766403,21.858460678043024
1883,65,48,118.7248709307545,-102.24524710311108,21.858455828297267
1884,65,49,143.3471058268618,-102.24495708863891,21.858450978042317
1885,65,50,167.96934072296906,-102.24466707424754,21.858446127278178
1886,65,51,192.59157561907634,-102.24437705993695,21.85844127600486
1887,65,52,217.21381051518364,-102.24408704570718,21.858436424222347
1888,65,53,241.83604541129088,-102.2437970315582,21.85843157193065
1889,65,54,266.4582803073981,-102.24350701749006,21.858426719129763
1890,65,55,291.08051520350546,-102.24321700350275,21.858421865819693
1891,65,56,315.70275009961273,-102.24292698959627,21.858417012000434
1892,65,57,340.6713888328774,-102.24263697577064,21.858412157671992
1893,66,28,344.7300425891028,-102.25104222483984,21.858823454696985
1894,66,29,320.15740941639774,-102.2507522082084,21.858818614559972
1895,66,30,295.58477624369266,-102.25046219165758,21.858813773913752
1896,66,31,271.0121430709875,-102.25017217518737,21.858808932758322
1897,66,32,246.43950989828247,-102.24988215879782,21.858804091093685
1898,66,33,221.8668767255774,-102.24959214248891,21.858799248919837
1899,66,34,197.2942435528723,-102.24930212626063,21.8587944062368
1900,66,35,172.72161038016722,-102.24901211011303,21.85878956304454
1901,66,36,148.1489772074621,-102.2487220940461,21.858784719343085
1902,66,37,123.57634403475703,-102.24843207805984,21.858779875132427
1903,66,38,99.00371086205193,-102.24814206215427,21.858775030412563
1904,66,39,74.43107768934682,-102.2478520463294,21.8587701851835
1905,66,40,49.858444516641754,-102.24756203058523,21.858765339445227
1906,66,41,25.285811343936665,-102.24727201492176,21.858760493197764
1907,66,42,0.7131781712315748,-102.24698199933903,21.85875564644109
1908,66,43,0.0,-102.24669198383702,21.85875079917522
1909,66,44,3.096924702971861,-102.24640196841574,21.858745951400152
1910,66,45,27.719159599079138,-102.24611195307523,21.858741103115886
1911,66,46,52.341394495186414,-102.24582193781545,21.858736254322423
1912,66,47,76.9636293912937,-102.24553192263643,21.858731405019757
1913,66,48,101.58586428740097,-102.2452419075382,21.858726555207898
1914,66,49,126.20809918350824,-102.24495189252075,21.858721704886836
1915,66,50,150.8303340796155,-102.24466187758406,21.858716854056585
1916,66,51,175.4525689757228,-102.24437186272819,21.858712002717137
1917,66,52,200.07480387183006,-102.24408184795313,21.858707150868494
1918,66,53,224.69703876793736,-102.24379183325887,21.858702298510654
1919,66,54,249.31927366404463,-102.24350181864543,21.858697445643624
1920,66,55,274.0008707544841,-102.24321180411282,21.8586925922674
1921,66,56,299.3456731841287,-102.24292178966107,21.85868773838198
1922,66,57,324.8216383301702,-102.24263177529015,21.85868288398737
1923,66,58,350.2976034762116,-102.24234176100008,21.858678029083574
1924,67,29,337.36745587071255,-102.25074702291558,21.859089342715347
1925,67,30,312.79482269800747,-102.25045700581943,21.85908450200314
1926,67,31,288.2221895253023,-102.25016698880391,21.85907966078172
1927,67,32,263.64955635259724,-102.24987697186904,21.859074819051095
1928,67,33,239.07692317989213,-102.24958695501482,21.85906997681125
1929,67,34,214.50429000718708,-102.24929693824124,21.85906513406219
1930,67,35,189.931656834482,-102.24900692154833,21.859060290803928
1931,67,36,165.35902366177692,-102.24871690493609,21.859055447036454
1932,67,37,140.7863904890718,-102.24842688840452,21.859050602759762
1933,67,38,116.21375731636671,-102.24813687195365,21.859045757973863
1934,67,39,91.64112414366163,-102.24784685558346,21.859040912678754
1935,67,40,67.06849097095655,-102.24755683929399,21.85903606687444
1936,67,41,42.49585779825146,-102.24726682308521,21.859031220560915
1937,67,42,17.923224625546368,-102.24697680695718,21.859026373738185
1938,67,43,0.0,-102.24668679090988,21.859021526406245
1939,67,44,0.0,-102.24639677494329,21.859016678565098
1940,67,45,10.58015295572558,-102.24610675905747,21.859011830214747
1941,67,46,35.20238785183285,-102.24581674325238,21.859006981355186
1942,67,47,59.82462274794013,-102.24552672752807,21.85900213198643
1943,67,48,84.4468576440474,-102.24523671188453,21.858997282108465
1944,67,49,109.0690925401547,-102.24494669632178,21.858992431721298
1945,67,50,133.69132743626196,-102.24465668083981,21.858987580824923
1946,67,51,158.31356233236926,-102.24436666543863,21.858982729419353
1947,67,52,182.93579722847653,-102.24407665011826,21.858977877504575
1948,67,53,207.5580321245838,-102.24378663487872,21.858973025080598
1949,67,54,232.55154607854539,-102.24349661971998,21.85896817214742
1950,67,55,258.0275112245868,-102.24320660464208,21.858963318705044
1951,67,56,283.50347637062833,-102.24291658964502,21.85895846475347
1952,67,57,308.9794415166698,-102.2426265747288,21.858953610292694
1953,67,58,334.4554066627112,-102.24233655989345,21.85894875532272
1954,68,30,330.0048691523222,-102.25045181990065,21.859355230082464
1955,68,31,305.43223597961713,-102.25016180233982,21.85935038879506
1956,68,32,280.85960280691205,-102.24987178485962,21.859345546998437
1957,68,33,256.28696963420697,-102.24958176746009,21.8593407046926
1958,68,34,231.7143364615019,-102.24929175014118,21.859335861877536
1959,68,35,207.14170328879678,-102.24900173290295,21.859331018553252
1960,68,36,182.5690701160917,-102.2487117157454,21.859326174719754
1961,68,37,157.9964369433866,-102.24842169866852,21.859321330377036
1962,68,38,133.4238037706815,-102.24813168167232,21.859316485525106
1963,68,39,108.85117059797642,-102.24784166475683,21.859311640163956
1964,68,40,84.27853742527134,-102.24755164792204,21.859306794293595
1965,68,41,59.705904252566256,-102.24726163116796,21.85930194791401
1966,68,42,35.13327107986117,-102.2469716144946,21.859297101025216
1967,68,43,10.560637907156076,-102.24668159790197,21.859292253627206
1968,68,44,0.0,-102.24639158139009,21.859287405719986
1969,68,45,0.0,-102.24610156495895,21.85928255730355
1970,68,46,18.063381208479306,-102.24581154860856,21.859277708377903
1971,68,47,42.685616104586586,-102.24552153233894,21.859272858943037
1972,68,48,67.30785100069386,-102.24523151615008,21.85926800899897
1973,68,49,91.93008589680115,-102.24494150004202,21.85926315854569
1974,68,50,116.55232079290843,-102.24465148401474,21.859258307583204
1975,68,51,141.1745556890157,-102.24436146806826,21.859253456111507
1976,68,52,165.8343800625671,-102.24407145220258,21.859248604130595
1977,68,53,191.23338411900357,-102.24378143641773,21.85924375164048
1978,68,54,216.70934926504506,-102.24349142071368,21.85923889864116
1979,68,55,242.18531441108655,-102.24320140509049,21.85923404513262
1980,68,56,267.661279557128,-102.24291138954813,21.85922919111489
1981,68,57,293.1372447031695,-102.24262137408661,21.859224336587946
1982,68,58,318.6132098492109,-102.24233135870595,21.859219481551797
1983,68,59,344.0891749952524,-102.24204134340616,21.859214626006445
1984,69,30,347.214915606637,-102.25044663390125,21.859625958151735
1985,69,31,322.64228243393194,-102.25015661579509,21.859621116798344
1986,69,32,298.06964926122686,-102.24986659776957,21.859616274935732
1987,69,33,273.4970160885218,-102.24957657982469,21.859611432563888
1988,69,34,248.92438291581666,-102.24928656196046,21.859606589682816
1989,69,35,224.35174974311158,-102.24899654417692,21.859601746292523
1990,69,36,199.7791165704065,-102.24870652647404,21.859596902393
1991,69,37,175.20648339770142,-102.24841650885183,21.85959205798426
1992,69,38,150.6338502249963,-102.2481264913103,21.859587213066284
1993,69,39,126.06121705229121,-102.24783647384949,21.859582367639092
1994,69,40,101.48858387958614,-102.24754645646937,21.85957752170268
1995,69,41,76.91595070688105,-102.24725643916996,21.85957267525704
1996,69,42,52.343317534175966,-102.24696642195129,21.859567828302183
1997,69,43,27.770684361470874,-102.24667640481334,21.859562980838103
1998,69,44,3.198051188765782,-102.24638638775613,21.859558132864805
1999,69,45,0.0,-102.24609637077967,21.85955328438229
2000,69,46,0.9243745651257619,-102.24580635388396,21.859548435390547
2001,69,47,25.54660946123304,-102.24551633706903,21.859543585889593
2002,69,48,50.16884435734031,-102.24522632033487,21.859538735879422
2003,69,49,74.7910792534476,-102.24493630368147,21.859533885360026
2004,69,50,99.41331414955488,-102.24464628710888,21.85952903433142
2005,69,51,124.4392570134203,-102.24435627061709,21.859524182793596
2006,69,52,149.91522215946176,-102.2440662542061,21.859519330746554
2007,69,53,175.39118730550325,-102.24377623787592,21.8595144781903
2008,69,54,200.8671524515447,-102.24348622162657,21.859509625124826
2009,69,55,226.34311759758617,-102.24319620545805,21.859504771550142
2010,69,56,251.81908274362766,-102.24290618937039,21.85949991746625
2011,69,57,277.29504788966915,-102.24261617336356,21.859495062873137
2012,69,58,302.77101303571055,-102.24232615743759,21.859490207770815
2013,69,59,328.246978181752,-102.24203614159248,21.859485352159286
2014,70,31,339.85232888824675,-102.25015142916972,21.859891844791573
2015,70,32,315.27969571554166,-102.24986141059885,21.85988700286296
2016,70,33,290.7070625428366,-102.24957139210865,21.85988216042511
2017,70,34,266.13442937013144,-102.24928137369909,21.85987731747804
2018,70,35,241.56179619742636,-102.2489913553702,21.859872474021724
2019,70,36,216.9891630247213,-102.24870133712199,21.85986763005618
2020,70,37,192.4165298520162,-102.24841131895444,21.859862785581413
2021,70,38,167.8438966793111,-102.24812130086758,21.859857940597404
2022,70,39,143.271263506606,-102.24783128286144,21.85985309510417
2023,70,40,118.69863033390094,-102.24754126493599,21.859848249101706
2024,70,41,94.12599716119585,-102.24725124709126,21.859843402590013
2025,70,42,69.55336398849076,-102.24696122932725,21.859838555569095
2026,70,43,44.98073081578567,-102.24667121164397,21.859833708038945
2027,70,44,20.408097643080577,-102.24638119404143,21.859828859999567
2028,70,45,0.0,-102.24609117651964,21.859824011450964
2029,70,46,0.0,-102.24580115907861,21.859819162393133
2030,70,47,8.40760281787949,-102.24551114171834,21.85981431282608
2031,70,48,33.029837713986765,-102.24522112443886,21.859809462749798
2032,70,49,57.66806783009468,-102.24493110724015,21.859804612164293
2033,70,50,83.12109505387849,-102.24464109012222,21.859799761069567
2034,70,51,108.59706019991997,-102.2443510730851,21.859794909465617
2035,70,52,134.07302534596144,-102.24406105612879,21.859790057352445
2036,70,53,159.5489904920029,-102.24377103925329,21.85978520473005
2037,70,54,185.02495563804436,-102.24348102245862,21.85978035159843
2038,70,55,210.50092078408585,-102.24319100574478,21.859775497957592
2039,70,56,235.9768859301273,-102.24290098911179,21.859770643807536
2040,70,57,261.45285107616877,-102.24261097255965,21.85976578914826
2041,70,58,286.92881622221023,-102.24232095608835,21.859760933979764
2042,70,59,312.4047813682517,-102.24203093969794,21.85975607830205
2043,70,60,337.88074651429315,-102.24174092338838,21.85975122211512
2044,71,32,332.48974216985647,-102.2498562233475,21.860157730780134
2045,71,33,307.9171089971514,-102.24956620431195,21.86015288827629
2046,71,34,283.34447582444625,-102.24927618535705,21.8601480452632
2047,71,35,258.77184265174117,-102.24898616648281,21.860143201740872
2048,71,36,234.19920947903609,-102.24869614768924,21.860138357709314
2049,71,37,209.626576306331,-102.24840612897637,21.86013351316851
2050,71,38,185.0539431336259,-102.24811611034417,21.86012866811847
2051,71,39,160.4813099609208,-102.24782609179269,21.860123822559196
2052,71,40,135.90867678821573,-102.2475360733219,21.860118976490675
2053,71,41,111.33604361551065,-102.24724605493182,21.860114129912926
2054,71,42,86.76341044280557,-102.24695603662248,21.86010928282594
2055,71,43,62.19077727010047,-102.24666601839385,21.860104435229722
2056,71,44,37.61814409739538,-102.24637600024599,21.86009958712427
2057,71,45,12.976664733727194,-102.24608598217887,21.86009473850958
2058,71,46,0.0,-102.2457959641925,21.86008988938566
2059,71,47,0.0,-102.24550594628688,21.860085039752505
2060,71,48,16.326967948295227,-102.24521592846206,21.86008018961012
2061,71,49,41.802933094336694,-102.24492591071801,21.860075338958506
2062,71,50,67.27889824037817,-102.24463589305476,21.86007048779766
2063,71,51,92.75486338641963,-102.24434587547232,21.860065636127583
2064,71,52,118.23082853246109,-102.24405585797068,21.860060783948274
2065,71,53,143.70679367850255,-102.24376584054984,21.86005593125974
2066,71,54,169.18275882454404,-102.24347582320983,21.860051078061975
2067,71,55,194.6587239705855,-102.24318580595067,21.86004622435499
2068,71,56,220.13468911662696,-102.24289578877234,21.860041370138767
2069,71,57,245.61065426266842,-102.24260577167486,21.860036515413324
2070,71,58,271.08661940870985,-102.24231575465825,21.860031660178652
2071,71,59,296.5625845547513,-102.2420257377225,21.860026804434753
2072,71,60,322.03854970079277,-102.24173572086764,21.860021948181636
2073,71,61,347.51451484683423,-102.24144570409364,21.86001709141929
2074,72,32,349.6997886241713,-102.2498510360155,21.860428458687252
2075,72,33,325.12715545146614,-102.2495610164346,21.860423616117405
2076,72,34,300.55452227876106,-102.24927099693434,21.860418773038308
2077,72,35,275.9818891060559,-102.24898097751476,21.86041392944997
2078,72,36,251.40925593335086,-102.24869095817584,21.860409085352384
2079,72,37,226.8366227606458,-102.2484009389176,21.860404240745552
2080,72,38,202.2639895879407,-102.24811091974006,21.86039939562947
2081,72,39,177.6913564152356,-102.24782090064322,21.860394550004152
2082,72,40,153.11872324253054,-102.24753088162709,21.86038970386959
2083,72,41,128.54609006982545,-102.24724086269167,21.86038485722578
2084,72,42,103.97345689712034,-102.24695084383697,21.860380010072735
2085,72,43,79.40082372441526,-102.246660825063,21.860375162410445
2086,72,44,54.6887318565898,-102.2463708063698,21.86037031423891
2087,72,45,29.956377348119812,-102.24608078775731,21.860365465558136
2088,72,46,5.224022839649812,-102.24579076922561,21.86036061636813
2089,72,47,0.0,-102.24550075077465,21.860355766668874
2090,72,48,0.48477113479488926,-102.24521073240449,21.860350916460387
2091,72,49,25.960736280836354,-102.2449207141151,21.860346065742657
2092,72,50,51.43670142687782,-102.24463069590651,21.860341214515685
2093,72,51,76.91266657291929,-102.24434067777871,21.860336362779485
2094,72,52,102.38863171896075,-102.24405065973173,21.860331510534042
2095,72,53,127.86459686500223,-102.24376064176556,21.860326657779368
2096,72,54,153.3405620110437,-102.24347062388023,21.860321804515458
2097,72,55,178.81652715708515,-102.24318060607571,21.860316950742316
2098,72,56,204.29249230312664,-102.24289058835205,21.860312096459936
2099,72,57,229.7684574491681,-102.24260057070923,21.86030724166832
2100,72,58,255.24442259520958,-102.24231055314729,21.86030238636748
2101,72,59,280.720387741251,-102.2420205356662,21.8602975305574
2102,72,60,306.19635288729245,-102.24173051826598,21.86029267423809
2103,72,61,331.6723180333339,-102.24144050094667,21.860287817409553
2104,73,33,342.33720190578094,-102.24955582847657,21.860694343948467
2105,73,34,317.7645687330758,-102.24926580843096,21.860689500803364
2106,73,35,293.1919355603707,-102.24897578846601,21.860684657149005
2107,73,36,268.61930238766564,-102.24868576858174,21.860679812985396
2108,73,37,244.0466692149606,-102.24839574877815,21.860674968312537
2109,73,38,219.47403604225548,-102.24810572905525,21.860670123130422
2110,73,39,194.9014028695504,-102.24781570941305,21.86066527743906
2111,73,40,170.32876969684534,-102.24752568985156,21.860660431238447
2112,73,41,145.75613652414026,-102.24723567037078,21.860655584528583
2113,73,42,121.13315348792243,-102.24694565097074,21.860650737309467
2114,73,43,96.40079897945242,-102.24665563165142,21.860645889581104
2115,73,44,71.66844447098244,-102.24636561241284,21.860641041343495
2116,73,45,46.936089962512426,-102.24607559325501,21.860636192596637
2117,73,46,22.203735454042434,-102.24578557417796,21.860631343340536
2118,73,47,0.0,-102.24549555518166,21.86062649357519
2119,73,48,0.0,-102.24520553626614,21.86062164330059
2120,73,49,10.118539467336015,-102.2449155174314,21.860616792516748
2121,73,50,35.59450461337748,-102.24462549867745,21.860611941223656
2122,73,51,61.07046975941895,-102.24433548000431,21.86060708942133
2123,73,52,86.54643490546042,-102.24404546141196,21.86060223710976
2124,73,53,112.02240005150188,-102.24375544290046,21.86059738428894
2125,73,54,137.49836519754334,-102.24346542446976,21.860592530958883
2126,73,55,162.97433034358482,-102.24317540611992,21.860587677119586
2127,73,56,188.45029548962628,-102.2428853878509,21.860582822771043
2128,73,57,213.92626063566775,-102.24259536966275,21.86057796791326
2129,73,58,239.40222578170923,-102.24230535155544,21.860573112546238
2130,73,59,264.87819092775067,-102.24201533352903,21.86056825666998
2131,73,60,290.35415607379207,-102.24172531558347,21.86056340028448
2132,73,61,315.8301212198336,-102.2414352977188,21.860558543389743
2133,73,62,341.30608636587505,-102.24114527993503,21.86055368598577
2134,74,34,334.9746151873906,-102.24926061984694,21.86096022855836
2135,74,35,310.40198201468553,-102.24897059933662,21.860955384837983
2136,74,36,285.82934884198045,-102.24868057890697,21.86095054060835
2137,74,37,261.25671566927537,-102.248390558558,21.86094569586946
2138,74,38,236.68408249657028,-102.24810053828973,21.860940850621308
2139,74,39,212.1114493238652,-102.24781051810217,21.8609360048639
2140,74,40,187.53881615116012,-102.24752049799531,21.86093115859724
2141,74,41,162.84522061078505,-102.24723047796918,21.86092631182132
2142,74,42,138.11286610231505,-102.24694045802377,21.860921464536133
2143,74,43,113.38051159384504,-102.24665043815908,21.8609166167417
2144,74,44,88.64815708537505,-102.24636041837515,21.860911768438015
2145,74,45,63.91580257690505,-102.24607039867195,21.86090691962507
2146,74,46,39.18344806843505,-102.24578037904953,21.860902070302874
2147,74,47,14.451093559965052,-102.24549035950787,21.86089722047143
2148,74,48,0.0,-102.24520034004698,21.860892370130724
2149,74,49,0.0,-102.24491032066689,21.860887519280773
2150,74,50,19.75230779987714,-102.24462030136758,21.860882667921565
2151,74,51,45.22827294591861,-102.2443302821491,21.860877816053108
2152,74,52,70.70423809196008,-102.2440402630114,21.860872963675398
2153,74,53,96.18020323800155,-102.24375024395452,21.86086811078845
2154,74,54,121.65616838404301,-102.24346022497848,21.86086325739224
2155,74,55,147.13213353008447,-102.24317020608326,21.860858403486787
2156,74,56,172.60809867612593,-102.2428801872689,21.860853549072083
2157,74,57,198.0840638221674,-102.24259016853539,21.860848694148135
2158,74,58,223.56002896820888,-102.24230014988275,21.860843838714935
2159,74,59,249.03599411425034,-102.24201013131096,21.8608389827725
2160,74,60,274.5119592602918,-102.24172011282006,21.860834126320807
2161,74,61,299.98792440633326,-102.24143009441003,21.860829269359876
2162,74,62,325.4638895523747,-102.24114007608092,21.8608244118897
2163,75,35,327.61202846900034,-102.24896541012653,21.8612261125169
2164,75,36,303.03939529629525,-102.2486753891515,21.861221268221243
2165,75,37,278.4667621235902,-102.24838536825717,21.861216423416323
2166,75,38,253.8941289508851,-102.24809534744352,21.861211578102136
2167,75,39,229.28964224211762,-102.24780532671059,21.86120673227868
2168,75,40,204.5572877336476,-102.24751530605836,21.86120188594597
2169,75,41,179.82493322517766,-102.24722528548683,21.86119703910399
2170,75,42,155.09257871670766,-102.24693526499607,21.861192191752746
2171,75,43,130.36022420823767,-102.246645244586,21.861187343892247
2172,75,44,105.62786969976766,-102.24635522425669,21.861182495522474
2173,75,45,80.89551519129768,-102.24606520400813,21.86117764664345
2174,75,46,56.16316068282766,-102.24577518384034,21.861172797255158
2175,75,47,31.43080617435767,-102.24548516375332,21.86116794735761
2176,75,48,6.698451665887681,-102.24519514374705,21.861163096950804
2177,75,49,0.0,-102.2449051238216,21.861158246034734
2178,75,50,3.910110986376803,-102.24461510397693,21.86115339460941
2179,75,51,29.386076132418268,-102.24432508421305,21.86114854267483
2180,75,52,54.862041278459735,-102.24403506453,21.861143690230982
2181,75,53,80.3380064245012,-102.24374504492776,21.86113883727789
2182,75,54,105.81397157054268,-102.24345502540636,21.86113398381553
2183,75,55,131.28993671658412,-102.24316500596578,21.86112912984392
2184,75,56,156.76590186262558,-102.24287498660605,21.861124275363064
2185,75,57,182.24186700866707,-102.24258496732719,21.861119420372944
2186,75,58,207.71783215470853,-102.24229494812917,21.861114564873578
2187,75,59,233.19379730075,-102.24200492901203,21.861109708864944
2188,75,60,258.6697624467914,-102.24171490997577,21.86110485234707
2189,75,61,284.1457275928329,-102.24142489102039,21.861099995319936
2190,75,62,309.62169273887434,-102.2411348721459,21.86109513778356
2191,75,63,335.0976578849158,-102.24084485335233,21.86109027973793
2192,76,35,344.82207492331514,-102.24896022083577,21.861496840185755
2193,76,36,320.24944175061006,-102.24867019931536,21.861491995824075
2194,76,37,295.6768085779049,-102.24838017787565,21.86148715095313
2195,76,38,271.0017093649802,-102.24809015651661,21.8614823055729
2196,76,39,246.26935485651023,-102.2478001352383,21.86147745968341
2197,76,40,221.5370003480402,-102.24751011404068,21.86147261328464
2198,76,41,196.80464583957027,-102.24722009292378,21.861467766376602
2199,76,42,172.07229133110027,-102.24693007188762,21.861462918959297
2200,76,43,147.33993682263028,-102.24664005093219,21.86145807103272
2201,76,44,122.60758231416028,-102.2463500300575,21.861453222596875
2202,76,45,97.87522780569029,-102.24606000926356,21.861448373651765
2203,76,46,73.14287329722028,-102.24576998855038,21.86144352419738
2204,76,47,48.41051878875029,-102.24547996791797,21.86143867423373
2205,76,48,23.6781642802803,-102.24518994736636,21.86143382376082
2206,76,49,0.0,-102.24489992689551,21.861428972778636
2207,76,50,0.0,-102.24460990650546,21.861424121287193
2208,76,51,13.543879318917929,-102.24431988619621,21.86141926928648
2209,76,52,39.01984446495939,-102.24402986596779,21.861414416776505
2210,76,53,64.49580961100087,-102.24373984582017,21.861409563757263
2211,76,54,89.97177475704233,-102.24344982575339,21.861404710228765
2212,76,55,115.4477399030838,-102.24315980576745,21.861399856190996
2213,76,56,140.92370504912526,-102.24286978586235,21.861395001643974
2214,76,57,166.39967019516672,-102.2425797660381,21.861390146587688
2215,76,58,191.87563534120818,-102.24228974629472,21.861385291022145
2216,76,59,217.35160048724967,-102.24199972663222,21.86138043494733
2217,76,60,242.8275656332911,-102.24170970705057,21.861375578363266
2218,76,61,268.3035307793326,-102.24141968754984,21.86137072126994
2219,76,62,293.779495925374,-102.24112966812999,21.86136586366736
2220,76,63,319.2554610714155,-102.24083964879105,21.861361005555512
2221,76,64,344.73142621745694,-102.24054962953302,21.861356146934412
2222,77,36,337.44613099631283,-102.24866500939854,21.86176272341685
2223,77,37,312.71377648784284,-102.24837498741343,21.861757878479875
2224,77,38,287.9814219793729,-102.24808496550901,21.86175303303361
2225,77,39,263.24906747090284,-102.24779494368529,21.86174818707807
2226,77,40,238.51671296243288,-102.2475049219423,21.861743340613256
2227,77,41,213.78435845396288,-102.24721490028,21.861738493639155
2228,77,42,189.05200394549288,-102.24692487869845,21.861733646155788
2229,77,43,164.3196494370229,-102.24663485719762,21.861728798163135
2230,77,44,139.5872949285529,-102.24634483577755,21.861723949661215
2231,77,45,114.8549404200829,-102.24605481443822,21.861719100650017
2232,77,46,90.12258591161292,-102.24576479317966,21.86171425112954
2233,77,47,65.3902314031429,-102.24547477200186,21.86170940109979
2234,77,48,40.65787689467291,-102.24518475090485,21.86170455056077
2235,77,49,15.92552238620292,-102.24489472988863,21.861699699512474
2236,77,50,0.0,-102.24460470895319,21.86169484795491
2237,77,51,0.0,-102.24431468809857,21.86168999588807
2238,77,52,23.177647651459054,-102.24402466732475,21.86168514331196
2239,77,53,48.65361279750052,-102.24373464663176,21.86168029022658
2240,77,54,74.12957794354199,-102.2434446260196,21.86167543663193
2241,77,55,99.60554308958346,-102.24315460548827,21.861670582528014
2242,77,56,125.08150823562492,-102.2428645850378,21.861665727914826
2243,77,57,150.55747338166637,-102.24257456466817,21.861660872792367
2244,77,58,176.03343852770786,-102.24228454437942,21.861656017160644
2245,77,59,201.50940367374932,-102.24199452417152,21.86165116101965
2246,77,60,226.98536881979078,-102.2417045040445,21.861646304369394
2247,77,61,252.46133396583227,-102.2414144839984,21.86164144720987
2248,77,62,277.9372991118737,-102.24112446403316,21.86163658954108
2249,77,63,303.41326425791516,-102.24083444414886,21.861631731363033
2250,77,64,328.8892294039566,-102.24054442434544,21.861626872675714
2251,78,37,329.69348910223545,-102.2483697968705,21.862028605996557
2252,78,38,304.9611345937655,-102.24807977442069,21.86202376048426
2253,78,39,280.22878008529545,-102.24778975205157,21.862018914462674
2254,78,40,255.4964255768255,-102.24749972976316,21.862014067931806
2255,78,41,230.76407106835546,-102.24720970755548,21.862009220891654
2256,78,42,206.03171655988547,-102.24691968542852,21.862004373342216
2257,78,43,181.29936205141547,-102.24662966338231,21.861999525283494
2258,78,44,156.5670075429455,-102.24633964141682,21.861994676715494
2259,78,45,131.8346530344755,-102.24604961953212,21.861989827638205
2260,78,46,107.1022985260055,-102.24575959772815,21.861984978051638
2261,78,47,82.3699440175355,-102.24546957600496,21.861980127955796
2262,78,48,57.63758950906552,-102.24517955436256,21.86197527735066
2263,78,49,32.905235000595525,-102.24488953280094,21.86197042623625
2264,78,50,8.172880492125527,-102.24459951132012,21.861965574612565
2265,78,51,0.0,-102.2443094899201,21.8619607224796
2266,78,52,7.3354508379587156,-102.2440194686009,21.861955869837352
2267,78,53,32.811415984000185,-102.24372944736251,21.861951016685833
2268,78,54,58.287381130041645,-102.24343942620496,21.86194616302503
2269,78,55,83.76334627608311,-102.24314940512825,21.861941308854966
2270,78,56,109.23931142212459,-102.24285938413237,21.86193645417561
2271,78,57,134.71527656816605,-102.24256936321737,21.86193159898698
2272,78,58,160.1912417142075,-102.24227934238321,21.861926743289082
2273,78,59,185.66720686024897,-102.24198932162994,21.86192188708191
2274,78,60,211.14317200629046,-102.24169930095755,21.861917030365465
2275,78,61,236.61913715233192,-102.24140928036604,21.861912173139746
2276,78,62,262.0951022983734,-102.24111925985544,21.861907315404753
2277,78,63,287.57106744441484,-102.24082923942574,21.861902457160486
2278,78,64,313.0470325904563,-102.24053921907696,21.86189759840695
2279,78,65,338.52299773649776,-102.24024919880908,21.86189273914415
2280,79,37,346.67320171662806,-102.2483646062469,21.862299333503184
2281,79,38,321.9408472081581,-102.24807458325166,21.862294487924853
2282,79,39,297.2084926996881,-102.24778456033714,21.862289641837222
2283,79,40,272.47613819121807,-102.24749453750334,21.862284795240303
2284,79,41,247.7437836827481,-102.24720451475025,21.862279948134088
2285,79,42,223.01142917427808,-102.24691449207788,21.862275100518588
2286,79,43,198.2790746658081,-102.24662446948625,21.86227025239379
2287,79,44,173.54672015733811,-102.24633444697537,21.86226540375971
2288,79,45,148.8143656488681,-102.24604442454526,21.862260554616338
2289,79,46,124.08201114039811,-102.24575440219589,21.86225570496368
2290,79,47,99.34965663192811,-102.2454643799273,21.86225085480173
2291,79,48,74.61730212345813,-102.24517435773949,21.86224600413049
2292,79,49,49.43204750568048,-102.24488433563248,21.86224115294997
2293,79,50,23.641534242948886,-102.24459431360624,21.86223630126016
2294,79,51,0.0,-102.24430429166082,21.862231449061067
2295,79,52,0.0,-102.24401426979622,21.862226596352684
2296,79,53,16.96921917049984,-102.24372424801244,21.862221743135027
2297,79,54,42.44518431654131,-102.24343422630949,21.862216889408078
2298,79,55,67.92114946258278,-102.24314420468737,21.862212035171844
2299,79,56,93.39711460862424,-102.24285418314611,21.862207180426335
2300,79,57,118.87307975466571,-102.24256416168569,21.862202325171538
2301,79,58,144.34904490070716,-102.24227414030617,21.862197469407462
2302,79,59,169.82501004674864,-102.24198411900748,21.862192613134106
2303,79,60,195.3009751927901,-102.2416940977897,21.862187756351467
2304,79,61,220.77694033883157,-102.2414040766528,21.862182899059547
2305,79,62,246.25290548487303,-102.2411140555968,21.862178041258353
2306,79,63,271.7288706309145,-102.24082403462171,21.862173182947874
2307,79,64,297.204835776956,-102.24053401372753,21.862168324128124
2308,79,65,322.7187538075451,-102.24024399291429,21.862163464799092
2309,79,66,348.7770301449252,-102.23995397218197,21.86215860496079
2310,80,38,338.92055982255073,-102.24806939200195,21.862565215355378
2311,80,39,314.18820531408073,-102.247779368542,21.862560369201702
2312,80,40,289.4558508056107,-102.24748934516278,21.862555522538727
2313,80,41,264.72349629714074,-102.24719932186427,21.862550675366457
2314,80,42,239.9911417886707,-102.2469092986465,21.86254582768489
2315,80,43,215.25878728020072,-102.24661927550945,21.862540979494025
2316,80,44,190.52643277173073,-102.24632925245317,21.86253613079386
2317,80,45,165.79407826326073,-102.24603922947762,21.862531281584403
2318,80,46,141.0617237547907,-102.24574920658286,21.862526431865646
2319,80,47,116.32936924632072,-102.24545918376884,21.862521581637598
2320,80,48,90.54735850426704,-102.24516916103562,21.862516730900257
2321,80,49,64.75684524153546,-102.2448791383832,21.86251187965362
2322,80,50,38.96633197880386,-102.24458911581156,21.862507027897685
2323,80,51,13.175818716072262,-102.24429909332073,21.862502175632464
2324,80,52,0.0,-102.24400907091072,21.862497322857948
2325,80,53,1.1270223569995024,-102.24371904858154,21.86249246957415
2326,80,54,26.602987503040968,-102.24342902633317,21.862487615781053
2327,80,55,52.07895264908244,-102.24313900416566,21.862482761478663
2328,80,56,77.5549177951239,-102.24284898207898,21.862477906666985
2329,80,57,103.03088294116536,-102.24255896007318,21.862473051346022
2330,80,58,128.50684808720683,-102.24226893814823,21.862468195515767
2331,80,59,153.9828132332483,-102.24197891630415,21.862463339176227
2332,80,60,179.45877837928975,-102.24168889454096,21.8624584823274
2333,80,61,204.9347435253312,-102.24139887285867,21.862453624969284
2334,80,62,230.4107086713727,-102.24110885125727,21.86244876710188
2335,80,63,255.88667381741413,-102.24081882973677,21.862443908725197
2336,80,64,281.7403026581917,-102.24052880829719,21.862439049839228
2337,80,65,308.343348946509,-102.24023878693853,21.862434190443974
2338,80,66,335.51995996835683,-102.23994876566081,21.86242933053943
2339,81,39,331.16791792847334,-102.24777417666616,21.862831096556125
2340,81,40,306.43556342000335,-102.24748415274149,21.8628262498271
2341,81,41,281.7032089115333,-102.24719412889756,21.862821402588768
2342,81,42,256.97085440306336,-102.24690410513436,21.862816554841135
2343,81,43,232.23849989459333,-102.24661408145191,21.862811706584196
2344,81,44,207.50614538612334,-102.24632405785019,21.862806857817958
2345,81,45,182.77379087765334,-102.24603403432923,21.86280200854241
2346,81,46,157.4531827655852,-102.24574401088904,21.862797158757562
2347,81,47,131.66266950285362,-102.24545398752961,21.86279230846341
2348,81,48,105.87215624012202,-102.24516396425098,21.86278745765996
2349,81,49,80.08164297739042,-102.24487394105313,21.862782606347203
2350,81,50,54.29112971465884,-102.24458391793608,21.862777754525155
2351,81,51,28.500616451927236,-102.24429389489983,21.862772902193804
2352,81,52,2.7101031891956393,-102.2440038719444,21.862768049353157
2353,81,53,0.0,-102.24371384906979,21.86276319600321
2354,81,54,10.760790689540636,-102.24342382627601,21.862758342143966
2355,81,55,36.23675583558211,-102.2431338035631,21.862753487775418
2356,81,56,61.71272098162358,-102.242843780931,21.86274863289758
2357,81,57,87.18868612766504,-102.24255375837977,21.862743777510445
2358,81,58,112.6646512737065,-102.24226373590942,21.862738921614014
2359,81,59,138.14061641974797,-102.24197371351993,21.86273406520829
2360,81,60,163.6165815657894,-102.24168369121132,21.86272920829327
2361,81,61,189.0925467118309,-102.24139366898362,21.86272435086896
2362,81,62,214.73187822758138,-102.2411036468368,21.86271949293535
2363,81,63,241.26293172546005,-102.24081362477091,21.862714634492455
2364,81,64,268.5252779951697,-102.24052360278591,21.862709775540267
2365,81,65,296.3171402737316,-102.24023358088186,21.862704916078783
2366,81,66,324.502496627717,-102.23994355905873,21.86270005610801
2367,82,39,348.14763054286595,-102.24776898470958,21.86310182390049
2368,82,40,323.41527603439596,-102.2474789602395,21.86309697710541
2369,82,41,298.6829215259259,-102.24718893585013,21.86309212980102
2370,82,42,273.9505670174559,-102.2468989115415,21.863087281987315
2371,82,43,249.21821250898594,-102.24660888731361,21.863082433664307
2372,82,44,224.35900702690338,-102.24631886316645,21.863077584831984
2373,82,45,198.5684937641718,-102.24602883910008,21.863072735490352
2374,82,46,172.7779805014402,-102.24573881511445,21.86306788563941
2375,82,47,146.9874672387086,-102.2454487912096,21.863063035279158
2376,82,48,121.19695397597698,-102.24515876738553,21.863058184409603
2377,82,49,95.40644071324539,-102.24486874364226,21.863053333030734
2378,82,50,69.61592745051381,-102.24457871997978,21.863048481142563
2379,82,51,43.82541418778221,-102.2442886963981,21.863043628745082
2380,82,52,18.03490092505061,-102.24399867289725,21.863038775838298
2381,82,53,0.0,-102.24370864947723,21.863033922422208
2382,82,54,0.0,-102.24341862613804,21.863029068496807
2383,82,55,20.39455902208177,-102.24312860287966,21.863024214062115
2384,82,56,45.87052416812324,-102.24283857970217,21.86301935911811
2385,82,57,71.3464893141647,-102.24254855660551,21.8630145036648
2386,82,58,96.82245446020615,-102.24225853358973,21.863009647702196
2387,82,59,122.2984196062476,-102.24196851065483,21.863004791230285
2388,82,60,147.79025986972283,-102.24167848780081,21.86299993424908
2389,82,61,174.1837639103581,-102.24138846502768,21.862995076758565
2390,82,62,201.5887058036698,-102.24109844233546,21.86299021875875
2391,82,63,229.64326466329834,-102.24080841972413,21.862985360249642
2392,82,64,258.04983001645854,-102.24051839719372,21.862980501231235
2393,82,65,286.4751286701333,-102.24022837474425,21.862975641703525
2394,82,66,314.900427323808,-102.23993835237572,21.86297078166652
2395,82,67,343.32572597748276,-102.23964833008812,21.862965921120225
2396,83,40,340.39498864878857,-102.24747376765679,21.863367704373662
2397,83,41,315.6626341403186,-102.24718374272197,21.863362857003214
2398,83,42,290.9302796318485,-102.2468937178679,21.863358009123445
2399,83,43,265.47431802548994,-102.24660369309456,21.86335316073436
2400,83,44,239.68380476275837,-102.24631366840198,21.863348311835956
2401,83,45,213.89329150002678,-102.24602364379015,21.863343462428237
2402,83,46,188.10277823729515,-102.2457336192591,21.863338612511203
2403,83,47,162.31226497456356,-102.2454435948088,21.86333376208485
2404,83,48,136.52175171183197,-102.2451535704393,21.863328911149175
2405,83,49,110.73123844910037,-102.2448635461506,21.863324059704198
2406,83,50,84.94072518636877,-102.24457352194268,21.863319207749903
2407,83,51,59.15021192363717,-102.24428349781557,21.863314355286295
2408,83,52,33.359698660905586,-102.24399347376928,21.863309502313374
2409,83,53,7.569185398173987,-102.24370344980383,21.86330464883114
2410,83,54,0.0,-102.2434134259192,21.86329979483959
2411,83,55,4.552362208581427,-102.2431234021154,21.863294940338736
2412,83,56,30.028327354622892,-102.24283337839246,21.863290085328575
2413,83,57,55.50429250066436,-102.24254335475038,21.863285229809097
2414,83,58,80.98025764670582,-102.24225333118918,21.863280373780306
2415,83,59,107.10819294150538,-102.24196330770884,21.863275517242222
2416,83,60,134.79683858612523,-102.2416732843094,21.863270660194818
2417,83,61,163.18214608606192,-102.24138326099083,21.863265802638104
2418,83,62,191.60744473973665,-102.24109323775318,21.863260944572087
2419,83,63,220.03274339341138,-102.24080321459644,21.86325608599677
2420,83,64,248.45804204708617,-102.2405131915206,21.863251226912137
2421,83,65,276.88334070076087,-102.24022316852572,21.863246367318204
2422,83,66,305.3086393544357,-102.23993314561174,21.863241507214973
2423,83,67,333.7339380081104,-102.23964312277873,21.863236646602424
2424,84,41,332.38014228680805,-102.24717854951307,21.86363358419534
2425,84,42,306.58962902407654,-102.24688852411356,21.86362873624951
2426,84,43,280.7991157613449,-102.24659849879477,21.863623887794347
2427,84,44,255.00860249861336,-102.24630847355674,21.863619038829864
2428,84,45,229.21808923588176,-102.24601844839947,21.863614189356056
2429,84,46,203.42757597315017,-102.24572842332296,21.863609339372925
2430,84,47,177.63706271041858,-102.24543839832722,21.863604488880473
2431,84,48,151.84654944768695,-102.24514837341228,21.86359963787869
2432,84,49,126.05603618495537,-102.24485834857812,21.863594786367596
2433,84,50,100.26552292222375,-102.24456832382477,21.863589934347182
2434,84,51,74.47500965949216,-102.24427829915221,21.863585081817444
2435,84,52,48.684496396760565,-102.2439882745605,21.863580228778385
2436,84,53,22.893983134028968,-102.24369825004958,21.863575375230006
2437,84,54,0.0,-102.24340822561952,21.863570521172313
2438,84,55,0.0,-102.24311820127029,21.8635656666053
2439,84,56,14.186130541122553,-102.24282817700191,21.863560811528973
2440,84,57,40.054292908627325,-102.24253815281439,21.863555955943326
2441,84,58,68.31446215566531,-102.24224812870774,21.86355109984836
2442,84,59,96.73976080934007,-102.24195810468197,21.863546243244084
2443,84,60,125.1650594630148,-102.24166808073709,21.863541386130493
2444,84,61,153.59035811668954,-102.24137805687309,21.86353652850758
2445,84,62,182.0156567703643,-102.24108803309001,21.863531670375362
2446,84,63,210.44095542403903,-102.24079800938783,21.86352681173382
2447,84,64,238.86625407771376,-102.24050798576656,21.863521952582975
2448,84,65,267.29155273138855,-102.24021796222623,21.863517092922816
2449,84,66,295.71685138506325,-102.23992793876684,21.863512232753347
2450,84,67,324.14215003873807,-102.23963791538837,21.863507372074565
2451,85,41,347.70494002266304,-102.24717335622344,21.863904311377414
2452,85,42,321.9144267599315,-102.24688333027846,21.86389946336551
2453,85,43,296.1239134971999,-102.24659330441422,21.863894614844284
2454,85,44,270.3334002344683,-102.24630327863073,21.863889765813713
2455,85,45,244.54288697173672,-102.24601325292801,21.86388491627382
2456,85,46,218.75237370900513,-102.24572322730604,21.863880066224592
2457,85,47,192.96186044627356,-102.24543320176487,21.863875215666038
2458,85,48,167.17134718354194,-102.24514317630447,21.863870364598156
2459,85,49,141.38083392081032,-102.24485315092485,21.86386551302094
2460,85,50,115.59032065807872,-102.24456312562604,21.8638606609344
2461,85,51,89.79980739534714,-102.24427310040805,21.86385580833853
2462,85,52,62.1061283825368,-102.24398307527086,21.86385095523334
2463,85,53,33.97125077714415,-102.2436930502145,21.863846101618815
2464,85,54,5.836373171751496,-102.24340302523899,21.86384124749497
2465,85,55,0.0,-102.24311300034432,21.863836392861803
2466,85,56,1.8720768789434412,-102.2428229755305,21.86383153771931
2467,85,57,30.29737553261819,-102.24253295079754,21.863826682067494
2468,85,58,58.72267418629294,-102.24224292614544,21.86382182590635
2469,85,59,87.14797283996768,-102.24195290157422,21.863816969235884
2470,85,60,115.57327149364242,-102.24166287708388,21.8638121120561
2471,85,61,143.99857014731717,-102.24137285267446,21.863807254366993
2472,85,62,172.42386880099193,-102.24108282834592,21.863802396168566
2473,85,63,200.84916745466666,-102.24079280409829,21.863797537460822
2474,85,64,229.27446610834141,-102.24050277993159,21.86379267824375
2475,85,65,257.6997647620162,-102.24021275584582,21.863787818517363
2476,85,66,286.12506341569093,-102.23992273184098,21.86378295828166
2477,85,67,314.55036206936563,-102.23963270791708,21.86377809753664
2478,85,68,342.9756607230404,-102.23934268407415,21.8637732362823
2479,86,42,337.23922449578646,-102.24687813636264,21.86417019047145
2480,86,43,311.4487112330549,-102.24658810995294,21.86416534188414
2481,86,44,285.6581979703233,-102.24629808362398,21.864160492787498
2482,86,45,259.8676847075917,-102.24600805737579,21.864155643181515
2483,86,46,234.0771714448601,-102.24571803120837,21.86415079306619
2484,86,47,208.28665818212852,-102.24542800512171,21.86414594244154
2485,86,48,182.4961449193969,-102.24513797911585,21.864141091307545
2486,86,49,156.7056316566653,-102.24484795319079,21.864136239664212
2487,86,50,128.78879203090935,-102.24455792734652,21.86413138751155
2488,86,51,100.65391442551666,-102.24426790158306,21.864126534849554
2489,86,52,72.519036820124,-102.24397787590043,21.864121681678224
2490,86,53,44.38415921473135,-102.24368785029861,21.86411682799756
2491,86,54,16.249281609338695,-102.24339782477763,21.864111973807564
2492,86,55,0.0,-102.2431077993375,21.864107119108237
2493,86,56,0.0,-102.24281777397822,21.86410226389958
2494,86,57,20.705587563245814,-102.2425277486998,21.86409740818159
2495,86,58,49.130886216920565,-102.24223772350226,21.864092551954265
2496,86,59,77.5561848705953,-102.24194769838557,21.86408769521762
2497,86,60,105.98148352427005,-102.24165767334979,21.864082837971644
2498,86,61,134.4067821779448,-102.2413676483949,21.86407798021634
2499,86,62,162.83208083161955,-102.24107762352091,21.864073121951705
2500,86,63,191.25737948529428,-102.24078759872783,21.864068263177742
2501,86,64,219.682678138969,-102.24049757401569,21.864063403894455
2502,86,65,248.1079767926438,-102.24020754938446,21.86405854410184
2503,86,66,276.5332754463185,-102.23991752483417,21.864053683799902
2504,86,67,304.9585740999933,-102.23962750036483,21.86404882298864
2505,86,68,333.383872753668,-102.23933747597644,21.864043961668056
2506,87,43,326.7735089689098,-102.2465829154109,21.864436068913946
2507,87,44,300.9829957061782,-102.24629288853647,21.86443121975122
2508,87,45,275.1924824434467,-102.2460028617428,21.864426370079144
2509,87,46,249.4019691807151,-102.2457128350299,21.864421519897736
2510,87,47,223.6063332846745,-102.24542280839778,21.86441666920697
2511,87,48,195.47145567928183,-102.24513278184646,21.864411818006868
2512,87,49,167.33657807388917,-102.24484275537591,21.864406966297423
2513,87,50,139.2017004684965,-102.24455272898618,21.864402114078644
2514,87,51,111.06682286310388,-102.24426270267725,21.864397261350508
2515,87,52,82.93194525771122,-102.24397267644915,21.864392408113048
2516,87,53,54.79706765231855,-102.24368265030186,21.864387554366235
2517,87,54,26.662190046925897,-102.24339262423543,21.864382700110088
2518,87,55,0.0,-102.24310259824982,21.86437784534461
2519,87,56,0.0,-102.24281257234507,21.86437299006978
2520,87,57,11.113799593873441,-102.2425225465212,21.864368134285623
2521,87,58,39.53909824754819,-102.24223252077819,21.864363277992123
2522,87,59,67.96439690122294,-102.24194249511605,21.86435842118929
2523,87,60,96.38969555489767,-102.2416524695348,21.86435356387712
2524,87,61,124.81499420857243,-102.24136244403446,21.864348706055615
2525,87,62,153.24029286224717,-102.241072418615,21.864343847724776
2526,87,63,181.6655915159219,-102.24078239327646,21.864338988884604
2527,87,64,210.09089016959666,-102.24049236801885,21.8643341295351
2528,87,65,238.5161888232714,-102.24020234284218,21.864329269676254
2529,87,66,266.9414874769462,-102.23991231774643,21.864324409308082
2530,87,67,295.3667861306209,-102.23962229273164,21.86431954843058
2531,87,68,323.79208478429564,-102.23933226779779,21.864314687043745
2532,88,43,342.0983067047648,-102.2465777207881,21.864706795933692
2533,88,44,316.3077934420332,-102.24628769336819,21.864701946704884
2534,88,45,290.28899693304703,-102.24599766602904,21.86469709696672
2535,88,46,262.1541193276543,-102.24570763877067,21.864692246719205
2536,88,47,234.01924172226165,-102.24541761159307,21.864687395962346
2537,88,48,205.88436411686902,-102.24512758449626,21.864682544696134
2538,88,49,177.74948651147636,-102.24483755748024,21.864677692920573
2539,88,50,149.61460890608373,-102.24454753054502,21.86467284063566
2540,88,51,121.47973130069109,-102.24425750369062,21.864667987841408
2541,88,52,93.34485369529843,-102.24396747691704,21.864663134537803
2542,88,53,65.20997608990577,-102.24367745022428,21.86465828072485
2543,88,54,37.07509848451309,-102.24338742361238,21.86465342640255
2544,88,55,8.940220879120435,-102.2430973970813,21.864648571570907
2545,88,56,0.0,-102.24280737063108,21.864643716229917
2546,88,57,1.522011624501067,-102.24251734426173,21.86463886037959
2547,88,58,29.947310278175813,-102.24222731797323,21.864634004019912
2548,88,59,58.37260893185056,-102.24193729176564,21.864629147150893
2549,88,60,86.79790758552531,-102.24164726563892,21.864624289772532
2550,88,61,115.22320623920005,-102.2413572395931,21.86461943188483
2551,88,62,143.6485048928748,-102.24106721362818,21.864614573487774
2552,88,63,172.07380354654956,-102.24077718774419,21.86460971458139
2553,88,64,200.49910220022426,-102.2404871619411,21.864604855165663
2554,88,65,228.92440085389904,-102.24019713621895,21.864599995240596
2555,88,66,257.3496995075738,-102.23990711057773,21.86459513480619
2556,88,67,285.77499816124856,-102.23961708501747,21.864590273862447
2557,88,68,314.20029681492326,-102.23932705953817,21.86458541240936
2558,88,69,342.625595468598,-102.23903703413981,21.864580550446945
2559,89,44,328.8367829760269,-102.24628249811916,21.864972673648477
2560,89,45,300.7019053706342,-102.24599247023451,21.86496782384423
2561,89,46,272.56702776524156,-102.24570244243066,21.86496297353062
2562,89,47,244.43215015984887,-102.24541241470756,21.86495812270766
2563,89,48,216.2972725544562,-102.24512238706528,21.86495327137533
2564,89,49,188.16239494906355,-102.24483235950377,21.86494841953366
2565,89,50,160.02751734367092,-102.24454233202306,21.864943567182628
2566,89,51,131.8926397382783,-102.24425230462317,21.864938714322232
2567,89,52,103.75776213288562,-102.2439622773041,21.864933860952494
2568,89,53,75.62288452749296,-102.24367225006587,21.8649290070734
2569,89,54,47.4880069221003,-102.24338222290848,21.86492415268495
2570,89,55,19.353129316707637,-102.24309219583192,21.864919297787146
2571,89,56,0.0,-102.24280216883622,21.864914442379995
2572,89,57,0.0,-102.24251214192138,21.86490958646349
2573,89,58,20.35552230880344,-102.24222211508742,21.864904730037637
2574,89,59,48.78082096247819,-102.24193208833432,21.864899873102434
2575,89,60,77.20611961615293,-102.24164206166213,21.864895015657876
2576,89,61,105.63141826982768,-102.24135203507083,21.86489015770397
2577,89,62,134.05671692350242,-102.24106200856043,21.86488529924072
2578,89,63,162.48201557717718,-102.24077198213097,21.864880440268113
2579,89,64,190.9073142308519,-102.24048195578241,21.864875580786165
2580,89,65,219.33261288452664,-102.24019192951478,21.864870720794872
2581,89,66,247.75791153820143,-102.23990190332809,21.864865860294234
2582,89,67,276.1832101918761,-102.23961187722236,21.864860999284243
2583,89,68,304.6085088455509,-102.23932185119757,21.864856137764917
2584,89,69,333.03380749922565,-102.23903182525375,21.86485127573624
2585,90,44,339.2496914136141,-102.24627730278935,21.865243400582006
2586,90,45,311.11481380822136,-102.24598727435922,21.86523855071167
2587,90,46,282.97993620282875,-102.24569724600985,21.865233700331967
2588,90,47,254.84505859743606,-102.24540721774127,21.8652288494429
2589,90,48,226.71018099204343,-102.24511718955348,21.86522399804447
2590,90,49,198.57530338665075,-102.24482716144648,21.865219146136678
2591,90,50,170.4404257812581,-102.2445371334203,21.865214293719518
2592,90,51,142.30554817586545,-102.2442471054749,21.865209440793
2593,90,52,114.1706705704728,-102.24395707761036,21.86520458735712
2594,90,53,86.03579296508013,-102.24366704982661,21.865199733411885
2595,90,54,57.90091535968748,-102.24337702212372,21.865194878957276
2596,90,55,29.766037754294825,-102.24308699450168,21.86519002399332
2597,90,56,1.6311601489021677,-102.2427969669605,21.865185168520004
2598,90,57,0.0,-102.24250693950016,21.86518031253732
2599,90,58,10.763734339431068,-102.24221691212071,21.86517545604529
2600,90,59,39.18903299310582,-102.24192688482213,21.8651705990439
2601,90,60,67.61433164678057,-102.24163685760445,21.865165741533147
2602,90,61,96.0396303004553,-102.24134683046766,21.86516088351304
2603,90,62,124.46492895413006,-102.2410568034118,21.865156024983584
2604,90,63,152.8902276078048,-102.24076677643683,21.86515116594477
2605,90,64,181.31552626147953,-102.2404767495428,21.865146306396596
2606,90,65,209.7408249151543,-102.24018672272967,21.86514144633908
2607,90,66,238.16612356882902,-102.23989669599752,21.865136585772206
2608,90,67,266.5914222225038,-102.23960666934629,21.865131724695974
2609,90,68,295.0167208761785,-102.23931664277602,21.865126863110394
2610,90,69,323.44201952985327,-102.23902661628672,21.865122001015465
2611,91,45,321.52772224580855,-102.24598207840316,21.86550927756906
2612,91,46,293.39284464041594,-102.24569204950829,21.86550442712326
2613,91,47,265.2579670350233,-102.2454020206942,21.865499576168087
2614,91,48,237.12308942963062,-102.24511199196091,21.865494724703545
2615,91,49,208.98821182423796,-102.24482196330841,21.865489872729633
2616,91,50,180.8533342188453,-102.2445319347367,21.865485020246357
2617,91,51,152.71845661345264,-102.24424190624582,21.865480167253708
2618,91,52,124.58357900806,-102.24395187783577,21.86547531375169
2619,91,53,96.44870140266734,-102.24366184950652,21.8654704597403
2620,91,54,68.31382379727468,-102.24337182125814,21.86546560521955
2621,91,55,40.17894619188203,-102.2430817930906,21.86546075018943
2622,91,56,12.044068586489367,-102.2427917650039,21.86545589464995
2623,91,57,0.0,-102.24250173699808,21.865451038601098
2624,91,58,1.1719463700586925,-102.24221170907313,21.86544618204288
2625,91,59,29.597245023733443,-102.24192168122907,21.865441324975304
2626,91,60,58.02254367740819,-102.24163165346589,21.865436467398368
2627,91,61,86.44784233108294,-102.2413416257836,21.865431609312058
2628,91,62,114.87314098475768,-102.24105159818224,21.86542675071639
2629,91,63,143.29843963843243,-102.24076157066177,21.865421891611362
2630,91,64,171.72373829210719,-102.24047154322223,21.86541703199697
2631,91,65,200.1490369457819,-102.24018151586364,21.86541217187322
2632,91,66,228.57433559945667,-102.23989148858597,21.865407311240112
2633,91,67,256.99963425313143,-102.23960146138926,21.86540245009764
2634,91,68,285.42493290680613,-102.2393114342735,21.865397588445813
2635,91,69,313.8502315604809,-102.23902140723871,21.865392726284625
2636,91,70,342.27553021415565,-102.2387313802849,21.86538786361408
2637,92,45,331.9406306833958,-102.24597688236632,21.865780004416383
2638,92,46,303.80575307800314,-102.24568685292593,21.865775153904483
2639,92,47,275.6708754726105,-102.24539682356632,21.865770302883206
2640,92,48,247.5359978672178,-102.24510679428752,21.865765451352555
2641,92,49,219.40112026182516,-102.24481676508951,21.86576059931253
2642,92,50,191.2662426564325,-102.2445267359723,21.865755746763124
2643,92,51,163.13136505103984,-102.24423670693591,21.865750893704345
2644,92,52,134.99648744564718,-102.24394667798033,21.86574604013619
2645,92,53,106.86160984025454,-102.24365664910559,21.865741186058656
2646,92,54,78.72673223486188,-102.2433666203117,21.86573633147175
2647,92,55,50.59185462946922,-102.24307659159864,21.865731476375476
2648,92,56,22.456132806148467,-102.24278656296644,21.86572662076983
2649,92,57,0.0,-102.24249653441511,21.8657217646548
2650,92,58,0.0,-102.24220650594467,21.865716908030407
2651,92,59,20.005457054361063,-102.2419164775551,21.865712050896644
2652,92,60,48.43075570803582,-102.24162644924641,21.86570719325351
2653,92,61,76.85605436171056,-102.24133642101863,21.865702335101005
2654,92,62,105.2813530153853,-102.24104639287175,21.86569747643913
2655,92,63,133.70665166906005,-102.24075636480578,21.865692617267886
2656,92,64,162.1319503227348,-102.24046633682076,21.865687757587278
2657,92,65,190.55724897640954,-102.24017630891665,21.865682897397296
2658,92,66,218.98254763008427,-102.23988628109349,21.86567803669795
2659,92,67,247.40784628375906,-102.23959625335128,21.86567317548924
2660,92,68,275.83314493743376,-102.23930622569002,21.865668313771163
2661,92,69,304.2584435911085,-102.23901619810974,21.865663451543718
2662,92,70,332.6837422447833,-102.23872617061042,21.865658588806912
2663,93,45,342.353539120983,-102.24597168624871,21.866050731253637
2664,93,46,314.2186615155903,-102.2456816562628,21.866045880675646
2665,93,47,286.08378391019767,-102.24539162635769,21.866041029588263
2666,93,48,257.948906304805,-102.24510159653336,21.866036177991504
2667,93,49,229.81402869941235,-102.2448115667898,21.866031325885363
2668,93,50,201.6791510940197,-102.24452153712708,21.866026473269827
2669,93,51,173.54427348862703,-102.24423150754517,21.866021620144917
2670,93,52,145.4093958832344,-102.24394147804408,21.866016766510622
2671,93,53,117.27451827784174,-102.24365144862382,21.866011912366947
2672,93,54,89.11635123409543,-102.24336141928441,21.86600705771389
2673,93,55,60.9500617574941,-102.24307139002585,21.866002202551453
2674,93,56,32.78377228089276,-102.24278136084813,21.86599734687964
2675,93,57,4.617482804291421,-102.24249133175128,21.86599249069844
2676,93,58,0.0,-102.24220130273532,21.86598763400787
2677,93,59,10.41366908498869,-102.24191127380023,21.865982776807915
2678,93,60,38.83896773866344,-102.24162124494603,21.86597791909859
2679,93,61,67.2642663923382,-102.24133121617274,21.865973060879885
2680,93,62,95.68956504601293,-102.24104118748035,21.865968202151798
2681,93,63,124.11486369968769,-102.24075115886887,21.86596334291434
2682,93,64,152.54016235336243,-102.24046113033833,21.865958483167507
2683,93,65,180.96546100703716,-102.24017110188872,21.865953622911302
2684,93,66,209.39075966071192,-102.23988107352005,21.86594876214572
2685,93,67,237.81605831438665,-102.23959104523233,21.865943900870764
2686,93,68,266.2413569680614,-102.23930101702557,21.865939039086438
2687,93,69,294.29510626919864,-102.23901098889978,21.86593417679274
2688,93,70,322.3108088200897,-102.23872096085496,21.86592931398967
2689,94,46,324.6315699531775,-102.24567645951889,21.866316607436744
2690,94,47,296.49669234778486,-102.24538642906823,21.86631175628326
2691,94,48,268.3618147423922,-102.24509639869838,21.866306904620387
2692,94,49,240.22693713699957,-102.24480636840931,21.866302052448123
2693,94,50,212.09205953160688,-102.24451633820107,21.86629719976647
2694,94,51,183.94285913864377,-102.2442263080736,21.866292346575424
2695,94,52,155.77656966204242,-102.243936278027,21.866287492874996
2696,94,53,127.61028018544108,-102.24364624806122,21.866282638665172
2697,94,54,99.44399070883973,-102.24335621817627,21.866277783945964
2698,94,55,71.27770123223839,-102.24306618837218,21.86627292871737
2699,94,56,43.11141175563706,-102.24277615864895,21.866268072979384
2700,94,57,14.945122279035713,-102.24248612900658,21.86626321673202
2701,94,58,0.0,-102.24219609944508,21.866258359975262
2702,94,59,0.8218811156163158,-102.24190606996447,21.866253502709124
2703,94,60,29.247179769291066,-102.24161604056476,21.8662486449336
2704,94,61,57.67247842296582,-102.24132601124595,21.866243786648692
2705,94,62,86.09777707664057,-102.24103598200804,21.866238927854404
2706,94,63,114.52307573031531,-102.24074595285104,21.866234068550728
2707,94,64,142.94837438399006,-102.24045592377497,21.866229208737675
2708,94,65,171.3736730376648,-102.24016589477985,21.86622434841524
2709,94,66,199.51858061833025,-102.23987586586566,21.866219487583418
2710,94,67,227.53428316922125,-102.23958583703244,21.86621462624223
2711,94,68,255.5499857201123,-102.23929580828015,21.86620976439165
2712,94,69,283.5656882710033,-102.23900577960883,21.86620490203169
2713,94,70,311.58139082189433,-102.2387157510185,21.866200039162358
2714,94,71,339.59709337278537,-102.23842572250916,21.86619517578365
2715,95,46,335.0444783907647,-102.24567126269419,21.866587334187773
2716,95,47,306.9096007853721,-102.24538123169799,21.86658248296819
2717,95,48,278.76936704319206,-102.24509120078261,21.866577631239206
2718,95,49,250.6030775665907,-102.244801169948,21.866572779000826
2719,95,50,222.4367880899894,-102.2445111391942,21.866567926253044
2720,95,51,194.27049861338804,-102.24422110852124,21.86656307299587
2721,95,52,166.10420913678672,-102.24393107792909,21.866558219229297
2722,95,53,137.93791966018537,-102.24364104741777,21.866553364953333
2723,95,54,109.77163018358402,-102.24335101698729,21.86654851016797
2724,95,55,81.60534070698269,-102.24306098663767,21.866543654873215
2725,95,56,53.43905123038135,-102.2427709563689,21.866538799069065
2726,95,57,25.27276175378001,-102.24248092618099,21.866533942755524
2727,95,58,0.0,-102.24219089607398,21.866529085932587
2728,95,59,0.0,-102.24190086604783,21.866524228600266
2729,95,60,19.65539179991869,-102.2416108361026,21.866519370758546
2730,95,61,48.080690453593434,-102.24132080623824,21.86651451240744
2731,95,62,76.50598910726819,-102.2410307764548,21.866509653546938
2732,95,63,104.74205496746183,-102.24074074675228,21.866504794177054
2733,95,64,132.75775751835286,-102.2404507171307,21.866499934297774
2734,95,65,160.7734600692439,-102.24016068759005,21.866495073909107
2735,95,66,188.7891626201349,-102.23987065813031,21.86649021301105
2736,95,67,216.80486517102594,-102.23958062875155,21.866485351603618
2737,95,68,244.82056772191694,-102.23929059945377,21.86648048968679
2738,95,69,272.836270272808,-102.23900057023694,21.866475627260577
2739,95,70,300.85197282369904,-102.23871054110109,21.86647076432498
2740,95,71,328.94498309808307,-102.2384205120462,21.866465900879998
2741,96,46,345.42958547113903,-102.24566606578873,21.866858060928745
2742,96,47,317.2632959945377,-102.24537603424697,21.866853209643057
2743,96,48,289.09700651793634,-102.24508600278604,21.86684835784796
2744,96,49,260.930717041335,-102.24479597140588,21.866843505543457
2745,96,50,232.7644275647337,-102.24450594010655,21.866838652729555
2746,96,51,204.59813808813234,-102.24421590888802,21.866833799406255
2747,96,52,176.431848611531,-102.24392587775033,21.866828945573534
2748,96,53,148.26555913492967,-102.24363584669348,21.866824091231425
2749,96,54,120.09926965832832,-102.24334581571745,21.866819236379914
2750,96,55,91.93298018172699,-102.24305578482227,21.866814381019
2751,96,56,63.76669070512564,-102.24276575400799,21.86680952514868
2752,96,57,35.600401228524305,-102.24247572327454,21.866804668768964
2753,96,58,7.434111751922965,-102.24218569262197,21.866799811879854
2754,96,59,0.0,-102.2418956620503,21.866794954481335
2755,96,60,9.965529316593427,-102.24160563155951,21.866790096573425
2756,96,61,37.98123186748445,-102.24131560114962,21.866785238156112
2757,96,62,65.99693441837549,-102.24102557082065,21.866780379229404
2758,96,63,94.01263696926651,-102.2407355405726,21.866775519793304
2759,96,64,122.02833952015752,-102.24044551040548,21.866770659847802
2760,96,65,150.04404207104855,-102.24015548031927,21.86676579939291
2761,96,66,178.0597446219396,-102.23986545031404,21.86676093842862
2762,96,67,206.0754471728306,-102.23957542038974,21.86675607695494
2763,96,68,234.10984595763767,-102.2392853905464,21.866751214971863
2764,96,69,262.4640263880041,-102.23899536078405,21.866746352479392
2765,96,70,291.1482617521474,-102.23870533110266,21.86674148947753
2766,96,71,320.0738281940449,-102.23841530150226,21.86673662596628
2767,97,47,327.590935469282,-102.24537083671517,21.867123936307866
2768,97,48,299.42464599268067,-102.24508080470865,21.867119084446657
2769,97,49,271.25835651607935,-102.24479077278296,21.867114232076034
2770,97,50,243.09206703947797,-102.24450074093807,21.86710937919601
2771,97,51,214.92577756287665,-102.244210709174,21.867104525806567
2772,97,52,186.7594880862753,-102.24392067749075,21.86709967190772
2773,97,53,158.59319860967395,-102.24363064588833,21.867094817499456
2774,97,54,130.42690913307263,-102.24334061436677,21.86708996258179
2775,97,55,102.26061965647128,-102.24305058292605,21.867085107154715
2776,97,56,74.09433017986994,-102.24276055156619,21.86708025121823
2777,97,57,45.9280407032686,-102.2424705202872,21.867075394772343
2778,97,58,17.76175122666726,-102.2421804890891,21.867070537817046
2779,97,59,0.0,-102.24189045797186,21.867065680352347
2780,97,60,0.0,-102.24160042693555,21.86706082237824
2781,97,61,27.251813869289123,-102.24131039598011,21.867055963894725
2782,97,62,55.26751642018015,-102.2410203651056,21.867051104901808
2783,97,63,83.28321897107116,-102.24073033431198,21.867046245399493
2784,97,64,111.29892152196217,-102.24044030359933,21.86704138538777
2785,97,65,139.3146240728532,-102.24015027296758,21.867036524866645
2786,97,66,167.60066591966023,-102.2398602424168,21.867031663836126
2787,97,67,196.39228190081099,-102.23957021194695,21.867026802296195
2788,97,68,225.4991653281707,-102.23928018155807,21.867021940246868
2789,97,69,254.81330172735434,-102.23899015125018,21.86701707768814
2790,97,70,284.2705822111914,-102.23870012102324,21.86701221462002
2791,97,71,313.80483264735847,-102.23841009087731,21.867007351042492
2792,97,72,343.34170788092433,-102.23812006081236,21.867002486955567
2793,98,47,337.91857494402626,-102.24536563910254,21.867394662962596
2794,98,48,309.752285467425,-102.24507560655049,21.86738981103528
2795,98,49,281.5859959908236,-102.24478557407922,21.867384958598542
2796,98,50,253.4197065142223,-102.24449554168876,21.867380105652387
2797,98,51,225.25341703762092,-102.24420550937914,21.867375252196815
2798,98,52,197.0871275610196,-102.24391547715034,21.867370398231827
2799,98,53,168.92083808441825,-102.24362544500235,21.867365543757423
2800,98,54,140.7545486078169,-102.24333541293522,21.867360688773598
2801,98,55,112.58825913121558,-102.24304538094896,21.867355833280367
2802,98,56,84.42196965461423,-102.24275534904353,21.867350977277713
2803,98,57,56.25568017801289,-102.242465317219,21.867346120765653
2804,98,58,28.089390701411553,-102.24217528547533,21.867341263744173
2805,98,59,0.0,-102.24188525381254,21.867336406213283
2806,98,60,0.0,-102.24159522223066,21.86733154817298
2807,98,61,16.522395871093785,-102.24130519072966,21.867326689623265
2808,98,62,44.538098421984806,-102.2410151593096,21.867321830564144
2809,98,63,72.75026656737572,-102.24072512797045,21.86731697099561
2810,98,64,101.84569926667633,-102.24043509671222,21.867312110917663
2811,98,65,131.33258120437475,-102.24014506553493,21.867307250330313
2812,98,66,160.86945643794058,-102.2398550344386,21.86730238923355
2813,98,67,190.40633167150642,-102.23956500342321,21.867297527627382
2814,98,68,219.94320690507226,-102.23927497248879,21.8672926655118
2815,98,69,249.4800821386381,-102.23898494163532,21.867287802886818
2816,98,70,279.01695737220393,-102.23869491086286,21.867282939752428
2817,98,71,308.55383260576974,-102.23840488017137,21.867278076108636
2818,98,72,338.0907078393356,-102.23811484956089,21.867273211955432
2819,99,47,348.2462144187706,-102.24536044140915,21.86766538960727
2820,99,48,320.0799249421692,-102.24507040831152,21.867660537613844
2821,99,49,291.91363546556795,-102.24478037529467,21.86765568511099
2822,99,50,263.7473459889666,-102.24449034235866,21.867650832098708
2823,99,51,235.58105651236522,-102.24420030950344,21.867645978577
2824,99,52,207.41476703576387,-102.24391027672908,21.867641124545877
2825,99,53,179.24847755916255,-102.24362024403553,21.867636270005324
2826,99,54,151.0821880825612,-102.24333021142284,21.867631414955344
2827,99,55,122.91589860595987,-102.243040178891,21.867626559395955
2828,99,56,94.74960912935853,-102.24275014644002,21.867621703327135
2829,99,57,66.58331965275718,-102.2424601140699,21.867616846748895
2830,99,58,38.417030176155855,-102.24217008178067,21.86761198966123
2831,99,59,10.250740699554516,-102.24188004957232,21.86760713206416
2832,99,60,0.0,-102.24159001744488,21.867602273957658
2833,99,61,7.934080228522665,-102.24129998539833,21.867597415341745
2834,99,62,37.4709554620885,-102.2410099534327,21.86759255621641
2835,99,63,67.00783069565433,-102.24071992154798,21.86758769658166
2836,99,64,96.54470592922016,-102.24042988974419,21.86758283643749
2837,99,65,126.08158116278598,-102.24013985802135,21.867577975783906
2838,99,66,155.6184563963518,-102.23984982637944,21.867573114620907
2839,99,67,185.1842240412193,-102.2395597948185,21.867568252948494
2840,99,68,214.86127998358322,-102.23926976333851,21.867563390766666
2841,99,69,244.61713439295085,-102.23897973193951,21.867558528075428
2842,99,70,274.4261562625804,-102.23868970062148,21.867553664874773
2843,99,71,304.2727198476548,-102.23839966938444,21.867548801164705
2844,99,72,334.14676542789493,-102.2381096382284,21.86754393694523
2845,100,48,327.83180190393944,-102.24506520999174,21.867931264182335
2846,100,49,301.03683172698413,-102.24477517642933,21.867926411613364
2847,100,50,274.0749854637109,-102.24448514294771,21.867921558534956
2848,100,51,245.90869598710952,-102.24419510954694,21.86791670494712
2849,100,52,217.74240651050818,-102.243905076227,21.86791185084985
2850,100,53,189.57611703390683,-102.24361504298787,21.867906996243153
2851,100,54,161.4098275573055,-102.2433250098296,21.86790214112702
2852,100,55,133.24353808070416,-102.24303497675217,21.867897285501464
2853,100,56,105.07724860410282,-102.24274494375562,21.86789242936648
2854,100,57,75.68681679583538,-102.24245491083994,21.867887572722065
2855,100,58,45.705266982082065,-102.24216487800513,21.867882715568225
2856,100,59,15.723717168328747,-102.24187484525122,21.867877857904958
2857,100,60,0.0,-102.2415848125782,21.867872999732267
2858,100,61,2.982284586165566,-102.24129477998606,21.867868141050145
2859,100,62,32.87958065103803,-102.24100474747486,21.8678632818586
2860,100,63,62.87479324994516,-102.24071471504458,21.867858422157635
2861,100,64,92.87309851974673,-102.24042468269523,21.867853561947246
2862,100,65,122.87223132625947,-102.24013465042681,21.867848701227434
2863,100,66,152.8717044895132,-102.23984461823935,21.867843839998198
2864,100,67,182.87135050620776,-102.23955458613283,21.867838978259538
2865,100,68,212.8710962963256,-102.23926455410728,21.867834116011462
2866,100,69,242.87090488742112,-102.2389745221627,21.867829253253962
2867,100,70,272.87075556620204,-102.23868449029911,21.86782438998704
2868,100,71,302.8706358260986,-102.2383944585165,21.8678195262107
2869,100,72,332.87053766913715,-102.23810442681489,21.86781466192494
2870,101,47,341.1349385058732,-102.24535004577996,21.868206842866428
2871,101,48,314.3399683289179,-102.24506001159116,21.868201990740772
2872,101,49,287.54499815196266,-102.24476997748316,21.868197138105675
2873,101,50,260.75002797500736,-102.24447994345597,21.868192284961147
2874,101,51,233.95505779805208,-102.2441899095096,21.868187431307174
2875,101,52,207.16008762109678,-102.24389987564406,21.868182577143767
2876,101,53,180.3651174441415,-102.24360984185935,21.86817772247091
2877,101,54,153.57014726718623,-102.24331980815549,21.868172867288635
2878,101,55,126.77517709023094,-102.2430297745325,21.868168011596914
2879,101,56,99.05570272927886,-102.24273974099036,21.868163155395763
2880,101,57,71.2014020027123,-102.24244970752909,21.868158298685174
2881,101,58,43.34710127614576,-102.24215967414871,21.868153441465154
2882,101,59,15.492800549579194,-102.2418696408492,21.8681485837357
2883,101,60,0.0,-102.2415796076306,21.868143725496804
2884,101,61,14.312150713219197,-102.2412895744929,21.868138866748488
2885,101,62,42.08281095747182,-102.24099954143611,21.86813400749073
2886,101,63,69.85347120172443,-102.24070950846026,21.86812914772355
2887,101,64,97.84756732220976,-102.24041947556532,21.868124287446935
2888,101,65,126.6740669328557,-102.24012944275132,21.868119426660893
2889,101,66,155.94387463361568,-102.23983941001828,21.868114565365417
2890,101,67,185.44720229267435,-102.2395493773662,21.868109703560517
2891,101,68,215.08797651336837,-102.23925934479507,21.868104841246186
2892,101,69,244.8162789584274,-102.23896931230492,21.868099978422425
2893,101,70,274.6036839619705,-102.23867927989575,21.868095115089247
2894,101,71,304.4328432477695,-102.23838924756758,21.86809025124663
2895,101,72,334.2925797117792,-102.23809921532039,21.868085386894595
2896,102,47,327.6431049308517,-102.24534484784418,21.86847756948091
2897,102,48,300.84813475389643,-102.24505481310977,21.868472717289137
2898,102,49,274.0531645769411,-102.24476477845617,21.868467864587927
2899,102,50,247.25819439998588,-102.24447474388339,21.868463011377266
2900,102,51,220.46322422303058,-102.24418470939143,21.868458157657162
2901,102,52,193.66825404607528,-102.2438946749803,21.868453303427614
2902,102,53,166.87328386912,-102.24360464064999,21.868448448688618
2903,102,54,140.07831369216473,-102.24331460640055,21.868443593440176
2904,102,55,113.28334351520947,-102.24302457223195,21.868438737682297
2905,102,56,86.48837333825418,-102.24273453814422,21.868433881414976
2906,102,57,59.69340316129891,-102.24244450413737,21.868429024638214
2907,102,58,32.20538098554458,-102.24215447021137,21.86842416735201
2908,102,59,4.351080258978019,-102.2418644363663,21.868419309556366
2909,102,60,0.0,-102.2415744026021,21.868414451251283
2910,102,61,25.660737832252423,-102.24128436891881,21.868409592436755
2911,102,62,53.43139807650505,-102.24099433531644,21.868404733112797
2912,102,63,81.20205832075767,-102.24070430179499,21.868399873279394
2913,102,64,108.9727185650103,-102.24041426835447,21.868395012936556
2914,102,65,136.7433788092629,-102.2401242349949,21.868390152084284
2915,102,66,164.5212023964104,-102.23983420171626,21.86838529072257
2916,102,67,192.7158499978553,-102.23954416851859,21.868380428851424
2917,102,68,221.38557234569532,-102.2392541354019,21.868375566470846
2918,102,69,250.36721919066468,-102.23896410236615,21.86837070358083
2919,102,70,279.5637981708318,-102.2386740694114,21.86836584018138
2920,102,71,308.9143733304373,-102.23838403653764,21.86836097627249
2921,102,72,338.37887471379184,-102.23809400374488,21.86835611185418
2922,103,46,340.94624153278545,-102.2456296851884,21.868753147833754
2923,103,47,314.1512713558302,-102.2453396498276,21.868748296085332
2924,103,48,287.3563011788749,-102.24504961454758,21.868743443827448
2925,103,49,260.56133100191965,-102.24475957934838,21.86873859106012
2926,103,50,233.76636082496435,-102.24446954422999,21.868733737783323
2927,103,51,206.97139064800908,-102.24417950919242,21.868728883997083
2928,103,52,180.1764204710538,-102.24388947423569,21.8687240297014
2929,103,53,153.3814502940985,-102.24359943935978,21.868719174896256
2930,103,54,126.58648011714322,-102.24330940456474,21.868714319581667
2931,103,55,99.79150994018796,-102.24301936985054,21.86870946375762
2932,103,56,72.99653976323268,-102.2427293352172,21.868704607424135
2933,103,57,46.20156958627741,-102.24243930066476,21.868699750581193
2934,103,58,19.40659940932213,-102.24214926619318,21.868694893228806
2935,103,59,0.0,-102.2418592318025,21.868690035366974
2936,103,60,9.238664707033035,-102.2415691974927,21.86868517699569
2937,103,61,37.00932495128565,-102.24127916326383,21.86868031811497
2938,103,62,64.77998519553827,-102.24098912911585,21.86867545872479
2939,103,63,92.5506454397909,-102.24069909504881,21.868670598825176
2940,103,64,120.32130568404354,-102.24040906106269,21.868665738416116
2941,103,65,148.09196592829613,-102.24011902715752,21.868660877497607
2942,103,66,175.86262617254877,-102.2398289933333,21.868656016069657
2943,103,67,203.63328641680138,-102.23953895959004,21.868651154132266
2944,103,68,231.40394666105402,-102.23924892592773,21.868646291685433
2945,103,69,259.29226453460217,-102.23895889234642,21.86864142872916
2946,103,70,287.5841637676132,-102.23866885884605,21.86863656526344
2947,103,71,316.1911195026713,-102.23837882542671,21.868631701288287
2948,103,72,345.03477629767673,-102.23808879208836,21.86862683680369
2949,104,46,327.454407957764,-102.24562448763663,21.86902387449421
2950,104,47,300.6594377808087,-102.24533445173022,21.86901902267968
2951,104,48,273.8644676038534,-102.24504441590459,21.869014170355687
2952,104,49,247.06949742689815,-102.24475438015978,21.869009317522234
2953,104,50,220.27452724994285,-102.24446434449577,21.869004464179312
2954,104,51,193.47955707298757,-102.2441743089126,21.868999610326938
2955,104,52,166.6845868960323,-102.24388427341025,21.868994755965115
2956,104,53,139.889616719077,-102.24359423798873,21.868989901093823
2957,104,54,113.09464654212175,-102.24330420264808,21.868985045713075
2958,104,55,86.29967636516648,-102.24301416738827,21.868980189822874
2959,104,56,59.50470618821119,-102.24272413220933,21.868975333423215
2960,104,57,32.70973601125591,-102.24243409711126,21.868970476514104
2961,104,58,5.914765834300634,-102.24214406209407,21.868965619095537
2962,104,59,0.0,-102.24185402715779,21.868960761167507
2963,104,60,20.58725182606626,-102.24156399230239,21.868955902730033
2964,104,61,48.357912070318875,-102.24127395752791,21.868951043783095
2965,104,62,76.1285723145715,-102.24098392283433,21.868946184326717
2966,104,63,103.89923255882411,-102.24069388822168,21.868941324360883
2967,104,64,131.66989280307675,-102.24040385368997,21.868936463885596
2968,104,65,159.44055304732936,-102.24011381923918,21.86893160290086
2969,104,66,187.211213291582,-102.23982378486937,21.868926741406668
2970,104,67,214.9818735358346,-102.23953375058049,21.868921879403036
2971,104,68,242.75253378008725,-102.2392437163726,21.868917016889952
2972,104,69,270.5231940243399,-102.23895368224568,21.868912153867416
2973,104,70,298.2938542685925,-102.23866364819973,21.868907290335436
2974,104,71,326.0760004271525,-102.23837361423479,21.868902426294003
2975,105,45,340.75754455969775,-102.24590932653692,21.869299452515776
2976,105,46,313.9625743827425,-102.24561929000409,21.869294601144606
2977,105,47,287.1676042057872,-102.24532925355204,21.86928974926397
2978,105,48,260.37263402883195,-102.24503921718079,21.869284896873857
2979,105,49,233.57766385187662,-102.24474918089035,21.869280043974282
2980,105,50,206.78269367492135,-102.24445914468073,21.869275190565244
2981,105,51,179.98772349796607,-102.24416910855193,21.86927033664674
2982,105,52,153.1927533210108,-102.24387907250397,21.86926548221876
2983,105,53,126.39778314405552,-102.24358903653683,21.869260627281328
2984,105,54,99.60281296710025,-102.24329900065055,21.869255771834425
2985,105,55,72.80784279014496,-102.24300896484513,21.86925091587806
2986,105,56,46.01287261318969,-102.24271892912058,21.869246059412234
2987,105,57,19.217902436234418,-102.24242889347688,21.86924120243694
2988,105,58,0.0,-102.2421388579141,21.86923634495219
2989,105,59,4.165178700846866,-102.24184882243219,21.869231486957975
2990,105,60,31.935838945099487,-102.24155878703117,21.869226628454303
2991,105,61,59.70649918935211,-102.24126875171108,21.869221769441165
2992,105,62,87.47715943360473,-102.24097871647189,21.869216909918574
2993,105,63,115.24781967785734,-102.24068868131363,21.86921204988652
2994,105,64,143.01847992210998,-102.2403986462363,21.869207189345012
2995,105,65,170.78914016636259,-102.2401086112399,21.869202328294044
2996,105,66,198.55980041061522,-102.23981857632448,21.869197466733617
2997,105,67,226.33046065486784,-102.23952854149,21.869192604663734
2998,105,68,254.10112089912045,-102.2392385067365,21.8691877420844
2999,105,69,281.8717811433731,-102.23894847206395,21.869182878995602
3000,105,70,309.6424413876257,-102.23865843747241,21.869178015397356
3001,105,71,337.4131016318783,-102.23836840296187,21.869173151289655
3002,106,45,327.31695504265195,-102.24590412936921,21.869570179222208
3003,106,46,300.470740807721,-102.24561409229074,21.869565327784937
3004,106,47,273.6757706307657,-102.24532405529307,21.869560475838192
3005,106,48,246.88080045381045,-102.2450340183762,21.86955562338197
3006,106,49,220.08583027685515,-102.24474398154013,21.86955077041627
3007,106,50,193.29086009989985,-102.24445394478487,21.8695459169411
3008,106,51,166.49588992294457,-102.24416390811045,21.86954106295646
3009,106,52,139.7009197459893,-102.24387387151684,21.869536208462346
3010,106,53,112.90594956903402,-102.24358383500409,21.869531353458765
3011,106,54,86.11097939207875,-102.24329379857218,21.86952649794571
3012,106,55,59.31600921512347,-102.24300376222114,21.86952164192318
3013,106,56,32.5210390381682,-102.24271372595095,21.869516785391177
3014,106,57,5.726068861212922,-102.24242368976164,21.869511928349713
3015,106,58,0.0,-102.24213365365323,21.869507070798782
3016,106,59,15.513765819880096,-102.24184361762568,21.86950221273838
3017,106,60,43.28442606413272,-102.24155358167904,21.869497354168505
3018,106,61,71.05508630838533,-102.24126354581333,21.869492495089165
3019,106,62,98.82574655263795,-102.24097351002852,21.86948763550036
3020,106,63,126.59640679689058,-102.24068347432464,21.86948277540209
3021,106,64,154.36706704114317,-102.2403934387017,21.869477914794356
3022,106,65,182.13772728539584,-102.24010340315968,21.869473053677158
3023,106,66,209.90838752964848,-102.23981336769863,21.869468192050494
3024,106,67,237.6790477739011,-102.23952333231854,21.869463329914367
3025,106,68,265.44970801815373,-102.23923329701941,21.869458467268775
3026,106,69,293.2203682624063,-102.23894326180125,21.869453604113723
3027,106,70,320.99102850665895,-102.2386532266641,21.869448740449208
3028,106,71,348.76168875091156,-102.23836319160793,21.869443876275234
3029,107,44,343.67188702892645,-102.2461889698256,21.869845756912465
3030,107,45,315.4614642637633,-102.24589893212071,21.869840905918572
3031,107,46,287.6134644568158,-102.24560889449661,21.869836054415202
3032,107,47,260.244259184072,-102.24531885695329,21.869831202402352
3033,107,48,233.38896687878892,-102.24502881949077,21.869826349880015
3034,107,49,206.59399670183365,-102.24473878210908,21.8698214968482
3035,107,50,179.79902652487834,-102.24444874480818,21.8698166433069
3036,107,51,153.00405634792307,-102.24415870758811,21.869811789256126
3037,107,52,126.20908617096781,-102.24386867044888,21.869806934695866
3038,107,53,99.41411599401253,-102.2435786333905,21.869802079626133
3039,107,54,72.61914581705724,-102.24328859641294,21.86979722404692
3040,107,55,45.824175640101984,-102.24299855951627,21.869792367958226
3041,107,56,19.0292054631467,-102.24270852270044,21.869787511360062
3042,107,57,0.0,-102.2424184859655,21.86978265425242
3043,107,58,0.0,-102.24212844931145,21.8697777966353
3044,107,59,26.855245514027224,-102.24183841273829,21.869772938508707
3045,107,60,54.6290219190202,-102.24154837624602,21.86976807987264
3046,107,61,82.40279832401318,-102.24125833983466,21.8697632207271
3047,107,62,110.17433367167118,-102.24096830350423,21.86975836107208
3048,107,63,137.94499391592382,-102.24067826725472,21.869753500907596
3049,107,64,165.71565416017643,-102.24038823108613,21.869748640233635
3050,107,65,193.48631440442907,-102.24009819499851,21.869743779050207
3051,107,66,221.2569746486817,-102.23980815899182,21.869738917357303
3052,107,67,249.02763489293432,-102.2395181230661,21.86973405515493
3053,107,68,276.7982951371869,-102.23922808722136,21.869729192443085
3054,107,69,304.5689553814396,-102.23893805145758,21.869724329221768
3055,107,70,332.3396156256922,-102.23864801577479,21.86971946549099
3056,108,44,335.09687004069036,-102.24618377304198,21.870116483664855
3057,108,45,306.09717707368975,-102.24589373479145,21.87011163260487
3058,108,46,277.3103880381984,-102.2456036966217,21.8701067810354
3059,108,47,248.81041138849199,-102.24531365853272,21.870101928956437
3060,108,48,220.70838297791283,-102.24502362052456,21.870097076367987
3061,108,49,193.17805211291338,-102.2447335825972,21.870092223270053
3062,108,50,166.3071929498569,-102.24444354475067,21.87008736966263
3063,108,51,139.5122227729016,-102.24415350698496,21.870082515545718
3064,108,52,112.71725259594632,-102.24386346930008,21.870077660919318
3065,108,53,85.92228241899105,-102.24357343169605,21.870072805783437
3066,108,54,59.12731224203577,-102.24328339417285,21.870067950138065
3067,108,55,32.33234206508049,-102.24299335673054,21.870063093983216
3068,108,56,5.537371888125211,-102.24270331936907,21.870058237318876
3069,108,57,0.0,-102.24241328208848,21.870053380145055
3070,108,58,10.422427807727033,-102.24212324488879,21.870048522461758
3071,108,59,38.196204212720005,-102.24183320776999,21.870043664268973
3072,108,60,65.96998061771299,-102.24154317073209,21.870038805566704
3073,108,61,93.74375702270595,-102.24125313377509,21.87003394635496
3074,108,62,121.51753342769894,-102.24096309689901,21.870029086633732
3075,108,63,149.2913098326919,-102.24067306010386,21.87002422640303
3076,108,64,177.06424127920968,-102.24038302338965,21.870019365662845
3077,108,65,204.8349015234623,-102.24009298675638,21.87001450441318
3078,108,66,232.60556176771493,-102.23980295020407,21.870009642654036
3079,108,67,260.37622201196757,-102.23951291373271,21.870004780385422
3080,108,68,288.1468822562202,-102.23922287734233,21.86999991760732
3081,108,69,315.9175425004728,-102.2389328410329,21.869995054319748
3082,108,70,343.6882027447254,-102.23864280480448,21.869990190522703
3083,109,44,329.04324744341966,-102.24617857617758,21.870387210407188
3084,109,45,299.45789051138047,-102.24588853738139,21.87038235928111
3085,109,46,269.9640674070169,-102.24559849866597,21.87037750764554
3086,109,47,240.5954429999762,-102.24530846003135,21.87037265550047
3087,109,48,211.40420216677157,-102.24501842147754,21.870367802845905
3088,109,49,182.47549477993928,-102.24472838300453,21.870362949681844
3089,109,50,153.95738272846182,-102.24443834461233,21.870358096008296
3090,109,51,126.12868507208228,-102.24414830630097,21.87035324182525
3091,109,52,99.22541902092483,-102.24385826807043,21.87034838713271
3092,109,53,72.43044884396956,-102.24356822992074,21.870343531930676
3093,109,54,45.63547866701427,-102.24327819185191,21.870338676219152
3094,109,55,18.840508490058994,-102.24298815386392,21.870333819998134
3095,109,56,0.0,-102.24269811595681,21.870328963267628
3096,109,57,0.0,-102.24240807813058,21.870324106027635
3097,109,58,21.76338650641981,-102.24211804038524,21.870319248278143
3098,109,59,49.537162911412786,-102.24182800272078,21.87031439001917
3099,109,60,77.31093931640575,-102.24153796513723,21.870309531250708
3100,109,61,105.08471572139874,-102.24124792763459,21.870304671972754
3101,109,62,132.8584921263917,-102.24095789021285,21.87029981218532
3102,109,63,160.63226853138468,-102.24066785287206,21.870294951888393
3103,109,64,188.40604493637767,-102.2403778156122,21.870290091081984
3104,109,65,216.17982134137063,-102.24008777843329,21.87028522976609
3105,109,66,243.95359774636358,-102.23979774133534,21.870280367940705
3106,109,67,271.72480913100077,-102.23950770431834,21.87027550560584
3107,109,68,299.4954693752534,-102.2392176673823,21.87027064276149
3108,109,69,327.266129619506,-102.23892763052726,21.870265779407656
3109,110,44,325.6516621562919,-102.24617337923242,21.87065793713945
3110,110,45,295.7271961902897,-102.24588333989054,21.87065308594728
3111,110,46,265.8197586109515,-102.24559330062947,21.870648234245607
3112,110,47,235.93582510801315,-102.24530326144918,21.87064338203443
3113,110,48,206.08562072792316,-102.2450132223497,21.870638529313748
3114,110,49,176.28628015880255,-102.24472318333103,21.87063367608357
3115,110,50,146.56883049830972,-102.24443314439317,21.87062882234389
3116,110,51,116.99569041232536,-102.24414310553612,21.870623968094705
3117,110,52,87.71294702876601,-102.24385306675994,21.870619113336023
3118,110,53,59.15344941662777,-102.2435630280646,21.870614258067842
3119,110,54,32.14364509199278,-102.24327298945009,21.87060940229016
3120,110,55,5.348674915037499,-102.24298295091644,21.870604546002983
3121,110,56,0.0,-102.24269291246368,21.870599689206305
3122,110,57,3.954712614071361,-102.2424028740918,21.87059483190013
3123,110,58,32.385143177606025,-102.24211283580078,21.87058997408446
3124,110,59,60.81557374114069,-102.24182279759069,21.870585115759294
3125,110,60,88.65189801509854,-102.24153275946146,21.870580256924633
3126,110,61,116.42567442009151,-102.24124272141317,21.87057539758048
3127,110,62,144.19945082508448,-102.24095268344578,21.870570537726827
3128,110,63,171.97322723007747,-102.24066264555934,21.870565677363686
3129,110,64,199.74700363507043,-102.24037260775383,21.87056081649105
3130,110,65,227.5207800400634,-102.24008257002926,21.870555955108923
3131,110,66,255.2945564450564,-102.23979253238565,21.870551093217298
3132,110,67,283.06833285004933,-102.23950249482299,21.87054623081619
3133,110,68,310.8421092550424,-102.23921245734131,21.870541367905584
3134,110,69,338.61471673853924,-102.23892241994061,21.870536504485493
3135,111,44,323.89252179576783,-102.24616818220646,21.87092866386165
3136,111,45,293.9432927986819,-102.24587814231893,21.870923812603383
3137,111,46,263.994063801596,-102.24558810251217,21.870918960835606
3138,111,47,234.04483480451003,-102.2452980627862,21.87091410855832
3139,111,48,204.0956058074241,-102.24500802314105,21.870909255771533
3140,111,49,174.1463768103382,-102.2447179835767,21.870904402475226
3141,111,50,144.19714781325231,-102.24442794409318,21.870899548669417
3142,111,51,114.24791881616638,-102.24413790469048,21.870894694354106
3143,111,52,84.29868981908045,-102.24384786536861,21.870889839529276
3144,111,53,54.349460821994526,-102.24355782612759,21.870884984194944
3145,111,54,24.4002318249086,-102.24326778696742,21.87088012835111
3146,111,55,0.0,-102.24297774788812,21.870875271997768
3147,111,56,0.0,-102.24268770888968,21.870870415134917
3148,111,57,13.531278698636019,-102.24239766997212,21.870865557762567
3149,111,58,41.96170926217068,-102.24210763113544,21.87086069988071
3150,111,59,70.39213982570536,-102.24181759237968,21.870855841489355
3151,111,60,98.82257038924001,-102.2415275537048,21.8708509825885
3152,111,61,127.25300095277467,-102.24123751511083,21.870846123178133
3153,111,62,155.54040952377727,-102.2409474765978,21.870841263258274
3154,111,63,183.31418592877023,-102.24065743816567,21.87083640282891
3155,111,64,211.08796233376322,-102.2403673998145,21.87083154189005
3156,111,65,238.86173873875623,-102.24007736154428,21.870826680441688
3157,111,66,266.63551514374916,-102.239787323355,21.87082181848383
3158,111,67,294.40929154874215,-102.23949728524669,21.87081695601647
3159,111,68,322.1830679537352,-102.23920724721934,21.870812093039614
3160,112,44,322.147906514364,-102.24616298509974,21.871199390573786
3161,112,45,292.1986775172781,-102.24587294466652,21.871194539249423
3162,112,46,262.24944852019223,-102.24558290431409,21.871189687415548
3163,112,47,232.3002195231063,-102.24529286404244,21.87118483507216
3164,112,48,202.35099052602035,-102.24500282385159,21.871179982219246
3165,112,49,172.40176152893446,-102.24471278374156,21.87117512885682
3166,112,50,142.45253253184853,-102.24442274371236,21.871170274984888
3167,112,51,112.50330353476261,-102.24413270376397,21.871165420603425
3168,112,52,82.55407453767668,-102.24384266389643,21.871160565712465
3169,112,53,52.604845540590766,-102.24355262410974,21.87115571031198
3170,112,54,22.655616543504834,-102.24326258440388,21.871150854401986
3171,112,55,0.0,-102.24297254477891,21.871145997982477
3172,112,56,0.0,-102.24268250523478,21.87114114105346
3173,112,57,23.107844783200676,-102.24239246577156,21.871136283614934
3174,112,58,51.53827534673533,-102.2421024263892,21.871131425666892
3175,112,59,79.96870591027,-102.24181238708776,21.87112656720935
3176,112,60,108.39913647380467,-102.2415223478672,21.87112170824229
3177,112,61,136.82956703733933,-102.24123230872758,21.871116848765723
3178,112,62,165.259997600874,-102.24094226966886,21.87111198877965
3179,112,63,193.69042816440864,-102.24065223069107,21.871107128284066
3180,112,64,222.12085872794333,-102.24036219179422,21.871102267278978
3181,112,65,250.20269743744896,-102.24007215297833,21.871097405764388
3182,112,66,277.9764738424419,-102.23978211424338,21.871092543740282
3183,112,67,305.75025024743496,-102.2394920755894,21.871087681206674
3184,112,68,333.52402665242795,-102.2392020370164,21.87108281816357
3185,113,46,260.5048332387884,-102.24557770603519,21.871460413985425
3186,113,47,230.55560424170253,-102.24528766521786,21.871455561575925
3187,113,48,200.60637524461657,-102.24499762448133,21.8714507086569
3188,113,49,170.6571462475307,-102.2447075838256,21.871445855228355
3189,113,50,140.70791725044475,-102.2444175432507,21.87144100129028
3190,113,51,110.75868825335884,-102.24412750275665,21.87143614684269
3191,113,52,80.80945925627293,-102.24383746234341,21.871431291885578
3192,113,53,50.860230259187006,-102.24354742201103,21.87142643641895
3193,113,54,20.911001262101074,-102.24325738175949,21.8714215804428
3194,113,55,0.0,-102.24296734158882,21.871416723957125
3195,113,56,0.0,-102.24267730149901,21.871411866961942
3196,113,57,25.652312887409465,-102.24238726149011,21.871407009457233
3197,113,58,55.6031419805137,-102.24209722156206,21.87140215144301
3198,113,59,85.55397107361793,-102.24180718171493,21.87139729291927
3199,113,60,115.50480016672216,-102.2415171419487,21.871392433886015
3200,113,61,145.4556292598264,-102.2412271022634,21.87138757434324
3201,113,62,174.83656368543865,-102.24093706265899,21.871382714290952
3202,113,63,203.26699424897328,-102.24064702313554,21.871377853729154
3203,113,64,231.69742481250793,-102.240356983693,21.87137299265784
3204,113,65,260.12785537604265,-102.24006694433143,21.87136813107701
3205,113,66,288.5582859395773,-102.2397769050508,21.87136326898667
3206,113,67,316.98871650311196,-102.23948686585115,21.87135840638682
3207,113,68,344.8649853511207,-102.23919682673245,21.871353543277454
3208,114,48,199.08257614671902,-102.24499242503025,21.87172143508448
3209,114,49,169.11669401219788,-102.24470238382884,21.871716581589812
3210,114,50,139.15081187767677,-102.24441234270823,21.871711727585616
3211,114,51,109.18492974315568,-102.24412230166848,21.871706873071886
3212,114,52,79.21904760863458,-102.24383226070955,21.871702018048634
3213,114,53,49.253165474113466,-102.24354221983147,21.871697162515854
3214,114,54,19.287283339592378,-102.24325217903423,21.87169230647354
3215,114,55,0.0,-102.24296213831786,21.871687449921712
3216,114,56,0.0,-102.24267209768237,21.871682592860353
3217,114,57,27.369239395930197,-102.24238205712777,21.871677735289467
3218,114,58,57.32006848903443,-102.24209201665404,21.87167287720906
3219,114,59,87.27089758213867,-102.24180197626121,21.871668018619122
3220,114,60,117.2217266752429,-102.24151193594929,21.87166315951967
3221,114,61,147.17255576834714,-102.24122189571828,21.871658299910692
3222,114,62,177.12338486145137,-102.24093185556819,21.87165343979219
3223,114,63,207.0742139545556,-102.24064181549905,21.871648579164166
3224,114,64,237.02504304765984,-102.24035177551083,21.87164371802663
3225,114,65,266.97587214076407,-102.24006173560358,21.871638856379565
3226,114,66,296.9267012338683,-102.23977169577726,21.87163399422299
3227,114,67,326.5652825876766,-102.23948165603191,21.87162913155688
3228,115,56,0.0,-102.24266689378486,21.871953318748695
3229,115,57,29.086165904450933,-102.24237685268454,21.87194846111163
3230,115,58,59.03699499755517,-102.24208681166512,21.87194360296504
3231,115,59,88.9878240906594,-102.2417967707266,21.871938744308913
3232,115,60,118.93865318376363,-102.24150672986897,21.87193388514326
3233,115,61,148.88948227686785,-102.24121668909225,21.871929025468077
3234,115,62,178.84031136997208,-102.24092664839648,21.871924165283364
3235,115,63,208.79114046307632,-102.24063660778162,21.871919304589124
3236,115,64,238.74196955618055,-102.24034656724773,21.87191444338535
3237,115,65,268.6927986492848,-102.24005652679476,21.871909581672057
3238,115,66,298.643627742389,-102.23976648642275,21.871904719449237
3239,115,67,328.59445683549325,-102.23947644613172,21.871899856716887
3240,116,64,240.45889606470132,-102.24034135890366,21.872185168734003
3241,116,65,270.4097251578055,-102.24005131790499,21.872180306954473
3242,116,66,300.36055425090973,-102.23976127698728,21.87217544466541
3243,116,67,330.311383344014,-102.23947123615055,21.872170581866815
3244,117,67,332.0252536078895,-102.2394660260884,21.87244130700667
3245,121,43,338.89952023513683,-102.2464062529297,21.87364078193971
3246,121,44,308.9336381006157,-102.24611620750416,21.87363593053007
3247,121,45,278.9677559660946,-102.2458261621594,21.873631078610853
3248,121,46,249.0018738315735,-102.24553611689544,21.87362622618205
3249,122,43,337.4691678659671,-102.24640105556095,21.873911508617283
3250,122,44,307.50328573144606,-102.24611100958963,21.873906657141553
3251,122,45,277.53740359692495,-102.24582096369912,21.873901805156237
3252,122,46,247.57152146240384,-102.24553091788938,21.873896952661333
3253,122,47,217.60563932788273,-102.24524087216044,21.873892099656842
3254,122,48,187.63975719336165,-102.24495082651232,21.87388724614277
3255,122,49,157.67387505884054,-102.24466078094501,21.873882392119114
3256,122,50,127.70799292431941,-102.24437073545852,21.87387753758587
3257,122,51,97.74211078979833,-102.24408069005288,21.87387268254304
3258,123,43,336.0388154967975,-102.24639585811141,21.87418223528479
3259,123,44,306.0729333622764,-102.24610581159432,21.874177383742968
3260,123,45,276.1070512277553,-102.24581576515801,21.874172531691553
3261,123,46,246.1411690932342,-102.24552571880251,21.874167679130547
3262,123,47,216.17528695871306,-102.2452356725278,21.874162826059948
3263,123,48,186.20940482419198,-102.2449456263339,21.874157972479757
3264,123,49,156.24352268967084,-102.24465558022082,21.874153118389977
3265,123,50,126.27764055514976,-102.24436553418856,21.874148263790598
3266,123,51,96.31175842062865,-102.24407548823713,21.874143408681633
3267,123,52,66.34587628610754,-102.24378544236656,21.874138553063077
3268,123,53,36.379994151586445,-102.24349539657685,21.874133696934933
3269,123,54,6.414112017065349,-102.24320535086798,21.874128840297196
3270,124,43,334.60846312762783,-102.24639066058111,21.874452961942232
3271,124,44,304.6425809931067,-102.24610061351824,21.874448110334317
3272,124,45,274.6766988585856,-102.24581056653614,21.874443258216807
3273,124,46,244.7108167240645,-102.24552051963484,21.874438405589697
3274,124,47,214.74493458954342,-102.24523047281434,21.874433552452988
3275,124,48,184.77905245502228,-102.24494042607466,21.87442869880667
3276,124,49,154.81317032050117,-102.2446503794158,21.874423844650767
3277,124,50,124.84728818598008,-102.24436033283776,21.874418989985255
3278,124,51,94.881406051459,-102.24407028634056,21.874414134810156
3279,124,52,64.91552391693787,-102.2437802399242,21.874409279125455
3280,124,53,34.949641782416776,-102.2434901935887,21.874404422931157
3281,124,54,4.98375964789568,-102.24320014733406,21.87439956622726
3282,125,43,333.1783829377796,-102.24638546297003,21.874723688589597
3283,125,44,303.21222862393705,-102.24609541536135,21.874718836915598
3284,125,45,273.24634648941594,-102.24580536783347,21.874713984731994
3285,125,46,243.28046435489483,-102.24551532038637,21.87470913203878
3286,125,47,213.31458222037375,-102.24522527302008,21.874704278835956
3287,125,48,183.3487000858526,-102.24493522573461,21.87469942512353
3288,125,49,153.3828179513315,-102.24464517852995,21.874694570901493
3289,125,50,123.41693581681042,-102.24435513140612,21.874689716169854
3290,125,51,93.45105368228931,-102.24406508436314,21.874684860928614
3291,125,52,63.4851715477682,-102.243775037401,21.874680005177762
3292,125,53,33.5192894132471,-102.2434849905197,21.874675148917312
3293,125,54,3.5534072787260107,-102.24319494371927,21.874670292147258
3294,125,55,0.0,-102.2429048969997,21.8746654348676
3295,126,43,333.1369598567375,-102.24638026527816,21.874994415226904
3296,126,44,303.168375214054,-102.24609021712368,21.874989563486817
3297,126,45,273.20668629678386,-102.24580016904999,21.874984711237108
3298,126,46,243.25444116112072,-102.2455101210571,21.874979858477793
3299,126,47,213.31203500778557,-102.24522007314502,21.87497500520886
3300,126,48,183.37045765329904,-102.24493002531374,21.874970151430315
3301,126,49,153.42888029881254,-102.24463997756328,21.874965297142158
3302,126,50,123.48730294432606,-102.24434992989366,21.87496044234439
3303,126,51,93.54572558983959,-102.24405988230485,21.874955587037
3304,126,52,63.6041482353531,-102.24376983479692,21.874950731220007
3305,126,53,33.662570880866625,-102.24347978736982,21.8749458748934
3306,126,54,3.720993526380138,-102.24318974002361,21.874941018057182
3307,126,55,0.0,-102.24289969275826,21.874936160711364
3308,127,43,334.9496930103897,-102.24637506750551,21.87526514185415
3309,127,44,305.00811565590317,-102.24608501880522,21.875260290047965
3310,127,45,275.0665383014167,-102.24579497018573,21.875255437732168
3311,127,46,245.12496094693023,-102.24550492164703,21.875250584906745
3312,127,47,215.18338359244373,-102.24521487318913,21.875245731571695
3313,127,48,185.2418062379572,-102.24492482481205,21.875240877727034
3314,127,49,155.30022888347074,-102.24463477651578,21.875236023372747
3315,127,50,125.35865152898425,-102.24434472830033,21.875231168508847
3316,127,51,95.41707417449778,-102.24405468016575,21.875226313135318
3317,127,52,65.47549682001129,-102.243764632112,21.87522145725218
3318,127,53,35.53391946552481,-102.24347458413911,21.875216600859417
3319,127,54,5.592342111038332,-102.24318453624707,21.87521174395705
3320,127,55,0.0,-102.24289448843592,21.875206886545055
3321,127,56,9.416756668489338,-102.24260444070563,21.875202028623452
3322,128,43,336.82104159504786,-102.24636986965209,21.875535868471328
3323,128,44,306.8794642405614,-102.24607982040598,21.875531016599055
3324,128,45,276.9378868860749,-102.24578977124067,21.875526164217153
3325,128,46,246.99630953158842,-102.24549972215614,21.875521311325624
3326,128,47,217.05473217710193,-102.24520967315243,21.875516457924466
3327,128,48,187.1131548226154,-102.24491962422952,21.875511604013685
3328,128,49,157.1715774681289,-102.24462957538744,21.875506749593274
3329,128,50,127.23000011364243,-102.24433952662619,21.875501894663238
3330,128,51,97.28842275915596,-102.24404947794578,21.875497039223575
3331,128,52,67.3468454046695,-102.24375942934621,21.875492183274286
3332,128,53,37.405268050183004,-102.2434693808275,21.875487326815374
3333,128,54,7.463690695696522,-102.24317933238967,21.87548246984684
3334,128,55,0.0,-102.2428892840327,21.875477612368677
3335,128,56,8.2995198059236,-102.2425992357566,21.875472754380898
3336,128,57,38.27870895094425,-102.2423091875614,21.875467895883496
3337,129,43,338.6923901797061,-102.24636467171788,21.875806595078437
3338,129,44,308.75081282521955,-102.24607462192596,21.87580174314007
3339,129,45,278.8092354707331,-102.24578457221482,21.875796890692072
3340,129,46,248.8676581162466,-102.24549452258445,21.875792037734435
3341,129,47,218.92608076176015,-102.2452044730349,21.875787184267168
3342,129,48,188.9845034072736,-102.24491442356619,21.875782330290267
3343,129,49,159.04292605278712,-102.24462437417829,21.87577747580373
3344,129,50,129.10134869830063,-102.2443343248712,21.875772620807552
3345,129,51,99.15977134381416,-102.24404427564497,21.875767765301752
3346,129,52,69.21819398932769,-102.24375422649959,21.87576290928632
3347,129,53,39.2766166348412,-102.24346417743504,21.875758052761256
3348,129,54,9.335039280354716,-102.24317412845139,21.875753195726556
3349,129,55,0.0,-102.24288407954859,21.875748338182234
3350,129,56,6.908335577282949,-102.24259403072668,21.875743480128275
3351,129,57,36.85989489141656,-102.24230398198566,21.87573862156469
3352,129,58,66.81145420555019,-102.24201393332555,21.87573376249148
3353,130,43,340.5637387643643,-102.2463594737029,21.87607732167547
3354,130,44,310.6221614098778,-102.24606942336514,21.876072469671016
3355,130,45,280.6805840553913,-102.24577937310815,21.87606761715692
3356,130,46,250.7390067009048,-102.24548932293197,21.876062764133177
3357,130,47,220.7974293464183,-102.24519927283659,21.876057910599798
3358,130,48,190.8558519919318,-102.24490922282203,21.876053056556774
3359,130,49,160.91427463744532,-102.24461917288828,21.87604820200411
3360,130,50,130.97269728295885,-102.24432912303537,21.87604334694181
3361,130,51,101.03111992847236,-102.24403907326331,21.876038491369865
3362,130,52,71.08954257398587,-102.2437490235721,21.876033635288284
3363,130,53,41.14796521949939,-102.24345897396174,21.876028778697062
3364,130,54,11.206387865012909,-102.24316892443224,21.876023921596204
3365,130,55,0.0,-102.24287887498362,21.876019063985712
3366,130,56,5.204195133558887,-102.24258882561587,21.87601420586558
3367,130,57,35.1557544476925,-102.24229877632902,21.87600934723581
3368,130,58,65.10731376182612,-102.24200872712306,21.876004488096413
3369,130,59,95.05887307595974,-102.24171867799804,21.875999628447374
3370,131,43,342.4350873490224,-102.24635427560715,21.87634804826245
3371,131,44,312.493509994536,-102.24606422472353,21.8763431961919
3372,131,45,282.5519326400495,-102.24577417392071,21.876338343611707
3373,131,46,252.610355285563,-102.24548412319866,21.876333490521862
3374,131,47,222.6687779310765,-102.24519407255745,21.876328636922363
3375,131,48,192.72720057658998,-102.24490402199704,21.876323782813227
3376,131,49,162.78562322210348,-102.24461397151747,21.876318928194433
3377,131,50,132.844045867617,-102.2443239211187,21.87631407306599
3378,131,51,102.90246851313054,-102.2440338708008,21.87630921742791
3379,131,52,72.96089115864406,-102.24374382056374,21.876304361280184
3380,131,53,43.01931380415758,-102.24345377040753,21.876299504622807
3381,131,54,13.0777364496711,-102.2431637203322,21.87629464745579
3382,131,55,0.0,-102.24287367033774,21.876289789779122
3383,131,56,3.5000546898348266,-102.24258362042417,21.876284931592824
3384,131,57,33.451614003968444,-102.24229357059149,21.876280072896865
3385,131,58,63.403173318102056,-102.2420035208397,21.876275213691283
3386,131,59,93.35473263223568,-102.24171347116882,21.876270353976047
3387,131,60,123.3062919463693,-102.24142342157886,21.876265493751173
3388,131,61,153.2578512605029,-102.24113337206984,21.87626063301666
3389,132,43,344.30643593368063,-102.2463490774306,21.87661877483936
3390,132,44,314.3648585791941,-102.24605902600112,21.87661392270272
3391,132,45,284.4232812247077,-102.24576897465245,21.876609070056425
3392,132,46,254.48170387022117,-102.24547892338455,21.87660421690047
3393,132,47,224.54012651573473,-102.24518887219749,21.876599363234863
3394,132,48,194.59854916124817,-102.24489882109124,21.876594509059597
3395,132,49,164.6569718067617,-102.2446087700658,21.876589654374683
3396,132,50,134.7153944522752,-102.2443187191212,21.87658479918011
3397,132,51,104.77381709778872,-102.24402866825744,21.87657994347589
3398,132,52,74.83223974330227,-102.24373861747453,21.87657508726201
3399,132,53,44.89066238881578,-102.24344856677249,21.876570230538483
3400,132,54,14.949085034329293,-102.2431585161513,21.8765653733053
3401,132,55,0.0,-102.242868465611,21.876560515562474
3402,132,56,1.7959142461107656,-102.24257841515157,21.876555657309986
3403,132,57,31.747473560244384,-102.24228836477305,21.87655079854786
3404,132,58,61.69903287437799,-102.24199831447541,21.876545939276077
3405,132,59,91.65059218851162,-102.2417082642587,21.876541079494647
3406,132,60,121.60215150264523,-102.24141821412289,21.876536219203572
3407,132,61,151.55371081677882,-102.24112816406802,21.876531358402847
3408,132,62,181.50527013091244,-102.24083811409409,21.876526497092478
3409,133,44,316.2362071638523,-102.24605382719794,21.876884649203472
3410,133,45,286.29462980936586,-102.2457637753034,21.876879796491078
3411,133,46,256.3530524548794,-102.24547372348965,21.87687494326902
3412,133,47,226.4114751003929,-102.24518367175672,21.876870089537295
3413,133,48,196.46989774590637,-102.2448936201046,21.87686523529591
3414,133,49,166.5283203914199,-102.24460356853331,21.87686038054487
3415,133,50,136.5867430369334,-102.24431351704284,21.876855525284164
3416,133,51,106.64516568244693,-102.24402346563323,21.8768506695138
3417,133,52,76.70358832796045,-102.24373341430446,21.876845813233775
3418,133,53,46.76201097347397,-102.24344336305657,21.876840956444088
3419,133,54,16.820433618987487,-102.24315331188953,21.876836099144747
3420,133,55,0.0,-102.24286326080336,21.876831241335747
3421,133,56,0.09177380238670461,-102.24257320979808,21.87682638301709
3422,133,57,30.04333311652032,-102.2422831588737,21.876821524188774
3423,133,58,59.994892430653934,-102.24199310803021,21.876816664850807
3424,133,59,89.94645174478755,-102.24170305726764,21.876811805003182
3425,133,60,119.89801105892117,-102.241413006586,21.8768069446459
3426,133,61,149.84957037305475,-102.24112295598528,21.876802083778962
3427,133,62,179.80112968718836,-102.24083290546548,21.876797222402377
3428,133,63,209.75268900132198,-102.24054285502665,21.876792360516138
3429,134,44,318.10755574851055,-102.24604862831396,21.877155375694155
3430,134,45,288.1659783940241,-102.24575857587354,21.87715052291566
3431,134,46,258.22440103953755,-102.24546852351392,21.87714566962749
3432,134,47,228.28282368505108,-102.24517847123512,21.877140815829655
3433,134,48,198.34124633056456,-102.24488841903714,21.877135961522153
3434,134,49,168.39966897607806,-102.24459836691999,21.87713110670498
3435,134,50,138.4580916215916,-102.24430831488365,21.877126251378147
3436,134,51,108.51651426710512,-102.24401826292817,21.877121395541636
3437,134,52,78.57493691261865,-102.24372821105354,21.877116539195463
3438,134,53,48.633359558132156,-102.24343815925977,21.877111682339628
3439,134,54,18.69178220364568,-102.24314810754687,21.87710682497412
3440,134,55,0.0,-102.24285805591484,21.87710196709895
3441,134,56,0.0,-102.2425680043637,21.877097108714118
3442,134,57,28.339192672796255,-102.24227795289346,21.877092249819622
3443,134,58,58.29075198692987,-102.24198790150412,21.87708739041546
3444,134,59,88.2423113010635,-102.24169785019568,21.877082530501642
3445,134,60,118.19387061519711,-102.24140779896818,21.877077670078158
3446,134,61,148.1454299293307,-102.24111774782159,21.877072809145012
3447,134,62,178.09698924346432,-102.24082769675593,21.877067947702205
3448,134,63,208.0485485575979,-102.24053764577124,21.87706308574974
3449,134,64,238.00010787173153,-102.24024759486748,21.877058223287612
3450,134,65,267.9516671858652,-102.2399575440447,21.87705336031583
3451,135,44,319.9789043331687,-102.24604342934919,21.87742610217477
3452,135,45,290.03732697868224,-102.24575337636288,21.877421249330176
3453,135,46,260.0957496241958,-102.2454633234574,21.877416395975906
3454,135,47,230.1541722697093,-102.24517327063272,21.877411542111954
3455,135,48,200.21259491522275,-102.24488321788886,21.87740668773833
3456,135,49,170.27101756073628,-102.24459316522582,21.877401832855032
3457,135,50,140.32944020624979,-102.2443031126436,21.877396977462052
3458,135,51,110.3878628517633,-102.24401306014225,21.877392121559406
3459,135,52,80.44628549727683,-102.24372300772175,21.877387265147085
3460,135,53,50.504708142790356,-102.2434329553821,21.877382408225092
3461,135,54,20.563130788303873,-102.24314290312334,21.877377550793423
3462,135,55,0.0,-102.24285285094544,21.877372692852084
3463,135,56,0.0,-102.24256279884844,21.87736783440108
3464,135,57,26.635052229072198,-102.24227274683231,21.8773629754404
3465,135,58,56.58661154320581,-102.2419826948971,21.877358115970047
3466,135,59,86.53817085733942,-102.2416926430428,21.877353255990027
3467,135,60,116.48973017147304,-102.24140259126942,21.87734839550034
3468,135,61,146.44128948560663,-102.24111253957696,21.877343534500984
3469,135,62,176.39284879974025,-102.24082248796545,21.877338672991964
3470,135,63,206.34440811387387,-102.24053243643488,21.877333810973266
3471,135,64,236.2959674280075,-102.24024238498527,21.877328948444912
3472,135,65,266.24752674214113,-102.23995233361661,21.877324085406894
3473,135,66,296.1990860562747,-102.23966228232894,21.877319221859203
3474,136,44,320.19096381600474,-102.24603823030361,21.877696828645316
3475,136,45,290.3730898296006,-102.24574817677143,21.87769197573462
3476,136,46,260.55521584319655,-102.24545812332006,21.877687122314242
3477,136,47,230.73734185679248,-102.24516806994949,21.87768226838418
3478,136,48,200.9194678703884,-102.24487801665975,21.877677413944433
3479,136,49,171.10159388398432,-102.24458796345083,21.877672558995005
3480,136,50,141.28371989758023,-102.24429791032273,21.877667703535895
3481,136,51,111.46584591117616,-102.24400785727549,21.87766284756711
3482,136,52,81.64797192477208,-102.24371780430911,21.877657991088636
3483,136,53,51.830097938368,-102.2434277514236,21.87765313410049
3484,136,54,22.01222395196392,-102.24313769861892,21.87764827660266
3485,136,55,0.0,-102.24284764589515,21.877643418595152
3486,136,56,0.0,-102.24255759325226,21.87763856007797
3487,136,57,24.930911785348133,-102.24226754069028,21.877633701051103
3488,136,58,54.88247109948175,-102.24197748820917,21.87762884151456
3489,136,59,84.83403041361535,-102.241687435809,21.877623981468343
3490,136,60,114.78558972774897,-102.24139738348974,21.877619120912456
3491,136,61,144.7371490418826,-102.24110733125141,21.877614259846883
3492,136,62,174.68870835601618,-102.24081727909402,21.877609398271645
3493,136,63,204.6402676701498,-102.24052722701757,21.87760453618673
3494,136,64,234.59182698428341,-102.24023717502207,21.87759967359214
3495,136,65,264.54338629841703,-102.23994712310757,21.877594810487878
3496,136,66,294.4949456125507,-102.239657071274,21.877589946873943
3497,136,67,324.4465049266843,-102.23936701952142,21.877585082750336
3498,137,44,316.89029859048924,-102.24603303117726,21.877967555105794
3499,137,45,287.0724246040852,-102.24574297709918,21.877962702129004
3500,137,46,257.2545506176811,-102.24545292310191,21.87795784864252
3501,137,47,227.43667663127704,-102.24516286918545,21.877952994646336
3502,137,48,197.61880264487294,-102.24487281534981,21.877948140140475
3503,137,49,167.80092865846888,-102.244582761595,21.877943285124918
3504,137,50,137.98305467206478,-102.24429270792102,21.877938429599673
3505,137,51,108.1651806856607,-102.24400265432789,21.877933573564743
3506,137,52,78.34730669925662,-102.24371260081561,21.877928717020122
3507,137,53,48.529432712852554,-102.2434225473842,21.877923859965815
3508,137,54,18.711558726448477,-102.24313249403365,21.877919002401825
3509,137,55,0.0,-102.24284244076398,21.87791414432814
3510,137,56,0.0,-102.2425523875752,21.877909285744785
3511,137,57,24.30477609904585,-102.24226233446731,21.877904426651735
3512,137,58,54.14353038205856,-102.24197228144034,21.877899567049013
3513,137,59,83.99437424888232,-102.24168222849428,21.877894706936594
3514,137,60,113.91120015491168,-102.24139217562913,21.877889846314496
3515,137,61,143.86267109991874,-102.24110212284491,21.87788498518272
3516,137,62,173.83087974026492,-102.24081207014164,21.87788012354126
3517,137,63,203.8084428244951,-102.24052201751931,21.877875261390116
3518,137,64,233.79176200588535,-102.24023196497794,21.877870398729296
3519,137,65,263.7788744328999,-102.23994191251754,21.87786553555879
3520,137,66,293.768618494826,-102.2396518601381,21.87786067187861
3521,137,67,323.7602628915872,-102.23936180783964,21.877855807688753
3522,138,43,343.4075073513779,-102.24631788667487,21.878243134089413
3523,138,44,313.58963336497385,-102.2460278319701,21.87823828155621
3524,138,45,283.7717593785697,-102.24573777734612,21.878233428513315
3525,138,46,253.95388539216563,-102.24544772280295,21.878228574960723
3526,138,47,224.1360114057616,-102.24515766834058,21.878223720898433
3527,138,48,194.3181374193575,-102.24486761395903,21.878218866326442
3528,138,49,164.50026343295343,-102.24457755965832,21.87821401124476
3529,138,50,134.68238944654934,-102.24428750543844,21.878209155653373
3530,138,51,104.86451546014526,-102.24399745129942,21.8782042995523
3531,138,52,75.04664147374118,-102.24370739724124,21.878199442941536
3532,138,53,45.22876748733711,-102.24341734326393,21.87819458582107
3533,138,54,15.410893500933026,-102.24312728936748,21.878189728190918
3534,138,55,0.0,-102.24283723555192,21.878184870051072
3535,138,56,0.0,-102.24254718181723,21.878180011401536
3536,138,57,27.41101865847204,-102.24225712816346,21.878175152242303
3537,138,58,57.24977294148476,-102.24196707459059,21.878170292573376
3538,138,59,87.08852722449745,-102.24167702109862,21.878165432394763
3539,138,60,116.92728150751017,-102.24138696768759,21.878160571706466
3540,138,61,146.7660357905229,-102.24109691435748,21.878155710508477
3541,138,62,176.6047900735356,-102.24080686110833,21.878150848800797
3542,138,63,206.44354435654833,-102.2405168079401,21.87814598658343
3543,138,64,236.28229863956105,-102.24022675485283,21.878141123856373
3544,138,65,266.12105292257377,-102.23993670184653,21.878136260619637
3545,138,66,295.9598072055865,-102.23964664892121,21.878131396873208
3546,138,67,325.7985614885992,-102.23935659607686,21.8781265326171
3547,139,43,340.10684212586244,-102.24631268793284,21.878513860595852
3548,139,44,310.28896813945835,-102.24602263268216,21.87850900799656
3549,139,45,280.4710941530543,-102.24573257751227,21.878504154887562
3550,139,46,250.65322016665021,-102.24544252242318,21.878499301268857
3551,139,47,220.83534618024615,-102.2451524674149,21.878494447140458
3552,139,48,191.01747219384205,-102.24486241248744,21.878489592502348
3553,139,49,161.199598207438,-102.24457235764082,21.878484737354533
3554,139,50,131.38172422103386,-102.24428230287502,21.878479881697015
3555,139,51,101.5638502346298,-102.2439922481901,21.8784750255298
3556,139,52,71.74597624822573,-102.243702193586,21.878470168852886
3557,139,53,41.92810226182166,-102.24341213906277,21.878465311666265
3558,139,54,12.110228275417578,-102.24312208462042,21.878460453969947
3559,139,55,0.0,-102.24283203025897,21.87845559576393
3560,139,56,0.6785069348855283,-102.24254197597838,21.878450737048215
3561,139,57,30.517261217898238,-102.2422519217787,21.878445877822795
3562,139,58,60.35601550091094,-102.24196186765992,21.878441018087685
3563,139,59,90.19476978392366,-102.24167181362206,21.878436157842877
3564,139,60,120.03352406693637,-102.24138175966512,21.87843129708837
3565,139,61,149.87227834994908,-102.2410917057891,21.878426435824167
3566,139,62,179.7110326329618,-102.24080165199405,21.878421574050268
3567,139,63,209.5497869159745,-102.24051159827992,21.878416711766675
3568,139,64,239.38854119898724,-102.24022154464676,21.87841184897339
3569,139,65,269.227295482,-102.23993149109457,21.87840698567041
3570,139,66,299.0660497650127,-102.23964143762333,21.878402121857736
3571,139,67,328.9048040480254,-102.23935138423309,21.878397257535372
3572,140,43,336.806176900347,-102.24630748911001,21.878784587092227
3573,140,44,306.9883029139429,-102.2460174333134,21.878779734426836
3574,140,45,277.1704289275388,-102.24572737759759,21.878774881251736
3575,140,46,247.35255494113474,-102.24543732196258,21.878770027566926
3576,140,47,217.53468095473067,-102.24514726640838,21.878765173372408
3577,140,48,187.7168069683266,-102.24485721093502,21.878760318668178
3578,140,49,157.8989329819225,-102.24456715554247,21.87875546345423
3579,140,50,128.08105899551842,-102.24427710023078,21.878750607730584
3580,140,51,98.26318500911435,-102.2439870449999,21.878745751497224
3581,140,52,68.44531102271029,-102.24369698984991,21.878740894754156
3582,140,53,38.62743703630621,-102.24340693478077,21.87873603750138
3583,140,54,8.809563049902128,-102.2431168797925,21.878731179738896
3584,140,55,0.0,-102.24282682488511,21.87872632146671
3585,140,56,3.784749494311723,-102.24253677005862,21.878721462684815
3586,140,57,33.62350377732443,-102.24224671531303,21.87871660339321
3587,140,58,63.46225806033714,-102.24195666064834,21.87871174359191
3588,140,59,93.30101234334985,-102.24166660606457,21.878706883280906
3589,140,60,123.13976662636257,-102.24137655156171,21.878702022460192
3590,140,61,152.97852090937525,-102.2410864971398,21.878697161129775
3591,140,62,182.817275192388,-102.24079644279881,21.87869229928966
3592,140,63,212.6560294754007,-102.24050638853879,21.878687436939842
3593,140,64,242.49478375841346,-102.24021633435972,21.87868257408032
3594,140,65,272.3335380414262,-102.23992628026161,21.878677710711102
3595,140,66,302.1722923244389,-102.23963622624447,21.878672846832178
3596,140,67,332.0110466074516,-102.23934617230833,21.878667982443563
3597,141,43,333.5055116748315,-102.2463022902064,21.879055313578526
3598,141,44,303.68763768842746,-102.24601223386387,21.879050460847047
3599,141,45,273.8697637020234,-102.24572217760212,21.879045607605843
3600,141,46,244.05188971561927,-102.24543212142117,21.87904075385493
3601,141,47,214.23401572921523,-102.24514206532106,21.87903589959429
3602,141,48,184.41614174281116,-102.24485200930177,21.879031044823936
3603,141,49,154.59826775640707,-102.24456195336329,21.87902618954387
3604,141,50,124.78039377000297,-102.24427189750566,21.87902133375408
3605,141,51,94.9625197835989,-102.24398184172888,21.879016477454577
3606,141,52,65.14464579719484,-102.24369178603295,21.879011620645354
3607,141,53,35.32677181079076,-102.24340173041789,21.879006763326426
3608,141,54,5.50889782438668,-102.24311167488369,21.87900190549778
3609,141,55,0.0,-102.24282161943039,21.878997047159423
3610,141,56,6.890992053737918,-102.24253156405797,21.87899218831135
3611,141,57,36.72974633675062,-102.24224150876645,21.878987328953563
3612,141,58,66.56850061976334,-102.24195145355584,21.878982469086072
3613,141,59,96.40725490277605,-102.24166139842616,21.878977608708862
3614,141,60,126.24600918578876,-102.24137134337738,21.878972747821944
3615,141,61,156.08476346880147,-102.24108128840955,21.87896788642532
3616,141,62,185.9235177518142,-102.24079123352264,21.878963024518985
3617,141,63,215.76227203482688,-102.2405011787167,21.87895816210294
3618,141,64,245.60102631783968,-102.24021112399171,21.878953299177187
3619,141,65,275.4397806008524,-102.23992106934769,21.878948435741727
3620,141,66,305.27853488386506,-102.23963101478463,21.878943571796565
3621,141,67,335.1172891668778,-102.23934096030257,21.87893870734169
3622,142,43,330.2048464493161,-102.246297091222,21.879326040054757
3623,142,44,300.386972462912,-102.24600703433353,21.879321187257187
3624,142,45,270.5690984765079,-102.24571697752584,21.879316333949884
3625,142,46,240.75122449010385,-102.24542692079898,21.87931148013286
3626,142,47,210.93335050369978,-102.24513686415291,21.8793066258061
3627,142,48,181.11547651729572,-102.24484680758766,21.87930177096963
3628,142,49,151.29760253089162,-102.24455675110327,21.879296915623428
3629,142,50,121.47972854448753,-102.2442666946997,21.879292059767508
3630,142,51,91.66185455808345,-102.24397663837698,21.879287203401862
3631,142,52,61.843980571679374,-102.24368658213513,21.879282346526498
3632,142,53,32.026106585275315,-102.24339652597412,21.879277489141405
3633,142,54,2.2082325988712315,-102.24310646989402,21.879272631246597
3634,142,55,0.0,-102.24281641389477,21.87926777284207
3635,142,56,10.19774655693688,-102.24252635797642,21.879262913927814
3636,142,57,40.006472388310755,-102.24223630213898,21.879258054503847
3637,142,58,69.81519821968462,-102.24194624638243,21.879253194570158
3638,142,59,99.62392405105848,-102.2416561907068,21.87924833412675
3639,142,60,129.43264988243237,-102.2413661351121,21.879243473173634
3640,142,61,159.2413757138063,-102.24107607959834,21.87923861171079
3641,142,62,189.05010154518018,-102.24078602416553,21.879233749738237
3642,142,63,218.86851459425307,-102.24049596881365,21.879228887255962
3643,142,64,248.70726887726588,-102.24020591354274,21.87922402426398
3644,142,65,278.5460231602786,-102.23991585835279,21.879219160762283
3645,142,66,308.3847774432913,-102.23962580324383,21.879214296750863
3646,142,67,338.223531726304,-102.23933574821584,21.879209432229736
3647,143,43,326.9041812238006,-102.24629189215682,21.87959676652093
3648,143,44,297.08630723739657,-102.24600183472239,21.87959191365726
3649,143,45,267.26843325099253,-102.24571177736875,21.879587060283857
3650,143,46,237.45055926458838,-102.24542172009593,21.87958220640072
3651,143,47,207.6326852781843,-102.24513166290394,21.87957735200785
3652,143,48,177.81481129178027,-102.24484160579276,21.87957249710525
3653,143,49,147.99693730537618,-102.2445515487624,21.879567641692923
3654,143,50,118.17906331897208,-102.24426149181289,21.879562785770865
3655,143,51,88.361189332568,-102.24397143494424,21.879557929339075
3656,143,52,58.54331534616393,-102.24368137815642,21.87955307239756
3657,143,53,28.725441359759866,-102.24339132144951,21.879548214946315
3658,143,54,0.0,-102.24310126482344,21.879543356985334
3659,143,55,0.0,-102.24281120827827,21.879538498514638
3660,143,56,13.580033403137787,-102.24252115181397,21.87953363953421
3661,143,57,43.38875923451167,-102.2422310954306,21.879528780044055
3662,143,58,73.19748506588553,-102.24194103912811,21.87952392004418
3663,143,59,103.0062108972594,-102.24165098290655,21.879519059534573
3664,143,60,132.81493672863328,-102.2413609267659,21.879514198515242
3665,143,61,162.6236625600072,-102.24107087070621,21.879509336986192
3666,143,62,192.43238839138107,-102.24078081472746,21.879504474947414
3667,143,63,222.24111422275493,-102.24049075882964,21.87949961239892
3668,143,64,252.04984005412882,-102.2402007030128,21.879494749340694
3669,143,65,281.8585658855027,-102.23991064727693,21.879489885772756
3670,143,66,311.66729171687655,-102.23962059162201,21.879485021695096
3671,143,67,341.47601754825047,-102.2393305360481,21.87948015710771
3672,144,43,323.6035159982852,-102.24628669301084,21.87986749297703
3673,144,44,293.7856420118811,-102.24599663503047,21.87986264004726
3674,144,45,263.967768025477,-102.24570657713087,21.879857786607754
3675,144,46,234.14989403907296,-102.24541651931209,21.879852932658515
3676,144,47,204.33202005266887,-102.24512646157413,21.879848078199533
3677,144,48,174.51414606626483,-102.244836403917,21.87984322323081
3678,144,49,144.69627207986073,-102.2445463463407,21.879838367752352
3679,144,50,114.87839809345664,-102.24425628884524,21.879833511764154
3680,144,51,85.06052410705256,-102.24396623143063,21.879828655266223
3681,144,52,55.242650120648484,-102.24367617409688,21.879823798258553
3682,144,53,25.424776134244414,-102.243386116844,21.87981894074115
3683,144,54,0.0,-102.24309605967198,21.87981408271401
3684,144,55,0.0,-102.24280600258086,21.87980922417714
3685,144,56,16.962320249338696,-102.24251594557062,21.87980436513053
3686,144,57,46.77104608071257,-102.24222588864129,21.879799505574194
3687,144,58,76.57977191208644,-102.24193583179286,21.87979464550812
3688,144,59,106.3884977434603,-102.24164577502536,21.879789784932314
3689,144,60,136.1972235748342,-102.24135571833878,21.87978492384678
3690,144,61,166.00594940620812,-102.24106566173313,21.87978006225152
3691,144,62,195.81467523758198,-102.24077560520844,21.879775200146522
3692,144,63,225.62340106895584,-102.24048554876468,21.8797703375318
3693,144,64,255.43212690032973,-102.2401954924019,21.879765474407343
3694,144,65,285.2408527317036,-102.23990543612007,21.879760610773165
3695,144,66,315.0495785630775,-102.23961537991921,21.879755746629254
3696,144,67,344.85830439445135,-102.23932532379936,21.879750881975617
3697,145,43,320.3028507727697,-102.24628149378407,21.88013821942307
3698,145,44,290.4849767863657,-102.24599143525772,21.880133366427206
3699,145,45,260.6671027999616,-102.24570137681216,21.880128512921598
3700,145,46,230.8492288135575,-102.24541131844744,21.880123658906243
3701,145,47,201.03135482715342,-102.24512126016351,21.880118804381148
3702,145,48,171.21348084074936,-102.24483120196042,21.880113949346303
3703,145,49,141.3956068543453,-102.24454114383815,21.880109093801707
3704,145,50,111.5777328679412,-102.24425108579673,21.880104237747375
3705,145,51,81.75985888153711,-102.24396102783616,21.880099381183303
3706,145,52,51.94198489513304,-102.24367096995645,21.880094524109477
3707,145,53,22.12411090872897,-102.2433809121576,21.88008966652592
3708,145,54,0.0,-102.24309085443963,21.88008480843261
3709,145,55,0.0,-102.24280079680257,21.880079949829568
3710,145,56,20.3446070955396,-102.24251073924637,21.880075090716783
3711,145,57,50.153332926913485,-102.24222068177109,21.88007023109426
3712,145,58,79.96205875828734,-102.24193062437669,21.880065370961994
3713,145,59,109.77078458966122,-102.24164056706324,21.880060510319993
3714,145,60,139.57951042103508,-102.24135050983071,21.88005564916825
3715,145,61,169.388236252409,-102.24106045267912,21.880050787506775
3716,145,62,199.1969620837829,-102.24077039560845,21.880045925335555
3717,145,63,229.00568791515676,-102.24048033861877,21.880041062654612
3718,145,64,258.81441374653065,-102.24019028171001,21.88003619946392
3719,145,65,288.6231395779045,-102.23990022488225,21.880031335763494
3720,145,66,318.4318654092784,-102.23961016813546,21.88002647155334
3721,146,43,317.00218554725427,-102.24627629447652,21.880408945859028
3722,146,44,287.1843115608502,-102.24598623540417,21.88040409279707
3723,146,45,257.36643757444614,-102.24569617641266,21.880399239225362
3724,146,46,227.54856358804204,-102.24540611750196,21.8803943851439
3725,146,47,197.73068960163798,-102.24511605867207,21.880389530552684
3726,146,48,167.9128156152339,-102.244825999923,21.880384675451715
3727,146,49,138.09494162882984,-102.24453594125477,21.880379819840996
3728,146,50,108.27706764242575,-102.24424588266737,21.880374963720524
3729,146,51,78.45919365602167,-102.24395582416084,21.880370107090304
3730,146,52,48.64131966961759,-102.24366576573516,21.88036524995033
3731,146,53,18.823445683213517,-102.24337570739034,21.880360392300616
3732,146,54,0.0,-102.24308564912641,21.880355534141145
3733,146,55,0.0,-102.24279559094337,21.880350675471927
3734,146,56,23.72689394174051,-102.24250553284121,21.88034581629297
3735,146,57,53.535619773114384,-102.24221547481996,21.880340956604254
3736,146,58,83.34434560448825,-102.24192541687962,21.880336096405795
3737,146,59,113.15307143586212,-102.24163535902021,21.880331235697597
3738,146,60,142.961797267236,-102.24134530124171,21.880326374479647
3739,146,61,172.7705230986099,-102.24105524354414,21.880321512751955
3740,146,62,202.5792489299838,-102.24076518592753,21.88031665051452
3741,146,63,232.38797476135767,-102.24047512839188,21.880311787767344
3742,146,64,262.19670059273153,-102.24018507093717,21.880306924510418
3743,146,65,292.00542642410545,-102.23989501356344,21.88030206074375
3744,146,66,321.8141522554793,-102.2396049562707,21.88029719646735
3745,147,42,343.5193943081429,-102.24656115478724,21.880684524903216
3746,147,43,313.7015203217388,-102.24627109508815,21.880679672284927
3747,147,44,283.8836463353348,-102.24598103546985,21.880674819156877
3748,147,45,254.06577234893066,-102.24569097593236,21.88066996551906
3749,147,46,224.2478983625266,-102.24540091647566,21.88066511137149
3750,147,47,194.43002437612253,-102.2451108570998,21.88066025671415
3751,147,48,164.61215038971847,-102.24482079780473,21.880655401547063
3752,147,49,134.7942764033144,-102.24453073859053,21.88065054587021
3753,147,50,104.97640241691029,-102.24424067945718,21.880645689683607
3754,147,51,75.15852843050621,-102.24395062040466,21.88064083298724
3755,147,52,45.34065444410214,-102.24366056143299,21.880635975781118
3756,147,53,15.522780457698069,-102.24337050254222,21.88063111806524
3757,147,54,0.0,-102.24308044373231,21.880626259839605
3758,147,55,0.0,-102.24279038500329,21.880621401104218
3759,147,56,27.10918078794142,-102.24250032635517,21.880616541859077
3760,147,57,56.917906619315296,-102.24221026778794,21.880611682104178
3761,147,58,86.72663245068917,-102.24192020930163,21.880606821839525
3762,147,59,116.53535828206303,-102.24163015089624,21.88060196106513
3763,147,60,146.3440841134369,-102.24134009257178,21.88059709978097
3764,147,61,176.15280994481083,-102.24105003432824,21.880592237987063
3765,147,62,205.96153577618472,-102.24075997616565,21.880587375683408
3766,147,63,235.77026160755858,-102.24046991808403,21.880582512870003
3767,147,64,265.5789874389325,-102.24017986008336,21.880577649546844
3768,147,65,295.38771327030634,-102.23988980216366,21.88057278571394
3769,147,66,325.1964391016802,-102.23959974432493,21.88056792137128
3770,148,42,340.2187290826275,-102.24655595586408,21.880955251385135
3771,148,43,310.4008550962234,-102.24626589561902,21.880950398700755
3772,148,44,280.5829811098193,-102.24597583545471,21.880945545506606
3773,148,45,250.76510712341525,-102.24568577537123,21.880940691802692
3774,148,46,220.94723313701115,-102.24539571536855,21.880935837589007
3775,148,47,191.1293591506071,-102.2451056554467,21.880930982865554
3776,148,48,161.311485164203,-102.24481559560566,21.88092612763234
3777,148,49,131.49361117779895,-102.24452553584545,21.88092127188936
3778,148,50,101.67573719139484,-102.24423547616611,21.880916415636616
3779,148,51,71.85786320499076,-102.2439454165676,21.880911558874104
3780,148,52,42.03998921858669,-102.24365535704997,21.880906701601827
3781,148,53,12.22211523218262,-102.24336529761321,21.880901843819796
3782,148,54,0.0,-102.2430752382573,21.880896985527997
3783,148,55,0.6827418027684491,-102.24278517898232,21.880892126726433
3784,148,56,30.491467634142325,-102.2424951197882,21.880887267415112
3785,148,57,60.3001934655162,-102.242205060675,21.880882407594026
3786,148,58,90.10891929689006,-102.24191500164271,21.880877547263186
3787,148,59,119.91764512826394,-102.24162494269133,21.880872686422578
3788,148,60,149.72637095963782,-102.24133488382088,21.88086782507222
3789,148,61,179.53509679101174,-102.2410448250314,21.8808629632121
3790,148,62,209.34382262238563,-102.24075476632282,21.880858100842225
3791,148,63,239.1525484537595,-102.24046470769521,21.88085323796259
3792,148,64,268.96127428513336,-102.24017464914857,21.880848374573198
3793,148,65,298.7700001165073,-102.23988459068289,21.88084351067405
3794,148,66,328.57872594788114,-102.23959453229821,21.880838646265143
3795,149,42,336.91806385711203,-102.24655075686015,21.881225977856978
3796,149,43,307.10018987070794,-102.24626069606907,21.88122112510651
3797,149,44,277.2823158843039,-102.24597063535879,21.881216271846267
3798,149,45,247.46444189789977,-102.24568057472929,21.881211418076248
3799,149,46,217.6465679114957,-102.24539051418063,21.881206563796457
3800,149,47,187.82869392509164,-102.24510045371277,21.881201709006884
3801,149,48,158.01081993868755,-102.24481039332574,21.88119685370755
3802,149,49,128.1929459522835,-102.24452033301955,21.881191997898437
3803,149,50,98.3750719658794,-102.2442302727942,21.881187141579556
3804,149,51,68.55719797947532,-102.2439402126497,21.881182284750896
3805,149,52,38.73932399307124,-102.24365015258607,21.881177427412474
3806,149,53,8.921450006667172,-102.24336009260331,21.88117256956427
3807,149,54,0.0,-102.24307003270144,21.88116771120631
3808,149,55,4.065028648969357,-102.24277997288044,21.88116285233858
3809,149,56,33.87375448034323,-102.24248991314033,21.881157992961075
3810,149,57,63.682480311717114,-102.24219985348114,21.88115313307381
3811,149,58,93.49120614309098,-102.24190979390286,21.881148272676768
3812,149,59,123.29993197446485,-102.2416197344055,21.881143411769965
3813,149,60,153.1086578058387,-102.24132967498907,21.881138550353395
3814,149,61,182.91738363721265,-102.24103961565358,21.881133688427063
3815,149,62,212.72610946858654,-102.24074955639904,21.881128825990963
3816,149,63,242.5348352999604,-102.24045949722544,21.881123963045102
3817,149,64,272.3435611313343,-102.24016943813281,21.881119099589476
3818,149,65,302.15228696270816,-102.23987937912116,21.88111423562409
3819,149,66,331.961012794082,-102.23958932019049,21.881109371148934
3820,150,42,333.66882388511624,-102.24654555777543,21.881496704318756
3821,150,43,303.81028924723194,-102.24625549643832,21.881491851502197
3822,150,44,273.9816506587884,-102.24596543518204,21.88148699817586
3823,150,45,244.16377667238436,-102.24567537400655,21.88148214433974
3824,150,46,214.34590268598026,-102.24538531291188,21.88147728999383
3825,150,47,184.5280286995762,-102.24509525189801,21.881472435138146
3826,150,48,154.7101547131721,-102.24480519096498,21.881467579772682
3827,150,49,124.89228072676805,-102.24451513011279,21.881462723897442
3828,150,50,95.07440674036395,-102.24422506934144,21.881457867512417
3829,150,51,65.25653275395987,-102.24393500865095,21.88145301061762
3830,150,52,35.43865876755579,-102.24364494804131,21.88144815321304
3831,150,53,5.620784781151724,-102.24335488751254,21.88144329529868
3832,150,54,0.0,-102.24306482706466,21.881438436874557
3833,150,55,7.4473154951702645,-102.24277476669766,21.881433577940644
3834,150,56,37.25604132654414,-102.24248470641157,21.881428718496966
3835,150,57,67.06476715791801,-102.24219464620639,21.881423858543513
3836,150,58,96.87349298929186,-102.24190458608211,21.88141899808028
3837,150,59,126.68221882066575,-102.24161452603875,21.88141413710727
3838,150,60,156.49094465203962,-102.24132446607632,21.8814092756245
3839,150,61,186.29967048341356,-102.24103440619483,21.881404413631948
3840,150,62,216.10839631478746,-102.2407443463943,21.88139955112963
3841,150,63,245.91712214616132,-102.2404542866747,21.88139468811754
3842,150,64,275.7258479775352,-102.24016422703609,21.88138982459568
3843,150,65,305.53457380890904,-102.23987416747845,21.881384960564045
3844,150,66,335.3432996402829,-102.23958410800178,21.881380096022642
3845,151,42,330.8877479622411,-102.24654035860992,21.881767430770473
3846,151,43,301.0169324944437,-102.2462502967268,21.881762577887823
3847,151,44,271.1461170266463,-102.2459602349245,21.881757724495383
3848,151,45,241.27530155884887,-102.24567017320298,21.881752870593157
3849,151,46,211.40448609105147,-102.2453801115623,21.88174801618114
3850,151,47,181.5336706232541,-102.24509005000242,21.88174316125934
3851,151,48,151.6628551554567,-102.24479998852337,21.881738305827753
3852,151,49,121.79203968765933,-102.24450992712516,21.88173344988638
3853,151,50,91.92122421986193,-102.2442198658078,21.88172859343522
3854,151,51,62.05040875206453,-102.24392980457131,21.881723736474274
3855,151,52,32.17959328426714,-102.24363974341567,21.881718879003547
3856,151,53,2.3201195556362753,-102.24334968234089,21.881714021023026
3857,151,54,0.0,-102.243059621347,21.88170916253273
3858,151,55,10.829602341371174,-102.24276956043401,21.88170430353265
3859,151,56,40.63832817274505,-102.2424794996019,21.881699444022786
3860,151,57,70.44705400411893,-102.2421894388507,21.881694584003146
3861,151,58,100.25577983549277,-102.24189937818042,21.881689723473723
3862,151,59,130.06450566686667,-102.24160931759106,21.881684862434522
3863,151,60,159.87323149824053,-102.24131925708264,21.88168000088553
3864,151,61,189.68195732961448,-102.24102919665513,21.881675138826772
3865,151,62,219.4906831609883,-102.24073913630859,21.881670276258227
3866,151,63,249.2994089923622,-102.240449076043,21.881665413179906
3867,151,64,279.10813482373607,-102.24015901585838,21.88166054959181
3868,151,65,308.91686065510993,-102.23986895575473,21.881655685493936
3869,151,66,338.72558648648385,-102.23957889573207,21.88165082088629
3870,152,42,328.1066720393659,-102.24653515936362,21.882038157212115
3871,152,43,298.2358565715685,-102.24624509693449,21.882033304263373
3872,152,44,268.3650411037711,-102.24595503458615,21.88202845080484
3873,152,45,238.4942256359737,-102.24566497231862,21.882023596836508
3874,152,46,208.6234101681763,-102.24537491013191,21.882018742358383
3875,152,47,178.7525947003789,-102.24508484802601,21.882013887370462
3876,152,48,148.8817792325815,-102.24479478600095,21.88200903187275
3877,152,49,119.01096376478414,-102.24450472405672,21.88200417586524
3878,152,50,89.14014829698674,-102.24421466219334,21.881999319347948
3879,152,51,59.26933282918934,-102.24392460041082,21.88199446232085
3880,152,52,29.39851736139195,-102.24363453870916,21.881989604783975
3881,152,53,0.0,-102.24334447708837,21.881984746737295
3882,152,54,0.0,-102.24305441554847,21.881979888180837
3883,152,55,14.211889187572082,-102.24276435408945,21.881975029114578
3884,152,56,44.02061501894596,-102.24247429271132,21.88197016953854
3885,152,57,73.82934085031984,-102.24218423141411,21.881965309452706
3886,152,58,103.63806668169372,-102.24189417019781,21.881960448857093
3887,152,59,133.44679251306758,-102.24160410906244,21.881955587751683
3888,152,60,163.25551834444147,-102.241314048008,21.881950726136495
3889,152,61,193.06424417581536,-102.2410239870345,21.881945864011513
3890,152,62,222.87297000718922,-102.24073392614194,21.881941001376752
3891,152,63,252.68169583856312,-102.24044386533035,21.881936138232202
3892,152,64,282.490421669937,-102.24015380459971,21.88193127457787
3893,152,65,312.29914750131087,-102.23986374395005,21.881926410413747
3894,152,66,342.10787333268473,-102.23957368338138,21.88192154573985
3895,153,42,325.3255961164907,-102.24652996003653,21.88230888364369
3896,153,43,295.4547806486933,-102.24623989706137,21.88230403062886
3897,153,44,265.5839651808959,-102.245949834167,21.88229917710423
3898,153,45,235.7131497130985,-102.24565977135344,21.882294323069786
3899,153,46,205.8423342453011,-102.24536970862069,21.882289468525553
3900,153,47,175.97151877750372,-102.24507964596877,21.88228461347152
3901,153,48,146.10070330970632,-102.24478958339768,21.88227975790768
3902,153,49,116.22988784190895,-102.24449952090742,21.882274901834037
3903,153,50,86.35907237411155,-102.244209458498,21.882270045250603
3904,153,51,56.488256906314156,-102.24391939616946,21.882265188157366
3905,153,52,26.617441438516764,-102.24362933392176,21.88226033055433
3906,153,53,0.0,-102.24333927175496,21.882255472441496
3907,153,54,0.0,-102.24304920966902,21.88225061381887
3908,153,55,17.16788679644838,-102.24275914766399,21.88224575468644
3909,153,56,47.09011826664282,-102.24246908573984,21.882240895044216
3910,153,57,77.01234973683728,-102.24217902389661,21.882236034892195
3911,153,58,106.93458120703171,-102.2418889621343,21.882231174230384
3912,153,59,136.8290793592685,-102.24159890045289,21.88222631305878
3913,153,60,166.63780519064238,-102.24130883885242,21.882221451377376
3914,153,61,196.44653102201627,-102.2410187773329,21.882216589186182
3915,153,62,226.25525685339014,-102.24072871589433,21.8822117264852
3916,153,63,256.063982684764,-102.2404386545367,21.882206863274423
3917,153,64,285.8727085161379,-102.24014859326006,21.88220199955385
3918,153,65,315.68143434751175,-102.23985853206439,21.882197135323487
3919,153,66,345.4901601788856,-102.23956847094969,21.882192270583342
3920,154,42,322.5445201936155,-102.24652476062866,21.882579610065196
3921,154,43,292.67370472581814,-102.24623469710744,21.882574756984276
3922,154,44,262.8028892580207,-102.24594463366704,21.882569903393545
3923,154,45,232.9320737902233,-102.24565457030744,21.882565049293007
3924,154,46,203.0612583224259,-102.24536450702865,21.88256019468266
3925,154,47,173.19044285462851,-102.24507444383069,21.8825553395625
3926,154,48,143.31962738683112,-102.24478438071357,21.882550483932533
3927,154,49,113.44881191903377,-102.24449431767728,21.882545627792766
3928,154,50,83.57799645123637,-102.24420425472184,21.882540771143187
3929,154,51,53.70718098343897,-102.24391419184724,21.88253591398381
3930,154,52,23.836365515641578,-102.24362412905352,21.882531056314615
3931,154,53,0.0,-102.24333406634067,21.882526198135622
3932,154,54,0.0,-102.2430440037087,21.882521339446825
3933,154,55,19.32660489849536,-102.24275394115763,21.882516480248224
3934,154,56,49.2488363686898,-102.24246387868745,21.882511620539823
3935,154,57,79.17106783888426,-102.24217381629818,21.882506760321622
3936,154,58,109.0932993090787,-102.24188375398982,21.88250189959361
3937,154,59,139.01553077927315,-102.2415936917624,21.882497038355798
3938,154,60,168.93776224946757,-102.24130362961591,21.882492176608192
3939,154,61,198.85999371966201,-102.24101356755037,21.882487314350783
3940,154,62,228.7822251898565,-102.24072350556575,21.882482451583574
3941,154,63,258.7044566600509,-102.24043344366213,21.882477588306564
3942,154,64,288.6266881302453,-102.24014338183945,21.882472724519758
3943,154,65,318.54891960043983,-102.23985332009774,21.88246786022316
3944,155,42,319.76344427074037,-102.24651956113999,21.88285033647663
3945,155,43,289.89262880294297,-102.24622949707273,21.882845483329618
3946,155,44,260.0218133351455,-102.24593943308628,21.882840629672792
3947,155,45,230.15099786734814,-102.24564936918063,21.882835775506145
3948,155,46,200.2801823995507,-102.2453593053558,21.882830920829687
3949,155,47,170.40936693175334,-102.24506924161179,21.88282606564341
3950,155,48,140.53855146395594,-102.2447791779486,21.882821209947323
3951,155,49,110.66773599615858,-102.24448911436627,21.882816353741422
3952,155,50,80.79692052836118,-102.24419905086478,21.88281149702571
3953,155,51,50.92610506056378,-102.24390898744414,21.882806639800176
3954,155,52,21.05528959276639,-102.24361892410438,21.88280178206483
3955,155,53,0.0,-102.2433288608455,21.88279692381968
3956,155,54,0.0,-102.24303879766748,21.88279206506472
3957,155,55,21.485323000542348,-102.24274873457038,21.88278720579994
3958,155,56,51.407554470736784,-102.24245867155416,21.882782346025362
3959,155,57,81.32978594093125,-102.24216860861884,21.882777485740963
3960,155,58,111.25201741112568,-102.24187854576445,21.88277262494676
3961,155,59,141.1742488813201,-102.24158848299099,21.882767763642747
3962,155,60,171.09648035151457,-102.24129842029846,21.882762901828933
3963,155,61,201.018711821709,-102.24100835768687,21.882758039505305
3964,155,62,230.94094329190344,-102.24071829515623,21.882753176671873
3965,155,63,260.8631747620979,-102.24042823270655,21.88274831332864
3966,155,64,290.78540623229236,-102.24013817033784,21.882743449475598
3967,155,65,320.70763770248675,-102.23984810805011,21.882738585112747
3968,156,42,316.98236834786513,-102.24651436157053,21.883121062877994
3969,156,43,287.11155288006773,-102.24622429695722,21.883116209664895
3970,156,44,257.24073741227033,-102.24593423242472,21.88311135594197
3971,156,45,227.36992194447296,-102.245644167973,21.88310650170922
3972,156,46,197.49910647667556,-102.24535410360211,21.883101646966654
3973,156,47,167.62829100887816,-102.24506403931206,21.883096791714255
3974,156,48,137.75747554108077,-102.24477397510282,21.88309193595204
3975,156,49,107.8866600732834,-102.24448391097442,21.883087079680006
3976,156,50,78.015844605486,-102.24419384692688,21.883082222898146
3977,156,51,48.145029137688596,-102.2439037829602,21.88307736560647
3978,156,52,18.274213669891203,-102.24361371907439,21.883072507804975
3979,156,53,0.0,-102.24332365526944,21.883067649493665
3980,156,54,0.0,-102.24303359154538,21.88306279067253
3981,156,55,23.64404110258933,-102.24274352790222,21.883057931341583
3982,156,56,53.56627257278377,-102.24245346433995,21.883053071500814
3983,156,57,83.48850404297822,-102.24216340085859,21.883048211150236
3984,156,58,113.41073551317267,-102.24187333745816,21.883043350289835
3985,156,59,143.3329669833671,-102.24158327413863,21.883038488919624
3986,156,60,173.25519845356155,-102.24129321090007,21.883033627039595
3987,156,61,203.177429923756,-102.24100314774242,21.883028764649758
3988,156,62,233.0996613939504,-102.24071308466574,21.883023901750104
3989,156,63,263.0218928641449,-102.24042302167001,21.883019038340638
3990,156,64,292.9441243343393,-102.24013295875525,21.88301417442136
3991,156,65,322.8663558045337,-102.23984289592148,21.88300930999226
3992,157,41,344.07210789278736,-102.24679922716047,21.88339664203866
3993,157,42,314.20129242498996,-102.24650916192029,21.883391789269293
3994,157,43,284.33047695719256,-102.24621909676091,21.883386935990103
3995,157,44,254.45966148939516,-102.24592903168234,21.883382082201077
3996,157,45,224.58884602159776,-102.24563896668457,21.88337722790222
3997,157,46,194.71803055380036,-102.24534890176761,21.88337237309354
3998,157,47,164.847215086003,-102.24505883693148,21.883367517775028
3999,157,48,134.9763996182056,-102.24476877217619,21.883362661946684
4000,157,49,105.10558415040819,-102.24447870750173,21.88335780560852
4001,157,50,75.2347686826108,-102.24418864290813,21.883352948760518
4002,157,51,45.363953214813414,-102.24389857839537,21.8833480914027
4003,157,52,15.493137747016016,-102.2436085139635,21.883343233535047
4004,157,53,0.0,-102.2433184496125,21.883338375157575
4005,157,54,0.0,-102.24302838534238,21.883333516270277
4006,157,55,25.802759204636313,-102.24273832115315,21.883328656873154
4007,157,56,55.72499067483075,-102.24244825704483,21.883323796966206
4008,157,57,85.64722214502521,-102.24215819301742,21.88331893654943
4009,157,58,115.56945361521964,-102.24186812907092,21.88331407562284
4010,157,59,145.49168508541408,-102.24157806520536,21.88330921418643
4011,157,60,175.41391655560852,-102.24128800142073,21.883304352240188
4012,157,61,205.33614802580297,-102.24099793771704,21.883299489784132
4013,157,62,235.25837949599742,-102.2407078740943,21.88329462681826
4014,157,63,265.1806109661918,-102.24041781055253,21.883289763342557
4015,157,64,295.1028424363863,-102.2401277470917,21.88328489935704
4016,157,65,325.02507390658076,-102.23983768371187,21.883280034861706
4017,158,41,341.2910319699121,-102.2467940279755,21.883667368485973
4018,158,42,311.4202165021147,-102.24650396218925,21.883662515650528
4019,158,43,281.5494010343174,-102.24621389648381,21.88365766230524
4020,158,44,251.67858556651996,-102.24592383085916,21.88365280845012
4021,158,45,221.80777009872259,-102.2456337653153,21.88364795408516
4022,158,46,191.9369546309252,-102.24534369985227,21.883643099210364
4023,158,47,162.0661391631278,-102.24505363447007,21.88363824382573
4024,158,48,132.19532369533042,-102.2447635691687,21.883633387931265
4025,158,49,102.324508227533,-102.24447350394819,21.883628531526963
4026,158,50,72.45369275973562,-102.2441834388085,21.88362367461283
4027,158,51,42.582877291938225,-102.24389337374969,21.883618817188857
4028,158,52,12.712061824140829,-102.24360330877174,21.883613959255054
4029,158,53,0.0,-102.24331324387468,21.88360910081142
4030,158,54,0.0,-102.2430231790585,21.88360424185795
4031,158,55,27.961477306683296,-102.2427331143232,21.883599382394653
4032,158,56,57.88370877687774,-102.24244304966881,21.883594522421518
4033,158,57,87.80594024707219,-102.24215298509533,21.883589661938565
4034,158,58,117.72817171726663,-102.24186292060277,21.883584800945776
4035,158,59,147.65040318746108,-102.24157285619113,21.883579939443155
4036,158,60,177.5726346576555,-102.24128279186044,21.88357507743071
4037,158,61,207.49486612784995,-102.24099272761069,21.88357021490844
4038,158,62,237.41709759804442,-102.2407026634419,21.88356535187634
4039,158,63,267.33932906823884,-102.24041259935404,21.88356048833441
4040,158,64,297.2615605384333,-102.24012253534718,21.883555624282653
4041,158,65,327.18379200862773,-102.2398324714213,21.88355075972108
4042,159,41,338.50995604703695,-102.24678882870975,21.883938094923213
4043,159,42,308.6391405792396,-102.24649876237743,21.883933242021683
4044,159,43,278.7683251114422,-102.24620869612589,21.883928388610308
4045,159,44,248.89750964364475,-102.24591862995516,21.88392353468909
4046,159,45,219.02669417584738,-102.24562856386522,21.88391868025802
4047,159,46,189.15587870804998,-102.24533849785612,21.883913825317116
4048,159,47,159.2850632402526,-102.24504843192784,21.88390896986637
4049,159,48,129.4142477724552,-102.24475836608039,21.883904113905768
4050,159,49,99.54343230465781,-102.24446830031378,21.883899257435335
4051,159,50,69.67261683686043,-102.24417823462802,21.88389440045506
4052,159,51,39.80180136906304,-102.24388816902312,21.883889542964937
4053,159,52,9.930985901265641,-102.24359810349911,21.88388468496498
4054,159,53,0.0,-102.24330803805596,21.883879826455185
4055,159,54,0.1979639385358429,-102.2430179726937,21.883874967435553
4056,159,55,30.120195408730282,-102.24272790741233,21.883870107906073
4057,159,56,60.04242687892472,-102.24243784221188,21.88386524786677
4058,159,57,89.96465834911918,-102.24214777709233,21.88386038731762
4059,159,58,119.88688981931361,-102.24185771205369,21.883855526258635
4060,159,59,149.80912128950806,-102.24156764709598,21.883850664689813
4061,159,60,179.7313527597025,-102.24127758221921,21.883845802611155
4062,159,61,209.65358422989692,-102.24098751742338,21.883840940022665
4063,159,62,239.57581570009137,-102.24069745270852,21.88383607692434
4064,159,63,269.4980471702858,-102.24040738807462,21.883831213316185
4065,159,64,299.42027864048026,-102.24011732352167,21.883826349198188
4066,159,65,329.3425101106747,-102.23982725904972,21.88382148457037
4067,160,41,335.7288801241618,-102.24678362936322,21.884208821350388
4068,160,42,305.8580646563644,-102.24649356248482,21.88420396838277
4069,160,43,275.987249188567,-102.24620349568718,21.884199114905304
4070,160,44,246.11643372076958,-102.24591342897035,21.884194260917987
4071,160,45,216.2456182529722,-102.24562336233433,21.884189406420813
4072,160,46,186.3748027851748,-102.24533329577913,21.884184551413792
4073,160,47,156.5039873173774,-102.24504322930476,21.88417969589692
4074,160,48,126.63317184958004,-102.24475316291122,21.884174839870198
4075,160,49,96.76235638178264,-102.24446309659854,21.88416998333363
4076,160,50,66.89154091398524,-102.2441730303667,21.88416512628721
4077,160,51,37.02072544618785,-102.24388296421571,21.884160268730948
4078,160,52,7.149909978390454,-102.24359289814561,21.88415541066484
4079,160,53,0.0,-102.24330283215637,21.884150552088872
4080,160,54,2.493116196263723,-102.24301276624803,21.884145693003074
4081,160,55,32.38258209113931,-102.24272270042057,21.884140833407425
4082,160,56,62.2720479860149,-102.24243263467403,21.88413597330193
4083,160,57,92.1615138808905,-102.2421425690084,21.884131112686596
4084,160,58,122.0518364440112,-102.24185250342367,21.88412625156141
4085,160,59,151.96783939155503,-102.2415624379199,21.88412138992639
4086,160,60,181.89007086174948,-102.24127237249704,21.884116527781522
4087,160,61,211.81230233194393,-102.24098230715514,21.88411166512682
4088,160,62,241.73453380213837,-102.2406922418942,21.884106801962265
4089,160,63,271.6567652723328,-102.2404021767142,21.884101938287877
4090,160,64,301.57899674252724,-102.24011211161519,21.884097074103654
4091,160,65,331.5012282127217,-102.23982204659714,21.88409220940958
4092,161,41,332.9478042012866,-102.24677842993592,21.884479547767494
4093,161,42,303.0769887334892,-102.2464883625114,21.88447469473379
4094,161,43,273.2061732656918,-102.24619829516767,21.88446984119023
4095,161,44,243.3353577978944,-102.24590822790474,21.884464987136813
4096,161,45,213.464542330097,-102.24561816072261,21.884460132573537
4097,161,46,183.5937268622996,-102.24532809362132,21.8844552775004
4098,161,47,153.72291139450223,-102.24503802660085,21.88445042191741
4099,161,48,123.85209592670483,-102.24474795966121,21.884445565824564
4100,161,49,93.98128045890745,-102.24445789280243,21.88444070922186
4101,161,50,64.11046499111006,-102.2441678260245,21.884435852109302
4102,161,51,34.239649523312664,-102.24387775932742,21.884430994486884
4103,161,52,4.368834055515268,-102.2435876927112,21.884426136354623
4104,161,53,0.0,-102.24329762617589,21.884421277712498
4105,161,54,5.066018938123379,-102.24300755972145,21.88441641856053
4106,161,55,34.95548483299897,-102.24271749334791,21.8844115588987
4107,161,56,64.84495072787456,-102.24242742705528,21.884406698727027
4108,161,57,94.73441662275016,-102.24213736084354,21.884401838045505
4109,161,58,124.62388251762574,-102.24184729471274,21.884396976854124
4110,161,59,154.51334841250136,-102.24155722866286,21.8843921151529
4111,161,60,184.40281430737693,-102.24126716269392,21.88438725294182
4112,161,61,214.2922802022525,-102.24097709680593,21.8843823902209
4113,161,62,244.1817460971281,-102.24068703099888,21.88437752699013
4114,161,63,274.0712119920037,-102.24039696527281,21.884372663249508
4115,161,64,303.96067788687924,-102.24010689962772,21.884367798999037
4116,161,65,333.8501437817548,-102.23981683406359,21.88436293423872
4117,162,41,330.1667282784114,-102.24677323042782,21.884750274174536
4118,162,42,300.295912810614,-102.24648316245718,21.88474542107474
4119,162,43,270.4250973428167,-102.24619309456736,21.88474056746509
4120,162,44,240.5542818750192,-102.24590302675831,21.88473571334557
4121,162,45,210.68346640722183,-102.24561295903008,21.88473085871619
4122,162,46,180.81265093942443,-102.24532289138268,21.884726003576944
4123,162,47,150.94183547162703,-102.2450328238161,21.884721147927827
4124,162,48,121.07102000382966,-102.24474275633037,21.88471629176885
4125,162,49,91.20020453603226,-102.24445268892546,21.884711435100012
4126,162,50,61.329389068234875,-102.24416262160143,21.884706577921317
4127,162,51,31.45857360043748,-102.24387255435826,21.884701720232755
4128,162,52,1.5877581326400798,-102.24358248719595,21.884696862034332
4129,162,53,0.0,-102.24329242011453,21.88469200332605
4130,162,54,7.638921679983034,-102.24300235311398,21.88468714410791
4131,162,55,37.52838757485863,-102.24271228619433,21.88468228437991
4132,162,56,67.41785346973421,-102.2424222193556,21.88467742414205
4133,162,57,97.3073193646098,-102.24213215259776,21.884672563394332
4134,162,58,127.1967852594854,-102.24184208592088,21.88466770213676
4135,162,59,157.086251154361,-102.24155201932489,21.88466284036933
4136,162,60,186.97571704923658,-102.24126195280986,21.884657978092047
4137,162,61,216.86518294411218,-102.24097188637577,21.884653115304904
4138,162,62,246.75464883898775,-102.24068182002264,21.884648252007906
4139,162,63,276.6441147338634,-102.24039175375046,21.884643388201052
4140,162,64,306.5335806287389,-102.24010168755927,21.884638523884345
4141,162,65,336.42304652361446,-102.23981162144905,21.884633659057794
4142,163,41,327.3856523555362,-102.24676803083894,21.8850210005715
4143,163,42,297.51483688773885,-102.24647796232219,21.885016147405626
4144,163,43,267.64402141994145,-102.24618789388623,21.885011293729878
4145,163,44,237.77320595214402,-102.24589782553109,21.885006439544263
4146,163,45,207.90239048434663,-102.24560775725674,21.88500158484877
4147,163,46,178.03157501654923,-102.24531768906321,21.884996729643404
4148,163,47,148.16075954875186,-102.24502762095052,21.884991873928175
4149,163,48,118.28994408095446,-102.24473755291868,21.884987017703075
4150,163,49,88.41912861315706,-102.24444748496767,21.884982160968104
4151,163,50,58.54831314535968,-102.24415741709751,21.88497730372326
4152,163,51,28.677497677562286,-102.24386734930822,21.88497244596855
4153,163,52,0.0,-102.24357728159981,21.884967587703976
4154,163,53,0.0,-102.24328721397227,21.88496272892953
4155,163,54,10.211824421842689,-102.24299714642562,21.88495786964522
4156,163,55,40.10129031671827,-102.24270707895985,21.884953009851046
4157,163,56,69.99075621159388,-102.24241701157501,21.884948149547
4158,163,57,99.88022210646946,-102.24212694427109,21.884943288733094
4159,163,58,129.76968800134503,-102.24183687704806,21.88493842740932
4160,163,59,159.65915389622066,-102.241546809906,21.884933565575693
4161,163,60,189.54861979109623,-102.24125674284485,21.88492870323219
4162,163,61,219.43808568597183,-102.24096667586466,21.884923840378832
4163,163,62,249.32755158084746,-102.24067660896542,21.884918977015616
4164,163,63,279.217017475723,-102.24038654214715,21.88491411314253
4165,163,64,309.10648337059854,-102.24009647540984,21.884909248759588
4166,163,65,338.99594926547417,-102.23980640875352,21.884904383866782
4167,164,41,324.6045764326611,-102.24676283116926,21.8852917269584
4168,164,42,294.7337609648637,-102.2464727621064,21.88528687372644
4169,164,43,264.8629454970662,-102.24618269312431,21.8852820199846
4170,164,44,234.99213002926882,-102.24589262422303,21.885277165732884
4171,164,45,205.12131456147142,-102.24560255540257,21.885272310971285
4172,164,46,175.25049909367405,-102.24531248666293,21.885267455699807
4173,164,47,145.37968362587665,-102.24502241800411,21.88526259991846
4174,164,48,115.50886815807927,-102.24473234942613,21.885257743627225
4175,164,49,85.63805269028187,-102.24444228092901,21.885252886826116
4176,164,50,55.76723722248449,-102.24415221251273,21.88524802951514
4177,164,51,25.896421754687097,-102.24386214417733,21.88524317169428
4178,164,52,0.0,-102.24357207592278,21.885238313363548
4179,164,53,0.0,-102.24328200774912,21.885233454522943
4180,164,54,13.501625830636064,-102.24299193965635,21.88522859517246
4181,164,55,43.197057302717525,-102.24270187164448,21.885223735312106
4182,164,56,72.89248877479898,-102.24241180371351,21.88521887494188
4183,164,57,102.58931431150224,-102.24212173586346,21.885214014061788
4184,164,58,132.37036453347753,-102.24183166809435,21.88520915267182
4185,164,59,162.23211581726736,-102.24154160040615,21.88520429077198
4186,164,60,192.1215225329559,-102.24125153279888,21.88519942836227
4187,164,61,222.01098842783148,-102.24096146527258,21.885194565442696
4188,164,62,251.90045432270708,-102.24067139782724,21.885189702013246
4189,164,63,281.7899202175826,-102.24038133046284,21.885184838073933
4190,164,64,311.6793861124582,-102.24009126317942,21.88517997362475
4191,164,65,341.5688520073338,-102.23980119597701,21.885175108665702
4192,165,41,321.82350050978584,-102.2467576314188,21.885562453335226
4193,165,42,291.95268504198845,-102.2464675618098,21.88555760003718
4194,165,43,262.08186957419105,-102.24617749228159,21.885552746229248
4195,165,44,232.21105410639365,-102.24588742283417,21.88554789191143
4196,165,45,202.34023863859625,-102.24559735346757,21.88554303708373
4197,165,46,172.46942317079885,-102.24530728418179,21.885538181746135
4198,165,47,142.59860770300148,-102.24501721497685,21.885533325898656
4199,165,48,112.72779223520408,-102.24472714585275,21.885528469541303
4200,165,49,82.85697676740668,-102.24443707680948,21.885523612674064
4201,165,50,52.98616129960931,-102.24414700784708,21.885518755296935
4202,165,51,23.11534583181191,-102.24385693896554,21.88551389740993
4203,165,52,0.0,-102.24356687016487,21.88550903901304
4204,165,53,0.0,-102.24327680144509,21.885504180106278
4205,165,54,17.765585221497332,-102.24298673280619,21.885499320689625
4206,165,55,47.461016693578784,-102.2426966642482,21.88549446076309
4207,165,56,77.15644816566024,-102.2424065957711,21.885489600326686
4208,165,57,106.85187963774169,-102.24211652737493,21.8854847393804
4209,165,58,136.54731110982314,-102.24182645905968,21.885479877924237
4210,165,59,166.2427425819046,-102.24153639082536,21.885475015958193
4211,165,60,195.93817405398607,-102.24124632267198,21.885470153482274
4212,165,61,225.63360552606753,-102.24095625459955,21.885465290496477
4213,165,62,255.32903699814898,-102.24066618660808,21.885460427000805
4214,165,63,285.02446847023043,-102.24037611869757,21.885455562995258
4215,165,64,314.72064998862004,-102.24008605086804,21.885450698479836
4216,165,65,344.4509159881579,-102.23979598311949,21.88544583345454
4217,166,41,318.6761592128518,-102.24675243158757,21.885833179701983
4218,166,42,289.17160911911327,-102.2464623614324,21.885828326337855
4219,166,43,259.30079365131587,-102.24617229135805,21.885823472463827
4220,166,44,229.42997818351844,-102.2458822213645,21.885818618079902
4221,166,45,199.55916271572104,-102.24559215145176,21.885813763186093
4222,166,46,169.68834724792367,-102.24530208161984,21.88580890778239
4223,166,47,139.81753178012627,-102.24501201186875,21.88580405186879
4224,166,48,109.9467163123289,-102.24472194219851,21.88579919544531
4225,166,49,80.0759008445315,-102.24443187260911,21.885794338511932
4226,166,50,50.20508537673412,-102.24414180310056,21.885789481068667
4227,166,51,20.334269908936726,-102.24385173367288,21.88578462311551
4228,166,52,0.0,-102.24356166432608,21.885779764652465
4229,166,53,0.0,-102.24327159506016,21.885774905679536
4230,166,54,22.029544612358595,-102.24298152587514,21.88577004619672
4231,166,55,51.72497608444005,-102.242691456771,21.885765186204004
4232,166,56,81.42040755652151,-102.24240138774778,21.885760325701415
4233,166,57,111.11583902860298,-102.24211131880547,21.88575546468894
4234,166,58,140.81127050068443,-102.24182124994408,21.88575060316658
4235,166,59,170.50670197276585,-102.24153118116364,21.88574574113433
4236,166,60,200.20213344484733,-102.24124111246412,21.8857408785922
4237,166,61,229.8975649169288,-102.24095104384557,21.885736015540186
4238,166,62,259.59299638901024,-102.24066097530796,21.88573115197829
4239,166,63,289.2884278610917,-102.24037090685133,21.88572628790651
4240,166,64,318.98385933317314,-102.24008083847568,21.885721423324853
4241,167,40,342.0430587298533,-102.24703730245764,21.88610875897899
4242,167,41,312.6537624301508,-102.24674723167554,21.886103906058672
4243,167,42,283.26446613044817,-102.24645716097422,21.886099052628452
4244,167,43,253.87516983074553,-102.24616709035372,21.886094198688333
4245,167,44,224.48587353104296,-102.24587701981402,21.886089344238314
4246,167,45,195.0965772313404,-102.24558694935511,21.886084489278392
4247,167,46,165.7072809316378,-102.24529687897704,21.886079633808574
4248,167,47,136.31798463193522,-102.24500680867982,21.88607477782886
4249,167,48,106.92868833223265,-102.24471673846342,21.886069921339242
4250,167,49,77.29482492165631,-102.24442666832788,21.88606506433973
4251,167,50,47.42400945385893,-102.24413659827319,21.88606020683032
4252,167,51,17.553193986061537,-102.24384652829936,21.886055348811013
4253,167,52,0.0,-102.24355645840642,21.886050490281818
4254,167,53,0.0,-102.24326638859435,21.88604563124272
4255,167,54,26.29350400321986,-102.24297631886317,21.886040771693732
4256,167,55,55.98893547530132,-102.2426862492129,21.88603591163485
4257,167,56,85.68436694738277,-102.24239617964353,21.886031051066073
4258,167,57,115.37979841946424,-102.24210611015509,21.886026189987405
4259,167,58,145.0752298915457,-102.24181604074755,21.886021328398847
4260,167,59,174.77066136362717,-102.24152597142097,21.88601646630039
4261,167,60,204.4660928357086,-102.24123590217532,21.88601160369205
4262,167,61,234.16152430779007,-102.24094583301061,21.886006740573816
4263,167,62,263.8569557798715,-102.24065576392688,21.886001876945695
4264,167,63,293.552387251953,-102.24036569492411,21.88599701280768
4265,167,64,323.2478187240344,-102.24007562600231,21.885992148159787
4266,168,40,336.0206619471523,-102.24703210301098,21.886379485391682
4267,168,41,306.6313656474497,-102.24674203168271,21.886374632405293
4268,168,42,277.2420693477471,-102.24645196043524,21.886369778908982
4269,168,43,247.8527730480445,-102.24616188926858,21.88636492490277
4270,168,44,218.46347674834192,-102.2458718181827,21.886360070386644
4271,168,45,189.07418044863934,-102.24558174717765,21.88635521536062
4272,168,46,159.68488414893676,-102.24529167625343,21.886350359824693
4273,168,47,130.29558784923418,-102.24500160541004,21.88634550377885
4274,168,48,100.9062915495316,-102.2447115346475,21.886340647223108
4275,168,49,71.51699524982901,-102.24442146396578,21.88633579015746
4276,168,50,42.127698950126415,-102.24413139336495,21.886330932581906
4277,168,51,12.738402650423835,-102.24384132284496,21.886326074496452
4278,168,52,0.0,-102.24355125240587,21.8863212159011
4279,168,53,0.8620319219996712,-102.24326118204765,21.886316356795835
4280,168,54,30.557463394081125,-102.24297111177032,21.886311497180678
4281,168,55,60.25289486616258,-102.24268104157389,21.886306637055615
4282,168,56,89.94832633824403,-102.24239097145838,21.886301776420652
4283,168,57,119.6437578103255,-102.24210090142377,21.886296915275796
4284,168,58,149.33918928240695,-102.2418108314701,21.88629205362104
4285,168,59,179.03462075448843,-102.24152076159736,21.886287191456383
4286,168,60,208.73005222656985,-102.24123069180555,21.886282328781828
4287,168,61,238.42548369865133,-102.24094062209471,21.886277465597374
4288,168,62,268.12091517073276,-102.24065055246483,21.88627260190303
4289,168,63,297.81634664281427,-102.2403604829159,21.88626773769878
4290,168,64,327.51177811489566,-102.24007041344797,21.886262872984645
4291,169,40,329.99826516445125,-102.24702690348353,21.886650211794315
4292,169,41,300.60896886474865,-102.2467368316091,21.886645358741838
4293,169,42,271.21967256504604,-102.24644675981546,21.886640505179443
4294,169,43,241.83037626534346,-102.24615668810262,21.88663565110713
4295,169,44,212.44107996564088,-102.24586661647058,21.88663079652491
4296,169,45,183.0517836659383,-102.24557654491937,21.88662594143278
4297,169,46,153.66248736623572,-102.24528647344897,21.88662108583073
4298,169,47,124.27319106653314,-102.24499640205943,21.886616229718772
4299,169,48,94.88389476683055,-102.2447063307507,21.886611373096894
4300,169,49,65.49459846712796,-102.24441625952284,21.88660651596511
4301,169,50,36.10530216742537,-102.24412618837584,21.886601658323418
4302,169,51,6.716005867722788,-102.24383611730968,21.886596800171816
4303,169,52,0.0,-102.24354604632443,21.8865919415103
4304,169,53,5.125991312860937,-102.24325597542006,21.88658708233888
4305,169,54,34.8214227849424,-102.24296590459656,21.886582222657548
4306,169,55,64.51685425702385,-102.24267583385398,21.886577362466312
4307,169,56,94.21228572910532,-102.24238576319229,21.886572501765166
4308,169,57,123.90771720118677,-102.24209569261153,21.886567640554116
4309,169,58,153.60314867326824,-102.2418056221117,21.88656277883316
4310,169,59,183.2985801453497,-102.2415155516928,21.886557916602296
4311,169,60,212.9940116174311,-102.24122548135485,21.886553053861533
4312,169,61,242.6894430895126,-102.24093541109785,21.88654819061086
4313,169,62,272.384874561594,-102.2406453409218,21.886543326850287
4314,169,63,302.0803060336755,-102.24035527082673,21.88653846257981
4315,169,64,331.775737505757,-102.24006520081265,21.886533597799424
4316,170,40,323.9758683817502,-102.2470217038753,21.88692093818687
4317,170,41,294.58657208204755,-102.2467316314547,21.88691608506831
4318,170,42,265.197275782345,-102.24644155911487,21.88691123143983
4319,170,43,235.80797948264242,-102.24615148685587,21.88690637730143
4320,170,44,206.41868318293982,-102.24586141467765,21.8869015226531
4321,170,45,177.02938688323727,-102.24557134258026,21.886896667494863
4322,170,46,147.6400905835347,-102.2452812705637,21.886891811826693
4323,170,47,118.25079428383208,-102.24499119862796,21.886886955648617
4324,170,48,88.86149798412951,-102.24470112677307,21.886882098960616
4325,170,49,59.47220168442691,-102.24441105499903,21.886877241762694
4326,170,50,30.082905384724324,-102.24412098330585,21.886872384054854
4327,170,51,0.6936090850217416,-102.24383091169354,21.886867525837104
4328,170,52,0.0,-102.24354084016211,21.88686266710943
4329,170,53,11.004452887781788,-102.24325076871156,21.886857807871852
4330,170,54,40.39253390702584,-102.24296069734191,21.886852948124343
4331,170,55,69.78061492626989,-102.24267062605314,21.88684808786693
4332,170,56,99.16869594551395,-102.24238055484531,21.8868432270996
4333,170,57,128.556776964758,-102.24209048371837,21.88683836582236
4334,170,58,157.98174234717825,-102.24180041267238,21.886833504035202
4335,170,59,187.57073388342627,-102.24151034170731,21.886828641738138
4336,170,60,217.25797100829243,-102.24122027082319,21.886823778931156
4337,170,61,246.95340248037385,-102.24093020002002,21.886818915614267
4338,170,62,276.64883395245533,-102.24064012929782,21.886814051787464
4339,170,63,306.3442654245368,-102.24035005865659,21.886809187450755
4340,170,64,336.0396968966182,-102.24005998809632,21.886804322604135
4341,171,39,347.34276789875173,-102.24730657723387,21.88719651724407
4342,171,40,317.9534715990492,-102.24701650418629,21.887191664569357
4343,171,41,288.5641752993466,-102.2467264312195,21.88718681138472
4344,171,42,259.174878999644,-102.2464363583335,21.887181957690153
4345,171,43,229.7855826999414,-102.2461462855283,21.887177103485655
4346,171,44,200.3962864002388,-102.24585621280389,21.887172248771225
4347,171,45,171.00699010053623,-102.24556614016032,21.887167393546875
4348,171,46,141.61769380083365,-102.24527606759757,21.8871625378126
4349,171,47,112.22839750113104,-102.24498599511566,21.887157681568393
4350,171,48,82.83910120142846,-102.24469592271458,21.88715282481426
4351,171,49,53.44980490172586,-102.24440585039437,21.887147967550206
4352,171,50,24.06050860202328,-102.244115778155,21.887143109776225
4353,171,51,0.0,-102.24382570599653,21.88713825149232
4354,171,52,0.0,-102.24353563391891,21.887133392698495
4355,171,53,17.032777199424906,-102.24324556192218,21.88712853339474
4356,171,54,46.420858218668954,-102.24295549000634,21.887123673581073
4357,171,55,75.808939237913,-102.24266541817141,21.887118813257477
4358,171,56,105.19702025715706,-102.24237534641739,21.88711395242396
4359,171,57,134.58510127640113,-102.2420852747443,21.88710909108053
4360,171,58,163.97318229564516,-102.24179520315212,21.887104229227177
4361,171,59,193.36126331488921,-102.24150513164088,21.8870993668639
4362,171,60,222.74934433413324,-102.24121506021058,21.88709450399071
4363,171,61,252.1374253533773,-102.24092498886124,21.8870896406076
4364,171,62,281.52550637262135,-102.24063491759287,21.88708477671457
4365,171,63,310.9415121702949,-102.24034484640546,21.88707991231163
4366,171,64,340.4543629993109,-102.24005477529903,21.88707504739877
4367,172,39,340.51480802596944,-102.24730137801028,21.887467243682565
4368,172,40,311.66908959674805,-102.2470113044165,21.887462390941774
4369,172,41,282.54177851664554,-102.24672123090352,21.887457537691052
4370,172,42,253.15248221694296,-102.2464311574713,21.887452683930395
4371,172,43,223.76318591724035,-102.24614108411991,21.887447829659806
4372,172,44,194.37388961753777,-102.24585101084932,21.88744297487928
4373,172,45,164.9845933178352,-102.24556093765956,21.88743811958882
4374,172,46,135.59529701813258,-102.24527086455062,21.88743326378842
4375,172,47,106.20600071843,-102.24498079152252,21.887428407478094
4376,172,48,76.81670441872741,-102.24469071857526,21.887423550657832
4377,172,49,47.42740811902482,-102.24440064570884,21.887418693327643
4378,172,50,18.038111819322232,-102.24411057292329,21.887413835487518
4379,172,51,0.0,-102.24382050021862,21.88740897713746
4380,172,52,0.0,-102.24353042759482,21.88740411827748
4381,172,53,23.06110151106802,-102.2432403550519,21.887399258907564
4382,172,54,52.44918253031207,-102.24295028258987,21.88739439902772
4383,172,55,81.83726354955611,-102.24266021020875,21.88738953863795
4384,172,56,111.22534456880017,-102.24237013790855,21.88738467773825
4385,172,57,140.61342558804424,-102.24208006568927,21.88737981632862
4386,172,58,170.0015066072883,-102.24178999355091,21.88737495440907
4387,172,59,199.38958762653235,-102.2414999214935,21.88737009197959
4388,172,60,228.7776686457764,-102.24120984951702,21.887365229040192
4389,172,61,258.1657496650204,-102.2409197776215,21.887360365590858
4390,172,62,287.5538306842645,-102.24062970580694,21.887355501631603
4391,172,63,316.9419117035085,-102.24033963407335,21.887350637162427
4392,172,64,346.3299927227526,-102.24004956242074,21.887345772183327
4393,173,39,332.27317418903647,-102.2472961787059,21.887737970110983
4394,173,40,303.427455759815,-102.24700610456593,21.88773311730412
4395,173,41,274.5817373305937,-102.24671603050673,21.88772826398732
4396,173,42,245.73601890137232,-102.24642595652833,21.887723410160575
4397,173,43,216.89030047215093,-102.24613588263072,21.88771855582389
4398,173,44,188.04458204292956,-102.24584580881394,21.887713700977258
4399,173,45,158.96219653513413,-102.24555573507797,21.88770884562069
4400,173,46,129.57290023543155,-102.24526566142282,21.88770398975418
4401,173,47,100.18360393572895,-102.24497558784853,21.887699133377726
4402,173,48,70.79430763602637,-102.24468551435507,21.887694276491338
4403,173,49,41.405011336323774,-102.24439544094245,21.887689419095008
4404,173,50,12.015715036621188,-102.24410536761071,21.88768456118874
4405,173,51,0.0,-102.24381529435983,21.887679702772534
4406,173,52,0.0,-102.24352522118984,21.88767484384639
4407,173,53,29.08942582271113,-102.24323514810072,21.887669984410312
4408,173,54,58.47750684195518,-102.2429450750925,21.887665124464295
4409,173,55,87.86558786119923,-102.2426550021652,21.88766026400835
4410,173,56,117.25366888044329,-102.2423649293188,21.887655403042462
4411,173,57,146.6417498996873,-102.24207485655332,21.887650541566643
4412,173,58,176.02983091893137,-102.24178478386878,21.887645679580896
4413,173,59,205.41791193817542,-102.24149471126516,21.887640817085206
4414,173,60,234.80599295741948,-102.24120463874249,21.88763595407959
4415,173,61,264.19407397666356,-102.24091456630077,21.88763109056404
4416,173,62,293.5821549959076,-102.24062449394005,21.887626226538558
4417,173,63,322.97023601515167,-102.24033442166025,21.88762136200315
4418,174,39,324.03154035210343,-102.24729097932075,21.88800869652933
4419,174,40,295.1858219228821,-102.24700090463455,21.8880038436564
4420,174,41,266.3401034936607,-102.24671083002914,21.887998990273513
4421,174,42,237.49438506443934,-102.24642075550453,21.887994136380684
4422,174,43,208.64866663521798,-102.24613068106073,21.887989281977898
4423,174,44,179.80294820599659,-102.24584060669773,21.887984427065167
4424,174,45,150.95722977677522,-102.24555053241555,21.887979571642486
4425,174,46,122.11151134755389,-102.2452604582142,21.887974715709863
4426,174,47,93.26579291833251,-102.24497038409369,21.887969859267283
4427,174,48,64.42007448911112,-102.24468031005402,21.887965002314765
4428,174,49,35.38261455362272,-102.24439023609521,21.887960144852297
4429,174,50,5.993318253920141,-102.24410016221726,21.88795528687989
4430,174,51,0.0,-102.24381008842018,21.88795042839753
4431,174,52,7.190757674719368,-102.24352001470398,21.88794556940523
4432,174,53,35.83646096466424,-102.24322994106866,21.887940709902985
4433,174,54,64.57400832342697,-102.24293986751425,21.8879358498908
4434,174,55,93.89391217284235,-102.24264979404073,21.887930989368673
4435,174,56,123.28199319208638,-102.24235972064812,21.887926128336602
4436,174,57,152.67007421133042,-102.24206964733645,21.88792126679459
4437,174,58,182.05815523057447,-102.24177957410569,21.887916404742636
4438,174,59,211.44623624981853,-102.24148950095588,21.887911542180742
4439,174,60,240.83431726906258,-102.24119942788701,21.887906679108912
4440,174,61,270.22239828830664,-102.24090935489912,21.887901815527147
4441,174,62,299.6104793075507,-102.24061928199217,21.887896951435433
4442,174,63,328.9985603267948,-102.24032920916619,21.88789208683379
4443,175,38,344.63562494439185,-102.24757585516801,21.88828427536666
4444,175,39,315.7899065151705,-102.24728577985482,21.888279422937615
4445,175,40,286.9441880859491,-102.24699570462242,21.888274569998604
4446,175,41,258.09846965672773,-102.24670562947078,21.88826971654964
4447,175,42,229.2527512275064,-102.24641555439996,21.888264862590713
4448,175,43,200.407032798285,-102.24612547940993,21.888260008121843
4449,175,44,171.5613143690636,-102.24583540450071,21.888255153143003
4450,175,45,142.71559593984225,-102.24554532967231,21.888250297654213
4451,175,46,113.86987751062091,-102.24525525492474,21.88824544165547
4452,175,47,85.02415908139955,-102.24496518025802,21.888240585146775
4453,175,48,56.17844065217815,-102.24467510567213,21.88823572812812
4454,175,49,27.33272222295679,-102.24438503116711,21.888230870599518
4455,175,50,0.0,-102.24409495674294,21.888226012560963
4456,175,51,0.0,-102.24380488239964,21.88822115401246
4457,175,52,16.102754253738112,-102.24351480813723,21.888216294954
4458,175,53,44.74845754368298,-102.2432247339557,21.88821143538559
4459,175,54,73.39416083362784,-102.24293465985508,21.88820657530723
4460,175,55,102.03986412357271,-102.24264458583535,21.88820171471892
4461,175,56,130.68556741351756,-102.24235451189654,21.888196853620666
4462,175,57,159.3386464568341,-102.24206443803864,21.888191992012462
4463,175,58,188.26694620522522,-102.24177436426169,21.888187129894312
4464,175,59,217.48581979565097,-102.24148429056567,21.888182267266206
4465,175,60,246.8626415807057,-102.24119421695059,21.88817740412816
4466,175,61,276.25072259994977,-102.24090414341647,21.888172540480177
4467,175,62,305.6388036191938,-102.24061406996333,21.888167676322233
4468,175,63,335.0268846384379,-102.24032399659114,21.88816281165436
4469,176,38,336.39399110745893,-102.24757065616754,21.888555001830937
4470,176,39,307.54827267823754,-102.24728058030811,21.888550149335824
4471,176,40,278.7025542490162,-102.24699050452948,21.888545296330744
4472,176,41,249.85683581979478,-102.24670042883163,21.888540442815692
4473,176,42,221.01111739057342,-102.24641035321456,21.88853558879069
4474,176,43,192.16539896135203,-102.2461202776783,21.88853073425571
4475,176,44,163.31968053213066,-102.24583020222286,21.888525879210768
4476,176,45,134.4739621029093,-102.24554012684824,21.888521023655873
4477,176,46,105.62824367368795,-102.24525005155445,21.888516167591007
4478,176,47,76.78252524446658,-102.24495997634149,21.888511311016188
4479,176,48,47.9368068152452,-102.24466990120938,21.88850645393141
4480,176,49,19.09108838602382,-102.24437982615814,21.88850159633667
4481,176,50,0.0,-102.24408975118774,21.888496738231964
4482,176,51,0.0,-102.24379967629822,21.88849187961731
4483,176,52,25.01475083275686,-102.24350960148959,21.88848702049269
4484,176,53,53.660454122701736,-102.24321952676185,21.888482160858118
4485,176,54,82.30615741264658,-102.24292945211499,21.88847730071359
4486,176,55,110.95186070259145,-102.24263937754904,21.888472440059097
4487,176,56,139.59756399253632,-102.24234930306402,21.888467578894655
4488,176,57,168.24326728248118,-102.24205922865991,21.88846271722026
4489,176,58,196.88897057242605,-102.24176915433674,21.888457855035906
4490,176,59,225.53467386237094,-102.24147908009449,21.8884529923416
4491,176,60,254.1803771523158,-102.24118900593321,21.888448129137345
4492,176,61,282.95484575667393,-102.24089893185287,21.88844326542313
4493,176,62,311.96006718156787,-102.24060885785352,21.888438401198968
4494,176,63,341.1373950399949,-102.24031878393511,21.888433536464852
4495,177,38,328.15235727052595,-102.2475654570863,21.88882572828515
4496,177,39,299.3066388413046,-102.24727538068063,21.888820875723965
4497,177,40,270.4609204120832,-102.24698530435575,21.888816022652808
4498,177,41,241.61520198286183,-102.24669522811166,21.888811169071676
4499,177,42,212.76948355364044,-102.24640515194837,21.888806314980574
4500,177,43,183.92376512441905,-102.24611507586587,21.888801460379504
4501,177,44,155.07804669519768,-102.2458249998642,21.888796605268464
4502,177,45,126.23232826597635,-102.24553492394334,21.888791749647453
4503,177,46,97.38660983675499,-102.24524484810331,21.888786893516475
4504,177,47,68.54089140753362,-102.24495477234412,21.888782036875533
4505,177,48,39.69517297831223,-102.24466469666578,21.88877717972462
4506,177,49,10.84945454909086,-102.24437462106829,21.88877232206374
4507,177,50,0.0,-102.24408454555169,21.888767463892897
4508,177,51,4.971675370533718,-102.24379447011593,21.888762605212086
4509,177,52,33.90002853905603,-102.24350439476106,21.88875774602131
4510,177,53,62.57245070172048,-102.24321431948708,21.888752886320567
4511,177,54,91.21815399166533,-102.242924244294,21.88874802610987
4512,177,55,119.86385728161021,-102.24263416918183,21.8887431653892
4513,177,56,148.50956057155508,-102.24234409415057,21.888738304158576
4514,177,57,177.15526386149992,-102.24205401920024,21.888733442417983
4515,177,58,205.8009671514448,-102.24176394433083,21.888728580167427
4516,177,59,234.44667044138964,-102.24147386954238,21.88872371740692
4517,177,60,263.09237373133453,-102.24118379483487,21.888718854136442
4518,177,61,291.7380770212794,-102.2408937202083,21.888713990356013
4519,177,62,320.38378031122426,-102.24060364566272,21.888709126065624
4520,178,38,319.910723433593,-102.24756025792428,21.889096454729287
4521,178,39,291.0650050043716,-102.24727018097238,21.88909160210203
4522,178,40,262.21928657515025,-102.24698010410124,21.889086748964797
4523,178,41,233.37356814592886,-102.2466900273109,21.88908189531759
4524,178,42,204.52784971670746,-102.24639995060136,21.889077041160398
4525,178,43,175.6821312874861,-102.24610987397261,21.88907218649323
4526,178,44,146.83641285826474,-102.24581979742472,21.889067331316088
4527,178,45,117.99069442904337,-102.2455297209576,21.889062475628965
4528,178,46,89.14497599982202,-102.24523964457133,21.889057619431867
4529,178,47,60.29925757060065,-102.24494956826591,21.889052762724802
4530,178,48,31.453539141379267,-102.24465949204132,21.889047905507756
4531,178,49,2.6078207121578965,-102.2443694158976,21.889043047780742
4532,178,50,0.0,-102.24407933983474,21.88903818954375
4533,178,51,12.9183968931017,-102.24378926385276,21.88903333079679
4534,178,52,41.846750061624014,-102.24349918795164,21.889028471539856
4535,178,53,70.77510323014631,-102.24320911213142,21.889023611772952
4536,178,54,99.70345639866864,-102.24291903639211,21.889018751496074
4537,178,55,128.63180956719094,-102.2426289607337,21.88901389070923
4538,178,56,157.42155715057382,-102.24233888515622,21.889009029412414
4539,178,57,186.06726044051868,-102.24204880965964,21.889004167605627
4540,178,58,214.7129637304635,-102.241758734244,21.888999305288877
4541,178,59,243.3586670204084,-102.24146865890931,21.888994442462156
4542,178,60,272.0043703103533,-102.24117858365557,21.88898957912547
4543,178,61,300.65007360029813,-102.24088850848277,21.888984715278816
4544,178,62,329.295776890243,-102.24059843339096,21.888979850922198
4545,179,37,340.5148080258814,-102.24784513626042,21.889372033346692
4546,179,38,311.66908959666,-102.24755505868148,21.889367181163355
4547,179,39,282.82337116743867,-102.24726498118333,21.889362328470032
4548,179,40,253.97765273821727,-102.24697490376595,21.88935747526672
4549,179,41,225.13193430899588,-102.24668482642936,21.88935262155343
4550,179,42,196.28621587977452,-102.24639474917355,21.889347767330147
4551,179,43,167.44049745055312,-102.24610467199857,21.889342912596884
4552,179,44,138.59477902133176,-102.2458145949044,21.889338057353633
4553,179,45,109.7490605921104,-102.24552451789104,21.8893332016004
4554,179,46,80.90334216288906,-102.24523444095853,21.889328345337194
4555,179,47,52.05762373366768,-102.24494436410684,21.889323488564
4556,179,48,23.211905304446297,-102.24465428733602,21.88931863128083
4557,179,49,0.0,-102.24436421064603,21.88931377348767
4558,179,50,0.0,-102.24407413403692,21.889308915184532
4559,179,51,20.865118415669684,-102.24378405750869,21.88930405637142
4560,179,52,49.793471584192,-102.24349398106133,21.889299197048324
4561,179,53,78.72182475271431,-102.24320390469488,21.889294337215254
4562,179,54,107.65017792123662,-102.24291382840931,21.889289476872207
4563,179,55,136.5785310897589,-102.24262375220466,21.88928461601918
4564,179,56,165.5068842582812,-102.24233367608092,21.88927975465618
4565,179,57,194.43523742680352,-102.2420436000381,21.889274892783202
4566,179,58,223.36359059532586,-102.24175352407623,21.889270030400247
4567,179,59,252.27066359942717,-102.24146344819529,21.889265167507318
4568,179,60,280.91636688937206,-102.24117337239531,21.88926030410442
4569,179,61,309.5620701793169,-102.24088329667627,21.889255440191544
4570,179,62,338.2077734692618,-102.24059322103821,21.889250575768695
4571,180,37,332.2731741889484,-102.24783993748314,21.88964275983675
4572,180,38,303.4274557597271,-102.24754985935793,21.88963790758735
4573,180,39,274.5817373305057,-102.2472597813135,21.88963305482796
4574,180,40,245.73601890128433,-102.24696970334986,21.88962820155857
4575,180,41,216.8903004720629,-102.246679625467,21.889623347779192
4576,180,42,188.04458204284154,-102.24638954766493,21.889618493489827
4577,180,43,159.19886361362018,-102.24609946994369,21.88961363869046
4578,180,44,130.3531451843988,-102.24580939230326,21.889608783381107
4579,180,45,101.50742675517743,-102.24551931474363,21.889603927561765
4580,180,46,72.6617083259561,-102.24522923726487,21.88959907123244
4581,180,47,43.81598989673472,-102.24493915986693,21.88959421439312
4582,180,48,14.970271467513337,-102.24464908254983,21.889589357043814
4583,180,49,0.0,-102.2443590053136,21.889584499184522
4584,180,50,0.0,-102.24406892815824,21.88957964081524
4585,180,51,28.811839938237668,-102.24377885108375,21.889574781935973
4586,180,52,57.74019310675997,-102.24348877409014,21.88956992254672
4587,180,53,86.6685462752823,-102.24319869717742,21.88956506264748
4588,180,54,115.59689944380459,-102.24290862034562,21.88956020223826
4589,180,55,144.52525261232688,-102.2426185435947,21.889555341319053
4590,180,56,173.4536057808492,-102.2423284669247,21.88955047988986
4591,180,57,202.38195894937152,-102.24203839033564,21.88954561795069
4592,180,58,231.31031211789383,-102.24174831382751,21.889540755501535
4593,180,59,260.2386652864161,-102.24145823740034,21.889535892542405
4594,180,60,289.16701845493844,-102.24116816105409,21.889531029073286
4595,180,61,318.0953716234607,-102.24087808478882,21.889526165094185
4596,180,62,347.02372479198306,-102.2405880086045,21.889521300605107
4597,181,37,324.0315403520155,-102.24783473862507,21.889913486316736
4598,181,38,295.1858219227941,-102.24754465995359,21.889908634001277
4599,181,39,266.34010349357277,-102.2472545813629,21.88990378117581
4600,181,40,237.49438506435135,-102.24696450285298,21.88989892784035
4601,181,41,208.64866663512996,-102.24667442442384,21.889894073994885
4602,181,42,179.8029482059086,-102.24638434607552,21.88988921963943
4603,181,43,150.9572297766872,-102.246094267808,21.889884364773966
4604,181,44,122.11151134746584,-102.2458041896213,21.889879509398515
4605,181,45,93.26579291824447,-102.2455141115154,21.88987465351306
4606,181,46,64.42007448902312,-102.24522403349037,21.88986979711762
4607,181,47,35.57435605980175,-102.24493395554616,21.889864940212167
4608,181,48,6.728637630580372,-102.2446438776828,21.889860082796737
4609,181,49,0.0,-102.24435379990031,21.8898552248713
4610,181,50,7.830208292283337,-102.24406372219867,21.889850366435873
4611,181,51,36.75856146080565,-102.24377364457793,21.88984550749045
4612,181,52,65.68691462932796,-102.24348356703806,21.889840648035044
4613,181,53,94.61526779785027,-102.24319348957907,21.889835788069643
4614,181,54,123.54362096637259,-102.242903412201,21.889830927594243
4615,181,55,152.47197413489485,-102.24261333490382,21.889826066608858
4616,181,56,181.40032730341719,-102.24232325768757,21.88982120511348
4617,181,57,210.32868047193946,-102.24203318055226,21.889816343108112
4618,181,58,239.25703364046177,-102.24174310349785,21.889811480592755
4619,181,59,268.1853868089841,-102.24145302652441,21.889806617567416
4620,181,60,297.11373997750644,-102.24116294963191,21.88980175403208
4621,181,61,326.0420931460287,-102.24087287282038,21.88979688998676
4622,182,36,344.6356249443039,-102.24811961898476,21.890189064658173
4623,182,37,315.7899065150825,-102.24782953968624,21.890184212786654
4624,182,38,286.94418808586113,-102.2475394604685,21.890179360405135
4625,182,39,258.09846965663974,-102.24724938133151,21.890174507513603
4626,182,40,229.2527512274184,-102.24695930227531,21.89016965411206
4627,182,41,200.40703279819698,-102.2466692232999,21.890164800200516
4628,182,42,171.56131436897562,-102.2463791444053,21.890159945778965
4629,182,43,142.71559593975425,-102.24608906559149,21.89015509084741
4630,182,44,113.86987751053289,-102.24579898685852,21.890150235405848
4631,182,45,85.02415908131151,-102.24550890820636,21.890145379454285
4632,182,46,56.17844065209015,-102.24521882963502,21.89014052299272
4633,182,47,27.332722222868785,-102.24492875114454,21.890135666021155
4634,182,48,0.0,-102.24463867273492,21.89013080853958
4635,182,49,0.0,-102.24434859440615,21.89012595054801
4636,182,50,15.77692981485132,-102.24405851615825,21.89012109204644
4637,182,51,44.70528298337363,-102.2437684379912,21.890116233034867
4638,182,52,73.63363615189594,-102.24347835990507,21.8901113735133
4639,182,53,102.56198932041826,-102.24318828189982,21.89010651348172
4640,182,54,131.49034248894057,-102.24289820397547,21.890101652940153
4641,182,55,160.41869565746285,-102.24260812613203,21.890096791888585
4642,182,56,189.34704882598515,-102.24231804836951,21.89009193032702
4643,182,57,218.27540199450746,-102.24202797068791,21.890087068255465
4644,182,58,247.20375516302977,-102.24173789308726,21.890082205673906
4645,182,59,276.1321083315521,-102.24144781556754,21.890077342582355
4646,182,60,305.0604615000744,-102.24115773812878,21.890072478980805
4647,182,61,333.9888146685967,-102.24086766077097,21.890067614869267
4648,183,36,336.3939911073709,-102.24811442051147,21.890459791184075
4649,183,37,307.54827267814954,-102.24782434066665,21.890454939246503
4650,183,38,278.70255424892815,-102.24753426090261,21.890450086798914
4651,183,39,249.8568358197068,-102.24724418121933,21.890445233841316
4652,183,40,221.01111739048542,-102.24695410161685,21.890440380373697
4653,183,41,192.16539896126406,-102.24666402209515,21.890435526396068
4654,183,42,163.3196805320427,-102.24637394265426,21.890430671908426
4655,183,43,134.4739621028213,-102.24608386329417,21.89042581691077
4656,183,44,105.62824367359994,-102.24579378401491,21.89042096140311
4657,183,45,76.78252524437855,-102.24550370481646,21.890416105385434
4658,183,46,47.936806815157205,-102.24521362569885,21.89041124885775
4659,183,47,19.09108838593583,-102.2449235466621,21.890406391820054
4660,183,48,0.0,-102.24463346770618,21.890401534272353
4661,183,49,0.0,-102.24434338883111,21.890396676214646
4662,183,50,23.7236513374193,-102.24405331003693,21.890391817646925
4663,183,51,52.65200450594161,-102.24376323132363,21.890386958569202
4664,183,52,81.58035767446393,-102.2434731526912,21.890382098981473
4665,183,53,110.50871084298623,-102.24318307413967,21.890377238883733
4666,183,54,139.43706401150857,-102.24289299566902,21.89037237827599
4667,183,55,168.36541718003085,-102.24260291727933,21.890367517158236
4668,183,56,197.29377034855318,-102.24231283897052,21.890362655530488
4669,183,57,226.22212351707552,-102.24202276074264,21.89035779339273
4670,183,58,255.1504766855978,-102.24173268259571,21.89035293074497
4671,183,59,284.0788298541201,-102.24144260452972,21.890348067587215
4672,183,60,313.0071830226424,-102.24115252654468,21.89034320391945
4673,183,61,341.9355361911647,-102.24086244864061,21.89033833974168
4674,184,36,328.15235727043796,-102.24810922195742,21.890730517699907
4675,184,37,299.30663884121657,-102.2478191415663,21.89072566569628
4676,184,38,270.46092041199523,-102.24752906125596,21.890720813182625
4677,184,39,241.61520198277384,-102.24723898102638,21.890715960158957
4678,184,40,212.76948355355248,-102.2469489008776,21.890711106625265
4679,184,41,183.92376512433108,-102.2466588208096,21.89070625258155
4680,184,42,155.07804669510972,-102.24636874082242,21.89070139802782
4681,184,43,126.23232826588836,-102.24607866091603,21.890696542964065
4682,184,44,97.38660983666696,-102.24578858109047,21.890691687390305
4683,184,45,68.54089140744559,-102.24549850134574,21.890686831306514
4684,184,46,39.69517297822424,-102.24520842168182,21.89068197471271
4685,184,47,10.849454549002866,-102.24491834209877,21.89067711760889
4686,184,48,0.0,-102.24462826259656,21.890672259995057
4687,184,49,2.789685246148922,-102.24433818317522,21.8906674018712
4688,184,50,31.670372859987285,-102.24404810383474,21.89066254323734
4689,184,51,60.5987260285096,-102.24375802457514,21.890657684093462
4690,184,52,89.52707919703191,-102.24346794539643,21.890652824439567
4691,184,53,118.45543236555423,-102.2431778662986,21.89064796427566
4692,184,54,147.3837855340765,-102.24288778728169,21.890643103601743
4693,184,55,176.31213870259884,-102.24259770834568,21.890638242417815
4694,184,56,205.24049187112115,-102.2423076294906,21.890633380723873
4695,184,57,234.16884503964343,-102.24201755071644,21.890628518519925
4696,184,58,263.09719820816576,-102.24172747202321,21.890623655805964
4697,184,59,292.0255513766881,-102.24143739341095,21.890618792581996
4698,184,60,320.9539045452104,-102.24114731487961,21.890613928848015
4699,185,36,319.910723433505,-102.2481040233226,21.891001244205665
4700,185,37,291.06500500428365,-102.24781394238518,21.890996392135982
4701,185,38,262.21928657506226,-102.24752386152853,21.890991539556268
4702,185,39,233.37356814584086,-102.24723378075264,21.890986686466526
4703,185,40,204.5278497166195,-102.24694370005756,21.890981832866753
4704,185,41,175.68213128739814,-102.24665361944326,21.89097697875696
4705,185,42,146.83641285817677,-102.24636353890976,21.890972124137136
4706,185,43,117.99069442895536,-102.24607345845708,21.890967269007287
4707,185,44,89.144975999734,-102.2457833780852,21.890962413367415
4708,185,45,60.29925757051264,-102.24549329779417,21.89095755721751
4709,185,46,31.453539141291277,-102.24520321758396,21.890952700557595
4710,185,47,2.607820712069903,-102.2449131374546,21.890947843387647
4711,185,48,0.0,-102.2446230574061,21.890942985707678
4712,185,49,11.023381039202633,-102.24433297743845,21.890938127517693
4713,185,50,39.871366299658,-102.24404289755167,21.89093326881768
4714,185,51,68.71935156011337,-102.24375281774577,21.890928409607646
4715,185,52,97.56733682056871,-102.24346273802077,21.890923549887592
4716,185,53,126.41532208102407,-102.24317265837665,21.890918689657518
4717,185,54,155.3305070566445,-102.24288257881344,21.890913828917427
4718,185,55,184.25886022516679,-102.24259249933112,21.89090896766732
4719,185,56,213.18721339368912,-102.24230241992974,21.890904105907186
4720,185,57,242.11556656221143,-102.24201234060929,21.890899243637044
4721,185,58,271.0439197307337,-102.24172226136979,21.89089438085688
4722,185,59,299.97227289925604,-102.24143218221121,21.8908895175667
4723,185,60,328.9006260677783,-102.2411421031336,21.890884653766506
4724,186,35,340.5148080257934,-102.24838890617151,21.89127682232706
4725,186,36,311.66908959657206,-102.24809882460701,21.891271970701354
4726,186,37,282.8233711673507,-102.24780874312327,21.89126711856562
4727,186,38,253.97765273812925,-102.2475186617203,21.89126226591984
4728,186,39,225.13193430890792,-102.24722858039812,21.891257412764027
4729,186,40,196.28621587968655,-102.24693849915671,21.891252559098177
4730,186,41,167.4404974504652,-102.24664841799611,21.891247704922296
4731,186,42,138.5947790212438,-102.2463583369163,21.89124285023638
4732,186,43,109.7490605920224,-102.24606825591731,21.891237995040434
4733,186,44,80.90334216280104,-102.24577817499912,21.891233139334457
4734,186,45,52.05762373357967,-102.24548809416177,21.891228283118448
4735,186,46,23.21190530435831,-102.24519801340526,21.891223426392408
4736,186,47,0.0,-102.24490793272959,21.891218569156337
4737,186,48,0.0,-102.24461785213477,21.89121371141023
4738,186,49,19.25707683225634,-102.2443277716208,21.8912088531541
4739,186,50,48.105062092711705,-102.24403769118773,21.891203994387944
4740,186,51,76.95304735316707,-102.24374761083553,21.891199135111755
4741,186,52,105.80103261362243,-102.24345753056421,21.89119427532555
4742,186,53,134.64901787407777,-102.24316745037379,21.891189415029302
4743,186,54,163.49700313453314,-102.24287737026427,21.891184554223038
4744,186,55,192.34498839498852,-102.24258729023565,21.891179692906743
4745,186,56,221.19297365544386,-102.24229721028797,21.891174831080424
4746,186,57,250.06228808477942,-102.24200713042123,21.891169968744087
4747,186,58,278.9906412533017,-102.2417170506354,21.891165105897723
4748,186,59,307.91899442182404,-102.24142697093053,21.891160242541332
4749,186,60,336.8473475903463,-102.24113689130662,21.89115537867492
4750,187,35,332.4538440853277,-102.2483837079215,21.891547548878737
4751,187,36,303.46470340188205,-102.2480936258107,21.891542697186974
4752,187,37,274.5817373304177,-102.24780354378062,21.891537844985177
4753,187,38,245.7360189011963,-102.24751346183133,21.891532992273337
4754,187,39,216.89030047197494,-102.24722337996282,21.891528139051456
4755,187,40,188.04458204275358,-102.2469332981751,21.891523285319526
4756,187,41,159.1988636135322,-102.24664321646816,21.891518431077564
4757,187,42,130.35314518431082,-102.24635313484202,21.891513576325558
4758,187,43,101.50742675508944,-102.2460630532967,21.891508721063513
4759,187,44,72.66170832586808,-102.2457729718322,21.891503865291423
4760,187,45,43.8159898966467,-102.24548289044853,21.8914990090093
4761,187,46,14.970271467425347,-102.2451928091457,21.89149415221714
4762,187,47,0.0,-102.24490272792372,21.891489294914944
4763,187,48,0.0,-102.24461264678258,21.89148443710271
4764,187,49,27.490772625310054,-102.2443225657223,21.89147957878044
4765,187,50,56.33875788576542,-102.24403248474292,21.891474719948132
4766,187,51,85.18674314622078,-102.24374240384438,21.891469860605795
4767,187,52,114.03472840667612,-102.24345232302674,21.891465000753417
4768,187,53,142.8827136671315,-102.24316224229001,21.89146014039101
4769,187,54,171.73069892758684,-102.24287216163418,21.89145527951857
4770,187,55,200.57868418804222,-102.24258208105927,21.891450418136095
4771,187,56,229.42666944849756,-102.24229200056527,21.89144555624359
4772,187,57,258.27465470895294,-102.2420019201522,21.89144069384105
4773,187,58,287.1226399694082,-102.24171183982008,21.891435830928483
4774,187,59,315.97062522986363,-102.2414217595689,21.891430967505887
4775,187,60,344.818610490319,-102.24113167939868,21.89142610357326
4776,188,35,324.73513764070816,-102.24837850959075,21.891818275420338
4777,188,36,295.74511227297546,-102.24808842693359,21.891813423662526
4778,188,37,266.7550869052427,-102.24779834435721,21.891808571394677
4779,188,38,237.7650615375099,-102.24750826186157,21.891803718616767
4780,188,39,208.7750361697772,-102.24721817944672,21.891798865328813
4781,188,40,179.80406486502943,-102.24692809711266,21.89179401153081
4782,188,41,150.95722977659926,-102.2466380148594,21.891789157222753
4783,188,42,122.11151134737786,-102.24634793268693,21.891784302404663
4784,188,43,93.26579291815648,-102.24605785059529,21.891779447076516
4785,188,44,64.42007448893511,-102.24576776858446,21.891774591238327
4786,188,45,35.574356059713736,-102.24547768665445,21.89176973489009
4787,188,46,6.728637630492382,-102.2451876048053,21.89176487803181
4788,188,47,0.0,-102.244897523037,21.891760020663487
4789,188,48,6.876483157908402,-102.24460744134953,21.89175516278512
4790,188,49,35.72446841836376,-102.24431735974294,21.89175030439671
4791,188,50,64.57245367881913,-102.2440272782172,21.891745445498252
4792,188,51,93.42043893927449,-102.24373719677236,21.89174058608976
4793,188,52,122.26842419972984,-102.2434471154084,21.891735726171223
4794,188,53,151.1164094601852,-102.24315703412535,21.891730865742648
4795,188,54,179.96439472064057,-102.2428669529232,21.89172600480403
4796,188,55,208.81237998109592,-102.24257687180196,21.891721143355372
4797,188,56,237.6603652415513,-102.24228679076164,21.89171628139668
4798,188,57,266.50835050200664,-102.24199670980225,21.891711418927944
4799,188,58,295.356335762462,-102.24170662892381,21.891706555949177
4800,188,59,324.2043210229173,-102.2414165481263,21.891701692460366
4801,189,34,346.0064565638215,-102.24866339446349,21.89209385326566
4802,189,35,317.0164311960887,-102.24837331117922,21.892089001951863
4803,189,36,288.0264058283559,-102.24808322797574,21.892084150128007
4804,189,37,259.03638046062315,-102.24779314485299,21.89207929779409
4805,189,38,230.04635509289042,-102.24750306181103,21.892074444950122
4806,189,39,201.05632972515764,-102.24721297884984,21.892069591596094
4807,189,40,172.06630435742488,-102.24692289596943,21.89206473773201
4808,189,41,143.0762789896921,-102.24663281316984,21.892059883357877
4809,189,42,114.08625362195933,-102.24634273045103,21.89205502847369
4810,189,43,85.09622825422657,-102.24605264781304,21.892050173079443
4811,189,44,56.178440652002145,-102.24576256525589,21.89204531717515
4812,189,45,27.332722222780777,-102.24547248277955,21.8920404607608
4813,189,46,0.0,-102.24518240038405,21.892035603836398
4814,189,47,0.0,-102.2448923180694,21.89203074640195
4815,189,48,15.110178950962112,-102.2446022358356,21.892025888457443
4816,189,49,43.958164211417476,-102.24431215368267,21.892021030002898
4817,189,50,72.80614947187284,-102.24402207161063,21.892016171038296
4818,189,51,101.6541347323282,-102.24373198961945,21.892011311563646
4819,189,52,130.50211999278355,-102.24344190770915,21.892006451578947
4820,189,53,159.35010525323892,-102.24315182587976,21.892001591084203
4821,189,54,188.19809051369427,-102.24286174413128,21.89199673007941
4822,189,55,217.0460757741496,-102.24257166246372,21.89199186856457
4823,189,56,245.894061034605,-102.24228158087706,21.89198700653969
4824,189,57,274.74204629506033,-102.24199149937135,21.891982144004757
4825,189,58,303.5900315555157,-102.24170141794657,21.891977280959786
4826,189,59,332.438016815971,-102.24141133660275,21.89197241740477
4827,190,34,338.2877501192019,-102.24865819651757,21.892364579853165
4828,190,35,309.29772475146916,-102.24836811268696,21.892359728473313
4829,190,36,280.3076993837364,-102.24807802893712,21.892354876583408
4830,190,37,251.31767401600365,-102.24778794526803,21.892350024183436
4831,190,38,222.3276486482709,-102.2474978616797,21.8923451712734
4832,190,39,193.33762328053814,-102.24720777817217,21.892340317853307
4833,190,40,164.34759791280538,-102.24691769474543,21.892335463923143
4834,190,41,135.35757254507263,-102.24662761139948,21.892330609482922
4835,190,42,106.36754717733982,-102.24633752813432,21.892325754532642
4836,190,43,77.37752180960706,-102.24604744495,21.892320899072296
4837,190,44,48.38749644187429,-102.24575736184649,21.892316043101893
4838,190,45,19.39747107414153,-102.2454672788238,21.892311186621438
4839,190,46,0.0,-102.24517719588195,21.892306329630916
4840,190,47,0.0,-102.24488711302097,21.892301472130338
4841,190,48,23.34387474401582,-102.24459703024083,21.8922966141197
4842,190,49,52.19186000447118,-102.24430694754156,21.892291755599008
4843,190,50,81.03984526492654,-102.24401686492315,21.89228689656826
4844,190,51,109.8878305253819,-102.24372678238564,21.892282037027456
4845,190,52,138.73581578583727,-102.243436699929,21.892277176976595
4846,190,53,167.58380104629262,-102.24314661755328,21.89227231641568
4847,190,54,196.43178630674797,-102.24285653525845,21.892267455344715
4848,190,55,225.27977156720334,-102.24256645304455,21.89226259376369
4849,190,56,254.12775682765871,-102.24227637091155,21.892257731672622
4850,190,57,282.9757420881141,-102.24198628885952,21.89225286907149
4851,190,58,311.8237273485694,-102.2416962068884,21.892248005960315
4852,190,59,340.6717126090247,-102.24140612499825,21.892243142339087
4853,191,34,330.5690436745825,-102.24865299849091,21.89263530643059
4854,191,35,301.57901830684966,-102.24836291411394,21.8926304549847
4855,191,36,272.5889929391169,-102.24807282981773,21.892625603028744
4856,191,37,243.59896757138412,-102.24778274560228,21.892620750562713
4857,191,38,214.6089422036514,-102.24749266146762,21.892615897586612
4858,191,39,185.6189168359186,-102.24720257741372,21.892611044100445
4859,191,40,156.62889146818586,-102.2469124934406,21.892606190104203
4860,191,41,127.63886610045309,-102.2466224095483,21.8926013355979
4861,191,42,98.6488407327203,-102.2463323257368,21.892596480581524
4862,191,43,69.65881536498753,-102.24604224200611,21.89259162505508
4863,191,44,40.66878999725478,-102.24575215835624,21.89258676901857
4864,191,45,11.678764629522016,-102.24546207478721,21.892581912472
4865,191,46,0.0,-102.24517199129902,21.89257705541536
4866,191,47,2.4117580860102152,-102.24488190789168,21.892572197848647
4867,191,48,31.481807619487427,-102.24459182456519,21.892567339771883
4868,191,49,60.42555579752489,-102.24430174131956,21.89256248118505
4869,191,50,89.27354105798025,-102.2440116581548,21.89255762208815
4870,191,51,118.12152631843561,-102.24372157507095,21.89255276248119
4871,191,52,146.96951157889097,-102.24343149206797,21.89254790236417
4872,191,53,175.81749683934635,-102.24314140914588,21.892543041737092
4873,191,54,204.6654820998017,-102.24285132630472,21.892538180599942
4874,191,55,233.51346736025704,-102.24256124354446,21.89253331895274
4875,191,56,262.36145262071244,-102.24227116086514,21.89252845679548
4876,191,57,291.2094378811678,-102.24198107826675,21.892523594128157
4877,191,58,320.0574231416231,-102.24169099574928,21.892518730950773
4878,192,34,322.8503372299629,-102.2486478003835,21.892906032997946
4879,192,35,293.8603118622301,-102.24835771546016,21.892901181486014
4880,192,36,264.87028649449735,-102.24806763061758,21.89289632946401
4881,192,37,235.8802611267646,-102.24777754585577,21.89289147693192
4882,192,38,206.89023575903187,-102.24748746117473,21.89288662388975
4883,192,39,177.9002103912991,-102.24719737657446,21.89288177033751
4884,192,40,148.91018502356636,-102.246907292055,21.892876916275192
4885,192,41,119.92015965583357,-102.24661720761632,21.892872061702803
4886,192,42,90.93013428810079,-102.24632712325845,21.892867206620338
4887,192,43,61.94010892036802,-102.2460370389814,21.892862351027787
4888,192,44,32.95008355263526,-102.24574695478518,21.892857494925174
4889,192,45,3.9600581849024996,-102.24545687066978,21.892852638312487
4890,192,46,0.0,-102.24516678663522,21.892847781189726
4891,192,47,9.823385445853772,-102.24487670268152,21.89284292355689
4892,192,48,38.893434979330976,-102.24458661880867,21.892838065413986
4893,192,49,67.96348451280818,-102.24429653501669,21.89283320676101
4894,192,50,97.0335340462854,-102.24400645130558,21.89282834759797
4895,192,51,126.1035835797626,-102.24371636767535,21.892823487924854
4896,192,52,155.1736331132398,-102.24342628412602,21.89281862774167
4897,192,53,184.05119263240005,-102.24313620065759,21.89281376704842
4898,192,54,212.8991778928554,-102.24284611727006,21.892808905845097
4899,192,55,241.74716315331077,-102.24255603396345,21.892804044131715
4900,192,56,270.59514841376614,-102.24226595073777,21.892799181908256
4901,192,57,299.4431336742215,-102.24197586759301,21.892794319174737
4902,192,58,328.29111893467683,-102.24168578452921,21.892789455931155
4903,193,33,344.1216561530761,-102.2489326877458,21.893181610623127
4904,193,34,315.13163078534336,-102.24864260219535,21.893176759555235
4905,193,35,286.14160541761066,-102.24835251672563,21.893171907977262
4906,193,36,257.15158004987785,-102.24806243133668,21.893167055889197
4907,193,37,228.16155468214512,-102.24777234602848,21.893162203291052
4908,193,38,199.17152931441237,-102.24748226080106,21.89315735018282
4909,193,39,170.18150394667958,-102.24719217565443,21.893152496564507
4910,193,40,141.19147857894683,-102.24690209058859,21.893147642436112
4911,193,41,112.20145321121406,-102.24661200560354,21.893142787797633
4912,193,42,83.21142784348126,-102.2463219206993,21.89313793264907
4913,193,43,54.22140247574851,-102.24603183587588,21.893133076990427
4914,193,44,25.23137710801575,-102.24574175113328,21.893128220821705
4915,193,45,0.0,-102.24545166647152,21.893123364142898
4916,193,46,0.0,-102.24516158189059,21.89311850695402
4917,193,47,17.235012805697327,-102.2448714973905,21.89311364925506
4918,193,48,46.305062339174526,-102.2445814129713,21.893108791046025
4919,193,49,75.37511187265174,-102.24429132863294,21.893103932326905
4920,193,50,104.44516140612895,-102.24400124437547,21.893099073097712
4921,193,51,133.51521093960616,-102.24371116019888,21.89309421335844
4922,193,52,162.5852604730834,-102.24342107610319,21.893089353109097
4923,193,53,191.65531000656057,-102.24313099208838,21.893084492349672
4924,193,54,220.72535954003777,-102.24284090815449,21.89307963108018
4925,193,55,249.795409073515,-102.24255082430152,21.893074769300604
4926,193,56,278.82884420681984,-102.24226074052947,21.893069907010968
4927,193,57,307.6768294672752,-102.24197065683836,21.893065044211248
4928,193,58,336.52481472773053,-102.2416805732282,21.89306018090146
4929,194,33,336.4029497084567,-102.24892749002328,21.893452337236383
4930,194,34,307.41292434072386,-102.24863740392644,21.893447486102453
4931,194,35,278.4228989729911,-102.24834731791034,21.893442634458438
4932,194,36,249.43287360525835,-102.24805723197501,21.893437782304325
4933,194,37,220.4428482375256,-102.24776714612042,21.893432929640117
4934,194,38,191.45282286979287,-102.24747706034663,21.893428076465824
4935,194,39,162.46279750206008,-102.24718697465362,21.893423222781436
4936,194,40,133.4727721343273,-102.24689688904138,21.893418368586957
4937,194,41,104.48274676659454,-102.24660680350996,21.89341351388239
4938,194,42,75.49272139886175,-102.24631671805933,21.893408658667738
4939,194,43,46.502696031129,-102.24602663268952,21.893403802942995
4940,194,44,17.512670663396232,-102.24573654740055,21.893398946708167
4941,194,45,0.0,-102.2454464621924,21.893394089963245
4942,194,46,0.0,-102.24515637706511,21.893389232708245
4943,194,47,24.646640165540884,-102.24486629201866,21.893384374943153
4944,194,48,53.71668969901809,-102.24457620705306,21.893379516667984
4945,194,49,82.7867392324953,-102.24428612216833,21.89337465788272
4946,194,50,111.85678876597251,-102.24399603736448,21.893369798587383
4947,194,51,140.9268382994497,-102.24370595264152,21.893364938781957
4948,194,52,169.99688783292694,-102.24341586799943,21.893360078466447
4949,194,53,199.06693736640415,-102.24312578343827,21.893355217640856
4950,194,54,228.13698689988132,-102.242835698958,21.893350356305184
4951,194,55,257.20703643335855,-102.24254561455867,21.893345494459428
4952,194,56,286.2770859668358,-102.24225553024024,21.893340632103598
4953,194,57,315.34713550031296,-102.24196544600275,21.893335769237684
4954,194,58,344.4171850337902,-102.24167536184622,21.89333090586169
4955,195,33,328.6842432638371,-102.24892229222003,21.893723063839563
4956,195,34,299.6942178961043,-102.2486322055768,21.893718212639598
4957,195,35,270.7041925283716,-102.2483421190143,21.893713360929535
4958,195,36,241.71416716063885,-102.24805203253256,21.89370850870937
4959,195,37,212.7241417929061,-102.24776194613159,21.893703655979106
4960,195,38,183.7341164251733,-102.2474718598114,21.893698802738744
4961,195,39,154.74409105744056,-102.247181773572,21.893693948988282
4962,195,40,125.7540656897078,-102.24689168741337,21.89368909472773
4963,195,41,96.76404032197503,-102.24660160133556,21.893684239957075
4964,195,42,67.77401495424223,-102.24631151533853,21.893679384676332
4965,195,43,38.783989586509485,-102.24602142942236,21.893674528885487
4966,195,44,9.793964218776718,-102.245731343587,21.893669672584547
4967,195,45,0.0,-102.24544125783245,21.893664815773516
4968,195,46,2.9882179919072307,-102.24515117215877,21.893659958452393
4969,195,47,32.05826752538444,-102.24486108656593,21.893655100621178
4970,195,48,61.12831705886165,-102.24457100105394,21.893650242279868
4971,195,49,90.19836659233886,-102.24428091562284,21.893645383428467
4972,195,50,119.26841612581606,-102.24399083027261,21.893640524066974
4973,195,51,148.3384656592933,-102.24370074500325,21.893635664195394
4974,195,52,177.4085151927705,-102.2434106598148,21.89363080381372
4975,195,53,206.4785647262477,-102.24312057470725,21.89362594292196
4976,195,54,235.54861425972493,-102.2428304896806,21.893621081520113
4977,195,55,264.6186637932021,-102.24254040473488,21.893616219608173
4978,195,56,293.6887133266793,-102.24225031987007,21.89361135718615
4979,195,57,322.7587628601565,-102.24196023508621,21.89360649425404
4980,196,33,320.9655368192176,-102.24891709433604,21.89399379043268
4981,196,34,291.97551145148486,-102.24862700714638,21.893988939166675
4982,196,35,262.98548608375205,-102.24833692003749,21.89398408739056
4983,196,36,233.99546071601932,-102.24804683300935,21.893979235104347
4984,196,37,205.00543534828657,-102.24775674606198,21.893974382308024
4985,196,38,176.01540998055378,-102.2474666591954,21.893969529001595
4986,196,39,147.02538461282106,-102.24717657240959,21.893964675185057
4987,196,40,118.03535924508829,-102.24688648570456,21.893959820858424
4988,196,41,89.04533387735552,-102.24659639908035,21.893954966021685
4989,196,42,60.055308509622726,-102.24630631253694,21.893950110674847
4990,196,43,31.065283141889967,-102.24601622607435,21.893945254817904
4991,196,44,2.075257774157202,-102.2457261396926,21.89394039845085
4992,196,45,0.0,-102.24543605339166,21.89393554157371
4993,196,46,10.91684909331501,-102.24514596717158,21.893930684186465
4994,196,47,39.51298937672121,-102.24485588103234,21.893925826289124
4995,196,48,68.5399444187052,-102.24456579497397,21.893920967881677
4996,196,49,97.6099939521824,-102.24427570899645,21.89391610896413
4997,196,50,126.68004348565961,-102.24398562309985,21.893911249536494
4998,196,51,155.75009301913684,-102.2436955372841,21.893906389598754
4999,196,52,184.82014255261402,-102.24340545154924,21.893901529150916
5000,196,53,213.89019208609125,-102.2431153658953,21.89389666819299
5001,196,54,242.96024161956848,-102.24282528032228,21.89389180672496
5002,196,55,272.0302911530457,-102.24253519483015,21.893886944746836
5003,196,56,301.1003406865229,-102.24224510941897,21.89388208225862
5004,196,57,330.1703902200001,-102.24195502408871,21.893877219260315
5005,197,32,344.1340656347008,-102.24920198418809,21.894269367837648
5006,197,33,314.52865125901485,-102.2489118963713,21.89426451701572
5007,197,34,285.00577151237025,-102.24862180863524,21.894259665683677
5008,197,35,255.59402795822086,-102.24833172097992,21.89425481384152
5009,197,36,226.33675013230663,-102.24804163340538,21.89424996148925
5010,197,37,197.28672890366707,-102.2477515459116,21.894245108626865
5011,197,38,168.29670353593428,-102.24746145849859,21.894240255254374
5012,197,39,139.30667816820153,-102.24717137116637,21.894235401371766
5013,197,40,110.31665280046876,-102.24688128391496,21.894230546979053
5014,197,41,81.32662743273599,-102.24659119674433,21.894225692076226
5015,197,42,52.33660206500321,-102.24630110965451,21.89422083666329
5016,197,43,23.34657669727045,-102.24601102264553,21.894215980740245
5017,197,44,0.0,-102.24572093571736,21.89421112430709
5018,197,45,0.0,-102.24543084887001,21.89420626736383
5019,197,46,21.989637870813123,-102.24514076210353,21.894201409910465
5020,197,47,48.58801854456167,-102.24485067541791,21.89419655194699
5021,197,48,77.18167909477833,-102.24456058881313,21.894191693473406
5022,197,49,105.77540710912713,-102.24427050228921,21.894186834489723
5023,197,50,134.36913512347596,-102.2439804158462,21.89418197499593
5024,197,51,163.16665096235272,-102.24369032948405,21.894177114992033
5025,197,52,192.23176991245757,-102.2434002432028,21.89417225447804
5026,197,53,221.3018194459348,-102.24311015700245,21.894167393453944
5027,197,54,250.371868979412,-102.24282007088301,21.894162531919733
5028,197,55,279.44191851288923,-102.24252998484451,21.894157669875426
5029,197,56,308.51196804636646,-102.24223989888692,21.894152807321024
5030,197,57,337.5820175798437,-102.24194981301028,21.894147944256513
5031,198,32,340.789177946155,-102.24919678668903,21.894540094476646
5032,198,33,310.8653746202084,-102.24890669832581,21.894535243588685
5033,198,34,280.9578232943673,-102.24861661004333,21.894530392190603
5034,198,35,251.07233181466918,-102.2483265218416,21.8945255402824
5035,198,36,221.21784090665415,-102.24803643372063,21.89452068786408
5036,198,37,191.4088568168886,-102.24774634568044,21.894515834935635
5037,198,38,161.6705532881439,-102.24745625772103,21.894510981497078
5038,198,39,132.05069152806809,-102.24716616984239,21.894506127548397
5039,198,40,102.65185076552396,-102.24687608204455,21.894501273089602
5040,198,41,73.60792098811648,-102.2465859943275,21.89449641812069
5041,198,42,44.617895620383706,-102.24629590669127,21.894491562641655
5042,198,43,15.627870252650942,-102.24600581913587,21.89448670665251
5043,198,44,0.0,-102.24571573166129,21.894481850153255
5044,198,45,12.133954177084652,-102.24542564426754,21.894476993143876
5045,198,46,40.24233279638385,-102.24513555695464,21.89447213562439
5046,198,47,64.332266482637,-102.24484546972259,21.894467277594785
5047,198,48,88.45721726104857,-102.2445553825714,21.894462419055067
5048,198,49,115.33356250205972,-102.2442652955011,21.89445756000524
5049,198,50,143.453762562244,-102.24397520851166,21.894452700445296
5050,198,51,172.04023711059045,-102.24368512160311,21.894447840375246
5051,198,52,200.63396512493927,-102.24339503477545,21.894442979795084
5052,198,53,229.2276931392881,-102.2431049480287,21.894438118704816
5053,198,54,257.9108368274377,-102.24281486136286,21.894433257104435
5054,198,55,286.8543805540637,-102.24252477477793,21.89442839499394
5055,198,56,315.92359540621,-102.24223468827395,21.89442353237334
5056,198,57,344.9936449396872,-102.2419446018509,21.89441866924264
5057,199,32,340.0680409567527,-102.24919158910923,21.894810821105576
5058,199,33,310.0746519996597,-102.24890150019958,21.894805970151587
5059,199,34,280.0826791239624,-102.24861141137067,21.89480111868746
5060,199,35,250.09263179430712,-102.24832132262252,21.89479626671321
5061,199,36,220.1052970974331,-102.24803123395513,21.89479141422884
5062,199,37,190.1219586026183,-102.2477411453685,21.894786561234344
5063,199,38,160.14486090862272,-102.24745105686266,21.89478170772971
5064,199,39,130.1783154292163,-102.2471609684376,21.894776853714962
5065,199,40,100.23178707643073,-102.24687088009334,21.89477199919008
5066,199,41,70.33085008075304,-102.24658079182987,21.89476714415508
5067,199,42,40.57641932980007,-102.24629070364722,21.894762288609957
5068,199,43,12.07233315918702,-102.24600061554538,21.894757432554712
5069,199,44,0.0,-102.24571052752438,21.894752575989344
5070,199,45,22.049374179131252,-102.24542043958422,21.894747718913848
5071,199,46,50.36340685169512,-102.2451303517249,21.894742861328236
5072,199,47,78.677439524259,-102.24484026394643,21.894738003232504
5073,199,48,106.67489509446088,-102.24455017624882,21.894733144626652
5074,199,49,129.95600419007206,-102.24426008863209,21.894728285510684
5075,199,50,155.45325464234642,-102.24397000109623,21.89472342588459
5076,199,51,182.32626177472721,-102.24367991364126,21.894718565748377
5077,199,52,210.04765432300005,-102.24338982626719,21.894713705102056
5078,199,53,238.32156520223404,-102.24309973897402,21.89470884394561
5079,199,54,266.89879512640255,-102.24280965176177,21.89470398227905
5080,199,55,295.49252314075136,-102.24251956463044,21.894699120102377
5081,199,56,324.08625115510023,-102.24222947758004,21.894694257415594
5082,200,32,341.98725291319147,-102.2491863914487,21.895081547724438
5083,200,33,312.1783120071886,-102.24889630199262,21.89507669670441
5084,200,34,282.4098366208302,-102.24860621261726,21.895071845174254
5085,200,35,252.6961280921226,-102.24831612332268,21.895066993133955
5086,200,36,223.05907398107982,-102.24802603410885,21.89506214058353
5087,200,37,193.5338932017936,-102.24773594497579,21.895057287522967
5088,200,38,164.18095245913779,-102.24744585592352,21.895052433952273
5089,200,39,135.11255486791774,-102.24715576695202,21.895047579871445
5090,200,40,106.56181218186228,-102.24686567806131,21.895042725280486
5091,200,41,79.09132157214788,-102.24657558925142,21.895037870179397
5092,200,42,53.17535798687987,-102.24628550052233,21.895033014568178
5093,200,43,32.558185008365136,-102.24599541187408,21.89502815844683
5094,200,44,20.284639580240537,-102.24570532330664,21.895023301815353
5095,200,45,33.50386987349154,-102.24541523482004,21.89501844467375
5096,200,46,60.27895146814887,-102.2451251464143,21.89501358702201
5097,200,47,88.5928595263056,-102.2448350580894,21.895008728860148
5098,200,48,116.90689219886947,-102.24454496984536,21.89500387018816
5099,200,49,145.22092487143334,-102.2442548816822,21.894999011006043
5100,200,50,171.90825100771548,-102.24396479359991,21.894994151313803
5101,200,51,196.5441378377383,-102.24367470559852,21.894989291111436
5102,200,52,222.50112240667022,-102.24338461767803,21.89498443039895
5103,200,53,249.36700027484832,-102.24309452983843,21.894979569176332
5104,200,54,276.87732334000265,-102.24280444207977,21.8949747074436
5105,200,55,304.85767750504914,-102.24251435440202,21.894969845200738
5106,200,56,333.1896680385223,-102.24222426680518,21.894964982447757
5107,201,32,346.5029434652161,-102.24918119370743,21.89535227433322
5108,201,33,317.11875876807596,-102.2488911037049,21.89534742324717
5109,201,34,287.8616412361181,-102.24860101378312,21.89534257165096
5110,201,35,258.7746931747731,-102.24831092394207,21.895337719544628
5111,201,36,229.92250685882055,-102.2480208341818,21.895332866928143
5112,201,37,201.40599914796678,-102.2477307445023,21.89532801380152
5113,201,38,173.39087007491833,-102.24744065490358,21.89532316016476
5114,201,39,146.1656976102246,-102.24715056538564,21.89531830601786
5115,201,40,120.0446957722517,-102.2468604759485,21.895313451360817
5116,201,41,95.10765868530426,-102.24657038659215,21.895308596193644
5117,201,42,74.0127249505545,-102.24628029731663,21.895303740516333
5118,201,43,59.51187661781802,-102.24599020812194,21.895298884328874
5119,201,44,50.13768280286455,-102.24570011900806,21.89529402763129
5120,201,45,56.78758605928106,-102.24541002997503,21.89528917042357
5121,201,46,75.73554399382,-102.24511994102284,21.895284312705712
5122,201,47,100.23430210082495,-102.24482985215151,21.89527945447772
5123,201,48,127.11395679168764,-102.24453976336103,21.895274595739593
5124,201,49,155.13634487347994,-102.24424967465144,21.895269736491336
5125,201,50,183.45037754604382,-102.24395958602273,21.89526487673294
5126,201,51,211.76441021860768,-102.2436694974749,21.89526001646442
5127,201,52,238.1039307904461,-102.24337940900796,21.895255155685764
5128,201,53,263.3830541468257,-102.24308932062195,21.895250294396977
5129,201,54,289.56481928155205,-102.24279923231684,21.895245432598063
5130,201,55,316.42524538886914,-102.24250914409265,21.89524057028902
5131,201,56,343.80530431227237,-102.24221905594939,21.895235707469844
5132,202,33,324.76655590986076,-102.24888590533644,21.895618149779853
5133,202,34,296.26564628741403,-102.24859581486821,21.895613298117603
5134,202,35,268.0920560230114,-102.2483057244807,21.895608445945218
5135,202,36,240.3609116208206,-102.24801563417398,21.895603593262685
5136,202,37,213.24489482221688,-102.24772554394804,21.89559874007
5137,202,38,186.98756059137327,-102.24743545380285,21.895593886367173
5138,202,39,161.34093736606877,-102.24714536373845,21.8955890321542
5139,202,40,137.34378320174463,-102.24685527375487,21.89558417743108
5140,202,41,116.17113022680779,-102.24656518385208,21.89557932219781
5141,202,42,99.64009339708609,-102.24627509403011,21.895574466454402
5142,202,43,86.63177925669925,-102.24598500428897,21.89556961020085
5143,202,44,80.10061092639093,-102.24569491462864,21.895564753437156
5144,202,45,84.4224529635372,-102.24540482504916,21.895559896163316
5145,202,46,98.17430039465647,-102.24511473555053,21.895555038379335
5146,202,47,118.10688359100767,-102.24482464613276,21.895550180085213
5147,202,48,141.63431309248276,-102.24453455679583,21.89554532128095
5148,202,49,167.2462894619161,-102.2442444675398,21.895540461966547
5149,202,50,194.11945814981715,-102.24395437836463,21.895535602142008
5150,202,51,221.79586724278298,-102.24366428927037,21.895530741807324
5151,202,52,249.99386289321816,-102.243374200257,21.895525880962506
5152,202,53,278.307895565782,-102.24308411132452,21.89552101960755
5153,202,54,304.68757268912594,-102.24279402247298,21.895516157742453
5154,202,55,330.32055386403005,-102.24250393370235,21.895511295367225
5155,203,33,334.9362991861292,-102.24888070688723,21.895888876302458
5156,203,34,307.3798006457917,-102.24859061587253,21.89588402457418
5157,203,35,280.3254522471926,-102.24830052493857,21.895879172335743
5158,203,36,253.93380340186982,-102.24801043408539,21.895874319587154
5159,203,37,228.07088678681268,-102.24772034331298,21.89586946632841
5160,203,38,203.09787323782894,-102.24743025262134,21.895864612559514
5161,203,39,179.66959349799657,-102.2471401620105,21.895859758280466
5162,203,40,158.47264603628423,-102.24685007148045,21.89585490349126
5163,203,41,140.52044782076214,-102.2465599810312,21.89585004819191
5164,203,42,126.59111875996271,-102.24626989066277,21.895845192382403
5165,203,43,114.9233910530048,-102.24597980037517,21.895840336062747
5166,203,44,110.08373406058435,-102.24568971016839,21.895835479232943
5167,203,45,113.26725563163015,-102.24539962004246,21.895830621892987
5168,203,46,123.85682820063109,-102.24510952999736,21.895825764042883
5169,203,47,140.184009735491,-102.24481944003314,21.895820905682633
5170,203,48,160.5073184596884,-102.24452935014976,21.895816046812232
5171,203,49,183.50379280200022,-102.24423926034727,21.89581118743169
5172,203,50,208.28990533945475,-102.24394917062565,21.895806327540996
5173,203,51,234.298372508045,-102.24365908098494,21.895801467140153
5174,203,52,261.1642587597281,-102.24336899142511,21.895796606229172
5175,203,53,288.64825089911386,-102.24307890194619,21.895791744808044
5176,203,54,316.5894114475678,-102.24278881254821,21.895786882876767
5177,203,55,344.8513809129563,-102.24249872323114,21.89578202043535
5178,204,33,347.4065819575786,-102.24887550835729,21.896159602814997
5179,204,34,320.9226550432272,-102.2485854167961,21.896154751020678
5180,204,35,294.9606087756203,-102.24829532531568,21.896149898716196
5181,204,36,269.50728643821606,-102.24800523391603,21.896145045901548
5182,204,37,245.08487133500657,-102.24771514259716,21.896140192576745
5183,204,38,222.03380569476988,-102.24742505135904,21.896135338741782
5184,204,39,200.82685972077772,-102.24713496020173,21.89613048439666
5185,204,40,182.10942946293318,-102.24684486912521,21.896125629541373
5186,204,41,166.7221071523544,-102.2465547781295,21.89612077417593
5187,204,42,153.618565777261,-102.2462646872146,21.89611591830033
5188,204,43,143.9086739743726,-102.24597459638052,21.896111061914574
5189,204,44,140.07408446483544,-102.2456845056273,21.896106205018658
5190,204,45,142.58959229993417,-102.24539441495489,21.896101347612586
5191,204,46,151.13846143805037,-102.24510432436334,21.896096489696358
5192,204,47,164.78433547962206,-102.24481423385264,21.896091631269975
5193,204,48,182.38673173523404,-102.24452414342282,21.89608677233344
5194,204,49,202.91861079422907,-102.24423405307387,21.896081912886746
5195,204,50,225.58148261827566,-102.24394396280579,21.896077052929908
5196,204,51,249.79601276613485,-102.24365387261862,21.896072192462906
5197,204,52,275.1528496807885,-102.24336378251233,21.896067331485757
5198,204,53,301.36378910057886,-102.24307369248696,21.896062469998455
5199,204,54,328.2242770951865,-102.2427836025425,21.896057608001005
5200,205,34,336.1838913048215,-102.24858021763893,21.8964254774571
5201,205,35,311.21058061521325,-102.24829012561203,21.89642062508657
5202,205,36,287.20104839791975,-102.2480000336659,21.896415772205874
5203,205,37,264.4179625420148,-102.24770994180054,21.896410918815008
5204,205,38,243.20624093323846,-102.24741985001596,21.896406064913975
5205,205,39,224.01270576215657,-102.24712975831216,21.896401210502777
5206,205,40,207.39843070015897,-102.24683966668917,21.896396355581416
5207,205,41,193.6703609021074,-102.24654957514699,21.896391500149882
5208,205,42,181.3862849980755,-102.24625948368562,21.89638664420818
5209,205,43,173.2397964643305,-102.24596939230507,21.896381787756322
5210,205,44,170.06783873678836,-102.24567930100535,21.896376930794293
5211,205,45,172.14561413582933,-102.24538920978648,21.89637207332211
5212,205,46,179.29070014867318,-102.24509911864847,21.896367215339755
5213,205,47,190.93506187550005,-102.2448090275913,21.896362356847245
5214,205,48,206.3182991084422,-102.244518936615,21.896357497844573
5215,205,49,224.6737261911152,-102.24422884571956,21.896352638331734
5216,205,50,245.33512984120273,-102.24393875490503,21.896347778308737
5217,205,51,267.7692451119049,-102.24364866417137,21.896342917775584
5218,205,52,291.5671643402237,-102.24335857351863,21.89633805673227
5219,205,53,316.4213235782295,-102.2430684829468,21.896333195178798
5220,205,54,342.10158828716095,-102.24277839245588,21.89632833311516
5221,206,35,329.39685827954054,-102.2482849258276,21.89669135144688
5222,206,36,306.813798513753,-102.24799483333499,21.896686498500124
5223,206,37,285.5995862609817,-102.24770474092314,21.896681645043202
5224,206,38,266.08183024485163,-102.24741464859207,21.8966767910761
5225,206,39,248.6603247413148,-102.2471245563418,21.896671936598825
5226,206,40,233.8041355803234,-102.24683446417232,21.896667081611376
5227,206,41,220.66323283624726,-102.24654437208365,21.89666222611376
5228,206,42,209.76964751684994,-102.2462542800758,21.896657370105967
5229,206,43,202.76673226380865,-102.24596418814878,21.896652513587995
5230,206,44,200.0634659465407,-102.24567409630258,21.896647656559864
5231,206,45,201.83268590627793,-102.24538400453723,21.896642799021564
5232,206,46,207.9602745568053,-102.24509391285272,21.896637940973086
5233,206,47,218.0791564715469,-102.24480382124908,21.896633082414443
5234,206,48,231.66691861580287,-102.2445137297263,21.896628223345633
5235,206,49,248.1543952351854,-102.2442236382844,21.896623363766647
5236,206,50,267.0049560741152,-102.24393354692339,21.896618503677498
5237,206,51,287.7545642761202,-102.24364345564325,21.896613643078187
5238,206,52,310.0221475239139,-102.24335336444403,21.896608781968705
5239,206,53,333.50378505938875,-102.24306327332572,21.89660392034906
5240,207,35,349.2170600099676,-102.24827972596242,21.896962077797117
5241,207,36,328.0014812710629,-102.24798963292331,21.89695722478431
5242,207,37,308.2489066160942,-102.24769953996497,21.89695237126132
5243,207,38,290.258169814432,-102.2474094470874,21.89694751722815
5244,207,39,274.3760591925428,-102.24711935429063,21.896942662684797
5245,207,40,260.74960304425207,-102.24682926157466,21.896937807631268
5246,207,41,248.1825597411798,-102.2465391689395,21.896932952067555
5247,207,42,238.54900052878835,-102.24624907638515,21.89692809599367
5248,207,43,232.41486257742525,-102.24595898391165,21.8969232394096
5249,207,44,230.06023350523458,-102.24566889151896,21.896918382315356
5250,207,45,231.6004182510961,-102.24537879920712,21.896913524710932
5251,207,46,236.95948267094576,-102.24508870697613,21.896908666596328
5252,207,47,245.88785883260246,-102.244798614826,21.896903807971558
5253,207,48,258.0152743828966,-102.24450852275673,21.896898948836608
5254,207,49,272.915599606327,-102.24421843076834,21.896894089191484
5255,207,50,290.1619671874324,-102.24392833886084,21.896889229036187
5256,207,51,309.3622632055827,-102.24363824703423,21.89688436837071
5257,207,52,330.17579043485273,-102.24334815528852,21.896879507195063
5258,208,36,350.47858204687066,-102.24798443243085,21.89722795105841
5259,208,37,332.0657362444839,-102.24769433892601,21.897223097469364
5260,208,38,315.43631671321117,-102.24740424550194,21.897218243370126
5261,208,39,300.88616886723685,-102.24711415215867,21.897213388760694
5262,208,40,287.7253219652818,-102.2468240588962,21.897208533641077
5263,208,41,276.2189414099342,-102.24653396571455,21.897203678011284
5264,208,42,267.5966111280639,-102.2462438726137,21.897198821871292
5265,208,43,262.1430696791808,-102.24595377959369,21.897193965221128
5266,208,44,260.0577468071725,-102.2456636866545,21.897189108060772
5267,208,45,261.4212584470189,-102.24537359379616,21.897184250390225
5268,208,46,266.1806098528265,-102.24508350101867,21.8971793922095
5269,208,47,274.15900451238554,-102.24479340832205,21.897174533518598
5270,208,48,285.0863070174045,-102.24450331570628,21.89716967431751
5271,208,49,298.63898798117674,-102.2442132231714,21.897164814606246
5272,208,50,314.47780181758617,-102.2439231307174,21.89715995438479
5273,208,51,332.2759854843871,-102.2436330383443,21.897155093653154
5274,209,38,341.3946904378726,-102.2473990438357,21.897488969502025
5275,209,39,327.8288451863968,-102.24710894994591,21.89748411482652
5276,209,40,315.1002721896087,-102.24681885613693,21.89747925964082
5277,209,41,304.62965093300596,-102.24652876240877,21.89747440394493
5278,209,42,296.83373615740624,-102.24623866876142,21.89746954773885
5279,209,43,291.92689087297913,-102.24594857519489,21.897464691022574
5280,209,44,290.0557744785713,-102.2456584817092,21.897459833796105
5281,209,45,291.2788955656819,-102.24536838830434,21.897454976059453
5282,209,46,295.5578415396266,-102.24507829498036,21.897450117812603
5283,209,47,302.7630763305899,-102.24478820173722,21.897445259055562
5284,209,48,312.6923777177215,-102.24449810857496,21.897440399788337
5285,209,49,325.09624079087996,-102.24420801549357,21.89743554001092
5286,209,50,339.70370688286783,-102.24391792249307,21.897430679723314
5287,210,40,342.914715589614,-102.24681365329685,21.897749985630483
5288,210,41,333.31898365005475,-102.24652355902217,21.897745129868504
5289,210,42,326.20942284842886,-102.2462334648283,21.897740273596327
5290,210,43,321.75088228115965,-102.24594337071525,21.897735416813944
5291,210,44,320.05417188704826,-102.24565327668304,21.897730559521367
5292,210,45,321.16306704835137,-102.24536318273168,21.897725701718592
5293,210,46,325.0488552964053,-102.24507308886119,21.89772084340562
5294,210,47,331.6139336986657,-102.24478299507153,21.89771598458245
5295,210,48,340.7034542189184,-102.24449290136276,21.897711125249078
