fid,row_index,col_index,distance,x,y
0,0,51,348.90633770509515,-84.49372271858755,38.03799833870198
1,0,52,338.8435131178485,-84.493381173995,38.03799105265483
2,0,53,330.5941974801826,-84.49303962952565,38.03798376561663
3,0,54,322.89051275685654,-84.49269808517954,38.0379764775874
4,0,55,317.60822482628635,-84.49235654095665,38.03796918856714
5,0,56,315.1058325804586,-84.49201499685701,38.03796189855584
6,0,57,315.4494998809526,-84.49167345288063,38.03795460755351
7,0,58,318.49781287331683,-84.49133190902754,38.037947315560125
8,0,59,322.39798550712095,-84.49099036529775,38.03794002257573
9,0,60,328.44817789103445,-84.49064882169127,38.03793272860029
10,0,61,337.0696516461122,-84.49030727820814,38.03792543363382
11,0,62,347.5649204747849,-84.48996573484834,38.037918137676336
12,1,49,349.57187324219547,-84.49439659880314,38.03828303389783
13,1,50,334.5708689118377,-84.49405505271208,38.038275749762434
14,1,51,321.2739644224003,-84.49371350674421,38.038268464636005
15,1,52,310.31637743913774,-84.49337196089952,38.03826117851852
16,1,53,301.7179842250343,-84.49303041517804,38.03825389140999
17,1,54,293.7078223968476,-84.49268886957978,38.038246603310405
18,1,55,287.89058023147834,-84.49234732410474,38.03823931421976
19,1,56,285.1274932989388,-84.49200577875297,38.0382320241381
20,1,57,285.50724804084314,-84.49166423352445,38.03822473306537
21,1,58,288.72947657192583,-84.49132268841923,38.03821744100162
22,1,59,292.80811664680664,-84.4909811434373,38.03821014794681
23,1,60,299.45673756845207,-84.4906395985787,38.03820285390097
24,1,61,308.8855676743978,-84.49029805384343,38.03819555886409
25,1,62,319.508770204052,-84.48995650923152,38.03818826283616
26,1,63,330.13197273370616,-84.48961496474297,38.0381809658172
27,1,64,338.9910859655396,-84.4892734203778,38.0381736678072
28,1,65,345.6451454077996,-84.48893187613605,38.038166368806166
29,2,48,338.8214212203717,-84.49472893680729,38.038560443172784
30,2,49,323.67575676981437,-84.49438738934094,38.03855315995815
31,2,50,308.5300923192571,-84.49404584199773,38.03854587575244
32,2,51,294.10591279433595,-84.4937042947777,38.03853859055569
33,2,52,282.0949872504884,-84.49336274768085,38.03853130436786
34,2,53,272.84177096988594,-84.49302120070719,38.03852401718898
35,2,54,264.7079270551046,-84.49267965385677,38.03851672901904
36,2,55,258.23823863775425,-84.49233810712958,38.038509439858046
37,2,56,255.15424578801122,-84.49199656052565,38.038502149706005
38,2,57,255.57854055567333,-84.491655014045,38.0384948585629
39,2,58,258.9611402705349,-84.49131346768762,38.03848756642875
40,2,59,263.3110808330141,-84.49097192145355,38.03848027330354
41,2,60,270.685185760767,-84.49063037534279,38.03847297918729
42,2,61,280.8294174036649,-84.49028882935538,38.038465684079995
43,2,62,291.452619933319,-84.48994728349132,38.038458387981635
44,2,63,302.0758224629732,-84.48960573775062,38.03845109089223
45,2,64,309.7383340789414,-84.48926419213332,38.03844379281178
46,2,65,316.3923935212014,-84.48892264663942,38.038436493740285
47,2,66,323.04645296346143,-84.48858110126895,38.03842919367776
48,2,67,329.70051240572144,-84.48823955602191,38.03842189262418
49,2,68,336.35457184798145,-84.48789801089833,38.03841459057956
50,2,69,343.00863129024145,-84.48755646589821,38.038407287543905
51,3,46,343.2166336491052,-84.49540282628064,38.03884513288575
52,3,47,328.07096919854786,-84.49506127731583,38.03883785158294
53,3,48,312.9253047479906,-84.49471972847415,38.03883056928907
54,3,49,297.77964029743333,-84.4943781797556,38.038823286004124
55,3,50,282.63397584687607,-84.4940366311602,38.03881600172811
56,3,51,267.54367057640025,-84.49369508268799,38.03880871646102
57,3,52,254.28116241034652,-84.49335353433897,38.03880143020285
58,3,53,244.0045152205604,-84.49301198611315,38.03879414295364
59,3,54,235.831413135054,-84.49267043801055,38.03878685471335
60,3,55,228.67660484501283,-84.49232889003117,38.038779565481995
61,3,56,225.18812324889888,-84.49198734217507,38.038772275259575
62,3,57,225.6687663396962,-84.49164579444223,38.03876498404608
63,3,58,229.1928039691439,-84.4913042468327,38.038757691841546
64,3,59,233.94199581231723,-84.49096269934645,38.03875039864593
65,3,60,242.21189464091373,-84.49062115198355,38.038743104459265
66,3,61,252.7732671329319,-84.49027960474396,38.03873580928154
67,3,62,263.39646966258607,-84.48993805762774,38.038728513112765
68,3,63,273.8315227500833,-84.4895965106349,38.03872121595291
69,3,64,280.4855821923433,-84.48925496376543,38.038713917802035
70,3,65,287.1396416346033,-84.48891341701938,38.03870661866007
71,3,66,293.79370107686333,-84.48857187039675,38.03869931852707
72,3,67,300.44776051912334,-84.48823032389755,38.03869201740302
73,3,68,307.1018199613833,-84.48788877752183,38.03868471528791
74,3,69,313.7558794036433,-84.48754723126956,38.03867741218175
75,3,70,319.95205742570437,-84.4872056851408,38.03867010808454
76,3,71,325.92934654250087,-84.48686413913553,38.03866280299629
77,3,72,331.90663565929725,-84.4865225932538,38.038655496916995
78,3,73,337.8839247760937,-84.48618104749558,38.03864818984665
79,3,74,343.86121389289013,-84.48583950186094,38.038640881785255
80,4,44,347.61184607783866,-84.49607672113207,38.03912981890121
81,4,45,332.46618162728134,-84.49573517066887,38.03912253951029
82,4,46,317.3205171767241,-84.49539362032874,38.03911525912828
83,4,47,302.1748527261668,-84.49505207011173,38.0391079777552
84,4,48,287.02918827560956,-84.49471052001785,38.039100695391014
85,4,49,271.8835238250523,-84.49436897004709,38.03909341203577
86,4,50,256.73785937449503,-84.49402742019952,38.03908612768944
87,4,51,241.59219492393777,-84.4936858704751,38.03907884235202
88,4,52,227.02475037242274,-84.49334432087387,38.03907155602353
89,4,53,215.45192311261582,-84.49300277139585,38.03906426870396
90,4,54,206.95519987990568,-84.49266122204106,38.03905698039332
91,4,55,199.24605720604504,-84.4923196728095,38.039049691091584
92,4,56,195.23240653404264,-84.49197812370122,38.039042400798806
93,4,57,195.7866027336723,-84.4916365747162,38.039035109514934
94,4,58,199.42446766775294,-84.49129502585447,38.03902781723999
95,4,59,204.7559267026242,-84.49095347711605,38.03902052397399
96,4,60,214.09391433254476,-84.49061192850095,38.039013229716915
97,4,61,224.7171168621989,-84.49027038000919,38.03900593446876
98,4,62,235.3403193918531,-84.4899288316408,38.03899863822955
99,4,63,244.57877086348518,-84.48958728339578,38.03899134099927
100,4,64,251.23283030574518,-84.48924573527415,38.038984042777926
101,4,65,257.88688974800516,-84.4889041872759,38.03897674356551
102,4,66,264.54094919026517,-84.48856263940112,38.03896944336204
103,4,67,271.1950086325252,-84.48822109164976,38.038962142167506
104,4,68,277.8490680747852,-84.48787954402185,38.038954839981905
105,4,69,284.5031275170452,-84.48753799651743,38.03894753680525
106,4,70,290.5535538104823,-84.48719644913649,38.03894023263753
107,4,71,296.53084292727874,-84.48685490187907,38.03893292747877
108,4,72,302.5081320440751,-84.48651335474517,38.038925621328936
109,4,73,308.48542116087157,-84.48617180773479,38.03891831418805
110,4,74,314.462710277668,-84.485830260848,38.03891100605611
111,4,75,320.43999939446445,-84.48548871408478,38.038903696933126
112,4,76,326.41728851126084,-84.48514716744515,38.038896386819076
113,4,77,332.3945776280573,-84.48480562092911,38.03888907571399
114,4,78,338.3718667448538,-84.48446407453672,38.03888176361785
115,4,79,344.3491558616502,-84.48412252826795,38.038874450530656
116,5,43,337.0467378593033,-84.49640906940002,38.03940722374003
117,5,44,321.71572960545757,-84.49606751756151,38.039399945269935
118,5,45,306.5700651549003,-84.49572596584608,38.039392665808755
119,5,46,291.42440070434304,-84.49538441425373,38.03938538535646
120,5,47,276.2787362537858,-84.49504286278452,38.039378103913094
121,5,48,261.1330718032285,-84.49470131143842,38.03937082147862
122,5,49,245.98740735267126,-84.49435976021545,38.03936353805305
123,5,50,230.84174290211394,-84.49401820911564,38.03935625363641
124,5,51,215.6960784515567,-84.49367665813902,38.03934896822867
125,5,52,200.55314758578254,-84.49333510728557,38.03934168182984
126,5,53,187.35223216665537,-84.49299355655535,38.03933439443993
127,5,54,178.0789866247574,-84.49265200594836,38.039327106058934
128,5,55,170.01468472125285,-84.49231045546459,38.03931981668684
129,5,56,165.2927532282832,-84.49196890510409,38.03931252632368
130,5,57,165.94696598222353,-84.49162735486688,38.039305234969426
131,5,58,169.656131366362,-84.49128580475295,38.039297942624096
132,5,59,175.84402644119186,-84.49094425476233,38.03929064928768
133,5,60,186.0377640618118,-84.49060270489502,38.03928335496018
134,5,61,196.66096659146595,-84.49026115515107,38.03927605964162
135,5,62,207.28416912112013,-84.48991960553049,38.039268763331975
136,5,63,215.32601897688707,-84.48957805603327,38.039261466031256
137,5,64,221.98007841914705,-84.48923650665944,38.03925416773945
138,5,65,228.63413786140705,-84.48889495740902,38.03924686845659
139,5,66,235.28819730366706,-84.48855340828203,38.03923956818264
140,5,67,241.94225674592704,-84.4882118592785,38.03923226691763
141,5,68,248.59631618818705,-84.4878703103984,38.03922496466154
142,5,69,255.17776107846373,-84.4875287616418,38.03921766141439
143,5,70,261.15505019526023,-84.4871872130087,38.03921035717617
144,5,71,267.1323393120566,-84.48684566449909,38.03920305194688
145,5,72,273.10962842885306,-84.486504116113,38.03919574572652
146,5,73,279.08691754564944,-84.48616256785047,38.039188438515104
147,5,74,285.06420666244594,-84.4858210197115,38.03918113031262
148,5,75,291.0414957792423,-84.4854794716961,38.03917382111908
149,5,76,297.01878489603877,-84.48513792380429,38.039166510934464
150,5,77,302.9960740128352,-84.4847963760361,38.03915919975881
151,5,78,308.97336312963165,-84.48445482839152,38.03915188759207
152,5,79,314.9506522464281,-84.4841132808706,38.03914457443429
153,5,80,320.4477148237181,-84.48377173347333,38.03913726028545
154,5,81,325.32450166327715,-84.48343018619974,38.03912994514555
155,5,82,330.2012885028362,-84.48308863904985,38.03912262901459
156,5,83,335.07807534239527,-84.48274709202367,38.03911531189258
157,5,84,339.9548621819543,-84.48240554512121,38.03910799377952
158,5,85,344.83164902151333,-84.48206399834251,38.03910067467541
159,6,41,350.08265375367006,-84.49708297350931,38.03969190427209
160,6,42,330.26512258548485,-84.49674142017244,38.03968462771395
161,6,43,312.0772948062684,-84.49639986695863,38.03967735016471
162,6,44,295.81991932726885,-84.49605831386788,38.03967007162436
163,6,45,280.67394868251927,-84.49571676090022,38.03966279209289
164,6,46,265.528284231962,-84.49537520805563,38.03965551157033
165,6,47,250.38261978140468,-84.49503365533417,38.03964823005666
166,6,48,235.23695533084742,-84.49469210273583,38.03964094755189
167,6,49,220.09129088029016,-84.49435055026062,38.039633664056026
168,6,50,204.9456264297329,-84.4940089979086,38.03962637956906
169,6,51,189.79996197917563,-84.49366744567973,38.039619094090995
170,6,52,174.65429752861837,-84.49332589357407,38.039611807621824
171,6,53,159.94432350893908,-84.49298434159161,38.03960452016156
172,6,54,149.20277336960908,-84.49264278973239,38.03959723171021
173,6,55,141.06862878992538,-84.49230123799641,38.03958994226775
174,6,56,135.3798211643765,-84.4919596863837,38.039582651834216
175,6,57,136.1667530271423,-84.49161813489424,38.039575360409586
176,6,58,139.9267996109391,-84.4912765835281,38.03956806799386
177,6,59,147.36775003456742,-84.49093503228525,38.03956077458704
178,6,60,157.98161379107881,-84.49059348116575,38.03955348018913
179,6,61,168.60481632073297,-84.49025193016959,38.039546184800145
180,6,62,179.22801885038712,-84.48991037929677,38.03953888842006
181,6,63,186.07326709028897,-84.48956882854735,38.03953159104891
182,6,64,192.72732653254891,-84.48922727792133,38.03952429268665
183,6,65,199.38138597480892,-84.48888572741872,38.03951699333332
184,6,66,206.03544541706893,-84.48854417703951,38.039509692988915
185,6,67,212.6895048593289,-84.48820262678377,38.039502391653414
186,6,68,219.3435643015889,-84.48786107665148,38.03949508932685
187,6,69,225.77925746324166,-84.48751952664269,38.03948778600919
188,6,70,231.75654658003808,-84.48717797675737,38.039480481700465
189,6,71,237.7338356968345,-84.48683642699557,38.039473176400655
190,6,72,243.71112481363096,-84.4864948773573,38.03946587010978
191,6,73,249.68841393042737,-84.48615332784256,38.03945856282782
192,6,74,255.6657030472238,-84.4858117784514,38.039451254554784
193,6,75,261.64299216402026,-84.48547022918382,38.039443945290685
194,6,76,267.6202812808167,-84.48512868003982,38.039436635035514
195,6,77,273.5975703976131,-84.48478713101944,38.039429323789264
196,6,78,279.5748595144095,-84.48444558212269,38.03942201155195
197,6,79,285.55214863120597,-84.48410403334958,38.03941469832357
198,6,80,290.84675284405427,-84.48376248470014,38.03940738410413
199,6,81,295.7235396836133,-84.48342093617437,38.03940006889361
200,6,82,300.6003265231723,-84.4830793877723,38.03939275269204
201,6,83,305.4771133627314,-84.48273783949395,38.0393854354994
202,6,84,310.35390020229045,-84.48239629133933,38.03937811731569
203,6,85,315.23068704184954,-84.48205474330844,38.03937079814093
204,6,86,320.10747388140857,-84.48171319540133,38.0393634779751
205,6,87,324.9842607209676,-84.48137164761798,38.03935615681823
206,6,88,331.1535159910055,-84.48103009995843,38.03934883467028
207,6,89,339.86820138234526,-84.4806885524227,38.03934151153128
208,7,40,350.64603162637746,-84.49741532816152,38.03996930646018
209,7,41,328.85856923954617,-84.49707377344937,38.039962030822906
210,7,42,307.6796802332029,-84.49673221886027,38.039954754194525
211,7,43,288.06938810918325,-84.4963906643942,38.03994747657503
212,7,44,270.37226023168967,-84.49604911005119,38.03994019796441
213,7,45,254.77783221013817,-84.49570755583125,38.03993291836268
214,7,46,239.6321677595809,-84.49536600173441,38.03992563776984
215,7,47,224.48650330902365,-84.4950244477607,38.039918356185886
216,7,48,209.34083885846638,-84.4946828939101,38.03991107361081
217,7,49,194.19517440790912,-84.49434134018266,38.03990379004465
218,7,50,179.04950995735186,-84.49399978657837,38.03989650548736
219,7,51,163.90384550679457,-84.49365823309726,38.03988921993896
220,7,52,148.7581810562373,-84.49331667973937,38.03988193339947
221,7,53,133.61251660568004,-84.49297512650466,38.039874645868856
222,7,54,120.59356632465781,-84.49263357339319,38.03986735734714
223,7,55,112.19241553477707,-84.49229202040496,38.03986006783433
224,7,56,105.51633848466778,-84.49195046754001,38.03985277733042
225,7,57,106.39841672575135,-84.49160891479833,38.03984548583538
226,7,58,110.34328871553568,-84.49126736217995,38.03983819334927
227,7,59,119.30226099069168,-84.49092580968488,38.03983089987205
228,7,60,129.92546352034586,-84.49058425731315,38.03982360540373
229,7,61,140.54866605,-84.49024270506474,38.03981630994432
230,7,62,150.1664557614308,-84.48990115293971,38.039809013493795
231,7,63,156.82051520369083,-84.48955960093805,38.0398017160522
232,7,64,163.47457464595078,-84.4892180490598,38.039794417619504
233,7,65,170.1286340882108,-84.48887649730496,38.03978711819571
234,7,66,176.7826935304708,-84.48853494567355,38.039779817780826
235,7,67,183.4367529727308,-84.48819339416559,38.03977251637485
236,7,68,190.09081241499078,-84.48785184278108,38.03976521397779
237,7,69,196.38075384801954,-84.48751029152007,38.039757910589636
238,7,70,202.35804296481595,-84.48716874038253,38.0397506062104
239,7,71,208.3353320816124,-84.48682718936851,38.03974330084007
240,7,72,214.31262119840883,-84.48648563847804,38.03973599447866
241,7,73,220.28991031520528,-84.48614408771111,38.03972868712617
242,7,74,226.26719943200172,-84.48580253706773,38.039721378782595
243,7,75,232.24448854879813,-84.48546098654793,38.03971406944793
244,7,76,238.22177766559457,-84.48511943615175,38.03970675912219
245,7,77,244.19906678239101,-84.48477788587917,38.039699447805376
246,7,78,250.17635589918743,-84.48443633573021,38.039692135497475
247,7,79,256.15364501598384,-84.48409478570491,38.0396848221985
248,7,80,261.2457908643904,-84.48375323580328,38.03967750790844
249,7,81,266.12257770394945,-84.48341168602532,38.03967019262732
250,7,82,270.9993645435085,-84.48307013637105,38.03966287635512
251,7,83,275.8761513830675,-84.48272858684051,38.03965555909184
252,7,84,280.7529382226266,-84.48238703743368,38.03964824083751
253,7,85,285.6297250621856,-84.48204548815062,38.03964092159209
254,7,86,290.5065119017447,-84.4817039389913,38.0396336013556
255,7,87,295.417649353053,-84.48136238995579,38.03962628012805
256,7,88,302.1908845530398,-84.48102084104406,38.039618957909425
257,7,89,311.71633557549376,-84.48067929225614,38.03961163469974
258,7,90,323.751165283276,-84.48033774359206,38.03960431049899
259,7,91,338.0274547724553,-84.47999619505183,38.039596985307156
260,8,40,330.02307153956116,-84.49740612923085,38.04023943306689
261,8,41,308.2356091527299,-84.49706457326643,38.0402321573594
262,8,42,286.44814676589874,-84.49672301742503,38.04022488066077
263,8,43,265.28420005269805,-84.49638146170669,38.040217602971026
264,8,44,245.9530311559367,-84.4960399061114,38.04021032429014
265,8,45,228.93247972270433,-84.49569835063919,38.04020304461815
266,8,46,213.73605128719984,-84.49535679529008,38.04019576395503
267,8,47,198.59038683664258,-84.49501524006409,38.04018848230078
268,8,48,183.44472238608532,-84.49467368496123,38.040181199655414
269,8,49,168.29905793552805,-84.49433212998153,38.04017391601892
270,8,50,153.1533934849708,-84.49399057512497,38.040166631391315
271,8,51,138.00772903441353,-84.49364902039159,38.0401593457726
272,8,52,122.86206458385622,-84.49330746578143,38.04015205916276
273,8,53,107.71640013329896,-84.49296591129446,38.04014477156181
274,8,54,92.86622617401585,-84.49262435693075,38.04013748296973
275,8,55,83.31620227962878,-84.49228280269027,38.04013019338657
276,8,56,75.76080382310774,-84.49194124857304,38.040122902812264
277,8,57,76.63008042436036,-84.49159969457912,38.04011561124686
278,8,58,81.06647568360319,-84.49125814070848,38.04010831869035
279,8,59,91.24611071995871,-84.49091658696116,38.04010102514273
280,8,60,101.86931324961287,-84.49057503333717,38.04009373060399
281,8,61,112.49251577926704,-84.49023347983653,38.040086435074144
282,8,62,120.91370387483265,-84.48989192645925,38.0400791385532
283,8,63,127.56776331709264,-84.48955037320536,38.04007184104116
284,8,64,134.22182275935265,-84.48920882007486,38.04006454253801
285,8,65,140.87588220161263,-84.48886726706779,38.040057243043755
286,8,66,147.52994164387263,-84.48852571418414,38.040049942558404
287,8,67,154.18400108613264,-84.48818416142393,38.040042641081946
288,8,68,160.83806052839265,-84.4878426087872,38.04003533861439
289,8,69,166.98225023279744,-84.48750105627396,38.04002803515574
290,8,70,172.95953934959385,-84.48715950388419,38.04002073070599
291,8,71,178.93682846639027,-84.48681795161795,38.040013425265144
292,8,72,184.91411758318674,-84.48647639947525,38.040006118833205
293,8,73,190.89140669998315,-84.48613484745607,38.03999881141017
294,8,74,196.8686958167796,-84.4857932955605,38.03999150299605
295,8,75,202.845984933576,-84.48545174378847,38.039984193590826
296,8,76,208.82327405037245,-84.48511019214006,38.03997688319453
297,8,77,214.80056316716892,-84.48476864061526,38.03996957180713
298,8,78,220.77785228396533,-84.4844270892141,38.03996225942865
299,8,79,226.75514140076177,-84.48408553793656,38.039954946059076
300,8,80,231.6448288847266,-84.48374398678273,38.03994763169842
301,8,81,236.52161572428562,-84.48340243575257,38.03994031634667
302,8,82,241.3984025638447,-84.48306088484608,38.03993300000385
303,8,83,246.27518940340374,-84.48271933406333,38.039925682669946
304,8,84,251.15197624296277,-84.4823777834043,38.03991836434496
305,8,85,256.02876308252183,-84.48203623286902,38.039911045028894
306,8,86,260.90554992208087,-84.48169468245753,38.03990372472174
307,8,87,265.9478653853548,-84.4813531321698,38.03989640342351
308,8,88,273.45202551945385,-84.48101158200588,38.03988908113421
309,8,89,283.9432221736545,-84.48067003196576,38.03988175785382
310,8,90,297.1051944615283,-84.48032848204949,38.039874433582376
311,8,91,312.6007673274136,-84.47998693225706,38.03986710831985
312,8,92,330.10147362796346,-84.4796453825885,38.03985978206625
313,8,93,349.30606357321983,-84.47930383304382,38.03985245482157
314,9,39,331.18757383957615,-84.49773848751693,38.04051683444587
315,9,40,309.40011145274497,-84.49739693017717,38.04050955965928
316,9,41,287.6126490659137,-84.49705537296045,38.04050228388155
317,9,42,265.8251866790825,-84.49671381586676,38.04049500711268
318,9,43,244.03772429225128,-84.49637225889612,38.040487729352684
319,9,44,222.90048893350107,-84.49603070204853,38.04048045060155
320,9,45,203.96522915435145,-84.49568914532404,38.04047317085928
321,9,46,187.83993481481878,-84.49534758872264,38.04046589012587
322,9,47,172.6942703642615,-84.49500603224436,38.04045860840134
323,9,48,157.54860591370425,-84.49466447588921,38.04045132568567
324,9,49,142.402941463147,-84.49432291965722,38.040444041978866
325,9,50,127.25727701258971,-84.49398136354839,38.04043675728096
326,9,51,112.11161256203245,-84.49363980756273,38.0404294715919
327,9,52,96.96594811147519,-84.49329825170028,38.040422184911726
328,9,53,81.82028366091791,-84.49295669596104,38.04041489724042
329,9,54,66.67461921036065,-84.49261514034505,38.04040760857799
330,9,55,54.439989024480475,-84.4922735848523,38.04040031892445
331,9,56,46.32171310126433,-84.49193202948281,38.04039302827978
332,9,57,46.8617441229694,-84.4915904742366,38.040385736643984
333,9,58,52.56675791957158,-84.4912489191137,38.04037844401707
334,9,59,63.18996044922574,-84.49090736411412,38.04037115039905
335,9,60,73.8131629788799,-84.49056580923786,38.0403638557899
336,9,61,84.43636550853408,-84.49022425448497,38.04035656018964
337,9,62,91.66095198823452,-84.48988269985543,38.040349263598266
338,9,63,98.31501143049451,-84.48954114534926,38.040341966015774
339,9,64,104.96907087275451,-84.48919959096652,38.040334667442174
340,9,65,111.6231303150145,-84.48885803670717,38.04032736787745
341,9,66,118.27718975727451,-84.48851648257128,38.04032006732163
342,9,67,124.9312491995345,-84.48817492855882,38.04031276577469
343,9,68,131.5853086417945,-84.48783337466985,38.04030546323664
344,9,69,137.58374661757531,-84.48749182090434,38.04029815970748
345,9,70,143.56103573437176,-84.48715026726234,38.04029085518724
346,9,71,149.5383248511682,-84.48680871374384,38.04028354967587
347,9,72,155.5156139679646,-84.4864671603489,38.040276243173395
348,9,73,161.49290308476102,-84.4861256070775,38.040268935679826
349,9,74,167.4701922015575,-84.48578405392966,38.04026162719515
350,9,75,173.4474813183539,-84.4854425009054,38.04025431771939
351,9,76,179.42477043515032,-84.48510094800476,38.04024700725251
352,9,77,185.4020595519468,-84.48475939522773,38.04023969579454
353,9,78,191.3793486687432,-84.48441784257433,38.04023238334546
354,9,79,197.16708006550374,-84.48407629004457,38.040225069905304
355,9,80,202.04386690506277,-84.4837347376385,38.04021775547404
356,9,81,206.9206537446218,-84.48339318535609,38.04021044005168
357,9,82,211.79744058418086,-84.48305163319739,38.04020312363823
358,9,83,216.6742274237399,-84.48271008116241,38.04019580623369
359,9,84,221.55101426329895,-84.48236852925116,38.040188487838066
360,9,85,226.427801102858,-84.48202697746369,38.04018116845133
361,9,86,231.30458794241704,-84.48168542579995,38.04017384807352
362,9,87,236.61138319356124,-84.48134387426,38.040166526704624
363,9,88,245.0156929962559,-84.48100232284388,38.04015920434464
364,9,89,256.67183907102225,-84.48066077155156,38.04015188099357
365,9,90,271.160793865496,-84.48031922038305,38.04014455665141
366,9,91,288.0554100992225,-84.47997766933842,38.040137231318184
367,9,92,306.9587308500876,-84.47963611841764,38.040129904993854
368,9,93,327.5231375075076,-84.47929456762077,38.04012257767846
369,9,94,349.45550326247115,-84.47895301694778,38.040115249371965
370,10,38,332.35207613959113,-84.49807084830759,38.04079423495981
371,10,39,310.56461375275995,-84.49772928959253,38.04078696109415
372,10,40,288.7771513659287,-84.49738773100047,38.04077968623733
373,10,41,266.9896889790975,-84.49704617253144,38.04077241038936
374,10,42,245.20222659226624,-84.49670461418543,38.04076513355026
375,10,43,223.41476420543503,-84.49636305596248,38.040757855719995
376,10,44,201.62730181860385,-84.49602149786259,38.0407505768986
377,10,45,180.53683595318648,-84.49567993988579,38.04074329708606
378,10,46,162.20584414003406,-84.49533838203209,38.040736016282374
379,10,47,146.79815389188047,-84.49499682430151,38.04072873448755
380,10,48,131.65248944132318,-84.49465526669405,38.04072145170158
381,10,49,116.50682499076592,-84.49431370920975,38.04071416792448
382,10,50,101.36116054020866,-84.49397215184861,38.040706883156226
383,10,51,86.2154960896514,-84.49363059461066,38.040699597396845
384,10,52,71.06983163909413,-84.49328903749593,38.04069231064634
385,10,53,55.92416718853686,-84.4929474805044,38.0406850229047
386,10,54,40.778502737979586,-84.4926059236361,38.04067773417191
387,10,55,25.80862849658561,-84.49226436689106,38.04067044444799
388,10,56,17.429631189648465,-84.49192281026929,38.04066315373294
389,10,57,17.093407821578424,-84.4915812537708,38.04065586202677
390,10,58,24.51060764883861,-84.49123969739561,38.04064856932946
391,10,59,35.13381017849278,-84.49089814114375,38.04064127564102
392,10,60,45.757012708146945,-84.49055658501521,38.04063398096146
393,10,61,55.75414065937639,-84.49021502901003,38.040626685290775
394,10,62,62.40820010163638,-84.48987347312821,38.040619388628976
395,10,63,69.06225954389639,-84.48953191736977,38.04061209097604
396,10,64,75.71631898615638,-84.48919036173476,38.040604792331976
397,10,65,82.37037842841637,-84.48884880622315,38.0405974926968
398,10,66,89.02443787067637,-84.48850725083497,38.040590192070496
399,10,67,95.67849731293636,-84.48816569557025,38.04058289045308
400,10,68,102.20795388555679,-84.48782414042898,38.04057558784454
401,10,69,108.18524300235322,-84.48748258541121,38.040568284244884
402,10,70,114.16253211914966,-84.48714103051695,38.04056097965412
403,10,71,120.13982123594607,-84.48679947574621,38.04055367407224
404,10,72,126.11711035274251,-84.48645792109899,38.04054636749923
405,10,73,132.09439946953893,-84.48611636657533,38.04053905993512
406,10,74,138.07168858633537,-84.48577481217524,38.04053175137991
407,10,75,144.0489777031318,-84.48543325789873,38.040524441833576
408,10,76,150.02626681992825,-84.48509170374582,38.04051713129613
409,10,77,156.00355593672467,-84.48475014971655,38.04050981976758
410,10,78,161.9808450535211,-84.4844085958109,38.04050250724793
411,10,79,167.5661180858399,-84.48406704202891,38.04049519373716
412,10,80,172.44290492539892,-84.48372548837058,38.040487879235286
413,10,81,177.31969176495798,-84.48338393483594,38.040480563742314
414,10,82,182.196478604517,-84.483042381425,38.040473247258255
415,10,83,187.07326544407607,-84.48270082813778,38.04046592978307
416,10,84,191.95005228363513,-84.4823592749743,38.0404586113168
417,10,85,196.82683912319416,-84.48201772193457,38.04045129185942
418,10,86,201.70362596275322,-84.4816761690186,38.04044397141095
419,10,87,207.4647589604406,-84.48133461622642,38.040436649971376
420,10,88,217.0008510770844,-84.48099306355805,38.04042932754071
421,10,89,230.08066525860926,-84.48065151101349,38.040422004118945
422,10,90,246.13991078959432,-84.48030995859278,38.04041467970608
423,10,91,264.63672995480937,-84.47996840629591,38.04040735430213
424,10,92,285.0970746935856,-84.47962685412291,38.04040002790709
425,10,93,307.12877617785216,-84.47928530207382,38.04039270052096
426,10,94,330.4176573886003,-84.4789437501486,38.04038537214374
427,11,37,333.5165784396061,-84.49840321160292,38.041071634608684
428,11,38,311.72911605277494,-84.49806165151254,38.04106436166397
429,11,39,289.9416536659437,-84.49772009154516,38.041057087728085
430,11,40,268.15419127911247,-84.49737853170076,38.04104981280105
431,11,41,246.36672889228126,-84.49703697197938,38.04104253688285
432,11,42,224.57926650545005,-84.49669541238106,38.04103525997349
433,11,43,202.7918041186188,-84.49635385290577,38.04102798207298
434,11,44,181.00434173178763,-84.49601229355356,38.041020703181324
435,11,45,159.21687934495642,-84.49567073432443,38.04101342329851
436,11,46,138.2116865723796,-84.4953291752184,38.04100614242454
437,11,47,120.90203741949941,-84.49498761623549,38.04099886055943
438,11,48,105.75637296894213,-84.49464605737573,38.04099157770316
439,11,49,90.61070851838487,-84.49430449863911,38.04098429385574
440,11,50,75.46504406782759,-84.49396294002567,38.04097700901718
441,11,51,60.31937961727033,-84.4936213815354,38.040969723187466
442,11,52,45.173715166713066,-84.49327982316835,38.04096243636662
443,11,53,30.0280507161558,-84.4929382649245,38.04095514855462
444,11,54,14.882386265598528,-84.49259670680391,38.040947859751476
445,11,55,0.0,-84.49225514880656,38.04094056995719
446,11,56,0.0,-84.49191359093247,38.04093327917176
447,11,57,0.0,-84.49157203318168,38.040925987395205
448,11,58,0.0,-84.4912304755542,38.04091869462751
449,11,59,7.077659907759817,-84.49088891805002,38.04091140086866
450,11,60,17.700862437413985,-84.4905473606692,38.040904106118695
451,11,61,26.501388772778267,-84.49020580341173,38.040896810377575
452,11,62,33.15544821503826,-84.4898642462776,38.040889513645325
453,11,63,39.809507657298255,-84.48952268926689,38.04088221592195
454,11,64,46.463567099558254,-84.48918113237956,38.04087491720745
455,11,65,53.11762654181825,-84.48883957561567,38.04086761750179
456,11,66,59.771685984078246,-84.4884980189752,38.04086031680502
457,11,67,66.42574542633824,-84.48815646245819,38.04085301511713
458,11,68,72.8094502703347,-84.48781490606466,38.04084571243809
459,11,69,78.78673938713112,-84.48747334979461,38.04083840876795
460,11,70,84.76402850392755,-84.48713179364806,38.040831104106665
461,11,71,90.74131762072399,-84.48679023762503,38.04082379845425
462,11,72,96.7186067375204,-84.48644868172555,38.04081649181073
463,11,73,102.69589585431684,-84.48610712594962,38.04080918417608
464,11,74,108.67318497111327,-84.48576557029725,38.04080187555031
465,11,75,114.65047408790971,-84.48542401476847,38.04079456593342
466,11,76,120.62776320470613,-84.4850824593633,38.040787255325405
467,11,77,126.60505232150257,-84.48474090408175,38.04077994372628
468,11,78,132.582341438299,-84.48439934892382,38.040772631136036
469,11,79,137.96515610617604,-84.48405779388956,38.04076531755467
470,11,80,142.8419429457351,-84.48371623897897,38.040758002982194
471,11,81,147.71872978529413,-84.48337468419207,38.040750687418615
472,11,82,152.59551662485322,-84.48303312952888,38.04074337086391
473,11,83,157.47230346441225,-84.48269157498939,38.0407360533181
474,11,84,162.34909030397128,-84.48235002057365,38.040728734781176
475,11,85,167.22587714353034,-84.48200846628167,38.04072141525316
476,11,86,172.10266398308937,-84.48166691211345,38.04071409473401
477,11,87,178.60096798241932,-84.48132535806903,38.04070677322377
478,11,88,189.59443272924028,-84.48098380414841,38.040699450722414
479,11,89,204.43530047324916,-84.48064225035161,38.04069212722995
480,11,90,222.3545260102724,-84.48030069667865,38.040684802746405
481,11,91,242.67113218287452,-84.47995914312955,38.040677477271736
482,11,92,264.8339509061922,-84.4796175897043,38.04067015080598
483,11,93,288.4176913960873,-84.47927603640295,38.04066282334911
484,11,94,313.1014338324146,-84.47893448322552,38.040655494901145
485,11,95,338.6447268533487,-84.47859293017198,38.04064816546209
486,12,36,334.6810807396211,-84.49873557740294,38.041349033392464
487,12,37,312.8936183527899,-84.49839401593725,38.041341761368706
488,12,38,291.1061559659587,-84.49805245459451,38.04133448835378
489,12,39,269.3186935791275,-84.49771089337477,38.041327214347696
490,12,40,247.53123119229625,-84.49736933227803,38.04131993935042
491,12,41,225.743768805465,-84.4970277713043,38.041312663361985
492,12,42,203.9563064186338,-84.49668621045363,38.04130538638239
493,12,43,182.1688440318026,-84.496344649726,38.04129810841163
494,12,44,160.3813816449714,-84.49600308912144,38.04129082944971
495,12,45,138.59391925814018,-84.49566152863997,38.04128354949662
496,12,46,116.80645687130898,-84.4953199682816,38.04127626855236
497,12,47,95.97599426093807,-84.49497840804636,38.041268986616956
498,12,48,79.86025649656108,-84.49463684793426,38.041261703690395
499,12,49,64.71459204600382,-84.4942952879453,38.04125441977266
500,12,50,49.56892759544654,-84.49395372807953,38.04124713486378
501,12,51,34.423263144889276,-84.49361216833694,38.04123984896374
502,12,52,19.277598694332006,-84.49327060871755,38.04123256207255
503,12,53,4.131934243774737,-84.49292904922139,38.0412252741902
504,12,54,0.0,-84.49258748984846,38.0412179853167
505,12,55,0.6786889750185469,-84.49224593059878,38.041210695452044
506,12,56,14.234848951428287,-84.49190437147239,38.041203404596246
507,12,57,20.057037451711047,-84.49156281246927,38.0411961127493
508,12,58,7.7390871083111294,-84.49122125358946,38.04118881991119
509,12,59,0.0,-84.49087969483298,38.04118152608194
510,12,60,0.0,-84.49053813619983,38.04117423126156
511,12,61,0.0,-84.49019657769003,38.041166935450015
512,12,62,3.902696328440129,-84.48985501930362,38.04115963864734
513,12,63,10.556755770700123,-84.48951346104059,38.04115234085352
514,12,64,17.210815212960117,-84.48917190290095,38.04114504206855
515,12,65,23.86487465522012,-84.48883034488475,38.04113774229244
516,12,66,30.518934097480113,-84.48848878699198,38.041130441525205
517,12,67,37.17299353974011,-84.48814722922268,38.04112313976681
518,12,68,43.41094665511257,-84.48780567157684,38.041115837017294
519,12,69,49.388235771908995,-84.48746411405449,38.04110853327664
520,12,70,55.36552488870544,-84.48712255665565,38.041101228544846
521,12,71,61.34281400550187,-84.48678099938031,38.04109392282193
522,12,72,67.3201031222983,-84.48643944222853,38.041086616107854
523,12,73,73.29739223909473,-84.48609788520031,38.04107930840267
524,12,74,79.27468135589116,-84.48575632829565,38.041071999706354
525,12,75,85.2519704726876,-84.48541477151458,38.0410646900189
526,12,76,91.22925958948402,-84.48507321485714,38.04105737934032
527,12,77,97.20654870628046,-84.4847316583233,38.04105006767061
528,12,78,103.1838378230769,-84.48439010191309,38.041042755009784
529,12,79,108.36419412651223,-84.48404854562656,38.04103544135783
530,12,80,113.24098096607126,-84.48370698946368,38.04102812671474
531,12,81,118.11776780563032,-84.4833654334245,38.04102081108054
532,12,82,122.99455464518935,-84.48302387750903,38.041013494455214
533,12,83,127.8713414847484,-84.48268232171728,38.04100617683876
534,12,84,132.74812832430746,-84.48234076604928,38.0409988582312
535,12,85,137.6249151638665,-84.48199921050501,38.04099153863251
536,12,86,142.50170200342552,-84.48165765508452,38.040984218042716
537,12,87,150.18317255272186,-84.48131609978783,38.0409768964618
538,12,88,163.10342876734956,-84.48097454461495,38.04096957388976
539,12,89,180.14014442464267,-84.48063298956588,38.040962250326615
540,12,90,200.24538644122705,-84.48029143464065,38.04095492577235
541,12,91,222.58921345982066,-84.47994987983928,38.04094760022698
542,12,92,246.56378709438832,-84.47960832516179,38.040940273690495
543,12,93,271.7378226599899,-84.47926677060819,38.040932946162904
544,12,94,297.8072991410005,-84.4789252161785,38.0409256176442
545,12,95,324.55651369110217,-84.47858366187272,38.040918288134385
546,13,35,335.8455830396361,-84.49906794570771,38.04162643131112
547,13,36,314.0581206528049,-84.49872638286668,38.04161916020835
548,13,37,292.2706582659737,-84.4983848201486,38.041611888114396
549,13,38,270.48319587914244,-84.49804325755349,38.041604615029264
550,13,39,248.69573349231126,-84.49770169508137,38.041597340952954
551,13,40,226.90827110548005,-84.49736013273227,38.041590065885465
552,13,41,205.12080871864882,-84.49701857050619,38.0415827898268
553,13,42,183.3333463318176,-84.49667700840314,38.04157551277695
554,13,43,161.54588394498637,-84.49633544642315,38.04156823473594
555,13,44,139.75842155815516,-84.49599388456623,38.04156095570375
556,13,45,117.97095917132395,-84.49565232283241,38.04155367568039
557,13,46,96.18349678449273,-84.49531076122169,38.04154639466586
558,13,47,74.39603439766155,-84.49496919973409,38.04153911266016
559,13,48,54.03991713140894,-84.49462763836964,38.041531829663285
560,13,49,38.81847557362275,-84.49428607712834,38.04152454567525
561,13,50,23.672811123065475,-84.4939445160102,38.04151726069605
562,13,51,8.527146672508213,-84.49360295501526,38.041509974725685
563,13,52,0.0,-84.49326139414353,38.041502687764144
564,13,53,0.0,-84.49291983339502,38.041495399811446
565,13,54,13.445380056808204,-84.49257827276975,38.04148811086758
566,13,55,27.441172542392977,-84.49223671226774,38.04148082093257
567,13,56,40.99733251880272,-84.491895151889,38.041473530006385
568,13,57,50.05325887621265,-84.49155359163356,38.04146623808904
569,13,58,29.743779769985373,-84.4912120315014,38.04145894518055
570,13,59,17.324480600494255,-84.4908704714926,38.041451651280894
571,13,60,10.757655386298703,-84.49052891160711,38.04144435639009
572,13,61,4.190830172103153,-84.490187351845,38.04143706050813
573,13,62,0.0,-84.48984579220624,38.04142976363501
574,13,63,0.0,-84.48950423269088,38.041422465770744
575,13,64,0.0,-84.48916267329894,38.04141516691532
576,13,65,0.0,-84.4888211140304,38.04140786706874
577,13,66,1.2661822108819847,-84.48847955488532,38.041400566231026
578,13,67,7.92024165314198,-84.4881379958637,38.04139326440216
579,13,68,14.012443039890467,-84.48779643696552,38.04138596158215
580,13,69,19.9897321566869,-84.48745487819086,38.04137865777099
581,13,70,25.967021273483333,-84.48711331953972,38.04137135296869
582,13,71,31.944310390279764,-84.48677176101208,38.041364047175236
583,13,72,37.921599507076195,-84.48643020260798,38.04135674039065
584,13,73,43.89888862387263,-84.48608864432744,38.04134943261491
585,13,74,49.876177740669064,-84.48574708617049,38.04134212384805
586,13,75,55.85346685746549,-84.48540552813711,38.041334814090035
587,13,76,61.83075597426192,-84.48506397022734,38.04132750334088
588,13,77,67.80804509105835,-84.48472241244122,38.041320191600605
589,13,78,73.78533420785479,-84.48438085477872,38.04131287886918
590,13,79,78.7632321468484,-84.48403929723987,38.04130556514662
591,13,80,83.64001898640743,-84.4836977398247,38.041298250432945
592,13,81,88.51680582596649,-84.48335618253323,38.04129093472811
593,13,82,93.39359266552553,-84.48301462536547,38.04128361803216
594,13,83,98.27037950508458,-84.48267306832143,38.04127630034508
595,13,84,103.14716634464361,-84.48233151140113,38.04126898166687
596,13,85,108.02395318420265,-84.48198995460457,38.041261661997524
597,13,86,112.97752747373625,-84.4816483979318,38.04125434133706
598,13,87,122.52209952389845,-84.48130684138283,38.041247019685464
599,13,88,138.0558149061796,-84.48096528495766,38.04123969704275
600,13,89,157.8199961572505,-84.48062372865633,38.04123237340891
601,13,90,180.42974905691082,-84.48028217247882,38.04122504878394
602,13,91,204.94545006514554,-84.47994061642517,38.04121772316786
603,13,92,230.76043998066547,-84.4795990604954,38.04121039656065
604,13,93,257.4842205218323,-84.47925750468953,38.041203068962325
605,13,94,284.86113630223554,-84.47891594900756,38.041195740372885
606,13,95,312.71969898467546,-84.4785743934495,38.041188410792316
607,13,96,340.94186203916246,-84.4782328380154,38.04118108022064
608,14,34,337.0100853396511,-84.49940031651721,38.041903828364646
609,14,35,315.22262295281985,-84.49905875230087,38.04189655818287
610,14,36,293.43516056598867,-84.49871718820744,38.0418892870099
611,14,37,271.64769817915743,-84.49837562423697,38.041882014845754
612,14,38,249.86023579232622,-84.49803406038949,38.041874741690414
613,14,39,228.072773405495,-84.49769249666498,38.04186746754388
614,14,40,206.2853110186638,-84.49735093306349,38.04186019240617
615,14,41,184.49784863183257,-84.49700936958503,38.041852916277264
616,14,42,162.71038624500136,-84.49666780622961,38.04184563915718
617,14,43,140.92292385817015,-84.49632624299724,38.04183836104592
618,14,44,119.13546147133894,-84.49598467988795,38.041831081943464
619,14,45,97.34799908450773,-84.49564311690175,38.04182380184982
620,14,46,75.56053669767653,-84.49530155403865,38.041816520765
621,14,47,53.77307431084532,-84.49495999129869,38.04180923868901
622,14,48,31.9856119240141,-84.49461842868186,38.04180195562184
623,14,49,12.922359101241684,-84.49427686618819,38.04179467156349
624,14,50,0.0,-84.4939353038177,38.04178738651397
625,14,51,0.0,-84.4935937415704,38.04178010047327
626,14,52,9.975662123719182,-84.49325217944629,38.04177281344139
627,14,53,24.76199854672217,-84.49291061744542,38.04176552541835
628,14,54,39.54833496972516,-84.4925690555678,38.04175823640412
629,14,55,54.20365610976741,-84.49222749381342,38.04175094639873
630,14,56,67.75981608617714,-84.49188593218233,38.04174365540218
631,14,57,72.13948763113558,-84.49154437067452,38.041736363414444
632,14,58,54.39698518474393,-84.49120280929003,38.04172907043556
633,14,59,46.596938758397656,-84.49086124802886,38.0417217764655
634,14,60,40.0301135442021,-84.49051968689103,38.04171448150427
635,14,61,33.46328833000655,-84.49017812587657,38.04170718555188
636,14,62,26.89646311581101,-84.48983656498548,38.04169988860832
637,14,63,20.014405931099052,-84.48949500421777,38.041692590673605
638,14,64,12.911651120653508,-84.48915344357349,38.04168529174773
639,14,65,5.808896310207964,-84.48881188305262,38.0416779918307
640,14,66,0.0,-84.48847032265519,38.04167069092251
641,14,67,0.0,-84.48812876238122,38.04166338902316
642,14,68,0.0,-84.48778720223073,38.041656086132654
643,14,69,0.0,-84.48744564220374,38.04164878225098
644,14,70,0.0,-84.48710408230025,38.04164147737817
645,14,71,2.545806775057667,-84.48676252252028,38.0416341715142
646,14,72,8.5230958918541,-84.48642096286386,38.04162686465908
647,14,73,14.50038500865053,-84.486079403331,38.04161955681281
648,14,74,20.47767412544696,-84.48573784392171,38.04161224797539
649,14,75,26.454963242243394,-84.48539628463602,38.041604938146804
650,14,76,32.43225235903983,-84.48505472547394,38.0415976273271
651,14,77,38.40954147583626,-84.48471316643548,38.04159031551623
652,14,78,44.28548332762552,-84.48437160752067,38.04158300271422
653,14,79,49.162270167184566,-84.48403004872951,38.04157568892107
654,14,80,54.03905700674361,-84.48368849006204,38.041568374136766
655,14,81,58.915843846302664,-84.48334693151824,38.04156105836134
656,14,82,63.792630685861695,-84.48300537309817,38.041553741594754
657,14,83,68.66941752542074,-84.48266381480182,38.04154642383703
658,14,84,73.54620436497977,-84.48232225662922,38.04153910508816
659,14,85,78.42299120453883,-84.48198069858037,38.04153178534818
660,14,86,83.78902832604209,-84.4816391406553,38.04152446461704
661,14,87,96.27224119904724,-84.48129758285403,38.041517142894776
662,14,88,115.3953533863161,-84.48095602517655,38.041509820181375
663,14,89,138.43348850916826,-84.48061446762291,38.04150249647684
664,14,90,163.74240104042465,-84.48027291019312,38.04149517178117
665,14,91,190.4187938627606,-84.47993135288718,38.04148784609436
666,14,92,217.96114381653845,-84.47958979570512,38.04148051941644
667,14,93,246.0788560024591,-84.47924823864695,38.04147319174738
668,14,94,274.5952412718477,-84.47890668171269,38.04146586308719
669,14,95,303.3979065300377,-84.47856512490236,38.041458533435886
670,14,96,332.4124438772934,-84.47822356821598,38.04145120279344
671,15,33,338.1745876396661,-84.49973268983155,38.04218122455297
672,15,34,316.38712525283484,-84.49939112423984,38.04217395529223
673,15,35,294.59966286600365,-84.49904955877108,38.04216668504028
674,15,36,272.8122004791724,-84.49870799342526,38.04215941379713
675,15,37,251.0247380923412,-84.49836642820237,38.04215214156278
676,15,38,229.23727570551003,-84.49802486310249,38.042144868337225
677,15,39,207.44981331867882,-84.4976832981256,38.04213759412048
678,15,40,185.66235093184758,-84.4973417332717,38.04213031891255
679,15,41,163.87488854501635,-84.49700016854084,38.042123042713406
680,15,42,142.08742615818514,-84.49665860393301,38.042115765523086
681,15,43,120.29996377135393,-84.49631703944824,38.04210848734156
682,15,44,98.51250138452272,-84.49597547508657,38.04210120816884
683,15,45,76.7250389976915,-84.49563391084797,38.042093928004924
684,15,46,54.93757661086029,-84.49529234673248,38.042086646849825
685,15,47,33.150114224029096,-84.49495078274012,38.04207936470353
686,15,48,11.362651837197875,-84.4946092188709,38.04207208156606
687,15,49,0.0,-84.49426765512486,38.0420647974374
688,15,50,3.4540392948322247,-84.49392609150198,38.042057512317555
689,15,51,21.292280613633142,-84.4935845280023,38.04205022620651
690,15,52,36.07861703663613,-84.49324296462584,38.042042939104306
691,15,53,50.864953459639125,-84.49290140137258,38.04203565101091
692,15,54,65.6512898826421,-84.49255983824257,38.04202836192633
693,15,55,80.4376263056451,-84.49221827523583,38.04202107185057
694,15,56,94.52229965355157,-84.49187671235237,38.04201378078363
695,15,57,95.35588931770928,-84.49153514959218,38.04200648872551
696,15,58,82.58472654983126,-84.49119358695533,38.04199919567622
697,15,59,75.86939691630107,-84.49085202444179,38.04199190163575
698,15,60,69.30257170210551,-84.4905104620516,38.0419846066041
699,15,61,62.73574648790995,-84.49016889978478,38.04197731058129
700,15,62,56.16892127371441,-84.48982733764132,38.0419700135673
701,15,63,49.16146194200164,-84.48948577562126,38.041962715562136
702,15,64,42.0587071315561,-84.48914421372461,38.041955416565806
703,15,65,34.95595232111055,-84.48880265195137,38.04194811657831
704,15,66,27.853197510665,-84.4884610903016,38.04194081559964
705,15,67,20.750442700219462,-84.48811952877529,38.0419335136298
706,15,68,13.647687889773916,-84.48777796737244,38.0419262106688
707,15,69,7.379333180376341,-84.4874364060931,38.041918906716646
708,15,70,1.4396259613227582,-84.48709484493726,38.041911601773315
709,15,71,0.0,-84.48675328390495,38.04190429583882
710,15,72,0.0,-84.4864117229962,38.041896988913166
711,15,73,0.0,-84.48607016221098,38.04188968099635
712,15,74,0.0,-84.48572860154937,38.04188237208838
713,15,75,0.0,-84.48538704101132,38.04187506218925
714,15,76,3.033748743817725,-84.48504548059691,38.041867751298966
715,15,77,9.011037860614156,-84.48470392030612,38.04186043941752
716,15,78,14.684521347961677,-84.48436236013897,38.041853126544915
717,15,79,19.561308187520723,-84.48402080009548,38.04184581268116
718,15,80,24.43809502707977,-84.48367924017568,38.04183849782626
719,15,81,29.314881866638817,-84.48333768037956,38.0418311819802
720,15,82,34.19166870619786,-84.48299612070716,38.04182386514299
721,15,83,39.068455545756905,-84.48265456115848,38.04181654731463
722,15,84,43.94524238531595,-84.48231300173356,38.041809228495126
723,15,85,48.822029224874996,-84.48197144243238,38.04180190868447
724,15,86,55.47324419542933,-84.481629883255,38.04179458788268
725,15,87,72.97276189943052,-84.4812883242014,38.04178726608974
726,15,88,96.81305251305851,-84.48094676527163,38.04177994330565
727,15,89,123.37143224653538,-84.48060520646567,38.04177261953041
728,15,90,151.22252957885183,-84.48026364778356,38.04176529476404
729,15,91,179.76650580653774,-84.47992208922531,38.041757969006525
730,15,92,208.7192846086753,-84.47958053079093,38.04175064225788
731,15,93,237.93167701090675,-84.47923897248046,38.04174331451809
732,15,94,267.3185853675118,-84.4788974142939,38.041735985787156
733,15,95,296.8281813449541,-84.47855585623125,38.0417286560651
734,15,96,326.4271931047078,-84.47821429829258,38.04172132535189
735,16,32,340.19128574335554,-84.5000650656507,38.042458619876115
736,16,33,317.80242270933877,-84.49972349868366,38.04245135153641
737,16,34,295.76416516601864,-84.49938193183954,38.042444082205485
738,16,35,273.9767027791874,-84.49904036511835,38.04243681188336
739,16,36,252.18924039235623,-84.4986987985201,38.042429540570026
740,16,37,230.401778005525,-84.4983572320448,38.04242226826547
741,16,38,208.61431561869378,-84.49801566569249,38.04241499496972
742,16,39,186.82685323186257,-84.49767409946317,38.04240772068275
743,16,40,165.03939084503136,-84.49733253335687,38.04240044540458
744,16,41,143.25192845820013,-84.49699096737359,38.04239316913522
745,16,42,121.4644660713689,-84.49664940151335,38.04238589187463
746,16,43,99.67700368453771,-84.49630783577618,38.04237861362285
747,16,44,77.88954129770649,-84.49596627016209,38.042371334379865
748,16,45,56.10207891087527,-84.49562470467109,38.042364054145686
749,16,46,34.31461652404407,-84.4952831393032,38.04235677292031
750,16,47,12.527154137212865,-84.49494157405843,38.04234949070372
751,16,48,0.0,-84.4946000089368,38.04234220749594
752,16,49,6.695168555638389,-84.49425844393835,38.04233492329697
753,16,50,27.175750522842403,-84.49391687906308,38.0423276381068
754,16,51,45.5409463131109,-84.493575314311,38.04232035192543
755,16,52,62.181571949553074,-84.49323374968213,38.042313064752875
756,16,53,76.96790837255608,-84.49289218517649,38.04230577658912
757,16,54,91.75424479555907,-84.49255062079409,38.04229848743419
758,16,55,106.54058121856204,-84.49220905653496,38.04229119728806
759,16,56,121.284783220926,-84.4918674923991,38.042283906150736
760,16,57,121.4658416580249,-84.49152592838655,38.04227661402223
761,16,58,111.70868028840002,-84.4911843644973,38.04226932090254
762,16,59,105.14185507420446,-84.49084280073137,38.04226202679166
763,16,60,98.57502986000891,-84.49050123708881,38.04225473168961
764,16,61,92.00820464581336,-84.4901596735696,38.04224743559636
765,16,62,85.41127276334977,-84.48981811017376,38.04224013851193
766,16,63,78.30851795290423,-84.48947654690133,38.04223284043633
767,16,64,71.2057631424587,-84.48913498375231,38.04222554136953
768,16,65,64.10300833201315,-84.4887934207267,38.042218241311566
769,16,66,57.000253521567586,-84.48845185782454,38.04221094026243
770,16,67,49.89749871112205,-84.48811029504587,38.042203638222105
771,16,68,42.79474390067651,-84.48776873239065,38.04219633519061
772,16,69,36.78545292018429,-84.48742716985893,38.04218903116794
773,16,70,30.84574570113071,-84.48708560745074,38.0421817261541
774,16,71,24.90603848207713,-84.48674404516608,38.04217442014908
775,16,72,18.966331263023548,-84.48640248300495,38.04216711315289
776,16,73,13.02662404396996,-84.48606092096739,38.04215980516554
777,16,74,7.086916824916379,-84.4857193590534,38.042152496187015
778,16,75,1.147209605862796,-84.48537779726301,38.04214518621732
779,16,76,0.0,-84.48503623559624,38.042137875256465
780,16,77,0.0,-84.4846946740531,38.04213056330444
781,16,78,0.0,-84.4843531126336,38.04212325036125
782,16,79,0.0,-84.48401155133777,38.042115936426896
783,16,80,0.0,-84.48366999016562,38.04210862150138
784,16,81,0.0,-84.48332842911717,38.0421013055847
785,16,82,4.5907067265340284,-84.48298686819241,38.04209398867687
786,16,83,9.467493566093074,-84.4826453073914,38.04208667077788
787,16,84,14.344280405652118,-84.48230374671412,38.04207935188772
788,16,85,19.221067245211163,-84.48196218616063,38.042072032006416
789,16,86,30.560765293251176,-84.4816206257309,38.042064711133946
790,16,87,56.40659121923989,-84.48127906542497,38.04205738927033
791,16,88,85.02615298036056,-84.48093750524285,38.04205006641555
792,16,89,114.35554139745446,-84.48059594518456,38.04204274256963
793,16,90,143.9615678088085,-84.48025438525013,38.04203541773255
794,16,91,173.7028386746613,-84.47991282543956,38.04202809190433
795,16,92,203.5200710527113,-84.47957126575285,38.04202076508494
796,16,93,233.38415215897996,-84.47922970619005,38.04201343727442
797,16,94,263.2791401471661,-84.47888814675117,38.04200610847276
798,16,95,293.19558113023527,-84.47854658743623,38.04199877867993
799,16,96,323.1275165502957,-84.47820502824523,38.04199144789598
800,17,31,342.611703368577,-84.50039744397473,38.042736014334004
801,17,32,320.22284033456026,-84.50005587563237,38.04272874691535
802,17,33,297.83397730054355,-84.49971430741289,38.0427214785055
803,17,34,275.4451142665268,-84.49937273931631,38.0427142091044
804,17,35,253.35374269237118,-84.49903117134268,38.0427069387121
805,17,36,231.56628030553998,-84.49868960349198,38.04269966732857
806,17,37,209.77881791870877,-84.49834803576425,38.04269239495382
807,17,38,187.99135553187753,-84.4980064681595,38.042685121587866
808,17,39,166.20389314504632,-84.49766490067775,38.04267784723068
809,17,40,144.41643075821514,-84.49732333331902,38.042670571882276
810,17,41,122.62896837138389,-84.4969817660833,38.042663295542674
811,17,42,100.8415059845527,-84.49664019897064,38.04265601821185
812,17,43,79.05404359772147,-84.49629863198103,38.042648739889806
813,17,44,57.26658121089026,-84.49595706511451,38.04264146057656
814,17,45,35.47911882405905,-84.4956154983711,38.042634180272096
815,17,46,13.691656437227836,-84.49527393175077,38.04262689897643
816,17,47,0.0,-84.49493236525359,38.04261961668956
817,17,48,5.1248967879930065,-84.49459079887956,38.04261233341148
818,17,49,27.10870153672167,-84.49424923262868,38.04260504914219
819,17,50,49.092506285450334,-84.49390766650099,38.042597763881695
820,17,51,69.26265754112109,-84.49356610049648,38.04259047762999
821,17,52,87.62785333138959,-84.49322453461521,38.0425831903871
822,17,53,103.07086328547302,-84.49288296885716,38.042575902153
823,17,54,117.85719970847602,-84.49254140322235,38.042568612927695
824,17,55,132.643536131479,-84.4921998377108,38.0425613227112
825,17,56,147.429872554482,-84.49185827232255,38.04255403150349
826,17,57,149.0474949531643,-84.49151670705758,38.0425467393046
827,17,58,140.98113844630342,-84.49117514191595,38.04253944611451
828,17,59,134.41431323210787,-84.49083357689761,38.04253215193322
829,17,60,127.84748801791233,-84.49049201200265,38.04252485676075
830,17,61,121.28066280371677,-84.49015044723103,38.04251756059707
831,17,62,114.55832877425237,-84.4898088825828,38.04251026344222
832,17,63,107.45557396380684,-84.48946731805798,38.042502965296144
833,17,64,100.35281915336128,-84.48912575365657,38.042495666158906
834,17,65,93.25006434291575,-84.48878418937858,38.04248836603048
835,17,66,86.1473095324702,-84.48844262522405,38.04248106491085
836,17,67,79.04455472202466,-84.48810106119296,38.04247376280005
837,17,68,72.13127987904583,-84.48775949728538,38.04246645969807
838,17,69,66.19157265999226,-84.48741793350129,38.04245915560488
839,17,70,60.251865440938666,-84.48707636984071,38.042451850520536
840,17,71,54.312158221885085,-84.48673480630364,38.042444544445
841,17,72,48.372451002831504,-84.48639324289016,38.042437237378266
842,17,73,42.43274378377792,-84.48605167960021,38.042429929320384
843,17,74,36.493036564724335,-84.48571011643385,38.042422620271296
844,17,75,30.553329345670754,-84.4853685533911,38.04241531023104
845,17,76,24.61362212661717,-84.48502699047195,38.042407999199604
846,17,77,18.67391490756359,-84.48468542767644,38.042400687177
847,17,78,12.734207688510004,-84.48434386500458,38.04239337416322
848,17,79,6.794500469456423,-84.48400230245639,38.04238606015827
849,17,80,0.8547932504028404,-84.48366074003187,38.04237874516215
850,17,81,0.0,-84.48331917773105,38.04237142917485
851,17,82,0.0,-84.48297761555393,38.04236411219639
852,17,83,0.0,-84.48263605350057,38.042356794226755
853,17,84,0.0,-84.48229449157094,38.04234947526596
854,17,85,0.0,-84.48195292976509,38.04234215531398
855,17,86,23.63453256198505,-84.48161136808301,38.042334834370855
856,17,87,53.267421521856,-84.48126980652472,38.042327512436565
857,17,88,82.98268641339064,-84.48092824509025,38.0423201895111
858,17,89,112.84444781223564,-84.48058668377963,38.042312865594475
859,17,90,142.7641851435913,-84.48024512259283,38.0423055406867
860,17,91,172.71177063934834,-84.47990356152992,38.042298214787756
861,17,92,202.67485999759347,-84.47956200059089,38.04229088789766
862,17,93,232.64746298360822,-84.47922043977574,38.042283560016386
863,17,94,262.6263223486454,-84.47887887908453,38.04227623114399
864,17,95,292.60951513585445,-84.47853731851724,38.042268901280416
865,17,96,322.59583305694616,-84.4781957580739,38.04226157042569
866,18,30,345.0321209937985,-84.5007298248037,38.04301340792663
867,18,31,322.64325795978175,-84.50038825508598,38.04300614142908
868,18,32,300.254394925765,-84.50004668549114,38.042998873940284
869,18,33,277.8655318917482,-84.49970511601919,38.042991605460266
870,18,34,255.47666885773148,-84.49936354667017,38.042984335989
871,18,35,233.08780582371472,-84.49902197744406,38.04297706552651
872,18,36,210.94332021872376,-84.49868040834092,38.042969794072796
873,18,37,189.15585783189255,-84.49833883936073,38.04296252162785
874,18,38,167.3683954450613,-84.49799727050352,38.04295524819168
875,18,39,145.58093305823013,-84.49765570176932,38.042947973764285
876,18,40,123.7934706713989,-84.49731413315813,38.04294069834566
877,18,41,102.00600828456767,-84.49697256466996,38.04293342193581
878,18,42,80.21854589773646,-84.49663099630486,38.04292614453473
879,18,43,58.431083510905246,-84.49628942806281,38.04291886614244
880,18,44,36.64362112407403,-84.49594785994384,38.04291158675892
881,18,45,14.85615873724282,-84.49560629194796,38.04290430638419
882,18,46,0.0,-84.49526472407521,38.042897025018235
883,18,47,3.554625020347622,-84.4949231563256,38.04288974266107
884,18,48,25.538429769076288,-84.49458158869913,38.042882459312686
885,18,49,47.522234517804954,-84.49424002119582,38.04287517497308
886,18,50,69.50603926653362,-84.49389845381569,38.04286788964226
887,18,51,91.48984401526229,-84.49355688655876,38.04286060332023
888,18,52,111.34956455939977,-84.49321531942506,38.04285331600699
889,18,53,129.17381819839,-84.49287375241458,38.04284602770254
890,18,54,143.96015462139297,-84.49253218552735,38.04283873840688
891,18,55,158.74649104439592,-84.49219061876339,38.04283144812
892,18,56,173.53282746739893,-84.49184905212269,38.04282415684192
893,18,57,177.41578513180468,-84.49150748560531,38.042816864572636
894,18,58,170.25359660420685,-84.49116591921124,38.04280957131214
895,18,59,163.68677139001127,-84.4908243529405,38.04280227706045
896,18,60,157.11994617581573,-84.49048278679312,38.04279498181755
897,18,61,150.55312096162018,-84.4901412207691,38.04278768558345
898,18,62,143.70538478515496,-84.48979965486846,38.042780388358146
899,18,63,136.60262997470943,-84.48945808909123,38.04277309014165
900,18,64,129.49987516426387,-84.4891165234374,38.04276579093394
901,18,65,122.39712035381834,-84.488774957907,38.04275849073504
902,18,66,115.29436554337279,-84.48843339250007,38.042751189544944
903,18,67,108.19161073292724,-84.48809182721659,38.042743887363656
904,18,68,101.5373996188538,-84.4877502620566,38.042736584191175
905,18,69,95.59769239980021,-84.4874086970201,38.04272928002749
906,18,70,89.65798518074662,-84.48706713210713,38.04272197487262
907,18,71,83.71827796169303,-84.48672556731768,38.04271466872655
908,18,72,77.77857074263946,-84.48638400265177,38.04270736158931
909,18,73,71.83886352358587,-84.48604243810946,38.04270005346085
910,18,74,65.89915630453228,-84.4857008736907,38.042692744341224
911,18,75,59.95944908547871,-84.48535930939556,38.04268543423041
912,18,76,54.01974186642512,-84.48501774522403,38.04267812312841
913,18,77,48.08003464737154,-84.48467618117614,38.04267081103523
914,18,78,42.14032742831796,-84.48433461725189,38.042663497950855
915,18,79,36.20062020926437,-84.48399305345131,38.042656183875295
916,18,80,30.436817818298476,-84.48365148977442,38.04264886880856
917,18,81,27.2805198838091,-84.48330992622121,38.04264155275065
918,18,82,24.124221949319722,-84.48296836279172,38.042634235701556
919,18,83,20.96792401483034,-84.48262679948598,38.04262691766128
920,18,84,17.811626080340965,-84.482285236304,38.04261959862983
921,18,85,14.65532814585159,-84.48194367324575,38.04261227860721
922,18,86,30.04861056347048,-84.48160211031131,38.042604957593404
923,18,87,58.19592294265712,-84.48126054750067,38.042597635588436
924,18,88,87.58202953517497,-84.48091898481384,38.042590312592296
925,18,89,117.21207664579535,-84.48057742225083,38.04258298860497
926,18,90,146.8449656056663,-84.48023585981169,38.04257566362649
927,18,91,176.47785456553723,-84.47989429749641,38.04256833765683
928,18,92,206.1107435254082,-84.47955273530502,38.042561010696
929,18,93,235.74363248527914,-84.47921117323752,38.042553682744014
930,18,94,265.38512532566335,-84.47886961129394,38.04254635380085
931,18,95,295.08813582010254,-84.47852804947429,38.042539023866524
932,18,96,324.84573424850225,-84.47818648777861,38.04253169294105
933,19,29,348.07071306785485,-84.5010622081376,38.04329080065398
934,19,30,325.06458023925177,-84.50072063704452,38.043283535077514
935,19,31,302.6748125509864,-84.50037906607433,38.04327626850982
936,19,32,280.28594951696965,-84.500037495227,38.04326900095087
937,19,33,257.89708648295294,-84.49969592450257,38.04326173240069
938,19,34,235.50822344893618,-84.49935435390107,38.04325446285926
939,19,35,213.1193604149194,-84.4990127834225,38.04324719232659
940,19,36,190.73049738090268,-84.49867121306687,38.04323992080268
941,19,37,168.5328977450763,-84.49832964283422,38.043232648287535
942,19,38,146.7454353582451,-84.49798807272454,38.04322537478115
943,19,39,124.95797297141388,-84.49764650273787,38.04321810028353
944,19,40,103.17051058458267,-84.4973049328742,38.043210824794684
945,19,41,81.38304819775145,-84.49696336313359,38.043203548314594
946,19,42,59.595585810920234,-84.49662179351601,38.04319627084327
947,19,43,37.80812342408902,-84.4962802240215,38.04318899238072
948,19,44,16.020661037257806,-84.49593865465006,38.043181712926945
949,19,45,0.0,-84.49559708540174,38.043174432481926
950,19,46,1.9843532527022383,-84.49525551627653,38.043167151045694
951,19,47,23.968158001430893,-84.49491394727445,38.043159868618226
952,19,48,45.951962750159566,-84.49457237839553,38.04315258519953
953,19,49,67.93576749888823,-84.49423080963977,38.04314530078962
954,19,50,89.9195722476169,-84.4938892410072,38.04313801538847
955,19,51,111.90337699634554,-84.49354767249784,38.043130728996104
956,19,52,133.88718174507423,-84.49320610411166,38.04312344161253
957,19,53,153.43647157767842,-84.49286453584875,38.04311615323772
958,19,54,170.06310953430992,-84.49252296770908,38.043108863871694
959,19,55,184.8494459573129,-84.49218139969267,38.043101573514456
960,19,56,199.63578238031587,-84.49183983179954,38.043094282165995
961,19,57,206.2463717888289,-84.49149826402973,38.04308698982632
962,19,58,199.52605476211022,-84.49115669638323,38.043079696495425
963,19,59,192.95922954791467,-84.49081512886006,38.043072402173316
964,19,60,186.39240433371913,-84.49047356146023,38.043065106860006
965,19,61,179.82557911952358,-84.49013199418378,38.04305781055547
966,19,62,172.85244079605755,-84.48979042703073,38.043050513259736
967,19,63,165.74968598561202,-84.48944886000105,38.04304321497278
968,19,64,158.6469311751665,-84.4891072930948,38.04303591569462
969,19,65,151.54417636472093,-84.488765726312,38.04302861542526
970,19,66,144.4414215542754,-84.48842415965262,38.04302131416468
971,19,67,137.33866674382986,-84.48808259311673,38.0430140119129
972,19,68,130.94351935866175,-84.48774102670431,38.04300670866992
973,19,69,125.00381213960817,-84.4873994604154,38.04299940443573
974,19,70,119.06410492055458,-84.48705789425001,38.04299209921035
975,19,71,113.124397701501,-84.48671632820816,38.042984792993764
976,19,72,107.18469048244742,-84.48637476228986,38.042977485785975
977,19,73,101.24498326339383,-84.48603319649511,38.04297017758699
978,19,74,95.30527604434025,-84.48569163082396,38.0429628683968
979,19,75,89.36556882528666,-84.48535006527642,38.042955558215425
980,19,76,83.42586160623307,-84.48500849985248,38.04294824704285
981,19,77,77.4861543871795,-84.48466693455218,38.042940934879084
982,19,78,71.54644716812591,-84.48432536937553,38.04293362172411
983,19,79,65.60673994907232,-84.48398380432256,38.04292630757796
984,19,80,60.27031884229394,-84.48364223939326,38.04291899244062
985,19,81,57.11402090780456,-84.48330067458767,38.04291167631208
986,19,82,53.957722973315185,-84.48295910990579,38.04290435919236
987,19,83,50.801425038825805,-84.48261754534765,38.042897041081446
988,19,84,47.645127104336424,-84.48227598091327,38.04288972197935
989,19,85,44.502036430953225,-84.48193441660266,38.04288240188607
990,19,86,51.61664166578899,-84.48159285241582,38.0428750808016
991,19,87,71.75042959597552,-84.48125128835278,38.042867758725954
992,19,88,97.11833296324446,-84.48090972441358,38.042860435659115
993,19,89,124.56250257566356,-84.4805681605982,38.0428531116011
994,19,90,152.96948551349962,-84.48022659690668,38.04284578655191
995,19,91,181.88872958107476,-84.47988503333902,38.04283846051153
996,19,92,211.10982070706686,-84.47954346989525,38.042831133479986
997,19,93,240.52276991861393,-84.47920190657538,38.04282380545726
998,19,94,270.06489831089687,-84.47886034337944,38.042816476443356
999,19,95,299.6882876092185,-84.47851878030741,38.04280914643828
1000,19,96,329.32117656908946,-84.47817721735936,38.042801815442026
1001,20,29,330.31126075093005,-84.50105302150807,38.043560927860675
1002,20,30,305.9726932414475,-84.5007114491625,38.04355366221407
1003,20,31,282.72433400749384,-84.50036987693979,38.043546395576236
1004,20,32,260.31750410817443,-84.50002830483997,38.043539127947135
1005,20,33,237.9286410741576,-84.49968673286304,38.043531859326784
1006,20,34,215.53977804014085,-84.49934516100905,38.04352458971518
1007,20,35,193.15091500612408,-84.49900358927798,38.04351731911233
1008,20,36,170.76205197210737,-84.49866201766986,38.04351004751824
1009,20,37,148.3731889380906,-84.49832044618472,38.04350277493288
1010,20,38,126.12247527142885,-84.49797887482255,38.0434955013563
1011,20,39,104.33501288459766,-84.49763730358339,38.043488226788455
1012,20,40,82.54755049776645,-84.49729573246725,38.04348095122938
1013,20,41,60.760088110935214,-84.49695416147414,38.043473674679056
1014,20,42,38.972625724104006,-84.49661259060409,38.04346639713748
1015,20,43,17.185163337272787,-84.4962710198571,38.04345911860467
1016,20,44,0.0,-84.4959294492332,38.04345183908063
1017,20,45,0.41408148505685427,-84.49558787873241,38.04344455856534
1018,20,46,22.39788623378552,-84.49524630835472,38.043437277058814
1019,20,47,44.38169098251417,-84.49490473810017,38.04342999456105
1020,20,48,66.36549573124285,-84.49456316796878,38.043422711072054
1021,20,49,88.3493004799715,-84.49422159796055,38.04341542659182
1022,20,50,110.33310522870016,-84.49388002807552,38.04340814112035
1023,20,51,132.31690997742882,-84.49353845831368,38.043400854657655
1024,20,52,154.3007147261575,-84.49319688867506,38.04339356720373
1025,20,53,176.28451947488617,-84.49285531915967,38.04338627875857
1026,20,54,195.5233785959571,-84.49251374976754,38.04337898932218
1027,20,55,210.95240087022987,-84.49217218049868,38.043371698894575
1028,20,56,225.73873729323284,-84.4918306113531,38.04336440747573
1029,20,57,235.3694350126562,-84.49148904233083,38.04335711506566
1030,20,58,228.79851292001362,-84.49114747343187,38.043349821664364
1031,20,59,222.23168770581808,-84.49080590465626,38.04334252727185
1032,20,60,215.66486249162253,-84.49046433600398,38.043335231888115
1033,20,61,209.09803727742698,-84.49012276747509,38.043327935513155
1034,20,62,201.99949680696014,-84.48978119906957,38.043320638146966
1035,20,63,194.8967419965146,-84.48943963078746,38.04331333978957
1036,20,64,187.79398718606905,-84.48909806262877,38.04330604044096
1037,20,65,180.69123237562349,-84.48875649459352,38.04329874010112
1038,20,66,173.58847756517795,-84.48841492668171,38.04329143877007
1039,20,67,166.4857227547324,-84.48807335889339,38.04328413644781
1040,20,68,160.3496390984697,-84.48773179122854,38.04327683313432
1041,20,69,154.40993187941612,-84.4873902236872,38.04326952882964
1042,20,70,148.47022466036253,-84.48704865626938,38.04326222353374
1043,20,71,142.53051744130894,-84.4867070889751,38.04325491724662
1044,20,72,136.59081022225536,-84.48636552180436,38.0432476099683
1045,20,73,130.65110300320177,-84.4860239547572,38.04324030169877
1046,20,74,124.71139578414821,-84.48568238783362,38.04323299243803
1047,20,75,118.77168856509462,-84.48534082103363,38.04322568218608
1048,20,76,112.83198134604105,-84.48499925435729,38.04321837094294
1049,20,77,106.89227412698746,-84.48465768780457,38.043211058708586
1050,20,78,100.95256690793387,-84.4843161213755,38.043203745483034
1051,20,79,95.0128596888803,-84.4839745550701,38.04319643126629
1052,20,80,90.10381986628941,-84.4836329888884,38.04318911605833
1053,20,81,86.94752193180003,-84.4832914228304,38.04318179985917
1054,20,82,83.79122399731065,-84.48294985689611,38.04317448266882
1055,20,83,80.63492606282126,-84.48260829108557,38.043167164487265
1056,20,84,77.47862812833188,-84.48226672539877,38.04315984531452
1057,20,85,74.44319946483522,-84.48192515983575,38.04315252515057
1058,20,86,78.90270208879933,-84.48158359439653,38.04314520399544
1059,20,87,93.32461008365583,-84.48124202908109,38.043137881849105
1060,20,88,113.98828579121177,-84.48090046388948,38.04313055871159
1061,20,89,138.12014968125231,-84.4805588988217,38.04312323458287
1062,20,90,164.1981187417326,-84.48021733387777,38.043115909462976
1063,20,91,191.4284948712618,-84.47987576905774,38.04310858335188
1064,20,92,219.38257701793293,-84.47953420436157,38.04310125624961
1065,20,93,247.8155797147989,-84.4791926397893,38.043093928156146
1066,20,94,276.5798401903769,-84.47885107534098,38.04308659907149
1067,20,95,305.5818293846789,-84.47850951101657,38.04307926899567
1068,20,96,334.75976595230134,-84.47816794681613,38.04307193792865
1069,21,28,340.7991734608769,-84.50138540847662,38.04383831977849
1070,21,29,314.41666091696356,-84.50104383475569,38.043831055053026
1071,21,30,288.7414010714931,-84.50070226115758,38.0438237893363
1072,21,31,263.9798415093184,-84.50036068768237,38.04381652262831
1073,21,32,240.41446868655984,-84.50001911433003,38.043809254929066
1074,21,33,217.9601956653623,-84.4996775411006,38.043801986238556
1075,21,34,195.57133263134557,-84.49933596799409,38.04379471655678
1076,21,35,173.1824695973288,-84.49899439501051,38.04378744588375
1077,21,36,150.79360656331204,-84.4986528221499,38.04378017421946
1078,21,37,128.4047435292953,-84.49831124941224,38.04377290156391
1079,21,38,106.01588049527854,-84.49796967679758,38.043765627917104
1080,21,39,83.71205279778142,-84.4976281043059,38.04375835327905
1081,21,40,61.924590410950216,-84.49728653193726,38.04375107764974
1082,21,41,40.13712802411899,-84.49694495969166,38.04374380102917
1083,21,42,18.349665637287774,-84.49660338756911,38.04373652341735
1084,21,43,0.0,-84.49626181556962,38.043729244814294
1085,21,44,0.0,-84.49592024369323,38.04372196521997
1086,21,45,20.827614466140137,-84.49557867193994,38.0437146846344
1087,21,46,42.8114192148688,-84.49523710030977,38.0437074030576
1088,21,47,64.79522396359746,-84.49489552880274,38.04370012048954
1089,21,48,86.77902871232612,-84.49455395741886,38.043692836930234
1090,21,49,108.76283346105478,-84.49421238615814,38.04368555237969
1091,21,50,130.74663820978344,-84.49387081502061,38.0436782668379
1092,21,51,152.73044295851213,-84.4935292440063,38.04367098030487
1093,21,52,174.7142477072408,-84.4931876731152,38.04366369278059
1094,21,53,196.69805245596945,-84.49284610234734,38.043656404265086
1095,21,54,218.68185720469813,-84.49250453170274,38.04364911475833
1096,21,55,237.05535578314678,-84.49216296118139,38.04364182426034
1097,21,56,251.8416922061498,-84.49182139078334,38.043634532771115
1098,21,57,264.63779629211257,-84.4914798205086,38.04362724029066
1099,21,58,258.070971077917,-84.49113825035718,38.04361994681896
1100,21,59,251.50414586372148,-84.49079668032908,38.04361265235603
1101,21,60,244.93732064952593,-84.49045511042436,38.04360535690187
1102,21,61,238.24930762830826,-84.490113540643,38.04359806045649
1103,21,62,231.1465528178627,-84.48977197098502,38.04359076301987
1104,21,63,224.04379800741717,-84.48943040145045,38.04358346459202
1105,21,64,216.94104319697163,-84.4890888320393,38.043576165172944
1106,21,65,209.8382883865261,-84.4887472627516,38.04356886476264
1107,21,66,202.73553357608057,-84.48840569358734,38.043561563361116
1108,21,67,195.70908171368515,-84.48806412454655,38.04355426096836
1109,21,68,189.75575883827764,-84.48772255562926,38.04354695758438
1110,21,69,183.81605161922403,-84.48738098683546,38.04353965320919
1111,21,70,177.87634440017047,-84.4870394181652,38.04353234784277
1112,21,71,171.93663718111688,-84.48669784961847,38.04352504148513
1113,21,72,165.99692996206332,-84.48635628119528,38.043517734136266
1114,21,73,160.0572227430097,-84.48601471289568,38.04351042579621
1115,21,74,154.11751552395611,-84.48567314471967,38.043503116464905
1116,21,75,148.17780830490253,-84.48533157666725,38.0434958061424
1117,21,76,142.23810108584894,-84.48499000873846,38.04348849482868
1118,21,77,136.29839386679535,-84.4846484409333,38.04348118252374
1119,21,78,130.3586866477418,-84.48430687325181,38.04347386922759
1120,21,79,124.4189794286882,-84.48396530569399,38.04346655494024
1121,21,80,119.93732089028488,-84.48362373825984,38.04345923966167
1122,21,81,116.78102295579549,-84.48328217094942,38.043451923391885
1123,21,82,113.62472502130612,-84.48294060376271,38.0434446061309
1124,21,83,110.46842708681673,-84.48259903669972,38.04343728787871
1125,21,84,107.31212915232734,-84.48225746976051,38.04342996863532
1126,21,85,104.41814328276764,-84.48191590294508,38.043422648400714
1127,21,86,107.6429054651219,-84.48157433625342,38.04341532717491
1128,21,87,118.62057809387774,-84.48123276968556,38.043408004957904
1129,21,88,135.4794744515874,-84.48089120324155,38.043400681749695
1130,21,89,156.32829061955132,-84.48054963692137,38.04339335755029
1131,21,90,179.7842620987262,-84.48020807072503,38.043386032359685
1132,21,91,204.95420793127437,-84.47986650465258,38.04337870617788
1133,21,92,231.27921177461806,-84.479524938704,38.043371379004874
1134,21,93,258.40650194885035,-84.47918337287932,38.04336405084067
1135,21,94,286.1079633631224,-84.4788418071786,38.04335672168528
1136,21,95,314.2317825270804,-84.4785002416018,38.0433493915387
1137,21,96,342.67398442324,-84.47815867614894,38.04334206040092
1138,22,27,350.17306989092907,-84.50171779795023,38.044115710830944
1139,22,28,327.09111445639996,-84.50137622285393,38.04410844702663
1140,22,29,300.4061115427787,-84.50103464788045,38.044101182231046
1141,22,30,273.72231252865157,-84.50069307302981,38.0440939164442
1142,22,31,247.46245049822977,-84.50035149830207,38.044086649666056
1143,22,32,222.1518049378506,-84.50000992369719,38.04407938189666
1144,22,33,198.15444599529133,-84.49966834921523,38.044072113135975
1145,22,34,175.60288722255027,-84.4993267748562,38.044064843384035
1146,22,35,153.2140241885335,-84.4989852006201,38.04405757264083
1147,22,36,130.82516115451673,-84.49864362650695,38.04405030090634
1148,22,37,108.4362981205,-84.49830205251678,38.044043028180596
1149,22,38,86.04743508648325,-84.49796047864959,38.04403575446358
1150,22,39,63.65857205246649,-84.49761890490541,38.04402847975529
1151,22,40,41.30163032413399,-84.49727733128424,38.04402120405576
1152,22,41,19.514167937302755,-84.49693575778612,38.04401392736496
1153,22,42,0.0,-84.49659418441105,38.04400664968289
1154,22,43,0.0,-84.49625261115906,38.043999371009555
1155,22,44,19.257342698494757,-84.49591103803016,38.04399209134498
1156,22,45,41.241147447223426,-84.49556946502436,38.04398481068914
1157,22,46,63.22495219595209,-84.49522789214167,38.04397752904204
1158,22,47,85.20875694468074,-84.49488631938215,38.043970246403674
1159,22,48,107.19256169340942,-84.49454474674576,38.043962962774074
1160,22,49,129.1763664421381,-84.49420317423254,38.04395567815321
1161,22,50,151.16017119086675,-84.49386160184253,38.04394839254109
1162,22,51,173.14397593959544,-84.4935200295757,38.04394110593772
1163,22,52,195.1277806883241,-84.49317845743211,38.043933818343106
1164,22,53,217.11158543705272,-84.49283688541176,38.04392652975724
1165,22,54,239.0953901857814,-84.49249531351465,38.04391924018013
1166,22,55,261.0791949345101,-84.49215374174082,38.04391194961177
1167,22,56,277.9446471190667,-84.49181217009028,38.04390465805216
1168,22,57,292.7309835420697,-84.49147059856305,38.0438973655013
1169,22,58,287.34342923582045,-84.49112902715915,38.04389007195921
1170,22,59,280.7766040216249,-84.49078745587857,38.04388277742588
1171,22,60,274.2097788074293,-84.49044588472137,38.043875481901296
1172,22,61,267.39636363921085,-84.49010431368752,38.04386818538547
1173,22,62,260.2936088287653,-84.48976274277707,38.0438608878784
1174,22,63,253.19085401831975,-84.48942117199002,38.0438535893801
1175,22,64,246.08809920787422,-84.4890796013264,38.043846289890574
1176,22,65,238.9853443974287,-84.48873803078621,38.043838989409814
1177,22,66,231.88258958698313,-84.4883964603695,38.0438316879378
1178,22,67,225.10158579713914,-84.48805489007623,38.043824385474565
1179,22,68,219.16187857808558,-84.48771331990648,38.04381708202008
1180,22,69,213.22217135903196,-84.48737174986022,38.04380977757438
1181,22,70,207.2824641399784,-84.48703017993748,38.04380247213745
1182,22,71,201.3427569209248,-84.48668861013827,38.04379516570928
1183,22,72,195.40304970187123,-84.48634704046265,38.04378785828989
1184,22,73,189.46334248281764,-84.48600547091057,38.04378054987927
1185,22,74,183.52363526376408,-84.48566390148211,38.043773240477414
1186,22,75,177.5839280447105,-84.48532233217723,38.04376593008435
1187,22,76,171.6442208256569,-84.48498076299599,38.04375861870005
1188,22,77,165.7045136066033,-84.48463919393839,38.04375130632454
1189,22,78,159.76480638754973,-84.48429762500444,38.04374399295779
1190,22,79,153.82509916849614,-84.48395605619417,38.04373667859983
1191,22,80,149.77082191428033,-84.48361448750758,38.043729363250655
1192,22,81,146.61452397979093,-84.4832729189447,38.043722046910254
1193,22,82,143.4582260453016,-84.48293135050555,38.04371472957864
1194,22,83,140.30192811081218,-84.48258978219015,38.0437074112558
1195,22,84,137.1456301763228,-84.48224821399849,38.043700091941766
1196,22,85,134.40426833504935,-84.48190664593061,38.0436927716365
1197,22,86,136.9246281610161,-84.48156507798652,38.04368545034002
1198,22,87,145.7127319330233,-84.48122351016625,38.04367812805234
1199,22,88,159.73743048433477,-84.48088194246978,38.04367080477344
1200,22,89,177.7635878015806,-84.48054037489716,38.04366348050333
1201,22,90,198.70515745305363,-84.48019880744839,38.04365615524202
1202,22,91,221.73765140091885,-84.47985724012351,38.043648828989504
1203,22,92,246.27511546875374,-84.47951567292252,38.04364150174576
1204,22,93,271.9104244958265,-84.47917410584543,38.04363417351083
1205,22,94,298.36073032464094,-84.47883253889226,38.043626844284695
1206,22,95,325.42736801044515,-84.47849097206304,38.04361951406735
1207,23,27,330.1404422210107,-84.50170861345725,38.04438583813488
1208,23,28,307.8089884251106,-84.50136703710838,38.04437857426046
1209,23,29,285.47753462921054,-84.50102546088235,38.04437130939475
1210,23,30,260.013059187314,-84.50068388477916,38.04436404353776
1211,23,31,233.3280562736927,-84.50034230879888,38.04435677668948
1212,23,32,206.64881349876842,-84.50000073294146,38.044349508849926
1213,23,33,180.60313438865,-84.49965915720695,38.04434224001909
1214,23,34,155.9847818909293,-84.49931758159536,38.044334970196964
1215,23,35,133.2455787797382,-84.49897600610673,38.04432769938357
1216,23,36,110.85671574572146,-84.49863443074103,38.04432042757889
1217,23,37,88.4678527117047,-84.49829285549832,38.04431315478294
1218,23,38,66.07898967768796,-84.49795128037859,38.04430588099572
1219,23,39,43.69012664367119,-84.49760970538188,38.044298606217225
1220,23,40,21.301263609654434,-84.49726813050817,38.04429133044745
1221,23,41,0.0,-84.49692655575754,38.04428405368641
1222,23,42,0.0,-84.49658498112994,38.04427677593409
1223,23,43,17.687070930849373,-84.49624340662541,38.044269497190506
1224,23,44,39.67087567957803,-84.49590183224397,38.04426221745565
1225,23,45,61.6546804283067,-84.49556025798566,38.04425493672954
1226,23,46,83.63848517703538,-84.49521868385045,38.04424765501214
1227,23,47,105.62228992576404,-84.49487710983838,38.0442403723035
1228,23,48,127.60609467449271,-84.49453553594948,38.04423308860357
1229,23,49,149.58989942322137,-84.49419396218376,38.04422580391239
1230,23,50,171.57370417195006,-84.49385238854121,38.04421851822995
1231,23,51,193.5575089206787,-84.49351081502189,38.044211231556254
1232,23,52,215.54131366940734,-84.49316924162578,38.04420394389129
1233,23,53,237.525118418136,-84.49282766835292,38.04419665523507
1234,23,54,259.5089231668647,-84.4924860952033,38.04418936558758
1235,23,55,281.4927279155933,-84.49214452217697,38.04418207494885
1236,23,56,303.41890386052467,-84.49180294927392,38.04417478331886
1237,23,57,318.8339384549867,-84.49146137649419,38.04416749069762
1238,23,58,316.61588739372377,-84.49111980383778,38.04416019708513
1239,23,59,310.0490621795282,-84.4907782313047,38.044152902481365
1240,23,60,303.4822369653327,-84.49043665889499,38.04414560688637
1241,23,61,296.54341965011344,-84.49009508660866,38.044138310300106
1242,23,62,289.44066483966793,-84.48975351444571,38.044131012722616
1243,23,63,282.33791002922237,-84.48941194240618,38.04412371415386
1244,23,64,275.2351552187768,-84.48907037049005,38.044116414593866
1245,23,65,268.13240040833125,-84.48872879869738,38.04410911404263
1246,23,66,261.02964559788575,-84.48838722702817,38.044101812500145
1247,23,67,254.5077055369471,-84.48804565548242,38.04409450996642
1248,23,68,248.5679983178935,-84.48770408406018,38.04408720644144
1249,23,69,242.62829109883995,-84.48736251276145,38.04407990192522
1250,23,70,236.68858387978634,-84.48702094158622,38.04407259641778
1251,23,71,230.74887666073278,-84.48667937053456,38.04406528991908
1252,23,72,224.8091694416792,-84.48633779960643,38.04405798242916
1253,23,73,218.8694622226256,-84.4859962288019,38.04405067394799
1254,23,74,212.929755003572,-84.48565465812095,38.04404336447559
1255,23,75,206.99004778451845,-84.4853130875636,38.04403605401195
1256,23,76,201.05034056546484,-84.48497151712988,38.04402874255708
1257,23,77,195.11063334641128,-84.48462994681981,38.04402143011097
1258,23,78,189.1709261273577,-84.4842883766334,38.04401411667365
1259,23,79,183.26638992145868,-84.48394680657066,38.04400680224509
1260,23,80,179.6043229382758,-84.48360523663162,38.0439994868253
1261,23,81,176.4480250037864,-84.48326366681628,38.04399217041427
1262,23,82,173.29172706929702,-84.48292209712466,38.04398485301202
1263,23,83,170.13542913480765,-84.48258052755679,38.043977534618556
1264,23,84,166.97913120031828,-84.48223895811267,38.043970215233855
1265,23,85,164.3954562837407,-84.48189738879235,38.043962894857934
1266,23,86,166.46234558329365,-84.4815558195958,38.04395557349078
1267,23,87,173.76293893533355,-84.48121425052307,38.04394825113241
1268,23,88,185.6809236238258,-84.48087268157417,38.04394092778283
1269,23,89,201.3982419192124,-84.4805311127491,38.04393360344203
1270,23,90,220.10247226803742,-84.48018954404789,38.04392627811001
1271,23,91,241.0994499140443,-84.47984797547055,38.04391895178676
1272,23,92,263.8423605094666,-84.47950640701713,38.04391162447231
1273,23,93,287.9177619556666,-84.4791648386876,38.04390429616663
1274,23,94,313.018344669945,-84.478823270482,38.043896966869745
1275,23,95,338.91640643419,-84.47848170240033,38.043889636581646
1276,24,26,332.46642234328294,-84.50204100656572,38.04466322837774
1277,24,27,310.1078145510923,-84.50169942884145,38.04465596542449
1278,24,28,287.77636075519223,-84.50135785124002,38.04464870147995
1279,24,29,265.44490695929215,-84.50101627376141,38.04464143654412
1280,24,30,243.11345316339205,-84.50067469640565,38.04463417061699
1281,24,31,219.6200068318493,-84.5003331191728,38.04462690369857
1282,24,32,192.93500391822803,-84.49999154206282,38.044619635788855
1283,24,33,166.25000100460676,-84.49964996507575,38.044612366887854
1284,24,34,139.58352289888924,-84.49930838821159,38.04460509699556
1285,24,35,114.0057888680252,-84.4989668114704,38.044597826111975
1286,24,36,90.88827033692617,-84.49862523485216,38.04459055423711
1287,24,37,68.4994073029094,-84.49828365835687,38.044583281370954
1288,24,38,46.110544268892646,-84.4979420819846,38.04457600751351
1289,24,39,23.72168123487589,-84.49760050573533,38.0445687326648
1290,24,40,1.3328182008591327,-84.49725892960909,38.044561456824795
1291,24,41,0.0,-84.49691735360588,38.04455417999351
1292,24,42,16.116799163203986,-84.49657577772574,38.04454690217095
1293,24,43,38.10060391193265,-84.49623420196868,38.044539623357096
1294,24,44,60.08440866066132,-84.4958926263347,38.044532343551985
1295,24,45,82.06821340938998,-84.49555105082383,38.04452506275559
1296,24,46,104.05201815811866,-84.49520947543608,38.04451778096791
1297,24,47,126.03582290684732,-84.49486790017149,38.044510498188956
1298,24,48,148.019627655576,-84.49452632503005,38.04450321441873
1299,24,49,170.00343240430465,-84.49418475001178,38.04449592965723
1300,24,50,191.98723715303333,-84.49384317511671,38.044488643904465
1301,24,51,213.97104190176196,-84.49350160034484,38.04448135716043
1302,24,52,235.95484665049062,-84.49316002569621,38.044474069425114
1303,24,53,257.9386513992193,-84.49281845117082,38.04446678069854
1304,24,54,279.92245614794797,-84.49247687676868,38.04445949098071
1305,24,55,301.9062608966766,-84.49213530248983,38.04445220027159
1306,24,56,323.8900656454053,-84.49179372833424,38.04444490857121
1307,24,57,344.9368933679036,-84.491452154302,38.04443761587957
1308,24,58,345.8883455516272,-84.49111058039306,38.04443032219667
1309,24,59,339.32152033743165,-84.4907690066075,38.04442302752251
1310,24,60,332.7546951232361,-84.49042743294525,38.044415731857086
1311,24,61,325.690475661016,-84.4900858594064,38.0444084352004
1312,24,62,318.58772085057046,-84.48974428599094,38.04440113755246
1313,24,63,311.48496604012496,-84.48940271269889,38.044393838913265
1314,24,64,304.3822112296794,-84.48906113953028,38.044386539282804
1315,24,65,297.2794564192339,-84.48871956648509,38.0443792386611
1316,24,66,290.1767016087883,-84.48837799356338,38.04437193704813
1317,24,67,283.913825276755,-84.48803642076513,38.04436463444391
1318,24,68,277.97411805770145,-84.48769484809038,38.044357330848435
1319,24,69,272.0344108386479,-84.48735327553914,38.04435002626172
1320,24,70,266.0947036195943,-84.48701170311142,38.04434272068376
1321,24,71,260.1549964005407,-84.48667013080725,38.044335414114535
1322,24,72,254.21528918148715,-84.48632855862664,38.04432810655407
1323,24,73,248.27558196243356,-84.48598698656961,38.04432079800235
1324,24,74,242.33587474337997,-84.48564541463617,38.044313488459395
1325,24,75,236.3961675243264,-84.48530384282634,38.04430617792519
1326,24,76,230.45646030527283,-84.48496227114013,38.04429886639976
1327,24,77,224.5167530862192,-84.48462069957758,38.04429155388306
1328,24,78,218.57704586716565,-84.48427912813868,38.04428424037514
1329,24,79,212.8507890407873,-84.48393755682346,38.04427692587597
1330,24,80,209.43782396227124,-84.48359598563194,38.04426961038556
1331,24,81,206.28152602778187,-84.48325441456413,38.04426229390391
1332,24,82,203.1252280932925,-84.48291284362003,38.04425497643105
1333,24,83,199.96893015880312,-84.48257127279969,38.04424765796693
1334,24,84,196.81263222431372,-84.4822297021031,38.04424033851157
1335,24,85,194.38936376972546,-84.4818881315303,38.04423301806499
1336,24,86,196.14043743489316,-84.48154656108129,38.04422569662718
1337,24,87,202.37321375988427,-84.48120499075608,38.04421837419813
1338,24,88,212.6940622063916,-84.48086342055471,38.044211050777854
1339,24,89,226.54494156393994,-84.48052185047717,38.04420372636635
1340,24,90,243.3237699004385,-84.48018028052351,38.04419640096362
1341,24,91,262.4696238594366,-84.47983871069371,38.04418907456966
1342,24,92,283.50335077255556,-84.47949714098783,38.044181747184474
1343,24,93,306.03593963719237,-84.47915557140584,38.04417441880806
1344,24,94,329.760280810124,-84.47881400194778,38.044167089440435
1345,25,25,336.2376688205972,-84.50237340217934,38.04494061775517
1346,25,26,313.1780003152313,-84.50203182307968,38.04493335572313
1347,25,27,290.1490812915007,-84.50169024410282,38.04492609269977
1348,25,28,267.7437330852738,-84.50134866524878,38.04491882868511
1349,25,29,245.41227928937377,-84.5010070865176,38.04491156367915
1350,25,30,223.08082549347367,-84.50066550790928,38.04490429768189
1351,25,31,200.74937169757362,-84.50032392942381,38.04489703069333
1352,25,32,178.41791790167355,-84.49998235106126,38.044889762713446
1353,25,33,152.54195156276333,-84.4996407728216,38.044882493742286
1354,25,34,125.85694864914201,-84.49929919470488,38.04487522377981
1355,25,35,99.17194573552074,-84.4989576167111,38.04486795282606
1356,25,36,72.54920819196234,-84.49861603884028,38.04486068088099
1357,25,37,48.53096189411409,-84.49827446109244,38.044853407944636
1358,25,38,26.142098860097335,-84.49793288346758,38.044846134016986
1359,25,39,3.753235826080588,-84.49759130596576,38.04483885909804
1360,25,40,0.0,-84.49724972858694,38.04483158318781
1361,25,41,14.61712170905893,-84.49690815133117,38.04482430628628
1362,25,42,36.565360513649715,-84.49656657419847,38.04481702839347
1363,25,43,58.51413689301594,-84.49622499718883,38.04480974950937
1364,25,44,80.4979416417446,-84.4958834203023,38.04480246963397
1365,25,45,102.48174639047326,-84.49554184353887,38.04479518876729
1366,25,46,124.46555113920193,-84.49520026689858,38.044787906909335
1367,25,47,146.4493558879306,-84.49485869038142,38.04478062406008
1368,25,48,168.43316063665927,-84.49451711398743,38.04477334021955
1369,25,49,190.41696538538793,-84.49417553771661,38.04476605538773
1370,25,50,212.40077013411656,-84.493833961569,38.04475876956464
1371,25,51,234.38457488284524,-84.49349238554457,38.04475148275026
1372,25,52,256.3683796315739,-84.4931508096434,38.04474419494461
1373,25,53,278.35218438030256,-84.49280923386546,38.044736906147676
1374,25,54,300.33598912903125,-84.49246765821078,38.04472961635947
1375,25,55,322.3197938777599,-84.49212608267938,38.044722325579976
1376,25,56,344.3035986264886,-84.49178450727128,38.04471503380922
1377,25,62,347.73477686147305,-84.48973505741276,38.04467126236796
1378,25,63,340.63202205102755,-84.4893934828682,38.044663963658316
1379,25,64,333.529267240582,-84.48905190844704,38.04465666395739
1380,25,65,326.4265124301365,-84.48871033414935,38.044649363265215
1381,25,66,319.3587643266862,-84.48836875997509,38.044642061581776
1382,25,67,313.319945016563,-84.48802718592434,38.044634758907065
1383,25,68,307.3802377975094,-84.48768561199707,38.04462745524109
1384,25,69,301.4405305784558,-84.48734403819331,38.04462015058387
1385,25,70,295.50082335940226,-84.48700246451308,38.04461284493538
1386,25,71,289.56111614034864,-84.4866608909564,38.04460553829563
1387,25,72,283.6214089212951,-84.48631931752328,38.044598230664626
1388,25,73,277.6817017022415,-84.48597774421374,38.04459092204237
1389,25,74,271.7419944831879,-84.48563617102779,38.04458361242886
1390,25,75,265.80228726413435,-84.48529459796545,38.04457630182408
1391,25,76,259.8625800450808,-84.48495302502674,38.044568990228065
1392,25,77,253.92287282602715,-84.48461145221168,38.04456167764079
1393,25,78,247.98316560697359,-84.4842698795203,38.044554364062265
1394,25,79,242.5373107703789,-84.48392830695256,38.04454704949251
1395,25,80,239.27132498626668,-84.48358673450855,38.04453973393149
1396,25,81,236.1150270517773,-84.48324516218823,38.04453241737922
1397,25,82,232.95872911728793,-84.48290358999166,38.0445250998357
1398,25,83,229.80243118279853,-84.48256201791881,38.04451778130094
1399,25,84,226.64613324830916,-84.48222044596974,38.044510461774934
1400,25,85,224.3849002202644,-84.48187887414444,38.04450314125769
1401,25,86,225.90358540140656,-84.48153730244294,38.04449581974921
1402,25,87,231.33585184221482,-84.48119573086527,38.044488497249475
1403,25,88,240.41656098928738,-84.48085415941142,38.04448117375851
1404,25,89,252.75278286948358,-84.4805125880814,38.044473849276315
1405,25,90,267.89515803504344,-84.48017101687525,38.044466523802875
1406,25,91,285.3973758621012,-84.47982944579297,38.04445919733819
1407,25,92,304.85325748518096,-84.47948787483462,38.04445186988227
1408,25,93,325.9131096621899,-84.47914630400014,38.04444454143514
1409,25,94,348.28609145360826,-84.47880473328962,38.04443721199676
1410,26,24,340.10745227100165,-84.50270580029817,38.04521800626714
1411,26,25,317.04778376563576,-84.50236421982311,38.04521074515632
1412,26,26,293.98811526026986,-84.50202263947082,38.04520348305418
1413,26,27,270.92844675490386,-84.50168105924136,38.045196219960715
1414,26,28,247.86903147198842,-84.50133947913473,38.045188955875936
1415,26,29,225.37965161945533,-84.50099789915093,38.04518169079985
1416,26,30,203.04819782355526,-84.50065631929,38.04517442473246
1417,26,31,180.7167440276552,-84.50031473955194,38.04516715767373
1418,26,32,158.38529023175516,-84.4999731599368,38.04515988962371
1419,26,33,136.0538364358551,-84.49963158044454,38.045152620582385
1420,26,34,112.14889920729861,-84.49929000107522,38.04514535054973
1421,26,35,85.46389629367732,-84.49894842182884,38.04513807952579
1422,26,36,58.77889338005604,-84.49860684270544,38.04513080751054
1423,26,37,32.093890466434765,-84.49826526370501,38.04512353450398
1424,26,38,6.1736534513020365,-84.49792368482757,38.04511626050612
1425,26,39,0.0,-84.49758210607314,38.045108985516954
1426,26,40,13.120650881263105,-84.49724052744175,38.04510170953649
1427,26,41,35.06888968585388,-84.4968989489334,38.04509443256472
1428,26,42,57.01712849044467,-84.49655737054812,38.045087154601646
1429,26,43,78.96536729503545,-84.49621579228591,38.045079875647296
1430,26,44,100.91360609962624,-84.4958742141468,38.04507259570163
1431,26,45,122.89527937155655,-84.4955326361308,38.04506531476466
1432,26,46,144.87908412028523,-84.49519105823792,38.04505803283641
1433,26,47,166.8628888690139,-84.4948494804682,38.04505074991687
1434,26,48,188.84669361774255,-84.49450790282164,38.04504346600602
1435,26,49,210.8304983664712,-84.49416632529825,38.04503618110389
1436,26,50,232.8143031151999,-84.49382474789806,38.04502889521047
1437,26,51,254.79810786392855,-84.49348317062109,38.045021608325754
1438,26,52,276.78191261265715,-84.49314159346734,38.04501432044976
1439,26,53,298.76571736138584,-84.49280001643685,38.045007031582465
1440,26,54,320.7495221101145,-84.4924584395296,38.04499974172389
1441,26,55,342.73332685884316,-84.49211686274565,38.044992450874034
1442,26,67,342.726064756371,-84.48801795096004,38.04490488335587
1443,26,68,336.7863575373174,-84.48767637578024,38.044897579619395
1444,26,69,330.84665031826376,-84.48733480072396,38.044890274891664
1445,26,70,324.9069430992102,-84.4869932257912,38.04488296917265
1446,26,71,318.96723588015664,-84.48665165098198,38.04487566246238
1447,26,72,313.027528661103,-84.48631007629633,38.04486835476083
1448,26,73,307.08782144204946,-84.48596850173426,38.04486104606803
1449,26,74,301.1481142229959,-84.4856269272958,38.04485373638395
1450,26,75,295.2084070039423,-84.48528535298094,38.04484642570862
1451,26,76,289.2686997848887,-84.48494377878971,38.04483911404203
1452,26,77,283.32899256583516,-84.48460220472214,38.04483180138416
1453,26,78,277.38928534678155,-84.48426063077821,38.04482448773505
1454,26,79,272.2925556018177,-84.48391905695799,38.04481717309468
1455,26,80,269.1048260102621,-84.48357748326146,38.044809857463044
1456,26,81,265.9485280757728,-84.48323590968863,38.04480254084015
1457,26,82,262.79223014128337,-84.48289433623953,38.044795223226004
1458,26,83,259.635932206794,-84.4825527629142,38.0447879046206
1459,26,84,256.4796342723046,-84.4822111897126,38.04478058502394
1460,26,85,254.38148939519434,-84.48186961663481,38.04477326443604
1461,26,86,255.72209250917282,-84.48152804368081,38.044765942856884
1462,26,87,260.53336647658494,-84.48118647085062,38.04475862028647
1463,26,88,268.62889177818363,-84.48084489814427,38.04475129672482
1464,26,89,279.7236635473082,-84.48050332556176,38.044743972171915
1465,26,90,293.47772385426504,-84.4801617531031,38.04473664662776
1466,26,91,309.5367843230152,-84.47982018076836,38.044729320092365
1467,26,92,327.562005274399,-84.47947860855749,38.04472199256572
1468,26,93,347.24733800237834,-84.47913703647053,38.044714664047845
1469,27,23,343.9772357214061,-84.50303820092225,38.04549539391366
1470,27,24,320.9175672160402,-84.50269661907176,38.04548813372407
1471,27,25,297.85789871067425,-84.50235503734407,38.04548087254315
1472,27,26,274.79823020530836,-84.50201345573917,38.04547361037091
1473,27,27,251.73856169994244,-84.50167187425707,38.045466347207345
1474,27,28,228.67889319457652,-84.50133029289782,38.04545908305244
1475,27,29,205.6192246892106,-84.50098871166139,38.04545181790624
1476,27,30,183.01557015363693,-84.50064713054785,38.04544455176869
1477,27,31,160.68411635773683,-84.50030554955718,38.04543728463983
1478,27,32,138.35266256183675,-84.4999639686894,38.04543001651965
1479,27,33,116.02120876593669,-84.49962238794456,38.04542274740816
1480,27,34,93.68975497003663,-84.49928080732262,38.04541547730534
1481,27,35,71.35830117413654,-84.49893922682364,38.04540820621121
1482,27,36,45.07084393821263,-84.49859764644762,38.04540093412576
1483,27,37,18.38584102459135,-84.49825606619459,38.045393661049
1484,27,38,0.0,-84.49791448606454,38.04538638698092
1485,27,39,11.624180053467281,-84.49757290605751,38.04537911192153
1486,27,40,33.572418858058064,-84.49723132617352,38.04537183587083
1487,27,41,55.52065766264884,-84.49688974641258,38.04536455882882
1488,27,42,77.46889646723962,-84.49654816677469,38.045357280795514
1489,27,43,99.41713527183039,-84.49620658725988,38.04535000177088
1490,27,44,121.36537407642118,-84.49586500786818,38.045342721754935
1491,27,45,143.31361288101195,-84.49552342859958,38.04533544074771
1492,27,46,165.2926171013685,-84.49518184945413,38.04532815874916
1493,27,47,187.27642185009717,-84.49484027043181,38.04532087575932
1494,27,48,209.26022659882582,-84.49449869153266,38.04531359177817
1495,27,49,231.24403134755448,-84.4941571127567,38.04530630680571
1496,27,50,253.22783609628317,-84.49381553410392,38.045299020841966
1497,27,51,275.2116408450118,-84.49347395557436,38.04529173388692
1498,27,52,297.1954455937405,-84.49313237716804,38.045284445940574
1499,27,53,319.1792503424692,-84.49279079888495,38.04527715700292
1500,27,54,341.1630550911978,-84.49244922072515,38.045269867073976
1501,27,72,342.433648400911,-84.48630083494581,38.045138478842695
1502,27,73,336.4939411818574,-84.4859592591312,38.04513117007934
1503,27,74,330.55423396280383,-84.4856176834402,38.04512386032471
1504,27,75,324.6145267437503,-84.48527610787279,38.04511654957881
1505,27,76,318.67481952469666,-84.48493453242904,38.045109237841636
1506,27,77,312.7351123056431,-84.48459295710892,38.0451019251132
1507,27,78,306.79540508658954,-84.48425138191247,38.04509461139349
1508,27,79,302.0962173821622,-84.4839098068397,38.045087296682496
1509,27,80,298.9383270342576,-84.48356823189063,38.04507998098025
1510,27,81,295.78202909976824,-84.48322665706527,38.045072664286735
1511,27,82,292.6257311652788,-84.48288508236367,38.04506534660195
1512,27,83,289.4694332307895,-84.4825435077858,38.045058027925904
1513,27,84,286.31313529630006,-84.48220193333168,38.04505070825861
1514,27,85,284.378798167122,-84.48186035900137,38.04504338760004
1515,27,86,285.5786184176422,-84.48151878479486,38.0450360659502
1516,27,87,289.8947977244191,-84.48117721071213,38.045028743309125
1517,27,88,297.19158837025395,-84.48083563675327,38.045021419676765
1518,27,89,307.25671131545204,-84.48049406291825,38.04501409505316
1519,27,90,319.8289122308044,-84.4801524892071,38.0450067694383
1520,27,91,334.62573055443926,-84.47981091561982,38.044999442832186
1521,28,22,347.84701917181064,-84.50337060405158,38.04577278069466
1522,28,23,324.7873506664446,-84.50302902082571,38.04576552142633
1523,28,24,301.7276821610787,-84.50268743772259,38.04575826116666
1524,28,25,278.6680136557128,-84.50234585474223,38.04575099991565
1525,28,26,255.60834515034688,-84.50200427188469,38.04574373767332
1526,28,27,232.54867664498093,-84.50166268914997,38.045736474439636
1527,28,28,209.48900813961498,-84.50132110653807,38.045729210214624
1528,28,29,186.42933963424912,-84.500979524049,38.04572194499827
1529,28,30,163.36967112888317,-84.50063794168283,38.0457146787906
1530,28,31,140.65148868781844,-84.50029635943952,38.0457074115916
1531,28,32,118.32003489191835,-84.49995477731912,38.04570014340126
1532,28,33,95.9885810960183,-84.49961319532163,38.04569287421959
1533,28,34,73.65712730011822,-84.49927161344706,38.0456856040466
1534,28,35,51.325673504218145,-84.49893003169547,38.04567833288229
1535,28,36,28.994219708318077,-84.49858845006682,38.04567106072664
1536,28,37,4.677791582747938,-84.49824686856117,38.04566378757967
1537,28,38,2.126164036943922,-84.4979052871785,38.04565651344139
1538,28,39,27.945062667751092,-84.49756370591885,38.045649238311775
1539,28,40,53.76396129855826,-84.49722212478224,38.04564196219084
1540,28,41,75.97242563944378,-84.49688054376867,38.04563468507859
1541,28,42,97.92066444403459,-84.49653896287819,38.04562740697502
1542,28,43,119.86890324862537,-84.49619738211075,38.045620127880134
1543,28,44,141.81714205321614,-84.49585580146645,38.045612847793926
1544,28,45,163.7653808578069,-84.49551422094524,38.045605566716404
1545,28,46,185.71361966239766,-84.49517264054718,38.04559828464757
1546,28,47,207.68995483118044,-84.49483106027225,38.045591001587425
1547,28,48,229.6737595799091,-84.4944894801205,38.04558371753597
1548,28,49,251.65756432863776,-84.49414790009193,38.04557643249319
1549,28,50,273.64136907736645,-84.49380632018656,38.045569146459115
1550,28,51,295.6251738260951,-84.4934647404044,38.04556185943373
1551,28,52,317.60897857482377,-84.49312316074548,38.045554571417036
1552,28,53,339.5927833235524,-84.49278158120981,38.04554728240903
1553,28,77,342.14123204545103,-84.48458370937203,38.045372048827865
1554,28,78,336.22394413075244,-84.48424213292303,38.04536473503756
1555,28,79,331.9281259927424,-84.48390055659772,38.04535742025597
1556,28,80,328.77182805825305,-84.48355898039611,38.045350104483106
1557,28,81,325.6155301237637,-84.4832174043182,38.045342787718965
1558,28,82,322.4592321892743,-84.48287582836404,38.045335469963554
1559,28,83,319.30293425478493,-84.48253425253363,38.04532815121686
1560,28,84,316.14663632029556,-84.48219267682698,38.0453208314789
1561,28,85,314.3766205477692,-84.48185110124413,38.04531351074967
1562,28,86,315.46236859154635,-84.48150952578507,38.04530618902916
1563,28,87,319.3749402312918,-84.48116795044983,38.045298866317395
1564,28,88,326.01257475455424,-84.48082637523842,38.04529154261436
1565,28,89,335.2134325298531,-84.48048480015088,38.04528421792005
1566,28,90,346.7735454137166,-84.48014322518719,38.045276892234476
1567,29,22,328.6571341168491,-84.50336142508495,38.046042908263075
1568,29,23,305.59746561148313,-84.5030198406064,38.04603564892467
1569,29,24,282.5377971061172,-84.5026782562506,38.04602838859492
1570,29,25,259.4781286007513,-84.5023366720176,38.046021127273825
1571,29,26,236.41846009538537,-84.5019950879074,38.04601386496138
1572,29,27,213.35879159001942,-84.50165350392001,38.04600660165759
1573,29,28,190.2991230846535,-84.50131192005546,38.04599933736247
1574,29,29,167.2394545792876,-84.50097033631376,38.04599207207599
1575,29,30,144.1797860739217,-84.50062875269492,38.04598480579818
1576,29,31,121.12011756855574,-84.50028716919897,38.04597753852903
1577,29,32,98.28740722199996,-84.49994558582591,38.04597027026853
1578,29,33,75.95595342609988,-84.49960400257578,38.0459630010167
1579,29,34,53.62449963019982,-84.49926241944858,38.045955730773535
1580,29,35,31.29304583429975,-84.49892083644433,38.04594845953903
1581,29,36,8.961592038399681,-84.49857925356305,38.0459411873132
1582,29,37,0.0,-84.49823767080474,38.04593391409602
1583,29,38,17.40309021638538,-84.49789608816944,38.04592663988751
1584,29,39,43.22198884719255,-84.49755450565716,38.04591936468768
1585,29,40,69.0408874779997,-84.49721292326792,38.045912088496515
1586,29,41,94.85978610880687,-84.49687134100171,38.04590481131402
1587,29,42,118.37243242082954,-84.4965297588586,38.04589753314019
1588,29,43,140.3206712254203,-84.49618817683853,38.04589025397504
1589,29,44,162.26891003001109,-84.4958465949416,38.04588297381856
1590,29,45,184.21714883460183,-84.49550501316777,38.04587569267076
1591,29,46,206.1653876391926,-84.49516343151708,38.04586841053165
1592,29,47,228.11362644378343,-84.49482184998953,38.04586112740119
1593,29,48,250.0872925609924,-84.49448026858516,38.04585384327942
1594,29,49,272.0710973097211,-84.49413868730397,38.04584655816633
1595,29,50,294.0549020584497,-84.49379710614599,38.045839272061926
1596,29,51,316.0387068071784,-84.49345552511122,38.04583198496619
1597,29,52,338.0225115559071,-84.49311394419968,38.04582469687916
1598,29,85,344.374822318786,-84.4818418433631,38.04558363388494
1599,29,86,345.3662761438181,-84.48150026665148,38.045576312093765
1600,30,21,332.5269175672535,-84.50369383184953,38.04632029423428
1601,30,22,309.46724906188757,-84.50335224599554,38.04631303581717
1602,30,23,286.4075805565217,-84.50301066026431,38.04630577640869
1603,30,24,263.34791205115573,-84.50266907465586,38.046298516008854
1604,30,25,240.28824354578978,-84.50232748917017,38.04629125461767
1605,30,26,217.22857504042383,-84.5019859038073,38.046283992235125
1606,30,27,194.16890653505794,-84.50164431856723,38.04627672886122
1607,30,28,171.109238029692,-84.50130273345,38.046269464495985
1608,30,29,148.0495695243261,-84.50096114845563,38.04626219913938
1609,30,30,124.98990101896018,-84.50061956358412,38.04625493279142
1610,30,31,101.93023251359423,-84.50027797883551,38.046247665452114
1611,30,32,78.87056400822831,-84.4999363942098,38.04624039712147
1612,30,33,55.92332575618149,-84.49959480970699,38.046233127799475
1613,30,34,33.59187196028142,-84.49925322532712,38.046225857486135
1614,30,35,11.260418164381353,-84.49891164107021,38.04621858618144
1615,30,36,0.0,-84.49857005693627,38.0462113138854
1616,30,37,6.861117765019674,-84.49822847292532,38.04620404059802
1617,30,38,32.68001639582684,-84.49788688903737,38.04619676631931
1618,30,39,58.49891502663401,-84.49754530527244,38.04618949104925
1619,30,40,84.31781365744118,-84.49720372163054,38.04618221478785
1620,30,41,110.13671228824832,-84.4968621381117,38.04617493753511
1621,30,42,135.9556109190555,-84.49652055471591,38.04616765929104
1622,30,43,160.77243920221525,-84.49617897144321,38.046160380055625
1623,30,44,182.72067800680605,-84.49583738829362,38.04615309982888
1624,30,45,204.6689168113968,-84.49549580526717,38.04614581861078
1625,30,46,226.6171556159876,-84.49515422236384,38.04613853640137
1626,30,47,248.56539442057837,-84.49481263958366,38.04613125320062
1627,30,48,270.51363322516914,-84.49447105692664,38.04612396900855
1628,30,49,292.4846302908044,-84.49412947439282,38.04611668382514
1629,30,50,314.468435039533,-84.4937878919822,38.0461093976504
1630,30,51,336.4522397882617,-84.49344630969479,38.046102110484334
1631,31,20,337.053129163587,-84.5040262411195,38.04659767933991
1632,31,21,313.342409204421,-84.50368465389009,38.046590421844094
1633,31,22,290.2773640069261,-84.5033430667834,38.046583163356914
1634,31,23,267.2176955015602,-84.50300147979947,38.04657590387837
1635,31,24,244.15802699619422,-84.50265989293831,38.04656864340846
1636,31,25,221.0983584908283,-84.50231830619992,38.04656138194718
1637,31,26,198.03868998546236,-84.50197671958436,38.04655411949453
1638,31,27,174.97902148009643,-84.50163513309161,38.04654685605053
1639,31,28,151.91935297473051,-84.5012935467217,38.04653959161515
1640,31,29,128.8596844693646,-84.50095196047464,38.046532326188434
1641,31,30,105.80001596399866,-84.50061037435046,38.04652505977034
1642,31,31,82.74034745863274,-84.50026878834915,38.04651779236089
1643,31,32,59.680678953266806,-84.49992720247074,38.04651052396007
1644,31,33,36.621010447900886,-84.49958561671527,38.0465032545679
1645,31,34,13.562747756272328,-84.49924403108274,38.04649598418439
1646,31,35,0.0,-84.49890244557314,38.04648871280951
1647,31,36,0.0,-84.49856086018653,38.04648144044328
1648,31,37,22.13804394446113,-84.49821927492289,38.0464741670857
1649,31,38,47.9569425752683,-84.49787768978227,38.04646689273677
1650,31,39,73.77584120607547,-84.49753610476468,38.04645961739648
1651,31,40,99.59473983688262,-84.4971945198701,38.04645234106484
1652,31,41,125.4136384676898,-84.49685293509859,38.04644506374186
1653,31,42,151.23253709849695,-84.49651135045015,38.046437785427536
1654,31,43,177.05143572930413,-84.49616976592479,38.04643050612185
1655,31,44,202.8703343601113,-84.49582818152255,38.04642322582483
1656,31,45,225.12068478819177,-84.49548659724343,38.04641594453646
1657,31,46,247.06892359278254,-84.49514501308744,38.046408662256766
1658,31,47,269.01716239737334,-84.4948034290546,38.046401378985706
1659,31,48,290.9654012019641,-84.49446184514494,38.04639409472331
1660,31,49,312.9136400065549,-84.49412026135846,38.04638680946959
1661,31,50,334.88196802061634,-84.49377867769519,38.04637952322452
1662,32,19,345.6289215000737,-84.50435865289491,38.04687506357994
1663,32,20,320.2490619896907,-84.50401706429004,38.046867807005455
1664,32,21,295.19877917559353,-84.5036754758079,38.0468605494396
1665,32,22,271.14751105961864,-84.5033338874485,38.04685329088236
1666,32,23,248.02781044659866,-84.50299229921187,38.046846031333736
1667,32,24,224.96814194123272,-84.50265071109797,38.04683877079374
1668,32,25,201.9084734358668,-84.5023091231069,38.04683150926236
1669,32,26,178.84880493050085,-84.50196753523862,38.04682424673962
1670,32,27,155.78913642513493,-84.50162594749315,38.046816983225504
1671,32,28,132.729467919769,-84.50128435987054,38.04680971872002
1672,32,29,109.66979941440309,-84.50094277237078,38.04680245322315
1673,32,30,86.61013090903717,-84.50060118499388,38.04679518673492
1674,32,31,63.55046240367124,-84.50025959773987,38.04678791925532
1675,32,32,40.49079389830531,-84.49991801060878,38.04678065078435
1676,32,33,17.431125392939382,-84.49957642360062,38.04677338132202
1677,32,34,0.0,-84.49923483671537,38.04676611086832
1678,32,35,0.0,-84.4988932499531,38.04675883942325
1679,32,36,15.616111952690483,-84.49855166331378,38.046751566986835
1680,32,37,38.456359756415715,-84.49821007679746,38.04674429355904
1681,32,38,63.23386875470976,-84.49786849040416,38.04673701913989
1682,32,39,89.05276738551693,-84.49752690413386,38.04672974372938
1683,32,40,114.87166601632408,-84.49718531798662,38.04672246732751
1684,32,41,140.69056464713125,-84.49684373196241,38.04671518993428
1685,32,42,166.5094632779384,-84.49650214606129,38.0467079115497
1686,32,43,192.32836190874556,-84.49616056028326,38.04670063217376
1687,32,44,218.14726053955275,-84.49581897462834,38.04669335180646
1688,32,45,243.96615917035987,-84.49547738909655,38.04668607044782
1689,32,46,267.5206915695775,-84.49513580368787,38.04667878809782
1690,32,47,289.4689303741683,-84.49479421840236,38.04667150475645
1691,32,48,311.4171691787591,-84.49445263324003,38.04666422042376
1692,32,49,333.3654079833498,-84.49411104820089,38.046656935099705
1693,33,19,329.6332117242238,-84.50434947719546,38.04714519130121
1694,33,20,304.2533522138408,-84.50400788733785,38.04713793465668
1695,33,21,278.87349270345777,-84.50366629760298,38.04713067702077
1696,33,22,253.53466542971205,-84.50332470799084,38.047123418393454
1697,33,23,229.0381629808037,-84.50298311850148,38.04711615877477
1698,33,24,205.7782568862712,-84.50264152913488,38.047108898164694
1699,33,25,182.7185883809053,-84.50229993989105,38.04710163656323
1700,33,26,159.65891987553937,-84.50195835077005,38.04709437397038
1701,33,27,136.59925137017342,-84.50161676177187,38.04708711038615
1702,33,28,113.5395828648075,-84.50127517289651,38.047079845810536
1703,33,29,90.4799143594416,-84.50093358414404,38.047072580243544
1704,33,30,67.42024585407567,-84.50059199551444,38.04706531368518
1705,33,31,44.36057734870974,-84.50025040700771,38.047058046135426
1706,33,32,21.300908843343812,-84.49990881862391,38.0470507775943
1707,33,33,0.0,-84.49956723036301,38.0470435080618
1708,33,34,0.0,-84.49922564222506,38.047036237537924
1709,33,35,12.226393197410815,-84.49888405421008,38.04702896602267
1710,33,36,35.06664100113605,-84.49854246631806,38.04702169351605
1711,33,37,57.90688880486128,-84.49820087854903,38.047014420018044
1712,33,38,80.74713660858652,-84.49785929090301,38.04700714552869
1713,33,39,104.43059349397662,-84.49751770338003,38.04699987004794
1714,33,40,130.14859219576556,-84.49717611598007,38.04699259357584
1715,33,41,155.96749082657266,-84.49683452870319,38.04698531611237
1716,33,42,181.78638945737987,-84.49649294154935,38.04697803765753
1717,33,43,207.605288088187,-84.49615135451863,38.04697075821132
1718,33,44,233.42418671899415,-84.49580976761101,38.04696347777375
1719,33,45,259.24308534980133,-84.49546818082652,38.046956196344816
1720,33,46,285.0619839806085,-84.49512659416516,38.04694891392453
1721,33,47,309.9206983509632,-84.49478500762697,38.046941630512876
1722,33,48,331.868937155554,-84.49444342121194,38.046934346109865
1723,34,18,339.81708476398995,-84.50468189260636,38.04742257473132
1724,34,19,313.7225399356405,-84.50434030137329,38.04741531900814
1725,34,20,288.25764243799085,-84.50399871026293,38.04740806229357
1726,34,21,262.8777829276078,-84.50365711927532,38.0474008045876
1727,34,22,237.4979234172248,-84.50331552841044,38.04739354589024
1728,34,23,212.11806390684183,-84.5029739376683,38.04738628620147
1729,34,24,187.07214503879615,-84.50263234704896,38.0473790255213
1730,34,25,163.52870332594378,-84.5022907565524,38.04737176384975
1731,34,26,140.46903482057786,-84.50194916617866,38.047364501186806
1732,34,27,117.40936631521193,-84.50160757592774,38.04735723753246
1733,34,28,94.349697809846,-84.50126598579965,38.04734997288672
1734,34,29,71.2900293044801,-84.50092439579443,38.047342707249605
1735,34,30,48.230360799114166,-84.50058280591209,38.0473354406211
1736,34,31,25.17069229374824,-84.50024121615263,38.047328173001205
1737,34,32,2.1110237883823117,-84.49989962651608,38.04732090438991
1738,34,33,0.0,-84.49955803700246,38.04731363478724
1739,34,34,8.836674442131145,-84.49921644761179,38.04730636419318
1740,34,35,31.676922245856378,-84.49887485834408,38.04729909260774
1741,34,36,54.51717004958161,-84.49853326919934,38.04729182003092
1742,34,37,77.35741785330684,-84.4981916801776,38.047284546462706
1743,34,38,100.19766565703208,-84.49785009127885,38.04727727190313
1744,34,39,123.03791346075731,-84.49750850250314,38.04726999635217
1745,34,40,146.21061566153168,-84.49716691385046,38.04726271980982
1746,34,41,171.24441700601415,-84.49682532532086,38.047255442276104
1747,34,42,197.0633156368213,-84.49648373691433,38.047248163751014
1748,34,43,222.88221426762848,-84.4961421486309,38.04724088423454
1749,34,44,248.70111289843564,-84.49580056047056,38.0472336037267
1750,34,45,274.52001152924277,-84.49545897243335,38.04722632222749
1751,34,46,300.3389101600499,-84.49511738451929,38.0472190397369
1752,34,47,326.15780879085713,-84.49477579672839,38.047211756254946
1753,35,18,326.66909054105554,-84.50467271791426,38.04769270249398
1754,35,19,299.43091971453646,-84.50433112542844,38.04768544670076
1755,35,20,272.7729030663897,-84.50398953306531,38.04767818991615
1756,35,21,246.88304440248393,-84.5036479408249,38.047670932140115
1757,35,22,221.50221364137488,-84.50330634870727,38.04766367337268
1758,35,23,196.12235413099188,-84.50296475671237,38.04765641361384
1759,35,24,170.74249462060885,-84.50262316484026,38.0476491528636
1760,35,25,145.37363859108558,-84.50228157309094,38.04764189112194
1761,35,26,121.27914976561635,-84.50193998146443,38.04763462838889
1762,35,27,98.21948126025043,-84.50159838996076,38.04762736466446
1763,35,28,75.15981275488451,-84.50125679857992,38.04762009994859
1764,35,29,52.1001442495186,-84.50091520732195,38.04761283424134
1765,35,30,29.040475744152666,-84.50057361618684,38.04760556754269
1766,35,31,5.98080723878674,-84.50023202517465,38.047598299852645
1767,35,32,0.0,-84.49989043428535,38.047591031171194
1768,35,33,5.4469556868514735,-84.49954884351898,38.04758376149835
1769,35,34,28.287203490576704,-84.49920725287556,38.04757649083411
1770,35,35,51.12745129430194,-84.4988656623551,38.04756921917848
1771,35,36,73.96769909802717,-84.49852407195762,38.04756194653147
1772,35,37,96.8079469017524,-84.49818248168313,38.04755467289306
1773,35,38,119.64819470547764,-84.49784089153165,38.04754739826325
1774,35,39,142.48844250920288,-84.49749930150323,38.04754012264206
1775,35,40,165.32869031292813,-84.49715771159781,38.04753284602948
1776,35,41,188.27994956113645,-84.49681612181547,38.04752556842552
1777,35,42,212.59460664571196,-84.49647453215621,38.04751828983017
1778,35,43,238.15914044706992,-84.49613294262004,38.04751101024343
1779,35,44,263.9780390778771,-84.49579135320698,38.047503729665316
1780,35,45,289.79693770868425,-84.49544976391705,38.04749644809581
1781,35,46,315.61583633949147,-84.49510817475027,38.04748916553494
1782,35,47,341.43473497029856,-84.49476658570664,38.04748188198268
1783,36,17,344.3886719480929,-84.50500513696079,38.04797008511411
1784,36,18,315.83181969577413,-84.50466354309947,38.04796283024229
1785,36,19,287.56898180874236,-84.50432194936086,38.047955574379046
1786,36,20,259.6961691374935,-84.50398035574494,38.04794831752439
1787,36,21,232.35378462780088,-84.50363876225177,38.04794105967831
1788,36,22,205.7534014227597,-84.50329716888133,38.0479338008408
1789,36,23,180.12664435514193,-84.50295557563366,38.04792654101189
1790,36,24,154.7467848447589,-84.50261398250878,38.04791928019156
1791,36,25,129.36692533437594,-84.50227238950669,38.04791201837981
1792,36,26,103.98706582399292,-84.50193079662739,38.04790475557667
1793,36,27,79.05476375318521,-84.50158920387095,38.047897491782095
1794,36,28,55.96992769992301,-84.50124761123732,38.04789022699612
1795,36,29,32.91025919455709,-84.5009060187266,38.04788296121873
1796,36,30,9.850590689191169,-84.50056442633871,38.04787569444994
1797,36,31,0.0,-84.50022283407375,38.04786842668974
1798,36,32,2.0572369315718038,-84.49988124193169,38.04786115793814
1799,36,33,24.897484735297038,-84.49953964991256,38.04785388819512
1800,36,34,47.73773253902227,-84.49919805801638,38.047846617460706
1801,36,35,70.5779803427475,-84.49885646624317,38.047839345734886
1802,36,36,93.41822814647273,-84.49851487459293,38.04783207301766
1803,36,37,116.25847595019796,-84.49817328306568,38.04782479930904
1804,36,38,139.0987237539232,-84.49783169166145,38.04781752460903
1805,36,39,161.93897155764844,-84.49749010038025,38.04781024891761
1806,36,40,184.77921936137366,-84.49714850922209,38.0478029722348
1807,36,41,207.6194671650989,-84.496806918187,38.047795694560584
1808,36,42,230.48022622638157,-84.49646532727498,38.04778841589498
1809,36,43,254.29955180744017,-84.49612373648607,38.04778113623797
1810,36,44,279.312350993589,-84.49578214582027,38.04777385558958
1811,36,45,305.07386388812574,-84.4954405552776,38.04776657394979
1812,36,46,330.8927625189329,-84.49509896485807,38.04775929131863
1813,37,17,336.8094431330493,-84.5049959632761,38.04824021291815
1814,37,18,307.5496414398294,-84.50465436816198,38.048232957976296
1815,37,19,278.44741499238313,-84.50431277317055,38.04822570204302
1816,37,20,249.55789685384283,-84.50397117830184,38.0482184451183
1817,37,21,220.96453300990657,-84.50362958355586,38.04821118720217
1818,37,22,192.79913333430449,-84.50328798893263,38.048203928294605
1819,37,23,165.28063038551056,-84.50294639443217,38.04819666839562
1820,37,24,138.79433614814616,-84.50260480005448,38.0481894075052
1821,37,25,113.371215558526,-84.5022632057996,38.048182145623365
1822,37,26,87.99135604814299,-84.50192161166753,38.048174882750104
1823,37,27,62.61149653775998,-84.50158001765827,38.04816761888543
1824,37,28,37.23163702737698,-84.50123842377187,38.04816035402932
1825,37,29,13.720374139595597,-84.50089683000834,38.0481530881818
1826,37,30,0.0,-84.5005552363677,38.04814582134287
1827,37,31,0.0,-84.50021364284993,38.04813855351252
1828,37,32,21.507765980017368,-84.49987204945509,38.04813128469075
1829,37,33,44.348013783742594,-84.4995304561832,38.048124014877565
1830,37,34,67.18826158746784,-84.49918886303423,38.04811674407298
1831,37,35,90.02850939119307,-84.49884727000824,38.04810947227696
1832,37,36,112.86875719491829,-84.49850567710523,38.04810219948954
1833,37,37,135.70900499864354,-84.4981640843252,38.04809492571072
1834,37,38,158.54925280236878,-84.49782249166819,38.048087650940474
1835,37,39,181.389500606094,-84.49748089913423,38.04808037517883
1836,37,40,204.22974840981925,-84.4971393067233,38.048073098425775
1837,37,41,227.06999621354447,-84.49679771443544,38.048065820681316
1838,37,42,249.9102440172697,-84.49645612227067,38.04805854194545
1839,37,43,272.75049182099497,-84.496114530229,38.04805126221819
1840,37,44,296.20948216437114,-84.49577293831044,38.04804398149952
1841,37,45,320.7603228146926,-84.495431346515,38.04803669978945
1842,37,46,346.17092896470484,-84.49508975484271,38.048029417087974
1843,38,17,331.7795120272172,-84.50498678946875,38.04851034070785
1844,38,18,302.03282200315783,-84.5046451931018,38.048503085695955
1845,38,19,272.3417091327806,-84.50430359685755,38.04849582969265
1846,38,20,242.7265694140979,-84.50396200073602,38.04848857269789
1847,38,21,213.21906215371484,-84.50362040473722,38.048481314711694
1848,38,22,183.87101302783574,-84.50327880886118,38.04847405573406
1849,38,23,154.77315787324164,-84.5029372131079,38.048466795765
1850,38,24,126.09881587163383,-84.5025956174774,38.0484595348045
1851,38,25,98.21961275835416,-84.5022540219697,38.04845227285258
1852,38,26,71.99564627229306,-84.50191242658481,38.0484450099092
1853,38,27,46.61578676191005,-84.50157083132275,38.048437745974425
1854,38,28,21.235927251527045,-84.50122923618356,38.04843048104819
1855,38,29,0.0,-84.50088764116722,38.04842321513054
1856,38,30,0.0,-84.50054604627377,38.04841594822146
1857,38,31,18.11804722473769,-84.50020445150321,38.048408680320954
1858,38,32,40.958295028462935,-84.49986285685557,38.04840141142902
1859,38,33,63.79854283218816,-84.49952126233086,38.04839414154568
1860,38,34,86.6387906359134,-84.49917966792911,38.04838687067089
1861,38,35,109.47903843963864,-84.49883807365032,38.0483795988047
1862,38,36,132.31928624336385,-84.49849647949452,38.04837232594708
1863,38,37,155.1595340470891,-84.4981548854617,38.048365052098035
1864,38,38,177.99978185081432,-84.49781329155192,38.04835777725758
1865,38,39,200.84002965453956,-84.49747169776516,38.04835050142571
1866,38,40,223.68027745826478,-84.49713010410146,38.04834322460242
1867,38,41,246.52052526199003,-84.49678851056082,38.04833594678771
1868,38,42,269.36077306571525,-84.49644691714326,38.04832866798158
1869,38,43,292.20102086944047,-84.4961053238488,38.04832138818406
1870,38,44,315.04126867316575,-84.49576373067747,38.04831410739511
1871,38,45,338.24821152329076,-84.49542213762926,38.04830682561476
1872,39,15,348.4555034337393,-84.5056608111463,38.048794975672685
1873,39,16,335.29703368343115,-84.50531921328117,38.048787722573685
1874,39,17,322.138563933123,-84.50497761553869,38.04878046848324
1875,39,18,299.4342485164562,-84.50463601791893,38.04877321340131
1876,39,19,269.45695417039747,-84.50429442042183,38.04876595732796
1877,39,20,239.4853463512131,-84.50395282304747,38.048758700263164
1878,39,21,209.52186540581712,-84.50361122579584,38.04875144220691
1879,39,22,179.57057957612705,-84.50326962866696,38.048744183159215
1880,39,23,149.63881186202664,-84.50292803166084,38.04873692312007
1881,39,24,119.74120001758725,-84.50258643477751,38.048729662089485
1882,39,25,89.91182318151863,-84.50224483801699,38.048722400067454
1883,39,26,60.252111282489544,-84.50190324137927,38.04871513705398
1884,39,27,31.24896606562106,-84.5015616448644,38.048707873049075
1885,39,28,5.24021747567711,-84.50122004847238,38.048700608052734
1886,39,29,0.0,-84.50087845220322,38.048693342064944
1887,39,30,14.728328469458022,-84.50053685605695,38.04868607508572
1888,39,31,37.568576273183254,-84.50019526003356,38.04867880711507
1889,39,32,60.408824076908495,-84.49985366413311,38.04867153815298
1890,39,33,83.24907188063372,-84.4995120683556,38.048664268199445
1891,39,34,106.08931968435897,-84.49917047270104,38.04865699725449
1892,39,35,128.9295674880842,-84.49882887716943,38.04864972531811
1893,39,36,151.76981529180944,-84.49848728176082,38.048642452390276
1894,39,37,174.61006309553466,-84.4981456864752,38.04863517847103
1895,39,38,197.4503108992599,-84.49780409131262,38.048627903560345
1896,39,39,220.29055870298512,-84.49746249627306,38.048620627658266
1897,39,40,243.13080650671037,-84.49712090135654,38.04861335076473
1898,39,41,265.9710543104356,-84.4967793065631,38.04860607287977
1899,39,42,288.8113021141608,-84.49643771189275,38.0485987940034
1900,39,43,311.6515499178861,-84.49609611734549,38.04859151413559
1901,39,44,334.49179772161125,-84.49575452292136,38.048584233276365
1902,40,13,347.81220046826814,-84.50633483820322,38.049079606937426
1903,40,14,334.65373071796,-84.50599323883995,38.049072355751335
1904,40,15,321.49526096765186,-84.5056516395993,38.049065103573774
1905,40,16,308.3367912173437,-84.5053100404813,38.049057850404765
1906,40,17,295.1783214670356,-84.50496844148597,38.04905059624428
1907,40,18,282.0198517167274,-84.50462684261335,38.04904334109234
1908,40,19,263.180724278899,-84.50428524386341,38.04903608494895
1909,40,20,239.87332910376327,-84.50394364523618,38.04902882781409
1910,40,21,209.90973437467795,-84.50360204673169,38.049021569687774
1911,40,22,179.94613964559264,-84.50326044834998,38.04901431057003
1912,40,23,149.98254491650732,-84.502918850091,38.0490070504608
1913,40,24,120.018950187422,-84.50257725195482,38.04899978936014
1914,40,25,90.05535545833668,-84.50223565394145,38.048992527268005
1915,40,26,60.09176072925134,-84.50189405605092,38.04898526418444
1916,40,27,30.12816600016602,-84.50155245828319,38.04897800010941
1917,40,28,0.16457127108069816,-84.50121086063832,38.04897073504295
1918,40,29,0.0,-84.50086926311633,38.04896346898502
1919,40,30,27.697354637462468,-84.50052766571721,38.04895620193565
1920,40,31,57.01910532162882,-84.50018606844101,38.04894893389485
1921,40,32,79.85935312535406,-84.49984447128773,38.048941664862596
1922,40,33,102.6996009290793,-84.49950287425737,38.048934394838895
1923,40,34,125.53984873280453,-84.49916127734998,38.04892712382376
1924,40,35,148.38009653652975,-84.49881968056556,38.04891985181718
1925,40,36,171.220344340255,-84.49847808390412,38.048912578819156
1926,40,37,194.06059214398022,-84.49813648736567,38.048905304829695
1927,40,38,216.90083994770544,-84.49779489095026,38.04889802984879
1928,40,39,239.7410877514307,-84.49745329465789,38.04889075387647
1929,40,40,262.58133555515593,-84.49711169848855,38.04888347691269
1930,40,41,285.42158335888115,-84.4967701024423,38.0488761989575
1931,40,42,308.2618311626064,-84.49642850651912,38.04886892001085
1932,40,43,331.10207896633165,-84.49608691071907,38.048861640072786
1933,41,11,347.16889750279694,-84.5070088706395,38.049364234501915
1934,41,12,334.0104277524888,-84.5066672697781,38.04935698522878
1935,41,13,320.85195800218065,-84.50632566903933,38.049349734964174
1936,41,14,307.6934882518725,-84.50598406842316,38.04934248370809
1937,41,15,294.53501850156437,-84.50564246792963,38.04933523146053
1938,41,16,281.3765487512562,-84.50530086755877,38.04932797822151
1939,41,17,268.2180790009481,-84.50495926731055,38.04932072399101
1940,41,18,255.05960925063994,-84.50461766718506,38.04931346876904
1941,41,19,241.90113950033182,-84.50427606718225,38.0493062125556
1942,41,20,220.77564452944077,-84.50393446730214,38.0492989553507
1943,41,21,198.90057000094154,-84.5035928675448,38.04929169715433
1944,41,22,177.02549547244237,-84.50325126791022,38.049284437966506
1945,41,23,151.4600397256794,-84.50290966839837,38.04927717778721
1946,41,24,121.49644499659405,-84.50256806900934,38.04926991661645
1947,41,25,91.53285026750873,-84.50222646974312,38.04926265445423
1948,41,26,61.56925553842339,-84.5018848705997,38.04925539130055
1949,41,27,31.605660809338076,-84.50154327157912,38.04924812715541
1950,41,28,1.6420660802527558,-84.5012016726814,38.04924086201882
1951,41,29,0.0,-84.50086007390655,38.04923359589076
1952,41,30,27.131944261167202,-84.50051847525458,38.049226328771255
1953,41,31,57.12947908182108,-84.50017687672555,38.049219060660285
1954,41,32,87.12701390247496,-84.49983527831941,38.049211791557866
1955,41,33,117.12454872312883,-84.49949368003621,38.049204521464
1956,41,34,144.9903777812501,-84.49915208187596,38.049197250378676
1957,41,35,167.83062558497534,-84.49881048383868,38.049189978301904
1958,41,36,190.67087338870056,-84.49846888592441,38.04918270523368
1959,41,37,213.51112119242578,-84.49812728813313,38.049175431174014
1960,41,38,236.35136899615102,-84.49778569046488,38.04916815612291
1961,41,39,259.1916167998763,-84.49744409291966,38.04916088008033
1962,41,40,282.0318646036015,-84.4971024954975,38.04915360304633
1963,41,41,304.8721124073267,-84.49676089819842,38.04914632502087
1964,41,42,327.712360211052,-84.49641930102241,38.04913904600398
1965,41,43,350.55260801477715,-84.49607770396952,38.04913176599564
1966,42,9,346.5255945373258,-84.5076829084551,38.049648858366055
1967,42,10,333.36712478701764,-84.50734130609564,38.04964161100592
1968,42,11,320.20865503670944,-84.50699970385878,38.0496343626543
1969,42,12,307.0501852864013,-84.50665810174448,38.04962711331119
1970,42,13,293.8917155360932,-84.50631649975281,38.0496198629766
1971,42,14,280.7332457857851,-84.50597489788375,38.049612611650524
1972,42,15,267.57477603547693,-84.50563329613732,38.04960535933296
1973,42,16,254.4163062851688,-84.50529169451356,38.04959810602393
1974,42,17,241.25783653486064,-84.50495009301247,38.04959085172341
1975,42,18,228.0993667845525,-84.50460849163406,38.04958359643142
1976,42,19,214.9408970342444,-84.50426689037836,38.049576340147944
1977,42,20,200.2456393084817,-84.50392528924539,38.04956908287299
1978,42,21,178.37056477998252,-84.50358368823515,38.04956182460656
1979,42,22,156.49549025148335,-84.50324208734769,38.049554565348664
1980,42,23,134.62041572298415,-84.50290048658296,38.049547305099296
1981,42,24,112.74534119448495,-84.50255888594106,38.04954004385844
1982,42,25,90.87026666598571,-84.50221728542193,38.04953278162613
1983,42,26,63.046750347595456,-84.50187568502565,38.04952551840235
1984,42,27,33.08315561851013,-84.5015340847522,38.04951825418709
1985,42,28,3.1195608894248132,-84.5011924846016,38.049510988980366
1986,42,29,0.0,-84.50085088457388,38.04950372278218
1987,42,30,26.7473604814021,-84.50050928466906,38.04949645559253
1988,42,31,56.74489530205598,-84.50016768488713,38.0494891874114
1989,42,32,86.74243012270985,-84.49982608522814,38.04948191823882
1990,42,33,116.73996494336373,-84.49948448569208,38.049474648074785
1991,42,34,146.7374997640176,-84.49914288627897,38.04946737691927
1992,42,35,176.73503458467147,-84.49880128698884,38.04946010477231
1993,42,36,206.73256940532534,-84.49845968782171,38.049452831633886
1994,42,37,232.96165024087136,-84.49811808877756,38.049445557504
1995,42,38,255.80189804459658,-84.49777648985646,38.04943828238267
1996,42,39,278.64214584832183,-84.49743489105839,38.04943100626987
1997,42,40,301.48239365204705,-84.49709329238337,38.04942372916563
1998,42,41,324.32264145577227,-84.49675169383144,38.04941645106992
1999,42,42,347.16288925949755,-84.49641009540258,38.04940917198277
2000,43,7,345.88229157185464,-84.50835695165003,38.049933478529724
2001,43,8,332.7238218215465,-84.50801534779256,38.04992623308263
2002,43,9,319.56535207123835,-84.50767374405764,38.04991898664404
2003,43,10,306.4068823209302,-84.50733214044526,38.04991173921394
2004,43,11,293.24841257062207,-84.50699053695547,38.04990449079235
2005,43,12,280.0899428203139,-84.50664893358825,38.04989724137926
2006,43,13,266.9314730700058,-84.50630733034366,38.049889990974705
2007,43,14,253.7730033196976,-84.50596572722169,38.049882739578635
2008,43,15,240.61453356938947,-84.50562412422236,38.04987548719107
2009,43,16,227.45606381908132,-84.50528252134568,38.04986823381201
2010,43,17,214.29759406877318,-84.50494091859167,38.049860979441476
2011,43,18,201.13912431846504,-84.50459931596036,38.04985372407946
2012,43,19,187.98065456815692,-84.50425771345176,38.049846467725935
2013,43,20,174.82218481784878,-84.50391611106589,38.04983921038094
2014,43,21,157.8405595590235,-84.50357450880276,38.04983195204446
2015,43,22,135.96548503052432,-84.50323290666238,38.049824692716484
2016,43,23,114.0904105020251,-84.50289130464476,38.04981743239704
2017,43,24,92.2153359735259,-84.50254970274996,38.04981017108611
2018,43,25,70.34026144502668,-84.50220810097794,38.04980290878369
2019,43,26,48.465186916527486,-84.50186649932876,38.0497956454898
2020,43,27,26.590112388028288,-84.50152489780243,38.04978838120442
2021,43,28,4.597055698596871,-84.50118329639893,38.04978111592757
2022,43,29,0.9225837623669805,-84.50084169511834,38.04977384965925
2023,43,30,27.215487356598086,-84.50050009396062,38.04976658239945
2024,43,31,56.81125180793995,-84.5001584929258,38.04975931414819
2025,43,32,86.68537311399872,-84.49981689201394,38.04975204490544
2026,43,33,116.62413768959316,-84.499475291225,38.04974477467122
2027,43,34,146.58794313233676,-84.499133690559,38.04973750344553
2028,43,35,176.5640412193185,-84.498792090016,38.04973023122836
2029,43,36,206.5470799397203,-84.498450489596,38.049722958019736
2030,43,37,236.5344199298555,-84.49810888929898,38.049715683819656
2031,43,38,266.52460935433567,-84.49776728912501,38.049708408628085
2032,43,39,296.51678362515884,-84.49742568907406,38.049701132445065
2033,43,40,320.9329227004926,-84.49708408914617,38.049693855270576
2034,43,41,343.77317050421783,-84.49674248934137,38.049686577104616
2035,44,5,345.5583324449077,-84.50903100022425,38.0502180949928
2036,44,6,332.0805188560753,-84.50868939486881,38.050210851458786
2037,44,7,318.92204910576714,-84.50834778963588,38.05020360693326
2038,44,8,305.763579355459,-84.50800618452547,38.050196361416226
2039,44,9,292.60510960515086,-84.5076645795376,38.050189114907695
2040,44,10,279.4466398548428,-84.5073229746723,38.050181867407645
2041,44,11,266.28817010453463,-84.50698136992956,38.050174618916095
2042,44,12,253.1297003542265,-84.50663976530942,38.05016736943304
2043,44,13,239.9712306039183,-84.5062981608119,38.05016011895849
2044,44,14,226.81276085361014,-84.50595655643698,38.050152867492415
2045,44,15,213.654291103302,-84.50561495218474,38.05014561503486
2046,44,16,200.49582135299386,-84.50527334805513,38.05013836158579
2047,44,17,187.33735160268571,-84.5049317440482,38.05013110714524
2048,44,18,174.17888185237757,-84.50459014016397,38.050123851713174
2049,44,19,161.02041210206946,-84.50424853640244,38.050116595289616
2050,44,20,147.86194235176131,-84.50390693276364,38.050109337874574
2051,44,21,134.70347260145317,-84.50356532924758,38.05010207946803
2052,44,22,115.43547980956527,-84.50322372585428,38.050094820069994
2053,44,23,93.56040528106607,-84.50288212258377,38.050087559680456
2054,44,24,71.68533075256686,-84.50254051943604,38.050080298299434
2055,44,25,49.81025622406765,-84.50219891641113,38.05007303592692
2056,44,26,27.93518169556845,-84.50185731350905,38.05006577256293
2057,44,27,6.060107167069251,-84.50151571072979,38.05005850820744
2058,44,28,0.0,-84.5011741080734,38.05005124286046
2059,44,29,18.632141832102327,-84.50083250553989,38.050043976522005
2060,44,30,42.84725184578329,-84.50049090312926,38.05003670919206
2061,44,31,67.17707562708779,-84.50014930084156,38.05002944087063
2062,44,32,93.80615688607801,-84.49980769867679,38.05002217155772
2063,44,33,122.00996127228093,-84.49946609663495,38.050014901253334
2064,44,34,150.90813838090875,-84.49912449471607,38.050007629957456
2065,44,35,180.16687212004186,-84.49878289292018,38.05000035767011
2066,44,36,209.63524844225867,-84.49844129124726,38.049993084391275
2067,44,37,239.23581038250845,-84.49809968969737,38.049985810120965
2068,44,38,268.9249124742882,-84.4977580882705,38.049978534859186
2069,44,39,298.67615259546847,-84.49741648696667,38.04997125860593
2070,44,40,328.4726468203396,-84.49707488578589,38.049963981361195
2071,45,4,335.9649999175973,-84.5093634473244,38.050495466134265
2072,45,5,319.50897375772075,-84.5090218405935,38.05048822352185
2073,45,6,305.1220861455175,-84.50868023398509,38.05048097991792
2074,45,7,291.9618066396797,-84.5083386274992,38.05047373532247
2075,45,8,278.80333688937156,-84.50799702113585,38.0504664897355
2076,45,9,265.6448671390634,-84.50765541489501,38.05045924315703
2077,45,10,252.4863973887553,-84.50731380877676,38.05045199558702
2078,45,11,239.32792763844716,-84.50697220278107,38.0504447470255
2079,45,12,226.16945788813902,-84.50663059690798,38.05043749747247
2080,45,13,213.01098813783085,-84.5062889911575,38.05043024692794
2081,45,14,199.8525183875227,-84.50594738552965,38.05042299539188
2082,45,15,186.69404863721456,-84.50560578002444,38.05041574286432
2083,45,16,173.53557888690642,-84.50526417464191,38.05040848934524
2084,45,17,160.37710913659828,-84.50492256938203,38.05040123483465
2085,45,18,147.21863938629014,-84.50458096424487,38.05039397933256
2086,45,19,134.060169635982,-84.5042393592304,38.050386722838965
2087,45,20,120.90169988567388,-84.50389775433865,38.05037946535387
2088,45,21,107.74323013536572,-84.50355614956968,38.05037220687726
2089,45,22,94.58476038505756,-84.50321454492344,38.05036494740915
2090,45,23,73.03040006010703,-84.5028729404,38.050357686949546
2091,45,24,51.15532553160782,-84.50253133599932,38.05035042549843
2092,45,25,29.280251003108617,-84.50218973172147,38.05034316305583
2093,45,26,7.405176474609413,-84.50184812756646,38.05033589962172
2094,45,27,0.0,-84.5015065235343,38.05032863519612
2095,45,28,12.126589888156703,-84.50116491962498,38.05032136977902
2096,45,29,36.34169990183767,-84.50082331583856,38.05031410337041
2097,45,30,60.556809915518635,-84.50048171217502,38.05030683597032
2098,45,31,84.77191992919958,-84.5001401086344,38.05029956757874
2099,45,32,108.98702994288054,-84.4997985052167,38.050292298195664
2100,45,33,134.05846413966486,-84.49945690192193,38.050285027821104
2101,45,34,160.80580644806898,-84.49911529875014,38.05027775645504
2102,45,35,188.53472615765466,-84.49877369570135,38.050270484097496
2103,45,36,216.8690354736467,-84.49843209277553,38.05026321074847
2104,45,37,245.59929586054974,-84.49809048997272,38.05025593640794
2105,45,38,274.6012558367603,-84.49774888729294,38.05024866107594
2106,45,39,303.7971120452824,-84.49740728473621,38.05024138475245
2107,45,40,333.1358894910332,-84.49706568230255,38.05023410743748
2108,46,3,331.5635704011479,-84.5096958969305,38.05077283640969
2109,46,4,312.0062569232189,-84.50935428882414,38.05076559471891
2110,46,5,294.21320075978645,-84.50901268084026,38.05075835203659
2111,46,6,278.5227291324698,-84.50867107297888,38.050751108362746
2112,46,7,265.00156417359227,-84.50832946524001,38.05074386369736
2113,46,8,251.84309442328413,-84.50798785762368,38.05073661804047
2114,46,9,238.68462467297599,-84.50764625012987,38.05072937139203
2115,46,10,225.5261549226678,-84.50730464275864,38.050722123752074
2116,46,11,212.36768517235967,-84.50696303550998,38.05071487512058
2117,46,12,199.20921542205156,-84.50662142838394,38.05070762549759
2118,46,13,186.0507456717434,-84.50627982138049,38.05070037488306
2119,46,14,172.89227592143527,-84.50593821449966,38.050693123277014
2120,46,15,159.73380617112713,-84.5055966077415,38.05068587067945
2121,46,16,146.57533642081899,-84.505255001106,38.050678617090355
2122,46,17,133.41686667051084,-84.50491339459316,38.05067136250975
2123,46,18,120.25839692020269,-84.50457178820304,38.05066410693763
2124,46,19,107.09992716989454,-84.50423018193561,38.05065685037399
2125,46,20,93.9414574195864,-84.50388857579092,38.05064959281884
2126,46,21,80.78298766927826,-84.50354696976899,38.05064233427217
2127,46,22,67.62451791897011,-84.50320536386981,38.050635074734
2128,46,23,52.500394839147994,-84.50286375809341,38.050627814204304
2129,46,24,30.625320310648792,-84.5025221524398,38.050620552683114
2130,46,25,8.75024578214958,-84.50218054690902,38.0506132901704
2131,46,26,0.0,-84.50183894150105,38.05060602666618
2132,46,27,5.621037944211074,-84.50149733621593,38.050598762170466
2133,46,28,29.83614795789204,-84.50115573105369,38.05059149668323
2134,46,29,54.051257971573,-84.50081412601432,38.05058423020451
2135,46,30,78.26636798525395,-84.50047252109785,38.05057696273426
2136,46,31,102.48147799893492,-84.50013091630429,38.05056969427253
2137,46,32,126.69658801261588,-84.49978931163365,38.050562424819276
2138,46,33,150.91169802629682,-84.49944770708596,38.050555154374536
2139,46,34,175.3389533025566,-84.49910610266126,38.0505478829383
2140,46,35,201.07357888386068,-84.49876449835952,38.05054061051056
2141,46,36,227.85394379973357,-84.49842289418078,38.050533337091316
2142,46,37,255.3512390512726,-84.49808129012506,38.05052606268059
2143,46,38,283.356826042621,-84.49773968619235,38.050518787278364
2144,46,39,311.7337428718235,-84.4973980823827,38.05051151088464
2145,46,40,340.38913323548417,-84.49705647869611,38.050504233499424
2146,47,2,332.56025208175845,-84.51002834904256,38.05105020581907
2147,47,3,310.17708556043186,-84.50968673956075,38.05104296504992
2148,47,4,289.1769830896716,-84.5093451302014,38.05103572328924
2149,47,5,269.8829944456022,-84.50900352096451,38.051028480537006
2150,47,6,252.6862359389717,-84.50866191185014,38.05102123679325
2151,47,7,238.04167066941537,-84.50832030285828,38.05101399205794
2152,47,8,224.88285195719664,-84.50797869398895,38.0510067463311
2153,47,9,211.72438220688852,-84.50763708524217,38.050999499612715
2154,47,10,198.56591245658038,-84.50729547661794,38.05099225190281
2155,47,11,185.40744270627224,-84.5069538681163,38.05098500320136
2156,47,12,172.2489729559641,-84.50661225973727,38.05097775350838
2157,47,13,159.09050320565595,-84.50627065148083,38.050970502823866
2158,47,14,145.9320334553478,-84.50592904334704,38.05096325114783
2159,47,15,132.77356370503966,-84.5055874353359,38.050955998480255
2160,47,16,119.6150939547315,-84.50524582744741,38.05094874482115
2161,47,17,106.45662420442336,-84.50490421968159,38.05094149017053
2162,47,18,93.29815445411522,-84.5045626120385,38.05093423452838
2163,47,19,80.13968470380709,-84.50422100451812,38.0509269778947
2164,47,20,66.98121495349893,-84.50387939712046,38.0509197202695
2165,47,21,53.8227452031908,-84.50353778984554,38.050912461652764
2166,47,22,40.664275452882656,-84.50319618269339,38.05090520204452
2167,47,23,27.50580570257451,-84.50285457566403,38.050897941444745
2168,47,24,10.095315089689757,-84.50251296875746,38.05089067985345
2169,47,25,0.0,-84.50217136197371,38.05088341727065
2170,47,26,2.5766357512806226,-84.50182975531278,38.05087615369633
2171,47,27,23.330596013946415,-84.50148814877473,38.05086888913049
2172,47,28,47.54570602762738,-84.5011465423595,38.050861623573134
2173,47,29,71.76081604130835,-84.50080493606718,38.05085435702426
2174,47,30,95.97592605498929,-84.50046332989777,38.050847089483874
2175,47,31,120.19103606867026,-84.50012172385125,38.05083982095198
2176,47,32,144.4061460823512,-84.49978011792767,38.05083255142857
2177,47,33,168.6212560960322,-84.49943851212704,38.05082528091364
2178,47,34,192.83636610971314,-84.49909690644938,38.05081800940721
2179,47,35,217.0618006075377,-84.4987553008947,38.050810736909284
2180,47,36,242.07986463750854,-84.49841369546301,38.05080346341985
2181,47,37,268.1221670113131,-84.49807209015434,38.050796188938904
2182,47,38,294.9175003670865,-84.4977304849687,38.050788913466455
2183,47,39,322.2780904788572,-84.49738887990613,38.0507816370025
2184,48,1,338.9074229228514,-84.51036080366066,38.05132757436234
2185,48,2,314.1205890327618,-84.51001919280337,38.051320334514855
2186,48,3,290.3192167190625,-84.50967758206853,38.05131309367583
2187,48,4,267.7662240433821,-84.50933597145617,38.05130585184524
2188,48,5,246.80407995114558,-84.50899436096628,38.05129860902311
2189,48,6,227.87223837627124,-84.5086527505989,38.05129136520943
2190,48,7,211.5165718441298,-84.50831114035402,38.05128412040418
2191,48,8,197.9226094911092,-84.50796953023168,38.0512768746074
2192,48,9,184.76413974080106,-84.50762792023188,38.05126962781908
2193,48,10,171.6056699904929,-84.50728631035466,38.05126238003922
2194,48,11,158.4472002401848,-84.50694470060003,38.0512551312678
2195,48,12,145.28873048987663,-84.50660309096799,38.05124788150484
2196,48,13,132.13026073956848,-84.50626148145857,38.05124063075035
2197,48,14,118.97179098926033,-84.50591987207177,38.051233379004316
2198,48,15,105.81332123895218,-84.50557826280762,38.051226126266734
2199,48,16,92.65485148864404,-84.50523665366613,38.051218872537625
2200,48,17,79.4963817383359,-84.50489504464734,38.051211617816975
2201,48,18,66.33791198802776,-84.50455343575126,38.051204362104784
2202,48,19,53.17944223771963,-84.50421182697788,38.051197105401066
2203,48,20,40.020972487411484,-84.50387021832722,38.051189847705814
2204,48,21,26.862502737103338,-84.50352860979933,38.05118258901902
2205,48,22,13.704032986795195,-84.5031870013942,38.0511753293407
2206,48,23,0.545563236487051,-84.50284539311185,38.05116806867085
2207,48,24,0.0,-84.50250378495231,38.051160807009474
2208,48,25,8.20555538675949,-84.50216217691558,38.05115354435656
2209,48,26,26.41676597294131,-84.50182056900168,38.05114628071213
2210,48,27,44.62797655912313,-84.50147896121064,38.05113901607617
2211,48,28,65.26139604317508,-84.50113735354246,38.05113175044869
2212,48,29,89.47037411104368,-84.50079574599717,38.051124483829675
2213,48,30,113.68548412472464,-84.50045413857477,38.05111721621913
2214,48,31,137.90059413840558,-84.50011253127528,38.051109947617086
2215,48,32,162.11570415208655,-84.49977092409874,38.05110267802352
2216,48,33,186.3308141657675,-84.49942931704516,38.051095407438424
2217,48,34,210.5459241794485,-84.49908771011452,38.05108813586181
2218,48,35,234.76103419312946,-84.49874610330687,38.05108086329368
2219,48,36,258.97614420681043,-84.49840449662224,38.05107358973403
2220,48,37,283.5043872688124,-84.49806289006061,38.051066315182865
2221,48,38,308.96856341801634,-84.49772128362203,38.05105903964019
2222,48,39,335.18414157075034,-84.49737967730647,38.051051763106
2223,49,1,323.6258093876553,-84.51035164855205,38.0515977031137
2224,49,2,297.56876120301297,-84.51001003644173,38.051590463196334
2225,49,3,272.324568825467,-84.50966842445386,38.05158322228741
2226,49,4,248.1414393608154,-84.50932681258845,38.05157598038693
2227,49,5,225.36121465358224,-84.50898520084554,38.05156873749489
2228,49,6,204.4533692855628,-84.50864358922513,38.05156149361129
2229,49,7,186.05021729172864,-84.50830197772723,38.051554248736124
2230,49,8,170.96236702502176,-84.50796036635187,38.05154700286941
2231,49,9,157.8038972747136,-84.50761875509906,38.05153975601113
2232,49,10,144.64542752440545,-84.5072771439688,38.051532508161316
2233,49,11,131.4869577740973,-84.50693553296115,38.051525259319924
2234,49,12,118.32848802378916,-84.50659392207608,38.05151800948699
2235,49,13,105.17001827348103,-84.50625231131365,38.051510758662516
2236,49,14,92.01154852317289,-84.50591070067384,38.05150350684649
2237,49,15,78.85307877286475,-84.50556909015667,38.051496254038895
2238,49,16,65.69460902255659,-84.50522747976218,38.051489000239776
2239,49,17,52.53613927224845,-84.50488586949038,38.05148174544909
2240,49,18,39.377669521940305,-84.50454425934129,38.05147448966688
2241,49,19,26.219199771632173,-84.5042026493149,38.05146723289311
2242,49,20,13.060730021324026,-84.50386103941126,38.05145997512781
2243,49,21,0.0,-84.50351942963034,38.05145271637095
2244,49,22,0.0,-84.50317781997222,38.05144545662257
2245,49,23,1.4930522103942463,-84.50283621043687,38.05143819588264
2246,49,24,16.09281232707686,-84.50249460102432,38.05143093415116
2247,49,25,32.04568560842018,-84.5021529917346,38.051423671428154
2248,49,26,50.25689619460199,-84.50181138256772,38.05141640771361
2249,49,27,68.46810678078381,-84.5014697735237,38.05140914300753
2250,49,28,86.67931736696565,-84.50112816460252,38.051401877309914
2251,49,29,107.43509766242535,-84.50078655580424,38.05139461062077
2252,49,30,131.39504219446,-84.50044494712886,38.051387342940075
2253,49,31,155.61015220814093,-84.5001033385764,38.05138007426787
2254,49,32,179.82526222182187,-84.49976173014686,38.051372804604135
2255,49,33,204.04037223550287,-84.49942012184029,38.05136553394886
2256,49,34,228.25548224918384,-84.49907851365668,38.05135826230206
2257,49,35,252.4705922628648,-84.49873690559606,38.051350989663746
2258,49,36,276.6857022765458,-84.49839529765845,38.051343716033884
2259,49,37,300.9008122902268,-84.49805368984384,38.051336441412516
2260,49,38,325.1873526729093,-84.49771208215229,38.05132916579961
2261,49,39,350.1908764064865,-84.49737047458378,38.05132188919519
2262,50,0,338.2241631659997,-84.5106841068068,38.051875070846414
2263,50,1,310.4981283219297,-84.510342493321,38.051867831850736
2264,50,2,283.2359278649202,-84.51000087995763,38.051860591863495
2265,50,3,256.58545160547004,-84.50965926671672,38.051853350884684
2266,50,4,230.75874223453323,-84.50931765359827,38.0518461089143
2267,50,5,206.065766831234,-84.5089760406023,38.05183886595234
2268,50,6,182.9661263781502,-84.50863442772885,38.05183162199882
2269,50,7,162.14224170124808,-84.5082928149779,38.05182437705373
2270,50,8,144.58080676904072,-84.5079512023495,38.051817131117076
2271,50,9,130.84365480862616,-84.50760958984364,38.05180988418886
2272,50,10,117.68518505831801,-84.50726797746036,38.051802636269066
2273,50,11,104.52671530800986,-84.50692636519966,38.05179538735773
2274,50,12,91.36824555770173,-84.50658475306157,38.051788137454814
2275,50,13,78.20977580739357,-84.5062431410461,38.051780886560344
2276,50,14,65.05130605708541,-84.50590152915326,38.051773634674326
2277,50,15,51.892836306777276,-84.50555991738307,38.05176638179673
2278,50,16,38.73436655646913,-84.50521830573555,38.05175912792759
2279,50,17,25.57589680616099,-84.50487669421074,38.051751873066884
2280,50,18,12.417427055852848,-84.5045350828086,38.05174461721464
2281,50,19,0.0,-84.50419347152919,38.05173736037083
2282,50,20,0.0,-84.50385186037252,38.051730102535466
2283,50,21,0.0,-84.5035102493386,38.05172284370856
2284,50,22,13.101058204834562,-84.50316863842745,38.051715583890086
2285,50,23,27.700818321517175,-84.5028270276391,38.05170832308008
2286,50,24,42.300578438199786,-84.50248541697354,38.051701061278514
2287,50,25,56.90033855488241,-84.50214380643081,38.0516937984854
2288,50,26,74.09702641626268,-84.5018021960109,38.05168653470076
2289,50,27,92.3082370024445,-84.50146058571386,38.05167926992455
2290,50,28,110.51944758862632,-84.50111897553968,38.0516720041568
2291,50,29,128.82899512611118,-84.50077736548839,38.05166473739752
2292,50,30,149.75162972724402,-84.50043575556002,38.0516574696467
2293,50,31,173.31971027787625,-84.50009414575456,38.05165020090432
2294,50,32,197.53482029155722,-84.49975253607204,38.051642931170406
2295,50,33,221.74993030523817,-84.49941092651245,38.05163566044496
2296,50,34,245.9650403189191,-84.49906931707585,38.05162838872798
2297,50,35,270.1801503326001,-84.49872770776223,38.051621116019454
2298,50,36,294.39526034628113,-84.49838609857163,38.0516138423194
2299,50,37,318.610370359962,-84.49804448950404,38.0516065676278
2300,50,38,342.825480373643,-84.49770288055949,38.051599291944676
2301,51,0,328.437220392189,-84.51067495270641,38.052145199639014
2302,51,1,299.807456346616,-84.51033333796752,38.05213796057347
2303,51,2,271.47378146537244,-84.50999172335109,38.052130720516345
2304,51,3,243.53955975403574,-84.5096501088571,38.05212347946763
2305,51,4,216.15971018501637,-84.5093084944856,38.052116237427356
2306,51,5,189.57458545214072,-84.50896688023657,38.05210899439548
2307,51,6,164.1707239169997,-84.50862526611004,38.052101750372046
2308,51,7,140.5899346806608,-84.50828365210604,38.052094505357026
2309,51,8,119.91260515722777,-84.50794203822458,38.05208725935042
2310,51,9,103.88341234253869,-84.50760042446566,38.052080012352256
2311,51,10,90.72494259223053,-84.50725881082933,38.052072764362514
2312,51,11,77.56647284192239,-84.50691719731557,38.0520655153812
2313,51,12,64.40800309161426,-84.50657558392444,38.05205826540832
2314,51,13,51.2495333413061,-84.50623397065591,38.05205101444387
2315,51,14,38.091063590997955,-84.50589235751002,38.052043762487834
2316,51,15,24.93259384068981,-84.5055507444868,38.05203650954025
2317,51,16,11.774124090381667,-84.50520913158624,38.05202925560109
2318,51,17,0.0,-84.50486751880835,38.05202200067037
2319,51,18,0.0,-84.5045259061532,38.05201474474808
2320,51,19,0.0,-84.50418429362074,38.05200748783422
2321,51,20,10.109304082592264,-84.50384268121105,38.052000229928815
2322,51,21,24.70906419927488,-84.5035010689241,38.05199297103182
2323,51,22,39.308824315957494,-84.50315945675992,38.051985711143296
2324,51,23,53.908584432640104,-84.50281784471852,38.051978450263206
2325,51,24,68.50834454932271,-84.50247623279994,38.05197118839155
2326,51,25,83.10810466600535,-84.50213462100417,38.05196392552834
2327,51,26,98.08979802746244,-84.50179300933124,38.051956661673564
2328,51,27,116.14836722410519,-84.50145139778117,38.051949396827254
2329,51,28,134.359577810287,-84.50110978635398,38.05194213098937
2330,51,29,152.57078839646883,-84.50076817504967,38.051934864159946
2331,51,30,171.11446572816192,-84.50042656386826,38.05192759633897
2332,51,31,192.1166338508884,-84.50008495280979,38.05192032752645
2333,51,32,215.26133332059044,-84.49974334187424,38.051913057722366
2334,51,33,239.4594883749735,-84.49940173106165,38.05190578692674
2335,51,34,263.6745983886545,-84.49906012037204,38.05189851513957
2336,51,35,287.88970840233543,-84.49871850980541,38.051891242360846
2337,51,36,312.1048184160164,-84.4983768993618,38.05188396859059
2338,51,37,336.3199284296974,-84.4980352890412,38.05187669382878
2339,52,0,321.16418064372283,-84.51066579848359,38.05241532841728
2340,52,1,291.82175050985245,-84.51032418249162,38.05240808928187
2341,52,2,262.6279444627234,-84.50998256662209,38.05240084915487
2342,52,3,233.63848217876279,-84.50964095087502,38.05239360803627
2343,52,4,204.94009733792163,-84.50929933525043,38.05238636592608
2344,52,5,176.67469156321604,-84.50895771974832,38.05237912282431
2345,52,6,149.08873123424942,-84.50861610436873,38.052371878730945
2346,52,7,122.64156278814696,-84.50827448911164,38.052364633646
2347,52,8,98.25709167892019,-84.5079328739771,38.05235738756946
2348,52,9,77.89710653984821,-84.50759125896512,38.052350140501346
2349,52,10,63.764700126143076,-84.50724964407571,38.052342892441644
2350,52,11,50.60623037583494,-84.5069080293089,38.052335643390364
2351,52,12,37.447760625526804,-84.50656641466469,38.0523283933475
2352,52,13,24.289290875218637,-84.50622480014309,38.052321142313055
2353,52,14,11.130821124910495,-84.50588318574414,38.052313890287046
2354,52,15,0.0,-84.50554157146784,38.052306637269446
2355,52,16,0.0,-84.50519995731422,38.05229938326027
2356,52,17,0.0,-84.50485834328329,38.05229212825951
2357,52,18,7.117549960349964,-84.50451672937507,38.05228487226719
2358,52,19,21.71731007703258,-84.50417511558958,38.0522776152833
2359,52,20,36.317070193715196,-84.5038335019268,38.052270357307826
2360,52,21,50.916830310397806,-84.5034918883868,38.052263098340774
2361,52,22,65.51659042708043,-84.50315027496957,38.05225583838217
2362,52,23,80.11635054376303,-84.50280866167513,38.052248577431996
2363,52,24,94.71611066044565,-84.5024670485035,38.05224131549025
2364,52,25,109.31587077712827,-84.5021254354547,38.05223405255695
2365,52,26,123.91563089381089,-84.50178382252872,38.05222678863206
2366,52,27,139.9884974457659,-84.50144220972561,38.05221952371562
2367,52,28,158.1997080319477,-84.50110059704538,38.052212257807604
2368,52,29,176.41091861812953,-84.50075898448803,38.052204990908045
2369,52,30,194.62212920431136,-84.50041737205358,38.05219772301691
2370,52,31,213.4558754817141,-84.50007575974206,38.052190454134234
2371,52,32,234.50384090335714,-84.4997341475535,38.05218318425998
2372,52,33,257.3338143718953,-84.49939253548789,38.05217591339417
2373,52,34,281.3841564583898,-84.49905092354523,38.052168641536824
2374,52,35,305.5992664720708,-84.49870931172559,38.05216136868791
2375,52,36,329.8143764857518,-84.49836770002894,38.05215409484743
2376,53,0,316.5783538370246,-84.51065664413834,38.05268545718125
2377,53,1,286.7670784107567,-84.51031502689327,38.05267821797596
2378,53,2,256.999728409043,-84.50997340977064,38.052670977779066
2379,53,3,227.2935624790165,-84.50963179277046,38.05266373659058
2380,53,4,197.67616620747,-84.50929017589279,38.052656494410485
2381,53,5,168.19444054000132,-84.50894855913758,38.052649251238805
2382,53,6,138.9347795573332,-84.50860694250488,38.05264200707551
2383,53,7,110.0744117073787,-84.50826532599471,38.05263476192064
2384,53,8,82.03584128176077,-84.50792370960708,38.05262751577417
2385,53,9,56.065875511642375,-84.50758209334201,38.05262026863609
2386,53,10,36.804457660055625,-84.5072404771995,38.052613020506435
2387,53,11,23.645987909747483,-84.50689886117961,38.05260577138519
2388,53,12,10.48751815943934,-84.5065572452823,38.05259852127235
2389,53,13,0.0,-84.50621562950762,38.052591270167916
2390,53,14,0.0,-84.5058740138556,38.0525840180719
2391,53,15,0.0,-84.50553239832622,38.052576764984295
2392,53,16,4.125795838107675,-84.50519078291953,38.0525695109051
2393,53,17,18.72555595479028,-84.50484916763553,38.05256225583433
2394,53,18,33.3253160714729,-84.50450755247422,38.05255499977197
2395,53,19,47.925076188155515,-84.50416593743564,38.052547742718026
2396,53,20,62.524836304838125,-84.50382432251982,38.052540484672505
2397,53,21,77.12459642152074,-84.50348270772675,38.05253322563539
2398,53,22,91.72435653820335,-84.50314109305644,38.05252596560672
2399,53,23,106.32411665488597,-84.50279947850893,38.05251870458646
2400,53,24,120.92387677156859,-84.50245786408425,38.05251144257461
2401,53,25,135.5236368882512,-84.50211624978238,38.0525041795712
2402,53,26,150.1233970049338,-84.50177463560335,38.05249691557621
2403,53,27,164.82022785577385,-84.50143302154719,38.05248965058965
2404,53,28,182.0398382536084,-84.50109140761388,38.052482384611515
2405,53,29,200.2510488397902,-84.50074979380348,38.052475117641805
2406,53,30,218.46225942597204,-84.500408180116,38.05246784968053
2407,53,31,236.67347001215387,-84.50006656655142,38.05246058072768
2408,53,32,255.82545059844173,-84.49972495310979,38.05245331078327
2409,53,33,276.90305486696565,-84.49938333979112,38.05244603984728
2410,53,34,299.5061642360968,-84.49904172659544,38.052438767919725
2411,53,35,323.3088245418061,-84.49870011352274,38.05243149500062
2412,53,36,347.52393455548713,-84.49835850057306,38.05242422108994
2413,54,0,314.7972002857822,-84.51064748967066,38.05295558593089
2414,54,1,284.7995443287219,-84.51030587117248,38.052948346655725
2415,54,2,254.8024403178438,-84.50996425279673,38.052941106388964
2416,54,3,224.80610920081574,-84.50962263454345,38.052933865130576
2417,54,4,194.81090800078374,-84.50928101641263,38.052926622880584
2418,54,5,164.81745362118224,-84.50893939840432,38.052919379638986
2419,54,6,134.82691185461192,-84.50859778051851,38.052912135405776
2420,54,7,104.84178223557642,-84.50825616275523,38.05290489018097
2421,54,8,74.86856779993032,-84.50791454511449,38.052897643964556
2422,54,9,44.93112046781715,-84.50757292759631,38.05289039675654
2423,54,10,15.24167735435418,-84.50723131020071,38.052883148556916
2424,54,11,0.0,-84.5068896929277,38.05287589936571
2425,54,12,0.0,-84.5065480757773,38.052868649182884
2426,54,13,0.0,-84.50620645874953,38.05286139800846
2427,54,14,1.1340417158653764,-84.5058648418444,38.052854145842446
2428,54,15,15.733801832547991,-84.50552322506194,38.05284689268483
2429,54,16,30.333561949230607,-84.50518160840214,38.05283963853564
2430,54,17,44.93332206591322,-84.50483999186503,38.05283238339483
2431,54,18,59.53308218259583,-84.50449837545065,38.05282512726243
2432,54,19,74.13284229927844,-84.50415675915899,38.05281787013844
2433,54,20,88.73260241596105,-84.50381514299006,38.05281061202287
2434,54,21,103.33236253264367,-84.5034735269439,38.052803352915696
2435,54,22,117.93212264932629,-84.50313191102053,38.05279609281693
2436,54,23,132.5318827660089,-84.50279029521994,38.052788831726595
2437,54,24,147.1316428826915,-84.50244867954216,38.052781569644665
2438,54,25,161.73140299937413,-84.50210706398721,38.052774306571145
2439,54,26,176.33116311605676,-84.5017654485551,38.05276704250604
2440,54,27,190.93092323273936,-84.50142383324587,38.05275977744936
2441,54,28,206.2544634159882,-84.5010822180595,38.05275251140109
2442,54,29,224.0911790614509,-84.50074060299602,38.052745244361226
2443,54,30,242.3023896476327,-84.50039898805547,38.05273797632981
2444,54,31,260.51360023381454,-84.50005737323782,38.05273070730681
2445,54,32,278.74947703872823,-84.49971575854313,38.052723437292215
2446,54,33,298.21118619214553,-84.4993741439714,38.05271616628605
2447,54,34,319.3094927979569,-84.49903252952265,38.052708894288315
2448,54,35,341.7414121988298,-84.4986909151969,38.052701621299
2449,55,0,315.86816949064905,-84.51063833508056,38.05322571466621
2450,55,1,285.98287298272624,-84.51029671532923,38.05321847532117
2451,55,2,256.12439708378986,-84.50995509570036,38.053211234984516
2452,55,3,226.3033581801552,-84.50961347619393,38.05320399365624
2453,55,4,196.53679824830857,-84.50927185681,38.05319675133635
2454,55,5,166.85387681374704,-84.50893023754854,38.05318950802484
2455,55,6,137.30884658265035,-84.5085886184096,38.053182263721716
2456,55,7,108.01491791386292,-84.50824699939321,38.05317501842697
2457,55,8,79.25102923003132,-84.50790538049935,38.05316777214062
2458,55,9,51.90596089178983,-84.50756376172804,38.05316052486265
2459,55,10,27.201102658463885,-84.50722214307932,38.053153276593065
2460,55,11,2.676629664579161,-84.50688052455318,38.05314602733188
2461,55,12,0.0,-84.50653890614967,38.053138777079084
2462,55,13,12.742047710305693,-84.50619728786879,38.05313152583468
2463,55,14,27.34180782698831,-84.50585566971054,38.05312427359866
2464,55,15,41.941567943670925,-84.50551405167495,38.05311702037105
2465,55,16,56.54132806035353,-84.50517243376206,38.05310976615182
2466,55,17,71.14108817703614,-84.50483081597184,38.05310251094099
2467,55,18,85.74084829371876,-84.50448919830434,38.05309525473856
2468,55,19,100.34060841040137,-84.50414758075958,38.053087997544516
2469,55,20,114.94036852708399,-84.50380596333756,38.05308073935889
2470,55,21,129.5401286437666,-84.5034643460383,38.05307348018165
2471,55,22,144.1398887604492,-84.50312272886181,38.05306622001282
2472,55,23,158.73964887713183,-84.50278111180813,38.05305895885239
2473,55,24,173.33940899381446,-84.50243949487727,38.05305169670037
2474,55,25,187.93916911049706,-84.50209787806921,38.05304443355674
2475,55,26,202.53892922717966,-84.501756261384,38.05303716942153
2476,55,27,217.13868934386227,-84.50141464482168,38.053029904294725
2477,55,28,231.75376273922728,-84.50107302838222,38.05302263817632
2478,55,29,248.02439365434446,-84.50073141206566,38.05301537106634
2479,55,30,266.1425198692934,-84.500389795872,38.05300810296475
2480,55,31,284.3537304554752,-84.50004817980128,38.05300083387158
2481,55,32,302.56494104165705,-84.49970656385351,38.052993563786835
2482,55,33,320.91201495985655,-84.4993649480287,38.052986292710486
2483,55,34,340.6070492023869,-84.49902333232687,38.05297902064256
2484,56,0,319.7626052042044,-84.51062918036804,38.05349584338722
2485,56,1,290.27853318676637,-84.51028755936356,38.053488603972305
2486,56,2,260.9121115838462,-84.50994593848154,38.053481363565766
2487,56,3,231.70807735860683,-84.50960431772195,38.05347412216761
2488,56,4,202.7366179438309,-84.50926269708486,38.05346687977781
2489,56,5,174.1138690552352,-84.50892107657027,38.05345963639638
2490,56,6,146.04500176132126,-84.5085794561782,38.05345239202334
2491,56,7,118.92285600987331,-84.50823783590863,38.05344514665866
2492,56,8,93.528654619292,-84.50789621576165,38.05343790030236
2493,56,9,69.00418162540728,-84.50755459573719,38.05343065295445
2494,56,10,44.479708631522556,-84.50721297583533,38.05342340461491
2495,56,11,21.386227403508826,-84.50687135605607,38.05341615528375
2496,56,12,24.350053704746006,-84.50652973639941,38.05340890496097
2497,56,13,38.94981382142863,-84.50618811686539,38.05340165364657
2498,56,14,53.54957393811124,-84.50584649745402,38.053394401340555
2499,56,15,68.14933405479385,-84.5055048781653,38.05338714804293
2500,56,16,82.74909417147646,-84.50516325899926,38.05337989375369
2501,56,17,97.34885428815907,-84.50482163995594,38.05337263847283
2502,56,18,111.94861440484169,-84.50448002103532,38.05336538220036
2503,56,19,126.54837452152431,-84.50413840223742,38.053358124936274
2504,56,20,141.1481346382069,-84.50379678356228,38.053350866680596
2505,56,21,155.74789475488953,-84.50345516500991,38.0533436074333
2506,56,22,170.34765487157216,-84.5031135465803,38.053336347194374
2507,56,23,184.94741498825476,-84.5027719282735,38.05332908596386
2508,56,24,199.54717510493737,-84.50243031008952,38.053321823741754
2509,56,25,214.14693522161997,-84.50208869202835,38.053314560528015
2510,56,26,228.7466953383026,-84.50174707409005,38.0533072963227
2511,56,27,243.34645545498523,-84.50140545627461,38.053300031125765
2512,56,28,257.94621557166784,-84.50106383858204,38.05329276493724
2513,56,29,272.919406991108,-84.50072222101237,38.05328549775711
2514,56,30,289.9849927430612,-84.50038060356562,38.05327822958537
2515,56,31,308.1938606771359,-84.5000389862418,38.05327096042204
2516,56,32,326.4050712633178,-84.49969736904093,38.05326369026711
2517,56,33,344.61628184949956,-84.49935575196301,38.05325641912059
2518,57,0,326.379452289182,-84.51062002553309,38.05376597209391
2519,57,1,297.55176023452987,-84.51027840327544,38.05375873260913
2520,57,2,268.9805813822773,-84.50993678114024,38.053751492132704
2521,57,3,240.75725597129704,-84.5095951591275,38.05374425066464
2522,57,4,213.02009164609186,-84.50925353723724,38.05373700820495
2523,57,5,185.98672691079358,-84.50891191546948,38.05372976475361
2524,57,6,160.01426726723727,-84.50857029382423,38.053722520310636
2525,57,7,135.3317335862354,-84.50822867230153,38.053715274876026
2526,57,8,110.80726059235069,-84.50788705090136,38.05370802844979
2527,57,9,86.28278759846596,-84.50754542962376,38.05370078103192
2528,57,10,63.53907924425264,-84.50720380846874,38.05369353262241
2529,57,11,49.236453808514,-84.50686218743633,38.05368628322128
2530,57,12,51.100314833359384,-84.50652056652652,38.053679032828526
2531,57,13,65.15757993255156,-84.50617894573935,38.053671781444145
2532,57,14,79.75734004923416,-84.50583732507482,38.053664529068136
2533,57,15,94.35710016591678,-84.50549570453298,38.0536572757005
2534,57,16,108.95686028259938,-84.5051540841138,38.05365002134123
2535,57,17,123.55662039928201,-84.50481246381732,38.053642765990354
2536,57,18,138.1563805159646,-84.50447084364356,38.05363550964784
2537,57,19,152.75614063264723,-84.50412922359253,38.053628252313715
2538,57,20,167.35590074932986,-84.50378760366425,38.05362099398797
2539,57,21,181.95566086601247,-84.50344598385874,38.053613734670606
2540,57,22,196.55542098269507,-84.503104364176,38.05360647436162
2541,57,23,211.15518109937767,-84.50276274461606,38.05359921306103
2542,57,24,225.7549412160603,-84.50242112517896,38.053591950768805
2543,57,25,240.3547013327429,-84.50207950586467,38.05358468748497
2544,57,26,254.95446144942554,-84.50173788667323,38.05357742320954
2545,57,27,269.55422156610814,-84.50139626760465,38.05357015794248
2546,57,28,284.15398168279074,-84.50105464865896,38.05356289168382
2547,57,29,298.7537417994734,-84.50071302983618,38.05355562443354
2548,57,30,314.4204174047323,-84.50037141113631,38.053548356191655
2549,57,31,332.0339908987966,-84.50002979255936,38.05354108695816
2550,57,32,350.24520148497845,-84.49968817410539,38.053533816733065
2551,58,0,335.5577000549875,-84.51061087057569,38.054036100786284
2552,58,1,307.5914062653144,-84.51026924706485,38.05402886123162
2553,58,2,280.04638249824694,-84.50992762367648,38.05402162068531
2554,58,3,253.06022898202545,-84.50958600041055,38.05401437914736
2555,58,4,226.8324990703843,-84.50924437726711,38.054007136617756
2556,58,5,201.65928554706352,-84.50890275424617,38.0539998930965
2557,58,6,177.1348125531788,-84.50856113134776,38.05399264858361
2558,58,7,152.61033955929406,-84.50821950857187,38.053985403079075
2559,58,8,128.1797357909187,-84.50787788591852,38.05397815658288
2560,58,9,105.91061542574587,-84.50753626338775,38.053970909095064
2561,58,10,88.34066024368822,-84.50719464097956,38.0539636606156
2562,58,11,78.6834547075894,-84.50685301869397,38.053956411144505
2563,58,12,79.86300668740058,-84.50651139653101,38.053949160681775
2564,58,13,91.36534604367448,-84.50616977449066,38.05394190922738
2565,58,14,105.96510616035708,-84.50582815257297,38.05393465678137
2566,58,15,120.56486627703971,-84.50548653077796,38.05392740334372
2567,58,16,135.16462639372233,-84.50514490910562,38.05392014891444
2568,58,17,149.76438651040493,-84.50480328755597,38.05391289349354
2569,58,18,164.36414662708756,-84.50446166612906,38.05390563708099
2570,58,19,178.96390674377017,-84.50412004482487,38.053898379676816
2571,58,20,193.56366686045277,-84.50377842364345,38.053891121281005
2572,58,21,208.16342697713537,-84.50343680258477,38.05388386189359
2573,58,22,222.763187093818,-84.50309518164889,38.053876601514524
2574,58,23,237.36294721050064,-84.50275356083581,38.05386934014384
2575,58,24,251.96270732718327,-84.50241194014554,38.05386207778152
2576,58,25,266.56246744386584,-84.50207031957812,38.05385481442759
2577,58,26,281.1622275605485,-84.50172869913354,38.053847550082025
2578,58,27,295.76198767723105,-84.50138707881183,38.05384028474485
2579,58,28,310.36174779391376,-84.50104545861299,38.05383301841605
2580,58,29,324.9615079105963,-84.50070383853706,38.05382575109564
2581,58,30,339.7485860835022,-84.50036221858406,38.0538184827836
2582,59,0,347.0942138033987,-84.51060171549588,38.05430622946435
2583,59,1,320.13730866283015,-84.51026009073185,38.05429898983981
2584,59,2,293.77099846642614,-84.50991846609026,38.05429174922361
2585,59,3,268.16954092894605,-84.50957684157113,38.054284507615755
2586,59,4,243.46236451400694,-84.50923521717448,38.054277265016246
2587,59,5,218.93789152012218,-84.50889359290035,38.05427002142508
2588,59,6,194.41341852623748,-84.50855196874873,38.054262776842265
2589,59,7,170.32289492632088,-84.50821034471966,38.054255531267785
2590,59,8,148.3135271258595,-84.50786872081312,38.05424828470167
2591,59,9,129.55275420053246,-84.50752709702915,38.05424103714389
2592,59,10,115.63273720436655,-84.50718547336778,38.05423378859447
2593,59,11,108.4340523350696,-84.506843849829,38.054226539053396
2594,59,12,109.29298924558304,-84.50650222641285,38.054219288520684
2595,59,13,118.03377182258325,-84.50616060311933,38.054212036996304
2596,59,14,132.17287227148003,-84.50581897994846,38.0542047844803
2597,59,15,146.77263238816263,-84.50547735690026,38.054197530972644
2598,59,16,161.37239250484527,-84.50513573397474,38.054190276473335
2599,59,17,175.97215262152787,-84.50479411117193,38.0541830209824
2600,59,18,190.57191273821047,-84.50445248849184,38.05417576449982
2601,59,19,205.17167285489307,-84.50411086593448,38.05416850702559
2602,59,20,219.7714329715757,-84.50376924349987,38.05416124855972
2603,59,21,234.3711930882583,-84.50342762118804,38.05415398910224
2604,59,22,248.97095320494094,-84.50308599899898,38.0541467286531
2605,59,23,263.57071332162354,-84.50274437693274,38.05413946721232
2606,59,24,278.17047343830615,-84.50240275498932,38.05413220477992
2607,59,25,292.7702335549888,-84.50206113316871,38.05412494135588
2608,59,26,307.3699936716714,-84.50171951147098,38.0541176769402
2609,59,27,321.96975378835407,-84.5013778898961,38.0541104115329
2610,59,28,336.5695139050366,-84.50103626844412,38.05410314513397
2611,60,1,334.9079270299327,-84.51025093427637,38.05456911843366
2612,60,2,309.8012632794893,-84.50990930838155,38.05456187774759
2613,60,3,285.2654434809503,-84.50956768260922,38.05455463606984
2614,60,4,260.7409704870656,-84.50922605695936,38.05454739340042
2615,60,5,236.22599055206618,-84.50888443143201,38.05454014973934
2616,60,6,212.57876753038008,-84.50854280602718,38.05453290508659
2617,60,7,190.72688902502944,-84.50820118074489,38.05452565944219
2618,60,8,171.35857139226042,-84.50785955558514,38.05451841280612
2619,60,9,155.4051922621214,-84.50751793054798,38.05451116517839
2620,60,10,144.00620672199318,-84.5071763056334,38.05450391655901
2621,60,11,138.29244869799635,-84.50683468084142,38.054496666947955
2622,60,12,138.9669570772796,-84.50649305617206,38.054489416345255
2623,60,13,145.94118319291846,-84.50615143162534,38.05448216475091
2624,60,14,158.38063838260297,-84.50580980720127,38.054474912164885
2625,60,15,172.98039849928557,-84.50546818289988,38.054467658587214
2626,60,16,187.58015861596817,-84.50512655872117,38.054460404017895
2627,60,17,202.17991873265078,-84.50478493466517,38.05445314845692
2628,60,18,216.7796788493334,-84.50444331073189,38.0544458919043
2629,60,19,231.37943896601604,-84.50410168692133,38.05443863436003
2630,60,20,245.9791990826986,-84.50376006323353,38.054431375824116
2631,60,21,260.57895919938125,-84.50341843966851,38.05442411629655
2632,60,22,275.1787193160639,-84.50307681622628,38.05441685577734
2633,60,23,289.77847943274645,-84.50273519290685,38.054409594266474
2634,60,24,304.37823954942917,-84.50239356971024,38.054402331763974
2635,60,25,318.9779996661117,-84.50205194663647,38.05439506826983
2636,60,26,333.5777597827944,-84.50171032368554,38.054387803784046
2637,60,27,348.177519899477,-84.5013687008575,38.05438053830662
2638,61,2,327.0685224478937,-84.5099001505504,38.054832006257236
2639,61,3,302.544049454009,-84.50955852352482,38.0548247645096
2640,61,4,278.1772141656424,-84.50921689662174,38.054817521770275
2641,61,5,254.89130285945066,-84.50887526984116,38.05481027803928
2642,61,6,233.1449979429512,-84.50853364318309,38.05480303331661
2643,61,7,213.4094746215576,-84.50819201664757,38.05479578760226
2644,61,8,196.29217419622145,-84.50785039023461,38.05478854089626
2645,61,9,182.53117937248493,-84.50750876394422,38.05478129319858
2646,61,10,172.92959618162757,-84.50716713777642,38.054774044509216
2647,61,11,168.20124561955924,-84.50682551173121,38.054766794828204
2648,61,12,168.75625268535032,-84.50648388580863,38.05475954415552
2649,61,13,174.54422537807525,-84.5061422600087,38.05475229249117
2650,61,14,185.07485081788624,-84.50580063433141,38.05474503983516
2651,61,15,199.18816461040848,-84.50545900877681,38.05473778618749
2652,61,16,213.7879247270911,-84.50511738334488,38.054730531548145
2653,61,17,228.3876848437737,-84.50477575803566,38.05472327591714
2654,61,18,242.98744496045634,-84.50443413284917,38.054716019294474
2655,61,19,257.587205077139,-84.50409250778543,38.05470876168015
2656,61,20,272.18696519382155,-84.50375088284443,38.05470150307417
2657,61,21,286.7867253105042,-84.50340925802621,38.05469424347654
2658,61,22,301.3864854271868,-84.50306763333076,38.05468698288725
2659,61,23,315.9862455438695,-84.50272600875813,38.05467972130631
2660,61,24,330.586005660552,-84.50238438430833,38.05467245873371
2661,61,25,345.1857657772347,-84.50204275998136,38.054665195169456
2662,62,2,344.3471284209524,-84.50989099259677,38.05510213475257
2663,62,3,320.25365938519815,-84.50954936431793,38.055094892935024
2664,62,4,297.2363035398621,-84.5092077361616,38.0550876501258
2665,62,5,275.56566174774304,-84.50886610812778,38.05508040632489
2666,62,6,255.58452168881834,-84.50852448021647,38.0550731615323
2667,62,7,237.71929143284223,-84.5081828524277,38.05506591574803
2668,62,8,222.48028072564787,-84.50784122476149,38.05505866897206
2669,62,9,210.43880132759168,-84.50749959721786,38.05505142120443
2670,62,10,202.1670173312752,-84.50715796979682,38.055044172445115
2671,62,11,198.13762057987535,-84.50681634249838,38.05503692269413
2672,62,12,198.60898892418027,-84.50647471532257,38.05502967195146
2673,62,13,203.54985697345913,-84.5061330882694,38.05502242021712
2674,62,14,212.64890798296187,-84.50579146133887,38.0550151674911
2675,62,15,225.4031318743746,-84.50544983453103,38.055007913773416
2676,62,16,239.99569083821402,-84.5051082078459,38.05500065906405
2677,62,17,254.59545095489665,-84.50476658128345,38.05499340336302
2678,62,18,269.1952110715793,-84.50442495484373,38.054986146670316
2679,62,19,283.79497118826185,-84.50408332852676,38.05497888898594
2680,62,20,298.3947313049445,-84.50374170233255,38.05497163030991
2681,62,21,312.9944914216271,-84.5034000762611,38.0549643706422
2682,62,22,327.5942515383098,-84.50305845031244,38.054957109982844
2683,62,23,342.1940116549924,-84.5027168244866,38.05494984833181
2684,63,3,339.60162545355087,-84.50954020498855,38.05536502134615
2685,63,4,317.98785794920593,-84.50919857557896,38.05535777846702
2686,63,5,297.83097823355257,-84.50885694629186,38.055350534596194
2687,63,6,279.4464266867361,-84.50851531712729,38.05534328973367
2688,63,7,263.2058494418692,-84.50817368808526,38.05533604387946
2689,63,8,249.52822079445528,-84.5078320591658,38.05532879703357
2690,63,9,238.85423748654105,-84.50749043036892,38.05532154919597
2691,63,10,231.59956942470222,-84.50714880169461,38.055314300366696
2692,63,11,228.09071517740037,-84.50680717314293,38.05530705054573
2693,63,12,228.50030228113155,-84.50646554471388,38.055299799733085
2694,63,13,232.80765007834046,-84.50612391640745,38.055292547928744
2695,63,14,240.8036871134442,-84.50578228822368,38.05528529513273
2696,63,15,252.1377193516671,-84.50544066016259,38.05527804134503
2697,63,16,266.20345694933695,-84.50509903222421,38.055270786565636
2698,63,17,280.8032170660196,-84.50475740440851,38.05526353079458
2699,63,18,295.40297718270216,-84.50441577671556,38.055256274031834
2700,63,19,310.0027372993849,-84.50407414914534,38.05524901627742
2701,63,20,324.6024974160674,-84.50373252169788,38.05524175753132
2702,63,21,339.2022575327501,-84.5033908943732,38.05523449779354
2703,64,4,340.12223606257754,-84.5091894148738,38.05562790679391
2704,64,5,321.35673208544773,-84.50884778433343,38.055620662853165
2705,64,6,304.3963913207066,-84.50850615391559,38.05561341792073
2706,64,7,289.55858965242123,-84.50816452362028,38.05560617199658
2707,64,8,277.1843982512901,-84.50782289344754,38.05559892508073
2708,64,9,267.6157776110375,-84.50748126339738,38.05559167717319
2709,64,10,261.16128774914324,-84.5071396334698,38.05558442827395
2710,64,11,258.0547073998483,-84.50679800366484,38.055577178383004
2711,64,12,258.4168063490682,-84.50645637398253,38.05556992750037
2712,64,13,262.23321604267136,-84.50611474442283,38.05556267562606
2713,64,14,269.357148389481,-84.5057731149858,38.05555542276002
2714,64,15,279.53584239045875,-84.50543148567145,38.05554816890231
2715,64,16,292.4505102976808,-84.5050898564798,38.05554091405291
2716,64,17,307.0109831771425,-84.50474822741084,38.055533658211814
2717,64,18,321.6107432938252,-84.50440659846464,38.055526401379026
2718,64,19,336.2105034105078,-84.50406496964116,38.055519143554555
2719,65,5,345.88582931036876,-84.50883862225248,38.05589079109582
2720,65,6,330.18785669699014,-84.50849699058134,38.05588354609345
2721,65,7,316.56126500660594,-84.50815535903274,38.05587630009936
2722,65,8,305.28355392161745,-84.5078137276067,38.05586905311357
2723,65,9,296.6227605687797,-84.50747209630326,38.05586180513607
2724,65,10,290.81278493194577,-84.50713046512239,38.055854556166864
2725,65,11,288.0261961563647,-84.50678883406414,38.055847306205955
2726,65,12,288.3506605935474,-84.50644720312853,38.055840055253334
2727,65,13,291.7757996427491,-84.50610557231555,38.05583280330901
2728,65,14,298.1947870932626,-84.50576394162525,38.05582555037298
2729,65,15,307.42014384556313,-84.50542231105761,38.05581829644525
2730,65,16,319.2086443604829,-84.50508068061268,38.05581104152583
2731,65,17,333.2187492882655,-84.50473905029045,38.0558037856147
2732,65,18,347.8185094049481,-84.50439742009098,38.05579652871189
2733,66,7,344.06088438482215,-84.50814619432262,38.05614642818783
2734,66,8,333.71380845882965,-84.5078045616433,38.0561391811321
2735,66,9,325.8096372861413,-84.50746292908653,38.05613193308464
2736,66,10,320.529146164522,-84.50712129665236,38.056124684045464
2737,66,11,318.00306183020945,-84.50677966434081,38.056117434014574
2738,66,12,318.29697002299366,-84.50643803215189,38.05611018299198
2739,66,13,321.4031345806214,-84.50609640008562,38.05610293097765
2740,66,14,327.241483786331,-84.50575476814201,38.05609567797163
2741,66,15,335.6694840212766,-84.50541313632108,38.05608842397389
2742,66,16,346.4982197581116,-84.50507150462285,38.05608116898444
