fid,row_index,col_index,distance,x,y
0,0,89,345.4741593054517,2.4035292505070975,48.83770293053524
1,0,90,342.918166429488,2.403938059773613,48.83770504490893
2,0,91,340.3621735535244,2.4043468690877114,48.837707157833094
3,0,92,337.80618067756086,2.4047556784493618,48.83770926930773
4,0,93,335.25018780159724,2.4051644878585314,48.837711379332845
5,0,94,332.69419492563367,2.405573297315187,48.83771348790844
6,0,95,330.466241602243,2.4059821068192964,48.83771559503449
7,0,96,328.4414573819808,2.4063909163708264,48.83771770071101
8,0,97,326.4166731617187,2.406799725969745,48.837719804938004
9,0,98,324.39188894145656,2.4072085356160193,48.837721907715455
10,0,99,322.36710472119444,2.4076173453096166,48.837724009043406
11,0,100,320.3423205009323,2.4080261550505044,48.83772610892181
12,0,101,318.31753628067014,2.40843496483865,48.83772820735067
13,0,102,316.292752060408,2.408843774674021,48.837730304330016
14,0,103,314.87938895555436,2.409252584556585,48.83773239985982
15,0,104,316.1494631167255,2.409661394486308,48.8377344939401
16,0,105,319.64782307448803,2.410070204463159,48.837736586570834
17,0,106,323.3157489510236,2.4104790144871044,48.837738677752036
18,0,107,326.9836748275591,2.4108878245581122,48.83774076748372
19,0,108,330.6516007040946,2.4112966346761495,48.837742855765846
20,0,109,334.31952658063017,2.4117054448411834,48.83774494259846
21,0,110,337.9874524571657,2.4121142550531816,48.837747027981536
22,0,111,341.70796345663564,2.412523065312111,48.837749111915066
23,0,112,347.17090986409823,2.4129318756179403,48.837751194399054
24,1,73,344.81670474701616,2.3969850694533776,48.837938764580755
25,1,74,343.25021721603025,2.397393880149843,48.83794090216702
26,1,75,341.68372968504434,2.3978026908944154,48.83794303830375
27,1,76,340.11724215405843,2.3982115016870624,48.83794517299093
28,1,77,338.55075462307246,2.3986203125277505,48.83794730622859
29,1,78,336.98426709208655,2.399029123416449,48.83794943801671
30,1,79,335.41777956110064,2.399437934353123,48.837951568355294
31,1,80,333.85129203011473,2.399846745337741,48.837953697244345
32,1,81,332.2848044991288,2.4002555563702708,48.83795582468385
33,1,82,330.7183169681429,2.400664367450679,48.83795795067382
34,1,83,329.151829437157,2.401073178578933,48.837960075214255
35,1,84,327.58534190617104,2.4014819897550006,48.837962198305156
36,1,85,325.8072141218235,2.4018908009788493,48.83796431994651
37,1,86,323.2512212458599,2.4022996122504456,48.83796644013833
38,1,87,320.69522836989626,2.4027084235697576,48.83796855888061
39,1,88,318.1392354939327,2.4031172349367527,48.83797067617336
40,1,89,315.5832426179691,2.403526046351398,48.83797279201655
41,1,90,313.0272497420055,2.403934857813661,48.83797490641021
42,1,91,310.47125686604187,2.404343669323509,48.83797701935433
43,1,92,307.91526399007824,2.404752480880909,48.837979130848915
44,1,93,305.3592711141147,2.4051612924858294,48.837981240893946
45,1,94,302.8032782381511,2.4055701041382367,48.837983349489434
46,1,95,300.5346487802534,2.4059789158380984,48.83798545663539
47,1,96,298.50986455999123,2.4063877275853818,48.837987562331804
48,1,97,296.4850803397291,2.406796539380055,48.83798966657866
49,1,98,294.460296119467,2.407205351222084,48.837991769375975
50,1,99,292.43551189920487,2.407614163111438,48.83799387072375
51,1,100,290.41072767894275,2.4080229750480826,48.83799597062198
52,1,101,288.3859434586806,2.408431787031986,48.837998069070665
53,1,102,286.36115923841845,2.4088405990631157,48.83800016606981
54,1,103,284.8798400516241,2.4092494111414395,48.838002261619394
55,1,104,286.2830360112339,2.4096582232669235,48.83800435571945
56,1,105,289.8728953707262,2.4100670354395364,48.83800644836995
57,1,106,293.54082124726176,2.4104758476592436,48.83800853957089
58,1,107,297.2087471237973,2.410884659926015,48.83801062932231
59,1,108,300.87667300033286,2.4112934722398163,48.83801271762416
60,1,109,304.5445988768684,2.4117022846006155,48.83801480447648
61,1,110,308.21252475340395,2.41211109700838,48.838016889879235
62,1,111,312.0300932788168,2.4125199094630765,48.83801897383245
63,1,112,318.0032821808157,2.412928721964673,48.8380210563361
64,1,113,326.6144173123627,2.413337534513137,48.838023137390216
65,1,114,336.2021137664874,2.413746347108435,48.83802521699478
66,1,115,345.7898102206121,2.414155159750536,48.838027295149786
67,2,58,347.9314774384246,2.390849642529364,48.838176387685785
68,2,59,338.928318888996,2.3912584546960614,48.83817854703539
69,2,60,329.940025228106,2.3916672669113552,48.83818070493547
70,2,61,322.48865984144857,2.3920760791752147,48.83818286138599
71,2,62,317.706548886144,2.3924848914876056,48.83818501638698
72,2,63,315.71500864538274,2.392893703848496,48.838187169938436
73,2,64,315.8473391667693,2.393302516257853,48.83818932204033
74,2,65,316.09872698840394,2.393711328715645,48.83819147269269
75,2,66,316.35011481003863,2.3941201412218382,48.8381936218955
76,2,67,316.60150263167327,2.3945289537764003,48.83819576964876
77,2,68,316.85289045330796,2.394937766379299,48.8381979159525
78,2,69,317.1042782749426,2.3953465790305013,48.83820006080667
79,2,70,317.3556660965773,2.3957553917299745,48.838202204211306
80,2,71,317.60705391821193,2.396164204477686,48.83820434616639
81,2,72,316.42411824666294,2.396573017273604,48.83820648667193
82,2,73,314.85763071567703,2.396981830117695,48.83820862572792
83,2,74,313.29114318469107,2.397390643009926,48.83821076333436
84,2,75,311.72465565370516,2.397799455950265,48.83821289949126
85,2,76,310.15816812271925,2.39820826893868,48.838215034198605
86,2,77,308.5916805917333,2.3986170819751376,48.83821716745639
87,2,78,307.02519306074737,2.399025895059605,48.838219299264644
88,2,79,305.45870552976146,2.3994347081920497,48.83822142962335
89,2,80,303.89221799877555,2.3998435213724396,48.838223558532505
90,2,81,302.3257304677896,2.400252334600742,48.8382256859921
91,2,82,300.7592429368037,2.400661147876923,48.838227812002145
92,2,83,299.19275540581776,2.4010699612009514,48.83822993656264
93,2,84,297.62626787483185,2.4014787745727944,48.83823205967359
94,2,85,295.91629743434095,2.401887587992419,48.838234181334975
95,2,86,293.3603045583774,2.4022964014597927,48.838236301546814
96,2,87,290.80431168241375,2.4027052149748824,48.838238420309104
97,2,88,288.24831880645013,2.4031140285376558,48.83824053762184
98,2,89,285.6923259304865,2.4035228421480808,48.83824265348502
99,2,90,283.13633305452294,2.4039316558061246,48.838244767898644
100,2,91,280.5803401785593,2.4043404695117543,48.83824688086271
101,2,92,278.02434730259574,2.4047492832649366,48.838248992377224
102,2,93,275.4683544266321,2.40515809706564,48.838251102442186
103,2,94,272.9123615506685,2.405566910913832,48.83825321105759
104,2,95,270.6030559582638,2.4059757248094784,48.83825531822344
105,2,96,268.57827173800166,2.4063845387525484,48.83825742393973
106,2,97,266.55348751773954,2.4067933527430077,48.83825952820646
107,2,98,264.5287032974774,2.4072021667808254,48.83826163102363
108,2,99,262.5039190772153,2.4076109808659676,48.83826373239124
109,2,100,260.4791348569531,2.408019794998402,48.838265832309304
110,2,101,258.454350636691,2.4084286091780966,48.8382679307778
111,2,102,256.4295664164288,2.4088374234050174,48.838270027796746
112,2,103,254.88039733697568,2.4092462376791333,48.83827212336614
113,2,104,256.447792711548,2.4096550520004105,48.838274217485946
114,2,105,260.09796766696445,2.410063866368817,48.83827631015622
115,2,106,263.7658935435,2.4104726807843204,48.83827840137691
116,2,107,267.43381942003555,2.4108814952468878,48.83828049114805
117,2,108,271.1017452965711,2.4112903097564855,48.83828257946962
118,2,109,274.76967117310664,2.4116991243130825,48.83828466634163
119,2,110,278.4375970496422,2.4121079389166455,48.838286751764095
120,2,111,282.4203001441164,2.4125167535671417,48.838288835736975
121,2,112,289.00611464063724,2.4129255682645385,48.8382909182603
122,2,113,298.1877383522105,2.413334383008804,48.838292999334065
123,2,114,307.7754348063351,2.4137431977999046,48.83829507895826
124,2,115,317.36313126045974,2.4141520126378078,48.83829715713289
125,2,116,326.9508277145844,2.414560827522482,48.83829923385796
126,2,117,336.55807804373165,2.4149696424538933,48.838301309133456
127,2,118,347.6073309536383,2.4153784574320096,48.838303382959396
128,3,55,347.6686554719252,2.389619927413143,48.83843976170833
129,3,56,338.1954215177005,2.390028741629634,48.838441925427
130,3,57,328.72218756347576,2.390437555894821,48.83844408769611
131,3,58,319.3142949053056,2.390846370208672,48.83844624851567
132,3,59,310.31113635587695,2.3912551845711536,48.83844840788568
133,3,60,301.3079778064483,2.3916639989822333,48.83845056580613
134,3,61,293.18847964925067,2.3920728134418794,48.83845272227701
135,3,62,287.9201279484457,2.392481627950058,48.838454877298346
136,3,63,285.7210450013433,2.392890442506737,48.83845703087014
137,3,64,285.84839244920715,2.3932992571118836,48.83845918299235
138,3,65,286.0997802708418,2.3937080717654657,48.838461333665016
139,3,66,286.3511680924765,2.39411688646745,48.83846348288813
140,3,67,286.6025559141111,2.3945257012178045,48.83846563066168
141,3,68,286.8539437357458,2.394934516016496,48.838467776985674
142,3,69,287.10533155738045,2.395343330863492,48.838469921860096
143,3,70,287.35671937901515,2.3957521457587605,48.83847206528496
144,3,71,287.6081072006498,2.396160960702268,48.838474207260276
145,3,72,286.4650442153237,2.3965697756939828,48.83847634778602
146,3,73,284.89855668433773,2.3969785907338714,48.838478486862215
147,3,74,283.3320691533518,2.397387405821901,48.83848062448885
148,3,75,281.7655816223659,2.39779622095804,48.83848276066591
149,3,76,280.19909409137995,2.3982050361422553,48.83848489539342
150,3,77,278.63260656039404,2.398613851374514,48.838487028671366
151,3,78,277.0661190294081,2.399022666654784,48.83848916049973
152,3,79,275.4996314984222,2.3994314819830316,48.83849129087856
153,3,80,273.93314396743625,2.3998402973592254,48.838493419807804
154,3,81,272.36665643645034,2.400249112783333,48.838495547287486
155,3,82,270.80016890546443,2.4006579282553204,48.83849767331761
156,3,83,269.2336813744785,2.401066743775156,48.838499797898166
157,3,84,267.66719384349256,2.4014755593428063,48.838501921029156
158,3,85,266.0253807468584,2.401884374958239,48.83850404271058
159,3,86,263.4693878708948,2.4022931906214224,48.83850616294245
160,3,87,260.9133949949312,2.402702006332323,48.838508281724735
161,3,88,258.35740211896757,2.403110822090908,48.83851039905746
162,3,89,255.80140924300395,2.4035196378971455,48.83851251494062
163,3,90,253.24541636704038,2.403928453751002,48.83851462937421
164,3,91,250.68942349107678,2.4043372696524457,48.83851674235824
165,3,92,248.13343061511316,2.4047460856014435,48.83851885389269
166,3,93,245.57743773914956,2.4051549015979625,48.838520963977565
167,3,94,243.02144486318593,2.405563717641971,48.83852307261289
168,3,95,240.67146313627424,2.405972533733436,48.83852517979862
169,3,96,238.64667891601212,2.4063813498723245,48.838527285534795
170,3,97,236.62189469574997,2.4067901660586037,48.838529389821396
171,3,98,234.59711047548785,2.4071989822922415,48.83853149265843
172,3,99,232.5723262552257,2.407607798573205,48.83853359404589
173,3,100,230.54754203496356,2.408016614901462,48.83853569398378
174,3,101,228.52275781470144,2.4084254312769797,48.83853779247209
175,3,102,226.4979735944393,2.408834247699725,48.83853988951083
176,3,103,224.8811033089936,2.4092430641696656,48.83854198510001
177,3,104,226.6551140866671,2.4096518806867686,48.8385440792396
178,3,105,230.32303996320266,2.410060697251002,48.83854617192961
179,3,106,233.9909658397382,2.4104695138623327,48.838548263170054
180,3,107,237.65889171627376,2.410878330520729,48.83855035296093
181,3,108,241.32681759280928,2.4112871472261563,48.83855244130222
182,3,109,244.99474346934483,2.4116959639785835,48.83855452819395
183,3,110,248.66266934588037,2.4121047807779776,48.83855661363609
184,3,111,252.9024965384851,2.4125135976243057,48.838558697628656
185,3,112,260.2363946906405,2.412922414517536,48.83856078017164
186,3,113,269.76105939205814,2.413331231457635,48.83856286126505
187,3,114,279.34875584618277,2.413740048444571,48.838564940908896
188,3,115,288.93645230030745,2.4141488654783103,48.83856701910314
189,3,116,298.52414875443213,2.414557682558821,48.838569095847824
190,3,117,308.39513794044336,2.414966499686069,48.83857117114292
191,3,118,320.4170372210672,2.4153753168600245,48.83857324498844
192,3,119,334.7037412066803,2.4157841340806523,48.83857531738438
193,4,52,347.6233289936944,2.388390199511964,48.83870312254942
194,4,53,338.15009503946965,2.388799015777983,48.83870529063722
195,4,54,328.6768610852449,2.3892078320927967,48.83870745727545
196,4,55,319.20362713102026,2.389616648456373,48.83870962246412
197,4,56,309.73039317679553,2.3900254648686783,48.83871178620322
198,4,57,300.25715922257075,2.3904342813296813,48.838713948492746
199,4,58,290.783925268346,2.3908430978393485,48.838716109332715
200,4,59,281.69395382275803,2.3912519143976474,48.838718268723106
201,4,60,272.69079527332934,2.3916607310045457,48.838720426663926
202,4,61,264.04551401556625,2.392069547660011,48.838722583155175
203,4,62,258.18316937894093,2.3924783643640093,48.838724738196866
204,4,63,255.72849749170547,2.3928871811165098,48.83872689178898
205,4,64,255.84944573164498,2.3932959979174786,48.83872904393153
206,4,65,256.10083355327964,2.3937048147668833,48.8387311946245
207,4,66,256.35222137491434,2.3941136316646916,48.8387333438679
208,4,67,256.603609196549,2.394522448610871,48.83873549166173
209,4,68,256.85499701818367,2.394931265605388,48.83873763800598
210,4,69,257.1063848398183,2.3953400826482114,48.83873978290066
211,4,70,257.357772661453,2.3957488997393073,48.838741926345776
212,4,71,257.6091604830876,2.396157716878643,48.83874406834131
213,4,72,256.5059701839844,2.3965665340661872,48.83874620888728
214,4,73,254.9394826529985,2.396975351301906,48.83874834798366
215,4,74,253.37299512201255,2.3973841685857673,48.83875048563048
216,4,75,251.80650759102664,2.3977929859177385,48.83875262182771
217,4,76,250.2400200600407,2.3982018032977863,48.838754756575376
218,4,77,248.6735325290548,2.3986106207258793,48.83875688987346
219,4,78,247.10704499806886,2.3990194382019845,48.83875902172197
220,4,79,245.54055746708292,2.399428255726068,48.8387611521209
221,4,80,243.97406993609707,2.399837073298099,48.83876328107025
222,4,81,242.40758240511113,2.4002458909180437,48.838765408570026
223,4,82,240.8410948741252,2.4006547085858694,48.838767534620224
224,4,83,239.27460734313928,2.4010635263015443,48.838769659220844
225,4,84,237.70811981215334,2.401472344065035,48.838771782371886
226,4,85,236.13446405937577,2.40188116187631,48.83877390407335
227,4,86,233.57847118341218,2.402289979735335,48.83877602432522
228,4,87,231.02247830744855,2.4026987976420786,48.83877814312752
229,4,88,228.46648543148498,2.403107615596508,48.83878026048024
230,4,89,225.91049255552136,2.4035164335985906,48.83878237638338
231,4,90,223.35449967955776,2.403925251648293,48.83878449083693
232,4,91,220.79850680359414,2.4043340697455835,48.8387866038409
233,4,92,218.24251392763054,2.404742887890429,48.838788715395296
234,4,93,215.68652105166697,2.4051517060827967,48.8387908255001
235,4,94,213.13052817570335,2.4055605243226545,48.83879293415532
236,4,95,210.7398703142847,2.4059693426099695,48.838795041360974
237,4,96,208.71508609402255,2.4063781609447092,48.83879714711702
238,4,97,206.6903018737604,2.406786979326841,48.838799251423495
239,4,98,204.66551765349828,2.407195797756332,48.838801354280385
240,4,99,202.64073343323614,2.4076046162331495,48.83880345568768
241,4,100,200.615949212974,2.4080134347572613,48.83880555564539
242,4,101,198.59116499271187,2.408422253328635,48.83880765415352
243,4,102,196.56638077244972,2.408831071947237,48.838809751212075
244,4,103,194.88202663223183,2.409239890613035,48.838811846821024
245,4,104,196.88018638290535,2.409648709325997,48.838813940980394
246,4,105,200.54811225944084,2.4100575280860896,48.83881603369017
247,4,106,204.21603813597642,2.4104663468932808,48.838818124950365
248,4,107,207.88396401251197,2.4108751657475374,48.83882021476097
249,4,108,211.55188988904752,2.4112839846488274,48.83882230312198
250,4,109,215.21981576558304,2.4116928035971177,48.838824390033416
251,4,110,218.88774164211858,2.4121016225923757,48.83882647549524
252,4,111,223.513130659709,2.412510441634569,48.83882855950748
253,4,112,231.74668397778117,2.412919260723665,48.83883064207014
254,4,113,241.33438043190586,2.4133280798596304,48.83883272318321
255,4,114,250.9220768860305,2.4137368990424335,48.83883480284668
256,4,115,260.50977334015516,2.414145718272041,48.83883688106055
257,4,116,270.0974697942798,2.4145545375484208,48.83883895782484
258,4,117,280.61322547969763,2.41496335687154,48.838841033139545
259,4,118,293.7742312564894,2.415372176241366,48.83884310700463
260,4,119,309.2940600570321,2.4157809956578657,48.83884517942014
261,4,120,326.83685872738505,2.4161898151210073,48.83884725038606
262,4,121,346.0951442291647,2.4165986346307573,48.83884931990237
263,5,49,347.5780025154636,2.3871604588264406,48.838966470208675
264,5,50,338.10476856123887,2.3875692771417203,48.838968642665684
265,5,51,328.63153460701415,2.387978095505894,48.838970813673114
266,5,52,319.1583006527894,2.388386913918928,48.83897298323097
267,5,53,309.6850666985647,2.3887957323807916,48.83897515133925
268,5,54,300.21183274434,2.3892045508914506,48.83897731799793
269,5,55,290.73859879011525,2.3896133694508728,48.838979483207034
270,5,56,281.2653648358905,2.3900221880590258,48.83898164696657
271,5,57,271.7921308816658,2.3904310067158767,48.83898380927651
272,5,58,262.3188969274411,2.390839825421393,48.83898597013689
273,5,59,253.07677128963903,2.391248644175542,48.83898812954767
274,5,60,244.0736127402104,2.391657462978291,48.83899028750887
275,5,61,235.11823056592223,2.3920662818296083,48.838992444020484
276,5,62,228.51498380469596,2.39247510072946,48.83899459908251
277,5,63,225.73793057895867,2.3928839196778138,48.838996752694975
278,5,64,225.85049901408283,2.3932927386746377,48.83899890485784
279,5,65,226.1018868357175,2.3937015577198983,48.83900105557111
280,5,66,226.35327465735216,2.394110376813563,48.83900320483481
281,5,67,226.6046624789868,2.3945191959555996,48.83900535264891
282,5,68,226.85605030062146,2.3949280151459753,48.839007499013434
283,5,69,227.10743812225613,2.3953368343846577,48.83900964392837
284,5,70,227.3588259438908,2.3957456536716135,48.83901178739372
285,5,71,227.61021376552546,2.396154473006811,48.83901392940949
286,5,72,226.54689615264513,2.396563292390217,48.83901606997566
287,5,73,224.98040862165922,2.396972111821799,48.839018209092245
288,5,74,223.41392109067334,2.397380931301524,48.83902034675925
289,5,75,221.8474335596874,2.3977897508293595,48.83902248297665
290,5,76,220.2809460287015,2.3981985704052735,48.83902461774447
291,5,77,218.71445849771555,2.398607390029233,48.839026751062704
292,5,78,217.14797096672964,2.3990162097012058,48.83902888293133
293,5,79,215.5814834357437,2.399425029421158,48.83903101335039
294,5,80,214.0149959047578,2.399833849189058,48.839033142319835
295,5,81,212.44850837377186,2.400242669004873,48.839035269839705
296,5,82,210.88202084278595,2.40065148886857,48.839037395909976
297,5,83,209.3155333118,2.401060308780117,48.83903952053066
298,5,84,207.74904578081407,2.4014691287394814,48.83904164370174
299,5,85,206.1825582498282,2.4018779487466295,48.83904376542324
300,5,86,203.68755449592962,2.4022867688015297,48.839045885695135
301,5,87,201.13156161996602,2.402695588904149,48.83904800451745
302,5,88,198.5755687440024,2.403104409054455,48.83905012189016
303,5,89,196.01957586803883,2.403513229252415,48.83905223781327
304,5,90,193.4635829920752,2.4039220494979965,48.83905435228679
305,5,91,190.9075901161116,2.4043308697911656,48.83905646531072
306,5,92,188.35159724014798,2.4047396901318914,48.83905857688505
307,5,93,185.79560436418438,2.405148510520141,48.83906068700978
308,5,94,183.2396114882208,2.405557330955881,48.83906279568492
309,5,95,180.80827749229513,2.405966151439079,48.83906490291045
310,5,96,178.78349327203296,2.4063749719697025,48.83906700868639
311,5,97,176.75870905177084,2.4067837925477193,48.83906911301273
312,5,98,174.73392483150872,2.4071926131730956,48.83907121588948
313,5,99,172.70914061124657,2.4076014338457994,48.83907331731662
314,5,100,170.68435639098442,2.408010254565799,48.83907541729417
315,5,101,168.6595721707223,2.408419075333061,48.839077515822105
316,5,102,166.63478795046015,2.4088278961475527,48.83907961290045
317,5,103,164.88328594221304,2.409236717009241,48.83908170852919
318,5,104,167.10525867914353,2.409645537918094,48.839083802708345
319,5,105,170.77318455567908,2.4100543588740786,48.839085895437876
320,5,106,174.44111043221463,2.410463179877163,48.839087986717814
321,5,107,178.10903630875015,2.4108720009273137,48.83909007654815
322,5,108,181.77696218528573,2.411280822024498,48.83909216492889
323,5,109,185.44488806182125,2.4116896431686836,48.83909425186002
324,5,110,189.1128139383568,2.412098464359839,48.83909633734154
325,5,111,194.31048967878655,2.412507285597929,48.83909842137347
326,5,112,203.3200050176289,2.4129161068829235,48.839100503955784
327,5,113,212.9077014717535,2.4133249282147884,48.83910258508849
328,5,114,222.4953979258782,2.4137337495934914,48.839104664771604
329,5,115,232.08309438000285,2.4141425710189997,48.8391067430051
330,5,116,241.7033034253204,2.4145513924912816,48.839108819789
331,5,117,253.33772621331818,2.4149602140103035,48.8391108951233
332,5,118,267.842341983406,2.4153690355760333,48.839112969007985
333,5,119,284.7789261784964,2.4157778571884374,48.83911504144306
334,5,120,303.7409314392763,2.4161866788474846,48.83911711242852
335,5,121,324.37334981132597,2.4165955005531417,48.83911918196438
336,5,122,346.3778091968978,2.4170043223053748,48.83912125005063
337,6,46,347.5326760372328,2.3859307053571825,48.83922980468574
338,6,47,338.0594420830081,2.386339525721457,48.83923198151204
339,6,48,328.58620812878337,2.3867483461347234,48.83923415688874
340,6,49,319.11297417455864,2.38715716659695,48.839236330815865
341,6,50,309.63974022033386,2.3875659871081036,48.83923850329338
342,6,51,300.16650626610914,2.3879748076681526,48.839240674321324
343,6,52,290.6932723118844,2.3883836282770634,48.839242843899655
344,6,53,281.2200383576597,2.388792448934804,48.8392450120284
345,6,54,271.74680440343496,2.389201269641341,48.839247178707545
346,6,55,262.2735704492103,2.389610090396642,48.839249343937105
347,6,56,252.8003364949855,2.390018911200675,48.839251507717066
348,6,57,243.3271025407608,2.390427732053407,48.83925367004743
349,6,58,233.85386858653607,2.3908365529548052,48.839255830928195
350,6,59,224.45958875652005,2.391245373904837,48.83925799035937
351,6,60,215.45643020709142,2.3916541949034698,48.839260148340955
352,6,61,206.45327165766275,2.3920630159506713,48.83926230487293
353,6,62,198.94634124800086,2.392471837046408,48.83926445995532
354,6,63,195.7502545969642,2.3928806581906485,48.8392666135881
355,6,64,195.85155229652065,2.3932894793833595,48.83926876577129
356,6,65,196.10294011815532,2.3936983006245085,48.83927091650487
357,6,66,196.35432793978995,2.394107121914062,48.839273065788866
358,6,67,196.60571576142462,2.394515943251989,48.83927521362326
359,6,68,196.85710358305928,2.394924764638256,48.83927736000804
360,6,69,197.10849140469395,2.39533358607283,48.839279504943235
361,6,70,197.35987922632862,2.3957424075556784,48.83928164842883
362,6,71,197.61126704796325,2.39615122908677,48.83928379046482
363,6,72,196.58782212130592,2.3965600506660705,48.839285931051194
364,6,73,195.02133459032,2.396968872293548,48.83928807018798
365,6,74,193.45484705933407,2.3973776939691698,48.83929020787516
366,6,75,191.88835952834816,2.397786515692903,48.839292344112735
367,6,76,190.32187199736222,2.398195337464715,48.83929447890072
368,6,77,188.7553844663763,2.3986041592845737,48.83929661223909
369,6,78,187.18889693539037,2.3990129811524468,48.83929874412785
370,6,79,185.62240940440446,2.3994218030682997,48.83930087456703
371,6,80,184.05592187341855,2.399830625032102,48.83930300355658
372,6,81,182.48943434243262,2.4002394470438198,48.83930513109653
373,6,82,180.9229468114467,2.400648269103421,48.83930725718688
374,6,83,179.35645928046077,2.4010570912108724,48.839309381827626
375,6,84,177.78997174947483,2.4014659133661422,48.839311505018756
376,6,85,176.22348421848892,2.4018747355691974,48.839313626760294
377,6,86,173.79663780844703,2.402283557820005,48.839315747052204
378,6,87,171.24064493248346,2.4026923801185327,48.839317865894515
379,6,88,168.68465205651987,2.403101202464748,48.83931998328722
380,6,89,166.12865918055624,2.403510024858618,48.83932209923032
381,6,90,163.57266630459264,2.4039188473001105,48.839324213723806
382,6,91,161.01667342862902,2.4043276697891924,48.83932632676769
383,6,92,158.46068055266545,2.404736492325831,48.83932843836195
384,6,93,155.90468767670185,2.405145314909994,48.83933054850662
385,6,94,153.34869480073823,2.4055541375416487,48.83933265720165
386,6,95,150.87668467030556,2.4059629602207626,48.83933476444709
387,6,96,148.8519004500434,2.4063717829473026,48.83933687024292
388,6,97,146.82711622978127,2.406780605721236,48.839338974589126
389,6,98,144.80233200951915,2.407189428542532,48.83934107748572
390,6,99,142.777547789257,2.407598251411155,48.83934317893271
391,6,100,140.75276356899485,2.4080070743270747,48.83934527893009
392,6,101,138.7279793487327,2.4084158972902574,48.83934737747784
393,6,102,136.70319512847055,2.4088247203006707,48.83934947457599
394,6,103,134.8851054116697,2.4092335433582823,48.83935157022452
395,6,104,137.33033097538174,2.409642366463059,48.83935366442344
396,6,105,140.9982568519173,2.410051189614969,48.83935575717274
397,6,106,144.66618272845284,2.410460012813978,48.839357848472424
398,6,107,148.33410860498836,2.410868836060055,48.83935993832249
399,6,108,152.0020344815239,2.4112776593531673,48.839362026722945
400,6,109,155.66996035805946,2.4116864826932813,48.839364113673774
401,6,110,159.337886234595,2.412095306080365,48.839366199175
402,6,111,165.39351021462565,2.412504129514386,48.8393682832266
403,6,112,174.8933260574766,2.412912952995311,48.83937036582858
404,6,113,184.48102251160122,2.413321776523108,48.83937244698095
405,6,114,194.0687189657259,2.4137306000977437,48.83937452668369
406,6,115,203.65641541985053,2.414139423719186,48.839376604936824
407,6,116,213.67430377920277,2.4145482473874025,48.83937868174032
408,6,117,226.75146026376257,2.4149570711023594,48.83938075709422
409,6,118,242.84921529206218,2.415365894864025,48.83938283099848
410,6,119,261.4101337060062,2.4157747186723673,48.83938490345312
411,6,120,281.9481772248469,2.416183542527352,48.83938697445815
412,6,121,304.0629725511401,2.4165923664289477,48.839389044013544
413,6,122,327.4351965089536,2.4170011903771216,48.83939111211933
414,7,43,347.48914057105424,2.384700939104803,48.83949312598026
415,7,44,338.01411560477726,2.3851097615178047,48.839495307175916
416,7,45,328.54088165055254,2.3855185839798976,48.839497486921985
417,7,46,319.06764769632787,2.38592740649105,48.83949966521844
418,7,47,309.5944137421031,2.3863362290512278,48.839501842065296
419,7,48,300.12117978787836,2.3867450516604,48.839504017462545
420,7,49,290.64794583365364,2.3871538743185323,48.839506191410194
421,7,50,281.1747118794289,2.3875626970255936,48.839508363908216
422,7,51,271.7014779252042,2.38797151978155,48.83951053495666
423,7,52,262.22824397097946,2.388380342586369,48.839512704555474
424,7,53,252.7550100167547,2.3887891654400195,48.83951487270469
425,7,54,243.28177606252999,2.389197988342467,48.839517039404306
426,7,55,233.80854210830526,2.38960681129368,48.8395192046543
427,7,56,224.33530815408054,2.3900156342936256,48.8395213684547
428,7,57,214.86207419985584,2.3904244573422706,48.83952353080548
429,7,58,205.3888402456311,2.3908332804395833,48.83952569170665
430,7,59,195.91560629140636,2.3912421035855305,48.83952785115821
431,7,60,186.83924767397244,2.3916509267800796,48.83953000916017
432,7,61,177.83608912454378,2.3920597500231984,48.839532165712505
433,7,62,169.52933542213736,2.3924685733148534,48.83953432081524
434,7,63,165.7670384831733,2.3928773966550128,48.83953647446836
435,7,64,165.85260557895847,2.393286220043643,48.839538626671875
436,7,65,166.10399340059314,2.393695043480713,48.83954077742577
437,7,66,166.3553812222278,2.394103866966189,48.839542926730054
438,7,67,166.60676904386247,2.3945126905000382,48.83954507458473
439,7,68,166.85815686549714,2.3949215140822284,48.839547220989786
440,7,69,167.10954468713177,2.3953303377127275,48.83954936594522
441,7,70,167.36093250876644,2.3957391613915022,48.839551509451056
442,7,71,167.6123203304011,2.3961479851185192,48.83955365150726
443,7,72,166.62874808996665,2.396556808893747,48.83955579211386
444,7,73,165.06226055898077,2.3969656327171527,48.839557931270846
445,7,74,163.49577302799483,2.397374456588704,48.839560068978216
446,7,75,161.92928549700892,2.397783280508367,48.839562205235964
447,7,76,160.36279796602298,2.3981921044761103,48.8395643400441
448,7,77,158.79631043503707,2.398600928491901,48.83956647340262
449,7,78,157.22982290405113,2.399009752555706,48.83956860531151
450,7,79,155.6633353730652,2.3994185766674936,48.8395707357708
451,7,80,154.09684784207928,2.3998274008272302,48.83957286478046
452,7,81,152.53036031109335,2.4002362250348837,48.8395749923405
453,7,82,150.96387278010744,2.4006450492904214,48.839577118450926
454,7,83,149.3973852491215,2.4010538735938103,48.83957924311173
455,7,84,147.8308977181356,2.4014626979450187,48.83958136632291
456,7,85,146.26441018714968,2.401871522344013,48.83958348808447
457,7,86,143.9057211209645,2.4022803467907603,48.83958560839641
458,7,87,141.3497282450009,2.402689171285229,48.83958772725874
459,7,88,138.79373536903728,2.4030979958273866,48.83958984467143
460,7,89,136.23774249307368,2.4035068204171997,48.83959196063451
461,7,90,133.68174961711009,2.4039156450546355,48.839594075147964
462,7,91,131.12575674114646,2.4043244697396617,48.839596188211786
463,7,92,128.5697638651829,2.404733294472246,48.839598299825994
464,7,93,126.01377098921928,2.4051421192523557,48.839600409990574
465,7,94,123.45777811325567,2.4055509440799576,48.83960251870553
466,7,95,120.94509184831597,2.40595976895502,48.839604625970864
467,7,96,118.92030762805383,2.406368593877509,48.839606731786574
468,7,97,116.89552340779169,2.406777418847393,48.83960883615265
469,7,98,114.87073918752954,2.4071862438646394,48.83961093906911
470,7,99,112.84595496726742,2.4075950689292145,48.839613040535944
471,7,100,110.82117074700527,2.408003894041087,48.83961514055315
472,7,101,108.79638652674313,2.4084127192002236,48.83961723912072
473,7,102,106.77160230648099,2.4088215444065915,48.83961933623867
474,7,103,104.88796566209545,2.4092303696601585,48.83962143190699
475,7,104,107.55540327161995,2.4096391949608913,48.83962352612568
476,7,105,111.2233291481555,2.410048020308758,48.83962561889474
477,7,106,114.89125502469103,2.4104568457037256,48.839627710214174
478,7,107,118.55918090122658,2.410865671145763,48.839629800083976
479,7,108,122.22710677776212,2.4112744966348343,48.839631888504144
480,7,109,125.89503265429767,2.4116833221709095,48.83963397547469
481,7,110,129.576817667501,2.412092147753955,48.8396360609956
482,7,111,136.87895064319963,2.4125009733839384,48.83963814506688
483,7,112,146.46664709732428,2.4129097990608273,48.83964022768853
484,7,113,156.05434355144894,2.4133186247845884,48.83964230886054
485,7,114,165.64204000557356,2.4137274505551893,48.83964438858292
486,7,115,175.22973645969824,2.4141362763725978,48.839646466855676
487,7,116,186.2603803935275,2.414545102236781,48.8396485436788
488,7,117,201.1279342621587,2.414953928147707,48.83965061905228
489,7,118,219.11632202276695,2.4153627541053413,48.839652692976124
490,7,119,239.52344188618903,2.4157715801096535,48.83965476545034
491,7,120,261.78425439515695,2.416180406160609,48.83965683647491
492,7,121,285.46543133179875,2.4165892322581763,48.839658906049856
493,7,122,310.2418880835913,2.416998058402323,48.83966097417517
494,7,123,335.8713232145508,2.417406884593015,48.83966304085084
495,8,41,342.14041629759714,2.383879984531375,48.839758619656976
496,8,42,330.5194905335407,2.3842888090420287,48.83976080377248
497,8,43,319.1980047615543,2.384697633601839,48.83976298643835
498,8,44,309.54908726387225,2.3851064582107746,48.83976516765461
499,8,45,300.0758533096475,2.385515282868803,48.83976734742125
500,8,46,290.60261935542286,2.385924107575891,48.839769525738284
501,8,47,281.12938540119814,2.3863329323320057,48.839771702605695
502,8,48,271.6561514469734,2.386741757137115,48.839773878023486
503,8,49,262.1829174927487,2.3871505819911865,48.83977605199165
504,8,50,252.7096835385239,2.3875594068941868,48.8397782245102
505,8,51,243.23644958429918,2.387968231846084,48.83978039557913
506,8,52,233.76321563007446,2.3883770568468448,48.83978256519844
507,8,53,224.28998167584976,2.388785881896437,48.839784733368134
508,8,54,214.81674772162503,2.3891947069948287,48.8397869000882
509,8,55,205.34351376740028,2.3896035321419853,48.839789065358644
510,8,56,195.87027981317556,2.390012357337876,48.83979122917947
511,8,57,186.39704585895083,2.3904211825824673,48.83979339155067
512,8,58,176.9238119047261,2.390830007875727,48.839795552472246
513,8,59,167.45057795050138,2.391238833217622,48.8397977119442
514,8,60,158.2220651408535,2.39164765860812,48.83979986996654
515,8,61,149.2189065914248,2.3920564840471883,48.83980202653924
516,8,62,140.35934041372917,2.3924653095347943,48.83980418166233
517,8,63,135.7912365367788,2.3928741350709055,48.83980633533578
518,8,64,135.85365886139633,2.3932829606554886,48.8398084875596
519,8,65,136.105046683031,2.3936917862885116,48.83981063833381
520,8,66,136.35643450466566,2.394100611969942,48.839812787658396
521,8,67,136.60782232630032,2.3945094376997464,48.83981493553334
522,8,68,136.85921014793496,2.3949182634778934,48.83981708195867
523,8,69,137.11059796956962,2.3953270893043492,48.83981922693436
524,8,70,137.3619857912043,2.3957359151790816,48.839821370460434
525,8,71,137.61337361283896,2.396144741102058,48.83982351253688
526,8,72,136.6696740586274,2.3965535670732456,48.83982565316368
527,8,73,135.1031865276415,2.3969623930926125,48.83982779234086
528,8,74,133.53669899665556,2.397371219160125,48.83982993006842
529,8,75,131.97021146566965,2.397780045275751,48.83983206634635
530,8,76,130.4037239346837,2.398188871439458,48.83983420117463
531,8,77,128.8372364036978,2.3985976976512133,48.8398363345533
532,8,78,127.27074887271186,2.3990065239109843,48.83983846648232
533,8,79,125.70426134172594,2.399415350218738,48.83984059696172
534,8,80,124.13777381074004,2.3998241765744415,48.839842725991495
535,8,81,122.57128627975412,2.400233002978063,48.83984485357162
536,8,82,121.00479874876818,2.40064182942957,48.839846979702116
537,8,83,119.43831121778226,2.401050655928929,48.83984910438298
538,8,84,117.87182368679633,2.401459482476108,48.83985122761421
539,8,85,116.30533615581041,2.401868309071074,48.83985334939582
540,8,86,114.01480443348193,2.4022771357137946,48.83985546972778
541,8,87,111.45881155751835,2.402685962404237,48.839857588610094
542,8,88,108.90281868155473,2.403094789142369,48.83985970604279
543,8,89,106.34682580559112,2.4035036159281575,48.839861822025846
544,8,90,103.79083292962754,2.4039124427615697,48.83986393655926
545,8,91,101.23484005366393,2.4043212696425735,48.83986604964305
546,8,92,98.67884717770033,2.404730096571136,48.83986816127719
547,8,93,96.12285430173672,2.4051389235472245,48.8398702714617
548,8,94,93.56686142577313,2.4055477505708067,48.839872380196574
549,8,95,91.01589239717332,2.4059565776418497,48.8398744874818
550,8,96,88.98871480606425,2.406365404760321,48.8398765933174
551,8,97,86.96393058580212,2.4067742319261876,48.83987869770334
552,8,98,84.93914636553997,2.407183059139417,48.839880800639655
553,8,99,82.91436214527783,2.407591886399977,48.83988290212633
554,8,100,80.8895779250157,2.408000713707835,48.839885002163356
555,8,101,78.86479370475357,2.408409541062958,48.83988710075075
556,8,102,76.84000948449142,2.408818368465313,48.839889197888496
557,8,103,74.89311730425284,2.4092271959148683,48.839891293576606
558,8,104,77.78047556785816,2.4096360234115903,48.83989338781507
559,8,105,81.4484014443937,2.410044850955447,48.83989548060391
560,8,106,85.11632732092924,2.4104536785464057,48.83989757194308
561,8,107,88.78425319746479,2.4108625061844338,48.83989966183262
562,8,108,92.45217907400034,2.4112713338694984,48.8399017502725
563,8,109,96.12010495053586,2.411680161601567,48.83990383726277
564,8,110,99.94297623516358,2.412088989380607,48.83990592280336
565,8,111,108.45227168304733,2.4124978172065856,48.83990800689431
566,8,112,118.03996813717198,2.4129066450794707,48.839910089535636
567,8,113,127.62766459129661,2.413315472999229,48.8399121707273
568,8,114,137.21536104542128,2.413724300965828,48.83991425046932
569,8,115,146.86604058438567,2.4141331289792354,48.83991632876169
570,8,116,159.77844195371318,2.4145419570394187,48.839918405604415
571,8,117,176.88602870034072,2.4149507851463445,48.839920480997506
572,8,118,197.09942614223777,2.415359613299981,48.83992255494093
573,8,119,219.5625205307616,2.4157684415002953,48.83992462743472
574,8,120,243.6538878369126,2.416177269747254,48.83992669847884
575,8,121,268.9363004398336,2.416586098040826,48.839928768073335
576,8,122,295.10379585916223,2.416994926380977,48.839930836218166
577,8,123,321.94062646194214,2.4174037547676757,48.839932902913354
578,9,40,326.1035387434888,2.383467847929929,48.84002629447524
579,9,41,314.4826129794323,2.383876674587356,48.84002848006098
580,9,42,302.86168721537587,2.3842855012939737,48.8400306641971
581,9,43,291.2490852735928,2.3846943280497506,48.84003284688359
582,9,44,281.0840589229673,2.3851031548546526,48.84003502812044
583,9,45,271.6108249687426,2.385511981708648,48.84003720790768
584,9,46,262.1375910145179,2.3859208086117047,48.84003938624526
585,9,47,252.6643570602931,2.3863296355637886,48.840041563133234
586,9,48,243.1911231060684,2.3867384625648684,48.84004373857156
587,9,49,233.71788915184368,2.3871472896149113,48.84004591256026
588,9,50,224.24465519761895,2.387556116713884,48.84004808509932
589,9,51,214.7714212433942,2.3879649438617543,48.84005025618875
590,9,52,205.29818728916948,2.388373771058489,48.84005242582855
591,9,53,195.82495333494478,2.388782598304057,48.8400545940187
592,9,54,186.35171938072003,2.3891914255984235,48.84005676075923
593,9,55,176.8784854264953,2.3896002529415576,48.84005892605013
594,9,56,167.40525147227058,2.3900090803334257,48.84006108989139
595,9,57,157.93201751804585,2.3904179077739953,48.84006325228301
596,9,58,148.45878356382113,2.390826735263235,48.840065413224984
597,9,59,138.9855496095964,2.3912355628011106,48.84006757271733
598,9,60,129.6048826077345,2.39164439038759,48.84006973076005
599,9,61,120.60172405830583,2.392053218022641,48.840071887353105
600,9,62,111.59856550887719,2.39246204570623,48.840074042496546
601,9,63,105.82914907005987,2.3928708734383255,48.84007619619033
602,9,64,105.85471214383415,2.393279701218894,48.84007834843448
603,9,65,106.10609996546881,2.3936885290479033,48.840080499228996
604,9,66,106.35748778710347,2.3940973569253203,48.84008264857387
605,9,67,106.60887560873813,2.3945061848511133,48.84008479646911
606,9,68,106.86026343037278,2.394915012825249,48.840086942914695
607,9,69,107.11165125200745,2.3953238408476945,48.84008908791064
608,9,70,107.36303907364211,2.3957326689184177,48.84009123145695
609,9,71,107.61442689527676,2.3961414970373855,48.84009337355362
610,9,72,106.71060002728815,2.3965503252045663,48.84009551420064
611,9,73,105.14411249630224,2.396959153419926,48.840097653398026
612,9,74,103.57762496531632,2.397367981683433,48.84009979114577
613,9,75,102.0111374343304,2.397776809995055,48.84010192744386
614,9,76,100.44464990334447,2.3981856383547577,48.84010406229231
615,9,77,98.87816237235855,2.39859446676251,48.840106195691114
616,9,78,97.31167484137262,2.3990032952182787,48.84010832764027
617,9,79,95.74518731038671,2.3994121237220316,48.84011045813978
618,9,80,94.17869977940079,2.399820952273735,48.84011258718966
619,9,81,92.61221224841486,2.400229780873358,48.84011471478988
620,9,82,91.04572471742894,2.400638609520866,48.840116840940446
621,9,83,89.47923718644302,2.4010474382162283,48.84011896564138
622,9,84,87.91274965545709,2.40145626695941,48.840121088892666
623,9,85,86.34626212447117,2.4018650957503813,48.840123210694294
624,9,86,84.12388774599938,2.402273924589107,48.840125331046266
625,9,87,81.56789487003577,2.4026827534755557,48.84012744994861
626,9,88,79.01190199407218,2.403091582409695,48.840129567401306
627,9,89,76.45590911810858,2.4035004113914913,48.84013168340433
628,9,90,73.89991624214498,2.4039092404209126,48.84013379795772
629,9,91,71.34392336618139,2.404318069497926,48.84013591106145
630,9,92,68.78793049021778,2.4047268986224997,48.84013802271554
631,9,93,66.23193761425418,2.4051357277946,48.84014013291997
632,9,94,63.67594473829057,2.4055445570141947,48.840142241674755
633,9,95,61.119951862326964,2.405953386281251,48.84014434897988
634,9,96,59.05712198407469,2.406362215595737,48.84014645483536
635,9,97,57.032337763812556,2.406771044957619,48.84014855924118
636,9,98,55.007553543550415,2.407179874366865,48.840150662197345
637,9,99,52.98276932328828,2.4075887038234423,48.84015276370387
638,9,100,50.95798510302613,2.407997533327318,48.84015486376072
639,9,101,48.933200882764,2.40840636287846,48.840156962367935
640,9,102,46.90841666250186,2.4088151924768346,48.84015905952549
641,9,103,44.905152247423004,2.4092240221224106,48.84016115523339
642,9,104,48.005547864096364,2.4096328518151546,48.840163249491624
643,9,105,51.673473740631906,2.410041681555034,48.84016534230021
644,9,106,55.34139961716745,2.410450511342016,48.84016743365914
645,9,107,59.009325493702995,2.410859341176068,48.840169523568406
646,9,108,62.67725137023854,2.411268171057158,48.84017161202802
647,9,109,66.34517724677407,2.411677000985253,48.840173699037976
648,9,110,70.61901529084177,2.41208583096032,48.840175784598266
649,9,111,80.02559272289501,2.412494660982327,48.840177868708906
650,9,112,89.61328917701967,2.4129034910512406,48.84017995136989
651,9,113,99.20098563114432,2.413312321167029,48.840182032581204
652,9,114,108.78868208526897,2.413721151329659,48.84018411234286
653,9,115,119.18831774024228,2.4141299815390975,48.84018619065486
654,9,116,134.77897358998777,2.414538811795313,48.84018826751719
655,9,117,154.67672209544747,2.414947642098272,48.84019034292988
656,9,118,177.4384541028634,2.415356472447943,48.84019241689288
657,9,119,202.0987917594651,2.4157653028442923,48.840194489406244
658,9,120,228.04262379401203,2.4161741332872873,48.84019656046993
659,9,121,254.8783139128925,2.4165829637768956,48.84019863008396
660,9,122,282.3516806029329,2.416991794313085,48.84020069824832
661,9,123,310.2933904799171,2.417400624895822,48.84020276496302
662,9,124,338.5875142584912,2.4178094555250746,48.84020483022807
663,10,39,310.0666611893804,2.3830557069365246,48.84029396778969
664,10,40,298.4457354253239,2.3834645357407225,48.840296154845724
665,10,41,286.82480966126747,2.383873364594146,48.84029834045211
666,10,42,275.2038838972111,2.384282193496761,48.84030052460885
667,10,43,263.58295813315465,2.3846910224485356,48.84030270731594
668,10,44,252.62129807190212,2.385099851449437,48.8403048885734
669,10,45,243.1457966278376,2.385508680499433,48.84030706838121
670,10,46,233.67256267361287,2.3859175095984906,48.840309246739366
671,10,47,224.19932871938815,2.386326338746577,48.84031142364789
672,10,48,214.72609476516342,2.3867351679436593,48.84031359910676
673,10,49,205.2528608109387,2.387143997189706,48.84031577311599
674,10,50,195.77962685671397,2.3875528264846833,48.84031794567556
675,10,51,186.30639290248922,2.3879616558285592,48.8403201167855
676,10,52,176.8331589482645,2.388370485221301,48.84032228644578
677,10,53,167.3599249940398,2.388779314662876,48.84032445465642
678,10,54,157.88669103981505,2.3891881441532514,48.8403266214174
679,10,55,148.41345708559032,2.389596973692395,48.84032878672874
680,10,56,138.9402231313656,2.3900058032802742,48.84033095059042
681,10,57,129.46698917714087,2.390414632916855,48.840333113002465
682,10,58,119.99375522291614,2.3908234626021065,48.840335273964854
683,10,59,110.52052126869141,2.3912322923359954,48.840337433477586
684,10,60,101.04728731446669,2.391641122118489,48.840339591540676
685,10,61,91.98454152518687,2.392049951949555,48.84034174815411
686,10,62,82.98138297575822,2.3924587818291596,48.84034390331789
687,10,63,75.89702013648825,2.3928676117572723,48.840346057032015
688,10,64,75.85576542627199,2.3932764417338586,48.840348209296494
689,10,65,76.10715324790665,2.393685271758887,48.84035036011131
690,10,66,76.35854106954132,2.394094101832324,48.84035250947648
691,10,67,76.60992889117597,2.3945029319541367,48.840354657392
692,10,68,76.86131671281063,2.3949117621242944,48.84035680385786
693,10,69,77.11270453444529,2.395320592342762,48.840358948874055
694,10,70,77.36409235607995,2.395729422609509,48.84036109244062
695,10,71,77.61548017771462,2.396138252924501,48.84036323455751
696,10,72,76.75152599594894,2.396547083287707,48.84036537522475
697,10,73,75.18503846496301,2.3969559136990926,48.84036751444232
698,10,74,73.61855093397709,2.3973647441586268,48.84036965221025
699,10,75,72.05206340299117,2.3977735746662763,48.840371788528515
700,10,76,70.48557587200523,2.398182405222008,48.840373923397124
701,10,77,68.9190883410193,2.3985912358257906,48.84037605681607
702,10,78,67.3526008100334,2.3990000664775897,48.840378188785365
703,10,79,65.78611327904747,2.3994088971773744,48.84038031930499
704,10,80,64.21962574806155,2.3998177279251105,48.84038244837497
705,10,81,62.65313821707563,2.400226558720766,48.84038457599527
706,10,82,61.086650686089705,2.400635389564309,48.84038670216592
707,10,83,59.52016315510378,2.4010442204557063,48.84038882688692
708,10,84,57.95367562411785,2.401453051394925,48.84039095015825
709,10,85,56.38718809313194,2.4018618823819327,48.84039307197991
710,10,86,54.23297105851683,2.402270713416697,48.84039519235192
711,10,87,51.67697818255322,2.402679544499184,48.84039731127427
712,10,88,49.120985306589624,2.403088375629363,48.84039942874695
713,10,89,46.56499243062602,2.4034972068072,48.84040154476997
714,10,90,44.00899955466241,2.4039060380326633,48.84040365934331
715,10,91,41.45300667869881,2.4043148693057197,48.840405772467
716,10,92,38.89701380273521,2.4047237006263362,48.840407884141015
717,10,93,36.341020926771606,2.405132531994481,48.84040999436537
718,10,94,33.785028050808,2.405541363410121,48.840412103140075
719,10,95,31.2290351748444,2.4059501948732236,48.840414210465106
720,10,96,29.12552916208512,2.4063590263837566,48.84041631634046
721,10,97,27.10074494182298,2.4067678579416865,48.840418420766156
722,10,98,25.075960721560843,2.4071766895469815,48.840420523742175
723,10,99,23.051176501298706,2.4075855211996084,48.840422625268545
724,10,100,21.026392281036564,2.407994352899535,48.84042472534524
725,10,101,19.001608060774426,2.4084031846467284,48.84042682397226
726,10,102,16.976823840512285,2.408812016441156,48.8404289211496
727,10,103,14.952039620250149,2.4092208482827853,48.8404310168773
728,10,104,18.23062016033458,2.4096296801715833,48.84043311115532
729,10,105,21.89854603687012,2.410038512107518,48.84043520398365
730,10,106,25.566471913405664,2.4104473440905565,48.840437295362335
731,10,107,29.23439778994121,2.4108561761206655,48.84043938529134
732,10,108,32.902323666476754,2.4112650081978133,48.84044147377067
733,10,109,36.570249543012295,2.4116738403219666,48.84044356080034
734,10,110,42.01121730861806,2.4120826724930935,48.840445646380324
735,10,111,51.59891376274272,2.412491504711161,48.84044773051063
736,10,112,61.186610216867365,2.4129003369761364,48.84044981319128
737,10,113,70.77430667099202,2.4133091692879867,48.840451894422245
738,10,114,80.36200312511667,2.41371800164668,48.840453974203555
739,10,115,92.96276832454747,2.414126834052183,48.84045605253517
740,10,116,112.25681685663973,2.4145356665044635,48.84045812941713
741,10,117,135.50317179685067,2.4149444990034885,48.84046020484939
742,10,118,160.99883913627608,2.4153533315492264,48.840462278832
743,10,119,187.8300903461694,2.415762164141643,48.840464351364915
744,10,120,215.49862986959297,2.4161709967807066,48.84046642244816
745,10,121,243.71946190629401,2.4165798294663845,48.84046849208173
746,10,122,272.32093703590834,2.416988662198644,48.84047056026562
747,10,123,301.1946370444481,2.4173974949774526,48.84047262699983
748,10,124,330.2691720711434,2.4178063278027775,48.84047469228439
749,11,38,294.029783635272,2.3826435615510966,48.84056163960033
750,11,39,282.4088578712155,2.383052392502065,48.840563828126676
751,11,40,270.7879321071591,2.3834612235022914,48.84056601520335
752,11,41,259.1670063431027,2.3838700545517435,48.84056820083037
753,11,42,247.54608057904622,2.3842788856503883,48.840570385007744
754,11,43,235.9251548149898,2.384687716798194,48.84057256773545
755,11,44,224.40183526094467,2.3850965479951274,48.8405747490135
756,11,45,214.68076828693262,2.385505379241156,48.84057692884189
757,11,46,205.2075343327079,2.3859142105362476,48.84057910722062
758,11,47,195.73430037848317,2.3863230418803685,48.8405812841497
759,11,48,186.26106642425844,2.3867318732734866,48.84058345962911
760,11,49,176.78783247003372,2.3871407047155695,48.84058563365887
761,11,50,167.314598515809,2.3875495362065844,48.84058780623896
762,11,51,157.84136456158424,2.387958367746499,48.84058997736939
763,11,52,148.36813060735952,2.3883671993352795,48.84059214705017
764,11,53,138.89489665313482,2.388776030972895,48.840594315281265
765,11,54,129.42166269891007,2.3891848626593117,48.840596482062715
766,11,55,119.94842874468534,2.389593694394497,48.8405986473945
767,11,56,110.47519479046062,2.390002526178419,48.840600811276616
768,11,57,101.0019608362359,2.3904113580110447,48.840602973709075
769,11,58,91.52872688201116,2.390820189892341,48.84060513469187
770,11,59,82.05549292778643,2.3912290218222756,48.840607294224995
771,11,60,72.58225897356171,2.391637853800816,48.840609452308456
772,11,61,63.3673589920679,2.3920466858279292,48.84061160894226
773,11,62,54.364200442639245,2.392455517903583,48.84061376412639
774,11,63,46.05330105762292,2.3928643500277453,48.840615917860845
775,11,64,45.85681870870984,2.393273182200381,48.84061807014565
776,11,65,46.108206530344496,2.393682014421461,48.84062022098078
777,11,66,46.35959435197916,2.3940908466909505,48.84062237036624
778,11,67,46.61098217361382,2.394499679008817,48.84062451830204
779,11,68,46.86236999524848,2.394908511375028,48.84062666478817
780,11,69,47.11375781688314,2.3953173437895514,48.84062880982463
781,11,70,47.365145638517795,2.395726176252354,48.84063095341142
782,11,71,47.61653346015245,2.396135008763403,48.84063309554854
783,11,72,46.79245196460969,2.3965438413226665,48.84063523623599
784,11,73,45.225964433623766,2.3969526739301115,48.84063737547377
785,11,74,43.659476902637834,2.397361506585705,48.84063951326189
786,11,75,42.09298937165191,2.397770339289415,48.840641649600315
787,11,76,40.52650184066599,2.3981791720412087,48.84064378448909
788,11,77,38.96001430968007,2.3985880048410535,48.84064591792818
789,11,78,37.393526778694145,2.3989968376889164,48.8406480499176
790,11,79,35.82703924770822,2.3994056705847644,48.84065018045734
791,11,80,34.260551716722304,2.399814503528566,48.84065230954742
792,11,81,32.69406418573637,2.400223336520288,48.84065443718783
793,11,82,31.127576654750456,2.400632169559898,48.84065656337856
794,11,83,29.561089123764535,2.4010410026473634,48.84065868811961
795,11,84,27.99460159277862,2.4014498357826506,48.84066081141099
796,11,85,26.428114061792694,2.401858668965728,48.84066293325268
797,11,86,24.34205437103427,2.4022675021965627,48.84066505364471
798,11,87,21.786061495070665,2.4026763354751215,48.84066717258707
799,11,88,19.230068619107065,2.403085168801373,48.840669290079745
800,11,89,16.67407574314346,2.4034940021752833,48.84067140612274
801,11,90,14.118082867179861,2.403902835596821,48.84067352071605
802,11,91,11.562089991216256,2.4043116690659523,48.840675633859696
803,11,92,9.006097115252652,2.4047205025826455,48.840677745553656
804,11,93,6.45010423928905,2.405129336146867,48.840679855797944
805,11,94,3.894111363325447,2.405538169758585,48.84068196459256
806,11,95,1.3381184873618444,2.4059470034177663,48.84068407193748
807,11,96,0.0,2.4063558371243787,48.84068617783272
808,11,97,0.0,2.4067646708783896,48.840688282278286
809,11,98,0.0,2.4071735046797658,48.840690385274165
810,11,99,0.0,2.4075823385284756,48.84069248682037
811,11,100,0.0,2.407991172424485,48.8406945869169
812,11,101,0.0,2.4084000063677626,48.840696685563735
813,11,102,0.0,2.408808840358276,48.840698782760896
814,11,103,0.0,2.409217674395991,48.84070087850837
815,11,104,0.0,2.409626508480876,48.840702972806156
816,11,105,0.0,2.410035342612898,48.84070506565427
817,11,106,0.0,2.410444176792025,48.84070715705269
818,11,107,0.0,2.410853011018224,48.840709247001435
819,11,108,3.127395962714964,2.4112618452914623,48.84071133550048
820,11,109,6.795321839250506,2.4116706796117073,48.84071342254985
821,11,110,13.584538348465761,2.4120795139789264,48.84071550814953
822,11,111,23.172234802590413,2.412488348393087,48.840717592299534
823,11,112,32.75993125671507,2.4128971828541563,48.84071967499983
824,11,113,42.347627710839724,2.413306017362102,48.84072175625047
825,11,114,52.141930029069194,2.413714851916891,48.840723836051396
826,11,115,69.8448101391794,2.4141236865184905,48.840725914402654
827,11,116,94.00964918347312,2.4145325211668687,48.840727991304206
828,11,117,120.81941390282174,2.414941355861993,48.84073006675607
829,11,118,148.85176321442427,2.4153501906038297,48.840732140758256
830,11,119,177.52848799070165,2.415759025392347,48.840734213310746
831,11,120,206.5814141797039,2.416167860227512,48.84073628441356
832,11,121,235.87156954730267,2.416576695109292,48.84073835406667
833,11,122,265.3203986822907,2.4169855300376546,48.84074042227008
834,11,123,294.8803665779588,2.4173943650125667,48.84074248902382
835,11,124,324.52110444372187,2.4178032000339966,48.840744554327856
836,12,37,278.73293508277163,2.382231411773583,48.8408293099071
837,12,38,266.37198031710716,2.382640244871319,48.840831499903786
838,12,39,254.75105455305075,2.383049078018347,48.840833688450786
839,12,40,243.1301287889943,2.383457911214634,48.840835875548116
840,12,41,231.50920302493788,2.383866744460148,48.84083806119577
841,12,42,219.88827726088147,2.3842755777548557,48.84084024539376
842,12,43,208.267351496825,2.384684411098725,48.84084242814209
843,12,44,196.64642573276856,2.3850932444917228,48.84084460944073
844,12,45,186.21573994602764,2.3855020779338165,48.84084678928971
845,12,46,176.74250599180291,2.385910911424974,48.840848967689006
846,12,47,167.2692720375782,2.3863197449651623,48.84085114463864
847,12,48,157.79603808335347,2.386728578554349,48.84085332013859
848,12,49,148.32280412912874,2.387137412192501,48.84085549418887
849,12,50,138.84957017490402,2.387546245879586,48.84085766678949
850,12,51,129.37633622067926,2.3879550796155713,48.84085983794042
851,12,52,119.90310226645455,2.3883639134004246,48.840862007641675
852,12,53,110.42986831222981,2.3887727472341127,48.84086417589326
853,12,54,100.95663435800509,2.3891815811166035,48.84086634269515
854,12,55,91.48340040378037,2.3895904150478637,48.84086850804739
855,12,56,82.01016644955563,2.389999249027861,48.84087067194994
856,12,57,72.53693249533092,2.390408083056563,48.840872834402816
857,12,58,63.063698541106184,2.390816917133937,48.84087499540602
858,12,59,53.59046458688145,2.39122575125995,48.84087715495953
859,12,60,44.11723063265672,2.3916345854345695,48.84087931306338
860,12,61,34.75017645894893,2.392043419657764,48.84088146971754
861,12,62,25.747017909520267,2.3924522539294983,48.84088362492202
862,12,63,16.743859360091612,2.3928610882497425,48.840885778676814
863,12,64,15.857871991147668,2.393269922618462,48.84088793098194
864,12,65,16.10925981278233,2.3936787570356257,48.84089008183739
865,12,66,16.36064763441699,2.3940875915012,48.840892231243146
866,12,67,16.612035456051647,2.3944964260151522,48.84089437919922
867,12,68,16.86342327768631,2.3949052605774503,48.84089652570562
868,12,69,17.114811099320967,2.3953140951880614,48.840898670762336
869,12,70,17.366198920955625,2.395722929846952,48.84090081436937
870,12,71,17.617586742590287,2.3961317645540916,48.840902956526705
871,12,72,16.833377933270437,2.396540599309445,48.84090509723436
872,12,73,15.266890402284517,2.3969494341129813,48.84090723649235
873,12,74,13.700402871298587,2.3973582689646675,48.84090937430065
874,12,75,12.133915340312667,2.3977671038644703,48.84091151065926
875,12,76,10.567427809326743,2.3981759388123582,48.84091364556818
876,12,77,9.000940278340822,2.398584773808298,48.84091577902743
877,12,78,7.434452747354901,2.398993608852257,48.84091791103698
878,12,79,5.867965216368979,2.399402443944202,48.84092004159684
879,12,80,4.301477685383056,2.3998112790841017,48.84092217070702
880,12,81,2.734990154397134,2.400220114271922,48.84092429836751
881,12,82,1.1685026234112117,2.400628949507632,48.84092642457832
882,12,83,0.0,2.4010377847911974,48.84092854933944
883,12,84,0.0,2.401446620122586,48.84093067265088
884,12,85,0.0,2.401855455501766,48.8409327945126
885,12,86,0.0,2.4022642909287035,48.84093491492465
886,12,87,0.0,2.4026731264033674,48.84093703388701
887,12,88,0.0,2.4030819619257238,48.84093915139968
888,12,89,0.0,2.4034907974957402,48.84094126746266
889,12,90,0.0,2.4038996331133844,48.84094338207594
890,12,91,0.1003360376268885,2.4043084687786234,48.84094549523954
891,12,92,3.2948986933581605,2.404717304491425,48.84094760695345
892,12,93,5.376823744756669,2.4051261402517565,48.84094971721765
893,12,94,7.458748796155177,2.405534976059585,48.84095182603217
894,12,95,9.540673847553686,2.4059438119148777,48.840953933396996
895,12,96,11.622598898952194,2.4063526478176027,48.840956039312125
896,12,97,13.704523950350701,2.406761483767727,48.840958143777556
897,12,98,15.78644900174921,2.4071703197652172,48.84096024679331
898,12,99,17.86837405314772,2.407579155810042,48.84096234835934
899,12,100,19.950299104546225,2.407987991902168,48.8409644484757
900,12,101,22.032224155944732,2.408396828041562,48.84096654714236
901,12,102,24.114149207343242,2.4088056642281925,48.840968644359315
902,12,103,21.1908078191041,2.409214500462027,48.84097074012658
903,12,104,17.758007196708853,2.409623336743031,48.840972834444145
904,12,105,14.32520657431361,2.410032173071174,48.84097492731201
905,12,106,10.892405951918363,2.4104410094464224,48.840977018730186
906,12,107,0.08709586039408063,2.4108498458687437,48.84097910869866
907,12,108,0.0,2.411258682338105,48.84098119721743
908,12,109,0.0,2.411667518854474,48.84098328428651
909,12,110,0.0,2.412076355417818,48.84098536990589
910,12,111,0.0,2.4124851920281043,48.84098745407557
911,12,112,4.333252296562761,2.4128940286853005,48.84098953679553
912,12,113,13.920948750687414,2.4133028653893738,48.840991618065814
913,12,114,27.477301104200166,2.413711702140291,48.84099369788639
914,12,115,53.9862826298732,2.4141205389380205,48.84099577625726
915,12,116,82.90980248688462,2.414529375782529,48.84099785317843
916,12,117,112.39907466094144,2.4149382126737837,48.84099992864991
917,12,118,142.10231743661876,2.415347049611753,48.841002002671665
918,12,119,171.90865381672683,2.4157558865964033,48.84100407524374
919,12,120,201.7724012180578,2.416164723627702,48.84100614636609
920,12,121,231.67135888910084,2.4165735607056167,48.84100821603874
921,12,122,261.59345398106626,2.416982397830115,48.84101028426169
922,12,123,291.5315622740802,2.417391235001164,48.84101235103494
923,12,124,321.48121008573355,2.417800072218731,48.84101441635848
924,13,37,252.36175832966748,2.3822280928484223,48.84109917017701
925,13,38,238.75219832189563,2.3826369281422495,48.84110136019436
926,13,39,227.0932512348859,2.3830457634853697,48.84110354876203
927,13,40,215.4723254708295,2.3834545988777505,48.84110573588001
928,13,41,203.85139970677307,2.3838634343193585,48.84110792154831
929,13,42,192.2304739427166,2.3842722698101615,48.84111010576693
930,13,43,180.6095481786602,2.3846811053501265,48.841112288535854
931,13,44,168.98862241460375,2.385089940939222,48.8411144698551
932,13,45,157.75404167328256,2.3854987765774136,48.84111664972466
933,13,46,148.27747765089794,2.38590761226467,48.84111882814454
934,13,47,138.80424369667318,2.3863164480009584,48.84112100511471
935,13,48,129.33100974244846,2.386725283786246,48.841123180635215
936,13,49,119.85777578822375,2.3871341196205,48.84112535470602
937,13,50,110.38454183399902,2.3875429555036876,48.84112752732715
938,13,51,100.91130787977428,2.387951791435776,48.841129698498584
939,13,52,91.43807392554957,2.388360627416734,48.84113186822032
940,13,53,81.96483997132484,2.3887694634465277,48.841134036492384
941,13,54,72.49160601710011,2.389178299525125,48.84113620331475
942,13,55,63.018372062875386,2.3895871356524925,48.84113836868742
943,13,56,53.545138108650654,2.3899959718285984,48.8411405326104
944,13,57,44.07190415442593,2.3904048080534097,48.8411426950837
945,13,58,34.5986702002012,2.3908136443268937,48.8411448561073
946,13,59,25.12543624597647,2.3912224806490174,48.84114701568121
947,13,60,15.65220229175174,2.3916313170197494,48.84114917380543
948,13,61,6.178968337527013,2.3920401534390563,48.84115133047996
949,13,62,0.0,2.3924489899069052,48.841153485704794
950,13,63,0.0,2.392857826423264,48.841155639479936
951,13,64,0.0,2.3932666629880996,48.84115779180537
952,13,65,0.0,2.39367549960138,48.841159942681124
953,13,66,0.0,2.394084336263071,48.84116209210718
954,13,67,0.0,2.3944931729731422,48.84116424008354
955,13,68,0.0,2.3949020097315596,48.841166386610205
956,13,69,0.0,2.395310846538291,48.84116853168718
957,13,70,0.0,2.395719683393303,48.841170675314444
958,13,71,0.0,2.3961285202965645,48.84117281749202
959,13,72,0.0,2.3965373572480413,48.84117495821991
960,13,73,0.0,2.3969461942477017,48.841177097498075
961,13,74,0.0,2.3973550312955125,48.841179235326564
962,13,75,0.0,2.3977638683914417,48.841181371705346
963,13,76,0.0,2.398172705535456,48.84118350663444
964,13,77,0.0,2.3985815427275234,48.841185640113814
965,13,78,0.0,2.3989903799676107,48.841187772143506
966,13,79,0.0,2.3993992172556857,48.84118990272349
967,13,80,0.0,2.3998080545917158,48.84119203185377
968,13,81,0.0,2.4002168919756675,48.841194159534346
969,13,82,0.0,2.400625729407509,48.841196285765236
970,13,83,0.0,2.4010345668872075,48.84119841054641
971,13,84,0.4811828829530832,2.401443404414731,48.84120053387789
972,13,85,4.6704981742663945,2.4018522419900457,48.84120265575966
973,13,86,8.859813465579705,2.4022610796131194,48.84120477619174
974,13,87,13.049128756893014,2.40266991728392,48.8412068951741
975,13,88,17.238444048206325,2.4030787550024137,48.84120901270677
976,13,89,21.427759339519636,2.403487592768569,48.841211128789716
977,13,90,25.61707463083295,2.4038964305823525,48.84121324342298
978,13,91,29.806389922146263,2.4043052684437325,48.84121535660652
979,13,92,33.2225713071843,2.4047141063526754,48.84121746834037
980,13,93,35.30449635858281,2.405122944309149,48.8412195786245
981,13,94,37.38642140998132,2.405531782313121,48.84122168745893
982,13,95,39.468346461379824,2.4059406203645577,48.84122379484366
983,13,96,41.55027151277834,2.4063494584634273,48.84122590077867
984,13,97,43.63219656417684,2.4067582966096976,48.841228005263986
985,13,98,45.71412161557535,2.407167134803335,48.84123010829957
986,13,99,47.79604666697386,2.407575973044307,48.841232209885476
987,13,100,49.87797171837237,2.4079848113325815,48.841234310021655
988,13,101,51.95989676977087,2.4083936496681257,48.84123640870812
989,13,102,54.041821821169385,2.408802488050906,48.841238505944894
990,13,103,50.99375867781745,2.4092113264808916,48.84124060173195
991,13,104,47.56095805542221,2.4096201649580484,48.84124269606928
992,13,105,44.12815743302696,2.4100290034823444,48.841244788956914
993,13,106,40.695356810631715,2.4104378420537467,48.841246880394834
994,13,107,25.6151791647317,2.410846680672223,48.84124897038305
995,13,108,9.857103050979772,2.41125551933774,48.84125105892154
996,13,109,10.095441052703753,2.411664358050266,48.84125314601032
997,13,110,3.2231837156819783,2.4120731968097675,48.84125523164939
998,13,111,0.0,2.412482035616212,48.841257315838746
999,13,112,0.0,2.412890874469568,48.841259398578394
1000,13,113,0.0,2.4132997133698013,48.841261479868315
1001,13,114,20.739826254109733,2.41370855231688,48.84126355970853
1002,13,115,50.73370630300564,2.414117391310771,48.84126563809904
1003,13,116,80.72758635190155,2.4145262303514428,48.84126771503982
1004,13,117,110.72146640079744,2.4149350694388616,48.84126979053087
1005,13,118,140.71534644969333,2.415343908572995,48.84127186457223
1006,13,119,170.7092264985892,2.415752747753811,48.841273937163855
1007,13,120,200.70310654748513,2.4161615869812767,48.841276008305776
1008,13,121,230.696986596381,2.4165704262553587,48.84127807799798
1009,13,122,260.6908666452769,2.416979265576025,48.84128014624046
1010,13,123,290.6847466941728,2.4173881049432433,48.84128221303322
1011,13,124,320.6786267430688,2.4177969443569807,48.84128427837626
1012,14,36,244.35383416723508,2.3818159364333105,48.84136683894632
1013,14,37,226.89395107544493,2.3822247738739355,48.841369030434045
1014,14,38,211.65306558356932,2.3826336113638873,48.841371220472084
1015,14,39,199.4354479167211,2.3830424489031325,48.84137340906041
1016,14,40,187.81452215266467,2.383451286491639,48.84137559619905
1017,14,41,176.19359638860823,2.383860124129374,48.841377781887985
1018,14,42,164.5726706245518,2.384268961816305,48.84137996612722
1019,14,43,152.95174486049535,2.384677799552399,48.841382148916765
1020,14,44,141.33081909643892,2.385086637337624,48.841384330256616
1021,14,45,129.70989333238248,2.3854954751719464,48.841386510146755
1022,14,46,119.81244930999296,2.3859043130553346,48.841388688587195
1023,14,47,110.33921535576822,2.386313150987755,48.841390865577935
1024,14,48,100.8659814015435,2.3867219889691764,48.84139304111897
1025,14,49,91.39274744731875,2.387130826999565,48.841395215210305
1026,14,50,81.91951349309404,2.387539665078888,48.84139738785195
1027,14,51,72.4462795388693,2.3879485032071126,48.841399559043886
1028,14,52,62.97304558464459,2.3883573413842076,48.84140172878611
1029,14,53,53.499811630419856,2.388766179610139,48.84140389707865
1030,14,54,44.026577676195124,2.3891750178848756,48.841406063921475
1031,14,55,34.55334372197039,2.3895838562083833,48.8414082293146
1032,14,56,25.080109767745668,2.3899926945806302,48.841410393258016
1033,14,57,15.606875813520942,2.390401533001583,48.841412555751724
1034,14,58,6.133641859296217,2.39081037147121,48.84141471679574
1035,14,59,0.0,2.391219209989478,48.841416876390035
1036,14,60,0.0,2.3916280485563544,48.84141903453464
1037,14,61,0.0,2.3920368871718067,48.84142119122953
1038,14,62,7.643117434058215,2.392445725835802,48.841423346474706
1039,14,63,17.05063676188854,2.3928545645483084,48.841425500270184
1040,14,64,19.02472140668659,2.3932634033092923,48.84142765261595
1041,14,65,16.533357011141725,2.3936722421187215,48.84142980351202
1042,14,66,14.041992615596854,2.394081080976563,48.84143195295837
1043,14,67,11.550628220051983,2.394489919882785,48.841434100955006
1044,14,68,9.059263824507115,2.394898758837355,48.84143624750194
1045,14,69,6.567899428962245,2.3953075978402394,48.84143839259915
1046,14,70,4.365776172155743,2.3957164368914055,48.84144053624668
1047,14,71,5.513870680246875,2.396125275990821,48.84144267844448
1048,14,72,6.661965188338006,2.396534115138454,48.84144481919257
1049,14,73,7.810059696429136,2.3969429543342713,48.84144695849095
1050,14,74,8.958154204520268,2.3973517935782396,48.84144909633962
1051,14,75,10.106248712611398,2.397760632870327,48.84145123273858
1052,14,76,11.254343220702529,2.3981694722105007,48.841453367687826
1053,14,77,12.402437728793661,2.3985783115987283,48.841455501187355
1054,14,78,13.55053223688479,2.398987151034977,48.84145763323716
1055,14,79,14.69862674497592,2.3993959905192144,48.84145976383727
1056,14,80,15.84672125306705,2.399804830051407,48.84146189298766
1057,14,81,17.619290893532522,2.400213669631523,48.841464020688335
1058,14,82,21.808606184845832,2.4006225092595295,48.84146614693929
1059,14,83,25.997921476159146,2.401031348935394,48.841468271740546
1060,14,84,30.187236767472456,2.401440188659084,48.84147039509207
1061,14,85,34.37655205878577,2.4018490284305662,48.841472516993875
1062,14,86,38.565867350099076,2.4022578682498086,48.84147463744596
1063,14,87,42.75518264141238,2.4026667081167785,48.84147675644834
1064,14,88,46.944497932725696,2.403075548031443,48.841478874001
1065,14,89,51.133813224039,2.403484387993769,48.84148099010394
1066,14,90,55.323128515352316,2.4038932280037253,48.84148310475716
1067,14,91,59.51244380666564,2.404302068061278,48.84148521796066
1068,14,92,63.15024392101044,2.404710908166395,48.84148732971445
1069,14,93,65.23216897240896,2.4051197483190436,48.841489440018506
1070,14,94,67.31409402380746,2.405528588519191,48.84149154887285
1071,14,95,69.39601907520597,2.4059374287668045,48.84149365627748
1072,14,96,71.47794412660447,2.406346269061852,48.84149576223238
1073,14,97,73.55986917800298,2.4067551094043007,48.84149786673756
1074,14,98,75.6417942294015,2.4071639497941173,48.841499969793006
1075,14,99,77.7237192808,2.40757279023127,48.84150207139875
1076,14,100,79.8056443321985,2.4079816307157254,48.84150417155477
1077,14,101,81.88756938359701,2.4083904712474515,48.84150627026106
1078,14,102,83.96949443499553,2.4087993118264155,48.84150836751762
1079,14,103,80.79670953653078,2.4092081524525844,48.84151046332447
1080,14,104,77.36390891413555,2.409616993125926,48.841512557681575
1081,14,105,73.9311082917403,2.410025833846408,48.84151465058898
1082,14,106,66.90133858282123,2.410434674613997,48.84151674204665
1083,14,107,51.14326246906931,2.410843515428661,48.84151883205458
1084,14,108,36.43545646800947,2.4112523562903667,48.841520920612794
1085,14,109,38.71525255995824,2.4116611971990816,48.841523007721285
1086,14,110,31.457402245355485,2.412070038154773,48.841525093380056
1087,14,111,21.31694347769408,2.4124788791574088,48.84152717758909
1088,14,112,11.176484710032668,2.4128877202069567,48.841529260348395
1089,14,113,0.0,2.4132965613033828,48.84153134165798
1090,14,114,20.13388928342342,2.4137054024466558,48.84153342151783
1091,14,115,50.127769332319325,2.4141142436367415,48.84153549992795
1092,14,116,80.12164938121522,2.4145230848736086,48.84153757688834
1093,14,117,110.11552943011112,2.414931926157224,48.84153965239901
1094,14,118,140.10940947900698,2.4153407674875553,48.84154172645995
1095,14,119,170.10328952790292,2.4157496088645694,48.84154379907115
1096,14,120,200.0971695767988,2.4161584502882336,48.841545870232615
1097,14,121,230.09104962569472,2.4165672917585157,48.84154793994436
1098,14,122,260.0849296745906,2.416976133275383,48.841550008206376
1099,14,123,290.07880972348653,2.417384974838803,48.841552075018654
1100,14,124,320.07268977238243,2.4177938164487434,48.841554140381206
1101,15,35,237.67856273336275,2.381403775625921,48.84163450621167
1102,15,36,220.06720831184518,2.3818126152133416,48.841636699169804
1103,15,37,202.4558538903276,2.382221454850123,48.84163889067822
1104,15,38,185.44926027975305,2.3826302945362308,48.84164108073694
1105,15,39,171.77764459855626,2.3830391342716344,48.84164326934593
1106,15,40,160.15671883449983,2.383447974056299,48.84164545650522
1107,15,41,148.5357930704434,2.3838568138901937,48.84164764221479
1108,15,42,136.91486730638695,2.3842656537732854,48.841649826474665
1109,15,43,125.29394154233051,2.3846744937055404,48.84165200928481
1110,15,44,113.67301577827409,2.3850833336869277,48.84165419064525
1111,15,45,102.05209001421763,2.3854921737174135,48.841656370555974
1112,15,46,91.34742096908796,2.3859010137969663,48.841658549016984
1113,15,47,81.87418701486324,2.3863098539255523,48.84166072602829
1114,15,48,72.40095306063851,2.386718694103139,48.841662901589864
1115,15,49,62.92771910641378,2.3871275343296947,48.84166507570173
1116,15,50,53.45448515218905,2.3875363746051854,48.84166724836389
1117,15,51,43.981251197964326,2.3879452149295797,48.84166941957633
1118,15,52,34.5080172437396,2.3883540553028446,48.84167158933904
1119,15,53,25.034783289514873,2.388762895724947,48.841673757652046
1120,15,54,15.561549335290138,2.3891717361958547,48.841675924515336
1121,15,55,6.08831538106541,2.389580576715535,48.841678089928905
1122,15,56,0.0,2.3899894172839558,48.841680253892754
1123,15,57,0.0,2.390398257901083,48.84168241640689
1124,15,58,0.0,2.3908070985668854,48.84168457747129
1125,15,59,7.907373594948112,2.39121593928133,48.841686737086
1126,15,60,17.314892922778448,2.3916247800443835,48.84168889525097
1127,15,61,26.722412250608777,2.392033620856014,48.84169105196622
1128,15,62,36.1299315784391,2.3924424617161884,48.84169320723176
1129,15,63,45.53745090626943,2.3928513026248743,48.84169536104757
1130,15,64,48.92109415403859,2.3932601435820393,48.84169751341367
1131,15,65,46.42972975849373,2.3936689845876504,48.841699664330044
1132,15,66,43.93836536294886,2.3940778256416757,48.84170181379669
1133,15,67,41.44700096740399,2.394486666744081,48.841703961813614
1134,15,68,38.955636571859124,2.3948955078948355,48.84170610838082
1135,15,69,36.464272176314246,2.395304349093905,48.84170825349829
1136,15,70,34.34379943921742,2.3957131903412585,48.84171039716604
1137,15,71,35.491893947308554,2.396122031636861,48.84171253938408
1138,15,72,36.63998845539968,2.3965308729806827,48.841714680152386
1139,15,73,37.788082963490815,2.3969397143726887,48.84171681947096
1140,15,74,38.93617747158195,2.3973485558128473,48.841718957339815
1141,15,75,40.084271979673076,2.397757397301126,48.841721093758956
1142,15,76,41.2323664877642,2.3981662388374922,48.841723228728355
1143,15,77,42.38046099585534,2.398575080421913,48.841725362248035
1144,15,78,43.52855550394647,2.398983922054355,48.84172749431798
1145,15,79,44.6766500120376,2.3993927637347867,48.8417296249382
1146,15,80,45.82474452012873,2.3998016054631757,48.84173175410869
1147,15,81,47.325344778051885,2.4002104472394885,48.841733881829455
1148,15,82,51.514660069365206,2.4006192890636924,48.8417360081005
1149,15,83,55.70397536067852,2.4010281309357553,48.8417381329218
1150,15,84,59.893290651991826,2.4014369728556444,48.84174025629338
1151,15,85,64.08260594330514,2.401845814823327,48.841742378215216
1152,15,86,68.27192123461845,2.4022546568387706,48.84174449868733
1153,15,87,72.46123652593177,2.4026634989019424,48.841746617709724
1154,15,88,76.65055181724507,2.40307234101281,48.841748735282366
1155,15,89,80.83986710855838,2.40348118317134,48.84175085140531
1156,15,90,85.02918239987169,2.4038900253775006,48.84175296607849
1157,15,91,89.218497691185,2.4042988676312596,48.84175507930194
1158,15,92,93.07791653483659,2.404707709932583,48.841757191075665
1159,15,93,95.15984158623509,2.4051165522814393,48.84175930139965
1160,15,94,97.2417666376336,2.4055253946777952,48.84176141027391
1161,15,95,99.32369168903212,2.405934237121618,48.84176351769843
1162,15,96,101.40561674043063,2.406343079612876,48.84176562367322
1163,15,97,103.48754179182912,2.4067519221515354,48.84176772819827
1164,15,98,105.56946684322763,2.407160764737564,48.84176983127358
1165,15,99,107.65139189462614,2.4075696073709296,48.84177193289917
1166,15,100,109.73331694602464,2.4079784500515995,48.84177403307502
1167,15,101,111.81524199742316,2.40838729277954,48.84177613180111
1168,15,102,113.89716704882167,2.40879613555472,48.84177822907749
1169,15,103,110.59966039524414,2.4092049783771055,48.84178032490412
1170,15,104,107.1668597728489,2.4096138212466647,48.84178241928101
1171,15,105,103.73405915045365,2.410022664163365,48.841784512208164
1172,15,106,92.42942188715884,2.4104315071271727,48.841786603685584
1173,15,107,76.67134577340693,2.4108403501380566,48.84178869371327
1174,15,108,65.63456098823168,2.4112491931959834,48.841790782291206
1175,15,109,67.35071580901344,2.4116580363009206,48.8417928694194
1176,15,110,59.691620775028994,2.412066879452835,48.84179495509785
1177,15,111,49.55116200736758,2.412475722651695,48.84179703932658
1178,15,112,33.799929219480745,2.412884565897467,48.84179912210555
1179,15,113,10.516509215992775,2.4132934091901186,48.84180120343479
1180,15,114,19.992645770902442,2.413702252529618,48.84180328331427
1181,15,115,49.76281153544324,2.4141110959159313,48.84180536174402
1182,15,116,79.70551385508597,2.4145199393490264,48.84180743872403
1183,15,117,109.67953531035113,2.414928782828871,48.841809514254294
1184,15,118,139.664712769138,2.415337626355432,48.841811588334814
1185,15,119,169.65513113335854,2.4157464699286773,48.841813660965585
1186,15,120,199.64842861106706,2.416155313548573,48.84181573214662
1187,15,121,229.64347709843534,2.416564157215088,48.84181780187791
1188,15,122,259.6396697364462,2.416973000928189,48.84181987015945
1189,15,123,289.63665104375536,2.4173818446878435,48.84182193699123
1190,15,124,319.6341989756937,2.4177906884940192,48.84182400237327
1191,16,34,231.00329129949043,2.38099161042619,48.84190217197302
1192,16,35,213.39193687797285,2.3814004521604044,48.841904366401586
1193,16,36,195.78058245645525,2.381809293944013,48.841906559380426
1194,16,37,178.16922803493767,2.3822181357769825,48.84190875090954
1195,16,38,160.55787361342013,2.38262697765928,48.841910940988924
1196,16,39,144.57520963840514,2.3830358195908734,48.84191312961859
1197,16,40,132.498915516335,2.3834446615717297,48.84191531679853
1198,16,41,120.87798975227857,2.3838535036018165,48.841917502528744
1199,16,42,109.25706398822213,2.384262345681101,48.84191968680924
1200,16,43,97.63613822416569,2.384671187809551,48.84192186963999
1201,16,44,86.01521246010924,2.3850800299871326,48.84192405102103
1202,16,45,74.3942866960528,2.3854888722138146,48.841926230952346
1203,16,46,62.89002376354075,2.385897714489564,48.841928409433926
1204,16,47,53.40915867395826,2.386306556814348,48.84193058646578
1205,16,48,43.935924719733535,2.386715399188134,48.841932762047904
1206,16,49,34.4626907655088,2.3871242416108887,48.8419349361803
1207,16,50,24.989456811284075,2.3875330840825804,48.841937108862965
1208,16,51,15.516222857059349,2.387941926603176,48.841939280095914
1209,16,52,6.04298890283462,2.388350769172643,48.841941449879116
1210,16,53,0.0,2.3887596117909493,48.8419436182126
1211,16,54,0.0,2.3891684544580616,48.841945785096335
1212,16,55,0.0,2.3895772971739473,48.841947950530354
1213,16,56,8.171629755838019,2.3899861399385736,48.84195011451464
1214,16,57,17.579149083668344,2.3903949827519084,48.841952277049195
1215,16,58,26.986668411498673,2.3908038256139186,48.84195443813402
1216,16,59,36.394187739329,2.3912126685245716,48.841956597769105
1217,16,60,45.801707067159334,2.3916215114838355,48.84195875595446
1218,16,61,55.20922639498966,2.392030354491677,48.841960912690084
1219,16,62,64.61674572281999,2.3924391975480637,48.84196306797596
1220,16,63,74.02426505065031,2.392848040652962,48.84196522181211
1221,16,64,78.8174669013906,2.3932568838063406,48.841967374198525
1222,16,65,76.32610250584572,2.3936657270081665,48.84196952513521
1223,16,66,73.83473811030086,2.3940745702584065,48.84197167462215
1224,16,67,71.343373714756,2.3944834135570288,48.84197382265936
1225,16,68,68.85200931921112,2.3948922569040003,48.84197596924683
1226,16,69,66.36064492366626,2.3953011002992883,48.84197811438457
1227,16,70,64.3220568451076,2.3957099437428604,48.84198025807256
1228,16,71,65.46991721437021,2.396118787234684,48.841982400310826
1229,16,72,66.61801172246135,2.3965276307747256,48.84198454109934
1230,16,73,67.76610623055248,2.396936474362954,48.841986680438126
1231,16,74,68.91420073864361,2.397345317999336,48.84198881832717
1232,16,75,70.06229524673475,2.3977541616838383,48.841990954766466
1233,16,76,71.21038975482588,2.398163005416429,48.84199308975603
1234,16,77,72.358484262917,2.398571849197075,48.841995223295854
1235,16,78,73.50657877100814,2.398980693025744,48.841997355385935
1236,16,79,74.65467327909927,2.399389536902403,48.84199948602628
1237,16,80,75.8027677871904,2.39979838082702,48.842001615216866
1238,16,81,77.09507819210218,2.400207224799562,48.84200374295772
1239,16,82,81.22071395388457,2.4006160688199962,48.842005869248844
1240,16,83,85.41002924519789,2.4010249128882903,48.84200799409022
1241,16,84,89.5993445365112,2.4014337570044115,48.84201011748184
1242,16,85,93.7886598278245,2.401842601168327,48.842012239423724
1243,16,86,97.97797511913782,2.402251445380004,48.84201435991586
1244,16,87,102.16729041045112,2.4026602896394107,48.84201647895825
1245,16,88,106.35660570176444,2.403069133946514,48.8420185965509
1246,16,89,110.54592099307774,2.4034779783012805,48.84202071269381
1247,16,90,114.73523628439105,2.403886822703679,48.842022827386955
1248,16,91,118.92455157570436,2.4042956671536757,48.84202494063038
1249,16,92,123.00558914866274,2.404704511651239,48.84202705242404
1250,16,93,125.08751420006122,2.405113356196335,48.84202916276796
1251,16,94,127.16943925145974,2.405522200788932,48.842031271662115
1252,16,95,129.25136430285826,2.4059310454289973,48.84203337910654
1253,16,96,131.33328935425678,2.4063398901164974,48.84203548510122
1254,16,97,133.41521440565526,2.406748734851401,48.84203758964614
1255,16,98,135.49713945705378,2.4071575796336746,48.84203969274132
1256,16,99,137.5790645084523,2.4075664244632855,48.842041794386745
1257,16,100,139.66098955985078,2.4079752693402017,48.84204389458242
1258,16,101,141.7429146112493,2.4083841142643903,48.84204599332835
1259,16,102,143.8248396626478,2.408792959235818,48.842048090624516
1260,16,103,140.4026112539575,2.4092018042544527,48.842050186470935
1261,16,104,136.96981063156224,2.409610649320262,48.8420522808676
1262,16,105,133.537010009167,2.410019494433213,48.84205437381453
1263,16,106,117.95750519149647,2.410428339593273,48.8420564653117
1264,16,107,103.24739890348333,2.4108371848004095,48.8420585553591
1265,16,108,95.33230671815089,2.41124603005459,48.842060643956756
1266,16,109,96.5218733141467,2.4116548753557816,48.84206273110467
1267,16,110,87.9258393047025,2.412063720703952,48.84206481680282
1268,16,111,76.00112797580269,2.4124725660990682,48.84206690105122
1269,16,112,52.72429357381627,2.4128814115410977,48.84206898384986
1270,16,113,35.44689915703802,2.4132902570300074,48.84207106519875
1271,16,114,39.15500206666425,2.4136991025657655,48.84207314509787
1272,16,115,60.081159391540886,2.414107948148339,48.84207522354726
1273,16,116,86.52385359438749,2.414516793777695,48.842077300546876
1274,16,117,114.73015631391016,2.4149256394538012,48.842079376096734
1275,16,118,143.66502808549308,2.4153344851766247,48.84208145019684
1276,16,119,172.96320944581475,2.4157433309461336,48.84208352284718
1277,16,120,202.46704262370218,2.416152176762294,48.842085594047774
1278,16,121,232.098114761364,2.4165610226250744,48.8420876637986
1279,16,122,261.8132280897406,2.4169698685344416,48.842089732099666
1280,16,123,291.58669024796353,2.417378714490363,48.84209179895098
1281,16,124,321.40228601668827,2.417787560492806,48.84209386435253
1282,17,33,224.32801986561805,2.3805794408340537,48.842169836230326
1283,17,34,206.71666544410047,2.380988284715061,48.84217203212934
1284,17,35,189.10531102258292,2.381397128645495,48.84217422657863
1285,17,36,171.49395660106535,2.3818059726253233,48.842176419578166
1286,17,37,153.88260217954777,2.382214816654514,48.84217861112797
1287,17,38,136.27124775803023,2.3826236607330338,48.84218080122804
1288,17,39,118.7282578385352,2.38303250486085,48.842182989878374
1289,17,40,104.84111219817017,2.3834413490379305,48.84218517707896
1290,17,41,93.22018643411374,2.3838501932642413,48.842187362829826
1291,17,42,81.59926067005729,2.384259037539752,48.84218954713093
1292,17,43,69.97833490600085,2.384667881864428,48.84219172998232
1293,17,44,58.357409141944416,2.385076726238238,48.842193911383944
1294,17,45,46.73648337788798,2.3854855706611486,48.842196091335836
1295,17,46,35.11555761383155,2.3858944151331274,48.842198269837986
1296,17,47,24.944130333053277,2.3863032596541416,48.8422004468904
1297,17,48,15.470896378828549,2.386712104224159,48.842202622493076
1298,17,49,5.997662424603821,2.387120948843146,48.842204796645994
1299,17,50,0.0,2.3875297935110713,48.84220696934918
1300,17,51,0.0,2.387938638227901,48.84220914060262
1301,17,52,0.0,2.3883474829936033,48.84221131040631
1302,17,53,8.435885916727928,2.3887563278081454,48.84221347876027
1303,17,54,17.84340524455825,2.3891651726714946,48.84221564566448
1304,17,55,27.250924572388577,2.3895740175836178,48.84221781111894
1305,17,56,36.658443900218906,2.389982862544483,48.84221997512366
1306,17,57,46.06596322804923,2.3903917075540577,48.84222213767863
1307,17,58,55.47348255587956,2.3908005526123093,48.84222429878386
1308,17,59,64.88100188370989,2.3912093977192037,48.842226458439335
1309,17,60,74.28852121154023,2.39161824287471,48.84222861664507
1310,17,61,83.69604053937056,2.392027088078795,48.84223077340105
1311,17,62,93.10355986720089,2.392435933331426,48.8422329287073
1312,17,63,102.5110791950312,2.39284477863257,48.84223508256379
1313,17,64,108.7138396487426,2.393253623982195,48.84223723497052
1314,17,65,106.22247525319773,2.393662469380268,48.84223938592752
1315,17,66,103.73111085765285,2.394071314826756,48.84224153543475
1316,17,67,101.239746462108,2.3944801603216272,48.84224368349224
1317,17,68,98.74838206656312,2.3948890058648487,48.84224583009999
1318,17,69,96.25701767101825,2.3952978514563874,48.84224797525798
1319,17,70,94.30910720521018,2.395706697096211,48.84225011896622
1320,17,71,95.4479404814319,2.3961155427842877,48.8422522612247
1321,17,72,96.59603498952302,2.396524388520583,48.84225440203344
1322,17,73,97.74412949761417,2.396933234305066,48.842256541392416
1323,17,74,98.89222400570529,2.3973420801377032,48.84225867930165
1324,17,75,100.04031851379642,2.3977509260184617,48.84226081576113
1325,17,76,101.18841302188753,2.39815977194731,48.84226295077086
1326,17,77,102.33650752997868,2.398568617924214,48.84226508433081
1327,17,78,103.4846020380698,2.398977463949142,48.84226721644104
1328,17,79,104.63269654616093,2.3993863100220616,48.84226934710149
1329,17,80,105.78079105425205,2.3997951561429396,48.842271476312185
1330,17,81,106.9883066955059,2.4002040023117432,48.84227360407314
1331,17,82,110.92676783840395,2.4006128485284406,48.84227573038432
1332,17,83,115.11608312971724,2.4010216947929983,48.84227785524576
1333,17,84,119.30539842103055,2.401430541105384,48.84227997865744
1334,17,85,123.49471371234385,2.401839387465565,48.84228210061936
1335,17,86,127.68402900365719,2.4022482338735087,48.84228422113153
1336,17,87,131.87334429497048,2.4026570803291825,48.842286340193915
1337,17,88,136.0626595862838,2.403065926832554,48.84228845780657
1338,17,89,140.2519748775971,2.40347477338359,48.84229057396946
1339,17,90,144.44129016891043,2.4038836199822584,48.842292688682576
1340,17,91,148.63060546022373,2.4042924666285264,48.84229480194595
1341,17,92,152.81992075153704,2.4047013133223607,48.842296913759554
1342,17,93,155.01518681388737,2.40511016006373,48.8422990241234
1343,17,94,157.09711186528588,2.4055190068526007,48.84230113303748
1344,17,95,159.1790369166844,2.4059278536889406,48.8423032405018
1345,17,96,161.26096196808288,2.4063367005727163,48.842305346516355
1346,17,97,163.3428870194814,2.4067455475038964,48.84230745108116
1347,17,98,165.4248120708799,2.407154394482447,48.842309554196184
1348,17,99,167.50673712227842,2.4075632415083366,48.84231165586146
1349,17,100,169.58866217367694,2.4079720885815314,48.84231375607697
1350,17,101,171.67058722507545,2.408380935702,48.84231585484271
1351,17,102,173.6383627350661,2.408789782869709,48.84231795215868
1352,17,103,170.20556211267083,2.4091986300846253,48.842320048024895
1353,17,104,166.7727614902756,2.4096074773467175,48.84232214244134
1354,17,105,159.243664609586,2.4100163246559525,48.84232423540803
1355,17,106,143.56933922168798,2.410425172012297,48.84232632692493
1356,17,107,131.30262178806905,2.4108340194157187,48.842328416992096
1357,17,108,125.17428574707063,2.4112428668661856,48.84233050560946
1358,17,109,126.08261234665895,2.4116517143636647,48.84233259277708
1359,17,110,116.160057834376,2.4120605619081226,48.84233467849493
1360,17,111,95.06117981482453,2.412469409499528,48.84233676276301
1361,17,112,75.58610609614483,2.412878257137847,48.84233884558132
1362,17,113,64.72936707375503,2.413287104823048,48.84234092694986
1363,17,114,66.83204686944865,2.4136959525550976,48.84234300686863
1364,17,115,80.88976459201399,2.4141048003339636,48.84234508533762
1365,17,116,102.07735078234886,2.414513648159613,48.84234716235685
1366,17,117,126.87165589576719,2.414922496032014,48.84234923792632
1367,17,118,153.53517055295578,2.415331343951133,48.84235131204601
1368,17,119,181.24480716345082,2.415740191916938,48.842353384715935
1369,17,120,209.58604832074997,2.4161490399293957,48.842355455936065
1370,17,121,238.33368032592244,2.4165578879884735,48.84235752570644
1371,17,122,267.3566432776456,2.4169667360941394,48.84235959402704
1372,17,123,296.5741159165471,2.417375584246361,48.84236166089787
1373,17,124,325.9337935205136,2.4177844324451048,48.842363726318915
1374,18,33,200.04139401022815,2.3805761128772467,48.84243969635305
1375,18,34,182.43003958871057,2.380984958954505,48.8424418922728
1376,18,35,164.81868516719302,2.3813938050811907,48.8424440867428
1377,18,36,147.20733074567545,2.3818026512572716,48.84244627976306
1378,18,37,129.59597632415787,2.382211497482716,48.84244847133356
1379,18,38,111.98462190264031,2.38262034375749,48.8424506614543
1380,18,39,94.37326748112275,2.3830291900815626,48.842452850125305
1381,18,40,77.50459543185096,2.3834380364548986,48.84245503734655
1382,18,41,65.56238311594889,2.383846882877468,48.84245722311804
1383,18,42,53.94145735189246,2.384255729349237,48.84245940743978
1384,18,43,42.32053158783602,2.3846645758701723,48.84246159031177
1385,18,44,30.69960582377959,2.3850734224402426,48.842463771734
1386,18,45,19.078680059723155,2.3854822690594144,48.84246595170647
1387,18,46,7.457754295666716,2.385891115727655,48.84246813022921
1388,18,47,0.0,2.386299962444933,48.84247030730218
1389,18,48,0.0,2.3867088092112136,48.84247248292539
1390,18,49,0.0,2.387117656026466,48.84247465709883
1391,18,50,7.796172525549161,2.3875265028906565,48.84247682982254
1392,18,51,18.032954727166747,2.3879353498037537,48.84247900109648
1393,18,52,27.515180733278488,2.3883441967657237,48.842481170920664
1394,18,53,36.92270006110881,2.3887530437765343,48.8424833392951
1395,18,54,46.33021938893914,2.389161890836153,48.84248550621977
1396,18,55,55.737738716769464,2.389570737944547,48.84248767169466
1397,18,56,65.14525804459979,2.3899795851016843,48.84248983571983
1398,18,57,74.55277737243011,2.3903884323075313,48.84249199829522
1399,18,58,83.96029670026043,2.3907972795620553,48.84249415942085
1400,18,59,93.36781602809076,2.3912061268652245,48.842496319096725
1401,18,60,102.77533535592111,2.391614974217006,48.842498477322835
1402,18,61,112.18285468375144,2.392023821617367,48.84250063409919
1403,18,62,121.59037401158177,2.3924326690662747,48.84250278942577
1404,18,63,130.9978933394121,2.3928415165636965,48.8425049433026
1405,18,64,138.61021239609462,2.3932503641096003,48.84250709572967
1406,18,65,136.11884800054975,2.3936592117039535,48.84250924670696
1407,18,66,133.62748360500487,2.3940680593467225,48.84251139623451
1408,18,67,131.13611920946,2.3944769070378755,48.84251354431228
1409,18,68,128.6447548139151,2.3948857547773796,48.842515690940296
1410,18,69,126.15339041837026,2.395294602565202,48.84251783611854
1411,18,70,124.30240708410437,2.3957034504013097,48.84251997984702
1412,18,71,125.42596374849359,2.3961122982856717,48.842522122125736
1413,18,72,126.5740582565847,2.396521146218254,48.84252426295468
1414,18,73,127.72215276467584,2.3969299941990236,48.84252640233386
1415,18,74,128.87024727276696,2.3973388422279487,48.84252854026329
1416,18,75,130.0183417808581,2.3977476903049966,48.84253067674294
1417,18,76,131.16643628894923,2.398156538430134,48.84253281177282
1418,18,77,132.31453079704036,2.3985653866033294,48.84253494535294
1419,18,78,133.4626253051315,2.3989742348245495,48.842537077483286
1420,18,79,134.61071981322263,2.3993830830937615,48.84253920816386
1421,18,80,135.75881432131376,2.399791931410933,48.84254133739466
1422,18,81,136.92824565332353,2.400200779776031,48.8425434651757
1423,18,82,140.6328217229233,2.4006096281890237,48.842545591506976
1424,18,83,144.8221370142366,2.401018476649878,48.84254771638847
1425,18,84,149.01145230554994,2.4014273251585605,48.84254983982019
1426,18,85,153.20076759686324,2.40183617371504,48.84255196180216
1427,18,86,157.39008288817655,2.402245022319283,48.84255408233434
1428,18,87,161.57939817948986,2.402653870971257,48.84255620141674
1429,18,88,165.76871347080316,2.403062719670929,48.84255831904939
1430,18,89,169.95802876211647,2.4034715684182673,48.84256043523226
1431,18,90,174.14734405342978,2.4038804172132378,48.84256254996535
1432,18,91,178.33665934474308,2.4042892660558093,48.84256466324867
1433,18,92,182.5259746360564,2.404698114945949,48.84256677508222
1434,18,93,184.94285942771353,2.405106963883623,48.84256888546599
1435,18,94,187.02478447911204,2.4055158128688,48.842570994399985
1436,18,95,189.10670953051053,2.405924661901447,48.842573101884206
1437,18,96,191.188634581909,2.4063335109815314,48.84257520791866
1438,18,97,193.27055963330753,2.4067423601090203,48.84257731250332
1439,18,98,195.35248468470604,2.4071512092838816,48.84257941563821
1440,18,99,197.43440973610456,2.4075600585060815,48.842581517323325
1441,18,100,199.51633478750307,2.4079689077755884,48.84258361755867
1442,18,101,201.59825983890158,2.4083777570923695,48.84258571634422
1443,18,102,203.44131359377946,2.408786606456392,48.84258781368001
1444,18,103,200.00851297138422,2.409195455867623,48.842589909566016
1445,18,104,196.575712348989,2.4096043053260305,48.842592004002235
1446,18,105,184.7717479139236,2.4100131548315815,48.84259409698868
1447,18,106,170.27186576953284,2.4104220043842437,48.84259618852534
1448,18,107,160.0647731279634,2.4108308539839833,48.84259827861222
1449,18,108,155.07725468415728,2.4112397036307693,48.84260036724933
1450,18,109,154.53473513171093,2.4116485533245675,48.84260245443665
1451,18,110,137.45328181864136,2.412057403065347,48.84260454017419
1452,18,111,117.34579758008422,2.412466252853074,48.84260662446194
1453,18,112,102.20894156920598,2.4128751026877158,48.84260870729993
1454,18,113,94.46321645851691,2.4132839525692398,48.84261078868812
1455,18,114,95.91626968705506,2.413692802497614,48.84261286862653
1456,18,115,106.19115931974346,2.414101652472805,48.84261494711516
1457,18,116,123.09830967426969,2.414510502494781,48.84261702415401
1458,18,117,144.32541485010066,2.414919352563509,48.84261909974306
1459,18,118,168.24522845728765,2.4153282026789555,48.84262117388234
1460,18,119,193.86358199939508,2.415737052841089,48.842623246571826
1461,18,120,220.5894828694864,2.4161459030498764,48.842625317811525
1462,18,121,248.06521618239566,2.4165547533052854,48.842627387601446
1463,18,122,276.0669900705442,2.416963603607283,48.842629455941584
1464,18,123,304.4496913015371,2.4173724539558363,48.84263152283192
1465,18,124,333.11596488399124,2.417781304350913,48.84263358827248
1466,19,32,193.36612257635582,2.3801639366468996,48.84270735907265
1467,19,33,175.75476815483825,2.380572784870979,48.8427095564629
1468,19,34,158.14341373332067,2.3809816331445206,48.842711752403396
1469,19,35,140.5320593118031,2.381390481467491,48.842713946894115
1470,19,36,122.92070489028553,2.3817993298398576,48.84271613993507
1471,19,37,105.30935046876796,2.3822081782615885,48.84271833152627
1472,19,38,87.6979960472504,2.38261702673265,48.842720521667694
1473,19,39,70.08664162573282,2.3830258752530096,48.84272271035936
1474,19,40,52.475287204215256,2.383434723822636,48.84272489760126
1475,19,41,37.904579797784066,2.383843572441495,48.84272708339339
1476,19,42,26.283654033727633,2.3842524211095544,48.84272926773576
1477,19,43,14.662728269671195,2.384661269826782,48.84273145062836
1478,19,44,3.04180250561476,2.3850701185931453,48.84273363207118
1479,19,45,0.0,2.385478967408611,48.84273581206425
1480,19,46,0.0,2.3858878162731467,48.842737990607546
1481,19,47,5.285263683826456,2.3862966651867197,48.84274016770107
1482,19,48,15.52204588544404,2.3867055141492974,48.842742343344824
1483,19,49,25.758828087061627,2.3871143631608476,48.84274451753881
1484,19,50,35.99561028867921,2.387523212221337,48.84274669028302
1485,19,51,46.2323924902968,2.387932061330733,48.842748861577476
1486,19,52,56.00199487765937,2.388340910489003,48.84275103142215
1487,19,53,65.4095142054897,2.3887497596961156,48.84275319981705
1488,19,54,74.81703353332003,2.389158608952037,48.84275536676218
1489,19,55,84.22455286115034,2.389567458256734,48.84275753225754
1490,19,56,93.63207218898067,2.389976307610175,48.842759696303126
1491,19,57,103.039591516811,2.390385157012327,48.84276185889894
1492,19,58,112.44711084464133,2.3907940064631568,48.842764020044974
1493,19,59,121.85463017247166,2.391202855962633,48.84276617974124
1494,19,60,131.26214950030197,2.391611705510722,48.842768337987735
1495,19,61,140.6696688281323,2.392020555107392,48.842770494784446
1496,19,62,150.07718815596263,2.3924294047526096,48.84277265013139
1497,19,63,159.48470748379296,2.392838254446342,48.84277480402855
1498,19,64,168.5065851434466,2.3932471041885575,48.842776956475944
1499,19,65,166.01522074790174,2.3936559539792226,48.84277910747356
1500,19,66,163.5238563523569,2.3940648038183054,48.84278125702139
1501,19,67,161.032491956812,2.3944736537057723,48.842783405119455
1502,19,68,158.54112756126713,2.394882503641592,48.842785551767726
1503,19,69,156.04976316572225,2.3952913536257303,48.842787696966234
1504,19,70,154.298312083966,2.395700203658156,48.842789840714964
1505,19,71,155.40398701555526,2.396109053738835,48.842791983013896
1506,19,72,156.5520815236464,2.396517903867736,48.84279412386306
1507,19,73,157.70017603173753,2.396926754044826,48.84279626326244
1508,19,74,158.84827053982863,2.3973356042700718,48.84279840121205
1509,19,75,159.9963650479198,2.397744454543441,48.842800537711874
1510,19,76,161.1444595560109,2.3981533048649015,48.84280267276192
1511,19,77,162.29255406410203,2.3985621552344205,48.842804806362174
1512,19,78,163.44064857219317,2.3989710056519646,48.84280693851265
1513,19,79,164.5887430802843,2.399379856117502,48.84280906921336
1514,19,80,165.7368375883754,2.399788706631,48.84281119846427
1515,19,81,166.88975746229065,2.4001975571924254,48.8428133262654
1516,19,82,170.33887560744267,2.400606407801746,48.84281545261675
1517,19,83,174.528190898756,2.4010152584589286,48.84281757751832
1518,19,84,178.71750619006932,2.401424109163942,48.84281970097008
1519,19,85,182.90682148138262,2.4018329599167516,48.842821822972084
1520,19,86,187.09613677269593,2.4022418107173262,48.84282394352429
1521,19,87,191.28545206400923,2.4026506615656325,48.84282606262671
1522,19,88,195.47476735532254,2.4030595124616383,48.84282818027935
1523,19,89,199.66408264663585,2.403468363405311,48.8428302964822
1524,19,90,203.85339793794915,2.4038772143966174,48.842832411235264
1525,19,91,208.0427132292625,2.4042860654355254,48.84283452453853
1526,19,92,212.2320285205758,2.404694916522002,48.84283663639202
1527,19,93,214.87053204153966,2.4051037676560143,48.84283874679573
1528,19,94,216.95245709293818,2.40551261883753,48.84284085574963
1529,19,95,219.03438214433666,2.405921470066517,48.84284296325376
1530,19,96,221.11630719573517,2.406330321342942,48.84284506930808
1531,19,97,223.1982322471337,2.406739172666773,48.84284717391263
1532,19,98,225.2801572985322,2.407148024037976,48.84284927706739
1533,19,99,227.36208234993072,2.4075568754565198,48.842851378772345
1534,19,100,229.44400740132923,2.407965726922371,48.842853479027504
1535,19,101,231.52593245272774,2.4083745784354975,48.842855577832886
1536,19,102,233.2442644524928,2.408783429995866,48.84285767518847
1537,19,103,229.81146383009758,2.4091922816034446,48.84285977109427
1538,19,104,226.05790733201314,2.4096011332582,48.84286186555027
1539,19,105,210.58166600360752,2.4100099849600998,48.842863958556485
1540,19,106,197.9213515028722,2.4104188367091113,48.8428660501129
1541,19,107,189.21174568348573,2.4108276885052025,48.842868140219515
1542,19,108,185.01164295379,2.4112365403483396,48.842870228876336
1543,19,109,179.86156192372866,2.411645392238491,48.842872316083366
1544,19,110,159.45787213127653,2.412054244175623,48.842874401840604
1545,19,111,142.49015584111697,2.4124630961597044,48.842876486148036
1546,19,112,130.307620800232,2.4128719481907015,48.842878569005684
1547,19,113,124.32500780457775,2.413280800268582,48.84288065041354
1548,19,114,125.43260777245914,2.413689652393313,48.84288273037159
1549,19,115,133.4540018867581,2.414098504564862,48.84288480887984
1550,19,116,147.2637163274854,2.4145073567831963,48.8428868859383
1551,19,117,165.41835954202108,2.414916209048284,48.84288896154695
1552,19,118,186.65440043182645,2.4153250613600914,48.84289103570581
1553,19,119,210.03927425021226,2.415733913718586,48.84289310841487
1554,19,120,234.93217798877006,2.416142766123736,48.84289517967413
1555,19,121,260.90182019590895,2.4165516185755083,48.84289724948359
1556,19,122,287.65672477543376,2.4169604710738692,48.842899317843255
1557,19,123,314.99686162805006,2.417369323618788,48.84290138475312
1558,19,124,342.7822258555892,2.417778176210231,48.84290345021317
1559,20,31,186.69085114248344,2.379751756023955,48.84297502028812
1560,20,32,169.07949672096586,2.380160606394855,48.84297721914889
1561,20,33,151.46814229944832,2.3805694568152496,48.84297941655989
1562,20,34,133.85678787793077,2.3809783072851074,48.842981612521115
1563,20,35,116.2454334564132,2.381387157804395,48.84298380703256
1564,20,36,98.63407903489563,2.3817960083730796,48.842986000094236
1565,20,37,81.02272461337806,2.382204858991129,48.84298819170612
1566,20,38,63.411370191860485,2.3826137096585107,48.84299038186823
1567,20,39,45.80001577034291,2.3830225603751916,48.842992570580556
1568,20,40,28.188661348825345,2.383431411141139,48.842994757843115
1569,20,41,10.57730692730778,2.3838402619563213,48.84299694365588
1570,20,42,0.0,2.384249112820705,48.84299912801887
1571,20,43,0.0,2.384657963734257,48.84300131093209
1572,20,44,0.922485344576055,2.385066814696945,48.84300349239551
1573,20,45,13.01113704372134,2.385475665708737,48.84300567240916
1574,20,46,23.247919245338924,2.3858845167696003,48.84300785097303
1575,20,47,33.48470144695651,2.3862933678795017,48.843010028087114
1576,20,48,43.7214836485741,2.386702219038409,48.84301220375142
1577,20,49,53.95826585019168,2.387111070246289,48.84301437796593
1578,20,50,64.19504805180927,2.3875199215031095,48.84301655073066
1579,20,51,74.43183025342685,2.3879287728088383,48.8430187220456
1580,20,52,84.48880902204027,2.3883376241634418,48.84302089191077
1581,20,53,93.8963283498706,2.3887464755668875,48.84302306032615
1582,20,54,103.3038476777009,2.3891553270191435,48.84302522729174
1583,20,55,112.71136700553122,2.389564178520177,48.84302739280755
1584,20,56,122.11888633336154,2.3899730300699544,48.84302955687357
1585,20,57,131.5264056611919,2.390381881668444,48.84303171948981
1586,20,58,140.9339249890222,2.390790733315613,48.84303388065624
1587,20,59,150.34144431685252,2.3911995850114285,48.84303604037291
1588,20,60,159.74896364468287,2.3916084367558583,48.843038198639775
1589,20,61,169.15648297251317,2.3920172885488693,48.84304035545686
1590,20,62,178.5640023003435,2.3924261403904294,48.84304251082415
1591,20,63,187.97152162817383,2.392834992280505,48.843044664741655
1592,20,64,197.37904095600416,2.3932438442190644,48.84304681720937
1593,20,65,195.91159349525373,2.393652696206075,48.84304896822729
1594,20,66,193.42022909970888,2.3940615482415035,48.843051117795426
1595,20,67,190.928864704164,2.394470400325318,48.84305326591377
1596,20,68,188.43750030861912,2.3948792524574847,48.843055412582316
1597,20,69,185.94613591307427,2.395288104637972,48.84305755780108
1598,20,70,184.29555018236212,2.3956969568667468,48.843059701570056
1599,20,71,185.3820102826169,2.3961058091437772,48.84306184388922
1600,20,72,186.53010479070807,2.3965146614690296,48.843063984758594
1601,20,73,187.6781992987992,2.396923513842472,48.84306612417818
1602,20,74,188.8262938068903,2.397332366264071,48.84306826214797
1603,20,75,189.97438831498144,2.397741218733795,48.843070398667976
1604,20,76,191.1224828230726,2.39815007125161,48.84307253373818
1605,20,77,192.2705773311637,2.398558923817485,48.84307466735858
1606,20,78,193.41867183925484,2.3989677764313866,48.84307679952919
1607,20,79,194.56676634734598,2.399376629093282,48.84307893025001
1608,20,80,195.7148608554371,2.3997854818031388,48.843081059521026
1609,20,81,196.86299254544386,2.4001943345609242,48.84308318734225
1610,20,82,200.04492949196205,2.400603187366605,48.84308531371368
1611,20,83,204.23424478327536,2.40101204022015,48.8430874386353
1612,20,84,208.42356007458866,2.401420893121525,48.84308956210714
1613,20,85,212.61287536590197,2.4018297460706988,48.84309168412918
1614,20,86,216.80219065721528,2.402238599067638,48.8430938047014
1615,20,87,220.99150594852858,2.40264745211231,48.84309592382383
1616,20,88,225.1808212398419,2.4030563052046814,48.843098041496454
1617,20,89,229.37013653115523,2.403465158344721,48.84310015771929
1618,20,90,233.55945182246853,2.403874011532395,48.843102272492324
1619,20,91,237.74876711378184,2.404282864767672,48.84310438581555
1620,20,92,241.93808240509514,2.4046917180505183,48.84310649768899
1621,20,93,244.7982046553658,2.4051005713809013,48.8431086081126
1622,20,94,246.8801297067643,2.4055094247587894,48.84311071708643
1623,20,95,248.9620547581628,2.405918278184149,48.84311282461046
1624,20,96,251.0439798095613,2.4063271316569472,48.84311493068468
1625,20,97,253.12590486095982,2.4067359851771517,48.84311703530909
1626,20,98,255.20782991235833,2.4071448387447307,48.8431191384837
1627,20,99,257.2897549637568,2.40755369235965,48.843121240208504
1628,20,100,259.37168001515533,2.4079625460218788,48.84312334048351
1629,20,101,261.45360506655385,2.4083713997313834,48.84312543930871
1630,20,102,263.0472153112062,2.4087802534881306,48.8431275366841
1631,20,103,259.61441468881094,2.4091891072920886,48.84312963260969
1632,20,104,251.58848908698508,2.409597961143225,48.843131727085456
1633,20,105,237.32886711257987,2.4100068150415064,48.84313382011143
1634,20,106,226.17076400102906,2.4104156689869005,48.8431359116876
1635,20,107,218.58965623441054,2.4108245229793748,48.843138001813955
1636,20,108,214.96432526478984,2.4112333770188963,48.8431400904905
1637,20,109,201.70173464688642,2.4116422311054326,48.84314217771724
1638,20,110,183.7395474212186,2.412051085238951,48.84314426349417
1639,20,111,169.2242678032483,2.4124599394194193,48.843146347821296
1640,20,112,159.10211922075945,2.412868793646804,48.843148430698605
1641,20,113,154.24044822136642,2.413277647921073,48.84315051212611
1642,20,114,155.1346105629536,2.4136865022421934,48.8431525921038
1643,20,115,161.68914286837733,2.4140953566101335,48.84315467063166
1644,20,116,173.26283631668332,2.4145042110248593,48.84315674770975
1645,20,117,188.9355497927615,2.414913065486339,48.84315882333801
1646,20,118,207.78179300045593,2.4153219199945397,48.84316089751644
1647,20,119,229.0194424704496,2.4157307745494285,48.843162970245075
1648,20,120,252.04471142332432,2.416139629150973,48.843165041523896
1649,20,121,276.4112300241401,2.4165484837991413,48.843167111352905
1650,20,122,301.7943001622949,2.416957338493899,48.843169179732094
1651,20,123,327.95797160221707,2.4173661932352157,48.84317124666146
1652,21,30,180.0155797086111,2.3793395710083507,48.843242679999406
1653,21,31,162.40422528709354,2.3797484235260686,48.84324488033073
1654,21,32,144.79287086557596,2.380157276093315,48.843247079212276
1655,21,33,127.1815164440584,2.3805661287100577,48.843249276644016
1656,21,34,109.57016202254084,2.380974981376264,48.84325147262598
1657,21,35,91.95880760102328,2.3813838340919014,48.843253667158145
1658,21,36,74.3474531795057,2.3817926868569366,48.843255860240525
1659,21,37,56.736098757988145,2.3822015396713376,48.84325805187311
1660,21,38,39.12474433647058,2.3826103925350717,48.8432602420559
1661,21,39,21.513389914953006,2.3830192454481063,48.8432624307889
1662,21,40,3.9020354934354393,2.3834280984104086,48.843264618072105
1663,21,41,0.0,2.3838369514219457,48.84326680390551
1664,21,42,0.0,2.3842458044826853,48.84326898828913
1665,21,43,7.236620977951758,2.384654657592595,48.84327117122296
1666,21,44,25.056514876460742,2.385063510751642,48.84327335270698
1667,21,45,41.21057480685139,2.385472363959793,48.84327553274121
1668,21,46,51.44735700846897,2.385881217217016,48.84327771132565
1669,21,47,61.68413921008656,2.3862900705232786,48.84327988846029
1670,21,48,71.92092141170416,2.3866989238785474,48.843282064145136
1671,21,49,82.15770361332174,2.3871077772827904,48.84328423838018
1672,21,50,92.39448581493933,2.3875166307359748,48.84328641116543
1673,21,51,102.63126801655692,2.387925484238068,48.843288582500875
1674,21,52,112.8680502181745,2.388334337789037,48.84329075238653
1675,21,53,122.38314249425149,2.38874319138885,48.84329292082239
1676,21,54,131.79066182208177,2.3891520450374735,48.84329508780844
1677,21,55,141.1981811499121,2.3895608987348744,48.8432972533447
1678,21,56,150.60570047774243,2.389969752481022,48.84329941743115
1679,21,57,160.01321980557276,2.3903786062758816,48.8433015800678
1680,21,58,169.4207391334031,2.390787460119422,48.84330374125465
1681,21,59,178.82825846123342,2.39119631401161,48.84330590099171
1682,21,60,188.23577778906375,2.391605167952413,48.84330805927896
1683,21,61,197.64329711689408,2.392014021941798,48.843310216116414
1684,21,62,207.05081644472443,2.392422875979732,48.843312371504055
1685,21,63,216.45833577255473,2.3928317300661845,48.84331452544189
1686,21,64,225.86585510038506,2.3932405842011204,48.843316677929934
1687,21,65,225.80796624260574,2.3936494383845086,48.84331882896817
1688,21,66,223.3166018470609,2.394058292616316,48.843320978556605
1689,21,67,220.82523745151602,2.3944671468965093,48.843323126695225
1690,21,68,218.33387305597114,2.3948760012250574,48.843325273384046
1691,21,69,215.84250866042626,2.395284855601926,48.84332741862306
1692,21,70,214.29356155068712,2.3956937100270834,48.84332956241227
1693,21,71,215.36003354967858,2.396102564500497,48.84333170475167
1694,21,72,216.50812805776974,2.3965114190221333,48.843333845641276
1695,21,73,217.65622256586087,2.3969202735919604,48.843335985081055
1696,21,74,218.80431707395198,2.397329128209946,48.84333812307103
1697,21,75,219.9524115820431,2.3977379828760568,48.8433402596112
1698,21,76,221.10050609013427,2.39814683759026,48.84334239470157
1699,21,77,222.24860059822538,2.3985556923525237,48.84334452834213
1700,21,78,223.3966951063165,2.398964547162815,48.84334666053287
1701,21,79,224.54478961440765,2.3993734020211006,48.84334879127382
1702,21,80,225.69288412249878,2.3997822569273493,48.84335092056494
1703,21,81,226.84097863058992,2.4001911118815267,48.84335304840624
1704,21,82,229.75098337648146,2.4005999668836013,48.84335517479775
1705,21,83,233.94029866779476,2.40100882193354,48.843357299739445
1706,21,84,238.1296139591081,2.401417677031311,48.84335942323133
1707,21,85,242.3189292504214,2.4018265321768806,48.84336154527339
1708,21,86,246.5082445417347,2.4022353873702165,48.843363665865645
1709,21,87,250.697559833048,2.4026442426112857,48.843365785008096
1710,21,88,254.8868751243613,2.403053097900057,48.84336790270071
1711,21,89,259.0761904156746,2.403461953236496,48.84337001894353
1712,21,90,263.2655057069879,2.403870808620571,48.84337213373653
1713,21,91,267.4548209983012,2.404279664052249,48.843374247079716
1714,21,92,271.6441362896145,2.404688519531498,48.843376358973096
1715,21,93,274.7258772691919,2.4050973750582845,48.84337846941665
1716,21,94,276.80780232059044,2.4055062306325765,48.84338057841038
1717,21,95,278.88972737198895,2.405915086254341,48.8433826859543
1718,21,96,280.97165242338747,2.406323941923546,48.84338479204841
1719,21,97,283.053577474786,2.406732797640158,48.8433868966927
1720,21,98,285.1355025261845,2.407141653404144,48.843388999887175
1721,21,99,287.217427577583,2.4075505092154725,48.84339110163182
1722,21,100,289.2993526289815,2.4079593650741105,48.84339320192666
1723,21,101,291.38127768038004,2.4083682209800257,48.843395300771675
1724,21,102,292.85016616991953,2.408777076933185,48.843397398166864
1725,21,103,289.4173655475243,2.409185932933555,48.84339949411225
1726,21,104,277.6276660370103,2.4095947889811047,48.843401588607804
1727,21,105,264.77413822544355,2.4100036450758,48.843403681653534
1728,21,106,254.82065771223273,2.410412501217609,48.84340577324945
1729,21,107,248.11648659604114,2.4108213574065,48.84340786339554
1730,21,108,244.0089476525224,2.4112302136424377,48.84340995209181
1731,21,109,225.42625858910642,2.4116390699253922,48.84341203933826
1732,21,110,209.50806568834992,2.412047926255329,48.843414125134885
1733,21,111,196.9016534096786,2.412456782632217,48.84341620948169
1734,21,112,188.27345177283084,2.412865639056022,48.843418292378665
1735,21,113,184.18339819171464,2.4132744955267125,48.843420373825815
1736,21,114,184.93284104355013,2.4136833520442553,48.84342245382315
1737,21,115,190.46466135068266,2.4140922086086185,48.84342453237066
1738,21,116,200.3831798091384,2.4145010652197687,48.843426609468345
1739,21,117,214.07954194040298,2.414909921877673,48.84342868511621
1740,21,118,230.8823982126052,2.415318778582299,48.84343075931424
1741,21,119,250.16657117088062,2.4157276353336155,48.84343283206243
1742,21,120,271.4036566783626,2.4161364921315873,48.843434903360816
1743,21,121,294.170998545706,2.4165453489761837,48.843436973209364
1744,21,122,318.1402330928439,2.4169542058673716,48.843439041608086
1745,21,123,343.05952754494416,2.417363062805118,48.84344110855698
1746,22,29,174.03976886113688,2.378927381600023,48.84351033820646
1747,22,30,155.92185128729264,2.3793362362645567,48.843512540008376
1748,22,31,138.11759943170364,2.379745090978653,48.843514740360476
1749,22,32,120.50624501018608,2.380153945742279,48.843516939262784
1750,22,33,102.8948905886685,2.3805628005554027,48.84351913671528
1751,22,34,85.28353616715094,2.38097165541799,48.84352133271796
1752,22,35,67.67218174563337,2.3813805103300094,48.84352352727086
1753,22,36,50.06082732411579,2.381789365291428,48.84352572037395
1754,22,37,32.449472902598224,2.3821982203022136,48.84352791202723
1755,22,38,14.83811848108066,2.382607075362333,48.84353010223069
1756,22,39,0.0,2.3830159304717538,48.84353229098436
1757,22,40,0.0,2.3834247856304427,48.84353447828822
1758,22,41,0.0,2.3838336408383682,48.84353666414227
1759,22,42,13.55075661132746,2.3842424960954967,48.84353884854651
1760,22,43,31.370650509836448,2.384651351401796,48.84354103150094
1761,22,44,49.19054440834543,2.3850602067572337,48.84354321300558
1762,22,45,67.01043830685443,2.3854690621617767,48.84354539306039
1763,22,46,79.64679477159903,2.3858779176153924,48.843547571665404
1764,22,47,89.88357697321662,2.386286773118049,48.8435497488206
1765,22,48,100.1203591748342,2.3866956286697123,48.84355192452599
1766,22,49,110.3571413764518,2.387104484270351,48.84355409878156
1767,22,50,120.59392357806938,2.3875133399199315,48.84355627158734
1768,22,51,130.83070577968698,2.387922195618422,48.84355844294329
1769,22,52,141.06748798130454,2.3883310513657894,48.84356061284942
1770,22,53,150.86995663863237,2.3887399071620012,48.84356278130576
1771,22,54,160.27747596646267,2.3891487630070247,48.84356494831228
1772,22,55,169.684995294293,2.389557618900828,48.84356711386898
1773,22,56,179.09251462212333,2.389966474843377,48.84356927797587
1774,22,57,188.50003394995366,2.3903753308346394,48.84357144063294
1775,22,58,197.907553277784,2.390784186874584,48.843573601840205
1776,22,59,207.31507260561432,2.3911930429631765,48.84357576159765
1777,22,60,216.72259193344465,2.391601899100385,48.84357791990527
1778,22,61,226.13011126127498,2.3920107552861762,48.8435800767631
1779,22,62,235.53763058910528,2.392419611520519,48.84358223217109
1780,22,63,244.9451499169356,2.3928284678033798,48.843584386129265
1781,22,64,254.35266924476593,2.393237324134725,48.84358653863764
1782,22,65,255.70433898995773,2.3936461805145237,48.84358868969618
1783,22,66,253.21297459441288,2.3940550369427416,48.84359083930491
1784,22,67,250.72161019886804,2.394463893419348,48.843592987463815
1785,22,68,248.23024580332313,2.3948727499443083,48.843595134172915
1786,22,69,245.73888140777828,2.3952816065175915,48.843597279432174
1787,22,70,244.2920613264719,2.3956904631391636,48.84359942324163
1788,22,71,245.3380568167403,2.396099319808993,48.84360156560126
1789,22,72,246.4861513248314,2.3965081765270466,48.84360370651107
1790,22,73,247.63424583292255,2.3969170332932914,48.84360584597107
1791,22,74,248.78234034101365,2.3973258901076955,48.84360798398124
1792,22,75,249.93043484910478,2.397734746970226,48.843610120541584
1793,22,76,251.07852935719595,2.39814360388085,48.84361225565211
1794,22,77,252.22662386528705,2.398552460839535,48.84361438931281
1795,22,78,253.3747183733782,2.3989613178462483,48.843616521523685
1796,22,79,254.52281288146932,2.3993701749009575,48.84361865228474
1797,22,80,255.67090738956045,2.3997790320036296,48.84362078159597
1798,22,81,256.81900189765156,2.4001878891542323,48.84362290945738
1799,22,82,259.45703726100083,2.400596746352733,48.84362503586897
1800,22,83,263.64635255231417,2.401005603599099,48.84362716083072
1801,22,84,267.83566784362745,2.4014144608932972,48.843629284342654
1802,22,85,272.0249831349408,2.4018233182352957,48.84363140640476
1803,22,86,276.21429842625406,2.402232175625061,48.84363352701704
1804,22,87,280.40361371756734,2.4026410330625616,48.84363564617949
1805,22,88,284.5929290088807,2.4030498905477637,48.84363776389212
1806,22,89,288.78224430019395,2.4034587480806353,48.84363988015491
1807,22,90,292.9715595915073,2.403867605661144,48.84364199496788
1808,22,91,297.16087488282056,2.4042764632892557,48.84364410833102
1809,22,92,301.3501901741339,2.4046853209649397,48.84364622024433
1810,22,93,304.65354988301806,2.4050941786881626,48.84364833070782
1811,22,94,306.7354749344166,2.4055030364588914,48.84365043972148
1812,22,95,308.8173999858151,2.405911894277094,48.843652547285295
1813,22,96,310.8993250372136,2.406320752142737,48.84365465339929
1814,22,97,312.9812500886121,2.4067296100557884,48.84365675806345
1815,22,98,315.0631751400106,2.4071384680162153,48.84365886127778
1816,22,99,317.14510019140914,2.4075473260239857,48.84366096304229
1817,22,100,319.22702524280766,2.4079561840790658,48.84366306335694
1818,22,101,321.30895029420617,2.408365042181424,48.843665162221775
1819,22,102,322.6531170286329,2.408773900331027,48.84366725963678
1820,22,103,318.4795923342261,2.4091827585278427,48.84366935560194
1821,22,104,304.3969021807604,2.409591616771838,48.84367145011728
1822,22,105,292.7211939390655,2.41000047506298,48.84367354318278
1823,22,106,283.7497501408249,2.4104093334012373,48.843675634798444
1824,22,107,277.74474617686144,2.4108181917865763,48.843677724964266
1825,22,108,267.3457963694419,2.4112270502189643,48.84367981368027
1826,22,109,250.50031210240513,2.4116359086983685,48.84368190094643
1827,22,110,236.27745954786639,2.4120447672247574,48.84368398676275
1828,22,111,225.17475306389235,2.412453625798097,48.84368607112923
1829,22,112,217.67016548984418,2.4128624844183557,48.84368815404588
1830,22,113,214.14231826373648,2.4132713430855004,48.84369023551268
1831,22,114,214.78725287679126,2.413680201799498,48.843692315529665
1832,22,115,219.56820244595968,2.4140890605603165,48.8436943940968
1833,22,116,228.2253865203019,2.414497919367923,48.843696471214095
1834,22,117,240.34029745203458,2.414906778222285,48.84369854688155
1835,22,118,255.4213971191993,2.41531563712337,48.84370062109917
1836,22,119,272.97751122265544,2.415724496071145,48.843702693866945
1837,22,120,292.5634173308519,2.4161333550655777,48.84370476518488
1838,22,121,313.7992745168438,2.4165422141066353,48.84370683505297
1839,22,122,336.37273405299777,2.416951073194285,48.84370890347122
1840,23,29,150.12866134209074,2.3789240446102555,48.843780198181776
1841,23,30,132.01074376824647,2.3793329014712,48.84378240000448
1842,23,31,113.89282619440222,2.3797417583817078,48.843784600377354
1843,23,32,96.21961915479616,2.3801506153417464,48.843786799300425
1844,23,33,78.60826473327859,2.3805594723512824,48.843788996773675
1845,23,34,60.99691031176103,2.380968329410284,48.8437911927971
1846,23,35,43.38555589024346,2.3813771865187188,48.843793387370724
1847,23,36,25.77420146872589,2.3817860436765534,48.84379558049451
1848,23,37,8.162847047208322,2.3821949008837553,48.84379777216848
1849,23,38,0.0,2.382603758140293,48.84379996239263
1850,23,39,0.0,2.383012615446132,48.84380215116697
1851,23,40,2.044998346194176,2.383421472801241,48.84380433849147
1852,23,41,19.864892244703146,2.383830330205587,48.84380652436617
1853,23,42,37.68478614321213,2.384239187659137,48.84380870879104
1854,23,43,55.504680041721116,2.384648045161859,48.84381089176609
1855,23,44,73.3245739402301,2.3850569027137203,48.843813073291315
1856,23,45,91.14446783873909,2.3854657603146876,48.84381525336672
1857,23,46,107.84623253472908,2.385874617964729,48.8438174319923
1858,23,47,118.08301473634668,2.3862834756638107,48.84381960916805
1859,23,48,128.31979693796427,2.386692333411902,48.84382178489399
1860,23,49,138.55657913958186,2.3871011912089686,48.843823959170095
1861,23,50,148.79336134119941,2.387510049054978,48.843826131996366
1862,23,51,159.03014354281703,2.3879189069498987,48.84382830337283
1863,23,52,169.26692574443462,2.3883277648936976,48.84383047329946
1864,23,53,179.35677078301325,2.388736622886341,48.843832641776274
1865,23,54,188.76429011084358,2.389145480927797,48.84383480880325
1866,23,55,198.1718094386739,2.3895543390180336,48.8438369743804
1867,23,56,207.5793287665042,2.3899631971570177,48.843839138507725
1868,23,57,216.98684809433453,2.3903720553447156,48.84384130118522
1869,23,58,226.39436742216486,2.390780913581097,48.84384346241289
1870,23,59,235.8018867499952,2.391189771866127,48.843845622190734
1871,23,60,245.20940607782552,2.391598630199774,48.84384778051874
1872,23,61,254.61692540565585,2.3920074885820046,48.84384993739693
1873,23,62,264.0244447334862,2.3924163470127873,48.84385209282528
1874,23,63,273.43196406131653,2.3928252054920893,48.843854246803794
1875,23,64,282.83948338914684,2.3932340640198766,48.84385639933248
1876,23,65,285.6007117373097,2.3936429225961184,48.84385855041134
1877,23,66,283.1093473417649,2.3940517812207807,48.843860700040366
1878,23,67,280.61798294622,2.3944606398938313,48.843862848219565
1879,23,68,278.1266185506751,2.394869498615238,48.843864994948916
1880,23,69,275.63525415513027,2.395278357384967,48.843867140228454
1881,23,70,274.29088926210306,2.395687216202987,48.843869284058144
1882,23,71,275.316080083802,2.396096075069265,48.84387142643801
1883,23,72,276.4641745918931,2.3965049339837683,48.84387356736803
1884,23,73,277.6122690999842,2.3969137929464637,48.84387570684823
1885,23,74,278.76036360807535,2.3973226519573188,48.84387784487859
1886,23,75,279.9084581161665,2.397731511016301,48.843879981459104
1887,23,76,281.0565526242576,2.3981403701233783,48.843882116589796
1888,23,77,282.2046471323487,2.3985492292785175,48.843884250270634
1889,23,78,283.35274164043983,2.3989580884816855,48.84388638250165
1890,23,79,284.500836148531,2.399366947732851,48.843888513282835
1891,23,80,285.64893065662216,2.39977580703198,48.84389064261417
1892,23,81,286.79702516471326,2.4001846663790407,48.843892770495664
1893,23,82,289.17618636463254,2.4005935257739996,48.84389489692733
1894,23,83,293.3524064368335,2.4010023852168247,48.84389702190916
1895,23,84,297.5417217281468,2.401411244707484,48.843899145441135
1896,23,85,301.73103701946013,2.4018201042459433,48.84390126752328
1897,23,86,305.9203523107734,2.4022289638321714,48.84390338815558
1898,23,87,310.1096676020867,2.402637823466135,48.84390550733805
1899,23,88,314.2989828934,2.4030466831478012,48.84390762507066
1900,23,89,318.48829818471336,2.4034555428771376,48.84390974135345
1901,23,90,322.67761347602664,2.403864402654112,48.8439118561864
1902,23,91,326.8669287673399,2.404273262478691,48.84391396956949
1903,23,92,331.05624405865325,2.404682122350843,48.84391608150274
1904,23,93,334.5812224968442,2.405090982270534,48.843918191986155
1905,23,94,336.6631475482427,2.4054998422377323,48.843920301019715
1906,23,95,338.7450725996412,2.4059087022524053,48.84392240860344
1907,23,96,340.82699765103973,2.40631756231452,48.843924514737324
1908,23,97,342.90892270243825,2.4067264224240437,48.84392661942136
1909,23,98,344.99084775383676,2.407135282580944,48.843928722655555
1910,23,103,344.6876902958104,2.4091795840749506,48.84393921707881
1911,23,104,331.7195007311586,2.4095884445154243,48.84394131161391
1912,23,105,321.0390170823442,2.409997305003046,48.84394340469919
1913,23,106,312.88060632302904,2.4104061655377835,48.8439454963346
1914,23,107,307.4451123972129,2.4108150261196033,48.843947586520166
1915,23,108,291.9026946404072,2.411223886748474,48.84394967525587
1916,23,109,276.55707307050034,2.411632747424361,48.84395176254175
1917,23,110,263.74314435130503,2.412041608147234,48.843953848377765
1918,23,111,253.84459363812456,2.4124504689170587,48.84395593276393
1919,23,112,247.21187116782207,2.4128593297338026,48.843958015700245
1920,23,113,244.11132864594202,2.4132681905974334,48.84396009718672
1921,23,114,244.6772819455831,2.413677051507919,48.843962177223325
1922,23,115,248.88471995538342,2.414085912465226,48.843964255810086
1923,23,116,256.5545465476316,2.4144947734693223,48.843966332947
1924,23,117,267.38898047835136,2.4149036345201744,48.843968408634055
1925,23,118,281.02223828060903,2.4153124956177505,48.84397048287125
1926,23,119,297.0692342455453,2.4157213567620173,48.84397255565861
1927,23,120,315.161484737945,2.416130217952943,48.84397462699609
1928,23,121,334.96774917776366,2.4165390791904944,48.843976696883736
1929,24,28,144.3354713968888,2.378511848563103,48.84404785485089
1930,24,29,126.21755382304455,2.3789207075708934,48.84405005814421
1931,24,30,108.0996362492003,2.3793295666282805,48.844052259987706
1932,24,31,89.98171867535606,2.3797384257352316,48.844054460381365
1933,24,32,71.93299329940625,2.380147284891715,48.844056659325204
1934,24,33,54.32163887788868,2.380556144097697,48.84405885681919
1935,24,34,36.71028445637111,2.3809650033531455,48.84406105286336
1936,24,35,19.09893003485355,2.3813738626580276,48.8440632474577
1937,24,36,1.4875756133359788,2.3817827220123107,48.84406544060219
1938,24,37,0.0,2.3821915814159627,48.84406763229687
1939,24,38,0.0,2.3826004408689503,48.844069822541705
1940,24,39,8.359133979569878,2.3830093003712407,48.8440720113367
1941,24,40,26.179027878078866,2.3834181599228024,48.844074198681874
1942,24,41,43.998921776587835,2.3838270195236015,48.8440763845772
1943,24,42,61.818815675096815,2.384235879173606,48.84407856902269
1944,24,43,79.6387095736058,2.384644738872783,48.84408075201836
1945,24,44,97.45860347211479,2.3850535986211003,48.84408293356419
1946,24,45,115.27849737062378,2.385462458418525,48.84408511366017
1947,24,46,133.09839126913275,2.385871318265024,48.84408729230633
1948,24,47,146.28245249947673,2.3862801781605647,48.844089469502634
1949,24,48,156.51923470109432,2.386689038105116,48.844091645249115
1950,24,49,166.75601690271193,2.3870978980986433,48.844093819545755
1951,24,50,176.9927991043295,2.3875067581411145,48.84409599239256
1952,24,51,187.2295813059471,2.387915618232498,48.84409816378952
1953,24,52,197.46636350756467,2.38832447837276,48.84410033373664
1954,24,53,207.70314570918225,2.388733338561868,48.84410250223392
1955,24,54,217.25110425522445,2.38914219879979,48.84410466928136
1956,24,55,226.65862358305475,2.389551059086493,48.844106834878964
1957,24,56,236.0661429108851,2.3899599194219436,48.844108999026716
1958,24,57,245.4736622387154,2.3903687798061104,48.84411116172464
1959,24,58,254.88118156654576,2.3907776402389604,48.84411332297272
1960,24,59,264.28870089437606,2.39118650072046,48.844115482770945
1961,24,60,273.6962202222064,2.391595361250578,48.84411764111934
1962,24,61,283.1037395500367,2.3920042218292816,48.84411979801789
1963,24,62,292.5112588778671,2.392413082456537,48.84412195346659
1964,24,63,301.9187782056974,2.3928219431323123,48.84412410746545
1965,24,64,311.32629753352774,2.3932308038565746,48.844126260014455
1966,24,65,315.49708448466174,2.393639664629292,48.84412841111363
1967,24,66,313.0057200891169,2.394048525450431,48.844130560762956
1968,24,67,310.51435569357204,2.3944573863199587,48.84413270896244
1969,24,68,308.02299129802714,2.394866247237844,48.84413485571207
1970,24,69,305.5316269024823,2.3952751082040526,48.84413700101186
1971,24,70,304.2899483013756,2.3956839692185534,48.84413914486179
1972,24,71,305.2941033508636,2.3960928302813125,48.844141287261884
1973,24,72,306.4421978589548,2.396501691392297,48.84414342821213
1974,24,73,307.5902923670459,2.396910552551476,48.844145567712516
1975,24,74,308.738386875137,2.3973194137588143,48.84414770576307
1976,24,75,309.88648138322816,2.3977282750142823,48.84414984236377
1977,24,76,311.03457589131926,2.3981371363178448,48.84415197751461
1978,24,77,312.1826703994104,2.398545997669471,48.84415411121561
1979,24,78,313.33076490750153,2.3989548590691263,48.844156243466756
1980,24,79,314.4788594155927,2.3993637205167806,48.84415837426805
1981,24,80,315.6269539236838,2.3997725820123987,48.84416050361949
1982,24,81,316.7750484317749,2.4001814435559496,48.84416263152109
1983,24,82,318.94468713010093,2.4005903051474,48.84416475797283
1984,24,83,323.05846032135287,2.400999166786718,48.84416688297472
1985,24,84,327.2477756126662,2.4014080284738695,48.844169006526755
1986,24,85,331.4370909039795,2.4018168902088233,48.844171128628936
1987,24,86,335.6264061952928,2.4022257519915464,48.84417324928126
1988,24,87,339.8157214866061,2.4026346138220056,48.84417536848375
1989,24,88,344.00503677791943,2.4030434757001684,48.84417748623636
1990,24,106,342.16169703979426,2.410402997627247,48.84421535785789
1991,24,107,333.5625277414405,2.410811860405581,48.8442174480632
1992,24,108,317.3965838509459,2.4112207232309655,48.84421953681864
1993,24,109,303.3434076541664,2.4116295861033694,48.84422162412422
1994,24,110,291.70850946489895,2.412038449022758,48.84422370997993
1995,24,111,282.79053382534624,2.4124473119891006,48.84422579438578
1996,24,112,276.8521582870821,2.412856175002363,48.844227877341766
1997,24,113,274.0871194989046,2.413265038062513,48.84422995884789
1998,24,114,274.59129738977174,2.4136739011695187,48.84423203890414
1999,24,115,278.34692764460203,2.414082764323347,48.84423411751053
2000,24,116,285.22560133371724,2.414491627523965,48.84423619466704
2001,24,117,295.00894085293726,2.4149004907713403,48.8442382703737
2002,24,118,307.41975653845526,2.4153093540654402,48.84424034463049
2003,24,119,322.1545254022584,2.4157182174062317,48.844242417437414
2004,24,120,338.9102680122655,2.4161270807936828,48.844244488794466
2005,25,27,138.5422814516869,2.3780996481230345,48.8443155100157
2006,25,28,120.42436387784264,2.3785085092776685,48.84431771477967
2007,25,29,102.3064463039984,2.3789173704819335,48.8443199180938
2008,25,30,84.18852873015415,2.3793262317357957,48.84432211995808
2009,25,31,66.0706111563099,2.379735093039224,48.844324320372515
2010,25,32,47.952693582465656,2.3801439543921843,48.8443265193371
2011,25,33,30.03501302249877,2.380552815794645,48.844328716851855
2012,25,34,12.423658600981202,2.3809616772465727,48.84433091291676
2013,25,35,0.0,2.381370538747935,48.844333107531824
2014,25,36,0.0,2.3817794002987,48.84433530069703
2015,25,37,0.0,2.382188261898834,48.84433749241239
2016,25,38,14.67326961294558,2.382597123548304,48.84433968267791
2017,25,39,32.49316351145457,2.3830059852470793,48.84434187149358
2018,25,40,50.313057409963555,2.3834148469951253,48.84434405885939
2019,25,41,68.13295130847251,2.383823708792411,48.84434624477537
2020,25,42,85.95284520698151,2.384232570638902,48.8443484292415
2021,25,43,103.77273910549049,2.384641432534567,48.84435061225777
2022,25,44,121.59263300399947,2.385050294479373,48.84435279382419
2023,25,45,139.41252690250846,2.385459156473287,48.84435497394077
2024,25,46,157.23242080101747,2.385868018516277,48.84435715260749
2025,25,47,174.4818902626068,2.3862768806083094,48.84435932982436
2026,25,48,184.71867246422437,2.386685742749353,48.84436150559138
2027,25,49,194.95545466584198,2.3870946049393735,48.84436367990856
2028,25,50,205.19223686745954,2.3875034671783397,48.84436585277588
2029,25,51,215.42901906907713,2.387912329466218,48.844368024193344
2030,25,52,225.66580127069474,2.388321191802976,48.84437019416095
2031,25,53,235.9025834723123,2.388730054188582,48.84437236267871
2032,25,54,245.73791839960532,2.3891389166230015,48.84437452974662
2033,25,55,255.14543772743568,2.389547779106203,48.844376695364666
2034,25,56,264.552957055266,2.3899566416381544,48.84437885953286
2035,25,57,273.9604763830963,2.390365504218822,48.8443810222512
2036,25,58,283.3679957109266,2.3907743668481736,48.84438318351968
2037,25,59,292.77551503875696,2.3911832295261766,48.84438534333831
2038,25,60,302.18303436658726,2.3915920922527976,48.84438750170709
2039,25,61,311.5905536944176,2.3920009550280055,48.844389658626
2040,25,62,320.9980730222479,2.3924098178517665,48.844391814095054
2041,25,63,330.4055923500783,2.3928186807240484,48.844393968114254
2042,25,64,339.8131116779086,2.393227543644818,48.8443961206836
2043,25,65,345.3934572320138,2.3936364066140436,48.844398271803065
2044,25,66,342.9020928364689,2.394045269631692,48.84440042147269
2045,25,67,340.41072844092406,2.39445413269773,48.84440256969246
2046,25,68,337.91936404537915,2.3948629958121264,48.844404716462364
2047,25,69,335.42803074746837,2.395271858974847,48.8444068617824
2048,25,70,334.2891762266802,2.39568072218586,48.84440900565259
2049,25,71,335.27212661792527,2.3960895854451327,48.84441114807291
2050,25,72,336.4202211260165,2.3964984487526326,48.84441328904337
2051,25,73,337.5683156341076,2.396907312108327,48.84441542856396
2052,25,74,338.7164101421987,2.3973161755121826,48.844417566634704
2053,25,75,339.86450465028986,2.3977250389641673,48.84441970325557
2054,25,76,341.01259915838097,2.3981339024642487,48.844421838426584
2055,25,77,342.16069366647207,2.398542766012394,48.84442397214773
2056,25,78,343.3087881745632,2.39895162960857,48.84442610441901
2057,25,79,344.45688268265434,2.399360493252745,48.84442823524043
2058,25,108,343.6189746538602,2.4112175596664396,48.84448939836856
2059,25,109,330.682069772707,2.411626424735391,48.84449148569384
2060,25,110,320.0425952840539,2.4120352898513295,48.844493571569245
2061,25,111,311.93572146059836,2.4124441550142217,48.844495655994784
2062,25,112,306.56243385342447,2.4128530202240355,48.84449773897043
2063,25,113,304.0676855194029,2.413261885480738,48.84449982049621
2064,25,114,304.522230558161,2.4136707507842963,48.84450190057211
2065,25,115,307.9130078952642,2.414079616134678,48.84450397919812
2066,25,116,314.14495373648816,2.4144884815318504,48.844506056374264
2067,25,117,323.053685143958,2.414897346975781,48.844508132100515
2068,25,118,334.4253504327727,2.415306212466437,48.84451020637689
2069,25,119,348.01860085212985,2.415715078003786,48.844512279203386
2070,26,26,132.74909150648497,2.377687443289987,48.84458316367615
2071,26,27,114.63117393264072,2.378096306591463,48.84458536991079
2072,26,28,96.51325635879648,2.3785051699426036,48.84458757469558
2073,26,29,78.39533878495223,2.3789140333433756,48.84458977803051
2074,26,30,60.27742121110798,2.3793228967937465,48.844591979915585
2075,26,31,42.15950363726373,2.379731760293684,48.844594180350796
2076,26,32,24.041586063419484,2.3801406238431544,48.84459637933616
2077,26,33,5.923668489575237,2.3805494874421256,48.844598576871654
2078,26,34,0.0,2.3809583510905656,48.8446007729573
2079,26,35,0.0,2.381367214788441,48.84460296759307
2080,26,36,3.167511347812305,2.3817760785357196,48.844605160779
2081,26,37,20.98740524632129,2.382184942332368,48.844607352515055
2082,26,38,38.807299144830274,2.3825938061783543,48.84460954280126
2083,26,39,56.62719304333927,2.383002670073646,48.84461173163759
2084,26,40,74.44708694184824,2.38341153401821,48.84461391902407
2085,26,41,92.26698084035722,2.3838203980120136,48.84461610496068
2086,26,42,110.08687473886621,2.3842292620550243,48.84461828944743
2087,26,43,127.9067686373752,2.3846381261472103,48.844620472484316
2088,26,44,145.72666253588417,2.3850469902885374,48.844622654071344
2089,26,45,163.54655643439318,2.3854558544789737,48.8446248342085
2090,26,46,181.36645033290213,2.3858647187184867,48.844627012895806
2091,26,47,199.18634423141114,2.386273583007043,48.84462919013323
2092,26,48,212.91811022735445,2.386682447344612,48.8446313659208
2093,26,49,223.15489242897206,2.387091311731159,48.84463354025851
2094,26,50,233.39167463058962,2.3875001761666517,48.84463571314633
2095,26,51,243.6284568322072,2.387909040651058,48.8446378845843
2096,26,52,253.86523903382476,2.388317905184345,48.84464005457241
2097,26,53,264.1020212354424,2.3887267697664805,48.84464222311064
2098,26,54,274.22473254398625,2.389135634397431,48.844644390199015
2099,26,55,283.63225187181655,2.3895444990771644,48.84464655583751
2100,26,56,293.0397711996469,2.3899533638056485,48.844648720026136
2101,26,57,302.4472905274772,2.390362228582849,48.8446508827649
2102,26,58,311.85480985530756,2.3907710934087354,48.84465304405379
2103,26,59,321.26232918313787,2.3911799582832733,48.84465520389281
2104,26,60,330.6698485109682,2.3915888232064315,48.844657362281964
2105,26,61,340.0773678387985,2.391997688178176,48.844659519221246
2106,26,111,341.2291057706885,2.4124409979924217,48.844765517590936
2107,26,112,336.32415041452936,2.4128498653988193,48.84476760058626
2108,26,113,334.0517410208278,2.413258732852106,48.84476968213169
2109,26,114,334.46553963904483,2.41366760035225,48.84477176222722
2110,26,115,337.5556676061427,2.414076467899218,48.84477384087287
2111,26,116,343.24985107064504,2.414485335492978,48.84477591806863
2112,27,25,126.95590156128306,2.3772752340638967,48.84485081583219
2113,27,26,108.83798398743882,2.3776840995122135,48.844853023537524
2114,27,27,90.72006641359457,2.378092965010228,48.84485522979301
2115,27,28,72.60214883975033,2.3785018305579073,48.84485743459861
2116,27,29,54.484231265906075,2.3789106961552196,48.84485963795434
2117,27,30,36.366313692061816,2.379319561802131,48.844861839860215
2118,27,31,18.24839611821757,2.3797284274986104,48.84486404031621
2119,27,32,0.1304785443733239,2.380137293244623,48.844866239322336
2120,27,33,0.0,2.380546159040138,48.84486843687858
2121,27,34,0.0,2.380955024885123,48.84487063298496
2122,27,35,9.481646981188007,2.381363890779544,48.84487282764146
2123,27,36,27.301540879696994,2.3817727567233686,48.84487502084809
2124,27,37,45.12143477820597,2.3821816227165646,48.84487721260484
2125,27,38,62.94132867671496,2.3825904887591,48.84487940291173
2126,27,39,80.76122257522394,2.3829993548509405,48.84488159176874
2127,27,40,98.58111647373292,2.3834082209920546,48.84488377917587
2128,27,41,116.40101037224191,2.3838170871824094,48.84488596513312
2129,27,42,134.2209042707509,2.3842259534219727,48.8448881496405
2130,27,43,152.0407981692599,2.384634819710711,48.84489033269801
2131,27,44,169.86069206776887,2.3850436860485926,48.84489251430562
2132,27,45,187.68058596627785,2.385452552435584,48.84489469446337
2133,27,46,205.50047986478685,2.3858614188716527,48.844896873171244
2134,27,47,223.32037376329583,2.3862702853567663,48.84489905042924
2135,27,48,241.1175479904845,2.3866791518908927,48.84490122623735
2136,27,49,251.35433019210208,2.387088018473998,48.844903400595584
2137,27,50,261.59111239371964,2.3874968851060507,48.84490557350392
2138,27,51,271.8278945953373,2.387905751787018,48.844907744962406
2139,27,52,282.0646767969548,2.3883146185168664,48.844909914971
2140,27,53,292.3014589985724,2.388723485295564,48.84491208352971
2141,27,54,302.53824120019,2.3891323521230783,48.84491425063853
2142,27,55,312.11906601619745,2.389541218999376,48.84491641629749
2143,27,56,321.52658534402775,2.3899500859244243,48.84491858050655
2144,27,57,330.9341046718581,2.390358952898192,48.84492074326574
2145,27,58,340.3416239996884,2.390767819920645,48.844922904575036
2146,28,25,103.0447940422369,2.3772718880398562,48.84512067565986
2147,28,26,84.92687646839265,2.3776807556847426,48.845122883386054
2148,28,27,66.8089588945484,2.378089623379328,48.84512508966236
2149,28,28,48.691041320704144,2.3784984911235787,48.84512729448878
2150,28,29,30.573123746859903,2.3789073589174627,48.84512949786533
2151,28,30,12.455206173015652,2.379316226760948,48.845131699791985
2152,28,31,0.0,2.379725094654001,48.845133900268756
2153,28,32,0.0,2.3801339625965903,48.845136099295644
2154,28,33,0.0,2.3805428305886815,48.84513829687264
2155,28,34,15.795782614563706,2.380951698630243,48.84514049299976
2156,28,35,33.61567651307269,2.3813605667212427,48.84514268767699
2157,28,36,51.43557041158168,2.3817694348616465,48.84514488090433
2158,28,37,69.25546431009067,2.3821783030514228,48.845147072681776
2159,28,38,87.07535820859964,2.3825871712905387,48.84514926300934
2160,28,39,104.89525210710863,2.3829960395789618,48.84515145188702
2161,28,40,122.71514600561761,2.383404907916659,48.8451536393148
2162,28,41,140.5350399041266,2.3838137763035974,48.8451558252927
2163,28,42,158.3549338026356,2.384222644739745,48.84515800982071
2164,28,43,176.17482770114455,2.3846315132250693,48.845160192898824
2165,28,44,193.99472159965356,2.385040381759538,48.84516237452705
2166,28,45,211.81461549816254,2.3854492503431164,48.84516455470538
2167,28,46,229.63450939667152,2.385858118975774,48.84516673343382
2168,28,47,247.4544032951805,2.3862669876574776,48.845168910712374
2169,28,48,265.2742971936895,2.3866758563881936,48.84517108654103
2170,28,49,279.55376795523216,2.387084725167891,48.84517326091979
2171,28,50,289.79055015684975,2.3874935939965356,48.845175433848674
2172,28,51,300.0273323584673,2.387902462874096,48.84517760532764
2173,28,52,310.2641145600849,2.3883113318005385,48.845179775356726
2174,28,53,320.5008967617025,2.388720200775831,48.84518194393592
2175,28,54,330.73767896332004,2.389129069799941,48.8451841110652
2176,28,55,340.60588016057835,2.3895379388728357,48.84518627674461
2177,29,24,97.25160409703498,2.3768596721743274,48.84538832627772
2178,29,25,79.13368652319073,2.377268541966084,48.84539053547466
2179,29,26,61.01576894934648,2.3776774118075727,48.8453927432217
2180,29,27,42.897851375502235,2.378086281698761,48.84539494951885
2181,29,28,24.779933801657986,2.3784951516396164,48.84539715436609
2182,29,29,6.66201622781374,2.378904021630106,48.845399357763434
2183,29,30,0.0,2.3793128916701973,48.84540155971089
2184,29,31,0.0,2.379721761759858,48.84540376020844
2185,29,32,4.217634598348859,2.3801306318990543,48.84540595925609
2186,29,33,22.109918247939408,2.3805395020877547,48.84540815685384
2187,29,34,39.92981214644839,2.3809483723259266,48.8454103530017
2188,29,35,57.74970604495738,2.3813572426135363,48.84541254769964
2189,29,36,75.56959994346636,2.3817661129505523,48.845414740947696
2190,29,37,93.38949384197534,2.3821749833369417,48.84541693274584
2191,29,38,111.20938774048433,2.382583853772671,48.84541912309408
2192,29,39,129.02928163899333,2.3829927242577083,48.845421311992425
2193,29,40,146.8491755375023,2.383401594792021,48.84542349944087
2194,29,41,164.66906943601128,2.3838104653755763,48.84542568543941
2195,29,42,182.48896333452026,2.3842193360083415,48.84542786998804
2196,29,43,200.30885723302927,2.384628206690284,48.84543005308677
2197,29,44,218.12875113153825,2.3850370774213716,48.845432234735604
2198,29,45,235.94864503004723,2.3854459482015704,48.84543441493452
2199,29,46,253.76853892855624,2.3858548190308495,48.84543659368354
2200,29,47,271.58843282706516,2.3862636899091747,48.845438770982646
2201,29,48,289.40832672557417,2.3866725608365145,48.84544094683185
2202,29,49,307.2282206240832,2.387081431812835,48.84544312123115
2203,29,50,317.9899879199798,2.387490302838105,48.845445294180536
2204,29,51,328.2267701215974,2.387899173912291,48.84544746568002
2205,29,52,338.4635523232149,2.38830804503536,48.845449635729594
2206,29,53,348.7003345248325,2.388716916207281,48.84545180432926
2207,30,23,91.45841415183311,2.3764474519155643,48.84565597539109
2208,30,24,73.34049657798883,2.3768563238541893,48.845658186058806
2209,30,25,55.22257900414458,2.37726519584258,48.845660395276596
2210,30,26,37.10466143030033,2.3776740678807036,48.84566260304449
2211,30,27,18.986743856456084,2.378082939968528,48.84566480936247
2212,30,28,0.8688262826118366,2.37849181210602,48.84566701423054
2213,30,29,0.0,2.3789006842931473,48.84566921764869
2214,30,30,0.0,2.3793095565298774,48.84567141961693
2215,30,31,10.308754790762501,2.3797184288161772,48.84567362013525
2216,30,32,28.256635663115183,2.380127301152015,48.84567581920368
2217,30,33,46.204516535467874,2.380536173537357,48.84567801682218
2218,30,34,64.06384167833308,2.380945045972171,48.84568021299077
2219,30,35,81.88373557684206,2.3813539184564245,48.84568240770944
2220,30,36,99.70362947535105,2.381762790990085,48.845684600978196
2221,30,37,117.52352337386003,2.382171663573119,48.845686792797046
2222,30,38,135.343417272369,2.382580536205495,48.845688983165964
2223,30,39,153.16331117087802,2.3829894088871804,48.845691172084976
2224,30,40,170.98320506938697,2.383398281618141,48.84569335955408
2225,30,41,188.80309896789598,2.3838071543983452,48.845695545573264
2226,30,42,206.62299286640496,2.3842160272277604,48.84569773014252
2227,30,43,224.44288676491394,2.384624900106354,48.84569991326187
2228,30,44,242.26278066342292,2.385033773034093,48.84570209493129
2229,30,45,260.0826745619319,2.3854426460109455,48.8457042751508
2230,30,46,277.90256846044093,2.3858515190368776,48.84570645392039
2231,30,47,295.7224623589499,2.386260392111858,48.84570863124006
2232,30,48,313.5423562574589,2.386669265235853,48.8457108071098
2233,30,49,331.36225015596784,2.387078138408831,48.84571298152964
2234,30,50,346.18942568310985,2.3874870116307583,48.845715154499544
2235,31,22,85.66522420663118,2.3760352272635035,48.845923622999926
2236,31,23,67.54730663278693,2.3764441013489948,48.845925835138424
2237,31,24,49.42938905894267,2.376852975484285,48.845928045827016
2238,31,25,31.31147148509842,2.3772618496693423,48.84593025506567
2239,31,26,13.19355391125417,2.3776707239041337,48.8459324628544
2240,31,27,0.0,2.3780795981886262,48.84593466919321
2241,31,28,0.0,2.3784884725227884,48.8459368740821
2242,31,29,0.0,2.378897346906586,48.84593907752106
2243,31,30,16.399874983176144,2.3793062213399874,48.8459412795101
2244,31,31,34.347755855528824,2.37971509582296,48.8459434800492
2245,31,32,52.295636727881515,2.380123970355471,48.845945679138374
2246,31,33,70.2435176002342,2.380532844937487,48.845947876777636
2247,31,34,88.19139847258688,2.3809417195689764,48.845950072966964
2248,31,35,106.01776510872675,2.381350594249906,48.84595226770636
2249,31,36,123.83765900723574,2.3817594689802433,48.84595446099584
2250,31,37,141.65755290574472,2.3821683437599557,48.845956652835376
2251,31,38,159.4774468042537,2.382577218589011,48.845958843224984
2252,31,39,177.29734070276268,2.3829860934673754,48.845961032164674
2253,31,40,195.1172346012717,2.3833949683950166,48.845963219654415
2254,31,41,212.93712849978067,2.383803843371903,48.845965405694244
2255,31,42,230.75702239828965,2.3842127183980013,48.84596759028413
2256,31,43,248.57691629679866,2.384621593473278,48.845969773424095
2257,31,44,266.3968101953076,2.3850304685977024,48.84597195511412
2258,31,45,284.2167040938166,2.38543934377124,48.84597413535421
2259,31,46,302.0365979923256,2.385848218993859,48.84597631414438
2260,31,47,319.8564918908346,2.386257094265526,48.8459784914846
2261,31,48,337.67638578934356,2.38666596958621,48.8459806673749
2262,32,21,79.26190724714051,2.3756229982180814,48.846191269104175
2263,32,22,61.51365273372861,2.3760318744504367,48.8461934827135
2264,32,23,43.63619911374077,2.3764407507326255,48.8461956948729
2265,32,24,25.518281539896506,2.376849627064614,48.84619790558235
2266,32,25,7.400363966052257,2.3772585034463707,48.84620011484187
2267,32,26,0.0,2.3776673798778623,48.84620232265146
2268,32,27,0.0,2.3780762563590563,48.846204529011096
2269,32,28,4.543114303237116,2.3784851328899204,48.8462067339208
2270,32,29,22.490995175589788,2.378894009470421,48.846208937380574
2271,32,30,40.43887604794247,2.3793028861005268,48.846211139390405
2272,32,31,58.386756920295156,2.3797117627802042,48.846213339950296
2273,32,32,76.33463779264784,2.380120639509421,48.84621553906023
2274,32,33,94.28251866500052,2.380529516288144,48.84621773672024
2275,32,34,112.23039953735322,2.3809383931163413,48.846219932930296
2276,32,35,130.15179464061143,2.3813472699939795,48.84622212769043
2277,32,36,147.97168853912044,2.3817561469210267,48.84622432100061
2278,32,37,165.7915824376294,2.38216502389745,48.846226512860845
2279,32,38,183.6114763361384,2.3825739009232163,48.846228703271144
2280,32,39,201.43137023464737,2.3829827779982935,48.846230892231496
2281,32,40,219.25126413315635,2.3833916551226486,48.8462330797419
2282,32,41,237.07115803166533,2.383800532296249,48.84623526580237
2283,32,42,254.89105193017434,2.384209409519063,48.846237450412886
2284,32,43,272.71094582868335,2.384618286791056,48.846239633573454
2285,32,44,290.5308397271923,2.385027164112197,48.846241815284095
2286,32,45,308.3507336257013,2.3854360414824534,48.846243995544775
2287,32,46,326.17062752421026,2.3858449189017907,48.84624617435551
2288,32,47,343.99052142271927,2.3862537963701786,48.8462483517163
2289,33,21,55.075145129669,2.3756196431584526,48.84646112878397
2290,33,22,37.3268906162571,2.376028521587537,48.84646334241421
2291,33,23,19.578636102845213,2.3764374000664557,48.84646555459449
2292,33,24,1.6071740208503442,2.3768462785951754,48.846467765324824
2293,33,25,0.0,2.377255157173664,48.84646997460521
2294,33,26,0.0,2.377664035801889,48.84647218243564
2295,33,27,10.634234495650757,2.3780729144798163,48.84647438881611
2296,33,28,28.582115368003443,2.378481793207415,48.84647659374664
2297,33,29,46.52999624035611,2.378890671984652,48.84647879722721
2298,33,30,64.4778771127088,2.3792995508114942,48.84648099925783
2299,33,31,82.42575798506148,2.379708429687909,48.8464831998385
2300,33,32,100.37363885741418,2.3801173086138645,48.84648539896921
2301,33,33,118.32151972976685,2.380526187589327,48.84648759664997
2302,33,34,136.26940060211953,2.3809350666142652,48.84648979288078
2303,33,35,154.21728147447223,2.381343945688645,48.84649198766162
2304,33,36,172.1057180710051,2.381752824812434,48.846494180992515
2305,33,37,189.9256119695141,2.382161703985601,48.846496372873446
2306,33,38,207.7455058680231,2.3825705832081114,48.84649856330443
2307,33,39,225.56539976653207,2.3829794624799336,48.84650075228545
2308,33,40,243.38529366504108,2.383388341801035,48.8465029398165
2309,33,41,261.20518756355,2.383797221171383,48.84650512589762
2310,33,42,279.025081462059,2.384206100590944,48.84650731052878
2311,33,43,296.844975360568,2.3846149800596863,48.846509493709945
2312,33,44,314.664869259077,2.3850238595775775,48.846511675441185
2313,33,45,332.484763157586,2.3854327391445844,48.846513855722456
2314,33,46,350.304657056095,2.385841618760674,48.846516034553765
2315,34,20,48.6366375256094,2.3752074074729785,48.84672877334981
2316,34,21,30.888383012197508,2.375616288048957,48.846730988450915
2317,34,22,13.14012849878561,2.3760251686748033,48.846733202102044
2318,34,23,0.0,2.3764340493504847,48.84673541430322
2319,34,24,0.0,2.376842930075968,48.84673762505442
2320,34,25,0.0,2.3772518108512215,48.84673983435567
2321,34,26,16.7253546880644,2.3776606916762115,48.84674204220695
2322,34,27,34.67323556041708,2.3780695725509062,48.84674424860826
2323,34,28,52.621116432769774,2.3784784534752723,48.84674645355961
2324,34,29,70.56899730512244,2.3788873344492774,48.84674865706099
2325,34,30,88.51687817747512,2.379296215472889,48.846750859112404
2326,34,31,106.4647590498278,2.379705096546074,48.84675305971385
2327,34,32,124.41263992218049,2.3801139776688007,48.84675525886533
2328,34,33,142.3605207945332,2.380522858841035,48.846757456566834
2329,34,34,160.30840166688586,2.380931740062746,48.84675965281838
2330,34,35,178.25628253923855,2.3813406213339,48.84676184761995
2331,34,36,196.20416341159122,2.381749502654465,48.84676404097156
2332,34,37,214.05964150139877,2.382158384024407,48.84676623287319
2333,34,38,231.87953539990775,2.3825672654436945,48.846768423324846
2334,34,39,249.69942929841676,2.382976146912295,48.846770612326544
2335,34,40,267.51932319692577,2.3833850284301747,48.84677279987825
2336,34,41,285.3392170954347,2.3837939099973022,48.846774985980005
2337,34,42,303.1591109939437,2.384202791613644,48.84677717063178
2338,34,43,320.9790048924527,2.3846116732791685,48.84677935383358
2339,34,44,338.7988987909617,2.385020554993842,48.84678153558542
2340,35,19,42.19812992154979,2.374795167393951,48.846996416410974
2341,35,20,24.449875408137903,2.375204050116822,48.84699863298296
2342,35,21,6.701620894726006,2.3756129328895943,48.847000848104976
2343,35,22,0.0,2.376021815712235,48.84700306177702
2344,35,23,0.0,2.3764306985847115,48.84700527399908
2345,35,24,4.868594008125341,2.3768395815069914,48.847007484771176
2346,35,25,22.816474880478033,2.3772484644790417,48.847009694093266
2347,35,26,40.76435575283072,2.37765734750083,48.8470119019654
2348,35,27,58.71223662518341,2.3780662305723235,48.84701410838755
2349,35,28,76.66011749753608,2.37847511369349,48.84701631335972
2350,35,29,94.60799836988876,2.378883996864296,48.8470185168819
2351,35,30,112.55587924224145,2.3792928800847095,48.84702071895411
2352,35,31,130.50376011459414,2.379701763354698,48.84702291957634
2353,35,32,148.4516409869468,2.380110646674228,48.84702511874858
2354,35,33,166.3995218592995,2.380519530043268,48.84702731647084
2355,35,34,184.3474027316522,2.3809284134617843,48.84702951274312
2356,35,35,202.29528360400488,2.381337296929745,48.847031707565414
2357,35,36,220.24316447635758,2.3817461804471174,48.84703390093773
2358,35,37,238.19104534871025,2.3821550640138685,48.847036092860066
2359,35,38,256.0135649317924,2.3825639476299654,48.84703828333241
2360,35,39,273.8334588303014,2.382972831295376,48.84704047235478
2361,35,40,291.65335272881043,2.3833817150100676,48.84704265992714
2362,35,41,309.47324662731944,2.383790598774007,48.84704484604955
2363,35,42,327.2931405258284,2.384199482587163,48.847047030721946
2364,35,43,345.1130344243374,2.384608366449501,48.84704921394437
2365,36,18,35.759622317490184,2.3743829229213067,48.847264057967415
2366,36,19,18.011367804078294,2.3747918077910684,48.84726627601034
2367,36,20,0.2631132906664039,2.3752006927107643,48.84726849260325
2368,36,21,0.0,2.375609577680363,48.847270707746176
2369,36,22,0.0,2.37601846269983,48.84727292143912
2370,36,23,10.959714200538986,2.376427347769135,48.84727513368208
2371,36,24,28.907595072891674,2.376836232888244,48.84727734447504
2372,36,25,46.85547594524437,2.377245118057124,48.847279553818005
2373,36,26,64.80335681759706,2.377654003275743,48.84728176171098
2374,36,27,82.75123768994975,2.3780628885440684,48.84728396815396
2375,36,28,100.69911856230243,2.3784717738620675,48.847286173146955
2376,36,29,118.6469994346551,2.3788806592297074,48.84728837668994
2377,36,30,136.5948803070078,2.379289544646956,48.84729057878294
2378,36,31,154.54276117936047,2.3796984301137796,48.847292779425956
2379,36,32,172.49064205171317,2.380107315630146,48.847294978618955
2380,36,33,190.43852292406584,2.3805162011960235,48.847297176361984
2381,36,34,208.38640379641853,2.3809250868113785,48.847299372654994
2382,36,35,226.33428466877123,2.381333972476179,48.84730156749802
2383,36,36,244.2821655411239,2.3817428581903908,48.847303760891045
2384,36,37,262.23004641347654,2.382151743953983,48.84730595283408
2385,36,38,280.14759446367714,2.3825606297669224,48.847308143327105
2386,36,39,297.96748836218615,2.382969515629176,48.84731033237014
2387,36,40,315.7873822606951,2.383378401540712,48.84731251996316
2388,36,41,333.6072761592041,2.3837872875014967,48.8473147061062
2389,37,17,29.321114713430593,2.3739706740549824,48.847531698019104
2390,37,18,11.572860200018695,2.3743795610716325,48.84753391753295
2391,37,19,0.0,2.3747884481382506,48.84753613559681
2392,37,20,0.0,2.375197335254805,48.84753835221067
2393,37,21,0.0,2.3756062224212617,48.84754056737452
2394,37,22,17.05083439295263,2.376015109637589,48.847542781088364
2395,37,23,34.998715265305314,2.3764239969037546,48.8475449933522
2396,37,24,52.946596137658,2.376832884219725,48.84754720416604
2397,37,25,70.89447701001069,2.3772417715854677,48.847549413529876
2398,37,26,88.84235788236337,2.3776506590009503,48.8475516214437
2399,37,27,106.79023875471607,2.3780595464661403,48.84755382790752
2400,37,28,124.73811962706874,2.3784684339810043,48.847556032921325
2401,37,29,142.68600049942143,2.378877321545511,48.84755823648513
2402,37,30,160.63388137177412,2.379286209159626,48.847560438598926
2403,37,31,178.5817622441268,2.379695096823318,48.847562639262705
2404,37,32,196.5296431164795,2.380103984536554,48.84756483847648
2405,37,33,214.47752398883216,2.380512872299301,48.84756703624025
2406,37,34,232.42540486118486,2.3809217601115273,48.84756923255401
2407,37,35,250.37328573353753,2.3813306479731993,48.84757142741775
2408,37,36,268.3211666058902,2.381739535884285,48.84757362083149
2409,37,37,286.26904747824295,2.382148423844751,48.84757581279523
2410,37,38,304.21692835059554,2.382557311854565,48.84757800330893
2411,37,39,322.1015178940708,2.3829661999136946,48.84758019237264
2412,37,40,339.9214117925798,2.383375088022107,48.84758237998633
2413,38,16,22.882607109370987,2.373558420794915,48.84779933656597
2414,38,17,5.134352595959093,2.3739673099584513,48.8478015575508
2415,38,18,0.0,2.37437619917199,48.84780377708562
2416,38,19,0.0,2.3747850884354973,48.84780599517043
2417,38,20,5.279407095915018,2.375193977748942,48.847808211805216
2418,38,21,23.14195458536627,2.3756028671122906,48.84781042698998
2419,38,22,41.08983545771895,2.3760117565255103,48.84781264072474
2420,38,23,59.03771633007163,2.376420645988569,48.84781485300947
2421,38,24,76.98559720242432,2.3768295355014333,48.84781706384418
2422,38,25,94.93347807477703,2.3772384250640712,48.84781927322887
2423,38,26,112.88135894712973,2.37764731467645,48.84782148116354
2424,38,27,130.82923981948238,2.378056204338537,48.8478236876482
2425,38,28,148.77712069183505,2.3784650940502994,48.84782589268283
2426,38,29,166.72500156418775,2.3788739838117046,48.84782809626744
2427,38,30,184.67288243654042,2.37928287362272,48.84783029840203
2428,38,31,202.62076330889312,2.379691763483313,48.84783249908659
2429,38,32,220.5686441812458,2.3801006533934506,48.847834698321144
2430,38,33,238.5165250535985,2.3805095433531007,48.84783689610566
2431,38,34,256.4644059259512,2.3809184333622304,48.84783909244016
2432,38,35,274.41228679830385,2.381327323420807,48.847841287324634
2433,38,36,292.36016767065655,2.381736213528798,48.84784348075908
2434,38,37,310.3080485430092,2.3821451036861707,48.84784567274351
2435,38,38,328.2559294153619,2.382553993892892,48.8478478632779
2436,38,39,346.2038102877146,2.38296288414893,48.84785005236228
2437,39,16,0.0,2.3735550544514616,48.84806919606385
2438,39,17,0.0,2.3739639458119184,48.84807141706965
2439,39,18,0.0,2.374372837222378,48.84807363662543
2440,39,19,11.569788374816511,2.3747817286828075,48.84807585473118
2441,39,20,29.403343547294355,2.3751906201931754,48.848078071386894
2442,39,21,47.2368987197722,2.3755995117534474,48.84808028659258
2443,39,22,65.12883652248529,2.3760084033635924,48.848082500348234
2444,39,23,83.07671739483797,2.3764172950235767,48.848084712653865
2445,39,24,101.02459826719065,2.376826186733368,48.84808692350944
2446,39,25,118.97247913954334,2.377235078492934,48.848089132915
2447,39,26,136.92036001189604,2.3776439703022416,48.84809134087051
2448,39,27,154.8682408842487,2.378052862161258,48.84809354737601
2449,39,28,172.81612175660138,2.3784617540699515,48.84809575243146
2450,39,29,190.76400262895407,2.3788706460282882,48.84809795603688
2451,39,30,208.71188350130677,2.3792795380362364,48.84810015819227
2452,39,31,226.65976437365944,2.3796884300937626,48.84810235889762
2453,39,32,244.6076452460121,2.380097322200835,48.84810455815292
2454,39,33,262.5555261183648,2.3805062143574207,48.84810675595819
2455,39,34,280.5034069907175,2.3809151065634864,48.84810895231343
2456,39,35,298.4512878630702,2.3813239988190005,48.84811114721863
2457,39,36,316.39916873542285,2.3817328911239297,48.8481133406738
2458,39,37,334.34704960777555,2.3821417834782417,48.84811553267891
2459,40,15,0.0,2.3731427945505996,48.84833683307202
2460,40,16,0.0,2.3735516880579723,48.84833905554885
2461,40,17,0.02661448124017235,2.373960581615382,48.84834127657563
2462,40,18,17.860169653718007,2.3743694752227955,48.84834349615237
2463,40,19,35.69372482619585,2.3747783688801802,48.848345714279056
2464,40,20,53.52727999867369,2.3751872625875032,48.84834793095571
2465,40,21,71.36083517115154,2.375596156344732,48.84835014618231
2466,40,22,89.19439034362938,2.376005050151835,48.848352359958874
2467,40,23,107.1157184596043,2.376413944008778,48.84835457228538
2468,40,24,125.06359933195696,2.376822837915529,48.84835678316185
2469,40,25,143.01148020430966,2.3772317318720555,48.84835899258826
2470,40,26,160.95936107666236,2.3776406258783243,48.84836120056464
2471,40,27,178.90724194901503,2.3780495199343035,48.84836340709096
2472,40,28,196.85512282136773,2.3784584140399594,48.848365612167235
2473,40,29,214.8030036937204,2.378867308195261,48.848367815793466
2474,40,30,232.7508845660731,2.379276202400174,48.848370017969636
2475,40,31,250.69876543842577,2.3796850966546668,48.84837221869577
2476,40,32,268.64664631077846,2.380093990958706,48.84837441797185
2477,40,33,286.59452718313116,2.3805028853122594,48.848376615797875
2478,40,34,304.5424080554838,2.3809117797152948,48.848378812173856
2479,40,35,322.4902889278365,2.381320674167779,48.84838100709978
2480,40,36,340.43816980018914,2.381729568669679,48.848383200575654
2481,41,14,0.0,2.372730530255802,48.848604468575296
2482,41,15,0.0,2.3731394259100895,48.84860669252317
2483,41,16,6.3169957601416655,2.373548321614447,48.848608915020975
2484,41,17,24.15055093261951,2.373957217368842,48.84861113606874
2485,41,18,41.98410610509735,2.374366113173242,48.84861335566643
2486,41,19,59.81766127757518,2.374775009027614,48.84861557381407
2487,41,20,77.65121645005303,2.3751839049319257,48.848617790511646
2488,41,21,95.48477162253087,2.375592800886144,48.84862000575917
2489,41,22,113.31832679500872,2.376001696890237,48.84862221955663
2490,41,23,131.15471952437062,2.3764105929441715,48.848624431904035
2491,41,24,149.10260039672332,2.3768194890479144,48.84862664280138
2492,41,25,167.05048126907604,2.377228385201434,48.848628852248666
2493,41,26,184.99836214142871,2.3776372814046973,48.84863106024588
2494,41,27,202.9462430137814,2.378046177657671,48.848633266793044
2495,41,28,220.89412388613408,2.378455073960323,48.848635471890134
2496,41,29,238.84200475848675,2.3788639703126213,48.84863767553717
2497,41,30,256.7898856308394,2.3792728667145324,48.84863987773415
2498,41,31,274.73776650319206,2.379681763166024,48.848642078481056
2499,41,32,292.6856473755448,2.3800906596670632,48.8486442777779
2500,41,33,310.6335282478974,2.380499556217617,48.84864647562468
2501,41,34,328.58140912025016,2.3809084528176543,48.8486486720214
2502,41,35,346.5292899926028,2.3813173494671407,48.84865086696805
2503,42,13,0.0,2.3723182615670058,48.84887210257364
2504,42,14,0.0,2.3727271593682056,48.84887432799258
2505,42,15,12.60737703904316,2.373136057219509,48.84887655196145
2506,42,16,30.440932211521,2.373544955120884,48.84887877448025
2507,42,17,48.274487383998846,2.373953853072297,48.848880995548974
2508,42,18,66.10804255647668,2.374362751073716,48.84888321516763
2509,42,19,83.94159772895452,2.3747716491251083,48.848885433336214
2510,42,20,101.77515290143238,2.375180547226441,48.84888765005472
2511,42,21,119.60870807391021,2.3755894453776816,48.84888986532316
2512,42,22,137.44226324638805,2.375998343578797,48.848892079141535
2513,42,23,155.2758184188659,2.3764072418297553,48.84889429150983
2514,42,24,173.14160146148964,2.3768161401305234,48.84889650242805
2515,42,25,191.08948233384234,2.3772250384810687,48.84889871189619
2516,42,26,209.03736320619504,2.377633936881358,48.848900919914264
2517,42,27,226.9852440785477,2.3780428353313603,48.848903126482256
2518,42,28,244.93312495090038,2.378451733831041,48.84890533160018
2519,42,29,262.8810058232531,2.378860632380369,48.84890753526801
2520,42,30,280.8288866956057,2.3792695309793106,48.84890973748579
2521,42,31,298.7767675679584,2.3796784296278335,48.84891193825347
2522,42,32,316.72464844031106,2.3800873283259047,48.84891413757109
2523,42,33,334.6725293126638,2.380496227073493,48.84891633543863
2524,43,12,0.0,2.3719059884841465,48.84913973506699
2525,43,13,1.0642031454668024,2.3723148884322574,48.84914196195703
2526,43,14,18.897758317944646,2.372723788430505,48.84914418739699
2527,43,15,36.731313490422494,2.373132688478858,48.84914641138686
2528,43,16,54.56486866290034,2.373541588577283,48.84914863392664
2529,43,17,72.39842383537818,2.3739504887257468,48.84915085501634
2530,43,18,90.23197900785601,2.3743593889242174,48.84915307465596
2531,43,19,108.06553418033386,2.3747682891726623,48.849155292845495
2532,43,20,125.89908935281171,2.375177189471049,48.84915750958493
2533,43,21,143.73264452528954,2.3755860898193437,48.849159724874276
2534,43,22,161.56619969776742,2.375994990217515,48.84916193871356
2535,43,23,179.39975487024523,2.3764038906655296,48.84916415110275
2536,43,24,197.2333100427231,2.3768127911633554,48.84916636204184
2537,43,25,215.12848339860867,2.377221691710959,48.849168571530846
2538,43,26,233.07636427096136,2.377630592308308,48.84917077956976
2539,43,27,251.02424514331403,2.37803949295537,48.8491729861586
2540,43,28,268.9721260156668,2.3784483936521124,48.84917519129734
2541,43,29,286.9200068880194,2.3788572943985025,48.84917739498601
2542,43,30,304.86788776037207,2.3792661951945075,48.849179597224555
2543,43,31,322.8157686327247,2.3796750960400943,48.84918179801303
2544,43,32,340.7636495050774,2.380083996935231,48.84918399735141
2545,44,11,0.0,2.371493711007162,48.84940736605534
2546,44,12,7.354584424368297,2.371902613102182,48.84940959441649
2547,44,13,25.18813959684614,2.3723115152473717,48.84941182132756
2548,44,14,43.021694769323986,2.3727204174427,48.849414046788525
2549,44,15,60.85524994180184,2.3731293196881347,48.849416270799395
2550,44,16,78.68880511427967,2.373538221983642,48.84941849336017
2551,44,17,96.52236028675752,2.3739471243291894,48.84942071447084
2552,44,18,114.35591545923535,2.3743560267247443,48.849422934131425
2553,44,19,132.1894706317132,2.374764929170275,48.84942515234189
2554,44,20,150.02302580419104,2.3751738316657476,48.84942736910227
2555,44,21,167.85658097666888,2.3755827342111298,48.84942958441255
2556,44,22,185.69013614914672,2.3759916368063894,48.84943179827272
2557,44,23,203.52369132162457,2.3764005394514935,48.8494340106828
2558,44,24,221.35724649410247,2.3768094421464085,48.84943622164277
2559,44,25,239.1908016665803,2.3772183448911037,48.84943843115264
2560,44,26,257.1153653357277,2.377627247685545,48.84944063921242
2561,44,27,275.0632462080804,2.3780361505297,48.84944284582208
2562,44,28,293.0111270804331,2.3784450534235364,48.84944505098166
2563,44,29,310.9590079527857,2.3788539563670206,48.849447254691114
2564,44,30,328.90688882513837,2.3792628593601215,48.849449456950474
2565,44,31,346.85476969749107,2.3796717624028054,48.84945165775972
2566,45,10,26.508407031856425,2.3710814291359887,48.84967499553861
2567,45,11,3.4608572512605327,2.3714903333779147,48.84967722537092
2568,45,12,26.60498347753728,2.3718992376700454,48.849679453753126
2569,45,13,49.31207604822548,2.372308142012348,48.849681680685215
2570,45,14,67.14563122070332,2.3727170464047895,48.8496839061672
2571,45,15,84.97918639318118,2.3731259508473386,48.84968613019907
2572,45,16,102.81274156565901,2.3735348553399604,48.84968835278083
2573,45,17,120.64629673813685,2.3739437598826245,48.849690573912476
2574,45,18,138.47985191061468,2.3743526644752966,48.84969279359401
2575,45,19,156.31340708309253,2.374761569117945,48.84969501182543
2576,45,20,174.14696225557037,2.375170473810537,48.849697228606736
2577,45,21,191.98051742804824,2.375579378553039,48.84969944393793
2578,45,22,209.8140726005261,2.375988283345419,48.84970165781901
2579,45,23,227.6476277730039,2.376397188187645,48.84970387024999
2580,45,24,245.48118294548175,2.3768060930796833,48.849706081230835
2581,45,25,263.3147381179596,2.377214998021502,48.849708290761576
2582,45,26,281.154366400494,2.3776239030130677,48.84971049884219
2583,45,27,299.10224727284674,2.378032808054349,48.8497127054727
2584,45,28,317.0501281451994,2.3784417131453113,48.84971491065309
2585,45,29,334.998009017552,2.3788506182859237,48.84971711438337
2586,46,9,64.8811885576283,2.370669142870563,48.84994262351677
2587,46,10,41.29852531401851,2.3710780492593933,48.849944854820265
2588,46,11,31.647555317508115,2.371486955698463,48.84994708467362
2589,46,12,45.79920656558195,2.3718958621877375,48.84994931307688
2590,46,13,68.83704885978813,2.372304768727185,48.84995154002999
2591,46,14,91.26956767208264,2.372713675316773,48.849953765532995
2592,46,15,109.10312284456049,2.3731225819564683,48.84995598958586
2593,46,16,126.93667801703835,2.3735314886462384,48.849958212188604
2594,46,17,144.7702331895162,2.3739403953860507,48.84996043334123
2595,46,18,162.60378836199405,2.374349302175873,48.849962653043725
2596,46,19,180.43734353447186,2.374758209015672,48.849964871296095
2597,46,20,198.2708987069497,2.375167115905415,48.84996708809834
2598,46,21,216.10445387942755,2.37557602284507,48.84996930345046
2599,46,22,233.9380090519054,2.3759849298346034,48.84997151735244
2600,46,23,251.77156422438324,2.3763938368739836,48.84997372980429
2601,46,24,269.6051193968611,2.376802743963178,48.84997594080604
2602,46,25,287.43867456933896,2.3772116511021526,48.84997815035763
2603,46,26,305.2722297418168,2.377620558290876,48.849980358459106
2604,46,27,323.14124833761304,2.378029465529315,48.849982565110444
2605,46,28,341.08912920996573,2.3784383728174374,48.84998477031166
2606,47,9,83.6557190270048,2.370665760746555,48.85021248276449
2607,47,10,67.0393831295253,2.3710746693325606,48.85021471408904
2608,47,11,61.56523738969412,2.3714835779688053,48.850216943963474
2609,47,12,69.90191713616659,2.371892486655257,48.85021917238776
2610,47,13,88.21721818201709,2.372301395391882,48.850221399361914
2611,47,14,111.06911424203896,2.372710304178648,48.85022362488593
2612,47,15,133.22705929593982,2.373119213015523,48.8502258489598
2613,47,16,151.06061446841767,2.3735281219024738,48.85022807158353
2614,47,17,168.8941696408955,2.3739370308394676,48.850230292757125
2615,47,18,186.72772481337336,2.3743459398264717,48.85023251248059
2616,47,19,204.5612799858512,2.374754848863454,48.850234730753904
2617,47,20,222.39483515832904,2.3751637579503817,48.85023694757707
2618,47,21,240.22839033080692,2.375572667087222,48.85023916295011
2619,47,22,258.06194550328473,2.3759815762739422,48.85024137687299
2620,47,23,275.89550067576255,2.376390485510509,48.85024358934575
2621,47,24,293.7290558482404,2.3767993947968913,48.850245800368356
2622,47,25,311.5626110207183,2.377208304133055,48.85024800994083
2623,47,26,329.3961661931961,2.3776172135189686,48.85025021806314
2624,47,27,347.229721365674,2.3780261229545983,48.850252424735324
2625,48,8,126.05947191202144,2.3702534678393348,48.850480109203545
2626,48,9,107.64288189750323,2.370662378572275,48.850482341999324
2627,48,10,95.30471965050806,2.371071289355488,48.85048457334496
2628,48,11,91.53681856020584,2.3714802001889415,48.85048680324044
2629,48,12,97.33955371063787,2.371889111072602,48.850489031685775
2630,48,13,111.22494450908152,2.3722980220064374,48.85049125868095
2631,48,14,130.64068219934543,2.372706932990415,48.85049348422598
2632,48,15,153.3011796242898,2.373115844024502,48.85049570832086
2633,48,16,175.184550919797,2.373524755108666,48.850497930965574
2634,48,17,193.01810609227488,2.373933666242874,48.850500152160144
2635,48,18,210.85166126475272,2.374342577427093,48.85050237190456
2636,48,19,228.68521643723054,2.3747514886612917,48.850504590198824
2637,48,20,246.51877160970838,2.375160399945436,48.85050680704293
2638,48,21,264.35232678218625,2.3755693112794942,48.85050902243688
2639,48,22,282.18588195466407,2.375978222663433,48.85051123638068
2640,48,23,300.01943712714194,2.3763871340972202,48.85051344887433
2641,48,24,317.85299229961976,2.376796045580823,48.85051565991782
2642,48,25,335.6865474720976,2.3772049571142086,48.85051786951115
2643,49,7,168.47463189320305,2.36984117053767,48.85074773413741
2644,49,8,149.2638642003227,2.3702500834175435,48.850749968404436
2645,49,9,134.07348999886025,2.3706589963477227,48.850752201221304
2646,49,10,124.38528966456039,2.371067909328176,48.85075443258801
2647,49,11,121.52242529425875,2.37147682235887,48.850756662504544
2648,49,12,125.95117869182809,2.371885735439773,48.85075889097091
2649,49,13,136.96605045894736,2.372294648570851,48.850761117987126
2650,49,14,153.15253358265096,2.3727035617520724,48.85076334355317
2651,49,15,173.06558903273387,2.373112474983404,48.85076556766904
2652,49,16,195.53324500654068,2.373521388264814,48.85076779033476
2653,49,17,217.14204254365418,2.373930301596268,48.8507700115503
2654,49,18,234.97559771613203,2.3743392149777356,48.85077223131567
2655,49,19,252.80915288860987,2.3747481284091823,48.85077444963089
2656,49,20,270.6427080610877,2.375157041890577,48.85077666649594
2657,49,21,288.4762632335656,2.375565955421885,48.850778881910806
2658,49,22,306.3098184060434,2.3759748690030755,48.85078109587551
2659,49,23,324.1433735785213,2.3763837826341154,48.85078330839005
2660,49,24,341.9769287509991,2.3767926963149715,48.850785519454405
2661,50,6,210.89431648188818,2.3694288688414975,48.85101535756603
2662,50,7,191.2391494669042,2.3698377838683014,48.851017593304334
2663,50,8,174.55203193686125,2.3702466989454454,48.85101982759247
2664,50,9,161.75416970745806,2.3706556140728967,48.85102206043041
2665,50,10,153.8194102908058,2.3710645292506225,48.851024291818185
2666,50,11,151.5137305549347,2.3714734444785903,48.85102652175578
2667,50,12,155.08839450821415,2.3718823597567678,48.851028750243195
2668,50,13,164.15970783233496,2.3722912750851215,48.85103097728043
2669,50,14,177.88875523781618,2.372700190463619,48.85103320286749
2670,50,15,195.2956958166815,2.3731091058922287,48.85103542700437
2671,50,16,215.4910865186398,2.3735180213709164,48.851037649691065
2672,50,17,237.76544730773227,2.3739269368996507,48.851039870927586
2673,50,18,259.09953416751137,2.3743358524783984,48.85104209071393
2674,50,19,276.9330893399892,2.3747447681071265,48.85104430905008
2675,50,20,294.76664451246705,2.3751536837858027,48.85104652593606
2676,50,21,312.6001996849449,2.375562599514394,48.851048741371855
2677,50,22,330.43375485742274,2.375971515292869,48.85105095535747
2678,50,23,348.2673100299006,2.376380431121194,48.85105316789289
2679,51,5,253.31625265105941,2.3690165627507533,48.85128297948936
2680,51,6,233.37764122048512,2.3694254799244865,48.851285216698955
2681,51,7,215.78026551587052,2.3698343971485927,48.85128745245838
2682,51,8,201.13955988457786,2.37024331442304,48.8512896867676
2683,51,9,190.13974364930598,2.3706522317477963,48.85129191962663
2684,51,10,183.4369692278138,2.371061149122827,48.85129415103548
2685,51,11,181.5079095905961,2.371470066548101,48.85129638099413
2686,51,12,184.5023598992981,2.371878984023586,48.85129860950259
2687,51,13,192.19032330705994,2.372287901549248,48.85130083656086
2688,51,14,204.04195631618106,2.372696819125055,48.85130306216894
2689,51,15,219.38349869987132,2.3731057367509747,48.85130528632683
2690,51,16,237.5397210284178,2.373514654426973,48.851307509034505
2691,51,17,257.9168831827817,2.3739235721530196,48.851309730292
2692,51,18,280.0305665372671,2.37433248992908,48.8513119500993
2693,51,19,301.0570257913686,2.3747414077551223,48.85131416845641
2694,51,20,318.8905809638464,2.3751503256311133,48.85131638536332
2695,51,21,336.7241361363242,2.3755592435570207,48.851318600820036
2696,52,4,295.73947147783286,2.3686042522653756,48.85155059990737
2697,52,5,275.6044893583013,2.369013171586035,48.851552838588304
2698,52,6,257.3982014679048,2.369422090957102,48.851555075819036
2699,52,7,241.55710232442812,2.369831010378544,48.85155731159956
2700,52,8,228.57347450619974,2.3702399298503267,48.85155954592989
2701,52,9,218.95623492446717,2.3706488493724196,48.85156177881
2702,52,10,213.16151711029025,2.3710577689447887,48.85156401023991
2703,52,11,211.50373978070144,2.3714666885674016,48.851566240219626
2704,52,12,214.07903098081508,2.3718756082402264,48.85156846874913
2705,52,13,220.73928302444693,2.372284527963229,48.85157069582843
2706,52,14,231.13163053681984,2.372693447736378,48.85157292145751
2707,52,15,244.78118840930384,2.3731023675596403,48.851575145636396
2708,52,16,261.177774252583,2.3735112874329833,48.85157736836508
2709,52,17,279.83893461774636,2.373920207356374,48.851579589643556
2710,52,18,300.3428522413301,2.3743291273297804,48.85158180947182
2711,52,19,322.33806547927213,2.374738047353169,48.85158402784986
2712,52,20,343.0145174152257,2.3751469674265078,48.85158624477771
2713,53,4,317.8844848168318,2.3686008588528837,48.85182045897229
2714,53,5,299.24328773044294,2.369009780370909,48.851822697674365
2715,53,6,282.56423131066464,2.3694187019393427,48.85182493492622
2716,53,7,268.2136170679052,2.369827623558152,48.85182717072786
2717,53,8,256.5824310920586,2.3702365452273044,48.851829405079286
2718,53,9,248.05350936758202,2.3706454669467667,48.85183163798048
2719,53,10,242.95378793926062,2.371054388716507,48.851833869431466
2720,53,11,241.50060587604605,2.3714633105364915,48.851836099432234
2721,53,12,243.75918896107166,2.3718722324066883,48.85183832798279
2722,53,13,249.62880796779353,2.3722811543270645,48.85184055508311
2723,53,14,258.86394366903176,2.372690076297588,48.85184278073322
2724,53,15,271.12089719596634,2.373098998318226,48.85184500493311
2725,53,16,286.0114341434759,2.373507920388945,48.85184722768277
2726,53,17,303.1477198087922,2.3739168425097135,48.851849448982215
2727,53,18,322.1715996014113,2.374325764680498,48.85185166883144
2728,53,19,342.76892968032297,2.374734686901266,48.85185388723043
2729,54,4,341.2319685852092,2.368597465389951,48.85209031802434
2730,54,5,323.93711727586776,2.3690063891053748,48.852092556747564
2731,54,6,308.5956181047641,2.369415312871208,48.85209479402054
2732,54,7,295.5118526860192,2.369824236687418,48.85209702984329
2733,54,8,284.99693795264824,2.3702331605539717,48.85209926421582
2734,54,9,277.3432065273057,2.3706420844708362,48.85210149713811
2735,54,10,272.791594026117,2.3710510084379797,48.85210372861017
2736,54,11,271.4981645163959,2.3714599324553687,48.85210595863199
2737,54,12,273.50914591697676,2.371868856522971,48.85210818720357
2738,54,13,278.75303131032706,2.3722777806407533,48.85211041432493
2739,54,14,287.05269904524204,2.372686704808684,48.85211263999606
2740,54,15,298.15306738925295,2.3730956290267295,48.85211486421696
2741,54,16,311.75511408488956,2.373504553294858,48.852117086987604
2742,54,17,327.54732592794073,2.3739134776130366,48.85211930830803
2743,54,18,345.2292720598975,2.3743224019812317,48.852121528178216
2744,55,5,349.4623966126741,2.3690029977894316,48.85236241580788
2745,55,6,335.2908680694064,2.3694119237526974,48.85236465310199
2746,55,7,323.28929115452956,2.36982084976634,48.85236688894585
2747,55,8,313.70681430224033,2.3702297758303277,48.85236912333947
2748,55,9,306.7702151515404,2.3706387019446273,48.852371356282845
2749,55,10,302.66146842402077,2.3710476281092068,48.852373587775986
2750,55,11,301.4962089861938,2.3714565543240327,48.85237581781887
2751,55,12,303.3083638766144,2.3718654805890727,48.852378046411495
2752,55,13,308.0453913986879,2.3722744069042943,48.85238027355389
2753,55,14,315.57560540452573,2.3726833332696646,48.85238249924603
2754,55,15,325.7053304612853,2.3730922596851514,48.85238472348792
2755,55,16,338.20106720020436,2.3735011861507207,48.852386946279566
2756,56,8,342.63782049991937,2.370226391056372,48.85263898245027
2757,56,9,336.29849182147257,2.370635319368139,48.852641215414735
2758,56,10,332.5547701745671,2.3710442477301865,48.85264344692894
2759,56,11,331.49460739252044,2.3714531761424826,48.85264567699288
2760,56,12,333.1436241244659,2.371862104604993,48.85264790560655
2761,56,13,337.4621072939086,2.372271033117686,48.85265013276997
2762,56,14,344.3496383382849,2.3726799616805287,48.852652358483134
