fid,row_index,col_index,distance,x,y
0,0,7,344.57570015481764,-99.10940517530797,19.431965144661305
1,0,8,333.5367302370989,-99.10911939439096,19.43196531666654
2,0,9,324.90165850196547,-99.10883361347094,19.431965488221884
3,0,10,318.86584165978064,-99.10854783254787,19.43196565932734
4,0,11,315.57845658009165,-99.1082620516218,19.431965829982914
5,0,12,315.1255298092259,-99.10797627069272,19.431966000188602
6,0,13,317.5191912587613,-99.10769048976064,19.431966169944403
7,0,14,322.69610177021093,-99.10740470882557,19.43196633925032
8,0,15,330.31161158259306,-99.10711892788753,19.431966508106346
9,0,16,339.0439067167209,-99.1068331469465,19.431966676512488
10,1,5,348.0031463162546,-99.10997691962821,19.432235916603723
11,1,6,331.69342339890454,-99.10969113824306,19.432236089511328
12,1,7,317.38756183278116,-99.10940535685486,19.43223626196904
13,1,8,305.36732255798097,-99.10911957546364,19.43223643397686
14,1,9,295.91137012001155,-99.10883379406938,19.432236605534783
15,1,10,289.27128486314535,-99.1085480126721,19.43223677664282
16,1,11,285.6435077617685,-99.10826223127181,19.43223694730096
17,1,12,285.143035697034,-99.10797644986852,19.432237117509207
18,1,13,287.7861846694391,-99.10769066846221,19.432237287267558
19,1,14,293.48803274863695,-99.10740488705292,19.432237456576022
20,1,15,301.41605206852284,-99.10711910564065,19.432237625434592
21,1,16,310.8675093360611,-99.1068333242254,19.432237793843267
22,1,17,322.8398678556253,-99.10654754280719,19.432237961802052
23,1,18,337.06461130363294,-99.10626176138604,19.43223812931094
24,2,4,343.2117478101743,-99.11026288398294,19.432506860538062
25,2,5,323.8960344230648,-99.10997710212662,19.43250703389817
26,2,6,306.3053678848277,-99.10969132026725,19.432507206808374
27,2,7,290.7530149029106,-99.10940553840483,19.43250737926868
28,2,8,277.5817950716593,-99.10911975653937,19.432507551279084
29,2,9,267.1441375648681,-99.10883397467086,19.432507722839595
30,2,10,259.7697586620692,-99.10854819279936,19.4325078939502
31,2,11,255.72380568774233,-99.10826241092484,19.432508064610907
32,2,12,255.1646567914426,-99.1079766290473,19.432508234821718
33,2,13,258.1149731332284,-99.10769084716678,19.432508404582627
34,2,14,264.4573247910515,-99.10740506528325,19.432508573893635
35,2,15,272.6526620512699,-99.10711928339674,19.432508742754745
36,2,16,283.06615134960157,-99.10683350150728,19.43250891116595
37,2,17,296.1645116419371,-99.10654771961484,19.432509079127254
38,2,18,311.60935459696753,-99.10626193771942,19.432509246638666
39,2,19,329.07045110214654,-99.10597615582108,19.432509413700178
40,2,20,348.24464634047393,-99.10569037391978,19.432509580311784
41,3,3,343.63122358688076,-99.11054884928613,19.43277780400919
42,3,4,321.55365820324505,-99.11026306695864,19.432777977821807
43,3,5,300.8506147309024,-99.10997728462807,19.432778151184518
44,3,6,281.82517571010993,-99.10969150229445,19.432778324097328
45,3,7,264.83913408729245,-99.10940571995779,19.432778496560232
46,3,8,250.30801869732292,-99.1091199376181,19.432778668573224
47,3,9,238.6806265792259,-99.10883415527536,19.43277884013631
48,3,10,230.39700255065034,-99.10854837292962,19.432779011249494
49,3,11,225.82541058170776,-99.10826259058085,19.43277918191277
50,3,12,225.1920365920371,-99.10797680822908,19.43277935212614
51,3,13,228.52962745460795,-99.10769102587432,19.4327795218896
52,3,14,235.55997542819244,-99.10740524351657,19.43277969120316
53,3,15,244.1870426593382,-99.10711946115582,19.432779860066802
54,3,16,255.76216240668793,-99.10683367879211,19.432780028480547
55,3,17,270.187445369278,-99.10654789642544,19.432780196444384
56,3,18,287.03349552170414,-99.1062621140558,19.432780363958308
57,3,19,305.9006365924067,-99.1059763316832,19.432780531022335
58,3,20,326.4386180951501,-99.10569054930767,19.43278069763645
59,3,21,348.16035510773077,-99.1054047669292,19.432780863800655
60,4,2,349.2427977964886,-99.11083481553781,19.433048747017086
61,4,3,324.78434243785756,-99.11054903273914,19.433048921282232
62,4,4,301.32906659143265,-99.11026324993739,19.433049095097466
63,4,5,279.1299762707985,-99.10997746713258,19.43304926846279
64,4,6,258.5108913237681,-99.10969168432473,19.43304944137819
65,4,7,239.87959107244106,-99.10940590151381,19.43304961384369
66,4,8,223.73322393679945,-99.10912011869988,19.433049785859275
67,4,9,210.64399534101742,-99.1088343358829,19.433049957424945
68,4,10,201.20941840107554,-99.1085485530629,19.433050128540696
69,4,11,195.9580754482233,-99.10826277023989,19.433050299206535
70,4,12,195.22782745665148,-99.10797698741388,19.43305046942247
71,4,13,199.0684352013563,-99.10769120458487,19.433050639188483
72,4,14,206.66408638816748,-99.10740542175286,19.43305080850459
73,4,15,216.1368767281117,-99.10711963891788,19.433050977370772
74,4,16,229.1334139710193,-99.1068338560799,19.43305114578705
75,4,17,245.13076778374042,-99.10654807323898,19.43305131375341
76,4,18,263.58312774242137,-99.1062622903951,19.43305148126986
77,4,19,284.01238907257056,-99.10597650754826,19.433051648336395
78,4,20,305.75341435679553,-99.10569072469849,19.433051814953018
79,4,21,327.59941413755604,-99.10540494184578,19.43305198111972
80,4,22,349.44541391831655,-99.10511915899014,19.43305214683652
81,5,2,333.4261283728282,-99.11083499946815,19.43331986427941
82,5,3,307.7130487349638,-99.11054921619521,19.433320038547187
83,5,4,282.84564278390206,-99.11026343291921,19.43332021236504
84,5,5,259.06754895569463,-99.10997764964016,19.433320385732966
85,5,6,236.70727112191494,-99.10969186635803,19.433320558650973
86,5,7,216.20515600247893,-99.10940608307288,19.433320731119064
87,5,8,198.13885727471217,-99.10912029978468,19.433320903137233
88,5,9,183.23030328578636,-99.10883451649345,19.433321074705486
89,5,10,172.30113558033725,-99.1085487331992,19.433321245823812
90,5,11,166.1385524264199,-99.10826294990193,19.433321416492223
91,5,12,165.2766041592662,-99.10797716660166,19.433321586710708
92,5,13,169.79603400106635,-99.10769138329839,19.433321756479284
93,5,14,177.8089290351328,-99.10740559999213,19.43332192579793
94,5,15,188.687538435511,-99.1071198166829,19.433322094666657
95,5,16,203.44522377555094,-99.10683403337067,19.433322263085472
96,5,17,221.30732250270339,-99.1065482500555,19.433322431054354
97,5,18,241.58622251599348,-99.10626246673736,19.43332259857332
98,5,19,263.34647360586024,-99.10597668341626,19.43332276564237
99,5,20,285.19247338662075,-99.10569090009224,19.4333229322615
100,5,21,307.03847316738126,-99.10540511676527,19.433323098430705
101,5,22,328.8844729481418,-99.10511933343538,19.433323264149994
102,5,23,350.7304727289023,-99.10483355010255,19.43332342941936
103,6,1,347.0720637450091,-99.11112096714567,19.43359080681334
104,6,2,319.64892358753286,-99.11083518340155,19.433590981533655
105,6,3,292.72815312289475,-99.11054939965436,19.43359115580405
106,6,4,266.46596201168626,-99.1102636159041,19.433591329624512
107,6,5,241.07767667473058,-99.10997783215076,19.43359150299505
108,6,6,216.8704301442648,-99.1096920483944,19.433591675915654
109,6,7,194.2861826045047,-99.10940626463497,19.433591848386342
110,6,8,173.95820771410428,-99.1091204808725,19.4335920204071
111,6,9,156.76669069408828,-99.10883469710701,19.43359219197793
112,6,10,143.84064999591894,-99.10854891333851,19.43359236309883
113,6,11,136.3982033287864,-99.10826312956698,19.433592533769815
114,6,12,135.3469879657226,-99.10797734579245,19.433592703990865
115,6,13,140.8083392737918,-99.1076915620149,19.433592873761977
116,6,14,149.34474521619558,-99.1074057782344,19.433593043083174
117,6,15,162.14445670426704,-99.1071199944509,19.43359321195445
118,6,16,179.10275474194555,-99.10683421066442,19.433593380375786
119,6,17,199.16015834595294,-99.10654842687498,19.433593548347204
120,6,18,220.93953285492495,-99.10626264308257,19.433593715868692
121,6,19,242.78553263568548,-99.10597685928721,19.433593882940254
122,6,20,264.631532416446,-99.10569107548892,19.433594049561886
123,6,21,286.47753219720653,-99.10540529168769,19.433594215733592
124,6,22,308.32353197796704,-99.10511950788353,19.43359438145537
125,6,23,330.1695317587276,-99.10483372407646,19.43359454672722
126,7,1,335.29190994753236,-99.11112115155642,19.433861924056856
127,7,2,307.70154973770923,-99.11083536733804,19.433862098779805
128,7,3,280.111189527886,-99.11054958311658,19.433862273052817
129,7,4,252.5996044727468,-99.11026379889203,19.433862446875896
130,7,5,225.65659188213542,-99.10997801466443,19.433862620249045
131,7,6,199.5876617928401,-99.1096922304338,19.433862793172253
132,7,7,174.78435862515167,-99.1094064462001,19.43386296564553
133,7,8,151.86806543865018,-99.10912066196337,19.433863137668876
134,7,9,131.82657766987143,-99.10883487772361,19.433863309242284
135,7,10,116.15758201780521,-99.10854909348082,19.433863480365765
136,7,11,106.8031888114566,-99.10826330923503,19.433863651039303
137,7,12,105.45737726858256,-99.10797752498623,19.433863821262914
138,7,13,111.91245023376682,-99.10769174073442,19.43386399103659
139,7,14,121.62109439879195,-99.10740595647964,19.433864160360336
140,7,15,137.03526013034536,-99.10712017222187,19.43386432923414
141,7,16,156.73427970684327,-99.10683438796111,19.433864497658018
142,7,17,178.53259210398966,-99.1065486036974,19.43386466563196
143,7,18,200.3785918847502,-99.10626281943073,19.43386483315597
144,7,19,222.2245916655107,-99.1059770351611,19.433865000230043
145,7,20,244.07059144627124,-99.10569125088854,19.433865166854183
146,7,21,265.9165912270318,-99.10540546661304,19.433865333028386
147,7,22,287.7625910077923,-99.10511968233462,19.43386549875266
148,7,23,309.6085907885528,-99.10483389805327,19.433865664027
149,7,24,331.4545905693133,-99.10454811376901,19.433865828851406
150,8,1,323.51175615005565,-99.11112133597025,19.434133041292284
151,8,2,295.92139594023246,-99.11083555127759,19.434133216017862
152,8,3,268.33103573040927,-99.11054976658184,19.434133390293493
153,8,4,240.74067552058608,-99.11026398188304,19.43413356411919
154,8,5,213.1503153107629,-99.10997819718116,19.43413373749494
155,8,6,185.57393677159467,-99.10969241247624,19.434133910420755
156,8,7,158.59389423612853,-99.10940662776828,19.434134082896623
157,8,8,132.91486210748906,-99.10912084305727,19.434134254922558
158,8,9,109.45637418225277,-99.10883505834322,19.43413442649855
159,8,10,89.97241315646612,-99.10854927362617,19.4341345976246
160,8,11,77.52014195852806,-99.10826348890608,19.43413476830071
161,8,12,75.65520265879172,-99.10797770418301,19.434134938526885
162,8,13,83.01656119374181,-99.10769191945693,19.43413510830311
163,8,14,95.28655876790468,-99.10740613472785,19.4341352776294
164,8,15,114.30879317909411,-99.10712034999581,19.43413544650575
165,8,16,136.12565135305437,-99.10683456526078,19.434135614932156
166,8,17,157.9716511338149,-99.10654878052279,19.434135782908626
167,8,18,179.81765091457544,-99.10626299578183,19.434135950435152
168,8,19,201.66365069533595,-99.10597721103794,19.43413611751174
169,8,20,223.50965047609648,-99.1056914262911,19.43413628413839
170,8,21,245.35565025685702,-99.10540564154132,19.434136450315094
171,8,22,267.2016500376176,-99.10511985678862,19.434136616041858
172,8,23,289.0476498183781,-99.10483407203299,19.43413678131868
173,8,24,311.4891239324865,-99.10454828727445,19.434136946145568
174,8,25,335.1129505998252,-99.10426250251301,19.43413711052251
175,9,0,339.5141101059247,-99.11140730555104,19.434403983341475
176,9,1,311.73160235257893,-99.11112152038717,19.434404158519623
177,9,2,284.14124214275574,-99.11083573522022,19.434404333247826
178,9,3,256.55088193293255,-99.1105499500502,19.434404507526082
179,9,4,228.96052172310937,-99.1102641648771,19.43440468135439
180,9,5,201.37016151328618,-99.10997837970095,19.434404854732747
181,9,6,173.77980130346296,-99.10969259452173,19.434405027661164
182,9,7,146.18944109363977,-99.10940680933948,19.43440520013963
183,9,8,118.59908088381658,-99.10912102415418,19.43440537216815
184,9,9,91.5595386516338,-99.10883523896585,19.434405543746724
185,9,10,67.06330142613416,-99.10854945377451,19.434405714875346
186,9,11,49.11032150419128,-99.10826366858015,19.43440588555402
187,9,12,46.11031292799407,-99.10797788338279,19.43440605578276
188,9,13,54.59298530642267,-99.10769209818241,19.434406225561535
189,9,14,71.88439302726873,-99.10740631297907,19.43440639489037
190,9,15,93.71871060211909,-99.10712052777272,19.434406563769265
191,9,16,115.56471038287961,-99.10683474256341,19.43440673219821
192,9,17,137.41071016364015,-99.10654895735114,19.434406900177198
193,9,18,159.25670994440068,-99.1062631721359,19.434407067706246
194,9,19,181.10270972516122,-99.10597738691771,19.434407234785347
195,9,20,202.94870950592173,-99.10569160169659,19.434407401414497
196,9,21,224.79470928668226,-99.10540581647251,19.434407567593706
197,9,22,246.6407090674428,-99.10512003124552,19.43440773332296
198,9,23,269.270970036757,-99.10483424601563,19.434407898602274
199,9,24,293.2269950670112,-99.1045484607828,19.434408063431633
200,9,25,318.2095001214168,-99.10426267554706,19.43440822781105
201,9,26,343.9949146412123,-99.10397689030845,19.43440839174052
202,10,0,329.8568082966855,-99.11140749044534,19.434675100558085
203,10,1,301.1849996195744,-99.11112170480719,19.434675275738865
204,10,2,272.7989992870387,-99.11083591916594,19.4346754504697
205,10,3,244.79825168529388,-99.11055013352163,19.434675624750575
206,10,4,217.18036792563265,-99.11026434787424,19.434675798581498
207,10,5,189.5900077158094,-99.10997856222379,19.434675971962466
208,10,6,161.99964750598622,-99.10969277657027,19.43467614489348
209,10,7,134.40928729616306,-99.10940699091371,19.43467631737454
210,10,8,106.81892708633985,-99.10912120525414,19.434676489405646
211,10,9,79.22856687651668,-99.10883541959151,19.434676660986806
212,10,10,51.63820666669348,-99.10854963392588,19.434676832118
213,10,11,24.78457074915207,-99.10826384825722,19.434677002799244
214,10,12,17.160814079366155,-99.10797806258556,19.434677173030533
215,10,13,29.465772070943107,-99.1076922769109,19.434677342811874
216,10,14,51.31176985118378,-99.10740649123325,19.434677512143256
217,10,15,73.15776963194432,-99.10712070555262,19.434677681024688
218,10,16,95.00376941270484,-99.10683491986902,19.434677849456158
219,10,17,116.84976919346538,-99.10654913418243,19.43467801743768
220,10,18,138.6957689742259,-99.1062633484929,19.434678184969247
221,10,19,160.54176875498644,-99.10597756280042,19.434678352050863
222,10,20,182.387768535747,-99.10569177710501,19.43467851868252
223,10,21,204.23765800985691,-99.10540599140664,19.434678684864227
224,10,22,227.13043891307086,-99.10512020570536,19.434678850595976
225,10,23,251.52226862116436,-99.10483442000117,19.434679015877773
226,10,24,277.0174488075257,-99.10454863429403,19.43467918070961
227,10,25,303.30103670551176,-99.10426284858403,19.434679345091503
228,10,26,329.7454358064089,-99.10397706287111,19.43467950902344
229,11,0,322.7091523312201,-99.11140767534273,19.434946217766605
230,11,1,293.3395421938565,-99.11112188923028,19.434946392950025
231,11,2,264.1116753016952,-99.11083610311474,19.43494656768348
232,11,3,235.0784274382377,-99.11055031699611,19.43494674196698
233,11,4,206.3219742611085,-99.11026453087442,19.434946915800513
234,11,5,177.97653519261533,-99.10997874474965,19.43494708918409
235,11,6,150.2194937085095,-99.10969295862186,19.434947262117706
236,11,7,122.62913349868633,-99.109407172491,19.43494743460136
237,11,8,95.03877328886314,-99.1091213863571,19.43494760663506
238,11,9,67.44841307903995,-99.10883560022019,19.43494777821879
239,11,10,39.85805286921675,-99.10854981408025,19.43494794935256
240,11,11,12.267692659393555,-99.1082640279373,19.434948120036374
241,11,12,0.0,-99.10797824179133,19.434948290270228
242,11,13,8.9048291002485,-99.10769245564238,19.43494846005412
243,11,14,30.75082888100903,-99.10740666949042,19.434948629388046
244,11,15,52.596828661769564,-99.10712088333548,19.434948798272014
245,11,16,74.44282844253009,-99.10683509717758,19.434948966706028
246,11,17,96.28882822329062,-99.1065493110167,19.434949134690072
247,11,18,118.13482800405116,-99.10626352485286,19.434949302224158
248,11,19,139.98082778481168,-99.1059777386861,19.434949469308286
249,11,20,161.84684712919002,-99.10569195251637,19.434949635942452
250,11,21,185.12054790636384,-99.1054061663437,19.434949802126656
251,11,22,210.1067171430873,-99.10512038016812,19.4349499678609
252,11,23,236.2455961283178,-99.10483459398961,19.43495013314518
253,11,24,262.68999522921496,-99.1045488078082,19.4349502979795
254,11,25,289.13439433011206,-99.10426302162386,19.434950462363858
255,11,26,315.57879343100916,-99.10397723543666,19.434950626298264
256,11,27,342.0231925319063,-99.10369144924655,19.434950789782697
257,12,0,318.24028660273814,-99.11140786024322,19.435217334967028
258,12,1,288.41596702186865,-99.11112207365646,19.43521751015308
259,12,2,258.63228732957214,-99.1108362870666,19.435217684889167
260,12,3,228.90511148834815,-99.11055050047366,19.435217859175292
261,12,4,199.2597302057288,-99.11026471387767,19.435218033011438
262,12,5,169.73900582313587,-99.1099789272786,19.435218206397625
263,12,6,140.42157994408578,-99.10969314067648,19.435218379333843
264,12,7,111.46797804822694,-99.10940735407132,19.43521855182009
265,12,8,83.2586194913864,-99.10912156746312,19.435218723856373
266,12,9,55.66825928156321,-99.10883578085189,19.435218895442688
267,12,10,28.07789907174002,-99.10854999423765,19.43521906657903
268,12,11,0.48753886191682844,-99.10826420762038,19.43521923726541
269,12,12,0.0,-99.1079784210001,19.435219407501823
270,12,13,0.0,-99.10769263437683,19.435219577288265
271,12,14,10.189887910834273,-99.10740684775057,19.43521974662475
272,12,15,32.0358876915948,-99.10712106112132,19.435219915511258
273,12,16,53.88188747235533,-99.1068352744891,19.435220083947797
274,12,17,75.72788725311587,-99.10654948785393,19.43522025193437
275,12,18,97.57388703387639,-99.10626370121578,19.435220419470973
276,12,19,119.48130775132793,-99.1059779145747,19.435220586557616
277,12,20,143.3561935650514,-99.10569212793065,19.43522075319429
278,12,21,169.19015555112384,-99.10540634128368,19.435220919380992
279,12,22,195.63455465202094,-99.10512055463379,19.43522108511773
280,12,23,222.07895375291807,-99.10483476798098,19.4352212504045
281,12,24,248.5233528538152,-99.10454898132525,19.435221415241298
282,12,25,274.9677519547123,-99.10426319466661,19.435221579628134
283,12,26,301.41215105560946,-99.10397740800508,19.435221743564995
284,12,27,327.867429033107,-99.10369162134067,19.43522190705189
285,13,0,316.45818002269937,-99.1114080451468,19.435488452159362
286,13,1,286.4760000420911,-99.11112225808571,19.43548862734805
287,13,2,256.4938200614828,-99.11083647102156,19.43548880208677
288,13,3,226.5116400808745,-99.1105506839543,19.43548897637551
289,13,4,196.52946010026622,-99.11026489688398,19.435489150214273
290,13,5,166.54728011965793,-99.1099791098106,19.435489323603065
291,13,6,136.56510013904966,-99.10969332273416,19.43548949654188
292,13,7,106.58292015844137,-99.10940753565468,19.435489669030723
293,13,8,76.60080394476967,-99.10912174857216,19.43548984106959
294,13,9,46.632319062553236,-99.10883596148662,19.43549001265849
295,13,10,16.776864943084327,-99.10855017439805,19.435490183797413
296,13,11,0.0,-99.10826438730646,19.435490354486358
297,13,12,0.0,-99.10797860021188,19.43549052472533
298,13,13,0.0,-99.10769281311428,19.43549069451433
299,13,14,0.0,-99.1074070260137,19.435490863853353
300,13,15,11.474946721420043,-99.10712123891015,19.435491032742405
301,13,16,33.320946502180576,-99.1068354518036,19.435491201181474
302,13,17,55.166946282941105,-99.10654966469411,19.43549136917058
303,13,18,77.1826656593025,-99.10626387758165,19.43549153670971
304,13,19,102.1390190366474,-99.10597809046624,19.435491703798856
305,13,20,128.57911407482698,-99.10569230334788,19.435491870438035
306,13,21,155.0235131757241,-99.1054065162266,19.435492036627238
307,13,22,181.4679122766212,-99.10512072910238,19.43549220236647
308,13,23,207.91231137751834,-99.10483494197524,19.43549236765572
309,13,24,234.35671047841547,-99.10454915484519,19.435492532495
310,13,25,260.8022819215332,-99.10426336771225,19.435492696884303
311,13,26,287.6342185183317,-99.10397758057641,19.435492860823633
312,13,27,315.0381835108625,-99.10369179343768,19.43549302431299
313,13,28,342.8770483279468,-99.10340600629607,19.435493187352375
314,14,0,315.42431174752494,-99.11140823005347,19.435759569343606
315,14,1,285.4421317669167,-99.11112244251807,19.435759744534927
316,14,2,255.45995178630838,-99.11083665497956,19.435759919276272
317,14,3,225.47777180570012,-99.11055086743801,19.435760093567634
318,14,4,195.49559182509182,-99.11026507989335,19.435760267409016
319,14,5,165.51341184448356,-99.10997929234564,19.43576044080041
320,14,6,135.53123186387526,-99.10969350479488,19.435760613741834
321,14,7,105.54905188326698,-99.10940771724107,19.43576078623327
322,14,8,75.56687190265872,-99.10912192968424,19.435760958274727
323,14,9,45.58469192205044,-99.10883614212436,19.4357611298662
324,14,10,15.602511941442158,-99.10855035456146,19.43576130100769
325,14,11,0.0,-99.10826456699556,19.43576147169921
326,14,12,0.0,-99.10797877942665,19.435761641940744
327,14,13,0.0,-99.10769299185472,19.4357618117323
328,14,14,0.0,-99.10740720427982,19.435761981073867
329,14,15,0.0,-99.10712141670193,19.435762149965456
330,14,16,12.760005532005817,-99.10683562912108,19.435762318407065
331,14,17,35.19296598162497,-99.10654984153724,19.435762486398694
332,14,18,61.52367349763298,-99.10626405395045,19.435762653940337
333,14,19,87.96807259853011,-99.10597826636072,19.435762821032004
334,14,20,114.41247169942724,-99.10569247876803,19.435762987673684
335,14,21,140.85687080032437,-99.10540669117243,19.43576315386539
336,14,22,167.3012699012215,-99.10512090357389,19.43576331960711
337,14,23,193.7456690021186,-99.10483511597242,19.43576348489885
338,14,24,220.57702259607828,-99.10454932836805,19.43576364974061
339,14,25,248.1326989828695,-99.10426354076078,19.435763814132386
340,14,26,276.1192841151873,-99.10397775315062,19.435763978074185
341,14,27,304.1399772518648,-99.10369196553755,19.435764141566
342,14,28,332.16067038854226,-99.10340617792161,19.43576430460783
343,15,0,314.872606642733,-99.11140841496324,19.436030686519757
344,15,1,284.87983366112644,-99.1111226269535,19.436030861713714
345,15,2,254.88876169731935,-99.11083683894067,19.43603103645768
346,15,3,224.90007125920312,-99.11055105092476,19.43603121075167
347,15,4,194.91486158114378,-99.11026526290578,19.436031384595662
348,15,5,164.9350310819331,-99.10997947488374,19.43603155798967
349,15,6,134.9641644689435,-99.10969368685865,19.43603173093369
350,15,7,105.00993716597407,-99.10940789883051,19.43603190342772
351,15,8,75.092264025022,-99.10912211079933,19.436032075471765
352,15,9,45.28365410614969,-99.10883632276513,19.436032247065825
353,15,10,16.1978560929279,-99.1085505347279,19.43603241820989
354,15,11,0.0,-99.10826474668765,19.436032588903974
355,15,12,0.0,-99.10797895864441,19.436032759148063
356,15,13,0.0,-99.10769317059815,19.436032928942172
357,15,14,0.0,-99.10740738254891,19.43603309828629
358,15,15,0.0,-99.10712159449669,19.436033267180417
359,15,16,0.0,-99.10683580644151,19.43603343562456
360,15,17,20.912632021336123,-99.10655001838334,19.436033603618714
361,15,18,47.35703112223325,-99.10626423032222,19.43603377116288
362,15,19,73.80143022313038,-99.10597844225816,19.436033938257058
363,15,20,100.24582932402751,-99.10569265419113,19.436034104901246
364,15,21,126.69022842492464,-99.10540686612119,19.436034271095448
365,15,22,153.54153227075167,-99.10512107804831,19.436034436839662
366,15,23,181.34082676575036,-99.10483528997253,19.436034602133894
367,15,24,209.36151990242783,-99.10454950189383,19.436034766978132
368,15,25,237.38221303910535,-99.10426371381222,19.43603493137238
369,15,26,265.40290617578285,-99.1039779257277,19.436035095316644
370,15,27,293.4235993124603,-99.10369213764032,19.436035258810914
371,15,28,321.44429244913783,-99.10340634955004,19.436035421855202
372,16,0,316.921404657645,-99.11140859987611,19.43630180368781
373,16,1,287.14271354672496,-99.11112281139202,19.43630197888441
374,16,2,257.4154213635584,-99.11083702290485,19.436302153631
375,16,3,227.7596548306572,-99.1105512344146,19.436302327927606
376,16,4,198.20752150557232,-99.11026544592129,19.436302501774218
377,16,5,168.81345560761355,-99.1099796574249,19.436302675170833
378,16,6,139.67728522199127,-99.10969386892546,19.436302848117453
379,16,7,111.0022757414788,-99.109408080423,19.436303020614076
380,16,8,83.26623825170132,-99.10912229191746,19.43630319266071
381,16,9,57.836213961417656,-99.10883650340891,19.436303364257352
382,16,10,37.969362834048304,-99.10855071489735,19.43630353540399
383,16,11,19.575642957310038,-99.10826492638276,19.436303706100638
384,16,12,1.1819230805717744,-99.10797913786517,19.436303876347292
385,16,13,0.0,-99.10769334934459,19.436304046143952
386,16,14,0.0,-99.107407560821,19.436304215490615
387,16,15,0.0,-99.10712177229443,19.436304384387288
388,16,16,0.0,-99.1068359837649,19.436304552833963
389,16,17,6.7459896459363975,-99.1065501952324,19.436304720830645
390,16,18,33.19038874683353,-99.10626440669694,19.436304888377332
391,16,19,59.63478784773066,-99.10597861815853,19.43630505547402
392,16,20,86.57818066204509,-99.10569282961717,19.43630522212072
393,16,21,114.58306255299088,-99.10540704107288,19.436305388317418
394,16,22,142.60375568966836,-99.10512125252566,19.436305554064123
395,16,23,170.62444882634585,-99.10483546397553,19.43630571936084
396,16,24,198.64514196302335,-99.10454967542248,19.436305884207556
397,16,25,226.66583509970087,-99.10426388686653,19.436306048604276
398,16,26,254.68652823637834,-99.10397809830769,19.436306212551006
399,16,27,282.7072213730558,-99.10369230974595,19.436306376047742
400,16,28,310.7279145097333,-99.10340652118134,19.436306539094478
401,16,29,338.74860764641085,-99.10312073261386,19.43630670169122
402,17,0,321.76636717711847,-99.11140878479206,19.436572920847784
403,17,1,292.48137762798166,-99.11112299583363,19.436573096047006
404,17,2,263.3573949445198,-99.11083720687212,19.436573270796238
405,17,3,234.4544277354676,-99.1105514179075,19.43657344509546
406,17,4,205.8655869677285,-99.11026562893984,19.436573618944685
407,17,5,177.74251351426642,-99.10997983996911,19.43657379234391
408,17,6,150.34680682731835,-99.10969405099533,19.436573965293128
409,17,7,124.16087763854107,-99.10940826201849,19.43657413779235
410,17,8,100.13832807059724,-99.10912247303862,19.43657430984157
411,17,9,80.06268332126278,-99.10883668405573,19.43657448144079
412,17,10,61.6689634445245,-99.10855089506981,19.436574652590007
413,17,11,43.27524356778624,-99.10826510608088,19.43657482328922
414,17,12,23.32322675528333,-99.10797931708893,19.436574993538432
415,17,13,0.0,-99.107693528094,19.43657516333765
416,17,14,0.0,-99.10740773909608,19.43657533268686
417,17,15,0.0,-99.10712195009515,19.43657550158607
418,17,16,0.0,-99.10683616109127,19.43657567003528
419,17,17,0.0,-99.10655037208441,19.436575838034482
420,17,18,19.80460520355392,-99.1062645830746,19.43657600558369
421,17,19,47.825298340231406,-99.10597879406184,19.436576172682894
422,17,20,75.84599147690889,-99.10569300504613,19.4365763393321
423,17,21,103.8666846135864,-99.1054072160275,19.4365765055313
424,17,22,131.88737775026388,-99.10512142700593,19.436576671280502
425,17,23,159.90807088694137,-99.10483563798145,19.4365768365797
426,17,24,187.92876402361887,-99.10454984895405,19.43657700142889
427,17,25,215.94945716029633,-99.10426405992375,19.43657716582809
428,17,26,243.97015029697386,-99.10397827089055,19.436577329777283
429,17,27,271.9908434336513,-99.10369248185447,19.436577493276477
430,17,28,300.0115365703289,-99.10340669281551,19.436577656325664
431,17,29,328.0322297070063,-99.10312090377367,19.436577818924853
432,18,0,329.28409217960365,-99.1114089697111,19.436844037999656
433,18,1,300.73206442836704,-99.11112318027833,19.436844213201518
434,18,2,272.4913499327076,-99.11083739084245,19.43684438795337
435,18,3,244.66977132647807,-99.11055160140349,19.436844562255217
436,18,4,217.4282829204905,-99.11026581196145,19.436844736107055
437,18,5,191.0152334934433,-99.10998002251637,19.43684490950889
438,18,6,165.82695992918778,-99.10969423306823,19.43684508246071
439,18,7,142.51435665278865,-99.10940844361704,19.436845254962524
440,18,8,122.15600380847724,-99.10912265416282,19.436845427014333
441,18,9,103.76228393173896,-99.10883686470557,19.43684559861613
442,18,10,85.3685640550007,-99.10855107524529,19.43684576976792
443,18,11,65.2958989137741,-99.10826528578198,19.436845940469702
444,18,12,41.21542354080525,-99.10797949631569,19.43684611072148
445,18,13,17.1349481678364,-99.1076937068464,19.436846280523245
446,18,14,0.0,-99.1074079173741,19.436846449875
447,18,15,0.0,-99.10712212789885,19.436846618776755
448,18,16,0.0,-99.10683633842059,19.436846787228497
449,18,17,0.0,-99.1065505489394,19.436846955230234
450,18,18,9.088227264149431,-99.10626475945521,19.43684712278196
451,18,19,37.10892040082692,-99.1059789699681,19.436847289883676
452,18,20,65.12961353750441,-99.10569318047804,19.436847456535386
453,18,21,93.1503066741819,-99.10540739098504,19.436847622737083
454,18,22,121.17099981085939,-99.10512160148912,19.436847788488773
455,18,23,149.19169294753686,-99.10483581199027,19.436847953790462
456,18,24,177.21238608421436,-99.10455002248851,19.43684811864214
457,18,25,205.23307922089185,-99.10426423298385,19.436848283043805
458,18,26,233.25377235756937,-99.10397844347631,19.436848446995466
459,18,27,261.27446549424684,-99.10369265396587,19.436848610497112
460,18,28,289.29515863092433,-99.10340686445255,19.436848773548757
461,18,29,317.319868957512,-99.10312107493635,19.43684893615039
462,18,30,345.5466336602385,-99.10283528541731,19.43684909830202
463,19,0,339.2969667986013,-99.11140915463325,19.43711515514343
464,19,1,311.6635892938618,-99.1111233647261,19.43711533034793
465,19,2,284.51002461132146,-99.11083757481585,19.437115505102412
466,19,3,257.9878200945474,-99.11055178490254,19.43711567940688
467,19,4,232.313315438307,-99.11026599498614,19.437115853261336
468,19,5,207.8009570303759,-99.10998020506669,19.437116026665777
469,19,6,184.91349046389755,-99.10969441514418,19.4371161996202
470,19,7,164.33125134417895,-99.10940862521862,19.437116372124606
471,19,8,145.85560441895342,-99.10912283529004,19.437116544179002
472,19,9,127.46188454221516,-99.10883704535841,19.437116715783382
473,19,10,107.26857107226485,-99.10855125542378,19.437116886937748
474,19,11,83.18809569929601,-99.10826546548611,19.437117057642094
475,19,12,59.107620326327165,-99.10797967554545,19.43711722789643
476,19,13,35.02714495335831,-99.10769388560179,19.43711739770075
477,19,14,10.94666958038946,-99.10740809565515,19.437117567055058
478,19,15,0.0,-99.1071223057055,19.437117735959347
479,19,16,0.0,-99.10683651575289,19.437117904413622
480,19,17,0.0,-99.10655072579732,19.437118072417885
481,19,18,0.0,-99.10626493583878,19.43711823997213
482,19,19,26.39254246142243,-99.1059791458773,19.43711840707636
483,19,20,54.41323559809992,-99.10569335591288,19.437118573730576
484,19,21,82.43392873477742,-99.10540756594551,19.437118739934775
485,19,22,110.4546218714549,-99.10512177597522,19.43711890568896
486,19,23,138.47531500813238,-99.10483598600202,19.437119070993134
487,19,24,166.49600814480988,-99.10455019602588,19.437119235847284
488,19,25,194.51670128148737,-99.10426440604687,19.437119400251426
489,19,26,222.5373944181649,-99.10397861606495,19.437119564205553
490,19,27,250.6893341271425,-99.10369282608015,19.43711972770966
491,19,28,279.0018614387561,-99.10340703609245,19.437119890763753
492,19,29,307.31438875036974,-99.1031212461019,19.437120053367835
493,19,30,335.62691606198337,-99.10283545610848,19.437120215521897
494,20,1,325.0055556566971,-99.11112354917695,19.437386447486254
495,20,2,299.0658329206468,-99.11083775879234,19.437386622243363
496,20,3,273.95644477420495,-99.11055196840465,19.43738679655045
497,20,4,249.9277792605772,-99.11026617801387,19.437386970407523
498,20,5,227.32280144966896,-99.10998038762006,19.437387143814565
499,20,6,206.60933490945516,-99.10969459722318,19.437387316771595
500,20,7,187.9489249061679,-99.10940880682325,19.437387489278596
501,20,8,169.55520502942963,-99.10912301642028,19.43738766133558
502,20,9,149.24124323075563,-99.1088372260143,19.437387832942537
503,20,10,125.16076785778678,-99.10855143560528,19.437388004099475
504,20,11,101.08029248481793,-99.10826564519324,19.437388174806397
505,20,12,76.99981711184908,-99.10797985477821,19.43738834506329
506,20,13,52.10476402729348,-99.10769406436017,19.43738851487016
507,20,14,25.66751413704704,-99.10740827393914,19.437388684227017
508,20,15,0.0,-99.10712248351516,19.437388853133847
509,20,16,0.0,-99.10683669308816,19.437389021590658
510,20,17,0.0,-99.10655090265821,19.437389189597443
511,20,18,0.0,-99.1062651122253,19.437389357154206
512,20,19,15.676164522017942,-99.10597932178945,19.437389524260947
513,20,20,43.69685765869543,-99.10569353135064,19.437389690917676
514,20,21,71.71755079537293,-99.1054077409089,19.437389857124376
515,20,22,99.73824393205042,-99.10512195046424,19.437390022881054
516,20,23,127.7589370687279,-99.10483616001666,19.43739018818771
517,20,24,155.83242897728988,-99.10455036956616,19.437390353044343
518,20,25,184.14456190566008,-99.10426457911277,19.437390517450957
519,20,26,212.45708921727373,-99.10397878865648,19.43739068140755
520,20,27,240.7696165288873,-99.1036929981973,19.43739084491412
521,20,28,269.0821438405009,-99.10340720773523,19.43739100797066
522,20,29,297.39467115211454,-99.1031214172703,19.43739117057719
523,20,30,325.70719846372816,-99.10283562680252,19.43739133273369
524,21,1,340.47471201824067,-99.1111237336309,19.437657564616476
525,21,2,315.8081549559886,-99.11083794277191,19.43765773937622
526,21,3,292.14132187951003,-99.11055215190983,19.43765791368593
527,21,4,269.737489352721,-99.11026636104468,19.437658087545607
528,21,5,248.93789260598936,-99.10998057017649,19.437658260955267
529,21,6,230.04224539338233,-99.10969477930523,19.43765843391489
530,21,7,211.64852551664407,-99.10940898843091,19.43765860642449
531,21,8,191.2139153892464,-99.10912319755357,19.437658778484064
532,21,9,167.13344001627752,-99.10883740667319,19.4376589500936
533,21,10,143.05296464330868,-99.1085516157898,19.437659121253116
534,21,11,118.97248927033984,-99.10826582490338,19.4376592919626
535,21,12,92.72199340414936,-99.10798003401396,19.437659462222054
536,21,13,66.2847435139029,-99.10769424312154,19.43765963203148
537,21,14,39.84749362365647,-99.10740845222615,19.437659801390883
538,21,15,11.862258397644275,-99.10712266132776,19.43765997030025
539,21,16,0.0,-99.10683687042639,19.437660138759593
540,21,17,0.0,-99.10655107952206,19.437660306768908
541,21,18,0.0,-99.10626528861478,19.43766047432819
542,21,19,4.959786582613458,-99.10597949770452,19.43766064143745
543,21,20,32.98047971929095,-99.10569370679134,19.43766080809668
544,21,21,61.00117285596844,-99.10540791587523,19.437660974305878
545,21,22,89.28726237256406,-99.10512212495618,19.437661140065046
546,21,23,117.59978968417768,-99.10483633403422,19.43766130537419
547,21,24,145.9123169957913,-99.10455054310935,19.43766147023331
548,21,25,174.22484430740494,-99.10426475218158,19.437661634642392
549,21,26,202.53737161901853,-99.1039789612509,19.437661798601447
550,21,27,230.84989893063212,-99.10369317031733,19.43766196211047
551,21,28,259.1624262422458,-99.1034073793809,19.437662125169474
552,21,29,287.47495355385934,-99.10312158844158,19.43766228777844
553,21,30,315.78748086547296,-99.10283579749941,19.437662449937385
554,21,31,344.1000081770866,-99.10255000655437,19.4376626116463
555,22,2,334.4087454790786,-99.11083812675456,19.43792885650098
556,22,3,312.1553623849716,-99.11055233541809,19.43792903081331
557,22,4,291.2949218206434,-99.11026654407856,19.43792920467561
558,22,5,272.1355658805968,-99.10998075273596,19.437929378087876
559,22,6,253.7418460038585,-99.10969496139032,19.4379295510501
560,22,7,233.18658754773716,-99.10940917004162,19.43792972356229
561,22,8,209.10611217476833,-99.10912337868987,19.437929895624446
562,22,9,185.02563680179946,-99.10883758733512,19.437930067236568
563,22,10,159.77647267125167,-99.10855179597733,19.437930238398657
564,22,11,133.33922278100522,-99.10826600461652,19.43793040911071
565,22,12,106.70210588565743,-99.10798021325273,19.437930579372722
566,22,13,78.48260224584344,-99.10769442188592,19.437930749184705
567,22,14,50.26309860602942,-99.10740863051612,19.437930918546652
568,22,15,22.04359496621542,-99.10712283914333,19.437931087458566
569,22,16,0.0,-99.10683704776758,19.43793125592044
570,22,17,0.0,-99.10655125638887,19.437931423932284
571,22,18,0.0,-99.1062654650072,19.43793159149409
572,22,19,0.0,-99.10597967362256,19.437931758605856
573,22,20,22.74249015108168,-99.10569388223499,19.437931925267595
574,22,21,51.055017462695275,-99.10540809084448,19.43793209147929
575,22,22,79.3675447743089,-99.10512229945105,19.437932257240956
576,22,23,107.68007208592249,-99.1048365080547,19.43793242255258
577,22,24,135.9925993975361,-99.10455071665542,19.437932587414174
578,22,25,164.30512670914973,-99.10426492525326,19.437932751825734
579,22,26,192.61765402076335,-99.1039791338482,19.437932915787258
580,22,27,220.93018133237697,-99.10369334244025,19.43793307929874
581,22,28,249.2427086439906,-99.10340755102942,19.43793324236019
582,22,29,277.5552359556042,-99.10312175961572,19.43793340497161
583,22,30,305.8677632672178,-99.10283596819916,19.437933567132987
584,22,31,334.18029057883143,-99.10255017677973,19.43793372884434
585,23,3,333.6695799468067,-99.11055251892941,19.43820014793261
586,23,4,314.24059221348256,-99.11026672711549,19.438200321797517
587,23,5,295.835166491073,-99.1099809352985,19.43820049521239
588,23,6,275.1592597062279,-99.10969514347845,19.43820066817722
589,23,7,251.07878433325908,-99.10940935165536,19.438200840692
590,23,8,226.83095193835402,-99.10912355982923,19.438201012756746
591,23,9,200.39370204810754,-99.10883776800007,19.43820118437145
592,23,10,173.32244973385662,-99.10855197616787,19.438201355536112
593,23,11,145.10294609404258,-99.10826618433268,19.43820152625073
594,23,12,116.88344245422857,-99.10798039249447,19.43820169651531
595,23,13,88.66393881441458,-99.10769460065328,19.43820186632984
596,23,14,60.44443517460057,-99.10740880880907,19.43820203569434
597,23,15,32.22493153478656,-99.1071230169619,19.43820220460879
598,23,16,4.005427894972563,-99.10683722511175,19.438202373073203
599,23,17,0.0,-99.10655143325864,19.438202541087566
600,23,18,0.0,-99.10626564140256,19.43820270865189
601,23,19,0.0,-99.10597984954353,19.43820287576618
602,23,20,12.822772552826503,-99.10569405768156,19.438203042430416
603,23,21,41.135299864440114,-99.10540826581665,19.438203208644616
604,23,22,69.44782717605372,-99.10512247394882,19.438203374408772
605,23,23,97.76035448766733,-99.10483668207807,19.43820353972289
606,23,24,126.07288179928095,-99.10455089020441,19.43820370458696
607,23,25,154.38540911089456,-99.10426509832786,19.438203869000986
608,23,26,182.69793642250818,-99.1039793064484,19.438204032964975
609,23,27,211.0104637341218,-99.10369351456605,19.43820419647892
610,23,28,239.32299104573542,-99.10340772268081,19.438204359542823
611,23,29,267.635518357349,-99.10312193079272,19.43820452215669
612,23,30,295.9480456689626,-99.10283613890175,19.43820468432051
613,23,31,324.2605729805762,-99.10255034700795,19.438204846034285
614,24,4,337.9284869782874,-99.11026691015547,19.43847143891133
615,24,5,317.1319318647187,-99.10998111786407,19.438471612328808
616,24,6,293.0514564917499,-99.10969532556963,19.438471785296244
617,24,7,267.44818131520987,-99.10940953327213,19.438471957813622
618,24,8,239.94279358205577,-99.1091237409716,19.438472129880953
619,24,9,211.72328994224173,-99.10883794866803,19.438472301498237
620,24,10,183.50378630242773,-99.10855215636144,19.438472472665474
621,24,11,155.28428266261372,-99.10826636405183,19.43847264338266
622,24,12,127.06477902279973,-99.10798057173923,19.4384728136498
623,24,13,98.84527538298572,-99.10769477942362,19.438472983466887
624,24,14,70.62577174317173,-99.10740898710502,19.438473152833925
625,24,15,42.40626810335771,-99.10712319478344,19.438473321750923
626,24,16,14.186764463543707,-99.10683740245888,19.438473490217863
627,24,17,0.0,-99.10655161013136,19.438473658234756
628,24,18,0.0,-99.10626581780087,19.4384738258016
629,24,19,0.0,-99.10598002546745,19.4384739929184
630,24,20,2.90305495457133,-99.10569423313108,19.438474159585148
631,24,21,31.215582266184942,-99.10540844079176,19.438474325801845
632,24,22,59.52810957779855,-99.10512264844952,19.438474491568495
633,24,23,87.84063688941217,-99.10483685610437,19.43847465688509
634,24,24,116.15316420102577,-99.1045510637563,19.438474821751644
635,24,25,144.46569151263938,-99.10426527140532,19.438474986168146
636,24,26,172.778218824253,-99.10397947905147,19.438475150134597
637,24,27,201.09074613586662,-99.10369368669471,19.438475313651004
638,24,28,229.40327344748022,-99.10340789433509,19.438475476717358
639,24,29,257.71580075909384,-99.10312210197257,19.438475639333667
640,24,30,286.02832807070746,-99.10283630960721,19.438475801499926
641,24,31,314.3408553823211,-99.102550517239,19.438475963216135
642,24,32,342.57685679407393,-99.10226472486792,19.438476124482293
643,25,5,334.5026605823122,-99.10998130043272,19.43874272943714
644,25,6,306.56313743025487,-99.10969550766384,19.43874290240717
645,25,7,278.3436337904409,-99.10940971489195,19.438743074927146
646,25,8,250.12413015062688,-99.10912392211699,19.438743246997063
647,25,9,221.90462651081288,-99.10883812933902,19.438743418616934
648,25,10,193.6851228709989,-99.10855233655802,19.43874358978674
649,25,11,165.4656192311849,-99.108266543774,19.43874376050649
650,25,12,137.24611559137088,-99.10798075098698,19.438743930776187
651,25,13,109.02661195155687,-99.10769495819696,19.438744100595837
652,25,14,80.80710831174287,-99.10740916540395,19.438744269965422
653,25,15,52.58760467192886,-99.10712337260794,19.438744438884953
654,25,16,24.368101032114854,-99.10683757980898,19.438744607354426
655,25,17,0.0,-99.10655178700704,19.43874477537385
656,25,18,0.0,-99.10626599420215,19.438744942943213
657,25,19,0.0,-99.1059802013943,19.438745110062527
658,25,20,0.0,-99.10569440858352,19.43874527673178
659,25,21,21.29586466792977,-99.10540861576979,19.43874544295098
660,25,22,49.60839197954338,-99.10512282295315,19.438745608720122
661,25,23,77.92091929115698,-99.10483703013358,19.438745774039205
662,25,24,106.23344660277061,-99.1045512373111,19.438745938908237
663,25,25,134.5459739143842,-99.1042654444857,19.438746103327215
664,25,26,162.85850122599783,-99.10397965165744,19.438746267296132
665,25,27,191.17102853761145,-99.10369385882626,19.438746430814994
666,25,28,219.48355584922507,-99.10340806599221,19.438746593883806
667,25,29,247.75535554918974,-99.10312227315531,19.438746756502557
668,25,30,275.9037639513416,-99.10283648031552,19.438746918671253
669,25,31,304.0521723534935,-99.10255068747288,19.438747080389895
670,25,32,332.2005807556453,-99.1022648946274,19.438747241658483
671,26,5,344.9639776386401,-99.1099814830044,19.439013846537375
672,26,6,316.74447399882604,-99.10969568976112,19.439014019510005
673,26,7,288.52497035901206,-99.1094098965148,19.439014192032577
674,26,8,260.3054667191981,-99.10912410326543,19.439014364105084
675,26,9,232.08596307938404,-99.10883831001303,19.43901453572753
676,26,10,203.86645943957004,-99.1085525167576,19.439014706899915
677,26,11,175.646955799756,-99.10826672349917,19.43901487762223
678,26,12,147.42745215994202,-99.10798093023773,19.439015047894493
679,26,13,119.20794852012801,-99.10769513697329,19.43901521771669
680,26,14,90.98844488031402,-99.10740934370585,19.439015387088826
681,26,15,62.768941240500006,-99.10712355043543,19.439015556010897
682,26,16,34.549437600686,-99.10683775716205,19.439015724482907
683,26,17,6.329933960871993,-99.10655196388569,19.43901589250485
684,26,18,0.0,-99.10626617060637,19.439016060076735
685,26,19,0.0,-99.10598037732412,19.43901622719856
686,26,20,0.0,-99.1056945840389,19.439016393870318
687,26,21,11.376147069674596,-99.10540879075076,19.43901656009202
688,26,22,39.68867438128821,-99.10512299745969,19.439016725863652
689,26,23,68.00120169290182,-99.10483720416569,19.43901689118523
690,26,24,96.31372900451542,-99.1045514108688,19.439017056056738
691,26,25,124.62625631612904,-99.10426561756898,19.43901722047819
692,26,26,152.93385430430567,-99.10397982426628,19.439017384449567
693,26,27,181.0822627064575,-99.1036940309607,19.43901754797089
694,26,28,209.23067110860933,-99.10340823765223,19.439017711042155
695,26,29,237.37907951076116,-99.10312244434088,19.43901787366335
696,26,30,265.52748791291305,-99.10283665102669,19.439018035834486
697,26,31,293.6758963150649,-99.10255085770963,19.43901819755556
698,26,32,321.82430471721676,-99.10226506438973,19.43901835882657
699,27,6,326.92581056739726,-99.10969587186145,19.439285136604745
700,27,7,298.7063069275833,-99.10941007814068,19.43928530912991
701,27,8,270.4868032877692,-99.1091242844169,19.439285481205005
702,27,9,242.26729964795516,-99.10883849069006,19.439285652830037
703,27,10,214.04779600814118,-99.1085526969602,19.43928582400499
704,27,11,185.82829236832717,-99.10826690322735,19.43928599472988
705,27,12,157.60878872851316,-99.10798110949148,19.439286165004702
706,27,13,129.38928508869915,-99.1076953157526,19.43928633482945
707,27,14,101.16978144888516,-99.10740952201074,19.439286504204134
708,27,15,72.95027780907115,-99.10712372826589,19.439286673128745
709,27,16,44.73077416925715,-99.10683793451807,19.43928684160329
710,27,17,16.511270529443145,-99.10655214076729,19.43928700962776
711,27,18,0.0,-99.10626634701356,19.439287177202164
712,27,19,0.0,-99.10598055325686,19.4392873443265
713,27,20,0.0,-99.10569475949721,19.43928751100077
714,27,21,1.4564294714194206,-99.10540896573464,19.439287677224968
715,27,22,29.768956783033037,-99.10512317196914,19.439287842999093
716,27,23,58.08148409464664,-99.10483737820073,19.439288008323153
717,27,24,86.26076146157335,-99.10455158442939,19.43928817319714
718,27,25,114.4091698637252,-99.10426579065516,19.43928833762106
719,27,26,142.55757826587708,-99.10397999687802,19.439288501594916
720,27,27,170.70598666802894,-99.10369420309802,19.439288665118696
721,27,28,198.85439507018074,-99.10340840931512,19.43928882819241
722,27,29,227.0028034723326,-99.10312261552934,19.439288990816053
723,27,30,255.15121187448443,-99.10283682174071,19.439289152989623
724,27,31,283.29962027663635,-99.10255102794923,19.43928931471313
725,27,32,311.44802867878815,-99.1022652341549,19.439289475986566
726,27,33,339.59643708094006,-99.10197944035771,19.439289636809928
727,28,6,337.1071471359684,-99.10969605396481,19.439556253691393
728,28,7,308.8876434961544,-99.10941025976962,19.43955642621916
729,28,8,280.66813985634036,-99.10912446557138,19.43955659829684
730,28,9,252.44863621652632,-99.10883867137011,19.439556769924444
731,28,10,224.22913257671232,-99.10855287716583,19.43955694110198
732,28,11,196.00962893689834,-99.10826708295852,19.439557111829433
733,28,12,167.79012529708433,-99.10798128874822,19.439557282106815
734,28,13,139.5706216572703,-99.10769549453491,19.43955745193412
735,28,14,111.35111801745632,-99.10740970031861,19.439557621311348
736,28,15,83.1316143776423,-99.10712390609933,19.439557790238503
737,28,16,54.91211073782829,-99.10683811187708,19.43955795871558
738,28,17,26.692607098014292,-99.10655231765185,19.43955812674258
739,28,18,0.0,-99.10626652342367,19.439558294319504
740,28,19,0.0,-99.10598072919254,19.43955846144635
741,28,20,0.0,-99.10569493495846,19.439558628123123
742,28,21,0.0,-99.10540914072145,19.43955879434982
743,28,22,19.587668618841075,-99.10512334648152,19.43955896012644
744,28,23,47.73607702099293,-99.10483755223866,19.43955912545299
745,28,24,75.88448542314478,-99.1045517579929,19.43955929032946
746,28,25,104.03289382529663,-99.10426596374423,19.439559454755848
747,28,26,132.18130222744847,-99.10398016949266,19.43955961873217
748,28,27,160.32971062960036,-99.10369437523819,19.439559782258407
749,28,28,188.47811903175216,-99.10340858098087,19.439559945334572
750,28,29,216.62652743390402,-99.10312278672066,19.439560107960663
751,28,30,244.77493583605585,-99.1028369924576,19.43956027013667
752,28,31,272.92334423820773,-99.10255119819168,19.439560431862606
753,28,32,301.0649639041998,-99.1022654039229,19.43956059313847
754,28,33,329.175787738812,-99.10197960965128,19.43956075396425
755,29,6,347.28848370453954,-99.10969623607123,19.439827370769954
756,29,7,319.0689800647255,-99.10941044140158,19.439827543300307
757,29,8,290.84947642491153,-99.1091246467289,19.439827715380577
758,29,9,262.62997278509744,-99.1088388520532,19.439827887010768
759,29,10,234.41046914528349,-99.10855305737445,19.439828058190876
760,29,11,206.19096550546948,-99.1082672626927,19.439828228920895
761,29,12,177.97146186565544,-99.10798146800796,19.439828399200838
762,29,13,149.75195822584146,-99.10769567332021,19.4398285690307
763,29,14,121.53245458602746,-99.10740987862947,19.43982873841047
764,29,15,93.31295094621343,-99.10712408393573,19.439828907340164
765,29,16,65.09344730639944,-99.10683828923904,19.439829075819777
766,29,17,36.87394366658543,-99.10655249453937,19.439829243849303
767,29,18,8.654440026771425,-99.10626669983675,19.43982941142875
768,29,19,0.0,-99.10598090513118,19.43982957855811
769,29,20,0.0,-99.10569511042264,19.43982974523739
770,29,21,0.0,-99.10540931571119,19.439829911466585
771,29,22,9.211392580412499,-99.10512352099681,19.4398300772457
772,29,23,37.35980098256435,-99.10483772627951,19.43983024257473
773,29,24,65.5082093847162,-99.1045519315593,19.439830407453677
774,29,25,93.65661778686804,-99.10426613683619,19.439830571882542
775,29,26,121.80502618901991,-99.10398034211018,19.439830735861324
776,29,27,149.95343459117174,-99.10369454738127,19.439830899390024
777,29,28,178.10184299332357,-99.1034087526495,19.439831062468645
778,29,29,206.25025139547543,-99.10312295791483,19.439831225097176
779,29,30,234.36564553298254,-99.10283716317733,19.439831387275632
780,29,31,262.47646936759486,-99.10255136843696,19.439831549004
781,29,32,290.58729320220715,-99.10226557369374,19.439831710282288
782,29,33,318.6981170368194,-99.10197977894768,19.43983187111048
783,29,34,346.8089408714317,-99.1016939841988,19.439832031488606
784,30,7,329.2503166332967,-99.1094106230366,19.440098660373366
785,30,8,301.0308129934826,-99.10912482788946,19.440098832456222
786,30,9,272.8113093536686,-99.10883903273928,19.440099004088992
787,30,10,244.5918057138546,-99.10855323758611,19.440099175271673
788,30,11,216.37230207404062,-99.1082674424299,19.440099346004267
789,30,12,188.1527984342266,-99.1079816472707,19.440099516286764
790,30,13,159.9332947944126,-99.1076958521085,19.44009968611918
791,30,14,131.7137911545986,-99.1074100569433,19.440099855501497
792,30,15,103.49428751478459,-99.10712426177513,19.440100024433733
793,30,16,75.27478387497058,-99.10683846660397,19.440100192915878
794,30,17,46.920352156077996,-99.10655267142985,19.44010036094793
795,30,18,18.412303500344713,-99.10626687625277,19.4401005285299
796,30,19,0.0,-99.10598108107274,19.44010069566177
797,30,20,0.0,-99.10569528588978,19.440100862343556
798,30,21,0.0,-99.10540949070386,19.440101028575253
799,30,22,0.0,-99.10512369551503,19.44010119435686
800,30,23,26.983524944135766,-99.10483790032328,19.440101359688377
801,30,24,55.13193334628761,-99.1045521051286,19.440101524569805
802,30,25,83.28034174843947,-99.10426630993103,19.440101689001146
803,30,26,111.42875015059133,-99.10398051473057,19.44010185298239
804,30,27,139.55550332715316,-99.10369471952723,19.44010201651355
805,30,28,167.6663271617654,-99.10340892432099,19.44010217959462
806,30,29,195.77715099637769,-99.10312312911188,19.4401023422256
807,30,30,223.88797483098992,-99.10283733389993,19.44010250440649
808,30,31,251.9987986656022,-99.10255153868509,19.44010266613729
809,30,32,280.1096225002145,-99.10226574346743,19.440102827418002
810,30,33,308.22044633482676,-99.10197994824692,19.440102988248622
811,30,34,336.33127016943905,-99.10169415302357,19.440103148629152
812,31,7,339.43165320186785,-99.10941080467464,19.440369777438324
813,31,8,311.21214956205375,-99.10912500905303,19.440369949523774
814,31,9,282.9926459222398,-99.10883921342842,19.44037012115912
815,31,10,254.77314228242577,-99.10855341780078,19.440370292344376
816,31,11,226.55363864261176,-99.1082676221701,19.440370463079535
817,31,12,198.33413500279775,-99.10798182653645,19.440370633364598
818,31,13,170.11463136298377,-99.10769603089977,19.440370803199563
819,31,14,141.78747205251173,-99.10741023526013,19.440370972584432
820,31,15,113.27942339677844,-99.10712443961748,19.4403711415192
821,31,16,84.77137474104516,-99.10683864397187,19.44037131000388
822,31,17,56.26332608531187,-99.10655284832329,19.440371478038465
823,31,18,27.75527742957859,-99.10626705267174,19.44037164562295
824,31,19,0.0,-99.10598125701726,19.440371812757338
825,31,20,0.0,-99.10569546135983,19.440371979441625
826,31,21,0.0,-99.10540966569945,19.440372145675823
827,31,22,0.0,-99.10512387003617,19.44037231145992
828,31,23,16.60724890570718,-99.10483807436995,19.440372476793925
829,31,24,44.7453611213237,-99.10455227870081,19.440372641677833
830,31,25,72.85618495593597,-99.10426648302878,19.440372806111647
831,31,26,100.96700879054823,-99.10398068735387,19.44037297009536
832,31,27,129.0778326251605,-99.10369489167606,19.440373133628977
833,31,28,157.18865645977277,-99.10340909599536,19.440373296712497
834,31,29,185.29948029438506,-99.1031233003118,19.440373459345924
835,31,30,213.4103041289973,-99.10283750462537,19.440373621529254
836,31,31,241.5211279636096,-99.10255170893609,19.440373783262487
837,31,32,269.6319517982219,-99.10226591324395,19.44037394454562
838,31,33,297.74277563283414,-99.10198011754899,19.44037410537866
839,31,34,325.85359946744643,-99.10169432185118,19.440374265761605
840,32,8,321.3934861306249,-99.10912519021966,19.44064106658323
841,32,9,293.17398249081094,-99.10883939412057,19.440641238221158
842,32,10,264.9544788509969,-99.10855359801845,19.440641409408986
843,32,11,236.65459194894544,-99.10826780191331,19.440641580146714
844,32,12,208.14654329321218,-99.10798200580518,19.440641750434335
845,32,13,179.63849463747889,-99.10769620969405,19.440641920271855
846,32,14,151.1304459817456,-99.10741041357993,19.440642089659274
847,32,15,122.62239732601232,-99.10712461746282,19.44064225859659
848,32,16,94.11434867027904,-99.10683882134273,19.44064242708379
849,32,17,65.72483524522379,-99.10655302521968,19.440642595120902
850,32,18,37.379084787493674,-99.10626722909367,19.440642762707906
851,32,19,9.033334329763566,-99.10598143296471,19.44064292984481
852,32,20,0.0,-99.10569563683282,19.440643096531613
853,32,21,0.0,-99.10540984069797,19.440643262768308
854,32,22,0.0,-99.10512404456021,19.440643428554896
855,32,23,6.156866584718813,-99.10483824841953,19.440643593891387
856,32,24,34.26769041933108,-99.10455245227594,19.44064375877777
857,32,25,62.37851425394335,-99.10426665612944,19.440643923214058
858,32,26,90.48933808855561,-99.10398085998004,19.440644087200237
859,32,27,118.60016192316789,-99.10369506382776,19.44064425073631
860,32,28,146.71098575778015,-99.10340926767259,19.44064441382229
861,32,29,174.82180959239244,-99.10312347151456,19.44064457645816
862,32,30,202.9326334270047,-99.10283767535367,19.44064473864393
863,32,31,231.04345726161696,-99.10255187918992,19.440644900379592
864,32,32,259.1542810962293,-99.10226608302331,19.44064506166515
865,32,33,287.2651049308415,-99.10198028685389,19.44064522250061
866,32,34,315.3759287654538,-99.1016944906816,19.44064538288596
867,32,35,343.4867526000661,-99.1014086945065,19.44064554282122
868,33,8,331.5217118453792,-99.1091253713893,19.44091218363459
869,33,9,303.0136631896459,-99.10883957481573,19.440912355275103
870,33,10,274.5056145339126,-99.10855377823913,19.440912526465503
871,33,11,245.99756587817936,-99.10826798165954,19.4409126972058
872,33,12,217.48951722244607,-99.10798218507692,19.440912867495978
873,33,13,188.98146856671275,-99.1076963884913,19.44091303733605
874,33,14,160.5864660384128,-99.1074105919027,19.44091320672602
875,33,15,132.2407155806827,-99.10712479531112,19.44091337566587
876,33,16,103.89496512295257,-99.10683899871657,19.440913544155613
877,33,17,75.54921466522245,-99.10655320211903,19.44091371219525
878,33,18,47.20346420749233,-99.10626740551855,19.440913879784777
879,33,19,18.857713749762222,-99.10598160891513,19.44091404692419
880,33,20,0.0,-99.10569581230874,19.440914213613492
881,33,21,0.0,-99.10541001569943,19.440914379852693
882,33,22,0.0,-99.10512421908719,19.440914545641775
883,33,23,0.0,-99.10483842247203,19.440914710980753
884,33,24,23.79001971733846,-99.10455262585396,19.44091487586962
885,33,25,51.90084355195073,-99.10426682923297,19.440915040308372
886,33,26,80.01166738656299,-99.1039810326091,19.44091520429702
887,33,27,108.12249122117527,-99.10369523598234,19.440915367835554
888,33,28,136.23331505578753,-99.10340943935272,19.440915530923984
889,33,29,164.34413889039982,-99.10312364272019,19.4409156935623
890,33,30,192.45496272501208,-99.10283784608482,19.440915855750504
891,33,31,220.56578655962434,-99.1025520494466,19.4409160174886
892,33,32,248.67661039423663,-99.10226625280552,19.440916178776586
893,33,33,276.7874342288489,-99.1019804561616,19.44091633961446
894,33,34,304.8982580634612,-99.10169465951486,19.44091650000223
895,33,35,333.0090818980735,-99.10140886286527,19.440916659939887
896,34,8,340.86468577461306,-99.10912555256196,19.44118330067786
897,34,9,312.35663711887975,-99.10883975551391,19.441183472320954
898,34,10,283.8485884631465,-99.10855395846285,19.441183643513927
899,34,11,255.44809683160176,-99.10826816140874,19.44118381425679
900,34,12,227.10234637387165,-99.10798236435167,19.441183984549532
901,34,13,198.75659591614155,-99.10769656729155,19.441184154392158
902,34,14,170.41084545841142,-99.10741077022848,19.44118432378467
903,34,15,142.0650950006813,-99.10712497316241,19.441184492727064
904,34,16,113.71934454295123,-99.10683917609337,19.441184661219346
905,34,17,85.3735940852211,-99.10655337902136,19.441184829261505
906,34,18,57.02784362749099,-99.10626758194638,19.44118499685355
907,34,19,28.68209316976088,-99.10598178486846,19.441185163995474
908,34,20,0.3363427120307651,-99.1056959877876,19.44118533068729
909,34,21,0.0,-99.10541019070381,19.441185496928984
910,34,22,0.0,-99.10512439361707,19.441185662720564
911,34,23,0.0,-99.10483859652743,19.44118582806202
912,34,24,13.31234901534584,-99.10455279943487,19.44118599295337
913,34,25,41.423172849958114,-99.10426700233943,19.441186157394597
914,34,26,69.53399668457037,-99.10398120524107,19.441186321385707
915,34,27,97.64482051918264,-99.10369540813981,19.441186484926703
916,34,28,125.7556443537949,-99.1034096110357,19.441186648017585
917,34,29,153.8664681884072,-99.1031238139287,19.441186810658348
918,34,30,181.97729202301946,-99.10283801681884,19.441186972848993
919,34,31,210.08811585763172,-99.10255221970613,19.441187134589516
920,34,32,238.198939692244,-99.10226642259056,19.44118729587993
921,34,33,266.3097635268563,-99.10198062547215,19.441187456720225
922,34,34,294.42058736146856,-99.10169482835093,19.4411876171104
923,34,35,322.53141119608085,-99.10140903122686,19.441187777050466
924,35,9,321.9639771670607,-99.10883993621513,19.44145458935871
925,35,10,293.6182267093305,-99.10855413868957,19.44145476055426
926,35,11,265.27247625160044,-99.10826834116098,19.44145493129969
927,35,12,236.92672579387033,-99.10798254362939,19.441455101594997
928,35,13,208.5809753361402,-99.1076967460948,19.441455271440173
929,35,14,180.2352248784101,-99.10741094855722,19.441455440835234
930,35,15,151.88947442068,-99.10712515101666,19.441455609780167
931,35,16,123.54372396294985,-99.10683935347313,19.441455778274978
932,35,17,95.19797350521975,-99.10655355592662,19.441455946319667
933,35,18,66.85222304748964,-99.10626775837716,19.44145611391423
934,35,19,38.50647258975953,-99.10598196082475,19.44145628105867
935,35,20,10.160722132029417,-99.1056961632694,19.441456447752987
936,35,21,0.0,-99.10541036571111,19.441456613997186
937,35,22,0.0,-99.10512456814989,19.441456779791256
938,35,23,0.0,-99.10483877058574,19.441456945135204
939,35,24,2.8346783133532183,-99.1045529730187,19.441457110029027
940,35,25,30.945502147965488,-99.10426717544874,19.441457274472725
941,35,26,59.056325982577754,-99.1039813778759,19.44145743846631
942,35,27,87.16714981719002,-99.10369558030017,19.441457602009763
943,35,28,115.2779736518023,-99.10340978272154,19.441457765103095
944,35,29,143.38879748641457,-99.10312398514006,19.441457927746303
945,35,30,171.49962132102684,-99.10283818755572,19.441458089939385
946,35,31,199.6104451556391,-99.10255238996851,19.44145825168235
947,35,32,227.7212689902514,-99.10226659237844,19.441458412975184
948,35,33,255.87157073994751,-99.10198079478555,19.441458573817894
949,35,34,284.33171249932354,-99.10169499718982,19.441458734210485
950,35,35,312.8979533613608,-99.10140919959127,19.44145889415295
951,35,36,341.464194223398,-99.10112340198991,19.441459053645296
952,36,9,331.78835658705935,-99.10884011691937,19.44172570638837
953,36,10,303.44260612932914,-99.10855431891929,19.441725877586496
954,36,11,275.09685567159903,-99.10826852091623,19.44172604833449
955,36,12,246.75110521386898,-99.10798272291012,19.441726218632358
956,36,13,218.40535475613885,-99.10769692490105,19.441726388480095
957,36,14,190.05960429840874,-99.10741112688896,19.4417265578777
958,36,15,161.7138538406786,-99.10712532887389,19.44172672682517
959,36,16,133.3681033829485,-99.10683953085586,19.441726895322514
960,36,17,105.02235292521841,-99.10655373283487,19.44172706336973
961,36,18,76.6766024674883,-99.1062679348109,19.441727230966812
962,36,19,48.33085200975818,-99.105982136784,19.441727398113773
963,36,20,19.98510155202807,-99.10569633875413,19.441727564810595
964,36,21,0.0,-99.10541054072134,19.44172773105729
965,36,22,0.0,-99.10512474268562,19.441727896853855
966,36,23,0.0,-99.10483894464699,19.441728062200287
967,36,24,0.0,-99.10455314660544,19.44172822709659
968,36,25,20.46783144597287,-99.10426734856098,19.441728391542764
969,36,26,48.57865528058514,-99.10398155051364,19.44172855553881
970,36,27,76.68947911519741,-99.10369575246338,19.441728719084722
971,36,28,104.80030294980968,-99.10340995441028,19.441728882180502
972,36,29,132.91112678442195,-99.1031241563543,19.44172904482616
973,36,30,161.02621841443403,-99.10283835829543,19.44172920702168
974,36,31,189.46948168698785,-99.10255256023372,19.441729368767074
975,36,32,218.0357225490251,-99.10226676216918,19.44172953006234
976,36,33,246.6019634110624,-99.10198096410178,19.44172969090747
977,36,34,275.16820427309966,-99.10169516603155,19.441729851302473
978,36,35,303.7344451351369,-99.1014093679585,19.441730011247344
979,36,36,332.3006859971742,-99.10112356988263,19.44173017074208
980,37,9,341.61273600705795,-99.10884029762663,19.441996823409934
981,37,10,313.26698554932784,-99.10855449915205,19.441996994610637
982,37,11,284.92123509159774,-99.10826870067446,19.4419971653612
983,37,12,256.57548463386763,-99.10798290219387,19.44199733566163
984,37,13,228.22973417613753,-99.10769710371027,19.441997505511914
985,37,14,199.8839837184074,-99.10741130522368,19.441997674912066
986,37,15,171.5382332606773,-99.1071255067341,19.44199784386208
987,37,16,143.19248280294718,-99.10683970824157,19.441998012361957
988,37,17,114.84673234521706,-99.10655390974605,19.4419981804117
989,37,18,86.50098188748696,-99.10626811124757,19.441998348011307
990,37,19,58.15523142975684,-99.10598231274616,19.441998515160773
991,37,20,29.809480972026726,-99.1056965142418,19.441998681860102
992,37,21,1.4637305142966146,-99.1054107157345,19.441998848109296
993,37,22,0.0,-99.10512491722426,19.441999013908358
994,37,23,0.0,-99.10483911871111,19.44199917925728
995,37,24,0.0,-99.10455332019507,19.441999344156063
996,37,25,9.990160743980253,-99.1042675216761,19.441999508604706
997,37,26,38.100984578592524,-99.10398172315425,19.441999672603217
998,37,27,66.21180841320479,-99.10369592462949,19.44199983615159
999,37,28,94.6072508746522,-99.10341012610188,19.441999999249827
1000,37,29,123.17349173668946,-99.10312432757138,19.442000161897923
1001,37,30,151.73973259872673,-99.10283852903801,19.442000324095886
1002,37,31,180.305973460764,-99.1025527305018,19.44200048584371
1003,37,32,208.87221432280126,-99.10226693196273,19.442000647141395
1004,37,33,237.43845518483852,-99.10198113342084,19.442000807988947
1005,37,34,266.0046960468758,-99.10169533487608,19.442000968386363
1006,37,35,294.57093690891304,-99.10140953632853,19.442001128333633
1007,37,36,323.1371777709503,-99.10112373777817,19.442001287830774
1008,38,10,323.09136496932655,-99.10855467938782,19.44226811162669
1009,38,11,294.74561451159644,-99.1082688804357,19.442268282379814
1010,38,12,266.3998640538663,-99.10798308148058,19.4422684526828
1011,38,13,238.05411359613618,-99.10769728252248,19.442268622535643
1012,38,14,209.70836313840607,-99.10741148356138,19.442268791938343
1013,38,15,181.36261268067597,-99.10712568459729,19.442268960890896
1014,38,16,153.01686222294586,-99.10683988563024,19.44226912939331
1015,38,17,124.67111176521571,-99.1065540866602,19.442269297445577
1016,38,18,96.32536130748561,-99.10626828768721,19.4422694650477
1017,38,19,67.9796108497555,-99.10598248871128,19.442269632199682
1018,38,20,39.63386039202539,-99.1056966897324,19.442269798901524
1019,38,21,11.288109934295276,-99.10541089075058,19.442269965153212
1020,38,22,0.0,-99.10512509176584,19.442270130954764
1021,38,23,0.0,-99.10483929277817,19.442270296306173
1022,38,24,0.0,-99.10455349378759,19.442270461207436
1023,38,25,0.0,-99.10426769479413,19.44227062565855
1024,38,26,28.311260924353803,-99.10398189579774,19.44227078965953
1025,38,27,56.87750178639107,-99.10369609679847,19.442270953210365
1026,38,28,85.44374264842834,-99.10341029779634,19.442271116311048
1027,38,29,114.0099835104656,-99.10312449879133,19.44227127896159
1028,38,30,142.57622437250288,-99.10283869978345,19.442271441161992
1029,38,31,171.14246523454014,-99.10255290077272,19.44227160291225
1030,38,32,199.7087060965774,-99.10226710175914,19.44227176421236
1031,38,33,228.27494695861466,-99.10198130274271,19.442271925062332
1032,38,34,256.84118782065195,-99.10169550372346,19.442272085462154
1033,38,35,285.4074286826892,-99.10140970470138,19.44227224541184
1034,38,36,313.9736695447265,-99.10112390567649,19.442272404911375
1035,38,37,342.53991040676374,-99.1008381066488,19.442272563960767
1036,39,10,332.9157443893252,-99.1085548596266,19.44253922863464
1037,39,11,304.5699939315951,-99.10826906019996,19.44253939939033
1038,39,12,276.224243473865,-99.10798326077033,19.442539569695878
1039,39,13,247.87849301613483,-99.10769746133768,19.442539739551275
1040,39,14,219.53274255840472,-99.10741166190206,19.442539908956526
1041,39,15,191.18699210067462,-99.10712586246345,19.442540077911616
1042,39,16,162.8412416429445,-99.10684006302186,19.442540246416563
1043,39,17,134.49549118521438,-99.10655426357732,19.442540414471356
1044,39,18,106.14974072748426,-99.1062684641298,19.442540582076006
1045,39,19,77.80399026975417,-99.10598266467933,19.442540749230503
1046,39,20,49.45823981202404,-99.10569686522594,19.442540915934842
1047,39,21,21.11248935429393,-99.1054110657696,19.442541082189038
1048,39,22,0.0,-99.10512526631032,19.44254124799308
1049,39,23,0.0,-99.10483946684813,19.442541413346973
1050,39,24,0.0,-99.10455366738303,19.442541578250715
1051,39,25,0.0,-99.10426786791504,19.44254174270431
1052,39,26,19.14775269812995,-99.10398206844414,19.44254190670775
1053,39,27,47.713993560167204,-99.10369626897035,19.44254207026104
1054,39,28,76.28023442220447,-99.1034104694937,19.44254223336418
1055,39,29,104.84647528424173,-99.10312467001415,19.44254239601717
1056,39,30,133.412716146279,-99.10283887053174,19.44254255822001
1057,39,31,161.97895700831626,-99.10255307104649,19.442542719972696
1058,39,32,190.54519787035355,-99.10226727155838,19.442542881275234
1059,39,33,219.1114387323908,-99.10198147206744,19.442543042127625
1060,39,34,247.67767959442807,-99.10169567257365,19.44254320252986
1061,39,35,276.24392045646533,-99.10140987307706,19.442543362481945
1062,39,36,304.8101613185026,-99.10112407357764,19.44254352198388
1063,39,37,333.3764021805399,-99.10083827407541,19.442543681035666
1064,40,10,342.74012380932385,-99.10855503986838,19.442810345634495
1065,40,11,314.39437335159374,-99.10826923996721,19.442810516392758
1066,40,12,286.0486228938636,-99.10798344006305,19.442810686700867
1067,40,13,257.7028724361335,-99.10769764015589,19.442810856558815
1068,40,14,229.35712197840337,-99.10741184024573,19.44281102596661
1069,40,15,201.0113715206733,-99.10712604033257,19.442811194924246
1070,40,16,172.6656210629432,-99.10684024041646,19.442811363431723
1071,40,17,144.31987060521305,-99.10655444049738,19.442811531489042
1072,40,18,115.97412014748292,-99.10626864057534,19.44281169909621
1073,40,19,87.70515510771406,-99.10598284065034,19.442811866253223
1074,40,20,59.45184136064146,-99.1056970407224,19.442812032960067
1075,40,21,31.198527613568878,-99.10541124079153,19.44281219921676
1076,40,22,2.9452138664962866,-99.10512544085773,19.442812365023304
1077,40,23,0.0,-99.10483964092101,19.44281253037968
1078,40,24,0.0,-99.10455384098138,19.4428126952859
1079,40,25,0.0,-99.10426804103885,19.442812859741966
1080,40,26,9.98424447190609,-99.1039822410934,19.44281302374787
1081,40,27,38.55048533394336,-99.1036964411451,19.44281318730362
1082,40,28,67.11672619598062,-99.1034106411939,19.442813350409214
1083,40,29,95.68296705801788,-99.10312484123982,19.442813513064653
1084,40,30,124.24920792005514,-99.10283904128289,19.442813675269928
1085,40,31,152.8154487820924,-99.10255324132311,19.442813837025053
1086,40,32,181.38168964412966,-99.10226744136047,19.442813998330013
1087,40,33,209.94793050616693,-99.10198164139499,19.442814159184824
1088,40,34,238.51417136820422,-99.10169584142668,19.44281431958947
1089,40,35,267.08041223024145,-99.10141004145555,19.44281447954396
1090,40,36,295.54030575738415,-99.10112424148159,19.44281463904829
1091,40,37,323.7925631052323,-99.10083844150483,19.442814798102464
1092,41,11,324.2187527715924,-99.10826941973748,19.44308163338709
1093,41,12,295.8730023138623,-99.10798361935878,19.44308180369776
1094,41,13,267.5272518561322,-99.10769781897707,19.44308197355826
1095,41,14,239.18150139840202,-99.10741201859238,19.443082142968603
1096,41,15,210.83575094067194,-99.1071262182047,19.443082311928777
1097,41,16,182.5522298520376,-99.10684041781403,19.443082480438793
1098,41,17,154.29891610496503,-99.10655461742041,19.443082648498642
1099,41,18,126.04560235789242,-99.10626881702383,19.443082816108323
1100,41,19,97.79228861081984,-99.1059830166243,19.443082983267843
1101,41,20,69.53897486374724,-99.10569721622181,19.443083149977202
1102,41,21,41.28566111667465,-99.10541141581639,19.443083316236397
1103,41,22,13.032347369602064,-99.10512561540806,19.44308348204542
1104,41,23,0.0,-99.1048398149968,19.44308364740429
1105,41,24,0.0,-99.10455401458262,19.44308381231299
1106,41,25,0.0,-99.10426821416554,19.44308397677153
1107,41,26,0.8207362456822316,-99.10398241374558,19.443084140779902
1108,41,27,29.386977107719495,-99.10369661332273,19.44308430433811
1109,41,28,57.95321796975676,-99.10341081289698,19.443084467446152
1110,41,29,86.51945883179403,-99.10312501246837,19.44308463010404
1111,41,30,115.0856996938313,-99.1028392120369,19.44308479231175
1112,41,31,143.65194055586855,-99.10255341160257,19.443084954069306
1113,41,32,172.2181814179058,-99.10226761116539,19.443085115376697
1114,41,33,200.6934418039035,-99.10198181072538,19.443085276233923
1115,41,34,228.94569915175168,-99.10169601028252,19.44308543664098
1116,41,35,257.1979564995998,-99.10141020983684,19.443085596597875
1117,41,36,285.0558518770633,-99.10112440938835,19.443085756104608
1118,41,37,308.7435323248637,-99.10083860893705,19.443085915161173
1119,41,38,333.44909478885984,-99.10055280848296,19.443086073767578
1120,42,11,334.04313219159104,-99.10826959951076,19.443352750373325
1121,42,12,305.69738173386094,-99.1079837986575,19.443352920686557
1122,42,13,277.39930459636116,-99.10769799780125,19.44335309054961
1123,42,14,249.14599084928858,-99.10741219694201,19.443353259962496
1124,42,15,220.89267710221597,-99.10712639607976,19.443353428925214
1125,42,16,192.6393633551434,-99.10684059521456,19.44335359743776
1126,42,17,164.38604960807078,-99.1065547943464,19.443353765500138
1127,42,18,136.1327358609982,-99.10626899347527,19.44335393311234
1128,42,19,107.87942211392563,-99.10598319260119,19.443354100274377
1129,42,20,79.62610836685302,-99.10569739172415,19.44335426698624
1130,42,21,51.372794619780436,-99.10541159084418,19.44335443324793
1131,42,22,23.11948087270784,-99.1051257899613,19.443354599059454
1132,42,23,0.0,-99.1048399890755,19.44335476442081
1133,42,24,0.0,-99.10455418818678,19.44335492933199
1134,42,25,0.0,-99.10426838729515,19.443355093792995
1135,42,26,0.0,-99.10398258640063,19.443355257803837
1136,42,27,20.223468881495634,-99.10369678550323,19.443355421364508
1137,42,28,48.7897097435329,-99.10341098460295,19.443355584475004
1138,42,29,77.35595060557017,-99.10312518369979,19.44335574713533
1139,42,30,105.84657785042283,-99.10283938279376,19.443355909345485
1140,42,31,134.09883519827102,-99.10255358188488,19.44335607110547
1141,42,32,162.35109254611916,-99.10226778097315,19.443356232415287
1142,42,33,190.6033498939673,-99.1019819800586,19.44335639327493
1143,42,34,218.85560724181548,-99.10169617914119,19.4433565536844
1144,42,35,242.84516694024782,-99.10141037822096,19.4433567136437
1145,42,36,266.9072969577878,-99.10112457729792,19.443356873152826
1146,42,37,292.070599739838,-99.10083877637207,19.443357032211782
1147,42,38,318.0738362321939,-99.10055297544342,19.443357190820578
1148,42,39,344.72698669895345,-99.10026717451198,19.44335734897919
1149,43,11,343.99306559361213,-99.10826977928704,19.443623867351466
1150,43,12,315.73975184653955,-99.10798397795924,19.443624037667256
1151,43,13,287.48643809946697,-99.10769817662843,19.443624207532867
1152,43,14,259.2331243523943,-99.10741237529462,19.4436243769483
1153,43,15,230.97981060532175,-99.10712657395784,19.443624545913554
1154,43,16,202.72649685824916,-99.10684077261807,19.443624714428637
1155,43,17,174.47318311117655,-99.10655497127534,19.44362488249354
1156,43,18,146.219869364104,-99.10626916992966,19.44362505010827
1157,43,19,117.96655561703139,-99.10598336858102,19.443625217272814
1158,43,20,89.7132418699588,-99.10569756722944,19.443625383987182
1159,43,21,61.459928122886204,-99.10541176587492,19.443625550251372
1160,43,22,33.206614375813615,-99.10512596451747,19.44362571606539
1161,43,23,4.953300628741027,-99.1048401631571,19.443625881429227
1162,43,24,0.0,-99.10455436179383,19.44362604634289
1163,43,25,0.0,-99.10426856042766,19.44362621080638
1164,43,26,0.0,-99.10398275905857,19.44362637481968
1165,43,27,10.99971389694216,-99.10369695768662,19.443626538382805
1166,43,28,39.251971244790326,-99.10341115631178,19.443626701495752
1167,43,29,67.5042285926385,-99.10312535493406,19.443626864158524
1168,43,30,95.75648594048666,-99.10283955355348,19.443627026371125
1169,43,31,124.00874328833483,-99.10255375217004,19.443627188133537
1170,43,32,152.261000636183,-99.10226795078376,19.443627349445777
1171,43,33,177.83414031068256,-99.10198214939464,19.443627510307838
1172,43,34,200.72546306613776,-99.10169634800268,19.44362767071972
1173,43,35,225.29190306398348,-99.1014105466079,19.44362783068143
1174,43,36,251.04217105750823,-99.10112474521031,19.44362799019296
1175,43,37,277.6470812242461,-99.1008389438099,19.4436281492543
1176,43,38,304.88298046204386,-99.1005531424067,19.44362830786548
1177,43,39,332.5948914798526,-99.1002673410007,19.443628466026478
1178,44,12,325.8268853496453,-99.10798415726396,19.443895154639865
1179,44,13,297.5735716025727,-99.10769835545858,19.443895324508027
1180,44,14,269.32025785550013,-99.1074125536502,19.443895493926007
1181,44,15,241.06694410842752,-99.10712675183886,19.443895662893805
1182,44,16,212.81363036135494,-99.10684095002453,19.44389583141142
1183,44,17,184.56031661428236,-99.10655514820725,19.443895999478848
1184,44,18,156.30700286720975,-99.106269346387,19.4438961670961
1185,44,19,128.05368912013716,-99.1059835445638,19.44389633426315
1186,44,20,99.80037537306458,-99.10569774273765,19.443896500980028
1187,44,21,71.54706162599199,-99.10541194090857,19.443896667246726
1188,44,22,43.2937478789194,-99.10512613907656,19.44389683306323
1189,44,23,15.040434131846805,-99.10484033724163,19.443896998429555
1190,44,24,0.0,-99.10455453540378,19.443897163345696
1191,44,25,0.0,-99.10426873356305,19.44389732781165
1192,44,26,0.0,-99.10398293171941,19.44389749182742
1193,44,27,0.9096219870059875,-99.10369712987288,19.44389765539301
1194,44,28,29.161879334854152,-99.10341132802347,19.44389781850841
1195,44,29,57.41413668270232,-99.1031255261712,19.443897981173627
1196,44,30,85.66639403055048,-99.10283972431606,19.44389814338866
1197,44,31,113.91865137839866,-99.10255392245806,19.443898305153514
1198,44,32,135.43233689528557,-99.1022681205972,19.443898466468177
1199,44,33,158.76916558322662,-99.10198231873352,19.443898627332658
1200,44,34,184.04721677621188,-99.101696516867,19.443898787746953
1201,44,35,210.5685353184227,-99.10141071499766,19.443898947711062
1202,44,36,237.91771293710295,-99.10112491312549,19.44389910722499
1203,44,37,265.83936539251977,-99.10083911125052,19.443899266288728
1204,44,38,294.13291259515563,-99.10055330937274,19.443899424902288
1205,44,39,322.4759279634935,-99.1002675074922,19.44389958306566
1206,45,12,335.9140188527511,-99.10798433657168,19.44416627160437
1207,45,13,307.66070510567846,-99.10769853429174,19.44416644147509
1208,45,14,279.4073913586059,-99.1074127320088,19.444166610895618
1209,45,15,251.15407761153332,-99.10712692972288,19.44416677986596
1210,45,16,222.9007638644607,-99.10684112743398,19.44416694838611
1211,45,17,194.64745011738813,-99.10655532514211,19.444167116456057
1212,45,18,166.39413637031552,-99.10626952284728,19.444167284075828
1213,45,19,138.14082262324294,-99.10598372054952,19.4441674512454
1214,45,20,109.88750887617034,-99.1056979182488,19.444167617964787
1215,45,21,81.63419512909776,-99.10541211594514,19.444167784233976
1216,45,22,53.38088138202517,-99.10512631363856,19.44416795005298
1217,45,23,25.12756763495258,-99.10484051132906,19.444168115421785
1218,45,24,0.0,-99.10455470901665,19.444168280340406
1219,45,25,0.0,-99.10426890670134,19.444168444808838
1220,45,26,0.0,-99.10398310438312,19.444168608827074
1221,45,27,0.0,-99.10369730206203,19.44416877239512
1222,45,28,19.071787424917982,-99.10341149973804,19.44416893551297
1223,45,29,47.32404477276614,-99.1031256974112,19.444169098180637
1224,45,30,72.82211555380299,-99.10283989508147,19.44416926039811
1225,45,31,93.05296499196965,-99.1025540927489,19.44416942216539
1226,45,32,117.1519712035296,-99.10226829041349,19.44416958348248
1227,45,33,143.49325566014775,-99.10198248807524,19.444169744349377
1228,45,34,171.04398405972782,-99.10169668573414,19.444169904766085
1229,45,35,199.27159921193186,-99.10141088339022,19.444170064732603
1230,45,36,227.61461458026966,-99.10112508104349,19.444170224248925
1231,45,37,255.95762994860752,-99.10083927869394,19.44417038331506
1232,45,38,284.30064531694535,-99.1005534763416,19.444170541931005
1233,45,39,312.64366068528324,-99.10026767398648,19.444170700096752
1234,45,40,340.986676053621,-99.09998187162854,19.44417085781231
1235,46,12,346.0011523558569,-99.1079845158824,19.44443738856079
1236,46,13,317.74783860878426,-99.10769871312787,19.444437558434064
1237,46,14,289.4945248617117,-99.10741291037036,19.44443772785714
1238,46,15,261.2412111146391,-99.10712710760987,19.444437896830014
1239,46,16,232.9878973675665,-99.10684130484638,19.4444380653527
1240,46,17,204.73458362049388,-99.10655550207994,19.44443823342518
1241,46,18,176.48126987342133,-99.10626969931054,19.444438401047464
1242,46,19,148.22795612634872,-99.10598389653818,19.444438568219557
1243,46,20,119.97464237927613,-99.10569809376288,19.444438734941443
1244,46,21,91.72132863220354,-99.10541229098466,19.444438901213132
1245,46,22,63.468014885130955,-99.10512648820348,19.44443906703463
1246,46,23,35.21470113805836,-99.1048406854194,19.444439232405923
1247,46,24,6.961387390985775,-99.10455488263241,19.444439397327027
1248,46,25,0.0,-99.10426907984252,19.444439561797925
1249,46,26,0.0,-99.10398327704972,19.44443972581863
1250,46,27,0.0,-99.10369747425405,19.44443988938913
1251,46,28,8.98169551498181,-99.10341167145549,19.44444005250944
1252,46,29,30.56381460907194,-99.10312586865406,19.44444021517955
1253,46,30,50.75224833123481,-99.10284006584976,19.444440377399463
1254,46,31,76.4298421675148,-99.1025542630426,19.444440539169175
1255,46,32,104.41028582870803,-99.10226846023262,19.444440700488688
1256,46,33,132.7533011970459,-99.10198265741977,19.444440861358004
1257,46,34,161.0963165653837,-99.1016968546041,19.444441021777124
1258,46,35,189.43933193372155,-99.1014110517856,19.444441181746047
1259,46,36,217.78234730205938,-99.1011252489643,19.44444134126477
1260,46,37,246.1253626703972,-99.10083944614017,19.444441500333294
1261,46,38,274.468378038735,-99.10055364331326,19.44444165895162
1262,46,39,302.81139340707284,-99.10026784048354,19.44444181711975
1263,46,40,331.15440877541073,-99.09998203765103,19.44444197483768
1264,47,13,327.83497211189007,-99.107698891967,19.44470867538494
1265,47,14,299.5816583648175,-99.10741308873492,19.444708844810563
1266,47,15,271.32834461774485,-99.10712728549981,19.444709013785985
1267,47,16,243.0750308706723,-99.10684148226176,19.444709182311197
1268,47,17,214.82171712359968,-99.10655567902073,19.44470935038621
1269,47,18,186.5684033765271,-99.10626987577673,19.444709518011013
1270,47,19,158.3150896294545,-99.1059840725298,19.444709685185614
1271,47,20,130.0617758823819,-99.1056982692799,19.44470985191001
1272,47,21,101.80846213530931,-99.10541246602708,19.444710018184203
1273,47,22,73.55514838823673,-99.10512666277133,19.444710184008187
1274,47,23,45.301834641164135,-99.10484085951266,19.44471034938197
1275,47,24,17.048520894091553,-99.10455505625109,19.44471051430555
1276,47,25,0.0,-99.1042692529866,19.444710678778925
1277,47,26,0.0,-99.10398344971921,19.444710842802092
1278,47,27,0.0,-99.10369764644895,19.44471100637506
1279,47,28,0.0,-99.1034118431758,19.444711169497815
1280,47,29,9.548972445484193,-99.10312603989979,19.444711332170368
1281,47,30,37.891987813822034,-99.1028402366209,19.444711494392717
1282,47,31,66.23500318215987,-99.10255443333917,19.444711656164866
1283,47,32,94.5780185504977,-99.10226863005458,19.444711817486812
1284,47,33,122.92103391883553,-99.10198282676716,19.44471197835854
1285,47,34,151.26404928717338,-99.10169702347689,19.44471213878007
1286,47,35,179.6070646555112,-99.1014112201838,19.4447122987514
1287,47,36,207.95008002384907,-99.10112541688791,19.44471245827252
1288,47,37,236.29309539218687,-99.1008396135892,19.444712617343438
1289,47,38,264.63611076052473,-99.10055381028768,19.44471277596415
1290,47,39,292.97912612886256,-99.10026800698338,19.444712934134653
1291,47,40,321.3221414972004,-99.09998220367629,19.444713091854958
1292,48,13,337.9221056149958,-99.10769907080913,19.44497979232772
1293,48,14,309.66879186792323,-99.10741326710244,19.444979961755887
1294,48,15,281.41547812085065,-99.10712746339276,19.44498013073385
1295,48,16,253.16216437377804,-99.10684165968009,19.444980299261594
1296,48,17,224.90885062670546,-99.10655585596446,19.444980467339132
1297,48,18,196.65553687963285,-99.10627005224588,19.444980634966463
1298,48,19,168.40222313256027,-99.10598424852434,19.444980802143576
1299,48,20,140.14890938548768,-99.10569844479986,19.444980968870478
1300,48,21,111.8955956384151,-99.10541264107245,19.444981135147167
1301,48,22,83.64228189134252,-99.1051268373421,19.44498130097365
1302,48,23,55.38896814426991,-99.10484103360884,19.44498146634992
1303,48,24,27.15498221379641,-99.10455522987266,19.444981631275976
1304,48,25,0.0,-99.10426942613358,19.444981795751822
1305,48,26,0.0,-99.10398362239161,19.444981959777454
1306,48,27,0.0,-99.10369781864674,19.444982123352883
1307,48,28,0.0,-99.103412014899,19.44498228647809
1308,48,29,0.0,-99.10312621114839,19.444982449153088
1309,48,30,28.059720535611717,-99.1028404073949,19.444982611377878
1310,48,31,56.40273590394955,-99.10255460363857,19.44498277315246
1311,48,32,84.7457512722874,-99.10226879987938,19.444982934476826
1312,48,33,113.08876664062524,-99.10198299611736,19.44498309535098
1313,48,34,141.43178200896304,-99.1016971923525,19.444983255774922
1314,48,35,169.7747973773009,-99.10141138858482,19.444983415748656
1315,48,36,198.11781274563873,-99.10112558481433,19.444983575272175
1316,48,37,226.46082811397656,-99.10083978104102,19.44498373434548
1317,48,38,254.8038434823144,-99.10055397726492,19.444983892968576
1318,48,39,283.1468588506522,-99.10026817348601,19.444984051141457
1319,48,40,311.48987421899005,-99.09998236970434,19.444984208864135
1320,48,41,339.83288958732794,-99.09969656591987,19.444984366136598
1321,49,13,348.0092391181016,-99.10769924965425,19.445250909262402
1322,49,14,319.75592537102904,-99.10741344547294,19.445251078693122
1323,49,15,291.5026116239564,-99.10712764128866,19.44525124767362
1324,49,16,263.2492978768838,-99.10684183710138,19.445251416203902
1325,49,17,234.99598412981123,-99.10655603291116,19.445251584283966
1326,49,18,206.74267038273865,-99.10627022871797,19.445251751913812
1327,49,19,178.48935663566607,-99.10598442452184,19.44525191909344
1328,49,20,150.23604288859346,-99.10569862032274,19.44525208582285
1329,49,21,121.98969865214481,-99.10541281612073,19.44525225210204
1330,49,22,93.7918021963614,-99.10512701191578,19.445252417931012
1331,49,23,65.59390574057798,-99.10484120770792,19.44525258330977
1332,49,24,37.39600928479458,-99.10455540349713,19.445252748238303
1333,49,25,9.198112829011164,-99.10426959928346,19.445252912716622
1334,49,26,0.0,-99.10398379506687,19.445253076744724
1335,49,27,0.0,-99.10369799084741,19.44525324032261
1336,49,28,0.0,-99.10341218662506,19.445253403450273
1337,49,29,0.0,-99.10312638239984,19.445253566127718
1338,49,30,18.227453257401397,-99.10284057817175,19.445253728354952
1339,49,31,46.57046862573924,-99.10255477394081,19.445253890131955
1340,49,32,74.91348399407708,-99.10226896970703,19.445254051458747
1341,49,33,103.25649936241491,-99.1019831654704,19.445254212335318
1342,49,34,131.59951473075273,-99.10169736123093,19.445254372761674
1343,49,35,159.9425300990906,-99.10141155698867,19.445254532737813
1344,49,36,188.28554546742842,-99.10112575274356,19.445254692263727
1345,49,37,216.62856083576625,-99.10083994849565,19.445254851339428
1346,49,38,244.97157620410408,-99.10055414424494,19.44525500996491
1347,49,39,273.31459157244194,-99.10026833999143,19.44525516814017
1348,49,40,301.6576069407798,-99.09998253573515,19.44525532586522
1349,49,41,330.00062230911755,-99.09969673147607,19.44525548314004
1350,50,14,329.84305887413484,-99.10741362384644,19.44552219562226
1351,50,15,301.5897451270622,-99.10712781918754,19.4455223646053
1352,50,16,273.3364313799896,-99.10684201452567,19.445522533138114
1353,50,17,245.08311763291704,-99.10655620986083,19.445522701220703
1354,50,18,216.82980388584443,-99.10627040519303,19.44552286885307
1355,50,19,188.6265186347098,-99.10598460052228,19.44552303603521
1356,50,20,160.4286221789264,-99.10569879584858,19.445523202767127
1357,50,21,132.23072572314297,-99.10541299117195,19.445523369048818
1358,50,22,104.03282926735956,-99.10512718649238,19.445523534880284
1359,50,23,75.83493281157615,-99.1048413818099,19.44552370026153
1360,50,24,47.637036355792745,-99.10455557712451,19.44552386519254
1361,50,25,19.439139900009334,-99.10426977243621,19.445524029673336
1362,50,26,0.0,-99.10398396774502,19.4455241937039
1363,50,27,0.0,-99.10369816305095,19.44552435728424
1364,50,28,0.0,-99.10341235835399,19.44552452041436
1365,50,29,0.0,-99.10312655365416,19.44552468309425
1366,50,30,8.395185979191082,-99.10284074895146,19.445524845323916
1367,50,31,36.738201347528914,-99.10255494424591,19.445525007103363
1368,50,32,65.08121671586676,-99.10226913953753,19.445525168432578
1369,50,33,93.42423208420459,-99.10198333482627,19.445525329311565
1370,50,34,121.7672474525424,-99.1016975301122,19.445525489740334
1371,50,35,150.11026282088025,-99.10141172539531,19.445525649718874
1372,50,36,178.4532781892181,-99.1011259206756,19.445525809247194
1373,50,37,206.7962935575559,-99.10084011595306,19.445525968325285
1374,50,38,235.13930892589377,-99.10055431122775,19.445526126953148
1375,50,39,263.4823242942316,-99.10026850649965,19.44552628513079
1376,50,40,291.82533966256943,-99.09998270176874,19.445526442858206
1377,50,41,320.16835503090726,-99.09969689703507,19.445526600135395
1378,50,42,348.5113703992451,-99.09941109229862,19.44552675696236
1379,51,14,339.93019237724053,-99.10741380222292,19.44579331254329
1380,51,15,311.67687863016795,-99.1071279970894,19.445793481528874
1381,51,16,283.4612350730582,-99.10684219195291,19.445793650064225
1382,51,17,255.26333861727483,-99.10655638681345,19.44579381814934
1383,51,18,227.06544216149138,-99.10627058167103,19.445793985784228
1384,51,19,198.86754570570798,-99.10598477652564,19.44579415296888
1385,51,20,170.66964924992456,-99.10569897137734,19.445794319703303
1386,51,21,142.47175279414114,-99.10541316622609,19.445794485987495
1387,51,22,114.27385633835775,-99.10512736107191,19.44579465182146
1388,51,23,86.07595988257432,-99.1048415559148,19.445794817205183
1389,51,24,57.87806342679092,-99.1045557507548,19.44579498213868
1390,51,25,29.680166971007502,-99.10426994559188,19.445795146621943
1391,51,26,1.4822705152240878,-99.10398414042608,19.445795310654972
1392,51,27,0.0,-99.10369833525736,19.44579547423778
1393,51,28,0.0,-99.10341253008579,19.445795637370345
1394,51,29,0.0,-99.10312672491135,19.445795800052682
1395,51,30,0.0,-99.10284091973402,19.44579596228479
1396,51,31,26.905934069318597,-99.10255511455385,19.445796124066664
1397,51,32,55.248949437656435,-99.10226930937084,19.445796285398302
1398,51,33,83.59196480599428,-99.10198350418499,19.445796446279715
1399,51,34,111.9349801743321,-99.10169769899629,19.445796606710896
1400,51,35,140.27799554266994,-99.10141189380477,19.445796766691842
1401,51,36,168.62101091100777,-99.10112608861044,19.445796926222556
1402,51,37,196.9640262793456,-99.1008402834133,19.44579708530304
1403,51,38,225.30704164768343,-99.10055447821337,19.445797243933285
1404,51,39,253.6500570160213,-99.10026867301062,19.445797402113307
1405,51,40,281.99307238435915,-99.09998286780511,19.44579755984309
1406,51,41,310.3360877526969,-99.0996970625968,19.445797717122645
1407,51,42,338.67910312103476,-99.09941125738574,19.44579787395197
1408,52,15,321.9001585998398,-99.10712817499424,19.44606459844436
1409,52,16,293.7022621440564,-99.10684236938312,19.44606476698224
1410,52,17,265.50436568827297,-99.10655656376903,19.446064935069888
1411,52,18,237.30646923248955,-99.10627075815198,19.446065102707294
1412,52,19,209.10857277670615,-99.10598495253198,19.44606526989446
1413,52,20,180.91067632092273,-99.10569914690905,19.446065436631386
1414,52,21,152.71277986513934,-99.10541334128315,19.446065602918083
1415,52,22,124.5148834093559,-99.10512753565435,19.446065768754533
1416,52,23,96.3169869535725,-99.10484173002263,19.44606593414075
1417,52,24,68.11909049778909,-99.10455592438798,19.44606609907672
1418,52,25,39.921194042005666,-99.10427011875045,19.446066263562464
1419,52,26,11.723297586222257,-99.10398431311,19.44606642759796
1420,52,27,0.0,-99.10369850746669,19.44606659118322
1421,52,28,0.0,-99.10341270182047,19.446066754318238
1422,52,29,0.0,-99.10312689617139,19.446066917003026
1423,52,30,0.0,-99.10284109051946,19.44606707923757
1424,52,31,17.07366679110828,-99.10255528486466,19.446067241021872
1425,52,32,45.41668215944612,-99.10226947920701,19.446067402355943
1426,52,33,73.75969752778396,-99.10198367354651,19.44606756323977
1427,52,34,102.10271289612177,-99.1016978678832,19.44606772367336
1428,52,35,130.44572826445963,-99.10141206221707,19.446067883656713
1429,52,36,158.78874363279746,-99.1011262565481,19.446068043189825
1430,52,37,187.13175900113532,-99.10084045087633,19.4460682022727
1431,52,38,215.47477436947312,-99.10055464520175,19.446068360905336
1432,52,39,243.81778973781098,-99.10026883952439,19.446068519087735
1433,52,40,272.1608051061488,-99.09998303384425,19.44606867681989
1434,52,41,300.50382047448664,-99.09969722816133,19.44606883410181
1435,52,42,328.9828664116954,-99.09941142247563,19.446068990933487
1436,53,15,332.141185670838,-99.10712835290204,19.44633571535175
1437,53,16,303.94328921505456,-99.1068425468163,19.446335883892164
1438,53,17,275.7453927592711,-99.10655674072756,19.44633605198234
1439,53,18,247.54749630348775,-99.10627093463587,19.446336219622264
1440,53,19,219.34959984770433,-99.10598512854125,19.446336386811947
1441,53,20,191.15170339192088,-99.10569932244367,19.446336553551383
1442,53,21,162.95380693613748,-99.10541351634315,19.446336719840573
1443,53,22,134.7559104803541,-99.10512771023971,19.446336885679518
1444,53,23,106.55801402457065,-99.10484190413335,19.446337051068223
1445,53,24,78.36011756878726,-99.10455609802408,19.44633721600668
1446,53,25,50.16222111300384,-99.1042702919119,19.446337380494885
1447,53,26,21.964324657220427,-99.10398448579683,19.446337544532852
1448,53,27,0.0,-99.10369867967886,19.44633770812057
1449,53,28,0.0,-99.10341287355801,19.44633787125804
1450,53,29,0.0,-99.1031270674343,19.44633803394527
1451,53,30,0.0,-99.10284126130773,19.446338196182257
1452,53,31,7.241399512897961,-99.10255545517829,19.446338357968994
1453,53,32,35.584414881235794,-99.10226964904602,19.446338519305485
1454,53,33,63.92743024957363,-99.1019838429109,19.446338680191737
1455,53,34,92.27044561791145,-99.10169803677294,19.44633884062774
1456,53,35,120.6134609862493,-99.10141223063215,19.446339000613495
1457,53,36,148.95647635458715,-99.10112642448857,19.446339160149
1458,53,37,177.29949172292498,-99.10084061834215,19.446339319234273
1459,53,38,205.64250709126281,-99.10055481219295,19.446339477869287
1460,53,39,234.1328940235158,-99.10026900604096,19.446339636054063
1461,53,40,262.9548506715965,-99.09998319988617,19.446339793788592
1462,53,41,292.01420328404635,-99.0996973937286,19.44633995107288
1463,53,42,321.24653515253834,-99.09941158756828,19.446340107906916
1464,54,15,342.38221274183616,-99.10712853081283,19.446606832251046
1465,54,16,314.1843162860527,-99.10684272425245,19.446607000794
1466,54,17,285.9864198302693,-99.10655691768906,19.446607168886693
1467,54,18,257.7885233744859,-99.10627111112274,19.446607336529137
1468,54,19,229.59062691870247,-99.10598530455346,19.446607503721335
1469,54,20,201.39273046291908,-99.10569949798123,19.446607670463276
1470,54,21,173.19483400713565,-99.10541369140608,19.446607836754968
1471,54,22,144.99693755135226,-99.105127884828,19.446608002596403
1472,54,23,116.79904109556882,-99.10484207824699,19.446608167987595
1473,54,24,88.60114463978542,-99.10455627166307,19.44660833292853
1474,54,25,60.403248184002,-99.10427046507624,19.44660849741921
1475,54,26,32.20535172821859,-99.10398465848652,19.446608661459646
1476,54,27,4.007455272435173,-99.10369885189392,19.44660882504982
1477,54,28,0.0,-99.10341304529844,19.446608988189748
1478,54,29,0.0,-99.10312723870008,19.446609150879425
1479,54,30,0.0,-99.10284143209887,19.44660931311884
1480,54,31,0.0,-99.10255562549479,19.446609474908016
1481,54,32,25.75214760302548,-99.10226981888786,19.446609636246933
1482,54,33,54.095162971363315,-99.1019840122781,19.446609797135597
1483,54,34,82.43817833970115,-99.1016982056655,19.44660995757401
1484,54,35,110.78119370803898,-99.10141239905008,19.446610117562177
1485,54,36,139.30792416513262,-99.10112659243184,19.446610277100085
1486,54,37,168.32628779573636,-99.10084078581079,19.446610436187743
1487,54,38,197.6380039136901,-99.10055497918694,19.446610594825145
1488,54,39,227.12952696398264,-99.10026917256029,19.446610753012298
1489,54,40,256.73890131177484,-99.09998336593087,19.4466109107492
1490,54,41,286.42958100495133,-99.09969755929866,19.446611068035846
1491,54,42,316.17866199755906,-99.09941175266368,19.446611224872242
1492,54,43,345.8281976563588,-99.09912594602596,19.446611381258382
1493,55,16,324.4253433570509,-99.10684290169154,19.446878117687724
1494,55,17,296.22744690126746,-99.10655709465352,19.446878285782955
1495,55,18,268.02955044548406,-99.10627128761254,19.44687845342792
1496,55,19,239.83165398970067,-99.10598548056862,19.446878620622627
1497,55,20,211.63375753391725,-99.10569967352174,19.446878787367076
1498,55,21,183.43586107813383,-99.10541386647193,19.446878953661265
1499,55,22,155.23796462235043,-99.1051280594192,19.4468791195052
1500,55,23,127.040068166567,-99.10484225236354,19.44687928489887
1501,55,24,98.84217171078357,-99.10455644530498,19.446879449842285
1502,55,25,70.64427525500017,-99.10427063824349,19.446879614335444
1503,55,26,42.44637879921676,-99.10398483117913,19.446879778378335
1504,55,27,14.248482343433341,-99.10369902411188,19.446879941970977
1505,55,28,0.0,-99.10341321704175,19.446880105113355
1506,55,29,0.0,-99.10312740996874,19.446880267805476
1507,55,30,0.0,-99.10284160289287,19.44688043004734
1508,55,31,0.0,-99.10255579581413,19.44688059183894
1509,55,32,15.91988032481516,-99.10226998873256,19.446880753180285
1510,55,33,44.66747593685805,-99.10198418164813,19.446880914071368
1511,55,34,74.31167360828661,-99.10169837456087,19.446881074512195
1512,55,35,104.15981116706793,-99.1014125674708,19.446881234502758
1513,55,36,134.0757535509459,-99.10112676037791,19.446881394043068
1514,55,37,164.02240431766847,-99.10084095328222,19.446881553133117
1515,55,38,193.9855421057029,-99.10055514618371,19.446881711772907
1516,55,39,222.62599887965345,-99.10026933908242,19.44688186996244
1517,55,40,250.96710950548643,-99.09998353197834,19.44688202770171
1518,55,41,279.30822013131944,-99.09969772487148,19.44688218499072
1519,55,42,307.6493307571525,-99.09941191776186,19.446882341829475
1520,55,43,335.9904413829854,-99.09912611064948,19.446882498217967
1521,56,16,334.66637042804905,-99.10684307913361,19.44714923457336
1522,56,17,306.4684739722656,-99.10655727162094,19.447149402671112
1523,56,18,278.2705775164822,-99.1062714641053,19.4471495703186
1524,56,19,250.07268106069884,-99.10598565658672,19.447149737515822
1525,56,20,221.8747846049154,-99.10569984906519,19.44714990426278
1526,56,21,193.676888149132,-99.10541404154071,19.44715007055947
1527,56,22,165.47899169334858,-99.10512823401332,19.447150236405893
1528,56,23,137.28109523756518,-99.104842426483,19.447150401802052
1529,56,24,109.08319878178176,-99.10455661894977,19.447150566747943
1530,56,25,80.88530232599834,-99.10427081141364,19.44715073124358
1531,56,26,52.68740587021493,-99.10398500387461,19.44715089528894
1532,56,27,24.48950941443151,-99.1036991963327,19.447151058884035
1533,56,28,0.0,-99.1034133887879,19.447151222028868
1534,56,29,0.0,-99.10312758124024,19.447151384723433
1535,56,30,0.0,-99.1028417736897,19.447151546967735
1536,56,31,0.0,-99.10255596613631,19.44715170876177
1537,56,32,14.400468225449131,-99.10227015858008,19.44715187010554
1538,56,33,42.741578851282135,-99.101984351021,19.447152030999042
1539,56,34,71.08268947711514,-99.1016985434591,19.447152191442278
1540,56,35,99.42380010294815,-99.10141273589436,19.44715235143525
1541,56,36,127.76491072878115,-99.1011269283268,19.447152510977954
1542,56,37,156.10602135461414,-99.10084112075644,19.447152670070395
1543,56,38,184.44713198044715,-99.10055531318328,19.44715282871257
1544,56,39,212.78824260628014,-99.10026950560733,19.447152986904477
1545,56,40,241.12935323211315,-99.0999836980286,19.44715314464612
1546,56,41,269.4704638579462,-99.09969789044708,19.447153301937497
1547,56,42,297.81157448377917,-99.0994120828628,19.447153458778608
1548,56,43,326.15268510961215,-99.09912627527575,19.44715361516945
1549,57,16,344.9073974990472,-99.10684325657867,19.447420351450894
1550,57,17,316.70950104326386,-99.10655744859132,19.44742051955118
1551,57,18,288.5116045874804,-99.10627164060101,19.447420687201188
1552,57,19,260.313708131697,-99.10598583260776,19.44742085440092
1553,57,20,232.11581167591356,-99.10570002461155,19.447421021150387
1554,57,21,203.91791522013017,-99.10541421661242,19.447421187449574
1555,57,22,175.72001876434675,-99.10512840861035,19.447421353298495
1556,57,23,147.52212230856335,-99.10484260060538,19.44742151869714
1557,57,24,119.32422585277992,-99.10455679259748,19.447421683645512
1558,57,25,91.12632939699651,-99.10427098458669,19.447421848143613
1559,57,26,62.92843294121309,-99.10398517657299,19.447422012191442
1560,57,27,34.63523422129636,-99.1036993685564,19.447422175788997
1561,57,28,6.315199625399291,-99.10341356053694,19.447422338936285
1562,57,29,0.0,-99.10312775251461,19.447422501633294
1563,57,30,0.0,-99.10284194448941,19.44742266388003
1564,57,31,0.0,-99.10255613646136,19.4474228256765
1565,57,32,4.562711952075844,-99.10227032843045,19.447422987022698
1566,57,33,32.90382257790885,-99.1019845203967,19.44742314791862
1567,57,34,61.24493320374185,-99.10169871236012,19.447423308364264
1568,57,35,89.58604382957485,-99.10141290432071,19.447423468359645
1569,57,36,117.92715445540784,-99.1011270962785,19.447423627904747
1570,57,37,146.26826508124086,-99.10084128823348,19.44742378699958
1571,57,38,174.60937570707387,-99.10055548018565,19.447423945644143
1572,57,39,202.95048633290685,-99.10026967213503,19.447424103838422
1573,57,40,231.2915969587399,-99.09998386408162,19.44742426158244
1574,57,41,259.63270758457287,-99.09969805602545,19.447424418876178
1575,57,42,287.97381821040585,-99.09941224796648,19.44742457571965
1576,57,43,316.3149288362389,-99.09912643990477,19.447424732112843
1577,57,44,344.6560394620719,-99.0988406318403,19.447424888055767
1578,58,17,326.950528114262,-99.10655762556465,19.447691636423148
1579,58,18,298.7526316584786,-99.10627181709968,19.447691804075674
1580,58,19,270.55473520269516,-99.10598600863175,19.447691971277926
1581,58,20,242.35683874691176,-99.10570020016087,19.447692138029893
1582,58,21,214.15894229112834,-99.10541439168705,19.447692304331586
1583,58,22,185.96104583534492,-99.10512858321033,19.447692470182993
1584,58,23,157.7631493795615,-99.10484277473066,19.44769263558413
1585,58,24,129.49360252794202,-99.1045569662481,19.447692800534977
1586,58,25,101.17356793204496,-99.10427115776262,19.447692965035554
1587,58,26,72.8535333361479,-99.10398534927425,19.44769312908585
1588,58,27,44.53349874025084,-99.10369954078298,19.447693292685866
1589,58,28,16.213464144353782,-99.10341373228886,19.447693455835605
1590,58,29,0.0,-99.10312792379185,19.44769361853506
1591,58,30,0.0,-99.10284211529196,19.44769378078424
1592,58,31,0.0,-99.10255630678923,19.447693942583136
1593,58,32,0.0,-99.10227049828366,19.44769410393176
1594,58,33,23.066066304535557,-99.10198468977522,19.447694264830098
1595,58,34,51.407176930368564,-99.10169888126399,19.447694425278158
1596,58,35,79.74828755620156,-99.1014130727499,19.447694585275944
1597,58,36,108.08939818203457,-99.10112726423301,19.447694744823448
1598,58,37,136.43050880786757,-99.10084145571331,19.447694903920667
1599,58,38,164.77161943370055,-99.1005556471908,19.447695062567615
1600,58,39,193.1127300595336,-99.1002698386655,19.447695220764277
1601,58,40,221.45384068536657,-99.09998403013743,19.44769537851066
1602,58,41,249.79495131119958,-99.09969822160657,19.447695535806766
1603,58,42,278.1360619370326,-99.09941241307294,19.44769569265259
1604,58,43,306.4771725628656,-99.09912660453655,19.44769584904814
1605,58,44,334.81828318869856,-99.0988407959974,19.447696004993404
1606,59,17,337.19155518526014,-99.10655780254095,19.44796275328703
1607,59,18,308.99365872947675,-99.1062719936013,19.44796292094207
1608,59,19,280.7957622736933,-99.10598618465868,19.447963088146835
1609,59,20,252.59786581790993,-99.10570037571311,19.447963254901314
1610,59,21,224.35197083458775,-99.10541456676462,19.4479634212055
1611,59,22,196.03193623869066,-99.10512875781319,19.44796358705941
1612,59,23,167.71190164279358,-99.10484294885886,19.44796375246302
1613,59,24,139.39186704689652,-99.1045571399016,19.447963917416356
1614,59,25,111.07183245099947,-99.10427133094144,19.447964081919398
1615,59,26,82.75179785510241,-99.1039855219784,19.447964245972162
1616,59,27,54.43176325920533,-99.10369971301245,19.447964409574634
1617,59,28,26.111728663308273,-99.10341390404363,19.44796457272683
1618,59,29,0.0,-99.10312809507194,19.44796473542873
1619,59,30,0.0,-99.10284228609738,19.447964897680347
1620,59,31,0.0,-99.10255647711996,19.44796505948168
1621,59,32,0.0,-99.10227066813971,19.447965220832724
1622,59,33,13.228310031162268,-99.1019848591566,19.447965381733486
1623,59,34,41.56942065699528,-99.10169905017067,19.447965542183958
1624,59,35,69.91053128282827,-99.1014132411819,19.44796570218415
1625,59,36,98.25164190866127,-99.10112743219032,19.447965861734044
1626,59,37,126.59275253449428,-99.10084162319593,19.447966020833665
1627,59,38,154.9338631603273,-99.10055581419876,19.44796617948299
1628,59,39,183.2749737861603,-99.10027000519878,19.447966337682033
1629,59,40,211.61608441199328,-99.099984196196,19.447966495430787
1630,59,41,239.9571950378263,-99.09969838719047,19.447966652729257
1631,59,42,268.2983056636593,-99.09941257818215,19.44796680957744
1632,59,43,296.6394162894923,-99.09912676917108,19.44796696597534
1633,59,44,324.9805269153253,-99.09884096015726,19.44796712192295
1634,60,17,347.43258225625834,-99.10655797952022,19.4482338701428
1635,60,18,319.2103391412334,-99.10627217010585,19.448234037800372
1636,60,19,290.89030454533633,-99.10598636068855,19.448234205007648
1637,60,20,262.57026994943925,-99.1057005512683,19.44823437176463
1638,60,21,234.2502353535422,-99.10541474184512,19.44823453807132
1639,60,22,205.93020075764514,-99.105128932419,19.448234703927714
1640,60,23,177.61016616174808,-99.10484312298998,19.448234869333817
1641,60,24,149.29013156585103,-99.10455731355802,19.448235034289635
1642,60,25,120.97009696995396,-99.10427150412318,19.448235198795153
1643,60,26,92.65006237405689,-99.10398569468543,19.44823536285038
1644,60,27,64.33002777815983,-99.10369988524481,19.44823552645531
1645,60,28,36.00999318226277,-99.10341407580128,19.448235689609955
1646,60,29,7.689958586365702,-99.1031282663549,19.448235852314305
1647,60,30,0.0,-99.10284245690566,19.448236014568362
1648,60,31,0.0,-99.10255664745354,19.448236176372127
1649,60,32,0.0,-99.10227083799859,19.448236337725593
1650,60,33,3.390553757788979,-99.1019850285408,19.44823649862877
1651,60,34,31.731664383621982,-99.10169921908017,19.448236659081658
1652,60,35,60.07277500945498,-99.10141340961673,19.44823681908425
1653,60,36,88.413885635288,-99.10112760015045,19.448236978636547
1654,60,37,116.754996261121,-99.10084179068137,19.448237137738555
1655,60,38,145.096106886954,-99.1005559812095,19.448237296390268
1656,60,39,173.437217512787,-99.10027017173482,19.448237454591695
1657,60,40,201.77832813862,-99.09998436225737,19.448237612342815
1658,60,41,230.11943876445298,-99.09969855277713,19.448237769643654
1659,60,42,258.460549390286,-99.09941274329414,19.448237926494194
1660,60,43,286.801660016119,-99.09912693380838,19.448238082894445
1661,60,44,315.14277064195204,-99.09884112431986,19.4482382388444
1662,60,45,343.483881267785,-99.0985553148286,19.448238394344063
1663,61,18,329.1086036601879,-99.10627234661338,19.448505154650565
1664,61,19,300.7885690642908,-99.10598653672136,19.448505321860353
1665,61,20,272.4685344683937,-99.10570072682643,19.44850548861984
1666,61,21,244.1484998724967,-99.10541491692854,19.448505654929036
1667,61,22,215.82846527659962,-99.10512910702772,19.448505820787926
1668,61,23,187.50843068070256,-99.10484329712399,19.44850598619652
1669,61,24,159.1883960848055,-99.10455748721735,19.448506151154806
1670,61,25,130.86836148890845,-99.1042716773078,19.4485063156628
1671,61,26,102.54832689301138,-99.10398586739537,19.448506479720493
1672,61,27,74.22829229711432,-99.10370005748003,19.448506643327885
1673,61,28,45.90825770121725,-99.10341424756182,19.44850680648498
1674,61,29,17.588223105320193,-99.10312843764073,19.44850696919178
1675,61,30,0.0,-99.10284262771678,19.44850713144827
1676,61,31,0.0,-99.10255681778997,19.448507293254465
1677,61,32,0.0,-99.10227100786032,19.448507454610365
1678,61,33,0.0,-99.10198519792783,19.44850761551596
1679,61,34,21.893908110248695,-99.1016993879925,19.448507775971258
1680,61,35,50.23501873608169,-99.10141357805435,19.448507935976256
1681,61,36,78.5761293619147,-99.10112776811339,19.44850809553095
1682,61,37,106.91723998774769,-99.1008419581696,19.44850825463535
1683,61,38,135.25835061358072,-99.10055614822302,19.448508413289453
1684,61,39,163.5994612394137,-99.10027033827366,19.44850857149325
1685,61,40,191.9405718652467,-99.0999845283215,19.448508729246747
1686,61,41,220.28168249107972,-99.09969871836658,19.44850888654995
1687,61,42,248.62279311691273,-99.09941290840887,19.448509043402847
1688,61,43,276.96390374274574,-99.0991270984484,19.448509199805446
1689,61,44,305.3050143685787,-99.09884128848519,19.448509355757746
1690,61,45,333.6461249944117,-99.09855547851923,19.44850951125975
1691,62,18,339.0068681791424,-99.10627252312383,19.44877627149267
1692,62,19,310.6868335832453,-99.10598671275713,19.448776438704975
1693,62,20,282.36679898734826,-99.10570090238747,19.448776605466968
1694,62,21,254.04676439145118,-99.10541509201488,19.448776771778657
1695,62,22,225.72672979555412,-99.10512928163936,19.44877693764004
1696,62,23,197.40669519965707,-99.10484347126092,19.44877710305112
1697,62,24,169.08666060376,-99.10455766087958,19.44877726801189
1698,62,25,140.76662600786293,-99.10427185049532,19.448777432522355
1699,62,26,112.44659141196587,-99.10398604010817,19.44877759658251
1700,62,27,84.1265568160688,-99.10370022971814,19.44877776019237
1701,62,28,55.80652222017174,-99.10341441932522,19.448777923351916
1702,62,29,27.486487624274684,-99.10312860892942,19.448778086061157
1703,62,30,0.0,-99.10284279853077,19.448778248320092
1704,62,31,0.0,-99.10255698812925,19.44877841012872
1705,62,32,0.0,-99.1022711777249,19.448778571487036
1706,62,33,0.0,-99.1019853673177,19.448778732395056
1707,62,34,12.056151836875408,-99.10169955690766,19.44877889285277
1708,62,35,40.397262462708404,-99.1014137464948,19.448779052860164
1709,62,36,68.73837308854141,-99.10112793607912,19.44877921241726
1710,62,37,97.07948371437442,-99.10084212566063,19.448779371524054
1711,62,38,125.42059434020742,-99.10055631523936,19.448779530180534
1712,62,39,153.7617049660404,-99.10027050481528,19.448779688386715
1713,62,40,182.10281559187342,-99.09998469438841,19.448779846142582
1714,62,41,210.44392621770643,-99.09969888395877,19.44878000344815
1715,62,42,238.78503684353942,-99.09941307352638,19.44878016030341
1716,62,43,267.1261474693724,-99.09912726309119,19.44878031670836
1717,62,44,295.4672580952054,-99.09884145265328,19.448780472663003
1718,62,45,323.80836872103845,-99.0985556422126,19.448780628167338
1719,63,18,348.9051326980969,-99.10627269963726,19.44904738832668
1720,63,19,320.5850981021998,-99.10598688879584,19.449047555541494
1721,63,20,292.26506350630274,-99.10570107795147,19.449047722306
1722,63,21,263.9450289104057,-99.10541526710416,19.44904788862019
1723,63,22,235.62499431450863,-99.10512945625392,19.449048054484063
1724,63,23,207.30495971861157,-99.10484364540078,19.449048219897627
1725,63,24,178.9849251227145,-99.1045578345447,19.44904838486088
1726,63,25,150.66489052681743,-99.10427202368574,19.44904854937382
1727,63,26,122.34485593092037,-99.10398621282387,19.449048713436444
1728,63,27,94.0248213350233,-99.10370040195912,19.449048877048757
1729,63,28,65.70478673912623,-99.1034145910915,19.449049040210756
1730,63,29,37.36861206979865,-99.10312878022097,19.44904920292244
1731,63,30,9.026206876342108,-99.1028429693476,19.44904936518381
1732,63,31,0.0,-99.10255715847138,19.449049526994877
1733,63,32,0.0,-99.1022713475923,19.44904968835562
1734,63,33,0.0,-99.10198553671039,19.449049849266054
1735,63,34,2.218395563502117,-99.10169972582564,19.44905000972617
1736,63,35,30.559506189335114,-99.10141391493806,19.449050169735983
1737,63,36,58.90061681516812,-99.10112810404767,19.449050329295478
1738,63,37,87.24172744100112,-99.10084229315447,19.44905048840466
1739,63,38,115.58283806683413,-99.10055648225848,19.44905064706353
1740,63,39,143.92394869266712,-99.10027067135968,19.449050805272083
1741,63,40,172.26505931850014,-99.09998486045811,19.449050963030327
1742,63,41,200.60616994433315,-99.09969904955375,19.44905112033825
1743,63,42,228.94728057016613,-99.09941323864662,19.449051277195867
1744,63,43,257.3308057637092,-99.09912742773675,19.449051433603174
1745,63,44,285.9978052604148,-99.0988416168241,19.44905158956016
1746,63,45,314.9132350863464,-99.09855580590872,19.449051745066836
1747,63,46,344.01445703825124,-99.0982699949906,19.449051900123198
1748,64,19,330.4833626211543,-99.10598706483748,19.449318672369916
1749,64,20,302.1633280252573,-99.10570125351839,19.449318839136925
1750,64,21,273.8432934293602,-99.10541544219636,19.449319005453617
1751,64,22,245.52325883346313,-99.10512963087142,19.449319171319985
1752,64,23,217.20322423756605,-99.10484381954353,19.449319336736036
1753,64,24,188.88318964166896,-99.10455800821273,19.449319501701765
1754,64,25,160.5631550457719,-99.10427219687905,19.449319666217182
1755,64,26,132.22985367463696,-99.10398638554247,19.44931983028227
1756,64,27,103.88744848118046,-99.10370057420299,19.449319993897042
1757,64,28,75.5450432877239,-99.10341476286062,19.449320157061493
1758,64,29,47.20263809426734,-99.1031289515154,19.449320319775627
1759,64,30,18.860232900810793,-99.1028431401673,19.44932048203944
1760,64,31,0.0,-99.10255732881636,19.44932064385293
1761,64,32,0.0,-99.10227151746255,19.449320805216107
1762,64,33,0.0,-99.10198570610592,19.44932096612896
1763,64,34,0.0,-99.10169989474645,19.44932112659149
1764,64,35,20.721749915961833,-99.10141408338416,19.449321286603702
1765,64,36,49.06286054179483,-99.10112827201904,19.449321446165595
1766,64,37,77.40397116762783,-99.10084246065111,19.449321605277166
1767,64,38,105.74508179346084,-99.10055664928039,19.44932176393842
1768,64,39,134.08619241929384,-99.10027083790688,19.449321922149355
1769,64,40,162.4650039007385,-99.09998502653058,19.44932207990997
1770,64,41,191.2340934855532,-99.09969921515149,19.44932223722026
1771,64,42,220.33174880170043,-99.09941340376965,19.44932239408023
1772,64,43,249.64310635142712,-99.09912759238505,19.44932255048989
1773,64,44,279.1008447990874,-99.09884178099767,19.449322706449223
1774,64,45,308.66305672421925,-99.09855596960757,19.449322861958233
1775,64,46,338.3023553052992,-99.09827015821473,19.449323017016926
1776,65,19,340.38162714010883,-99.10598724088207,19.44958978919025
1777,65,20,312.06159254421175,-99.10570142908826,19.449589955959762
1778,65,21,283.74155794831466,-99.1054156172915,19.449590122278952
1779,65,22,255.4215233524176,-99.1051298054918,19.449590288147817
1780,65,23,227.0910952794753,-99.1048439936892,19.449590453566355
1781,65,24,198.74869008601874,-99.10455818188369,19.449590618534565
1782,65,25,170.40628489256218,-99.10427237007526,19.449590783052447
1783,65,26,142.06387969910566,-99.10398655826394,19.449590947120004
1784,65,27,113.72147450564913,-99.10370074644973,19.449591110737234
1785,65,28,85.37906931219258,-99.10341493463264,19.449591273904137
1786,65,29,57.03666411873602,-99.10312912281269,19.449591436620718
1787,65,30,28.694258925279474,-99.10284331098987,19.44959159888697
1788,65,31,0.3518537318229277,-99.10255749916418,19.449591760702894
1789,65,32,0.0,-99.10227168733566,19.449591922068493
1790,65,33,0.0,-99.10198587550428,19.449592082983763
1791,65,34,0.0,-99.10170006367007,19.44959224344871
1792,65,35,10.883993642588543,-99.10141425183305,19.449592403463328
1793,65,36,39.22510426842154,-99.1011284399932,19.44959256302762
1794,65,37,67.6062969695436,-99.10084262815056,19.44959272214158
1795,65,38,96.67581087691192,-99.1005568163051,19.44959288080522
1796,65,39,126.18166834957749,-99.10027100445686,19.449593039018534
1797,65,40,155.87627929308903,-99.09998519260581,19.449593196781517
1798,65,41,185.6691020741777,-99.09969938075201,19.449593354094176
1799,65,42,215.51941092116445,-99.09941356889543,19.449593510956507
1800,65,43,245.40622955128921,-99.09912775703609,19.44959366736851
1801,65,44,275.31766837846493,-99.098841945174,19.44959382333019
1802,65,45,305.24648980803806,-99.09855613330916,19.449593978841538
1803,65,46,335.1880376130733,-99.09827032144159,19.449594133902565
1804,66,20,321.9523368843137,-99.10570160466105,19.449861072774503
1805,66,21,293.60993169085714,-99.10541579238955,19.449861239096194
1806,66,22,265.2675264974005,-99.10512998011514,19.44986140496755
1807,66,23,236.925121303944,-99.10484416783778,19.449861570388567
1808,66,24,208.58271611048744,-99.10455835555753,19.449861735359256
1809,66,25,180.2403109170309,-99.10427254327436,19.449861899879618
1810,66,26,151.89790572357435,-99.10398673098831,19.449862063949638
1811,66,27,123.55550053011781,-99.10370091869936,19.449862227569326
1812,66,28,95.21309533666127,-99.10341510640752,19.44986239073869
1813,66,29,66.87069014320471,-99.10312929411283,19.44986255345771
1814,66,30,38.528284949748155,-99.10284348181527,19.449862715726404
1815,66,31,10.185879756291609,-99.10255766951485,19.449862877544756
1816,66,32,0.0,-99.10227185721159,19.44986303891278
1817,66,33,0.0,-99.10198604490547,19.449863199830475
1818,66,34,0.8649123170734835,-99.10170023259653,19.44986336029783
1819,66,35,11.04293014446742,-99.10141442028477,19.449863520314853
1820,66,36,36.02148421358996,-99.10112860797018,19.449863679881542
1821,66,37,65.3693226500339,-99.1008427956528,19.4498638389979
1822,66,38,95.12491452032194,-99.10055698333261,19.44986399766392
1823,66,39,124.99740149808267,-99.10027117100962,19.449864155879613
1824,66,40,154.9191769925441,-99.09998535868385,19.449864313644966
1825,66,41,184.86630958295655,-99.09969954635528,19.44986447095999
1826,66,42,214.8281951644054,-99.09941373402397,19.449864627824677
1827,66,43,244.79941678110708,-99.09912792168988,19.449864784239033
1828,66,44,274.77691947313275,-99.09884210935306,19.449864940203057
1829,66,45,304.7588497384757,-99.09855629701349,19.449865095716746
1830,66,46,334.7440178893316,-99.09827048467118,19.4498652507801
1831,67,20,331.78636290878234,-99.10570178023679,19.45013218958114
1832,67,21,303.4439577153258,-99.10541596749054,19.450132355905332
1833,67,22,275.1015525218692,-99.10513015474136,19.45013252177918
1834,67,23,246.75914732841267,-99.10484434198928,19.450132687202693
1835,67,24,218.4167421349561,-99.10455852923427,19.45013285217586
1836,67,25,190.07433694149958,-99.10427271647637,19.45013301669869
1837,67,26,161.73193174804302,-99.10398690371557,19.450133180771175
1838,67,27,133.3895265545865,-99.10370109095186,19.450133344393326
1839,67,28,105.04712136112995,-99.1034152781853,19.450133507565138
1840,67,29,76.7047161676734,-99.10312946541585,19.450133670286608
1841,67,30,48.36231097421684,-99.10284365264354,19.45013383255774
1842,67,31,20.019905780760297,-99.10255783986838,19.450133994378522
1843,67,32,8.821990490719967,-99.10227202709035,19.450134155748977
1844,67,33,18.960848163641735,-99.1019862143095,19.450134316669082
1845,67,34,29.099705836563498,-99.10170040152582,19.450134477138853
1846,67,35,39.23856350948527,-99.1014145887393,19.450134637158282
1847,67,36,52.91582257453836,-99.10112877594996,19.450134796727365
1848,67,37,75.99792956070809,-99.10084296315783,19.45013495584612
1849,67,38,102.71945441973818,-99.10055715036289,19.450135114514524
1850,67,39,130.86973422095343,-99.10027133756515,19.450135272732595
1851,67,40,159.69498537473655,-99.09998552476463,19.45013543050032
1852,67,41,188.8864457090864,-99.09969971196134,19.45013558781771
1853,67,42,218.29725236792598,-99.09941389915528,19.45013574468475
1854,67,43,247.8493320752757,-99.09912808634645,19.450135901101458
1855,67,44,277.4975539152275,-99.09884227353487,19.450136057067827
1856,67,45,307.2140840646941,-99.09855646072056,19.450136212583853
1857,67,46,336.98085178016163,-99.09827064790349,19.450136367649538
1858,68,20,341.62038893325104,-99.10570195581545,19.450403306379684
1859,68,21,313.2779837397945,-99.10541614259445,19.450403472706373
1860,68,22,284.93557854633787,-99.10513032937052,19.450403638582717
1861,68,23,256.59317335288137,-99.10484451614369,19.45040380400871
1862,68,24,228.2507681594248,-99.10455870291392,19.45040396898436
1863,68,25,199.90836296596825,-99.10427288968125,19.450404133509668
1864,68,26,171.5659577725117,-99.1039870764457,19.450404297584623
1865,68,27,143.2235525790552,-99.10370126320726,19.45040446120923
1866,68,28,114.88114738559864,-99.10341544996594,19.45040462438349
1867,68,29,86.86947932230133,-99.10312963672173,19.450404787107406
1868,68,30,60.743915510120196,-99.10284382347467,19.45040494938097
1869,68,31,40.41460262421868,-99.10255801022474,19.450405111204198
1870,68,32,37.10602294838921,-99.10227219697198,19.450405272577072
1871,68,33,47.19564168313175,-99.10198638371637,19.450405433499597
1872,68,34,57.334499356053506,-99.10170057045791,19.450405593971777
1873,68,35,67.47335702897529,-99.10141475719665,19.450405753993614
1874,68,36,78.1192756784786,-99.10112894393257,19.4504059135651
1875,68,37,95.27970534853927,-99.10084313066567,19.45040607268624
1876,68,38,117.70226535661403,-99.10055731739598,19.450406231357036
1877,68,39,142.93153706881176,-99.10027150412348,19.450406389577477
1878,68,40,169.72043279354267,-99.09998569084821,19.450406547347576
1879,68,41,197.43511928327683,-99.09969987757016,19.450406704667326
1880,68,42,225.73486072198966,-99.09941406428935,19.45040686153673
1881,68,43,254.42450425214628,-99.09912825100577,19.45040701795579
1882,68,44,283.3856548640469,-99.09884243771943,19.4504071739245
1883,68,45,312.5428457051913,-99.09855662443034,19.450407329442864
1884,68,46,341.84591765921874,-99.09827081113853,19.45040748451088
1885,69,21,323.11200976426323,-99.1054163177013,19.450674589499314
1886,69,22,294.7696045708066,-99.10513050400262,19.450674755378156
1887,69,23,266.42719937735006,-99.104844690301,19.450674920806634
1888,69,24,238.0847941838935,-99.10455887659649,19.450675085784763
1889,69,25,209.74238899043695,-99.10427306288905,19.45067525031254
1890,69,26,181.51332390937225,-99.10398724917873,19.450675414389963
1891,69,27,153.91752203827076,-99.10370143546552,19.45067557801703
1892,69,28,127.41318779535517,-99.10341562174943,19.450675741193745
1893,69,29,102.84764099359464,-99.10312980803047,19.450675903920107
1894,69,30,81.98264506418546,-99.10284399430864,19.450676066196113
1895,69,31,68.29839621464838,-99.10255818058397,19.450676228021766
1896,69,32,66.39418467957852,-99.10227236685643,19.450676389397067
1897,69,33,75.43043520262177,-99.10198655312605,19.45067655032201
1898,69,34,85.56929287554352,-99.10170073939284,19.450676710796607
1899,69,35,95.70815054846528,-99.10141492565681,19.45067687082085
1900,69,36,105.84700822138707,-99.10112911191797,19.450677030394733
1901,69,37,119.08299292969829,-99.1008432981763,19.450677189518263
1902,69,38,137.68209841467734,-99.10055748443186,19.45067734819144
1903,69,39,159.78723742102565,-99.1002716706846,19.450677506414262
1904,69,40,184.14006153311,-99.09998585693457,19.450677664186735
1905,69,41,209.95990874495985,-99.09970004318176,19.450677821508847
1906,69,42,236.7673210115074,-99.09941422942617,19.450677978380618
1907,69,43,264.26192559228144,-99.09912841566783,19.450678134802022
1908,69,44,292.2498354773101,-99.09884260190674,19.450678290773077
1909,69,45,320.60188295655587,-99.09855678814289,19.45067844629378
1910,70,21,332.9460357887319,-99.10541649281107,19.450945706284166
1911,70,22,304.6036305952753,-99.10513067863761,19.450945872165494
1912,70,23,276.3111779778908,-99.10484486446124,19.450946037596463
1913,70,24,248.37750282443557,-99.10455905028194,19.450946202577075
1914,70,25,220.98620034535048,-99.10427323609974,19.45094636710732
1915,70,26,194.36670902407198,-99.10398742191465,19.450946531187206
1916,70,27,168.8843817841696,-99.10370160772668,19.450946694816736
1917,70,28,145.13942002224633,-99.1034157935358,19.450946857995902
1918,70,29,124.13286461758192,-99.10312997934209,19.450947020724712
1919,70,30,107.48248653589943,-99.10284416514548,19.450947183003155
1920,70,31,97.4474306778413,-99.10255835094603,19.450947344831246
1921,70,32,96.12241455293125,-99.10227253674373,19.45094750620897
1922,70,33,103.66522872211176,-99.10198672253857,19.450947667136337
1923,70,34,113.80408639503355,-99.1017009083306,19.450947827613337
1924,70,35,123.94294406795532,-99.1014150941198,19.45094798763998
1925,70,36,134.08180174087707,-99.10112927990619,19.450948147216266
1926,70,37,145.20088208714398,-99.10084346568975,19.450948306342188
1927,70,38,160.80701843408144,-99.10055765147052,19.450948465017756
1928,70,39,180.09580282847608,-99.10027183724851,19.450948623242958
1929,70,40,202.01509650322586,-99.09998602302369,19.450948781017797
1930,70,41,225.80013337901724,-99.09970020879612,19.450948938342275
1931,70,42,250.92090636843378,-99.09941439456577,19.450949095216398
1932,70,43,277.0142636607917,-99.09912858033265,19.450949251640157
1933,70,44,303.8297274631055,-99.09884276609678,19.450949407613557
1934,70,45,331.19194481309364,-99.09855695185817,19.45094956313659
1935,71,21,343.0629158451893,-99.10541666792378,19.45121682306091
1936,71,22,315.3342370596259,-99.10513085327553,19.451216988944736
1937,71,23,288.06110097642346,-99.10484503862438,19.4512171543782
1938,71,24,261.3861410433271,-99.1045592239703,19.45121731936128
1939,71,25,235.5126993673483,-99.10427340931334,19.451217483894006
1940,71,26,210.73620571004847,-99.10398759465346,19.45121764797636
1941,71,27,187.49204044663,-99.1037017799907,19.451217811608345
1942,71,28,166.42350214021343,-99.10341596532506,19.451217974789962
1943,71,29,148.45975514726715,-99.10313015065655,19.45121813752122
1944,71,30,134.84737940412262,-99.10284433598518,19.451218299802107
1945,71,31,126.99343512927067,-99.10255852131094,19.451218461632624
1946,71,32,125.97955945194109,-99.10227270663385,19.451218623012775
1947,71,33,131.96350341468676,-99.10198689195394,19.451218783942554
1948,71,34,142.03887991452356,-99.10170107727119,19.451218944421974
1949,71,35,152.17773758744534,-99.1014152625856,19.451219104451024
1950,71,36,162.31659526036708,-99.10112944789721,19.451219264029707
1951,71,37,172.5857268509618,-99.100843633206,19.45121942315802
1952,71,38,185.90705777739888,-99.10055781851199,19.451219581835968
1953,71,39,202.8226692217205,-99.10027200381519,19.45121974006355
1954,71,40,222.51435047878996,-99.09998618911561,19.451219897840758
1955,71,41,244.3117622787984,-99.09970037441325,19.451220055167607
1956,71,42,267.70102391762794,-99.09941455970811,19.451220212044085
1957,71,43,292.30025526044403,-99.09912874500021,19.451220368470196
1958,71,44,317.82863345534975,-99.09884293028956,19.451220524445937
1959,71,45,344.0794112743007,-99.09855711557618,19.45122067997131
1960,72,22,328.4311371995596,-99.10513102791639,19.451488105715885
1961,72,23,302.3417416037171,-99.10484521279044,19.45148827115183
1962,72,24,277.045204884946,-99.10455939766157,19.451488436137396
1963,72,25,252.77967161841667,-99.10427358252981,19.45148860067259
1964,72,26,229.8718756553038,-99.10398776739515,19.45148876475741
1965,72,27,208.76924115170877,-99.10370195225761,19.451488928391857
1966,72,28,190.07396687824775,-99.1034161371172,19.45148909157593
1967,72,29,174.56124918952116,-99.1031303219739,19.451489254309624
1968,72,30,163.14149243027964,-99.10284450682772,19.45148941659295
1969,72,31,156.71203969750334,-99.10255869167871,19.451489578425903
1970,72,32,155.89156558301912,-99.10227287652684,19.451489739808476
1971,72,33,160.7659698247662,-99.10198706137213,19.45148990074068
1972,72,34,170.2736734340136,-99.10170124621459,19.45149006122251
1973,72,35,180.41253110693535,-99.10141543105422,19.451490221253962
1974,72,36,190.5513887798571,-99.10112961589104,19.451490380835043
1975,72,37,200.69024645277887,-99.10084380072504,19.45149053996575
1976,72,38,212.2827621010223,-99.10055798555625,19.451490698646083
1977,72,39,227.2434203756262,-99.10027217038467,19.451490856876045
1978,72,40,244.97994432766916,-99.09998635521029,19.451491014655623
1979,72,41,264.9354150383867,-99.09970054003314,19.451491171984838
1980,72,42,286.6467776904818,-99.09941472485322,19.45149132886367
1981,72,43,309.74501800531164,-99.09912890967054,19.451491485292134
1982,72,44,333.94247588152837,-99.0988430944851,19.45149164127022
1983,73,22,343.65439427194224,-99.10513120256014,19.451759222478934
1984,73,23,318.8132047707378,-99.1048453869594,19.45175938791736
1985,73,24,294.93283365871844,-99.10455957135575,19.45175955290541
1986,73,25,272.26621752199475,-99.10427375574919,19.45175971744308
1987,73,26,251.14221078406362,-99.10398794013975,19.451759881530364
1988,73,27,231.98260036321676,-99.1037021245274,19.451760045167273
1989,73,28,215.3124327693429,-99.10341630891217,19.451760208353793
1990,73,29,201.74974730795995,-99.10313049329409,19.45176037108994
1991,73,30,191.9543627339545,-99.10284467767313,19.451760533375705
1992,73,31,186.5207607918525,-99.10255886204932,19.451760695211085
1993,73,32,185.83194300266126,-99.10227304642265,19.45176085659609
1994,73,33,189.9395374162979,-99.10198723079314,19.451761017530707
1995,73,34,198.50846695350356,-99.10170141516082,19.45176117801495
1996,73,35,208.64732462642536,-99.10141559952565,19.45176133804881
1997,73,36,218.7861822993471,-99.10112978388769,19.451761497632287
1998,73,37,228.92503997226888,-99.10084396824689,19.451761656765388
1999,73,38,239.51306444331874,-99.1005581526033,19.451761815448105
2000,73,39,252.8677699071269,-99.10027233695692,19.451761973680444
2001,73,40,268.9195234202567,-99.09998652130774,19.451762131462395
2002,73,41,287.21648820245736,-99.0997007056558,19.451762288793972
2003,73,42,307.35795436937474,-99.0994148900011,19.451762445675165
2004,73,43,329.00533906443064,-99.09912907434362,19.45176260210598
2005,74,23,337.1545496599564,-99.10484556113127,19.4520305046748
2006,74,24,314.66920279903604,-99.10455974505282,19.452030669665326
2007,74,25,293.53061854592573,-99.10427392897147,19.45203083420547
2008,74,26,274.0506173277605,-99.10398811288721,19.45203099829522
2009,74,27,256.6072050654453,-99.10370229680008,19.45203116193458
2010,74,28,241.6418310749867,-99.10341648071005,19.452031325123563
2011,74,29,229.6394812723746,-99.10313066461715,19.45203148786215
2012,74,30,221.0832607702767,-99.1028448485214,19.452031650150357
2013,74,31,216.38235839964184,-99.10255903242277,19.452031811988174
2014,74,32,215.78888261530977,-99.10227321632132,19.4520319733756
2015,74,33,219.33617734914782,-99.10198740021701,19.45203213431264
2016,74,34,226.83005869573304,-99.10170158410988,19.452032294799288
2017,74,35,236.88211814591534,-99.10141576799991,19.452032454835557
2018,74,36,247.02097581883712,-99.10112995188712,19.452032614421434
2019,74,37,257.1598334917589,-99.10084413577154,19.45203277355692
2020,74,38,267.3369502946038,-99.10055831965315,19.452032932242027
2021,74,39,279.3647186235115,-99.10027250353195,19.452033090476743
2022,74,40,293.9732080145538,-99.09998668740799,19.452033248261063
2023,74,41,310.79872594517246,-99.09970087128124,19.452033405595007
2024,74,42,329.5018195214053,-99.09941505515172,19.452033562478558
2025,74,43,349.78143187809593,-99.09912923901946,19.452033718911718
2026,75,24,335.9286204097538,-99.1045599187528,19.45230178641715
2027,75,25,316.21441277110273,-99.10427410219664,19.452301950959757
2028,75,26,298.21983783435036,-99.10398828563757,19.45230211505198
2029,75,27,282.2739600312418,-99.10370246907563,19.452302278693807
2030,75,28,268.7417074915838,-99.10341665251079,19.452302441885237
2031,75,29,258.003143739112,-99.10313083594309,19.45230260462627
2032,75,30,250.4179286972835,-99.10284501937251,19.452302766916908
2033,75,31,246.27759915755766,-99.10255920279909,19.452302928757156
2034,75,32,245.75632785461198,-99.10227338622282,19.452303090147012
2035,75,33,248.87685612438216,-99.1019875696437,19.45230325108647
2036,75,34,255.50578535158317,-99.10170175306175,19.45230341157554
2037,75,35,265.1169116654054,-99.10141593647698,19.452303571614202
2038,75,36,275.2557693383271,-99.10113011988939,19.45230373120248
2039,75,37,285.39462701124893,-99.10084430329898,19.452303890340364
2040,75,38,295.5334846841707,-99.10055848670578,19.45230404902785
2041,75,39,306.50804714621097,-99.10027267010979,19.452304207264945
2042,75,40,319.8793272222483,-99.09998685351101,19.45230436505164
2043,75,41,335.407789120844,-99.09970103690945,19.452304522387948
2044,76,25,340.0336537232645,-99.10427427542471,19.452573067705952
2045,76,26,323.3672873037188,-99.10398845839083,19.452573231800635
2046,76,27,308.72304632459606,-99.10370264135406,19.452573395444922
2047,76,28,296.4008032474129,-99.10341682431441,19.4525735586388
2048,76,29,286.7001098700251,-99.10313100727187,19.452573721382286
2049,76,30,279.893675943665,-99.10284519022649,19.452573883675367
2050,76,31,276.1955587387861,-99.10255937317824,19.45257404551805
2051,76,32,275.7308533711872,-99.10227355612716,19.452574206910327
2052,76,33,278.51574521842747,-99.10198773907321,19.452574367852208
2053,76,34,284.4548068997057,-99.10170192201646,19.45257452834368
2054,76,35,293.35170518489537,-99.10141610495685,19.45257468838476
2055,76,36,303.49056285781717,-99.10113028789445,19.452574847975434
2056,76,37,313.6294205307389,-99.10084447082923,19.452575007115705
2057,76,38,323.76827820366066,-99.10055865376121,19.452575165805577
2058,76,39,334.14026982567367,-99.10027283669041,19.452575324045046
2059,76,40,346.4467072118717,-99.0999870196168,19.452575481834124
2060,77,26,349.2817391710958,-99.10398863114696,19.452844348541202
2061,77,27,335.7696385204569,-99.10370281363537,19.452844512187944
2062,77,28,324.4761423986842,-99.10341699612088,19.452844675384284
2063,77,29,315.63948393650634,-99.10313117860355,19.45284483813021
2064,77,30,309.47019348149985,-99.10284536108333,19.45284500042573
2065,77,31,306.12957630266607,-99.10255954356025,19.452845162270844
2066,77,32,305.7103765347567,-99.10227372603434,19.45284532366555
2067,77,33,308.2245142015729,-99.10198790850558,19.452845484609846
2068,77,34,313.6014476825138,-99.10170209097399,19.452845645103732
2069,77,35,321.69766057952825,-99.10141627343955,19.452845805147216
2070,77,36,331.7253563773072,-99.10113045590234,19.45284596474029
2071,77,37,341.86421405022895,-99.10084463836229,19.452846123882953
2072,78,29,344.76022775245355,-99.10313134993807,19.453115954870032
2073,78,30,339.1211162309073,-99.10284553194302,19.453116117167987
2074,78,31,336.07536105384077,-99.10255971394511,19.45311627901554
2075,78,32,335.6935583850877,-99.10227389594435,19.453116440412668
2076,78,33,337.9847363047852,-99.10198807794077,19.45311660135938
2077,78,34,342.89531756614593,-99.10170225993434,19.453116761855682
