fid,row_index,col_index,distance,x,y
0,0,6,342.3962044316058,-99.20726403203777,19.435907629028815
1,0,7,331.72175086002363,-99.2069782455787,19.435907955150476
2,0,8,323.486443577021,-99.2066924591139,19.43590828082216
3,0,9,317.8799118575737,-99.20640667264334,19.435908606043867
4,0,10,315.0425329174593,-99.20612088616706,19.435908930815597
5,0,11,315.0460855363547,-99.20583509968506,19.435909255137357
6,0,12,316.34920226483706,-99.20554931319734,19.43590957900913
7,0,13,318.2173495463107,-99.20526352670392,19.43590990243093
8,0,14,322.68618558048814,-99.20497774020478,19.435910225402754
9,0,15,329.8339994250011,-99.20469195369998,19.435910547924603
10,0,16,339.491619909679,-99.20440616718948,19.435910869996473
11,1,4,345.02975307183516,-99.207835949896,19.43617809132936
12,1,5,329.0132059496718,-99.20755016297412,19.436178418355894
13,1,6,315.0457885351759,-99.20726437604648,19.436178744932445
14,1,7,303.410626145856,-99.20697858911308,19.43617907105901
15,1,8,294.3843868867539,-99.20669280217395,19.436179396735593
16,1,9,288.2122940250114,-99.20640701522908,19.43617972196219
17,1,10,285.0797881499655,-99.20612122827845,19.43618004673881
18,1,11,285.07440078571136,-99.20583544132212,19.436180371065443
19,1,12,286.3775175141937,-99.20554965436007,19.436180694942088
20,1,13,288.393016469685,-99.20526386739232,19.436181018368757
21,1,14,293.31659475844583,-99.20497808041887,19.436181341345435
22,1,15,301.16227780533325,-99.20469229343972,19.436181663872127
23,1,16,311.70949678362877,-99.20440650645489,19.436181985948846
24,1,17,324.6950926597281,-99.20412071946438,19.436182307575578
25,1,18,339.83966220780616,-99.20383493246821,19.436182628752324
26,2,3,339.7941426583494,-99.20812208224956,19.43644887973363
27,2,4,320.7245213097875,-99.20783629485912,19.436449207215066
28,2,5,303.42771421520143,-99.20755050746291,19.43644953424652
29,2,6,288.2230680190806,-99.20726472006093,19.436449860827977
30,2,7,275.45724917453373,-99.2069789326532,19.43645018695945
31,2,8,265.482306957113,-99.20669314523973,19.436450512640935
32,2,9,258.62137284404855,-99.20640735782052,19.436450837872428
33,2,10,255.12579970714447,-99.20612157039557,19.436451162653924
34,2,11,255.10271603506794,-99.2058357829649,19.436451486985433
35,2,12,256.4058327635503,-99.20554999552851,19.436451810866956
36,2,13,258.6093237775643,-99.20526420808643,19.436452134298484
37,2,14,264.08876378387527,-99.20497842063864,19.436452457280023
38,2,15,272.7764065477471,-99.20469263318515,19.43645277981157
39,2,16,284.37837607896313,-99.20440684572598,19.436453101893125
40,2,17,298.55510980975447,-99.20412105826114,19.436453423524693
41,2,18,314.959118626086,-99.20383527079063,19.43645374470627
42,2,19,333.2616677896323,-99.20354948331446,19.436454065437857
43,3,2,339.8155209301569,-99.20840821555181,19.436719667669944
44,3,3,317.9288402292304,-99.2081224276928,19.436719995606314
45,3,4,297.46076486483577,-99.20783663982803,19.436720323092675
46,3,5,278.72399577080324,-99.20755085195746,19.436720650129047
47,3,6,262.09010855603145,-99.20726506408116,19.436720976715417
48,3,7,247.9826288016601,-99.20697927619908,19.436721302851794
49,3,8,236.8534217018018,-99.20669348831126,19.436721628538173
50,3,9,229.13686424563195,-99.2064077004177,19.43672195377456
51,3,10,225.18406191556002,-99.20612191251841,19.43672227856094
52,3,11,225.13103128442455,-99.2058361246134,19.43672260289733
53,3,12,226.4341480129069,-99.20555033670267,19.436722926783716
54,3,13,228.88213722545981,-99.20526454878623,19.436723250220112
55,3,14,235.05557971063052,-99.20497876086408,19.436723573206507
56,3,15,244.77585331340782,-99.20469297293626,19.436723895742908
57,3,16,257.64182730588084,-99.20440718500275,19.43672421782931
58,3,17,273.20945076940455,-99.20412139706356,19.43672453946571
59,3,18,291.0455235902556,-99.2038356091187,19.43672486065212
60,3,19,310.75969753835903,-99.2035498211682,19.43672518138853
61,3,20,332.0175935494063,-99.20326403321202,19.436725501674943
62,4,1,345.09291088798835,-99.20869434980276,19.436990455138304
63,4,2,320.7698182959467,-99.2084085614752,19.4369907835296
64,4,3,297.48518536909415,-99.20812277314184,19.4369911114709
65,4,4,275.5024404584357,-99.2078369848027,19.43699143896218
66,4,5,255.15829181710617,-99.2075511964578,19.436991766003473
67,4,6,236.87531122405542,-99.20726540810712,19.43699209259476
68,4,7,221.16526004769088,-99.2069796197507,19.436992418736036
69,4,8,208.61023809111657,-99.20669383138852,19.436992744427315
70,4,9,199.80588234809792,-99.20640804302062,19.43699306966859
71,4,10,195.26021050222076,-99.20612225464697,19.436993394459858
72,4,11,195.1593465337812,-99.2058364662676,19.436993718801126
73,4,12,196.46246326226353,-99.20555067788253,19.436994042692387
74,4,13,199.23675147195942,-99.20526488949173,19.436994366133646
75,4,14,206.29923884810069,-99.20497910109523,19.436994689124894
76,4,15,217.3096149771382,-99.20469331269307,19.43699501166615
77,4,16,231.70576508520114,-99.20440752428519,19.436995333757395
78,4,17,248.90089269812754,-99.20412173587165,19.436995655398633
79,4,18,268.3574988669613,-99.20383594745245,19.436995976589873
80,4,19,289.6201650616502,-99.20355015902757,19.436996297331113
81,4,20,312.32024081468666,-99.20326437059705,19.436996617622334
82,4,21,336.16666347921864,-99.20297858216088,19.43699693746356
83,5,1,329.10151201373395,-99.2086946962063,19.437261570984912
84,5,2,303.49952947936424,-99.20840890740436,19.43726189938115
85,5,3,278.7761173032315,-99.20812311859665,19.437262227327377
86,5,4,255.186760556136,-99.20783732978315,19.437262554823594
87,5,5,233.07604327258582,-99.20755154096388,19.437262881869803
88,5,6,212.9051458562566,-99.20726575213885,19.437263208466
89,5,7,195.27611302088005,-99.20697996330807,19.437263534612182
90,5,8,180.9334670562998,-99.20669417447154,19.437263860308356
91,5,9,170.70758239012915,-99.20640838562926,19.437264185554522
92,5,10,165.3639557761979,-99.20612259678124,19.437264510350676
93,5,11,165.18766178313777,-99.20583680792753,19.43726483469682
94,5,12,166.4907785116201,-99.20555101906808,19.43726515859295
95,5,13,169.71603793779906,-99.20526523020293,19.437265482039077
96,5,14,177.95400064485995,-99.20497944133209,19.437265805035185
97,5,15,190.60881185747203,-99.20469365245553,19.43726612758129
98,5,16,206.87148660442196,-99.20440786357331,19.43726644967738
99,5,17,225.96438830517056,-99.2041220746854,19.437266771323458
100,5,18,247.2326790582836,-99.20383628579184,19.437267092519523
101,5,19,270.1630811316428,-99.2035504968926,19.43726741326558
102,5,20,294.32358434608955,-99.20326470798773,19.43726773356163
103,5,21,318.764938922954,-99.2029789190772,19.437268053407667
104,5,22,343.2062934998184,-99.20269313016104,19.437268372803693
105,6,0,342.5234796183132,-99.20898083188612,19.43753235797224
106,6,1,315.1610592606686,-99.20869504261562,19.437532686823435
107,6,2,288.32386730684686,-99.20840925333931,19.43753301522461
108,6,3,262.17324738280576,-99.20812346405724,19.437533343175765
109,6,4,236.9366388461596,-99.20783767476937,19.437533670676913
110,6,5,212.939263669679,-99.20755188547574,19.43753399772804
111,6,6,190.64965039741008,-99.20726609617634,19.437534324329146
112,6,7,170.73795237475557,-99.20698030687117,19.437534650480234
113,6,8,154.12854234564702,-99.20669451756027,19.437534976181308
114,6,9,141.9850934079473,-99.20640872824363,19.437535301432362
115,6,10,135.51356365520436,-99.20612293892127,19.437535626233405
116,6,11,135.21597703249435,-99.20583714959317,19.437535950584422
117,6,12,136.51909376097672,-99.20555136025935,19.43753627448543
118,6,13,140.39866071123882,-99.20526557091983,19.43753659793641
119,6,14,150.25270959858236,-99.20497978157462,19.43753692093738
120,6,15,165.04535605076043,-99.2046939922237,19.437537243488336
121,6,16,183.58666173262327,-99.2044082028671,19.43753756558927
122,6,17,204.86130717716074,-99.20412241350483,19.437537887240186
123,6,18,228.1057824574848,-99.20383662413688,19.437538208441087
124,6,19,252.48624786396937,-99.20355083476329,19.437538529191965
125,6,20,276.9276024408337,-99.20326504538404,19.437538849492828
126,6,21,301.3689570176981,-99.20297925599914,19.437539169343676
127,6,22,325.81031159456256,-99.20269346660862,19.437539488744502
128,6,23,350.25166617142696,-99.20240767721246,19.43753980769531
129,7,0,331.87500983716416,-99.20898117877562,19.437803473797718
130,7,1,303.5542477694678,-99.20869538903074,19.437803802653857
131,7,2,275.5890791075674,-99.20840959928006,19.437804131059973
132,7,3,248.09977772627417,-99.2081238095236,19.437804459016068
133,7,4,221.26377672880903,-99.20783801976135,19.43780478652213
134,7,5,195.3505005797678,-99.20755222999334,19.437805113578175
135,7,6,170.78049438163444,-99.20726644021957,19.437805440184196
136,7,7,148.2232655344804,-99.20698065044004,19.43780576634019
137,7,8,128.74119632104825,-99.20669486065475,19.43780609204616
138,7,9,113.9230214427457,-99.20640907086374,19.43780641730211
139,7,10,105.74787940717253,-99.206123281067,19.43780674210803
140,7,11,105.24429228185097,-99.20583749126452,19.437807066463932
141,7,12,106.54740901033333,-99.20555170145633,19.43780739036981
142,7,13,111.44520772879679,-99.20526591164243,19.437807713825656
143,7,14,123.62898987665082,-99.20498012182284,19.437808036831484
144,7,15,141.2381674694464,-99.20469433199754,19.437808359387287
145,7,16,162.51865358270032,-99.20440854216658,19.437808681493063
146,7,17,186.20755680498465,-99.20412275232992,19.437809003148814
147,7,18,210.64891138184908,-99.2038369624876,19.43780932435455
148,7,19,235.09026595871345,-99.20355117263964,19.43780964511025
149,7,20,259.5316205355779,-99.203265382786,19.43780996541593
150,7,21,283.97297511244227,-99.20297959292674,19.43781028527159
151,7,22,308.41432968930667,-99.20269380306182,19.43781060467722
152,7,23,328.2267286896481,-99.20240801319127,19.437810923632824
153,7,24,345.27802937965464,-99.20212222331511,19.43781124213841
154,8,0,323.66604736826906,-99.20898152567091,19.438074589615105
155,8,1,294.55707325316126,-99.20869573545164,19.438074918476183
156,8,2,265.6464353006413,-99.20840994522659,19.43807524688724
157,8,3,237.0067251628262,-99.20812415499574,19.438075574848266
158,8,4,208.7494837284084,-99.20783836475911,19.438075902359255
159,8,5,181.05387634996012,-99.20755257451673,19.43807622942022
160,8,6,154.22277823271196,-99.20726678426855,19.43807655603115
161,8,7,128.7976106544134,-99.20698099401464,19.438076882192053
162,8,8,105.79689832294457,-99.20669520375498,19.43807720790292
163,8,9,87.16159061894798,-99.20640941348958,19.438077533163757
164,8,10,76.1662790458789,-99.20612362321845,19.438077857974566
165,8,11,75.27260753120758,-99.20583783294158,19.438078182335342
166,8,12,76.57572425968993,-99.20555204265902,19.43807850624609
167,8,13,83.2363185269494,-99.20526625237073,19.438078829706804
168,8,14,98.95644261050487,-99.20498046207676,19.43807915271749
169,8,15,120.23506288239095,-99.20469467177708,19.43807947527814
170,8,16,144.37022032286438,-99.20440888147172,19.438079797388763
171,8,17,168.81157489972878,-99.20412309116068,19.438080119049356
172,8,18,193.25292947659318,-99.20383730084399,19.438080440259913
173,8,19,217.69428405345758,-99.20355151052163,19.438080761020444
174,8,20,242.135638630322,-99.20326572019361,19.438081081330942
175,8,21,266.3243472040059,-99.20297992985995,19.438081401191408
176,8,22,285.91579240816833,-99.20269413952066,19.43808172060184
177,8,23,305.50723761233075,-99.20240834917574,19.438082039562243
178,8,24,317.31220078838805,-99.2021225588252,19.438082358072613
179,8,25,328.1709498509594,-99.20183676846904,19.438082676132957
180,8,26,339.02969891353075,-99.20155097810728,19.43808299374327
181,9,0,318.085520392833,-99.20898187257201,19.438345705424386
182,9,1,288.41386490258924,-99.20869608187836,19.43834603429042
183,9,2,258.81792181477425,-99.20841029117891,19.438346362706408
184,9,3,229.3270063402656,-99.20812450047367,19.438346690672365
185,9,4,199.98758716844858,-99.20783870976264,19.43834701818828
186,9,5,170.87771711351783,-99.20755291904585,19.438347345254158
187,9,6,142.13850073219794,-99.20726712832331,19.438347671870005
188,9,7,114.05048257182715,-99.206981337595,19.43834799803581
189,9,8,87.24489531964753,-99.20669554686094,19.438348323751576
190,9,9,63.37058421543756,-99.20640975612115,19.438348649017307
191,9,10,47.11677119960018,-99.20612396537562,19.438348973833
192,9,11,45.3009227805642,-99.20583817462438,19.43834929819866
193,9,12,46.609465840304686,-99.20555238386741,19.438349622114274
194,9,13,56.890553856724694,-99.20526659310472,19.438349945579848
195,9,14,78.10651656764149,-99.20498080233637,19.43835026859539
196,9,15,102.53288384074412,-99.2046950115623,19.438350591160898
197,9,16,126.97423841760853,-99.20440922078255,19.438350913276363
198,9,17,151.41559299447292,-99.20412342999713,19.438351234941795
199,9,18,175.85694757133732,-99.20383763920601,19.438351556157183
200,9,19,200.29830214820174,-99.20355184840926,19.438351876922535
201,9,20,224.0134109225262,-99.20326605760685,19.43835219723785
202,9,21,243.60485612668865,-99.2029802667988,19.438352517103127
203,9,22,263.19630133085104,-99.20269447598513,19.438352836518362
204,9,23,278.48762313455006,-99.2024086851658,19.438353155483565
205,9,24,289.3463721971214,-99.20212289434086,19.438353473998728
206,9,25,300.20512125969276,-99.20183710351033,19.43835379206385
207,9,26,311.06387032226417,-99.20155131267416,19.438354109678937
208,9,27,320.48142513370567,-99.20126552183241,19.438354426843983
209,9,28,327.67977396212325,-99.20097973098508,19.438354743558993
210,9,29,334.8781227905409,-99.20069394013215,19.438355059823966
211,9,30,342.07647161895846,-99.20040814927367,19.438355375638892
212,9,31,344.0048009468669,-99.2001223584096,19.43835569100379
213,9,32,344.1903644072468,-99.19983656754,19.438356005918642
214,9,33,344.37592786762673,-99.19955077666482,19.43835632038346
215,9,34,344.56149132800664,-99.19926498578413,19.438356634398236
216,9,35,344.78025541929884,-99.19897919489789,19.438356947962976
217,10,0,315.2730346035959,-99.20898221947891,19.438616821225573
218,10,1,285.30903514019633,-99.20869642831087,19.438617150096547
219,10,2,255.3534897296283,-99.208410637137,19.43861747851748
220,10,3,225.40976886898446,-99.20812484595737,19.438617806488367
221,10,4,195.48330641269246,-99.20783905477195,19.43861813400921
222,10,5,165.58346013569172,-99.20755326358076,19.438618461080008
223,10,6,135.7278212268134,-99.20726747238382,19.43861878770076
224,10,7,105.95376651845572,-99.2069816811811,19.43861911387147
225,10,8,76.35679291272676,-99.20669588997264,19.438619439592138
226,10,9,47.27069925849043,-99.20641009875845,19.43861976486276
227,10,10,20.944645923391885,-99.20612430753852,19.438620089683337
228,10,11,15.329238029920809,-99.20583851631287,19.438620414053872
229,10,12,16.753886179738764,-99.2055527250815,19.43862073797436
230,10,13,36.25419278175945,-99.20526693384444,19.4386210614448
231,10,14,60.695547358623855,-99.20498114260165,19.438621384465204
232,10,15,85.13690193548825,-99.2046953513532,19.438621707035555
233,10,16,109.57825651235267,-99.20440956009904,19.438622029155862
234,10,17,134.01961108921705,-99.20412376883921,19.43862235082613
235,10,18,158.46096566608148,-99.20383797757371,19.438622672046353
236,10,19,181.70247464104645,-99.20355218630257,19.43862299281653
237,10,20,201.29391984520888,-99.20326639502575,19.43862331313666
238,10,21,220.8853650493713,-99.2029806037433,19.438623633006745
239,10,22,239.66304548071207,-99.20269481245522,19.438623952426788
240,10,23,250.52179454328342,-99.2024090211615,19.438624271396787
241,10,24,261.3805436058548,-99.20212322986215,19.438624589916735
242,10,25,272.2392926684261,-99.2018374385572,19.438624907986643
243,10,26,283.0980417309975,-99.20155164724666,19.438625225606508
244,10,27,291.35783033250675,-99.20126585593052,19.43862554277632
245,10,28,298.5561791609244,-99.20098006460877,19.4386258594961
246,10,29,305.75452798934197,-99.20069427328144,19.438626175765823
247,10,30,312.95287681775955,-99.20040848194854,19.438626491585506
248,10,31,314.00537484898683,-99.20012269061009,19.43862680695514
249,10,32,314.1909383093667,-99.19983689926607,19.438627121874735
250,10,33,314.3765017697466,-99.1995511079165,19.438627436344277
251,10,34,314.5620652301265,-99.19926531656141,19.43862775036378
252,10,35,314.78686860962534,-99.19897952520076,19.438628063933233
253,10,36,316.80735653066444,-99.1986937338346,19.438628377052645
254,10,37,319.715453528383,-99.19840794246292,19.438628689722005
255,10,38,322.6235505261016,-99.19812215108571,19.438629001941326
256,10,39,325.5316475238202,-99.19783635970303,19.438629313710603
257,10,40,328.4397445215388,-99.19755056831484,19.43862962502983
258,10,41,331.3478415192574,-99.19726477692116,19.43862993589901
259,10,42,334.25593851697596,-99.19697898552201,19.438630246318144
260,10,43,337.1640355146946,-99.1966931941174,19.438630556287237
261,10,44,340.0721325124132,-99.19640740270731,19.43863086580628
262,10,45,342.9802295101317,-99.19612161129177,19.438631174875283
263,10,46,345.8883265078503,-99.1958358198708,19.43863148349424
264,11,0,315.30267111577245,-99.20898256639163,19.438887937018663
265,11,1,285.3417838263625,-99.20869677474916,19.43888826589458
266,11,2,255.3900796461761,-99.2084109831009,19.438888594320453
267,11,3,225.45121859539765,-99.20812519144685,19.438888922296268
268,11,4,195.5311002132893,-99.20783939978702,19.438889249822036
269,11,5,165.63988147511154,-99.20755360812144,19.438889576897758
270,11,6,135.7966476742287,-99.20726781645007,19.438889903523425
271,11,7,106.0419195602768,-99.20698202477296,19.438890229699034
272,11,8,76.47906830301885,-99.2066962330901,19.438890555424607
273,11,9,47.46795838212795,-99.20641044140149,19.438890880700114
274,11,10,20.86678345495791,-99.20612464970715,19.43889120552558
275,11,11,0.0,-99.2058388580071,19.43889152990099
276,11,12,0.0,-99.20555306630132,19.438891853826345
277,11,13,18.858210876503584,-99.20526727458983,19.438892177301657
278,11,14,43.29956545336799,-99.20498148287265,19.43889250032691
279,11,15,67.7409200302324,-99.20469569114978,19.43889282290212
280,11,16,92.1822746070968,-99.20440989942121,19.438893145027272
281,11,17,116.62362918396121,-99.20412410768698,19.43889346670238
282,11,18,139.3915383595667,-99.20383831594708,19.438893787927427
283,11,19,158.98298356372914,-99.20355252420151,19.438894108702428
284,11,20,178.5744287678916,-99.20326673245029,19.43889442902738
285,11,21,198.16587397205402,-99.20298094069344,19.438894748902268
286,11,22,211.69721688944546,-99.20269514893094,19.438895068327117
287,11,23,222.5559659520168,-99.20240935716281,19.438895387301912
288,11,24,233.41471501458818,-99.20212356538906,19.438895705826653
289,11,25,244.27346407715953,-99.20183777360971,19.438896023901343
290,11,26,255.03588670289028,-99.20155198182474,19.438896341525982
291,11,27,262.2342355313079,-99.20126619003418,19.43889665870057
292,11,28,269.43258435972547,-99.20098039823803,19.438896975425102
293,11,29,276.6309331881431,-99.2006946064363,19.438897291699583
294,11,30,283.8203852907268,-99.20040881462899,19.438897607524016
295,11,31,284.0059487511067,-99.20012302281613,19.43889792289839
296,11,32,284.1915122114866,-99.1998372309977,19.438898237822723
297,11,33,284.37707567186646,-99.19955143917373,19.438898552296997
298,11,34,284.5626391322464,-99.19926564734422,19.438898866321217
299,11,35,284.7948749031662,-99.19897985550915,19.43889917989539
300,11,36,286.9486396819473,-99.19869406366858,19.43889949301951
301,11,37,289.85673667966597,-99.1984082718225,19.438899805693577
302,11,38,292.76483367738456,-99.19812247997089,19.438900117917594
303,11,39,295.67293067510315,-99.19783668811378,19.43890042969155
304,11,40,298.58102767282173,-99.1975508962512,19.438900741015463
305,11,41,301.4891246705403,-99.1972651043831,19.43890105188932
306,11,42,304.3972216682589,-99.19697931250955,19.438901362313125
307,11,43,307.3053186659775,-99.19669352063052,19.438901672286875
308,11,44,310.2134156636961,-99.19640772874602,19.438901981810577
309,11,45,313.1215126614147,-99.19612193685607,19.438902290884226
310,11,46,316.02960965913326,-99.19583614496068,19.43890259950782
311,11,47,318.9476603208014,-99.19555035305986,19.438902907681367
312,11,48,321.8831459383012,-99.19526456115359,19.438903215404853
313,11,49,324.81863155580095,-99.19497876924191,19.438903522678288
314,11,50,327.75411717330076,-99.19469297732482,19.438903829501676
315,11,51,330.6896027908005,-99.19440718540231,19.438904135875006
316,11,52,333.6250884083003,-99.1941213934744,19.438904441798286
317,11,53,336.56057402580007,-99.19383560154112,19.43890474727151
318,11,54,339.49605964329976,-99.19354980960244,19.438905052294686
319,11,55,342.43154526079957,-99.1932640176584,19.43890535686781
320,11,56,345.3670308782993,-99.19297822570897,19.438905660990876
321,12,0,318.1736357357752,-99.20898291331014,19.439159052803646
322,12,1,288.51104253007605,-99.20869712119325,19.439159381684515
323,12,2,258.9262073376524,-99.20841132907059,19.439159710115327
324,12,3,229.44921013315903,-99.20812553694212,19.439160038096077
325,12,4,200.1277072651365,-99.20783974480787,19.43916036562677
326,12,5,171.0416861460088,-99.20755395266787,19.439160692707407
327,12,6,142.33558087891933,-99.20726816052209,19.439161019337984
328,12,7,114.29600504221045,-99.20698236837056,19.439161345518507
329,12,8,87.56560941990072,-99.20669657621328,19.439161671248964
330,12,9,62.37663060233492,-99.20641078405025,19.439161996529368
331,12,10,37.23614578174205,-99.2061249918815,19.439162321359717
332,12,11,12.095660961149193,-99.20583919970703,19.439162645740012
333,12,12,0.0,-99.20555340752684,19.439162969670235
334,12,13,1.4622289712477232,-99.20526761534093,19.43916329315041
335,12,14,25.903583548112135,-99.20498182314934,19.43916361618053
336,12,15,50.34493812497654,-99.20469603095205,19.43916393876058
337,12,16,74.78629270184095,-99.20441023874908,19.439164260890585
338,12,17,97.08060207808694,-99.2041244465404,19.43916458257052
339,12,18,116.67204728224938,-99.20383865432609,19.439164903800403
340,12,19,136.26349248641182,-99.20355286210611,19.43916522458023
341,12,20,155.85493769057425,-99.20326706988048,19.439165544909994
342,12,21,172.87263923560747,-99.2029812776492,19.439165864789697
343,12,22,183.73138829817884,-99.20269548541229,19.43916618421935
344,12,23,194.59013736075016,-99.20240969316974,19.43916650319894
345,12,24,205.44888642332157,-99.20212390092158,19.43916682172847
346,12,25,216.3076354858929,-99.2018381086678,19.439167139807942
347,12,26,225.91229190169142,-99.20155231640842,19.439167457437357
348,12,27,233.110640730109,-99.20126652414345,19.439167774616713
349,12,28,240.30898955852658,-99.20098073187287,19.439168091346012
350,12,29,247.5073383869442,-99.20069493959674,19.439168407625253
351,12,30,253.82095919284663,-99.20040914731501,19.43916872345443
352,12,31,254.00652265322654,-99.20012335502773,19.43916903883355
353,12,32,254.19208611360645,-99.19983756273488,19.439169353762612
354,12,33,254.37764957398633,-99.19955177043649,19.439169668241618
355,12,34,254.56321303436624,-99.19926597813256,19.439169982270567
356,12,35,254.80476622929697,-99.19898018582309,19.43917029584945
357,12,36,257.0899228332303,-99.1986943935081,19.439170608978284
358,12,37,259.9980198309489,-99.19840860118758,19.43917092165705
359,12,38,262.90611682866745,-99.19812280886157,19.439171233885755
360,12,39,265.8142138263861,-99.19783701653004,19.439171545664408
361,12,40,268.7223108241046,-99.19755122419303,19.439171856993
362,12,41,271.63040782182327,-99.19726543185054,19.439172167871533
363,12,42,274.53850481954186,-99.19697963950256,19.439172478300005
364,12,43,277.44660181726044,-99.1966938471491,19.43917278827842
365,12,44,280.35469881497903,-99.19640805479018,19.439173097806773
366,12,45,283.2627958126977,-99.19612226242583,19.439173406885068
367,12,46,286.1708928104162,-99.19583647005602,19.43917371551331
368,12,47,289.09162367510027,-99.19555067768077,19.439174023691482
369,12,48,292.0271092926,-99.19526488530009,19.4391743314196
370,12,49,294.96259491009977,-99.194979092914,19.439174638697654
371,12,50,297.8980805275996,-99.19469330052247,19.439174945525657
372,12,51,300.8335661450993,-99.19440750812555,19.439175251903595
373,12,52,303.76905176259913,-99.19412171572323,19.439175557831476
374,12,53,306.7045373800988,-99.19383592331552,19.439175863309295
375,12,54,309.64002299759863,-99.19355013090244,19.439176168337056
376,12,55,312.5755086150984,-99.19326433848396,19.43917647291476
377,12,56,315.5109942325982,-99.19297854606013,19.4391767770424
378,12,57,318.46801254170134,-99.19269275363094,19.439177080719983
379,12,58,322.54493157141235,-99.1924069611964,19.439177383947502
380,12,59,326.7875722585166,-99.1921211687565,19.439177686724967
381,12,60,331.03021294562086,-99.19183537631129,19.439177989052368
382,12,61,335.2728536327251,-99.19154958386073,19.43917829092971
383,12,62,339.51549431982943,-99.19126379140488,19.43917859235699
384,12,63,343.7581350069336,-99.19097799894368,19.439178893334212
385,13,0,323.81036200514416,-99.20898326023446,19.439430168580543
386,13,1,294.7156421474302,-99.20869746764315,19.439430497466358
387,13,2,265.8222505939669,-99.20841167504605,19.4394308259021
388,13,3,237.20376914229536,-99.20812588244316,19.439431153887785
389,13,4,208.97317358881486,-99.20784008983449,19.439431481423405
390,13,5,181.31173835207295,-99.20755429722006,19.439431808508957
391,13,6,154.5254207200879,-99.20726850459985,19.43943213514445
392,13,7,129.0269625703048,-99.2069827119739,19.439432461329872
393,13,8,103.88647774971193,-99.20669691934219,19.439432787065233
394,13,9,78.74599292911907,-99.20641112670475,19.439433112350535
395,13,10,53.6055081085262,-99.20612533406158,19.439433437185766
396,13,11,28.46502328793334,-99.20583954141267,19.439433761570935
397,13,12,3.3245384673404774,-99.20555374875805,19.439434085506033
398,13,13,0.0,-99.20526795609774,19.439434408991065
399,13,14,8.507601642856274,-99.20498216343171,19.43943473202604
400,13,15,32.948956219720685,-99.20469637075999,19.439435054610954
401,13,16,54.76966579660721,-99.20441057808259,19.43943537674579
402,13,17,74.36111100076963,-99.20412478539951,19.43943569843057
403,13,18,93.95255620493207,-99.20383899271077,19.439436019665283
404,13,19,113.5440014090945,-99.20355320001636,19.43943634044993
405,13,20,133.13544661325696,-99.2032674073163,19.439436660784512
406,13,21,144.90681064434085,-99.20298161461061,19.439436980669026
407,13,22,155.7655597069122,-99.20269582189927,19.43943730010348
408,13,23,166.62430876948355,-99.2024100291823,19.43943761908787
409,13,24,177.48305783205493,-99.20212423645971,19.439437937622188
410,13,25,188.34180689462627,-99.20183844373152,19.43943825570645
411,13,26,196.7886971004925,-99.2015526509977,19.439438573340638
412,13,27,203.9870459289101,-99.2012668582583,19.439438890524762
413,13,28,211.1853947573277,-99.2009810655133,19.439439207258825
414,13,29,218.3837435857453,-99.20069527276274,19.439439523542823
415,13,30,223.8215330949665,-99.20040948000658,19.43943983937675
416,13,31,224.00709655534638,-99.20012368724488,19.439440154760614
417,13,32,224.1926600157263,-99.19983789447761,19.439440469694414
418,13,33,224.3782234761062,-99.1995521017048,19.439440784178142
419,13,34,224.5637869364861,-99.19926630892644,19.439441098211812
420,13,35,224.81729696627715,-99.19898051614254,19.439441411795414
421,13,36,227.23120598451325,-99.19869472335311,19.43944172492895
422,13,37,230.1393029822318,-99.19840893055819,19.439442037612423
423,13,38,233.04739997995043,-99.19812313775775,19.439442349845827
424,13,39,235.95549697766901,-99.1978373449518,19.439442661629162
425,13,40,238.8635939753876,-99.19755155214035,19.439442972962436
426,13,41,241.7716909731062,-99.19726575932344,19.43944328384564
427,13,42,244.6797879708248,-99.19697996650103,19.439443594278785
428,13,43,247.5878849685434,-99.19669417367315,19.43944390426186
429,13,44,250.49598196626198,-99.19640838083981,19.439444213794875
430,13,45,253.40407896398057,-99.19612258800102,19.439444522877817
431,13,46,256.31217596169915,-99.1958367951568,19.43944483151069
432,13,47,259.2355870293991,-99.19555100230711,19.439445139693504
433,13,48,262.17107264689884,-99.19526520945202,19.439445447426248
434,13,49,265.1065582643986,-99.1949794165915,19.439445754708927
435,13,50,268.0420438818984,-99.19469362372554,19.439446061541542
436,13,51,270.97752949939814,-99.1944078308542,19.439446367924088
437,13,52,273.91301511689795,-99.19412203797745,19.439446673856565
438,13,53,276.84850073439765,-99.19383624509531,19.43944697933898
439,13,54,279.78398635189745,-99.1935504522078,19.43944728437133
440,13,55,282.7194719693972,-99.1932646593149,19.439447588953612
441,13,56,285.654957586897,-99.19297886641664,19.439447893085823
442,13,57,288.6667931671652,-99.19269307351303,19.439448196767977
443,13,58,292.84644676157524,-99.19240728060406,19.439448500000054
444,13,59,297.0890874486795,-99.19212148768975,19.439448802782074
445,13,60,301.3317281357838,-99.19183569477009,19.439449105114015
446,13,61,305.574368822888,-99.19154990184512,19.439449406995905
447,13,62,309.8170095099923,-99.19126410891482,19.439449708427716
448,13,63,314.0596501970966,-99.19097831597921,19.439450009409466
449,13,64,317.7332860589564,-99.1906925230383,19.43945030994115
450,13,65,320.71053679810484,-99.1904067300921,19.439450610022764
451,13,66,323.68778753725326,-99.1901209371406,19.439450909654315
452,13,67,326.6650382764017,-99.18983514418385,19.4394512088358
453,13,68,329.6422890155501,-99.1895493512218,19.439451507567206
454,13,69,332.6195397546985,-99.1892635582545,19.43945180584856
455,13,70,335.5967904938469,-99.18897776528193,19.43945210367984
456,13,71,338.57404123299534,-99.18869197230411,19.439452401061054
457,13,72,341.5512919721438,-99.18840617932106,19.439452697992206
458,13,73,344.33175538125147,-99.18812038633278,19.439452994473278
459,14,0,332.07203827856887,-99.20898360716457,19.43970128434934
460,14,1,303.7696459341402,-99.20869781409884,19.439701613240096
461,14,2,275.826316683928,-99.2084120210273,19.439701941680784
462,14,3,248.36327457958058,-99.20812622794998,19.4397022696714
463,14,4,221.55919151405507,-99.20784043486688,19.439702597211948
464,14,5,195.68503910322667,-99.20755464177802,19.439702924302424
465,14,6,170.5368097176818,-99.20726884868338,19.43970325094282
466,14,7,145.39632489708893,-99.206983055583,19.43970357713315
467,14,8,120.25584007649606,-99.20669726247685,19.43970390287341
468,14,9,95.11535525590321,-99.20641146936498,19.4397042281636
469,14,10,69.97487043531034,-99.20612567624737,19.439704553003715
470,14,11,44.83438561471748,-99.20583988312404,19.43970487739376
471,14,12,20.215272050395065,-99.20555408999499,19.43970520133373
472,14,13,0.326106485936826,-99.20526829686023,19.439705524823633
473,14,14,0.0,-99.20498250371978,19.439705847863465
474,14,15,12.458729515127459,-99.20469671057363,19.439706170453224
475,14,16,32.05017471928989,-99.2044109174218,19.439706492592908
476,14,17,51.641619923452325,-99.20412512426428,19.439706814282527
477,14,18,71.23306512761475,-99.20383933110111,19.43970713552207
478,14,19,90.82451033177719,-99.20355353793227,19.439707456311535
479,14,20,106.08223299050287,-99.20326774475778,19.439707776650938
480,14,21,116.94098205307422,-99.20298195157764,19.439708096540265
481,14,22,127.79973111564557,-99.20269615839187,19.439708415979517
482,14,23,138.65848017821693,-99.20241036520048,19.43970873496871
483,14,24,149.51722924078828,-99.20212457200346,19.439709053507812
484,14,25,160.37597830335966,-99.20183877880082,19.43970937159685
485,14,26,167.66510229929358,-99.20155298559258,19.439709689235823
486,14,27,174.8634511277112,-99.20126719237875,19.439710006424722
487,14,28,182.0617999561288,-99.20098139915932,19.439710323163542
488,14,29,189.26014878454637,-99.20069560593431,19.439710639452294
489,14,30,193.82210699708637,-99.20040981270373,19.439710955290973
490,14,31,194.00767045746628,-99.2001240194676,19.439711270679577
491,14,32,194.19323391784616,-99.19983822622589,19.439711585618117
492,14,33,194.37879737822604,-99.19955243297863,19.439711900106577
493,14,34,194.56436083860595,-99.19926663972585,19.439712214144965
494,14,35,194.8336858381523,-99.19898084646752,19.43971252773329
495,14,36,197.37248913579617,-99.19869505320368,19.43971284087153
496,14,37,200.2805861335148,-99.1984092599343,19.4397131535597
497,14,38,203.18868313123338,-99.19812346665942,19.439713465797805
498,14,39,206.09678012895196,-99.19783767337904,19.439713777585833
499,14,40,209.00487712667055,-99.19755188009317,19.439714088923786
500,14,41,211.91297412438914,-99.1972660868018,19.439714399811667
501,14,42,214.82107112210775,-99.19698029350498,19.439714710249472
502,14,43,217.7291681198263,-99.19669450020267,19.43971502023721
503,14,44,220.63726511754493,-99.1964087068949,19.439715329774877
504,14,45,223.54536211526352,-99.19612291358168,19.439715638862467
505,14,46,226.4534591129821,-99.19583712026301,19.439715947499987
506,14,47,229.37955038369788,-99.1955513269389,19.43971625568743
507,14,48,232.31503600119765,-99.19526553360936,19.439716563424803
508,14,49,235.25052161869743,-99.1949797402744,19.439716870712108
509,14,50,238.18600723619718,-99.19469394693402,19.43971717754933
510,14,51,241.12149285369696,-99.19440815358824,19.439717483936487
511,14,52,244.05697847119674,-99.19412236023706,19.43971778987357
512,14,53,246.99246408869652,-99.19383656688049,19.439718095360572
513,14,54,249.92794970619624,-99.19355077351854,19.43971840039751
514,14,55,252.86343532369602,-99.19326498015121,19.43971870498437
515,14,56,255.7989209411958,-99.19297918677852,19.439719009121163
516,14,57,258.911490557234,-99.19269339340046,19.439719312807874
517,14,58,263.14796195173807,-99.19240760001705,19.439719616044517
518,14,59,267.3906026388424,-99.19212180662831,19.439719918831084
519,14,60,271.63324332594664,-99.19183601323422,19.439720221167576
520,14,61,275.8758840130509,-99.19155021983481,19.439720523054003
521,14,62,280.11852470015515,-99.19126442643008,19.439720824490344
522,14,63,284.3611653872594,-99.19097863302005,19.439721125476627
523,14,64,287.88138531484566,-99.1906928396047,19.439721426012827
524,14,65,290.8586360539941,-99.19040704618406,19.439721726098956
525,14,66,293.8358867931425,-99.19012125275815,19.439722025735012
526,14,67,296.81313753229097,-99.18983545932693,19.43972232492099
527,14,68,299.7903882714393,-99.18954966589045,19.4397226236569
528,14,69,302.7676390105878,-99.18926387244872,19.439722921942728
529,14,70,305.74488974973616,-99.18897807900171,19.439723219778493
530,14,71,308.72214048888463,-99.18869228554946,19.43972351716418
531,14,72,311.699391228033,-99.188406492092,19.43972381409979
532,14,73,314.4387344030366,-99.18812069862928,19.439724110585328
533,14,74,316.96999827628406,-99.18783490516134,19.439724406620797
534,14,75,319.50126214953156,-99.18754911168817,19.43972470220618
535,14,76,322.03252602277894,-99.1872633182098,19.4397249973415
536,14,77,324.5640650304052,-99.18697752472625,19.439725292026747
537,14,78,328.49689732348713,-99.18669173123749,19.43972558626192
538,14,79,335.0799767119101,-99.18640593774356,19.439725880047014
539,14,80,344.00089274972544,-99.18612014424443,19.439726173382034
540,15,0,342.7689114710727,-99.20898395410049,19.439972400110037
541,15,1,315.42778231400877,-99.2086981605603,19.439972729005742
542,15,2,288.6153929366958,-99.20841236701433,19.43997305745136
543,15,3,262.49381749761824,-99.20812657346258,19.439973385446912
544,15,4,237.18714168565168,-99.20784077990504,19.439973712992384
545,15,5,212.0466568650588,-99.20755498634173,19.439974040087773
546,15,6,186.90617204446593,-99.20726919277266,19.43997436673309
547,15,7,161.76568722387307,-99.20698339919784,19.439974692928324
548,15,8,136.6252024032802,-99.20669760561726,19.43997501867348
549,15,9,111.48471758268735,-99.20641181203095,19.439975343968563
550,15,10,86.34423276209449,-99.2061260184389,19.43997566881356
551,15,11,62.6391108508859,-99.20584022484113,19.43997599320848
552,15,12,42.67253598596068,-99.20555443123763,19.43997631715333
553,15,13,22.801234117011553,-99.20526863762844,19.439976640648094
554,15,14,2.9299322480624315,-99.20498284401353,19.439976963692775
555,15,15,0.0,-99.20469705039295,19.439977286287395
556,15,16,9.330683641972588,-99.20441125676668,19.43997760843192
557,15,17,28.92212884613502,-99.20412546313473,19.439977930126375
558,15,18,48.51357405029746,-99.2038396694971,19.43997825137075
559,15,19,67.25765533666488,-99.20355387585383,19.439978572165042
560,15,20,78.11640439923625,-99.20326808220489,19.439978892509256
561,15,21,88.97515346180761,-99.20298228855033,19.439979212403397
562,15,22,99.83390252437894,-99.2026964948901,19.43997953184746
563,15,23,110.6926515869503,-99.20241070122427,19.43997985084144
564,15,24,121.55140064952167,-99.2021249075528,19.43998016938534
565,15,25,131.34315866967708,-99.20183911387574,19.439980487479165
566,15,26,138.5415074980947,-99.20155332019306,19.439980805122907
567,15,27,145.7398563265123,-99.20126752650478,19.43998112231657
568,15,28,152.93820515492988,-99.20098173281092,19.43998143906016
569,15,29,160.13655398334748,-99.20069593911147,19.439981755353667
570,15,30,163.82268089920626,-99.20041014540644,19.439982071197093
571,15,31,164.00824435958614,-99.20012435169586,19.439982386590444
572,15,32,164.19380781996605,-99.19983855797972,19.43998270153371
573,15,33,164.37937128034594,-99.19955276425803,19.439983016026908
574,15,34,164.56493474072585,-99.19926697053079,19.439983330070017
575,15,35,164.85603798264833,-99.19898117679803,19.439983643663048
576,15,36,167.51377228707912,-99.19869538305974,19.439983956806003
577,15,37,170.42186928479774,-99.19840958931593,19.439984269498883
578,15,38,173.32996628251635,-99.1981237955666,19.439984581741676
579,15,39,176.2380632802349,-99.19783800181179,19.43998489353439
580,15,40,179.14616027795353,-99.19755220805148,19.439985204877026
581,15,41,182.0542572756721,-99.19726641428566,19.439985515769582
582,15,42,184.9623542733907,-99.1969806205144,19.439985826212062
583,15,43,187.87045127110932,-99.19669482673764,19.43998613620446
584,15,44,190.77854826882788,-99.19640903295543,19.43998644574678
585,15,45,193.6866452665465,-99.19612323916776,19.439986754839016
586,15,46,196.59474226426508,-99.19583744537465,19.43998706348118
587,15,47,199.5235137379967,-99.19555165157611,19.439987371673258
588,15,48,202.45899935549647,-99.19526585777211,19.439987679415257
589,15,49,205.39448497299625,-99.19498006396272,19.439987986707173
590,15,50,208.32997059049603,-99.1946942701479,19.43998829354902
591,15,51,211.26545620799578,-99.19440847632768,19.43998859994078
592,15,52,214.20094182549556,-99.19412268250205,19.43998890588246
593,15,53,217.13642744299534,-99.19383688867104,19.439989211374062
594,15,54,220.0719130604951,-99.19355109483465,19.439989516415583
595,15,55,223.00739867799484,-99.19326530099288,19.43998982100703
596,15,56,225.94288429549462,-99.19297950714574,19.43999012514839
597,15,57,229.2068364547967,-99.19269371329324,19.439990428839668
598,15,58,233.44947714190099,-99.1924079194354,19.439990732080872
599,15,59,237.6921178290052,-99.19212212557221,19.439991034871994
600,15,60,241.93475851610947,-99.19183633170368,19.439991337213037
601,15,61,246.17739920321375,-99.19155053782984,19.439991639103997
602,15,62,250.42003989031798,-99.19126474395065,19.43999194054488
603,15,63,254.66268057742226,-99.19097895006617,19.439992241535677
604,15,64,258.0294845707349,-99.1906931561764,19.4399925420764
605,15,65,261.0067353098833,-99.19040736228132,19.439992842167037
606,15,66,263.9839860490317,-99.19012156838095,19.439993141807605
607,15,67,266.9612367881802,-99.18983577447528,19.439993440998077
608,15,68,269.9384875273286,-99.18954998056437,19.43999373973848
609,15,69,272.91573826647704,-99.1892641866482,19.439994038028804
610,15,70,275.89298900562545,-99.18897839272675,19.43999433586904
611,15,71,278.8702397447738,-99.18869259880006,19.439994633259193
612,15,72,281.8474904839223,-99.18840680486814,19.43999493019928
613,15,73,284.54571342482177,-99.18812101093098,19.439995226689277
614,15,74,287.07697729806927,-99.1878352169886,19.439995522729188
615,15,75,289.60824117131665,-99.187549423041,19.439995818319026
616,15,76,292.13950504456415,-99.18726362908819,19.43999611345878
617,15,77,294.6855738117004,-99.18697783513018,19.439996408148453
618,15,78,299.0116496975121,-99.18669204116699,19.43999670238805
619,15,79,306.2292374952533,-99.1864062471986,19.43999699617756
620,15,80,315.5128564749524,-99.18612045322503,19.439997289516995
621,15,81,324.9166742745068,-99.18583465924631,19.439997582406352
622,15,82,334.3204920740613,-99.18554886526242,19.43999787484562
623,15,83,343.76910842807035,-99.18526307127338,19.43999816683481
624,16,1,329.413682047535,-99.20869850702759,19.440243844763284
625,16,2,303.83800470741653,-99.20841271300718,19.44024417321385
626,16,3,278.6969888330286,-99.20812691898097,19.44024450121433
627,16,4,253.5565040124358,-99.20784112494898,19.440244828764722
628,16,5,228.41601919184293,-99.20755533091122,19.44024515586503
629,16,6,203.27553437125007,-99.2072695368677,19.440245482515255
630,16,7,178.13504955065721,-99.20698374281842,19.4402458087154
631,16,8,152.99456473006435,-99.20669794876339,19.440246134465454
632,16,9,127.98261273385691,-99.20641215470263,19.44024645976543
633,16,10,105.06502363920954,-99.20612636063613,19.44024678461531
634,16,11,85.01896548598455,-99.20584056656391,19.440247109015115
635,16,12,65.14766361703542,-99.20555477248597,19.44024743296483
636,16,13,45.276361748086295,-99.20526897840233,19.440247756464462
637,16,14,25.405059879137166,-99.204983184313,19.440248079514003
638,16,15,5.5337580101880395,-99.20469739021794,19.440248402113465
639,16,16,0.0,-99.20441159611723,19.44024872426284
640,16,17,6.202637768817711,-99.20412580201084,19.44024904596213
641,16,18,25.794082972980146,-99.20384000789876,19.440249367211337
642,16,19,39.29182674539826,-99.20355421378105,19.440249688010454
643,16,20,50.150575807969624,-99.20326841965766,19.440250008359488
644,16,21,61.009324870540986,-99.20298262552863,19.440250328258436
645,16,22,71.86807393311234,-99.20269683139398,19.440250647707295
646,16,23,82.7268229956837,-99.20241103725368,19.440250966706074
647,16,24,93.58557205825505,-99.20212524310777,19.440251285254767
648,16,25,102.2195638684782,-99.20183944895625,19.440251603353374
649,16,26,109.41791269689581,-99.20155365479913,19.44025192100189
650,16,27,116.6162615253134,-99.2012678606364,19.440252238200326
651,16,28,123.81461035373101,-99.20098206646809,19.44025255494868
652,16,29,131.01295918214862,-99.20069627229418,19.440252871246944
653,16,30,133.8232548013261,-99.20041047811472,19.44025318709512
654,16,31,134.008818261706,-99.20012468392967,19.440253502493213
655,16,32,134.19438172208592,-99.1998388897391,19.440253817441217
656,16,33,134.3799451824658,-99.19955309554295,19.440254131939138
657,16,34,134.5655086428457,-99.19926730134128,19.440254445986973
658,16,35,134.8883293001769,-99.19898150713405,19.440254759584725
659,16,36,137.65505543836207,-99.1986957129213,19.440255072732388
660,16,37,140.56315243608068,-99.19840991870305,19.440255385429964
661,16,38,143.47124943379927,-99.19812412447929,19.440255697677447
662,16,39,146.37934643151786,-99.19783833025002,19.440256009474858
663,16,40,149.28744342923645,-99.19755253601524,19.440256320822176
664,16,41,152.19554042695506,-99.197266741775,19.440256631719407
665,16,42,155.10363742467365,-99.19698094752927,19.440256942166553
666,16,43,158.01173442239224,-99.19669515327807,19.440257252163615
667,16,44,160.91983142011082,-99.19640935902142,19.440257561710585
668,16,45,163.82792841782944,-99.1961235647593,19.44025787080748
669,16,46,166.736025415548,-99.19583777049174,19.440258179454275
670,16,47,169.6674770922955,-99.19555197621874,19.44025848765099
671,16,48,172.6029627097953,-99.19526618194031,19.440258795397618
672,16,49,175.53844832729507,-99.19498038765646,19.440259102694156
673,16,50,178.47393394479485,-99.19469459336719,19.440259409540616
674,16,51,181.40941956229457,-99.19440879907252,19.440259715936982
675,16,52,184.34490517979435,-99.19412300477244,19.44026002188326
676,16,53,187.28039079729413,-99.19383721046698,19.440260327379455
677,16,54,190.2158764147939,-99.19355141615614,19.44026063242557
678,16,55,193.1513620322937,-99.19326562183991,19.440260937021588
679,16,56,196.08684764979347,-99.19297982751833,19.440261241167523
680,16,57,199.50835164495956,-99.19269403319139,19.44026154486337
681,16,58,203.75099233206382,-99.19240823885909,19.440261848109138
682,16,59,207.9936330191681,-99.19212244452146,19.440262150904807
683,16,60,212.23627370627233,-99.19183665017847,19.440262453250394
684,16,61,216.4789143933766,-99.19155085583016,19.440262755145902
685,16,62,220.72155508048087,-99.19126506147654,19.440263056591313
686,16,63,224.9641957675851,-99.19097926711761,19.44026335758664
687,16,64,228.1775838266242,-99.19069347275338,19.440263658131883
688,16,65,231.1548345657726,-99.19040767838385,19.440263958227032
689,16,66,234.13208530492102,-99.19012188400903,19.4402642578721
690,16,67,237.10933604406944,-99.18983608962894,19.440264557067074
691,16,68,240.08658678321783,-99.18955029524356,19.440264855811975
692,16,69,243.06383752236624,-99.18926450085293,19.44026515410678
693,16,70,246.04108826151466,-99.18897870645704,19.44026545195149
694,16,71,249.01833900066308,-99.1886929120559,19.44026574934612
695,16,72,251.9955897398115,-99.18840711764952,19.44026604629067
696,16,73,254.65269244660695,-99.18812132323792,19.44026634278512
697,16,74,257.18395631985436,-99.18783552882108,19.44026663882949
698,16,75,259.71522019310186,-99.18754973439903,19.44026693442377
699,16,76,262.2464840663493,-99.18726393997177,19.440267229567965
700,16,77,264.8345568773101,-99.18697814553931,19.44026752426207
701,16,78,269.63998545931156,-99.18669235110166,19.440267818506086
702,16,79,277.62100240062495,-99.18640655665882,19.440268112300018
703,16,80,287.02482020017936,-99.18612076221082,19.44026840564386
704,16,81,296.4286379997338,-99.18583496775764,19.44026869853762
705,16,82,305.83245579928825,-99.1855491732993,19.440268990981284
706,16,83,315.59073917174044,-99.1852633788358,19.44026928297487
707,16,84,327.53374478448205,-99.18497758436716,19.44026957451836
708,16,85,341.7004438014779,-99.18469178989339,19.440269865611764
709,17,1,345.34732080099855,-99.20869885350065,19.440514960512733
710,17,2,320.2068359804057,-99.20841305900579,19.440515288968232
711,17,3,295.06635115981277,-99.20812726450512,19.440515616973645
712,17,4,269.9258663392199,-99.20784146999868,19.44051594452897
713,17,5,244.78538151862708,-99.20755567548647,19.4405162716342
714,17,6,219.64489669803422,-99.2072698809685,19.44051659828933
715,17,7,194.50441187744136,-99.20698408644476,19.440516924494382
716,17,8,169.98397026279412,-99.20669829191527,19.440517250249332
717,17,9,147.49122067576002,-99.20641249738006,19.440517575554196
718,17,10,127.3653949860084,-99.2061267028391,19.440517900408967
719,17,11,107.49409311705928,-99.20584090829243,19.440518224813644
720,17,12,87.62279124811015,-99.20555511374003,19.440518548768235
721,17,13,67.75148937916103,-99.20526931918194,19.44051887227273
722,17,14,47.8801875102119,-99.20498352461814,19.44051919532713
723,17,15,28.008885641262772,-99.20469773004864,19.44051951793144
724,17,16,8.137583772313652,-99.20441193547347,19.44051984008566
725,17,17,0.0,-99.20412614089261,19.440520161789788
726,17,18,0.4672490915602805,-99.2038403463061,19.440520483043827
727,17,19,11.325998154131641,-99.2035545517139,19.440520803847768
728,17,20,22.184747216703002,-99.20326875711606,19.440521124201616
729,17,21,33.04349627927436,-99.20298296251258,19.44052144410538
730,17,22,43.90224534184572,-99.20269716790347,19.44052176355904
731,17,23,54.760994404417076,-99.20241137328871,19.44052208256262
732,17,24,65.61974346698844,-99.20212557866836,19.440522401116098
733,17,25,73.09596906727931,-99.20183978404238,19.440522719219484
734,17,26,80.29431789569692,-99.20155398941078,19.440523036872786
735,17,27,87.49266672411451,-99.2012681947736,19.440523354075992
736,17,28,94.69101555253212,-99.20098240013084,19.4405236708291
737,17,29,101.88936438094971,-99.20069660548249,19.44052398713212
738,17,30,103.82382870344598,-99.20041081082856,19.44052430298505
739,17,31,104.00939216382586,-99.20012501616907,19.440524618387883
740,17,32,104.19495562420578,-99.19983922150402,19.440524933340626
741,17,33,104.38051908458567,-99.19955342683342,19.440525247843276
742,17,34,104.56608254496558,-99.19926763215727,19.440525561895832
743,17,35,104.93907519818124,-99.19898183747561,19.44052587549829
744,17,36,107.79633858964502,-99.1986960427884,19.44052618865067
745,17,37,110.7044355873636,-99.1984102480957,19.44052650135295
746,17,38,113.6125325850822,-99.19812445339747,19.440526813605132
747,17,39,116.52062958280081,-99.19783865869374,19.440527125407225
748,17,40,119.4287265805194,-99.19755286398451,19.440527436759222
749,17,41,122.336823578238,-99.19726706926981,19.440527747661136
750,17,42,125.24492057595658,-99.19698127454963,19.44052805811295
751,17,43,128.15301757367519,-99.19669547982397,19.440528368114666
752,17,44,131.06111457139377,-99.19640968509285,19.440528677666297
753,17,45,133.96921156911236,-99.19612389035629,19.44052898676783
754,17,46,136.87730856683095,-99.19583809561426,19.440529295419275
755,17,47,139.81144044659433,-99.19555230086681,19.440529603620625
756,17,48,142.7469260640941,-99.19526650611391,19.440529911371875
757,17,49,145.6824116815939,-99.19498071135561,19.440530218673036
758,17,50,148.61789729909367,-99.19469491659187,19.440530525524107
759,17,51,151.55338291659342,-99.19440912182276,19.440530831925084
760,17,52,154.48886853409317,-99.19412332704823,19.44053113787597
761,17,53,157.42435415159295,-99.1938375322683,19.440531443376756
762,17,54,160.35983976909276,-99.19355173748299,19.440531748427453
763,17,55,163.2953253865925,-99.19326594269232,19.440532053028054
764,17,56,166.2308110040923,-99.19298014789628,19.44053235717856
765,17,57,169.80986683512242,-99.19269435309488,19.440532660878976
766,17,58,174.05250752222668,-99.19240855828812,19.4405329641293
767,17,59,178.29514820933093,-99.19212276347602,19.440533266929524
768,17,60,182.5377888964352,-99.19183696865858,19.440533569279662
769,17,61,186.78042958353947,-99.19155117383582,19.4405338711797
770,17,62,191.02307027064373,-99.19126537900775,19.440534172629647
771,17,63,195.26571095774798,-99.19097958417436,19.4405344736295
772,17,64,198.32568308251342,-99.19069378933567,19.440534774179266
773,17,65,201.30293382166184,-99.19040799449166,19.440535074278927
774,17,66,204.28018456081026,-99.1901221996424,19.440535373928498
775,17,67,207.25743529995867,-99.18983640478784,19.440535673127975
776,17,68,210.23468603910706,-99.18955060992802,19.440535971877363
777,17,69,213.21193677825548,-99.18926481506291,19.44053627017665
778,17,70,216.1891875174039,-99.18897902019258,19.44053656802585
779,17,71,219.16643825655234,-99.18869322531697,19.440536865424946
780,17,72,222.14368899570076,-99.18840743043613,19.44053716237396
781,17,73,224.7596714683921,-99.18812163555006,19.44053745887287
782,17,74,227.29093534163957,-99.18783584065878,19.440537754921692
783,17,75,229.822199214887,-99.18755004576228,19.44053805052042
784,17,76,232.35346308813448,-99.18726425086055,19.44053834566905
785,17,77,235.02148331603914,-99.18697845595364,19.44053864036759
786,17,78,240.42353641473588,-99.18669266104152,19.44053893461603
787,17,79,249.13296612585188,-99.18640686612423,19.44053922841438
788,17,80,258.5367839254064,-99.18612107120175,19.44053952176263
789,17,81,267.9406017249608,-99.18583527627412,19.440539814660795
790,17,82,277.3444195245152,-99.18554948134133,19.44054010710886
791,17,83,287.7808704422527,-99.18526368640337,19.440540399106833
792,17,84,300.8299664496231,-99.18497789146028,19.44054069065471
793,17,85,316.1953637162665,-99.18469209651204,19.44054098175249
794,17,86,333.5571125867994,-99.18440630155868,19.440541272400182
795,18,2,336.57619830718977,-99.20841340501019,19.440786404714522
796,18,3,311.4357134865969,-99.20812761003506,19.440786732724863
797,18,4,286.29522866600405,-99.20784181505415,19.440787060285114
798,18,5,261.15474384541125,-99.20755602006749,19.44078738739526
799,18,6,236.11531314232312,-99.20727022507504,19.44078771405531
800,18,7,212.15454539184535,-99.20698443007684,19.440788040265257
801,18,8,189.91751146364527,-99.2066986350729,19.44078836602511
802,18,9,169.71182448603227,-99.20641284006321,19.440788691334866
803,18,10,149.84052261708314,-99.20612704504781,19.440789016194522
804,18,11,129.969220748134,-99.20584125002665,19.440789340604077
805,18,12,110.09791887918489,-99.2055554549998,19.440789664563543
806,18,13,90.22661701023576,-99.20526965996724,19.440789988072897
807,18,14,70.35531514128664,-99.20498386492896,19.440790311132158
808,18,15,50.484013272337506,-99.20469806988501,19.44079063374132
809,18,16,31.486048285406902,-99.20441227483538,19.440790955900383
810,18,17,19.399818890837572,-99.20412647978004,19.440791277609346
811,18,18,7.4059533864428575,-99.20384068471907,19.440791598868213
812,18,19,0.0,-99.20355488965242,19.44079191967698
813,18,20,0.0,-99.20326909458012,19.440792240035652
814,18,21,5.077667688007736,-99.20298329950218,19.440792559944217
815,18,22,15.936416750579092,-99.2026975044186,19.440792879402686
816,18,23,26.795165813150458,-99.20241170932938,19.440793198411058
817,18,24,36.77402543766283,-99.20212591423454,19.44079351696933
818,18,25,43.97237426608043,-99.2018401191341,19.440793835077503
819,18,26,51.17072309449804,-99.20155432402805,19.440794152735574
820,18,27,58.36907192291563,-99.20126852891642,19.440794469943555
821,18,28,65.56742075133324,-99.20098273379917,19.440794786701428
822,18,29,72.76576957975084,-99.20069693867636,19.440795103009204
823,18,30,73.82440260556584,-99.20041114354797,19.440795418866877
824,18,31,74.00996606594573,-99.20012534841402,19.44079573427446
825,18,32,74.19552952632563,-99.1998395532745,19.440796049231935
826,18,33,74.38109298670554,-99.19955375812943,19.440796363739317
827,18,34,74.56665644708544,-99.19926796297884,19.440796677796598
828,18,35,75.03037801788093,-99.19898216782269,19.440796991403772
829,18,36,77.93762174092797,-99.19869637266102,19.440797304560853
830,18,37,80.84571873864655,-99.19841057749385,19.44079761726783
831,18,38,83.75381573636515,-99.19812478232114,19.440797929524713
832,18,39,86.66191273408374,-99.19783898714296,19.440798241331496
833,18,40,89.57000973180233,-99.19755319195927,19.440798552688175
834,18,41,92.47810672952092,-99.1972673967701,19.44079886359476
835,18,42,95.38620372723953,-99.19698160157546,19.440799174051246
836,18,43,98.29430072495812,-99.19669580637533,19.44079948405762
837,18,44,101.20239772267671,-99.19641001116975,19.440799793613905
838,18,45,104.1104947203953,-99.19612421595872,19.440800102720093
839,18,46,107.0199181833934,-99.19583842074222,19.440800411376177
840,18,47,109.95540380089315,-99.1955526255203,19.44080071958216
841,18,48,112.89088941839293,-99.19526683029295,19.440801027338043
842,18,49,115.8263750358927,-99.19498103506017,19.440801334643822
843,18,50,118.76186065339247,-99.19469523982198,19.440801641499508
844,18,51,121.69734627089223,-99.19440944457838,19.440801947905094
845,18,52,124.632831888392,-99.19412364932938,19.44080225386057
846,18,53,127.56831750589178,-99.193837854075,19.440802559365956
847,18,54,130.50380312339155,-99.19355205881524,19.44080286442124
848,18,55,133.43928874089133,-99.1932662635501,19.44080316902642
849,18,56,136.3747743583911,-99.19298046827959,19.440803473181504
850,18,57,140.11138202528525,-99.19269467300371,19.440803776886487
851,18,58,144.3540227123895,-99.19240887772249,19.44080408014137
852,18,59,148.5966633994938,-99.19212308243593,19.440804382946148
853,18,60,152.83930408659805,-99.19183728714403,19.44080468530083
854,18,61,157.08194477370228,-99.19155149184681,19.44080498720541
855,18,62,161.32458546080656,-99.19126569654426,19.440805288659888
856,18,63,165.49653159925424,-99.1909799012364,19.440805589664272
857,18,64,168.47378233840266,-99.19069410592324,19.44080589021855
858,18,65,171.4510330775511,-99.19040831060478,19.44080619032273
859,18,66,174.42828381669952,-99.19012251528105,19.440806489976804
860,18,67,177.40553455584794,-99.18983671995201,19.440806789180783
861,18,68,180.38278529499632,-99.18955092461772,19.440807087934655
862,18,69,183.36003603414474,-99.18926512927817,19.440807386238436
863,18,70,186.33728677329316,-99.18897933393335,19.440807684092107
864,18,71,189.31453751244158,-99.18869353858328,19.44080798149568
865,18,72,192.29178825159,-99.18840774322798,19.440808278449154
866,18,73,194.86665049017728,-99.18812194786744,19.440808574952527
867,18,74,197.39791436342472,-99.18783615250169,19.4408088710058
868,18,75,199.9291782366722,-99.18755035713072,19.440809166608968
869,18,76,202.46044210991963,-99.18726456175453,19.44080946176204
870,18,77,205.26288686399528,-99.18697876637314,19.44080975646501
871,18,78,211.42665859781704,-99.18669297098657,19.44081005071788
872,18,79,220.6449298510789,-99.18640717559481,19.440810344520642
873,18,80,230.04874765063335,-99.18612138019787,19.440810637873305
874,18,81,239.45256545018776,-99.18583558479577,19.440810930775875
875,18,82,248.91224319517718,-99.1855497893885,19.440811223228337
876,18,83,260.4575668588566,-99.18526399397608,19.440811515230696
877,18,84,274.8071750439141,-99.18497819855853,19.440811806782957
878,18,85,291.5472908075072,-99.18469240313581,19.44081209788512
879,18,86,310.2912536614235,-99.18440660770798,19.44081238853718
880,18,87,330.235970161216,-99.18412081227505,19.44081267873913
881,18,88,350.2192396515132,-99.18383501683698,19.44081296849099
882,19,3,327.80507581338105,-99.20812795557079,19.441057848467988
883,19,4,302.6645909927882,-99.2078421601154,19.441058176033163
884,19,5,277.9666204500378,-99.20755636465427,19.441058503148223
885,19,6,254.4102044229725,-99.20727056918734,19.44105882981319
886,19,7,232.34384464552085,-99.20698477371468,19.441059156028047
887,19,8,212.05825398605614,-99.20669897823626,19.441059481792795
888,19,9,192.18695211710704,-99.2064131827521,19.441059807107436
889,19,10,172.31565024815788,-99.20612738726221,19.44106013197198
890,19,11,152.44434837920875,-99.2058415917666,19.441060456386413
891,19,12,132.57304651025962,-99.20555579626527,19.441060780350746
892,19,13,112.70174464131048,-99.20527000075825,19.441061103864968
893,19,14,92.83044277236138,-99.20498420524551,19.44106142692909
894,19,15,73.11428383206416,-99.20469840972707,19.441061749543096
895,19,16,58.89181506374301,-99.20441261420297,19.44106207170701
896,19,17,46.897949559348305,-99.20412681867316,19.44106239342081
897,19,18,34.904084054953586,-99.2038410231377,19.441062714684506
898,19,19,22.910218550558877,-99.20355522759658,19.4410630354981
899,19,20,10.916353046164168,-99.20326943204982,19.44106335586158
900,19,21,0.0,-99.20298363649741,19.44106367577496
901,19,22,0.0,-99.20269784093935,19.44106399523824
902,19,23,0.0,-99.20241204537565,19.441064314251403
903,19,24,7.650430636463938,-99.20212624980635,19.441064632814467
904,19,25,14.848779464881538,-99.20184045423143,19.441064950927423
905,19,26,22.047128293299142,-99.20155465865092,19.44106526859027
906,19,27,29.245477121716743,-99.2012688630648,19.441065585803013
907,19,28,36.44382595013435,-99.20098306747309,19.441065902565654
908,19,29,43.6394130473058,-99.2006972718758,19.441066218878188
909,19,30,43.824976507685705,-99.20041147627293,19.441066534740617
910,19,31,44.0105399680656,-99.20012568066451,19.44106685015294
911,19,32,44.196103428445504,-99.19983988505052,19.441067165115147
912,19,33,44.3816668888254,-99.19955408943098,19.441067479627257
913,19,34,44.567230349205296,-99.19926829380591,19.441067793689257
914,19,35,45.17080789449229,-99.1989824981753,19.441068107301152
915,19,36,48.078904892210886,-99.19869670253915,19.44106842046294
916,19,37,50.98700188992949,-99.19841090689751,19.441068733174625
917,19,38,53.89509888764808,-99.19812511125035,19.441069045436198
918,19,39,56.80319588536667,-99.19783931559768,19.44106935724767
919,19,40,59.71129288308527,-99.19755351993952,19.441069668609035
920,19,41,62.61938988080386,-99.19726772427587,19.441069979520286
921,19,42,65.52748687852245,-99.19698192860675,19.44107028998144
922,19,43,68.43558387624104,-99.19669613293215,19.441070599992486
923,19,44,71.34368087395964,-99.19641033725209,19.44107090955342
924,19,45,74.25177787167823,-99.19612454156659,19.441071218664256
925,19,46,77.16388153769223,-99.19583874587562,19.44107152732498
926,19,47,80.09936715519198,-99.19555295017923,19.441071835535595
927,19,48,83.03485277269176,-99.1952671544774,19.441072143296108
928,19,49,85.97033839019153,-99.19498135877016,19.44107245060651
929,19,50,88.9058240076913,-99.1946955630575,19.441072757466813
930,19,51,91.84130962519106,-99.19440976733942,19.441073063876996
931,19,52,94.77679524269084,-99.19412397161595,19.44107336983708
932,19,53,97.71228086019062,-99.1938381758871,19.441073675347056
933,19,54,100.64776647769037,-99.19355238015285,19.44107398040693
934,19,55,103.58325209519015,-99.19326658441324,19.441074285016693
935,19,56,106.51873771268993,-99.19298078866825,19.44107458917635
936,19,57,110.41289721544813,-99.19269499291791,19.441074892885897
937,19,58,114.65553790255238,-99.1924091971622,19.441075196145338
938,19,59,118.89817858965662,-99.19212340140118,19.44107549895467
939,19,60,123.14081927676091,-99.1918376056348,19.4410758013139
940,19,61,127.38345996386515,-99.1915518098631,19.441076103223022
941,19,62,131.6261006509694,-99.19126601408608,19.441076404682025
942,19,63,135.6446308551435,-99.19098021830375,19.441076705690932
943,19,64,138.62188159429192,-99.19069442251612,19.44107700624974
944,19,65,141.59913233344034,-99.19040862672318,19.44107730635843
945,19,66,144.57638307258875,-99.19012283092496,19.44107760601701
946,19,67,147.55363381173714,-99.18983703512147,19.441077905225487
947,19,68,150.53088455088556,-99.1895512393127,19.441078203983857
948,19,69,153.50813529003398,-99.18926544349867,19.441078502292115
949,19,70,156.4853860291824,-99.18897964767937,19.441078800150272
950,19,71,159.4626367683308,-99.18869385185484,19.44107909755832
951,19,72,162.43988750747923,-99.18840805602507,19.441079394516255
952,19,73,164.97362951196243,-99.18812226019006,19.441079691024083
953,19,74,167.50489338520987,-99.18783646434981,19.44107998708181
954,19,75,170.03615725845734,-99.18755066850437,19.441080282689423
955,19,76,172.5674211317048,-99.18726487265371,19.44108057784693
956,19,77,175.58646823548614,-99.18697907679785,19.44108087255433
957,19,78,182.75307577675142,-99.18669328093681,19.441081166811625
958,19,79,192.15689357630586,-99.18640748507057,19.441081460618804
959,19,80,201.5607113758603,-99.18612168919915,19.441081753975883
960,19,81,210.96452917541478,-99.18583589332258,19.441082046882855
961,19,82,220.85655877512477,-99.18555009744084,19.44108233933972
962,19,83,233.79148589196072,-99.18526430155394,19.44108263134647
963,19,84,249.67838952771137,-99.1849785056619,19.441082922903114
964,19,85,267.9927937813483,-99.18469270976472,19.441083214009648
965,19,86,287.87706793175016,-99.18440691386242,19.441083504666075
966,19,87,307.8603374220474,-99.184121117955,19.441083794872398
967,19,88,327.84360691234457,-99.18383532204246,19.441084084628613
968,19,89,347.8268764026418,-99.18354952612482,19.441084373934714
969,20,3,344.2692740260307,-99.20812830111228,19.441328964203013
970,20,4,319.9694408354233,-99.20784250518243,19.441329291773112
971,20,5,296.7145987285707,-99.2075567092468,19.441329618893096
972,20,6,274.77020058365133,-99.20727091330541,19.441329945562973
973,20,7,254.40468348607993,-99.20698511735826,19.44133027178273
974,20,8,234.53338161713086,-99.20669932140535,19.44133059755238
975,20,9,214.66207974818175,-99.20641352544673,19.441330922871916
976,20,10,194.79077787923262,-99.20612772948236,19.441331247741346
977,20,11,174.91947601028346,-99.20584193351227,19.441331572160653
978,20,12,155.04817414133436,-99.20555613753646,19.441331896129856
979,20,13,135.17687227238522,-99.20527034155495,19.44133221964894
980,20,14,115.32573764741461,-99.20498454556773,19.44133254271792
981,20,15,98.5617813844597,-99.2046987495748,19.441332865336786
982,20,16,86.38994573225375,-99.20441295357622,19.441333187505542
983,20,17,74.39608022785903,-99.20412715757195,19.44133350922418
984,20,18,62.40221472346432,-99.203841361562,19.44133383049271
985,20,19,50.408349219069606,-99.20355556554641,19.441334151311118
986,20,20,38.41448371467489,-99.20326976952515,19.441334471679422
987,20,21,27.401940640372683,-99.20298397349826,19.441334791597612
988,20,22,20.221543538525,-99.20269817746572,19.441335111065687
989,20,23,13.041146436677323,-99.20241238142756,19.44133543008365
990,20,24,5.860749334829644,-99.20212658538377,19.441335748651507
991,20,25,0.0,-99.20184078933437,19.441336066769242
992,20,26,0.0,-99.20155499327937,19.441336384436873
993,20,27,0.12188232051784839,-99.20126919721876,19.44133670165439
994,20,28,7.3202311489354495,-99.20098340115258,19.441337018421784
995,20,29,13.639986949425664,-99.20069760508082,19.441337334739075
996,20,30,13.825550409805563,-99.20041180900347,19.441337650606254
997,20,31,14.011113870185463,-99.20012601292056,19.441337966023315
998,20,32,14.196677330565363,-99.19984021683209,19.441338280990266
999,20,33,14.382240790945263,-99.19955442073808,19.4413385955071
1000,20,34,14.567804251325162,-99.19926862463852,19.441338909573822
1001,20,35,15.31209104577524,-99.19898282853343,19.441339223190436
1002,20,36,18.220188043493835,-99.19869703242281,19.441339536356935
1003,20,37,21.12828504121243,-99.19841123630668,19.44133984907332
1004,20,38,24.036382038931023,-99.19812544018502,19.441340161339593
1005,20,39,26.944479036649618,-99.1978396440579,19.441340473155748
1006,20,40,29.85257603436821,-99.19755384792525,19.441340784521792
1007,20,41,32.7606730320868,-99.19726805178712,19.441341095437732
1008,20,42,35.668770029805394,-99.1969822556435,19.441341405903547
1009,20,43,38.57686702752399,-99.19669645949443,19.441341715919254
1010,20,44,41.484964025242576,-99.19641066333989,19.441342025484843
1011,20,45,44.39306102296118,-99.1961248671799,19.44134233460032
1012,20,46,47.30784489199104,-99.19583907101446,19.44134264326569
1013,20,47,50.24333050949081,-99.19555327484359,19.44134295148094
1014,20,48,53.178816126990576,-99.19526747866729,19.44134325924608
1015,20,49,56.11430174449035,-99.19498168248555,19.441343566561102
1016,20,50,59.04978736199011,-99.1946958862984,19.441343873426014
1017,20,51,61.98527297948989,-99.19441009010586,19.44134417984081
1018,20,52,64.92075859698966,-99.1941242939079,19.441344485805498
1019,20,53,67.85624421448942,-99.19383849770456,19.441344791320066
1020,20,54,70.79172983198919,-99.19355270149583,19.44134509638452
1021,20,55,73.72721544948897,-99.19326690528173,19.44134540099887
1022,20,56,76.66270106698873,-99.19298110906227,19.441345705163098
1023,20,57,80.71441240561097,-99.19269531283744,19.441346008877208
1024,20,58,84.95705309271524,-99.19240951660728,19.44134631214121
1025,20,59,89.1996937798195,-99.19212372037175,19.4413466149551
1026,20,60,93.44233446692375,-99.1918379241309,19.441346917318878
1027,20,61,97.684975154028,-99.19155212788472,19.441347219232537
1028,20,62,101.92761584113227,-99.19126633163322,19.441347520696084
1029,20,63,105.79273011103274,-99.1909805353764,19.441347821709513
1030,20,64,108.76998085018114,-99.19069473911428,19.44134812227283
1031,20,65,111.74723158932957,-99.19040894284687,19.441348422386035
1032,20,66,114.72448232847799,-99.19012314657418,19.441348722049124
1033,20,67,117.7017330676264,-99.1898373502962,19.441349021262095
1034,20,68,120.67898380677482,-99.18955155401294,19.44134932002496
1035,20,69,123.65623454592324,-99.18926575772443,19.441349618337707
1036,20,70,126.63348528507164,-99.18897996143065,19.441349916200338
1037,20,71,129.61073602422007,-99.18869416513162,19.441350213612857
1038,20,72,132.54934466050014,-99.18840836882738,19.441350510575262
1039,20,73,135.0806085337476,-99.18812257251787,19.44135080708755
1040,20,74,137.61187240699505,-99.18783677620317,19.441351103149724
1041,20,75,140.14313628024252,-99.18755097988323,19.441351398761785
1042,20,76,142.67440015348998,-99.1872651835581,19.441351693923732
1043,20,77,146.04233266789956,-99.18697938722775,19.441351988635564
1044,20,78,154.2650395019784,-99.18669359089222,19.441352282897277
1045,20,79,163.66885730153288,-99.1864077945515,19.441352576708884
1046,20,80,173.07267510108733,-99.1861219982056,19.441352870070368
1047,20,81,182.47649290064174,-99.18583620185456,19.44135316298174
1048,20,82,193.38545523261377,-99.18555040549832,19.441353455443
1049,20,83,208.03551047142403,-99.18526460913695,19.441353747454144
1050,20,84,225.74235964631603,-99.18497881277042,19.441354039015174
1051,20,85,245.51816570228425,-99.18469301639877,19.441354330126085
1052,20,86,265.5014351925815,-99.18440722002198,19.44135462078689
1053,20,87,285.48470468287866,-99.18412142364008,19.441354910997568
1054,20,88,305.4679741731759,-99.18383562725305,19.44135520075814
1055,20,89,325.4512436634731,-99.18354983086091,19.441355490068595
1056,20,90,345.43451315377035,-99.18326403446369,19.441355778928937
1057,21,4,339.04948618568176,-99.20784285025522,19.44160040750496
1058,21,5,317.1965701468067,-99.20755705384511,19.441600734629866
1059,21,6,296.7511129861038,-99.20727125742923,19.441601061304652
1060,21,7,276.8798111171547,-99.20698546100758,19.441601387529317
1061,21,8,257.0085092482056,-99.2066996645802,19.441601713303868
1062,21,9,237.13720737925647,-99.20641386814708,19.441602038628297
1063,21,10,217.26590551030736,-99.20612807170822,19.441602363502604
1064,21,11,197.39460364135823,-99.20584227526365,19.441602687926792
1065,21,12,177.52330177240907,-99.20555647881335,19.441603011900867
1066,21,13,157.65199990345997,-99.20527068235735,19.441603335424823
1067,21,14,139.53046983839297,-99.20498488589563,19.441603658498657
1068,21,15,125.88194190515918,-99.20469908942823,19.44160398112237
1069,21,16,113.88807640076448,-99.20441329295517,19.441604303295964
1070,21,17,101.89421089636976,-99.2041274964764,19.441604625019444
1071,21,18,89.90034539197505,-99.20384169999197,19.441604946292802
1072,21,19,77.90647988758035,-99.20355590350188,19.44160526711604
1073,21,20,65.91261438318563,-99.20327010700613,19.441605587489157
1074,21,21,56.52996661982719,-99.20298431050476,19.441605907412157
1075,21,22,49.34956951797952,-99.20269851399773,19.44160622688504
1076,21,23,42.169172416131836,-99.20241271748507,19.441606545907803
1077,21,24,34.98877531428416,-99.2021269209668,19.441606864480445
1078,21,25,27.808378212436484,-99.20184112444292,19.44160718260297
1079,21,26,20.6279811105888,-99.20155532791344,19.44160750027537
1080,21,27,16.45026350870584,-99.20126953137834,19.441607817497655
1081,21,28,13.417105781942697,-99.20098373483766,19.44160813426982
1082,21,29,10.383948055179552,-99.20069793829141,19.441608450591858
1083,21,30,7.350790328416404,-99.20041214173958,19.441608766463787
1084,21,31,4.157955420912816,-99.20012634518218,19.441609081885595
1085,21,32,0.0,-99.19984054861922,19.44160939685728
1086,21,33,0.0,-99.1995547520507,19.441609711378845
1087,21,34,0.0,-99.19926895547667,19.441610025450295
1088,21,35,0.0,-99.1989831588971,19.44161033907162
1089,21,36,0.0,-99.19869736231199,19.441610652242826
1090,21,37,0.0,-99.19841156572136,19.441610964963914
1091,21,38,0.0,-99.19812576912523,19.441611277234884
1092,21,39,0.0,-99.1978399725236,19.441611589055725
1093,21,40,0.0,-99.19755417591645,19.441611900426455
1094,21,41,2.9019561833697445,-99.19726837930384,19.44161221134706
1095,21,42,5.810053181088338,-99.19698258268575,19.441612521817547
1096,21,43,8.718150178806932,-99.19669678606218,19.44161283183792
1097,21,44,11.626247176525524,-99.19641098943315,19.441613141408165
1098,21,45,14.534344174244117,-99.19612519279868,19.44161345052829
1099,21,46,17.451808246289858,-99.19583939615875,19.441613759198294
1100,21,47,20.387293863789623,-99.19555359951337,19.44161406741818
1101,21,48,23.322779481289395,-99.19526780286259,19.44161437518795
1102,21,49,26.258265098789163,-99.19498200620636,19.441614682507595
1103,21,50,29.193750716288932,-99.19469620954473,19.44161498937712
1104,21,51,32.1292363337887,-99.19441041287769,19.44161529579653
1105,21,52,35.06472195128847,-99.19412461620524,19.44161560176581
1106,21,53,38.000207568788234,-99.19383881952741,19.44161590728498
1107,21,54,40.935693186288006,-99.1935530228442,19.441616212354024
1108,21,55,43.87117880378777,-99.19326722615561,19.441616516972946
1109,21,56,46.807423894789515,-99.19298142946165,19.441616821141746
1110,21,57,51.01592759577383,-99.19269563276234,19.44161712486043
1111,21,58,55.2585682828781,-99.19240983605768,19.44161742812899
1112,21,59,59.501208969982365,-99.19212403934766,19.441617730947435
1113,21,60,63.74384965708661,-99.19183824263231,19.44161803331575
1114,21,61,67.98649034419087,-99.19155244591164,19.44161833523395
1115,21,62,72.22913103129514,-99.19126664918565,19.441618636702028
1116,21,63,75.94082936692199,-99.19098085245436,19.441618937719984
1117,21,64,78.91808010607039,-99.19069505571774,19.44161923828782
1118,21,65,81.89533084521881,-99.19040925897583,19.44161953840554
1119,21,66,84.87258158436723,-99.19012346222866,19.441619838073134
1120,21,67,87.84983232351566,-99.18983766547619,19.441620137290606
1121,21,68,90.82708306266407,-99.18955186871844,19.441620436057963
1122,21,69,93.80433380181249,-99.18926607195544,19.441620734375196
1123,21,70,96.78158454096089,-99.18898027518718,19.441621032242306
1124,21,71,99.75883528010932,-99.18869447841367,19.441621329659295
1125,21,72,102.6563236822853,-99.18840868163493,19.441621626626166
1126,21,73,105.18758755553277,-99.18812288485094,19.441621923142915
1127,21,74,107.71885142878023,-99.18783708806173,19.441622219209545
1128,21,75,110.25011530202768,-99.18755129126731,19.441622514826044
1129,21,76,112.78137917527515,-99.18726549446767,19.441622809992424
1130,21,77,116.7309643357387,-99.18697969766284,19.441623104708693
1131,21,78,125.77700322720541,-99.18669390085282,19.441623398974833
1132,21,79,135.18082102675987,-99.18640810403761,19.441623692790856
1133,21,80,144.5846388263143,-99.18612230721723,19.441623986156753
1134,21,81,154.06949638224842,-99.18583651039168,19.441624279072528
1135,21,82,166.78803625278513,-99.18555071356096,19.441624571538185
1136,21,83,183.57311447660598,-99.18526491672509,19.441624863553724
1137,21,84,203.15926347281842,-99.18497911988408,19.44162515511913
1138,21,85,223.1425329631156,-99.18469332303793,19.441625446234422
1139,21,86,243.1258024534128,-99.18440752618665,19.441625736899596
1140,21,87,263.10907194371,-99.18412172933026,19.441626027114644
1141,21,88,283.0923414340072,-99.18383593246874,19.44162631687957
1142,21,89,303.0756109243045,-99.18355013560213,19.441626606194372
1143,21,90,323.0588804146017,-99.18326433873041,19.441626895059052
1144,21,91,342.7251558727247,-99.1829785418536,19.441627183473617
1145,22,5,339.0975424861277,-99.20755739844917,19.441871850358538
1146,22,6,319.2262406171785,-99.2072716015588,19.441872177038228
1147,22,7,299.3549387482294,-99.20698580466266,19.441872503267806
1148,22,8,279.48363687928037,-99.20670000776079,19.441872829047252
1149,22,9,259.6123350103312,-99.20641421085315,19.441873154376573
1150,22,10,239.7410331413821,-99.20612841393981,19.44187347925577
1151,22,11,219.86973127243294,-99.20584261702074,19.441873803684835
1152,22,12,199.9984294034838,-99.20555682009595,19.44187412766378
1153,22,13,181.17140855269454,-99.20527102316545,19.441874451192596
1154,22,14,165.6426221198067,-99.20498522622924,19.441874774271284
1155,22,15,153.38007257366993,-99.20469942928734,19.441875096899853
1156,22,16,141.3862070692752,-99.20441363233977,19.441875419078293
1157,22,17,129.3923415648805,-99.20412783538652,19.441875740806612
1158,22,18,117.39847606048578,-99.2038420384276,19.441876062084795
1159,22,19,105.40461055609107,-99.203556241463,19.441876382912866
1160,22,20,93.52146292143645,-99.20327044449277,19.441876703290795
1161,22,21,85.65799259928171,-99.2029846475169,19.44187702321861
1162,22,22,78.47759549743404,-99.20269885053537,19.44187734269629
1163,22,23,71.29719839558636,-99.20241305354823,19.441877661723847
1164,22,24,64.11680129373867,-99.20212725655544,19.441877980301285
1165,22,25,56.936404191891,-99.20184145955707,19.44187829842859
1166,22,26,49.758068049186335,-99.20155566255308,19.44187861610577
1167,22,27,46.29653554064607,-99.2012698655435,19.441878933332823
1168,22,28,43.26337781388292,-99.20098406852833,19.44187925010975
1169,22,29,40.23022008711977,-99.20069827150756,19.441879566436555
1170,22,30,37.197062360356625,-99.20041247448124,19.441879882313224
1171,22,31,33.8192403754577,-99.20012667744935,19.441880197739774
1172,22,32,29.323890016999584,-99.19984088041188,19.441880512716196
1173,22,33,24.82853965854147,-99.19955508336889,19.441880827242496
1174,22,34,20.333189300083347,-99.19926928632034,19.441881141318664
1175,22,35,15.837838941625234,-99.19898348926627,19.441881454944703
1176,22,36,11.342488583167118,-99.19869769220668,19.441881768120624
1177,22,37,6.847138224709002,-99.19841189514155,19.44188208084641
1178,22,38,2.3517878662508864,-99.19812609807092,19.441882393122075
1179,22,39,0.0,-99.19784030099478,19.44188270494761
1180,22,40,0.0,-99.19755450391315,19.44188301632302
1181,22,41,0.0,-99.19726870682604,19.4418833272483
1182,22,42,0.0,-99.19698290973345,19.441883637723457
1183,22,43,0.0,-99.19669711263539,19.441883947748487
1184,22,44,0.0,-99.19641131553188,19.441884257323387
1185,22,45,0.0,-99.19612551842289,19.44188456644816
1186,22,46,0.0,-99.19583972130846,19.441884875122806
1187,22,47,0.0,-99.19555392418859,19.441885183347328
1188,22,48,0.0,-99.1952681270633,19.441885491121727
1189,22,49,0.0,-99.19498232993259,19.441885798445988
1190,22,50,0.0,-99.19469653279646,19.44188610532013
1191,22,51,2.273199688087516,-99.19441073565491,19.441886411744143
1192,22,52,5.208685305587284,-99.19412493850798,19.44188671771803
1193,22,53,8.144170923087053,-99.19383914135564,19.441887023241783
1194,22,54,11.079656540586821,-99.19355334419794,19.441887328315413
1195,22,55,14.015142158086588,-99.19326754703485,19.441887632938922
1196,22,56,17.074802098832436,-99.19298174986639,19.441887937112295
1197,22,57,21.317442785936695,-99.19269595269259,19.441888240835546
1198,22,58,25.560083473040958,-99.19241015551343,19.441888544108668
1199,22,59,29.802724160145218,-99.19212435832891,19.441888846931658
1200,22,60,34.04536484724947,-99.19183856113906,19.44188914930453
1201,22,61,38.28800553435373,-99.1915527639439,19.44188945122727
1202,22,62,42.53064622145799,-99.19126696674341,19.441889752699883
1203,22,63,46.08892862281123,-99.19098116953761,19.441890053722368
1204,22,64,49.066179361959655,-99.1906953723265,19.44189035429472
1205,22,65,52.04343010110807,-99.19040957511011,19.441890654416948
1206,22,66,55.02068084025648,-99.19012377788842,19.441890954089047
1207,22,67,57.997931579404906,-99.18983798066145,19.441891253311024
1208,22,68,60.97518231855331,-99.18955218342921,19.44189155208287
1209,22,69,63.952433057701725,-99.1892663861917,19.441891850404588
1210,22,70,66.92968379685014,-99.18898058894895,19.441892148276178
1211,22,71,69.90693453599857,-99.18869479170094,19.44189244569764
1212,22,72,72.76330270407048,-99.18840899444768,19.441892742668973
1213,22,73,75.29456657731794,-99.18812319718921,19.441893039190177
1214,22,74,77.82583045056539,-99.1878373999255,19.441893335261256
1215,22,75,80.35709432381286,-99.18755160265658,19.441893630882205
1216,22,76,82.88835819706031,-99.18726580538247,19.44189392605303
1217,22,77,87.88514915287794,-99.18698000810313,19.441894220773726
1218,22,78,97.28896695243239,-99.18669421081862,19.441894515044293
1219,22,79,106.69278475198686,-99.1864084135289,19.441894808864728
1220,22,80,116.09660255154128,-99.18612261623402,19.44189510223504
1221,22,81,126.32388711963691,-99.18583681893396,19.44189539515522
1222,22,82,141.55763412333326,-99.18555102162874,19.441895687625273
1223,22,83,160.8003612433525,-99.18526522431839,19.4418959796452
1224,22,84,180.78363073364972,-99.18497942700287,19.441896271214997
1225,22,85,200.76690022394698,-99.18469362968223,19.441896562334666
1226,22,86,220.75016971424415,-99.18440783235646,19.441896853004206
1227,22,87,240.73343920454136,-99.18412203502555,19.441897143223613
1228,22,88,260.71670869483853,-99.18383623768953,19.441897432992896
1229,22,89,280.6999781851358,-99.18355044034843,19.44189772231205
1230,22,90,300.4318455769619,-99.18326464300222,19.44189801118108
1231,22,91,319.8995200648652,-99.18297884565091,19.44189829959998
1232,22,92,339.3671945527685,-99.18269304829452,19.441898587568748
1233,23,6,341.70136824825323,-99.20727194569412,19.44214329276372
1234,23,7,321.8300663793041,-99.2069861483235,19.442143618998198
1235,23,8,301.958764510355,-99.2067003509471,19.442143944782536
1236,23,9,282.0874626414059,-99.20641455356497,19.442144270116753
1237,23,10,262.21616077245676,-99.20612875617712,19.44214459500083
1238,23,11,242.34485890350763,-99.20584295878355,19.442144919434778
1239,23,12,223.10850844513308,-99.20555716138425,19.442145243418594
1240,23,13,206.37782227354214,-99.20527136397925,19.442145566952277
1241,23,14,192.87206874657537,-99.20498556656854,19.44214589003582
1242,23,15,180.87820324218066,-99.20469976915214,19.44214621266924
1243,23,16,168.88433773778593,-99.20441397173006,19.44214653485253
1244,23,17,156.89047223339122,-99.20412817430231,19.442146856585676
1245,23,18,144.89660672899652,-99.20384237686888,19.4421471778687
1246,23,19,132.9027412246018,-99.20355657942979,19.442147498701583
1247,23,20,122.03538320573776,-99.20327078198504,19.44214781908434
1248,23,21,114.78601857873625,-99.20298498453467,19.44214813901696
1249,23,22,107.60562147688856,-99.20269918707864,19.44214845849945
1250,23,23,100.42522437504088,-99.20241338961698,19.442148777531806
1251,23,24,93.2448272731932,-99.20212759214972,19.442149096114026
1252,23,25,86.0644301713455,-99.20184179467682,19.442149414246117
1253,23,26,79.25249203651383,-99.20155599719833,19.442149731928072
1254,23,27,76.14280757258628,-99.20127019971424,19.442150049159896
1255,23,28,73.10964984582314,-99.20098440222458,19.44215036594159
1256,23,29,70.07649211905999,-99.20069860472931,19.442150682273144
1257,23,30,67.04333439229684,-99.20041280722847,19.44215099815457
1258,23,31,63.480525330002585,-99.20012700972207,19.44215131358586
1259,23,32,58.98517497154447,-99.19984121221012,19.442151628567018
1260,23,33,54.48982461308635,-99.19955541469261,19.442151943098043
1261,23,34,49.99447425462823,-99.19926961716956,19.442152257178932
1262,23,35,45.49912389617012,-99.19898381964097,19.442152570809693
1263,23,36,41.00377353771199,-99.19869802210687,19.442152883990317
1264,23,37,36.50842317925388,-99.19841222456724,19.442153196720803
1265,23,38,32.01307282079576,-99.1981264270221,19.442153509001166
1266,23,39,27.517722462337648,-99.19784062947147,19.44215382083139
1267,23,40,23.24269253923032,-99.19755483191534,19.442154132211485
1268,23,41,20.680658298879536,-99.19726903435372,19.442154443141437
1269,23,42,18.118624058528752,-99.19698323678662,19.44215475362126
1270,23,43,15.556589818177969,-99.19669743921406,19.44215506365095
1271,23,44,12.994555577827184,-99.19641164163602,19.44215537323051
1272,23,45,10.432521337476398,-99.19612584405255,19.442155682359935
1273,23,46,7.870487097125616,-99.19584004646362,19.44215599103922
1274,23,47,5.308452856774832,-99.19555424886924,19.44215629926838
1275,23,48,2.746418616424048,-99.19526845126944,19.4421566070474
1276,23,49,0.18438437607326394,-99.19498265366423,19.442156914376284
1277,23,50,0.0,-99.19469685605358,19.44215722125504
1278,23,51,0.0,-99.19441105843754,19.442157527683655
1279,23,52,0.0,-99.19412526081611,19.442157833662147
1280,23,53,0.0,-99.19383946318926,19.4421581391905
1281,23,54,0.0,-99.19355366555705,19.442158444268717
1282,23,55,0.0,-99.19326786791946,19.442158748896798
1283,23,56,0.0,-99.1929820702765,19.44215905307475
1284,23,57,0.0,-99.19269627262818,19.442159356802566
1285,23,58,0.0,-99.19241047497451,19.442159660080243
1286,23,59,0.10423935030807335,-99.19212467731549,19.442159962907795
1287,23,60,4.3468800374123315,-99.19183887965116,19.442160265285207
1288,23,61,8.589520724516591,-99.19155308198148,19.442160567212486
1289,23,62,12.832161411620849,-99.19126728430649,19.442160868689626
1290,23,63,16.237027878700484,-99.19098148662617,19.442161169716645
1291,23,64,19.214278617848898,-99.19069568894056,19.44216147029352
1292,23,65,22.191529356997314,-99.19040989124966,19.442161770420263
1293,23,66,25.168780096145735,-99.19012409355346,19.442162070096867
1294,23,67,28.146030835294148,-99.18983829585198,19.442162369323338
1295,23,68,31.123281574442565,-99.18955249814525,19.44216266809968
1296,23,69,34.10053231359098,-99.18926670043322,19.442162966425876
1297,23,70,37.0777830527394,-99.18898090271597,19.44216326430195
1298,23,71,40.05503379188781,-99.18869510499344,19.44216356172788
1299,23,72,42.870281725855634,-99.1884093072657,19.442163858703683
1300,23,73,45.401545599103095,-99.18812350953272,19.442164155229346
1301,23,74,47.932809472350556,-99.1878377117945,19.442164451304876
1302,23,75,50.46407334559801,-99.18755191405107,19.44216474693027
1303,23,76,52.99533721884547,-99.18726611630244,19.442165042105536
1304,23,77,59.39711287810493,-99.1869803185486,19.44216533683066
1305,23,78,68.80093067765938,-99.18669452078957,19.44216563110565
1306,23,79,78.20474847721381,-99.18640872302537,19.442165924930507
1307,23,80,87.60856627676826,-99.18612292525597,19.44216621830523
1308,23,81,99.89013564186344,-99.18583712748142,19.442166511229814
1309,23,82,118.44145901388666,-99.1855513297017,19.442166803704264
1310,23,83,138.42472850418386,-99.18526553191683,19.44216709572858
1311,23,84,158.40799799448106,-99.1849797341268,19.44216738730276
1312,23,85,178.39126748477827,-99.18469393633164,19.44216767842681
1313,23,86,198.37453697507547,-99.18440813853137,19.442167969100716
1314,23,87,218.35780646537268,-99.18412234072595,19.442168259324493
1315,23,88,238.34107595566988,-99.18383654291544,19.442168549098135
1316,23,89,258.13853528119904,-99.18355074509982,19.442168838421637
1317,23,90,277.60620976910235,-99.1832649472791,19.44216912729501
1318,23,91,297.07388425700566,-99.18297914945329,19.44216941571824
1319,23,92,316.54155874490897,-99.18269335162239,19.44216970369134
1320,23,93,336.0092332328123,-99.18240755378643,19.442169991214303
1321,24,7,344.3051940103789,-99.20698649199005,19.442414734720487
1322,24,8,324.43389214142974,-99.20670069413917,19.442415060509724
1323,24,9,304.56259027248063,-99.20641489628252,19.442415385848832
1324,24,10,284.69128840353153,-99.20612909842016,19.442415710737798
1325,24,11,265.20130807418104,-99.20584330055208,19.44241603517662
1326,24,12,247.68151483309046,-99.20555750267827,19.44241635916531
1327,24,13,232.72415382974785,-99.20527170479875,19.442416682703858
1328,24,14,220.37019941508612,-99.20498590691354,19.44241700579226
1329,24,15,208.3763339106914,-99.20470010902262,19.44241732843053
1330,24,16,196.38246840629668,-99.20441431112603,19.442417650618662
1331,24,17,184.38860290190195,-99.20412851322375,19.442417972356655
1332,24,18,172.39473739750724,-99.20384271531582,19.4424182936445
1333,24,19,160.40423671535208,-99.20355691740222,19.44241861448221
1334,24,20,151.09444166003843,-99.20327111948296,19.442418934869778
1335,24,21,143.91404455819077,-99.20298532155807,19.442419254807213
1336,24,22,136.73364745634308,-99.20269952362754,19.4424195742945
1337,24,23,129.55325035449542,-99.20241372569137,19.44241989333166
1338,24,24,122.37285325264773,-99.20212792774959,19.44242021191867
1339,24,25,115.19245615080004,-99.20184212980219,19.442420530055546
1340,24,26,109.0231610806067,-99.20155633184919,19.442420847742277
1341,24,27,105.98907960452651,-99.20127053389058,19.442421164978867
1342,24,28,102.95592187776336,-99.20098473592638,19.442421481765322
1343,24,29,99.92276415100022,-99.20069893795662,19.442421798101634
1344,24,30,96.88960642423707,-99.20041313998126,19.442422113987814
1345,24,31,93.14181028454746,-99.20012734200036,19.44242242942385
1346,24,32,88.64645992608935,-99.19984154401389,19.44242274440974
1347,24,33,84.15110956763124,-99.19955574602187,19.44242305894549
1348,24,34,79.65575920917311,-99.19926994802431,19.442423373031108
1349,24,35,75.16040885071499,-99.19898415002122,19.44242368666658
1350,24,36,70.66505849225688,-99.1986983520126,19.442423999851915
1351,24,37,66.16970813379875,-99.19841255399847,19.44242431258711
1352,24,38,61.674357775340646,-99.1981267559788,19.442424624872164
1353,24,39,57.179007416882534,-99.19784095795366,19.44242493670707
1354,24,40,53.13309201048648,-99.19755515992301,19.442425248091844
1355,24,41,50.57105777013569,-99.19726936188688,19.44242555902648
1356,24,42,48.009023529784905,-99.19698356384528,19.442425869510974
1357,24,43,45.44698928943413,-99.1966977657982,19.442426179545325
1358,24,44,42.884955049083345,-99.19641196774565,19.442426489129534
1359,24,45,40.32292080873256,-99.19612616968766,19.442426798263604
1360,24,46,37.76088656838177,-99.19584037162421,19.442427106947537
1361,24,47,35.198852328030995,-99.19555457355533,19.442427415181328
1362,24,48,32.636818087680204,-99.19526877548101,19.442427722964972
1363,24,49,30.074783847329424,-99.19498297740128,19.44242803029848
1364,24,50,27.512749606978637,-99.19469717931614,19.44242833718185
1365,24,51,25.023621753198707,-99.19441138122558,19.44242864361508
1366,24,52,22.55393550929271,-99.19412558312962,19.442428949598163
1367,24,53,20.08424926538672,-99.19383978502827,19.44242925513111
1368,24,54,17.614563021480727,-99.19355398692154,19.442429560213913
1369,24,55,15.144876777574735,-99.19326818880944,19.442429864846584
1370,24,56,12.67519053366874,-99.19298239069195,19.442430169029105
1371,24,57,10.205504289762745,-99.19269659256913,19.44243047276149
1372,24,58,7.735818045856751,-99.19241079444095,19.442430776043732
1373,24,59,5.266131801950758,-99.19212499630741,19.442431078875828
1374,24,60,2.7964455580447636,-99.19183919816857,19.44243138125779
1375,24,61,0.4306586847083763,-99.19155340002436,19.442431683189607
1376,24,62,0.0,-99.19126760187486,19.442431984671284
1377,24,63,0.0,-99.19098180372004,19.442432285702818
1378,24,64,0.0,-99.19069600555991,19.44243258628422
1379,24,65,0.0,-99.19041020739449,19.442432886415475
1380,24,66,0.0,-99.19012440922378,19.442433186096583
1381,24,67,0.0,-99.18983861104779,19.44243348532756
1382,24,68,1.271380830331808,-99.18955281286654,19.44243378410839
1383,24,69,4.248631569480224,-99.18926701468001,19.442434082439075
1384,24,70,7.22588230862864,-99.18898121648824,19.44243438031962
1385,24,71,10.203133047777056,-99.1886954182912,19.44243467775003
1386,24,72,12.977260747640802,-99.18840962008893,19.442434974730297
1387,24,73,15.50852462088826,-99.18812382188143,19.44243527126042
1388,24,74,18.039788494135717,-99.1878380236687,19.4424355673404
1389,24,75,20.571052367383174,-99.18755222545077,19.442435862970243
1390,24,76,23.102316240630635,-99.18726642722761,19.44243615814994
1391,24,77,30.90907660333191,-99.18698062899928,19.442436452879498
1392,24,78,40.31289440288636,-99.18669483076573,19.442436747158908
1393,24,79,49.7167122024408,-99.186409032527,19.44243704098819
1394,24,80,59.30863864989884,-99.18612323428309,19.44243733436732
1395,24,81,76.08255678442077,-99.18583743603402,19.44243762729631
1396,24,82,96.06582627471798,-99.1855516377798,19.442437919775156
1397,24,83,116.0490957650152,-99.1852658395204,19.442438211803864
1398,24,84,136.0323652553124,-99.18498004125587,19.44243850338243
1399,24,85,156.01563474560962,-99.1846942429862,19.44243879451085
1400,24,86,175.99890423590682,-99.18440844471141,19.442439085189132
1401,24,87,195.98217372620402,-99.18412264643148,19.442439375417273
1402,24,88,215.84522498543623,-99.18383684814644,19.442439665195266
1403,24,89,235.31289947333954,-99.1835510498563,19.442439954523124
1404,24,90,254.78057396124285,-99.18326525156107,19.44244024340084
1405,24,91,274.2482484491462,-99.18297945326076,19.442440531828407
1406,24,92,293.7159229370495,-99.18269365495534,19.44244081980584
1407,24,93,313.18359742495284,-99.18240785664486,19.44244110733312
1408,24,94,332.65127191285615,-99.18212205832931,19.442441394410267
1409,25,8,346.9090197725045,-99.20670103733697,19.442686176228815
1410,25,9,327.0377179035554,-99.20641523900582,19.442686501572812
1411,25,10,307.3858504679442,-99.20612944066893,19.442686826466655
1412,25,11,289.3103179177318,-99.20584364232631,19.442687150910363
1413,25,12,273.3401892137649,-99.20555784397799,19.442687474903916
1414,25,13,259.8639221307462,-99.20527204562396,19.44268779844733
1415,25,14,247.86833008359685,-99.20498624726422,19.4426881215406
1416,25,15,235.8744645792021,-99.20470044889879,19.44268844418372
1417,25,16,223.88059907480744,-99.20441465052768,19.442688766376694
1418,25,17,211.8867335704127,-99.20412885215089,19.442689088119522
1419,25,18,199.892868066018,-99.20384305376842,19.4426894094122
1420,25,19,188.35044434096872,-99.2035572553803,19.44268973025473
1421,25,20,180.22246763949298,-99.20327145698653,19.442690050647126
1422,25,21,173.0420705376453,-99.20298565858711,19.442690370589368
1423,25,22,165.8616734357976,-99.20269986018205,19.442690690081456
1424,25,23,158.6812763339499,-99.20241406177138,19.442691009123408
1425,25,24,151.50087923210225,-99.20212826335508,19.44269132771521
1426,25,25,144.32048213025456,-99.20184246493315,19.44269164585687
1427,25,26,138.8685093632299,-99.20155666650562,19.44269196354838
1428,25,27,135.83535163646673,-99.2012708680725,19.442692280789743
1429,25,28,132.8021939097036,-99.20098506963379,19.44269259758096
1430,25,29,129.76903618294043,-99.2006992711895,19.442692913922027
1431,25,30,126.73587845617729,-99.20041347273964,19.442693229812953
1432,25,31,122.80309523909234,-99.2001276742842,19.442693545253732
1433,25,32,118.30774488063423,-99.19984187582322,19.44269386024436
1434,25,33,113.81239452217609,-99.19955607735668,19.442694174784844
1435,25,34,109.31704416371798,-99.1992702788846,19.442694488875183
1436,25,35,104.82169380525987,-99.19898448040698,19.442694802515373
1437,25,36,100.32634344680174,-99.19869868192384,19.442695115705412
1438,25,37,95.83099308834363,-99.19841288343517,19.442695428445308
1439,25,38,91.33564272988552,-99.198127084941,19.442695740735054
1440,25,39,86.84029237142741,-99.19784128644135,19.442696052574657
1441,25,40,83.02349148174264,-99.19755548793617,19.442696363964107
1442,25,41,80.46145724139184,-99.19726968942553,19.44269667490342
1443,25,42,77.89942300104106,-99.1969838909094,19.44269698539258
1444,25,43,75.33738876069029,-99.19669809238778,19.44269729543159
1445,25,44,72.77535452033949,-99.19641229386072,19.442697605020456
1446,25,45,70.21332027998871,-99.19612649532822,19.44269791415918
1447,25,46,67.65128603963792,-99.19584069679024,19.442698222847753
1448,25,47,65.08925179928714,-99.19555489824684,19.442698531086172
1449,25,48,62.527217558936364,-99.19526909969801,19.44269883887445
1450,25,49,59.965183318585574,-99.19498330114375,19.44269914621258
1451,25,50,57.40314907823479,-99.19469750258408,19.442699453100563
1452,25,51,54.921793099564724,-99.194411704019,19.4426997595384
1453,25,52,52.452106855658734,-99.19412590544853,19.442700065526086
1454,25,53,49.982420611752744,-99.19384010687264,19.442700371063626
1455,25,54,47.51273436784675,-99.1935543082914,19.442700676151016
1456,25,55,45.04304812394076,-99.19326850970478,19.442700980788267
1457,25,56,42.57336188003475,-99.19298271111278,19.442701284975364
1458,25,57,40.10367563612876,-99.19269691251543,19.44270158871231
1459,25,58,37.63398939222276,-99.19241111391273,19.44270189199911
1460,25,59,35.164303148316776,-99.19212531530468,19.442702194835764
1461,25,60,32.69461690441078,-99.19183951669129,19.442702497222268
1462,25,61,30.337977007736306,-99.19155371807258,19.44270279915863
1463,25,62,27.981642836809332,-99.19126791944855,19.442703100644838
1464,25,63,25.625308665882358,-99.19098212081921,19.4427034016809
1465,25,64,23.268974494955383,-99.19069632218456,19.44270370226682
1466,25,65,20.912640324028413,-99.19041052354463,19.442704002402582
1467,25,66,18.556306153101442,-99.19012472489939,19.4427043020882
1468,25,67,16.19997198217447,-99.18983892624888,19.442704601323673
1469,25,68,13.843637811247499,-99.18955312759309,19.442704900108996
1470,25,69,11.48730364032053,-99.18926732893205,19.442705198444177
1471,25,70,9.130969469393559,-99.18898153026575,19.442705496329197
1472,25,71,6.7746352984665865,-99.1886957315942,19.442705793764073
1473,25,72,4.418301127539615,-99.18840993291741,19.442706090748807
1474,25,73,1.5605337495859704,-99.18812413423538,19.44270638728339
1475,25,74,0.0,-99.18783833554814,19.442706683367817
1476,25,75,0.0,-99.18755253685568,19.442706979002107
1477,25,76,0.0,-99.187266738158,19.442707274186247
1478,25,77,2.421040328558896,-99.18698093945514,19.442707568920234
1479,25,78,11.824858128113343,-99.18669514074706,19.442707863204078
1480,25,79,21.228675927667787,-99.18640934203383,19.442708157037767
1481,25,80,33.72365455495489,-99.18612354331539,19.44270845042131
1482,25,81,53.70692404525211,-99.1858377445918,19.442708743354704
1483,25,82,73.6901935355493,-99.18555194586304,19.442709035837947
1484,25,83,93.67346302584652,-99.18526614712913,19.442709327871047
1485,25,84,113.65673251614373,-99.18498034839007,19.442709619453996
1486,25,85,133.64000200644094,-99.18469454964588,19.442709910586796
1487,25,86,153.62327149673814,-99.18440875089655,19.442710201269445
1488,25,87,173.5519146896734,-99.18412295214212,19.44271049150195
1489,25,88,193.0195891775767,-99.18383715338257,19.442710781284305
1490,25,89,212.48726366548004,-99.1835513546179,19.44271107061651
1491,25,90,231.95493815338335,-99.18326555584815,19.442711359498567
1492,25,91,251.42261264128666,-99.1829797570733,19.442711647930476
1493,25,92,270.89028712918997,-99.18269395829337,19.442711935912236
1494,25,93,290.3579616170933,-99.18240815950837,19.442712223443845
1495,25,94,309.8256361049966,-99.18212236071831,19.4427125105253
1496,25,95,329.2933105928999,-99.18183656192318,19.44271279715662
1497,25,96,348.7609850808032,-99.181550763123,19.44271308333778
1498,26,9,349.62892948316795,-99.20641558173482,19.442957617288695
1499,26,10,331.14164237876173,-99.20612978292341,19.442957942187434
1500,26,11,314.43470912585565,-99.20584398410628,19.442958266636012
1501,26,12,299.8059126982308,-99.20555818528342,19.442958590634444
1502,26,13,287.3603262565023,-99.20527238645485,19.44295891418272
1503,26,14,275.36646075210757,-99.2049865876206,19.44295923728084
1504,26,15,263.37259524771287,-99.20470078878064,19.442959559928813
1505,26,16,251.37872974331816,-99.204414989935,19.442959882126633
1506,26,17,239.38486423892343,-99.20412919108368,19.442960203874296
1507,26,18,227.39099873452875,-99.2038433922267,19.442960525171806
1508,26,19,216.84616807923078,-99.20355759336404,19.442960846019165
1509,26,20,209.35049361894752,-99.20327179449575,19.442961166416367
1510,26,21,202.17009651709984,-99.2029859956218,19.442961486363423
1511,26,22,194.98969941525212,-99.20270019674221,19.442961805860325
1512,26,23,187.80930231340443,-99.202414397857,19.44296212490707
1513,26,24,180.62890521155674,-99.20212859896617,19.442962443503657
1514,26,25,173.4485143256722,-99.20184280006971,19.4429627616501
1515,26,26,168.7147813951701,-99.20155700116767,19.44296307934639
1516,26,27,165.68162366840693,-99.20127120226002,19.442963396592525
1517,26,28,162.6484659416438,-99.20098540334678,19.4429637133885
1518,26,29,159.61530821488068,-99.20069960442795,19.442964029734327
1519,26,30,156.58215048811752,-99.20041380550357,19.442964345630003
1520,26,31,152.46438019363723,-99.2001280065736,19.442964661075525
1521,26,32,147.9690298351791,-99.19984220763808,19.44296497607089
1522,26,33,143.47367947672097,-99.19955640869702,19.4429652906161
1523,26,34,138.97832911826285,-99.19927060975041,19.44296560471116
1524,26,35,134.48297875980475,-99.19898481079827,19.442965918356066
1525,26,36,129.98762840134663,-99.19869901184059,19.442966231550816
1526,26,37,125.49227804288851,-99.19841321287741,19.442966544295412
1527,26,38,120.99692768443039,-99.19812741390871,19.44296685658986
1528,26,39,116.50157732597228,-99.1978416149345,19.442967168434148
1529,26,40,112.91389095299878,-99.19755581595481,19.442967479828283
1530,26,41,110.35185671264799,-99.19727001696964,19.44296779077227
1531,26,42,107.78982247229719,-99.19698421797898,19.4429681012661
1532,26,43,105.22778823194642,-99.19669841898285,19.44296841130977
1533,26,44,102.66575399159564,-99.19641261998126,19.44296872090329
1534,26,45,100.10371975124485,-99.19612682097421,19.442969030046655
1535,26,46,97.54168551089407,-99.19584102196171,19.44296933873988
1536,26,47,94.97965127054327,-99.19555522294378,19.442969646982935
1537,26,48,92.4176170301925,-99.19526942392042,19.442969954775837
1538,26,49,89.8555827898417,-99.19498362489163,19.442970262118582
1539,26,50,87.29354854949094,-99.19469782585743,19.442970569011184
1540,26,51,84.81996444593074,-99.19441202681783,19.44297087545363
1541,26,52,82.35027820202474,-99.19412622777283,19.442971181445913
1542,26,53,79.88059195811874,-99.19384042872241,19.442971486988046
1543,26,54,77.41090571421275,-99.19355462966665,19.44297179208003
1544,26,55,74.94121947030675,-99.19326883060549,19.44297209672185
1545,26,56,72.47153322640077,-99.19298303153897,19.442972400913522
1546,26,57,70.00184698249477,-99.19269723246707,19.44297270465504
1547,26,58,67.53216073858877,-99.19241143338984,19.4429730079464
1548,26,59,65.06247449468279,-99.19212563430726,19.44297331078761
1549,26,60,62.60162950169121,-99.19183983521935,19.44297361317866
1550,26,61,60.245295330764236,-99.19155403612612,19.44297391511956
1551,26,62,57.888961159837265,-99.19126823702756,19.4429742166103
1552,26,63,55.53262698891029,-99.19098243792368,19.442974517650892
1553,26,64,53.17629281798332,-99.1906966388145,19.44297481824132
1554,26,65,50.81995864705635,-99.19041083970002,19.442975118381607
1555,26,66,48.46362447612938,-99.19012504058027,19.44297541807173
1556,26,67,46.107290305202405,-99.18983924145523,19.4429757173117
1557,26,68,43.750956134275434,-99.18955344232492,19.442976016101515
1558,26,69,41.39462196334846,-99.18926764318935,19.442976314441175
1559,26,70,39.038287792421485,-99.18898184404851,19.442976612330682
1560,26,71,36.68195362149452,-99.18869604490243,19.442976909770028
1561,26,72,34.325619450567544,-99.18841024575111,19.442977206759224
1562,26,73,31.409659403903934,-99.18812444659456,19.44297750329827
1563,26,74,28.404713868168333,-99.18783864743278,19.44297779938715
1564,26,75,25.39976833243273,-99.1875528482658,19.442978095025882
1565,26,76,21.072512509786613,-99.18726704909359,19.44297839021446
1566,26,77,12.799665207840562,-99.18698124991619,19.442978684952873
1567,26,78,4.526817905894509,-99.1866954507336,19.442978979241143
1568,26,79,0.0,-99.18640965154582,19.442979273079256
1569,26,80,11.348021815786222,-99.18612385235285,19.442979566467205
1570,26,81,31.331291306083433,-99.18583805315473,19.442979859405007
1571,26,82,51.31456079638063,-99.18555225395143,19.442980151892648
1572,26,83,71.29783028667785,-99.185266454743,19.44298044393014
1573,26,84,91.28109977697505,-99.18498065552942,19.44298073551747
1574,26,85,111.26436926727226,-99.1846948563107,19.442981026654646
1575,26,86,131.24763875756946,-99.18440905708684,19.442981317341673
1576,26,87,150.7262788818139,-99.18412325785786,19.442981607578538
1577,26,88,170.1939533697172,-99.18383745862378,19.44298189736525
1578,26,89,189.66162785762052,-99.18355165938459,19.4429821867018
1579,26,90,209.12930234552383,-99.1832658601403,19.44298247558821
1580,26,91,228.59697683342714,-99.18298006089093,19.44298276402445
1581,26,92,248.06465132133044,-99.18269426163647,19.442983052010543
1582,26,93,267.5323258092338,-99.18240846237694,19.44298333954647
1583,26,94,287.0000002971371,-99.18212266311232,19.44298362663225
1584,26,95,306.4676747850404,-99.18183686384268,19.442983913267874
1585,26,96,325.9353492729437,-99.18155106456797,19.44298419945334
1586,26,97,344.9584919875247,-99.18126526528822,19.44298448518865
1587,27,11,340.34969157098385,-99.20584432589195,19.44322938235356
1588,27,12,326.88271832298136,-99.20555852659456,19.443229706356863
1589,27,13,314.858456925013,-99.20527272729147,19.443230029910005
1590,27,14,302.8645914206183,-99.20498692798266,19.443230353012982
1591,27,15,290.8707259162236,-99.20470112866818,19.443230675665802
1592,27,16,278.8768604118289,-99.204415329348,19.44323099786847
1593,27,17,266.8829949074342,-99.20412953002214,19.443231319620967
1594,27,18,255.0669422185271,-99.20384373069061,19.443231640923315
1595,27,19,245.70028762264738,-99.20355793135343,19.4432319617755
1596,27,20,238.47851959840202,-99.2032721320106,19.44323228217752
1597,27,21,231.29812249655436,-99.20298633266212,19.44323260212938
1598,27,22,224.11772539470667,-99.20270053330799,19.44323292163109
1599,27,23,216.93732829285898,-99.20241473394825,19.443233240682627
1600,27,24,209.7569311910113,-99.20212893458289,19.443233559284014
1601,27,25,202.70540022355877,-99.20184313521189,19.443233877435233
1602,27,26,198.56105342711032,-99.20155733583532,19.4432341951363
1603,27,27,195.52789570034716,-99.20127153645313,19.4432345123872
1604,27,28,192.49473797358402,-99.20098573706534,19.443234829187947
1605,27,29,189.4615802468209,-99.20069993767198,19.443235145538527
1606,27,30,186.42842252005772,-99.20041413827306,19.44323546143895
1607,27,31,182.1256651481821,-99.20012833886855,19.44323577688921
1608,27,32,177.630314789724,-99.19984253945852,19.443236091889307
1609,27,33,173.13496443126587,-99.19955674004291,19.443236406439254
1610,27,34,168.63961407280775,-99.19927094062176,19.443236720539037
1611,27,35,164.14426371434962,-99.19898514119508,19.44323703418866
1612,27,36,159.6489133558915,-99.19869934176288,19.443237347388113
1613,27,37,155.1535629974334,-99.19841354232516,19.443237660137417
1614,27,38,150.65821263897527,-99.19812774288191,19.44323797243656
1615,27,39,146.16286228051717,-99.19784194343318,19.44323828428554
1616,27,40,142.80429042425493,-99.19755614397894,19.443238595684356
1617,27,41,140.24225618390415,-99.19727034451923,19.443238906633017
1618,27,42,137.68022194355336,-99.19698454505404,19.44323921713151
1619,27,43,135.11818770320258,-99.19669874558338,19.443239527179852
1620,27,44,132.5561534628518,-99.19641294610723,19.443239836778023
1621,27,45,129.99411922250098,-99.19612714662566,19.44324014592604
1622,27,46,127.43208498215023,-99.19584134713863,19.443240454623897
1623,27,47,124.87005074179943,-99.19555554764615,19.443240762871582
1624,27,48,122.30801650144866,-99.19526974814826,19.44324107066912
1625,27,49,119.74598226109786,-99.19498394864493,19.443241378016488
1626,27,50,117.18782203620273,-99.1946981491362,19.443241684913698
1627,27,51,114.71813579229675,-99.19441234962206,19.44324199136075
1628,27,52,112.24844954839075,-99.19412655010251,19.44324229735764
1629,27,53,109.77876330448474,-99.19384075057756,19.44324260290437
1630,27,54,107.30907706057874,-99.19355495104726,19.443242908000933
1631,27,55,104.83939081667276,-99.19326915151156,19.44324321264734
1632,27,56,102.36970457276676,-99.1929833519705,19.44324351684358
1633,27,57,99.90001832886077,-99.19269755242408,19.44324382058967
1634,27,58,97.43033208495478,-99.1924117528723,19.443244123885588
1635,27,59,94.96064584104879,-99.1921259533152,19.443244426731347
1636,27,60,92.50894782471912,-99.19184015375275,19.443244729126953
1637,27,61,90.15261365379214,-99.19155435418497,19.443245031072387
1638,27,62,87.79627948286517,-99.19126855461187,19.44324533256766
1639,27,63,85.43994531193822,-99.19098275503346,19.443245633612776
1640,27,64,83.08361114101125,-99.19069695544975,19.44324593420773
1641,27,65,80.72727697008428,-99.19041115586074,19.443246234352525
1642,27,66,78.37094279915729,-99.19012535626644,19.44324653404715
1643,27,67,76.01460862823032,-99.18983955666687,19.443246833291628
1644,27,68,73.65827445730335,-99.18955375706201,19.443247132085933
1645,27,69,71.30194028637638,-99.18926795745189,19.443247430430077
1646,27,70,68.94560611544941,-99.18898215783652,19.44324772832406
1647,27,71,66.58927194452244,-99.1886963582159,19.443248025767883
1648,27,72,64.23293777359547,-99.18841055859005,19.443248322761544
1649,27,73,61.258785058221896,-99.18812475895896,19.44324861930504
1650,27,74,58.253839522486295,-99.18783895932265,19.443248915398385
1651,27,75,55.248893986750694,-99.18755315968112,19.443249211041554
1652,27,76,49.90929453411596,-99.18726736003437,19.44324950623457
1653,27,77,41.6364472321699,-99.18698156038243,19.44324980097742
1654,27,78,33.36359993022385,-99.1866957607253,19.443250095270113
1655,27,79,17.87658022859137,-99.18640996106298,19.44325038911264
1656,27,80,0.0,-99.18612416139548,19.443250682505003
1657,27,81,8.955658566914758,-99.18583836172283,19.443250975447206
1658,27,82,28.938928057211967,-99.185552562045,19.44325126793925
1659,27,83,48.92219754750918,-99.18526676236202,19.44325155998113
1660,27,84,68.90546703780637,-99.18498096267389,19.443251851572843
1661,27,85,88.88873652810358,-99.18469516298063,19.4432521427144
1662,27,86,108.43296858605109,-99.18440936328224,19.443252433405796
1663,27,87,127.90064307395438,-99.18412356357874,19.443252723647028
1664,27,88,147.36831756185768,-99.18383776387012,19.443253013438095
1665,27,89,166.83599204976102,-99.18355196415638,19.443253302779
1666,27,90,186.30366653766433,-99.18326616443755,19.44325359166974
1667,27,91,205.77134102556764,-99.18298036471364,19.443253880110323
1668,27,92,225.23901551347095,-99.18269456498463,19.443254168100744
1669,27,93,244.70669000137426,-99.18240876525056,19.443254455640997
1670,27,94,264.1743644892776,-99.18212296551143,19.443254742731092
1671,27,95,283.6420389771809,-99.18183716576723,19.443255029371024
1672,27,96,303.05398565544357,-99.18155136601798,19.443255315560794
1673,27,97,320.6891486408979,-99.18126556626369,19.4432556013004
1674,27,98,338.3243116263522,-99.18097976650436,19.443255886589846
1675,28,13,342.3565875935237,-99.20527306813376,19.44350114562919
1676,28,14,330.362722089129,-99.20498726835042,19.443501468737026
1677,28,15,318.3688565847343,-99.2047014685614,19.4435017913947
1678,28,16,306.3749910803396,-99.20441566876667,19.443502113602207
1679,28,17,294.3811255759449,-99.20412986896626,19.443502435359544
1680,28,18,283.2057833800629,-99.2038440691602,19.44350275666672
1681,28,19,274.7869426797042,-99.20355826934848,19.443503077523726
1682,28,20,267.60654557785654,-99.2032724695311,19.443503397930566
1683,28,21,260.42614847600885,-99.20298666970808,19.44350371788724
1684,28,22,253.2457513741612,-99.20270086987941,19.443504037393748
1685,28,23,246.0653542723135,-99.20241507004512,19.443504356450084
1686,28,24,238.88495717046584,-99.2021292702052,19.44350467505626
1687,28,25,232.15204379415525,-99.20184347035968,19.443504993212272
1688,28,26,228.40732545905053,-99.20155767050855,19.44350531091811
1689,28,27,225.37416773228742,-99.20127187065182,19.44350562817378
1690,28,28,222.34101000552425,-99.2009860707895,19.443505944979282
1691,28,29,219.30785227876112,-99.2007002709216,19.443506261334626
1692,28,30,216.27469455199795,-99.20041447104812,19.4435065772398
1693,28,31,211.78695010272696,-99.20012867116908,19.443506892694803
1694,28,32,207.29159974426886,-99.19984287128447,19.443507207699643
1695,28,33,202.79624938581074,-99.19955707139434,19.44350752225431
1696,28,34,198.30089902735264,-99.19927127149865,19.443507836358815
1697,28,35,193.80554866889452,-99.19898547159741,19.44350815001315
1698,28,36,189.31019831043642,-99.19869967169066,19.443508463217324
1699,28,37,184.81484795197827,-99.1984138717784,19.44350877597132
1700,28,38,180.31949759352014,-99.19812807186061,19.443509088275157
1701,28,39,175.82414723506204,-99.19784227193735,19.443509400128825
1702,28,40,172.6946898955111,-99.19755647200857,19.44350971153233
1703,28,41,170.13265565516028,-99.1972706720743,19.44351002248566
1704,28,42,167.57062141480952,-99.19698487213456,19.443510332988826
1705,28,43,165.00858717445874,-99.19669907218936,19.443510643041826
1706,28,44,162.44655293410793,-99.19641327223867,19.443510952644658
1707,28,45,159.88451869375714,-99.19612747228256,19.44351126179732
1708,28,46,157.3224844534064,-99.19584167232097,19.443511570499812
1709,28,47,154.76045021305558,-99.19555587235396,19.443511878752144
1710,28,48,152.1984159727048,-99.1952700723815,19.443512186554305
1711,28,49,149.63638173235404,-99.19498427240364,19.443512493906294
1712,28,50,147.08599338256874,-99.19469847242036,19.44351280080812
1713,28,51,144.61630713866276,-99.19441267243168,19.443513107259776
1714,28,52,142.14662089475675,-99.1941268724376,19.443513413261268
1715,28,53,139.67693465085077,-99.1938410724381,19.44351371881259
1716,28,54,137.20724840694476,-99.19355527243324,19.443514023913743
1717,28,55,134.73756216303877,-99.193269472423,19.443514328564728
1718,28,56,132.2678759191328,-99.19298367240741,19.443514632765545
1719,28,57,129.79818967522678,-99.19269787238643,19.4435149365162
1720,28,58,127.3285034313208,-99.19241207236013,19.443515239816676
1721,28,59,124.85881718741481,-99.19212627232845,19.443515542666994
1722,28,60,122.41626614774705,-99.19184047229146,19.443515845067132
1723,28,61,120.05993197682008,-99.19155467224914,19.443516147017117
1724,28,62,117.7035978058931,-99.19126887220149,19.443516448516927
1725,28,63,115.34726363496613,-99.19098307214854,19.443516749566566
1726,28,64,112.99092946403916,-99.19069727209028,19.44351705016604
1727,28,65,110.63459529311218,-99.19041147202672,19.443517350315346
1728,28,66,108.27826112218521,-99.19012567195789,19.443517650014485
1729,28,67,105.92192695125824,-99.18983987188376,19.44351794926345
1730,28,68,103.56559278033127,-99.18955407180437,19.44351824806225
1731,28,69,101.2092586094043,-99.1892682717197,19.44351854641088
1732,28,70,98.85292443847733,-99.1889824716298,19.443518844309345
1733,28,71,96.49659026755037,-99.18869667153463,19.44351914175764
1734,28,72,94.11285624827545,-99.18841087143421,19.443519438755764
1735,28,73,91.10791071253985,-99.18812507132859,19.443519735303724
1736,28,74,88.10296517680425,-99.18783927121773,19.44352003140151
1737,28,75,85.09801964106865,-99.18755347110164,19.443520327049136
1738,28,76,78.7460765584453,-99.18726767098036,19.443520622246584
1739,28,77,70.47322925649924,-99.18698187085387,19.44352091699387
1740,28,78,60.24562220282692,-99.18669607072219,19.443521211290978
1741,28,79,40.16385710273328,-99.18641027058533,19.44352150513793
1742,28,80,20.08209200263964,-99.18612447044329,19.443521798534704
1743,28,81,0.00032690254599658015,-99.18583867029608,19.443522091481313
1744,28,82,6.563295318043294,-99.1855528701437,19.443522383977754
1745,28,83,26.546564808340502,-99.18526706998617,19.44352267602402
1746,28,84,46.52983429863771,-99.18498126982351,19.443522967620126
1747,28,85,66.13965829028824,-99.18469546965571,19.443523258766053
1748,28,86,85.60733277819156,-99.18440966948276,19.44352354946182
1749,28,87,105.07500726609489,-99.18412386930471,19.443523839707414
1750,28,88,124.5426817539982,-99.18383806912153,19.443524129502837
1751,28,89,144.0103562419015,-99.18355226893327,19.443524418848096
1752,28,90,163.4780307298048,-99.18326646873989,19.44352470774318
1753,28,91,182.9457052177081,-99.18298066854143,19.4435249961881
1754,28,92,202.41337970561142,-99.18269486833788,19.443525284182847
1755,28,93,221.88105419351476,-99.18240906812926,19.44352557172743
1756,28,94,241.34872868141807,-99.18212326791557,19.44352585882184
1757,28,95,260.8164031693214,-99.18183746769682,19.44352614546608
1758,28,96,278.78464230881673,-99.18155166747304,19.44352643166015
1759,28,97,296.419805294271,-99.1812658672442,19.44352671740406
1760,28,98,314.0549682797253,-99.18098006701034,19.443527002697785
1761,28,99,331.6901312651796,-99.18069426677144,19.44352728754135
1762,28,100,349.3252942506339,-99.18040846652752,19.44352757193474
1763,29,15,345.8669872532451,-99.2047018084603,19.44377290711549
1764,29,16,333.8731217488504,-99.20441600819103,19.443773229327846
1765,29,17,321.9353974666013,-99.20413020791607,19.44377355109002
1766,29,18,311.69197369698304,-99.20384440763546,19.44377387240203
1767,29,19,303.9149686591587,-99.20355860734918,19.44377419326386
1768,29,20,296.734571557311,-99.20327280705723,19.443774513675514
1769,29,21,289.5541744554634,-99.20298700675966,19.443774833637004
1770,29,22,282.3737773536157,-99.20270120645645,19.443775153148312
1771,29,23,275.193380251768,-99.20241540614761,19.443775472209445
1772,29,24,268.01298314992033,-99.20212960583315,19.44377579082041
1773,29,25,261.72440389809583,-99.20184380551306,19.4437761089812
1774,29,26,258.2535974909908,-99.20155800518738,19.44377642669182
1775,29,27,255.22043976422762,-99.2012722048561,19.443776743952263
1776,29,28,252.18728203746446,-99.20098640451923,19.443777060762528
1777,29,29,249.15412431070132,-99.20070060417677,19.44377737712263
1778,29,30,245.94358541572996,-99.20041480382875,19.443777693032548
1779,29,31,241.44823505727183,-99.20012900347515,19.443778008492295
1780,29,32,236.95288469881373,-99.199843203116,19.44377832350187
1781,29,33,232.4575343403556,-99.1995574027513,19.44377863806127
1782,29,34,227.9621839818975,-99.19927160238106,19.443778952170497
1783,29,35,223.46683362343938,-99.19898580200528,19.443779265829548
1784,29,36,218.9714832649813,-99.19870000162398,19.44377957903843
1785,29,37,214.47613290652316,-99.19841420123716,19.44377989179713
1786,29,38,209.98078254806506,-99.19812840084482,19.443780204105664
1787,29,39,205.49058378709472,-99.197842600447,19.443780515964022
1788,29,40,202.58508936676722,-99.19755680004366,19.4437808273722
1789,29,41,200.02305512641644,-99.19727099963485,19.443781138330213
1790,29,42,197.46102088606565,-99.19698519922055,19.443781448838045
1791,29,43,194.8989866457149,-99.1966993988008,19.443781758895707
1792,29,44,192.3369524053641,-99.19641359837557,19.44378206850319
1793,29,45,189.7749181650133,-99.1961277979449,19.4437823776605
1794,29,46,187.21288392466255,-99.19584199750875,19.443782686367637
1795,29,47,184.65084968431174,-99.19555619706719,19.4437829946246
1796,29,48,182.08881544396095,-99.19527039662019,19.443783302431388
1797,29,49,179.52678120361017,-99.19498459616777,19.443783609788
1798,29,50,176.98416472893476,-99.19469879570994,19.443783916694443
1799,29,51,174.51447848502877,-99.1944129952467,19.443784223150708
1800,29,52,172.04479224112276,-99.19412719477806,19.443784529156794
1801,29,53,169.57510599721678,-99.19384139430402,19.443784834712712
1802,29,54,167.1054197533108,-99.19355559382461,19.443785139818452
1803,29,55,164.6357335094048,-99.19326979333981,19.44378544447402
1804,29,56,162.1660472654988,-99.19298399284966,19.443785748679414
1805,29,57,159.69636102159282,-99.19269819235414,19.443786052434632
1806,29,58,157.2266747776868,-99.19241239185327,19.443786355739668
1807,29,59,154.75698853378083,-99.19212659134706,19.443786658594536
1808,29,60,152.32358447077496,-99.1918407908355,19.44378696099923
1809,29,61,149.967250299848,-99.19155499031862,19.443787262953748
1810,29,62,147.61091612892102,-99.19126918979643,19.44378756445809
1811,29,63,145.25458195799408,-99.19098338926892,19.443787865512256
1812,29,64,142.89824778706708,-99.19069758873611,19.44378816611625
1813,29,65,140.5419136161401,-99.19041178819799,19.44378846627007
1814,29,66,138.18557944521314,-99.1901259876546,19.44378876597371
1815,29,67,135.82924527428617,-99.18984018710593,19.443789065227172
1816,29,68,133.4729111033592,-99.18955438655198,19.443789364030472
1817,29,69,131.11657693243222,-99.18926858599276,19.443789662383587
1818,29,70,128.76024276150528,-99.1889827854283,19.44378996028653
1819,29,71,126.40390859057831,-99.18869698485858,19.4437902577393
1820,29,72,123.96198190259342,-99.18841118428362,19.44379055474189
1821,29,73,120.9570363668578,-99.18812538370344,19.4437908512943
1822,29,74,117.95209083112222,-99.18783958311802,19.443791147396546
1823,29,75,114.9471452953866,-99.18755378252739,19.44379144304861
1824,29,76,107.58285858277465,-99.18726798193156,19.4437917382505
1825,29,77,99.3100112808286,-99.18698218133049,19.443792033002214
1826,29,78,82.53289907696885,-99.18669638072427,19.443792327303754
1827,29,79,62.4511339768752,-99.18641058011285,19.44379262115512
1828,29,80,42.36936887678156,-99.18612477949625,19.443792914556305
1829,29,81,22.28760377668791,-99.18583897887449,19.443793207507316
1830,29,82,2.205838676594267,-99.18555317824756,19.443793500008155
1831,29,83,4.170932069171833,-99.18526737761549,19.443793792058816
1832,29,84,23.84634799452542,-99.18498157697826,19.443794083659302
1833,29,85,43.31402248242873,-99.1846957763359,19.44379437480961
1834,29,86,62.78169697033205,-99.18440997568841,19.443794665509746
1835,29,87,82.24937145823536,-99.18412417503579,19.443794955759703
1836,29,88,101.71704594613868,-99.18383837437807,19.443795245559485
1837,29,89,121.18472043404199,-99.18355257371523,19.443795534909096
1838,29,90,140.6523949219453,-99.18326677304732,19.44379582380852
1839,29,91,160.1200694098486,-99.1829809723743,19.443796112257775
1840,29,92,179.58774389775192,-99.1826951716962,19.443796400256854
1841,29,93,199.05541838565523,-99.18240937101302,19.44379668780576
1842,29,94,218.52309287355854,-99.18212357032479,19.443796974904487
1843,29,95,236.88013597673552,-99.18183776963149,19.44379726155304
1844,29,96,254.51529896218983,-99.18155196893314,19.44379754775141
1845,29,97,272.1504619476441,-99.18126616822974,19.443797833499612
1846,29,98,289.7856249330984,-99.18098036752131,19.443798118797638
1847,29,99,307.4207879185527,-99.18069456680789,19.443798403645477
1848,29,100,325.055950904007,-99.1804087660894,19.443798688043152
1849,29,101,342.69111388946135,-99.18012296536592,19.443798971990642
1850,30,18,340.4383309710092,-99.20384474611637,19.44404498812923
1851,30,19,333.04299463861327,-99.20355894535552,19.444045308995893
1852,30,20,325.8625975367656,-99.20327314458903,19.444045629412365
1853,30,21,318.68220043491795,-99.2029873438169,19.444045949378662
1854,30,22,311.50180333307026,-99.20270154303913,19.444046268894777
1855,30,23,304.32140623122257,-99.20241574225572,19.44404658796071
1856,30,24,297.1410091293749,-99.2021299414667,19.44404690657646
1857,30,25,291.38420642482293,-99.20184414067205,19.444047224742036
1858,30,26,288.099869522931,-99.20155833987181,19.44404754245743
1859,30,27,285.0667117961678,-99.20127253906597,19.444047859722637
1860,30,28,282.03355406940466,-99.20098673825454,19.444048176537674
1861,30,29,279.0003963426416,-99.20070093743752,19.444048492902528
1862,30,30,275.6048703702748,-99.20041513661494,19.4440488088172
1863,30,31,271.1095200118167,-99.20012933578678,19.444049124281694
1864,30,32,266.6141696533586,-99.19984353495308,19.444049439296002
1865,30,33,262.1188192949005,-99.19955773411381,19.444049753860124
1866,30,34,257.62346893644235,-99.199271933269,19.444050067974082
1867,30,35,253.12811857798422,-99.19898613241868,19.444050381637847
1868,30,36,248.63276821952613,-99.19870033156282,19.444050694851434
1869,30,37,244.137417861068,-99.19841453070143,19.444051007614842
1870,30,38,239.6420675026099,-99.19812872983455,19.444051319928064
1871,30,39,235.2219928052068,-99.19784292896215,19.44405163179111
1872,30,40,232.47548883802338,-99.19755712808426,19.44405194320398
1873,30,41,229.9134545976726,-99.19727132720088,19.44405225416666
1874,30,42,227.3514203573218,-99.19698552631203,19.44405256467916
1875,30,43,224.789386116971,-99.1966997254177,19.444052874741484
1876,30,44,222.22735187662025,-99.19641392451791,19.444053184353628
1877,30,45,219.66531763626946,-99.19612812361267,19.444053493515582
1878,30,46,217.1032833959187,-99.19584232270199,19.444053802227366
1879,30,47,214.5412491555679,-99.19555652178586,19.444054110488956
1880,30,48,211.9792149152171,-99.1952707208643,19.444054418300375
1881,30,49,209.41718067486633,-99.19498491993733,19.44405472566161
1882,30,50,206.88233607530077,-99.19469911900492,19.444055032572667
1883,30,51,204.4126498313948,-99.19441331806712,19.44405533903354
1884,30,52,201.94296358748878,-99.19412751712392,19.444055645044227
1885,30,53,199.4732773435828,-99.19384171617533,19.444055950604735
1886,30,54,197.0035910996768,-99.19355591522135,19.44405625571507
1887,30,55,194.5339048557708,-99.19327011426199,19.44405656037521
1888,30,56,192.06421861186482,-99.19298431329727,19.444056864585175
1889,30,57,189.5945323679588,-99.19269851232718,19.444057168344962
1890,30,58,187.12484612405282,-99.19241271135176,19.444057471654567
1891,30,59,184.65515988014684,-99.19212691037099,19.44405777451398
1892,30,60,182.23090279380293,-99.19184110938488,19.44405807692322
1893,30,61,179.87456862287596,-99.19155530839345,19.444058378882282
1894,30,62,177.51823445194898,-99.19126950739668,19.44405868039116
1895,30,63,175.161900281022,-99.19098370639462,19.444058981449846
1896,30,64,172.80556611009504,-99.19069790538724,19.44405928205836
1897,30,65,170.44923193916807,-99.19041210437457,19.444059582216696
1898,30,66,168.09289776824107,-99.1901263033566,19.44405988192484
1899,30,67,165.7365635973141,-99.18984050233338,19.444060181182806
1900,30,68,163.38022942638713,-99.18955470130486,19.444060479990593
1901,30,69,161.02389525546016,-99.18926890027109,19.444060778348195
1902,30,70,158.6675610845332,-99.18898309923206,19.44406107625562
1903,30,71,156.31122691360622,-99.18869729818778,19.444061373712856
1904,30,72,153.81110755691142,-99.18841149713826,19.44406167071991
1905,30,73,150.8061620211758,-99.1881256960835,19.444061967276784
1906,30,74,147.8012164854402,-99.18783989502353,19.444062263383483
1907,30,75,144.69248790905004,-99.18755409395833,19.44406255903999
1908,30,76,136.419640607104,-99.18726829288794,19.444062854246315
1909,30,77,124.9019410512044,-99.18698249181233,19.444063149002464
1910,30,78,104.82017595111074,-99.18669669073154,19.444063443308426
1911,30,79,84.73841085101711,-99.18641088964554,19.44406373716421
1912,30,80,64.65664575092347,-99.18612508855439,19.444064030569812
1913,30,81,44.574880650829826,-99.18583928745807,19.444064323525225
1914,30,82,24.493115550736178,-99.18555348635658,19.44406461603046
1915,30,83,4.411350450642537,-99.18526768524994,19.44406490808551
1916,30,84,1.0207121866658908,-99.18498188413815,19.44406519969038
1917,30,85,20.488386674569206,-99.18469608302122,19.444065490845066
1918,30,86,39.956061162472515,-99.18441028189918,19.444065781549572
1919,30,87,59.42373565037584,-99.184124480772,19.444066071803896
1920,30,88,78.89141013827914,-99.18383867963972,19.444066361608034
1921,30,89,98.35908462618247,-99.18355287850233,19.444066650961993
1922,30,90,117.82675911408579,-99.18326707735983,19.444066939865767
1923,30,91,137.29443360198908,-99.18298127621225,19.444067228319362
1924,30,92,156.76210808989242,-99.18269547505959,19.444067516322765
1925,30,93,176.22978257779573,-99.18240967390186,19.44406780387599
1926,30,94,194.97562964465433,-99.18212387273906,19.444068090979034
1927,30,95,212.61079263010862,-99.18183807157119,19.444068377631897
1928,30,96,230.24595561556293,-99.18155227039829,19.444068663834575
1929,30,97,247.88111860101725,-99.18126646922033,19.444068949587066
1930,30,98,265.5162815864715,-99.18098066803734,19.44406923488938
1931,30,99,283.1514445719259,-99.18069486684932,19.444069519741507
1932,30,100,300.78660755738014,-99.18040906565629,19.444069804143453
1933,30,101,318.42177054283445,-99.18012326445826,19.44407008809522
1934,30,102,336.0569335282887,-99.17983746325521,19.444070371596798
1935,31,21,347.81022641437244,-99.20298768087977,19.444317065112223
1936,31,22,340.62982931252475,-99.20270187962743,19.44431738463314
1937,31,23,333.44943221067706,-99.20241607836945,19.444317703703874
1938,31,24,326.3403148027969,-99.20213027710587,19.444318022324413
1939,31,25,321.1072218307057,-99.20184447583665,19.444318340494775
1940,31,26,317.94614155487125,-99.20155867456185,19.444318658214947
1941,31,27,314.91298382810805,-99.20127287328143,19.444318975484926
1942,31,28,311.8798261013449,-99.20098707199544,19.44431929230472
1943,31,29,308.8466683745818,-99.20070127070385,19.444319608674334
1944,31,30,305.26615532481975,-99.2004154694067,19.44431992459375
1945,31,31,300.7708049663616,-99.20012966810397,19.444320240062986
1946,31,32,296.2754546079035,-99.1998438667957,19.444320555082033
1947,31,33,291.78010424944534,-99.19955806548187,19.44432086965089
1948,31,34,287.2847538909872,-99.1992722641625,19.444321183769564
1949,31,35,282.78940353252915,-99.1989864628376,19.444321497438043
1950,31,36,278.294053174071,-99.19870066150717,19.444321810656337
1951,31,37,273.7987028156129,-99.19841486017121,19.444322123424456
1952,31,38,269.30335245715474,-99.19812905882975,19.444322435742375
1953,31,39,265.01394637517575,-99.19784325748279,19.44432274761011
1954,31,40,262.3658883092795,-99.19755745613033,19.44432305902765
1955,31,41,259.80385406892873,-99.1972716547724,19.44432336999501
1956,31,42,257.241819828578,-99.19698585340896,19.444323680512184
1957,31,43,254.67978558822716,-99.19670005204007,19.444323990579168
1958,31,44,252.1177513478764,-99.19641425066571,19.444324300195966
1959,31,45,249.55571710752562,-99.19612844928591,19.44432460936257
1960,31,46,246.9936828671748,-99.19584264790065,19.44432491807899
1961,31,47,244.43164862682406,-99.19555684650996,19.444325226345217
1962,31,48,241.86961438647327,-99.19527104511383,19.444325534161262
1963,31,49,239.30758014612246,-99.19498524371228,19.44432584152712
1964,31,50,236.7805074216668,-99.19469944230532,19.44432614844279
1965,31,51,234.3108211777608,-99.19441364089295,19.444326454908268
1966,31,52,231.84113493385482,-99.19412783947517,19.444326760923555
1967,31,53,229.37144868994883,-99.19384203805201,19.44432706648866
1968,31,54,226.90176244604282,-99.19355623662346,19.44432737160358
1969,31,55,224.43207620213684,-99.19327043518953,19.44432767626831
1970,31,56,221.96238995823086,-99.19298463375024,19.444327980482846
1971,31,57,219.49270371432485,-99.1926988323056,19.4443282842472
1972,31,58,217.02301747041886,-99.1924130308556,19.44432858756136
1973,31,59,214.55333122651288,-99.19212722940026,19.44432889042533
1974,31,60,212.13822111683086,-99.19184142793958,19.444329192839117
1975,31,61,209.7818869459039,-99.19155562647357,19.444329494802712
1976,31,62,207.42555277497692,-99.19126982500224,19.444329796316122
1977,31,63,205.06921860404995,-99.1909840235256,19.444330097379343
1978,31,64,202.71288443312298,-99.19069822204365,19.444330397992378
1979,31,65,200.35655026219598,-99.19041242055643,19.44433069815522
1980,31,66,198.000216091269,-99.19012661906389,19.444330997867873
1981,31,67,195.64388192034204,-99.1898408175661,19.44433129713034
1982,31,68,193.28754774941507,-99.18955501606301,19.444331595942618
1983,31,69,190.9312135784881,-99.18926921455466,19.444331894304703
1984,31,70,188.57487940756113,-99.18898341304107,19.444332192216603
1985,31,71,186.21854523663416,-99.18869761152222,19.444332489678313
1986,31,72,183.66023321122935,-99.18841180999813,19.444332786689838
1987,31,73,180.65528767549375,-99.1881260084688,19.444333083251173
1988,31,74,177.65034213975815,-99.18784020693425,19.444333379362316
1989,31,75,173.52926993337937,-99.1875544053945,19.44433367502327
1990,31,76,165.25642263143334,-99.18726860384952,19.44433397023404
1991,31,77,147.18921792534633,-99.18698280229934,19.444334264994616
1992,31,78,127.10745282525266,-99.18669700074398,19.444334559305002
1993,31,79,107.02568772515902,-99.18641119918342,19.44433485316521
1994,31,80,86.94392262506538,-99.1861253976177,19.444335146575213
1995,31,81,66.86215752497174,-99.18583959604679,19.44433543953504
1996,31,82,46.780392424878094,-99.18555379447074,19.444335732044664
1997,31,83,26.69862732478445,-99.18526799288954,19.44433602410411
1998,31,84,7.588401409310838,-99.18498219130318,19.444336315713365
1999,31,85,0.0,-99.18469638971168,19.44433660687243
2000,31,86,17.130425354613006,-99.18441058811507,19.4443368975813
2001,31,87,36.59809984251632,-99.18412478651332,19.444337187839988
2002,31,88,56.06577433041963,-99.18383898490646,19.44433747764849
2003,31,89,75.53344881832294,-99.18355318329449,19.444337767006793
2004,31,90,95.00112330622628,-99.18326738167744,19.444338055914915
2005,31,91,114.46879779412959,-99.18298158005528,19.44433834437284
2006,31,92,133.9364722820329,-99.18269577842804,19.444338632380582
2007,31,93,153.07112331257315,-99.18240997679574,19.44433891993813
2008,31,94,170.70628629802744,-99.18212417515836,19.44433920704549
2009,31,95,188.34144928348175,-99.18183837351593,19.44433949370266
2010,31,96,205.97661226893607,-99.18155257186845,19.44433977990964
2011,31,97,223.61177525439035,-99.18126677021594,19.44434006566643
2012,31,98,241.24693823984464,-99.18098096855839,19.444340350973032
2013,31,99,258.8821012252989,-99.1806951668958,19.44434063582944
2014,31,100,276.51726421075324,-99.1804093652282,19.444340920235664
2015,31,101,294.15242719620755,-99.18012356355558,19.444341204191694
2016,31,102,311.78759018166187,-99.17983776187798,19.44434148769754
2017,31,103,329.4227531671161,-99.17955196019537,19.44434177075319
2018,31,104,347.3477115272494,-99.17926615850776,19.444342053358653
2019,32,27,344.75925586004826,-99.20127320750248,19.444590091239114
2020,32,28,341.7260981332851,-99.20098740574191,19.44459040806367
2021,32,29,338.692940406522,-99.20070160397576,19.44459072443804
2022,32,30,334.9274402793646,-99.20041580220402,19.444591040362205
2023,32,31,330.4320899209065,-99.20013000042673,19.444591355836184
2024,32,32,325.93673956244834,-99.19984419864387,19.444591670859964
2025,32,33,321.44138920399024,-99.19955839685547,19.444591985433554
2026,32,34,316.94603884553214,-99.19927259506153,19.444592299556945
2027,32,35,312.45068848707405,-99.19898679326204,19.444592613230153
2028,32,36,307.9553381286159,-99.19870099145703,19.444592926453154
2029,32,37,303.45998777015774,-99.19841518964651,19.444593239225966
2030,32,38,298.96463741169964,-99.19812938783048,19.444593551548586
2031,32,39,294.8480924941457,-99.19784358600893,19.44459386342101
2032,32,40,292.2562877805357,-99.1975577841819,19.44459417484324
2033,32,41,289.6942535401849,-99.19727198234938,19.44459448581527
2034,32,42,287.1322192998341,-99.19698618051137,19.44459479633711
2035,32,43,284.5701850594833,-99.19670037866791,19.44459510640875
2036,32,44,282.00815081913254,-99.19641457681898,19.444595416030204
2037,32,45,279.44611657878175,-99.19612877496459,19.444595725201456
2038,32,46,276.88408233843097,-99.19584297310476,19.44459603392252
2039,32,47,274.3220480980802,-99.19555717123949,19.444596342193385
2040,32,48,271.7600138577294,-99.19527136936878,19.44459665001406
2041,32,49,269.1979796173786,-99.19498556749265,19.44459695738453
2042,32,50,266.6786787680328,-99.1946997656111,19.444597264304818
2043,32,51,264.2089925241268,-99.19441396372416,19.444597570774906
2044,32,52,261.73930628022083,-99.19412816183181,19.4445978767948
2045,32,53,259.26962003631485,-99.19384235993408,19.444598182364494
2046,32,54,256.79993379240886,-99.19355655803095,19.444598487483994
2047,32,55,254.33024754850285,-99.19327075612246,19.444598792153304
2048,32,56,251.86056130459684,-99.19298495420858,19.444599096372418
2049,32,57,249.39087506069086,-99.19269915228936,19.444599400141335
2050,32,58,246.92118881678488,-99.19241335036479,19.444599703460057
2051,32,59,244.45150257287887,-99.19212754843487,19.444600006328585
2052,32,60,242.04553943985874,-99.1918417464996,19.444600308746917
2053,32,61,239.6892052689318,-99.19155594455903,19.444600610715053
2054,32,62,237.33287109800483,-99.19127014261312,19.444600912232996
2055,32,63,234.97653692707786,-99.1909843406619,19.444601213300743
2056,32,64,232.6202027561509,-99.19069853870538,19.444601513918293
2057,32,65,230.26386858522392,-99.19041273674355,19.444601814085647
2058,32,66,227.90753441429695,-99.19012693477646,19.44460211380281
2059,32,67,225.55120024336998,-99.18984113280406,19.444602413069774
2060,32,68,223.194866072443,-99.18955533082641,19.444602711886542
2061,32,69,220.83853190151603,-99.1892695288435,19.444603010253118
2062,32,70,218.48219773058906,-99.18898372685531,19.444603308169498
2063,32,71,216.1258635596621,-99.1886979248619,19.44460360563568
2064,32,72,213.5093588655473,-99.18841212286321,19.44460390265167
2065,32,73,210.5044133298117,-99.18812632085933,19.44460419921746
2066,32,74,207.4994677940761,-99.1878405188502,19.44460449533306
2067,32,75,202.36605195770872,-99.18755471683585,19.444604790998458
2068,32,76,189.55825989958186,-99.1872689148163,19.444605086213663
2069,32,77,169.47649479948822,-99.18698311279155,19.444605380978675
2070,32,78,149.3947296993946,-99.18669731076162,19.444605675293488
2071,32,79,129.31296459930093,-99.18641150872648,19.444605969158108
2072,32,80,109.2311994992073,-99.18612570668618,19.444606262572528
2073,32,81,89.14943439911366,-99.1858399046407,19.44460655553675
2074,32,82,69.06766929902,-99.18555410259006,19.444606848050785
2075,32,83,49.81802079011065,-99.18526830053428,19.444607140114616
2076,32,84,30.74399813862349,-99.18498249847335,19.444607431728254
2077,32,85,11.669975487136325,-99.18469669640727,19.444607722891696
2078,32,86,0.0,-99.18441089433607,19.444608013604945
2079,32,87,13.772464034656807,-99.18412509225975,19.444608303867987
2080,32,88,33.240138522560116,-99.1838392901783,19.444608593680844
2081,32,89,52.70781301046343,-99.18355348809177,19.444608883043504
2082,32,90,72.17548749836675,-99.18326768600014,19.444609171955964
2083,32,91,91.64316198627007,-99.18298188390341,19.44460946041823
2084,32,92,111.11083647417338,-99.1826960818016,19.4446097484303
2085,32,93,128.80177996594625,-99.1824102796947,19.444610035992167
2086,32,94,146.43694295140057,-99.18212447758276,19.444610323103845
2087,32,95,164.07210593685488,-99.18183867546574,19.444610609765324
2088,32,96,181.70726892230917,-99.18155287334368,19.444610895976606
2089,32,97,199.34243190776346,-99.18126707121658,19.444611181737695
2090,32,98,216.97759489321777,-99.18098126908444,19.444611467048585
2091,32,99,234.61275787867206,-99.18069546694728,19.44461175190928
2092,32,100,252.24792086412637,-99.1804096648051,19.44461203631978
2093,32,101,269.88308384958066,-99.18012386265792,19.444612320280076
2094,32,102,287.518246835035,-99.17983806050573,19.444612603790187
2095,32,103,305.2468341330346,-99.17955225834854,19.44461288685009
2096,32,104,324.3532539039148,-99.17926645618635,19.4446131694598
2097,32,105,344.96478069986193,-99.17898065401921,19.44461345161932
2098,33,34,346.60732380007704,-99.19927292596607,19.444863415336236
2099,33,35,342.1119734416189,-99.198987123692,19.444863729014152
2100,33,36,337.6166230831608,-99.19870132141241,19.444864042241868
2101,33,37,333.12127272470264,-99.19841551912731,19.444864355019376
2102,33,38,328.6259223662445,-99.19812971683669,19.444864667346696
2103,33,39,324.71280159785516,-99.19784391454057,19.4448649792238
2104,33,40,322.14668725179183,-99.19755811223895,19.44486529065071
2105,33,41,319.58465301144105,-99.19727230993183,19.444865601627427
2106,33,42,317.0226187710903,-99.19698650761927,19.44486591215393
2107,33,43,314.46058453073954,-99.19670070530121,19.44486622223024
2108,33,44,311.8985502903887,-99.19641490297768,19.44486653185634
2109,33,45,309.3365160500379,-99.19612910064872,19.444866841032248
2110,33,46,306.77448180968713,-99.1958432983143,19.444867149757943
2111,33,47,304.21244756933635,-99.19555749597444,19.44486745803345
2112,33,48,301.65041332898556,-99.19527169362915,19.44486776585875
2113,33,49,299.0883790886348,-99.19498589127845,19.444868073233845
2114,33,50,296.57685011439884,-99.19470008892232,19.44486838015874
2115,33,51,294.1071638704928,-99.19441428656079,19.444868686633438
2116,33,52,291.6374776265868,-99.19412848419385,19.44486899265793
2117,33,53,289.16779138268083,-99.19384268182152,19.444869298232224
2118,33,54,286.69810513877485,-99.19355687944382,19.444869603356313
2119,33,55,284.22841889486887,-99.19327107706074,19.4448699080302
2120,33,56,281.7587326509629,-99.19298527467228,19.44487021225389
2121,33,57,279.28904640705684,-99.19269947227848,19.444870516027375
2122,33,58,276.81936016315086,-99.1924136698793,19.444870819350655
2123,33,59,274.3496739192449,-99.19212786747481,19.444871122223738
2124,33,60,271.9528577628867,-99.19184206506496,19.444871424646614
2125,33,61,269.59652359195974,-99.1915562626498,19.44487172661929
2126,33,62,267.24018942103277,-99.1912704602293,19.444872028141766
2127,33,63,264.8838552501058,-99.1909846578035,19.44487232921404
2128,33,64,262.5275210791788,-99.19069885537239,19.444872629836112
2129,33,65,260.17118690825185,-99.19041305293598,19.444872930007975
2130,33,66,257.8148527373249,-99.1901272504943,19.44487322972964
2131,33,67,255.4585185663979,-99.18984144804733,19.44487352900111
2132,33,68,253.10218439547094,-99.18955564559509,19.44487382782237
2133,33,69,250.74585022454394,-99.18926984313758,19.44487412619343
2134,33,70,248.38951605361697,-99.18898404067482,19.44487442411429
2135,33,71,246.03318188269,-99.18869823820681,19.444874721584945
2136,33,72,243.3584845198653,-99.18841243573355,19.444875018605398
2137,33,73,240.3535389841297,-99.18812663325507,19.444875315175647
2138,33,74,237.34859344839407,-99.18784083077136,19.444875611295696
2139,33,75,231.20283398203807,-99.18755502828243,19.444875906965542
2140,33,76,211.8455367737238,-99.1872692257883,19.44487620218519
2141,33,77,191.76377167363015,-99.18698342328896,19.444876496954627
2142,33,78,171.6820065735365,-99.18669762078443,19.444876791273867
2143,33,79,151.60024147344285,-99.18641181827472,19.444877085142906
2144,33,80,131.5184763733492,-99.18612601575983,19.444877378561735
2145,33,81,111.43671127325557,-99.18584021323976,19.444877671530367
2146,33,82,92.04764017091046,-99.18555441071454,19.444877964048793
2147,33,83,72.9736175194233,-99.18526860818417,19.444878256117015
2148,33,84,53.89959486793614,-99.18498280564864,19.44487854773504
2149,33,85,34.825572216448975,-99.18469700310798,19.44487883890286
2150,33,86,15.751549564961818,-99.18441120056221,19.444879129620475
2151,33,87,0.0,-99.18412539801129,19.444879419887894
2152,33,88,10.414502714700612,-99.18383959545527,19.4448797097051
2153,33,89,29.882177202603927,-99.18355379289414,19.444879999072107
2154,33,90,49.349851690507236,-99.18326799032792,19.444880287988912
2155,33,91,68.81752617841055,-99.18298218775661,19.444880576455514
2156,33,92,86.89727363386507,-99.1826963851802,19.444880864471916
2157,33,93,104.53243661931937,-99.18241058259873,19.444881152038114
2158,33,94,122.16759960477368,-99.1821247800122,19.444881439154106
2159,33,95,139.80276259022799,-99.1818389774206,19.444881725819894
2160,33,96,157.4379255756823,-99.18155317482396,19.444882012035478
2161,33,97,175.0730885611366,-99.18126737222227,19.444882297800863
2162,33,98,192.70825154659087,-99.18098156961554,19.44488258311604
2163,33,99,210.3434145320452,-99.18069576700378,19.44488286798102
2164,33,100,227.9785775174995,-99.18040996438702,19.44488315239579
2165,33,101,245.6137405029538,-99.18012416176525,19.44488343636036
2166,33,102,263.2505019810284,-99.17983835913847,19.444883719874728
2167,33,103,282.01104652669284,-99.1795525565067,19.444884002938892
2168,33,104,302.5407351601378,-99.17926675386994,19.44488428555285
2169,33,105,323.5289499523654,-99.1789809512282,19.44488456771661
2170,33,106,344.517164744593,-99.17869514858148,19.44488484943016
2171,34,43,344.35098400199564,-99.19670103193997,19.445137338043622
2172,34,44,341.78894976164486,-99.19641522914185,19.445137647674382
2173,34,45,339.2269155212941,-99.19612942633829,19.445137956854932
2174,34,46,336.66488128094323,-99.19584362352929,19.44513826558528
2175,34,47,334.1028470405925,-99.19555782071484,19.445138573865414
2176,34,48,331.5408128002417,-99.19527201789495,19.44513888169534
2177,34,49,328.97877855989094,-99.19498621506965,19.44513918907506
2178,34,50,326.4750214607648,-99.19470041223893,19.445139496004572
2179,34,51,324.00533521685884,-99.1944146094028,19.445139802483872
2180,34,52,321.53564897295286,-99.19412880656128,19.44514010851297
2181,34,53,319.0659627290468,-99.19384300371436,19.445140414091853
2182,34,54,316.59627648514083,-99.19355720086206,19.445140719220532
2183,34,55,314.12659024123485,-99.19327139800438,19.445141023898998
2184,34,56,311.65690399732887,-99.19298559514134,19.445141328127256
2185,34,57,309.1872177534229,-99.19269979227293,19.44514163190531
2186,34,58,306.7175315095169,-99.19241398939917,19.445141935233156
2187,34,59,304.24784526561086,-99.19212818652008,19.445142238110787
2188,34,60,301.86017608591465,-99.19184238363565,19.44514254053821
2189,34,61,299.5038419149877,-99.19155658074588,19.44514284251543
2190,34,62,297.1475077440607,-99.1912707778508,19.445143144042436
2191,34,63,294.7911735731337,-99.1909849749504,19.445143445119232
2192,34,64,292.4348394022067,-99.1906991720447,19.445143745745828
2193,34,65,290.07850523127973,-99.19041336913371,19.445144045922206
2194,34,66,287.72217106035276,-99.19012756621743,19.445144345648384
2195,34,67,285.3658368894258,-99.18984176329587,19.445144644924344
2196,34,68,283.0095027184988,-99.18955596036903,19.445144943750098
2197,34,69,280.65316854757185,-99.18927015743692,19.445145242125644
2198,34,70,278.2968343766449,-99.18898435449957,19.44514554005098
2199,34,71,275.9405002057179,-99.18869855155697,19.44514583752611
2200,34,72,273.20761017418323,-99.18841274860912,19.44514613455103
2201,34,73,270.20266463844763,-99.18812694565604,19.445146431125735
2202,34,74,267.1977191027121,-99.18784114269774,19.445146727250236
2203,34,75,254.2145787479593,-99.1875553397342,19.445147022924534
2204,34,76,234.13281364786565,-99.18726953676548,19.445147318148614
2205,34,77,214.051048547772,-99.18698373379155,19.445147612922483
2206,34,78,193.96928344767835,-99.18669793081243,19.44514790724615
2207,34,79,173.88751834758472,-99.18641212782812,19.445148201119597
2208,34,80,153.8057532474911,-99.18612632483864,19.445148494542842
2209,34,81,134.27725955171027,-99.18584052184397,19.445148787515876
2210,34,82,115.2032369002231,-99.18555471884416,19.445149080038703
2211,34,83,96.12921424873593,-99.1852689158392,19.44514937211132
2212,34,84,77.05519159724878,-99.18498311282909,19.44514966373373
2213,34,85,57.981168945761624,-99.18469730981384,19.445149954905926
2214,34,86,38.90714629427447,-99.18441150679345,19.44515024562791
2215,34,87,19.833123642787307,-99.18412570376795,19.44515053589969
2216,34,88,0.7591009913001401,-99.18383990073733,19.445150825721253
2217,34,89,7.056541394744408,-99.18355409770162,19.445151115092617
2218,34,90,26.52421588264772,-99.18326829466078,19.44515140401376
2219,34,91,44.9927673017839,-99.18298249161488,19.445151692484703
2220,34,92,62.62793028723819,-99.18269668856388,19.445151980505436
2221,34,93,80.2630932726925,-99.18241088550782,19.44515226807595
2222,34,94,97.8982562581468,-99.18212508244669,19.44515255519626
2223,34,95,115.5334192436011,-99.1818392793805,19.445152841866356
2224,34,96,133.1685822290554,-99.18155347630926,19.44515312808625
2225,34,97,150.8037452145097,-99.18126767323298,19.445153413855927
2226,34,98,168.438908199964,-99.18098187015165,19.445153699175396
2227,34,99,186.07407118541832,-99.18069606706533,19.445153984044655
2228,34,100,203.7092341708726,-99.18041026397395,19.445154268463703
2229,34,101,221.3443971563269,-99.18012446087758,19.445154552432545
2230,34,102,239.69861786857177,-99.17983865777622,19.445154835951172
2231,34,103,260.11668962041364,-99.17955285466985,19.445155119019592
2232,34,104,281.1049044126412,-99.17926705155848,19.445155401637802
2233,34,105,302.0931192048688,-99.17898124844216,19.4451556838058
2234,34,106,323.0813339970964,-99.17869544532086,19.445155965523586
2235,34,107,344.06954878932396,-99.17840964219458,19.445156246791164
2236,35,55,344.0247615876009,-99.1932717189534,19.445412139759696
2237,35,56,341.5550753436949,-99.19298591561575,19.445412443992527
2238,35,57,339.0853890997889,-99.19270011227275,19.445412747775148
2239,35,58,336.61570285588294,-99.1924143089244,19.445413051107547
2240,35,59,334.1460166119769,-99.1921285055707,19.44541335398974
2241,35,60,331.7674944089425,-99.19184270221166,19.44541365642171
2242,35,61,329.41116023801555,-99.1915568988473,19.44541395840347
2243,35,62,327.0548260670886,-99.1912710954776,19.44541425993501
2244,35,63,324.6984918961616,-99.19098529210261,19.445414561016335
2245,35,64,322.34215772523464,-99.19069948872232,19.445414861647443
2246,35,65,319.9858235543077,-99.19041368533672,19.44541516182834
2247,35,66,317.6294893833807,-99.19012788194584,19.445415461559016
2248,35,67,315.27315521245373,-99.18984207854966,19.445415760839477
2249,35,68,312.91682104152676,-99.18955627514823,19.445416059669725
2250,35,69,310.5604868705998,-99.18927047174152,19.445416358049755
2251,35,70,308.2041526996729,-99.18898466832957,19.44541665597957
2252,35,71,305.8478185287459,-99.18869886491235,19.445416953459173
2253,35,72,303.05673582850125,-99.18841306148991,19.445417250488557
2254,35,73,300.05179029276565,-99.18812725806222,19.44541754706773
2255,35,74,296.58362072219484,-99.18784145462932,19.445417843196676
2256,35,75,276.5018556221012,-99.1875556511912,19.445418138875414
2257,35,76,256.42009052200757,-99.18726984774787,19.445418434103935
2258,35,77,236.33832542191394,-99.18698404429935,19.445418728882238
2259,35,78,216.2565603218203,-99.18669824084562,19.445419023210327
2260,35,79,196.17479522172664,-99.1864124373867,19.445419317088195
2261,35,80,176.5068789325101,-99.18612663392263,19.445419610515852
2262,35,81,157.4328562810229,-99.18584083045336,19.445419903493292
2263,35,82,138.35883362953572,-99.18555502697895,19.445420196020518
2264,35,83,119.28481097804857,-99.18526922349938,19.445420488097525
2265,35,84,100.21078832656143,-99.18498342001466,19.445420779724312
2266,35,85,81.13676567507426,-99.1846976165248,19.44542107090089
2267,35,86,62.06274302358711,-99.18441181302983,19.445421361627247
2268,35,87,42.988720372099955,-99.1841260095297,19.445421651903388
2269,35,88,23.91469772061279,-99.1838402060245,19.445421941729315
2270,35,89,4.840675069125629,-99.18355440251418,19.445422231105024
2271,35,90,3.088260969702712,-99.18326859899875,19.445422520030515
2272,35,91,20.723423955157013,-99.18298279547824,19.44542280850579
2273,35,92,38.35858694061131,-99.18269699195264,19.445423096530845
2274,35,93,55.99374992606561,-99.18241118842198,19.44542338410569
2275,35,94,73.62891291151992,-99.18212538488625,19.44542367123032
2276,35,95,91.26407589697423,-99.18183958134546,19.445423957904726
2277,35,96,108.8992388824285,-99.1815537777996,19.44542424412892
2278,35,97,126.53440186788282,-99.18126797424873,19.445424529902894
2279,35,98,144.1695648533371,-99.1809821706928,19.445424815226648
2280,35,99,161.80472783879142,-99.18069636713186,19.445425100100195
2281,35,100,179.43989082424574,-99.1804105635659,19.445425384523517
2282,35,101,197.43511453924978,-99.18012475999492,19.44542566849663
2283,35,102,217.69264408068943,-99.17983895641895,19.445425952019516
2284,35,103,238.680858872917,-99.17955315283797,19.445426235092192
2285,35,104,259.6690736651446,-99.17926734925202,19.445426517714647
2286,35,105,280.6572884573722,-99.17898154566107,19.445426799886892
2287,35,106,301.64550324959987,-99.17869574206519,19.445427081608912
2288,35,107,322.6337180418274,-99.17840993846431,19.44542736288072
2289,35,108,343.621932834055,-99.17812413485848,19.44542764370231
2290,36,67,345.18047353548167,-99.18984239380875,19.44568687674652
2291,36,68,342.8241393645547,-99.18955658993269,19.44568717558126
2292,36,69,340.46780519362767,-99.18927078605138,19.445687473965776
2293,36,70,338.1114710227007,-99.18898498216481,19.44568777190007
2294,36,71,335.7551368517737,-99.188699178273,19.44568806938414
2295,36,72,332.90586148281915,-99.18841337437594,19.445688366417993
2296,36,73,329.90091594708355,-99.18812757047365,19.44568866300162
2297,36,74,318.8708975963368,-99.18784176656614,19.445688959135023
2298,36,75,298.78913249624316,-99.1875559626534,19.445689254818205
2299,36,76,278.7073673961495,-99.18727015873546,19.44568955005116
2300,36,77,258.62560229605583,-99.18698435481232,19.445689844833897
2301,36,78,238.5438371959622,-99.18669855088399,19.445690139166413
2302,36,79,218.73649831330988,-99.18641274695047,19.445690433048696
2303,36,80,199.66247566182273,-99.18612694301179,19.44569072648077
2304,36,81,180.58845301033557,-99.1858411390679,19.44569101946261
2305,36,82,161.51443035884841,-99.18555533511888,19.445691311994235
2306,36,83,142.44040770736123,-99.1852695311647,19.44569160407563
2307,36,84,123.36638505587406,-99.18498372720538,19.445691895706805
2308,36,85,104.2923624043869,-99.1846979232409,19.445692186887758
2309,36,86,85.21833975289978,-99.18441211927131,19.445692477618483
2310,36,87,66.14431710141261,-99.1841263152966,19.445692767898986
2311,36,88,47.070294449925434,-99.18384051131676,19.44569305772927
2312,36,89,27.996271798438276,-99.18355470733184,19.445693347109334
2313,36,90,8.922249146951117,-99.1832689033418,19.445693636039167
2314,36,91,0.0,-99.18298309934669,19.44569392451878
2315,36,92,14.08924359398443,-99.18269729534647,19.445694212548165
2316,36,93,31.72440657943873,-99.1824114913412,19.445694500127335
2317,36,94,49.359569564893036,-99.18212568733087,19.445694787256276
2318,36,95,66.99473255034735,-99.18183988331546,19.445695073934996
2319,36,96,84.62989553580162,-99.18155407929501,19.44569536016349
2320,36,97,102.26505852125594,-99.1812682752695,19.44569564594176
2321,36,98,119.90022150671022,-99.18098247123898,19.44569593126981
2322,36,99,137.53538449216455,-99.18069666720342,19.445696216147635
2323,36,100,155.26049561350035,-99.18041086316285,19.445696500575238
2324,36,101,175.26859854096531,-99.18012505911726,19.445696784552613
2325,36,102,196.25681333319287,-99.17983925506668,19.445697068079767
2326,36,103,217.24502812542048,-99.17955345101109,19.4456973511567
2327,36,104,238.23324291764808,-99.17926764695052,19.445697633783404
2328,36,105,259.2214577098756,-99.17898184288498,19.445697915959883
2329,36,106,280.2096725021032,-99.17869603881445,19.44569819768615
2330,36,107,301.1978872943309,-99.17841023473898,19.445698478962182
2331,36,108,322.18610208655844,-99.17812443065854,19.445698759787994
2332,36,109,343.17431687878604,-99.17783862657316,19.44569904016358
2333,37,74,341.1581744704787,-99.18784207850817,19.445960075065265
2334,37,75,321.076409370385,-99.18755627412082,19.445960370752893
2335,37,76,300.99464427029136,-99.18727046972825,19.445960665990288
2336,37,77,280.91287917019775,-99.1869846653305,19.445960960777455
2337,37,78,260.9805202983694,-99.18669886092755,19.445961255114398
2338,37,79,241.8920950426225,-99.18641305651941,19.445961549001105
2339,37,80,222.81807239113536,-99.1861272521061,19.44596184243758
2340,37,81,203.74404973964823,-99.18584144768762,19.44596213542383
2341,37,82,184.67002708816105,-99.18555564326397,19.44596242795985
2342,37,83,165.5960044366739,-99.18526983883517,19.445962720045635
2343,37,84,146.5219817851867,-99.18498403440123,19.445963011681194
2344,37,85,127.44795913369956,-99.18469822996215,19.445963302866524
2345,37,86,108.37393648221241,-99.18441242551793,19.445963593601622
2346,37,87,89.29991383072526,-99.1841266210686,19.445963883886495
2347,37,88,70.22589117923809,-99.18384081661415,19.445964173721134
2348,37,89,51.15186852775092,-99.1835550121546,19.445964463105543
2349,37,90,32.077845876263765,-99.18326920768996,19.44596475203972
2350,37,91,13.003823224776607,-99.1829834032202,19.44596504052367
2351,37,92,0.0,-99.18269759874539,19.445965328557392
2352,37,93,7.455063232811847,-99.18241179426549,19.44596561614088
2353,37,94,25.090226218266153,-99.18212598978053,19.445965903274136
2354,37,95,42.725389203720454,-99.1818401852905,19.44596618995717
2355,37,96,60.360552189174754,-99.18155438079543,19.445966476189962
2356,37,97,77.99571517462905,-99.18126857629532,19.445966761972535
2357,37,98,95.63087816008334,-99.18098277179017,19.44596704730487
2358,37,99,113.26604114553767,-99.18069696728,19.44596733218698
2359,37,100,132.84455300124114,-99.18041116276481,19.44596761661886
2360,37,101,153.83276779346875,-99.18012535824461,19.445967900600504
2361,37,102,174.8209825856963,-99.1798395537194,19.44596818413192
2362,37,103,195.8091973779239,-99.1795537491892,19.44596846721311
2363,37,104,216.7974121701515,-99.17926794465401,19.44596874984406
2364,37,105,237.7856269623791,-99.17898214011385,19.445969032024784
2365,37,106,258.7738417546067,-99.1786963355687,19.44596931375528
2366,37,107,279.7620565468343,-99.17841053101861,19.445969595035542
2367,37,108,300.7502713390619,-99.17812472646357,19.445969875865575
2368,37,109,321.73848613128945,-99.17783892190356,19.445970156245377
2369,37,110,341.7034941110924,-99.17755311733862,19.44597043617495
2370,38,75,343.36368624452695,-99.18755658559344,19.446231486679487
2371,38,76,323.28192114443334,-99.18727078072625,19.446231781921323
2372,38,77,303.2725065418055,-99.18698497585386,19.446232076712924
2373,38,78,284.1217144234223,-99.1866991709763,19.446232371054286
2374,38,79,265.04769177193515,-99.18641336609353,19.44623266494541
2375,38,80,245.97366912044805,-99.18612756120558,19.4462329583863
2376,38,81,226.89964646896087,-99.18584175631247,19.446233251376952
2377,38,82,207.8256238174737,-99.18555595141422,19.44623354391737
2378,38,83,188.75160116598656,-99.18527014651079,19.446233836007547
2379,38,84,169.6775785144994,-99.18498434160222,19.446234127647497
2380,38,85,150.60355586301222,-99.1846985366885,19.446234418837197
2381,38,86,131.52953321152506,-99.18441273176967,19.446234709576668
2382,38,87,112.45551056003791,-99.1841269268457,19.446234999865904
2383,38,88,93.38148790855074,-99.18384112191664,19.4462352897049
2384,38,89,74.30746525706357,-99.18355531698246,19.446235579093656
2385,38,90,55.233442605576414,-99.18326951204318,19.446235868032183
2386,38,91,36.15941995408925,-99.18298370709881,19.44623615652047
2387,38,92,17.085397302602114,-99.18269790214937,19.44623644455852
2388,38,93,0.0,-99.18241209719484,19.44623673214633
2389,38,94,0.8208828716392652,-99.18212629223525,19.446237019283906
2390,38,95,18.456045857093564,-99.1818404872706,19.446237305971245
2391,38,96,36.091208842547864,-99.18155468230091,19.446237592208345
2392,38,97,53.726371828002165,-99.18126887732618,19.446237877995205
2393,38,98,71.36153481345646,-99.18098307234641,19.446238163331838
2394,38,99,90.42050746151699,-99.1806972673616,19.446238448218228
2395,38,100,111.40872225374459,-99.18041146237178,19.446238732654383
2396,38,101,132.39693704597218,-99.18012565737695,19.446239016640295
2397,38,102,153.38515183819976,-99.17983985237711,19.44623930017598
2398,38,103,174.37336663042734,-99.17955404737229,19.446239583261416
2399,38,104,195.36158142265495,-99.17926824236248,19.446239865896622
2400,38,105,216.34979621488253,-99.17898243734768,19.44624014808159
2401,38,106,237.3380110071101,-99.17869663232793,19.446240429816314
2402,38,107,258.3262257993377,-99.1784108273032,19.44624071110081
2403,38,108,279.3144405915653,-99.17812502227352,19.446240991935063
2404,38,109,299.49244692774187,-99.17783921723888,19.446241272319078
2405,38,110,318.46328695475535,-99.17755341219932,19.44624155225286
2406,38,111,337.4341269817689,-99.17726760715482,19.4462418317364
2407,39,76,345.59744569815814,-99.18727109172944,19.446502897844255
2408,39,77,326.3513338042221,-99.18698528638244,19.446503192640282
2409,39,78,307.27731115273497,-99.18669948103022,19.44650348698607
2410,39,79,288.2032885012478,-99.18641367567282,19.446503780881613
2411,39,80,269.12926584976066,-99.18612787031024,19.446504074326917
2412,39,81,250.05524319827353,-99.1858420649425,19.446504367321975
2413,39,82,230.98122054678635,-99.18555625956961,19.446504659866793
2414,39,83,211.90719789529922,-99.18527045419154,19.44650495196136
2415,39,84,192.83317524381204,-99.18498464880834,19.446505243605685
2416,39,85,173.75915259232488,-99.18469884342001,19.446505534799773
2417,39,86,154.68512994083773,-99.18441303802653,19.44650582554361
2418,39,87,135.61110728935057,-99.18412723262794,19.44650611583721
2419,39,88,116.53708463786337,-99.18384142722422,19.446506405680566
2420,39,89,97.46306198637622,-99.18355562181542,19.446506695073676
2421,39,90,78.38903933488906,-99.1832698164015,19.44650698401654
2422,39,91,59.31501668340191,-99.18298401098251,19.446507272509162
2423,39,92,40.24099403191477,-99.18269820555842,19.446507560551545
2424,39,93,21.1669713804276,-99.18241240012927,19.446507848143682
2425,39,94,2.092948728940442,-99.18212659469505,19.446508135285573
2426,39,95,0.0,-99.18184078925576,19.446508421977217
2427,39,96,11.82186549592098,-99.18155498381144,19.44650870821862
2428,39,97,29.457028481375282,-99.18126917836206,19.446508994009786
2429,39,98,47.996461921792836,-99.18098337290765,19.4465092793507
2430,39,99,68.98467671402042,-99.18069756744822,19.446509564241374
2431,39,100,89.97289150624802,-99.18041176198376,19.446509848681803
2432,39,101,110.96110629847561,-99.1801259565143,19.44651013267199
2433,39,102,131.9493210907032,-99.17984015103984,19.44651041621193
2434,39,103,152.93753588293077,-99.17955434556038,19.446510699301626
2435,39,104,173.92575067515838,-99.17926854007592,19.44651098194108
2436,39,105,194.91396546738596,-99.1789827345865,19.446511264130287
2437,39,106,215.90218025961357,-99.1786969290921,19.446511545869257
2438,39,107,236.89039505184115,-99.17841112359274,19.446511827157973
2439,39,108,257.2813997443912,-99.17812531808842,19.44651210799645
2440,39,109,276.25223977140473,-99.17783951257917,19.446512388384676
2441,39,110,295.2230797984183,-99.17755370706496,19.44651266832267
2442,39,111,314.19391982543186,-99.17726790154583,19.446512947810415
2443,39,112,333.1647598524454,-99.17698209602177,19.446513226847912
2444,40,77,349.5069305335348,-99.18698559691619,19.44677430855955
2445,40,78,330.43290788204763,-99.18669979108932,19.44677460290976
2446,40,79,311.3588852305604,-99.18641398525729,19.44677489680972
2447,40,80,292.2848625790733,-99.18612817942008,19.446775190259434
2448,40,81,273.21083992758616,-99.1858423735777,19.446775483258897
2449,40,82,254.136817276099,-99.18555656773016,19.44677577580811
2450,40,83,235.06279462461183,-99.18527076187745,19.446776067907074
2451,40,84,215.9887719731247,-99.1849849560196,19.446776359555788
2452,40,85,196.91474932163752,-99.18469915015663,19.44677665075425
2453,40,86,177.84072667015036,-99.18441334428852,19.446776941502456
2454,40,87,158.7667040186632,-99.18412753841527,19.446777231800414
2455,40,88,139.69268136717602,-99.18384173253693,19.446777521648134
2456,40,89,120.61865871568887,-99.18355592665347,19.446777811045592
2457,40,90,101.54463606420171,-99.18327012076492,19.446778099992798
2458,40,91,82.47061341271454,-99.18298431487128,19.446778388489758
2459,40,92,63.39659076122741,-99.18269850897256,19.44677867653647
2460,40,93,44.322568109740246,-99.18241270306876,19.44677896413293
2461,40,94,24.801217553987293,-99.18212689715989,19.44677925127914
2462,40,95,4.839431921156099,-99.18184109124597,19.44677953797509
2463,40,96,0.0,-99.181555285327,19.446779824220805
2464,40,97,5.572416382068685,-99.18126947940297,19.44678011001626
2465,40,98,26.560631174296276,-99.18098367347392,19.446780395361465
2466,40,99,47.54884596652388,-99.18069786753986,19.446780680256424
2467,40,100,68.53706075875147,-99.18041206160076,19.44678096470113
2468,40,101,89.52527555097905,-99.18012625565665,19.446781248695583
2469,40,102,110.51349034320664,-99.17984044970756,19.446781532239786
2470,40,103,131.50170513543424,-99.17955464375345,19.44678181533374
2471,40,104,152.48991992766182,-99.17926883779435,19.44678209797744
2472,40,105,173.47813471988943,-99.17898303183028,19.446782380170887
2473,40,106,194.466349512117,-99.17869722586124,19.446782661914092
2474,40,107,215.07035256104058,-99.17841141988724,19.44678294320704
2475,40,108,234.04119258805414,-99.17812561390828,19.44678322404974
2476,40,109,253.0120326150677,-99.17783980792439,19.446783504442188
2477,40,110,271.98287264208125,-99.17755400193553,19.446783784384383
2478,40,111,290.9537126690948,-99.17726819594175,19.44678406387633
2479,40,112,309.9245526961084,-99.17698238994305,19.44678434291802
2480,40,113,328.8953927231219,-99.17669658393943,19.446784621509465
2481,40,114,347.8662327501355,-99.17641077793093,19.446784899650655
2482,41,79,334.51448195987314,-99.18641429484694,19.447046012729732
2483,41,80,315.440459308386,-99.18612848853508,19.447046306183854
2484,41,81,296.36643665689877,-99.18584268221805,19.447046599187722
2485,41,82,277.2924140054117,-99.18555687589586,19.44704689174133
2486,41,83,258.2183913539245,-99.1852710695685,19.447047183844685
2487,41,84,239.14436870243733,-99.184985263236,19.447047475497776
2488,41,85,220.07034605095018,-99.18469945689837,19.447047766700617
2489,41,86,200.996323399463,-99.18441365055561,19.447048057453202
2490,41,87,181.92230074797584,-99.18412784420774,19.44704834775553
2491,41,88,162.84827809648866,-99.18384203785473,19.447048637607594
2492,41,89,143.77425544500153,-99.18355623149662,19.44704892700941
2493,41,90,124.70023279351436,-99.18327042513343,19.447049215960963
2494,41,91,105.6262101420272,-99.18298461876513,19.447049504462257
2495,41,92,86.55218749054005,-99.18269881239176,19.447049792513297
2496,41,93,67.15780424306575,-99.1824130060133,19.44705008011408
2497,41,94,47.19601861023456,-99.18212719962979,19.447050367264605
2498,41,95,27.23423297740337,-99.18184139324123,19.447050653964872
2499,41,96,7.272447344572179,-99.1815555868476,19.447050940214883
2500,41,97,0.0,-99.18126978044893,19.447051226014636
2501,41,98,5.124800426799715,-99.18098397404523,19.447051511364133
2502,41,99,26.113015219027314,-99.1806981676365,19.447051796263374
2503,41,100,47.101230011254906,-99.18041236122276,19.447052080712353
2504,41,101,68.0894448034825,-99.180126554804,19.447052364711077
2505,41,102,89.07765959571009,-99.17984074838024,19.44705264825954
2506,41,103,110.06587438793767,-99.1795549419515,19.447052931357753
2507,41,104,131.05408918016525,-99.17926913551776,19.447053214005702
2508,41,105,152.04230397239286,-99.17898332907903,19.44705349620339
2509,41,106,172.85930537769,-99.17869752263533,19.44705377795083
2510,41,107,191.8301454047035,-99.1784117161867,19.44705405924801
2511,41,108,210.80098543171707,-99.17812590973308,19.447054340094926
2512,41,109,229.77182545873063,-99.17784010327453,19.447054620491592
2513,41,110,248.74266548574417,-99.17755429681102,19.447054900437994
2514,41,111,267.71350551275776,-99.1772684903426,19.447055179934146
2515,41,112,286.6843455397713,-99.17698268386926,19.44705545898003
2516,41,113,305.6551855667849,-99.17669687739098,19.447055737575663
2517,41,114,324.6260255937984,-99.17641107090782,19.447056015721035
2518,41,115,343.59686562081197,-99.17612526441975,19.44705629341615
2519,42,80,338.5960560376986,-99.18612879765524,19.44731742210017
2520,42,81,319.52203338621143,-99.18584299086355,19.447317715108444
2521,42,82,300.4480107347243,-99.18555718406671,19.447318007666453
2522,42,83,281.3739880832371,-99.1852713772647,19.4473182997742
2523,42,84,262.29996543174997,-99.18498557045756,19.447318591431678
2524,42,85,243.2259427802628,-99.18469976364526,19.447318882638896
2525,42,86,224.15192012877569,-99.18441395682784,19.447319173395847
2526,42,87,205.0778974772885,-99.1841281500053,19.447319463702534
2527,42,88,186.00387482580132,-99.18384234317764,19.44731975355896
2528,42,89,166.92985217431416,-99.18355653634488,19.44732004296512
2529,42,90,147.855829522827,-99.18327072950702,19.447320331921023
2530,42,91,128.78180687133985,-99.18298492266408,19.447320620426655
2531,42,92,109.51439093214422,-99.18269911581605,19.447320908482027
2532,42,93,89.55260529931303,-99.18241330896294,19.44732119608713
2533,42,94,69.59081966648185,-99.18212750210475,19.44732148324197
2534,42,95,49.62903403365065,-99.18184169524152,19.44732176994655
2535,42,96,29.667248400819457,-99.18155588837325,19.447322056200864
2536,42,97,9.705462767988264,-99.18127008149992,19.447322342004917
2537,42,98,0.0,-99.18098427462157,19.447322627358698
2538,42,99,4.677184471530753,-99.18069846773818,19.447322912262223
2539,42,100,25.665399263758346,-99.18041266084978,19.44732319671548
2540,42,101,46.65361405598593,-99.18012685395637,19.44732348071847
2541,42,102,67.64182884821352,-99.17984104705795,19.4473237642712
2542,42,103,88.6300436404411,-99.17955524015453,19.447324047373666
2543,42,104,109.6182584326687,-99.17926943324613,19.44732433002586
2544,42,105,130.6064732248963,-99.17898362633275,19.4473246122278
2545,42,106,149.6190982213529,-99.17869781941441,19.44732489397947
2546,42,107,168.58993824836648,-99.1784120124911,19.447325175280877
2547,42,108,187.56077827538002,-99.17812620556283,19.447325456132017
2548,42,109,206.53161830239358,-99.17784039862961,19.447325736532896
2549,42,110,225.50245832940715,-99.17755459169146,19.447326016483505
2550,42,111,244.47329835642068,-99.17726878474836,19.447326295983856
2551,42,112,263.4441383834342,-99.17698297780036,19.447326575033937
2552,42,113,282.4149784104478,-99.17669717084745,19.447326853633758
2553,42,114,301.38581843746135,-99.17641136388961,19.44732713178331
2554,42,115,320.3566584644749,-99.17612555692688,19.447327409482604
2555,42,116,339.3274984914884,-99.17583974995925,19.447327686731626
2556,43,81,342.67763011552404,-99.18584329951423,19.447588831021065
2557,43,82,323.6036074640369,-99.18555749224271,19.447589123583473
2558,43,83,304.5295848125498,-99.18527168496604,19.447589415695607
2559,43,84,285.45556216106263,-99.18498587768423,19.447589707357473
2560,43,85,266.3815395095755,-99.18470007039727,19.44758999856907
2561,43,86,247.30751685808832,-99.18441426310518,19.447590289330396
2562,43,87,228.23349420660114,-99.18412845580798,19.447590579641442
2563,43,88,209.15947155511395,-99.18384264850565,19.44759086950223
2564,43,89,190.0854489036268,-99.18355684119824,19.44759115891274
2565,43,90,171.01142625213964,-99.1832710338857,19.447591447872977
2566,43,91,151.8709776212227,-99.18298522656808,19.44759173638295
2567,43,92,131.9091919883915,-99.18269941924538,19.447592024442653
2568,43,93,111.9474063555603,-99.18241361191761,19.447592312052084
2569,43,94,91.98562072272911,-99.18212780458478,19.44759259921124
2570,43,95,72.02383508989793,-99.18184199724688,19.447592885920134
2571,43,96,52.062049457066735,-99.18155618990393,19.447593172178745
2572,43,97,32.10026382423555,-99.18127038255595,19.447593457987097
2573,43,98,12.138478191404356,-99.18098457520291,19.44759374334517
2574,43,99,0.0,-99.18069876784487,19.447594028252972
2575,43,100,4.229568516261783,-99.1804129604818,19.4475943127105
2576,43,101,25.217783308489373,-99.18012715311372,19.447594596717764
2577,43,102,46.20599810071696,-99.17984134574064,19.447594880274753
2578,43,103,67.19421289294455,-99.17955553836256,19.44759516338148
2579,43,104,88.18242768517214,-99.1792697309795,19.447595446037926
2580,43,105,107.4080510380023,-99.17898392359145,19.447595728244103
2581,43,106,126.37889106501585,-99.17869811619845,19.447596010000012
2582,43,107,145.3497310920294,-99.17841230880046,19.447596291305643
2583,43,108,164.32057111904294,-99.17812650139751,19.447596572161007
2584,43,109,183.2914111460565,-99.17784069398965,19.447596852566097
2585,43,110,202.26225117307007,-99.17755488657683,19.447597132520922
2586,43,111,221.23309120008363,-99.17726907915907,19.447597412025473
2587,43,112,240.20393122709717,-99.17698327173639,19.447597691079746
2588,43,113,259.17477125411074,-99.1766974643088,19.44759796968376
2589,43,114,278.1456112811243,-99.17641165687631,19.447598247837494
2590,43,115,297.1164513081378,-99.17612584943892,19.44759852554096
2591,43,116,316.0872913351514,-99.17584004199662,19.447598802794154
2592,43,117,335.1085610910151,-99.17555423454945,19.44759907959707
2593,44,82,346.75920419334955,-99.18555780042388,19.4478602394924
2594,44,83,327.6851815418624,-99.18527199267253,19.447860531608924
2595,44,84,308.61115889037524,-99.18498618491603,19.447860823275178
2596,44,85,289.53713623888814,-99.18470037715441,19.44786111449115
2597,44,86,270.4631135874009,-99.18441456938766,19.44786140525684
2598,44,87,251.3890909359138,-99.18412876161577,19.44786169557226
2599,44,88,232.31506828442662,-99.18384295383878,19.4478619854374
2600,44,89,213.24104563293943,-99.18355714605667,19.447862274852262
2601,44,90,194.16702298145228,-99.18327133826948,19.44786256381685
2602,44,91,174.26577867746997,-99.1829855304772,19.447862852331152
2603,44,92,154.30399304463876,-99.18269972267981,19.447863140395185
2604,44,93,134.34220741180758,-99.18241391487737,19.447863428008937
2605,44,94,114.3804217789764,-99.18212810706986,19.447863715172414
2606,44,95,94.4186361461452,-99.18184229925728,19.447864001885616
2607,44,96,74.45685051331402,-99.18155649143966,19.447864288148534
2608,44,97,54.49506488048283,-99.18127068361702,19.447864573961173
2609,44,98,34.533279247651635,-99.1809848757893,19.447864859323538
2610,44,99,14.571493614820431,-99.18069906795658,19.447865144235628
2611,44,100,0.0,-99.18041326011884,19.447865428697437
2612,44,101,3.7819525609928126,-99.18012745227608,19.44786571270896
2613,44,102,24.770167353220405,-99.17984164442832,19.447865996270217
2614,44,103,45.758382145447996,-99.17955583657557,19.447866279381195
2615,44,104,65.1970038546517,-99.17927002871784,19.44786656204189
2616,44,105,84.16784388166525,-99.17898422085511,19.44786684425231
2617,44,106,103.1386839086788,-99.17869841298743,19.447867126012458
2618,44,107,122.10952393569235,-99.17841260511477,19.447867407322317
2619,44,108,141.0803639627059,-99.17812679723717,19.4478676881819
2620,44,109,160.05120398971945,-99.1778409893546,19.44786796859121
2621,44,110,179.02204401673302,-99.17755518146713,19.44786824855024
2622,44,111,197.99288404374659,-99.17726937357469,19.447868528058997
2623,44,112,216.9637240707601,-99.17698356567735,19.447868807117466
2624,44,113,235.93456409777366,-99.17669775777507,19.447869085725664
2625,44,114,254.90540412478722,-99.17641194986791,19.44786936388358
2626,44,115,273.8762441518008,-99.17612614195583,19.447869641591222
2627,44,116,292.8511549179819,-99.17584033403887,19.447869918848582
2628,44,117,312.7364895919873,-99.17555452611703,19.44787019565566
2629,44,118,333.0436613878134,-99.1752687181903,19.447870472012465
2630,45,83,350.84077827117505,-99.18527230038416,19.44813164751414
2631,45,84,331.7667556196879,-99.184986492153,19.448131939184773
2632,45,85,312.69273296820074,-99.18470068391669,19.448132230405122
2633,45,86,293.6187103167136,-99.18441487567524,19.44813252117519
2634,45,87,274.54468766522643,-99.18412906742869,19.44813281149497
2635,45,88,255.47066501373925,-99.18384325917701,19.448133101364466
2636,45,89,236.39664236225212,-99.18355745092022,19.44813339078368
2637,45,90,216.62236536654842,-99.18327164265834,19.448133679752612
2638,45,91,196.66057973371724,-99.18298583439137,19.448133968271254
2639,45,92,176.69879410088606,-99.18270002611932,19.448134256339614
2640,45,93,156.73700846805485,-99.1824142178422,19.44813454395769
2641,45,94,136.77522283522367,-99.18212840956,19.448134831125483
2642,45,95,116.81343720239248,-99.18184260127275,19.448135117842988
2643,45,96,96.85165156956128,-99.18155679298044,19.44813540411021
2644,45,97,76.8898659367301,-99.1812709846831,19.44813568992715
2645,45,98,56.92808030389891,-99.18098517638072,19.44813597529381
2646,45,99,36.966294671067715,-99.1806993680733,19.448136260210173
2647,45,100,17.004509038236517,-99.1804135597609,19.44813654467626
2648,45,101,0.0,-99.18012775144345,19.44813682869206
2649,45,102,3.334336605723843,-99.179841943121,19.448137112257577
2650,45,103,22.985956671301068,-99.17955613479357,19.448137395372807
2651,45,104,41.95679669831463,-99.17927032646115,19.44813767803775
2652,45,105,60.92763672532819,-99.17898451812376,19.448137960252417
2653,45,106,79.89847675234174,-99.17869870978139,19.448138242016796
2654,45,107,98.8693167793553,-99.17841290143404,19.448138523330883
2655,45,108,117.84015680636885,-99.17812709308176,19.448138804194695
2656,45,109,136.8109968333824,-99.17784128472452,19.44813908460822
2657,45,110,155.78183686039594,-99.17755547636236,19.448139364571453
2658,45,111,174.7526768874095,-99.17726966799523,19.44813964408441
2659,45,112,193.72351691442307,-99.1769838596232,19.448139923147078
2660,45,113,212.6943569414366,-99.17669805124625,19.44814020175946
2661,45,114,231.66519696845018,-99.1764122428644,19.44814047992156
2662,45,115,250.63603699546374,-99.17612643447765,19.44814075763337
2663,45,116,270.34722610051784,-99.175840626086,19.4481410348949
2664,45,117,290.65439789634394,-99.17555481768947,19.44814131170614
2665,45,118,310.96156969217003,-99.17526900928807,19.448141588067102
2666,45,119,331.2687414879961,-99.1749832008818,19.448141863977774
2667,46,85,335.8483296975134,-99.18470099068408,19.448403346310997
2668,46,86,316.7743070460262,-99.18441518196796,19.448403637085434
2669,46,87,297.7002843945391,-99.18412937324669,19.44840392740958
2670,46,88,278.6262617430519,-99.18384356452033,19.448404217283432
2671,46,89,258.9789520556269,-99.18355775578887,19.448404506707
2672,46,90,239.0171664227957,-99.1832719470523,19.44840479568027
2673,46,91,219.05538078996454,-99.18298613831064,19.448405084203255
2674,46,92,199.09359515713334,-99.18270032956389,19.448405372275946
2675,46,93,179.13180952430213,-99.18241452081207,19.448405659898345
2676,46,94,159.17002389147095,-99.1821287120552,19.448405947070448
2677,46,95,139.20823825863977,-99.18184290329324,19.44840623379227
2678,46,96,119.24645262580856,-99.18155709452627,19.448406520063795
2679,46,97,99.28466699297736,-99.18127128575422,19.448406805885032
2680,46,98,79.32288136014618,-99.18098547697716,19.448407091255973
2681,46,99,59.36109572731498,-99.18069966819505,19.44840737617663
2682,46,100,39.399310094483795,-99.18041385940793,19.448407660646986
2683,46,101,19.437524461652604,-99.18012805061582,19.44840794466706
2684,46,102,0.0,-99.17984224181869,19.448408228236833
2685,46,103,0.0,-99.17955643301657,19.448408511356323
2686,46,104,18.716589541977577,-99.17927062420945,19.448408794025514
2687,46,105,37.687429568991135,-99.17898481539736,19.448409076244424
2688,46,106,56.658269596004686,-99.1786990065803,19.448409358013038
2689,46,107,75.62910962301824,-99.17841319775827,19.448409639331363
2690,46,108,94.5999496500318,-99.17812738893129,19.44840992019939
2691,46,109,113.57078967704533,-99.17784158009937,19.44841020061713
2692,46,110,132.5416297040589,-99.1775557712625,19.448410480584574
2693,46,111,151.51246973107246,-99.1772699624207,19.448410760101723
2694,46,112,170.48330975808602,-99.17698415357398,19.44841103916859
2695,46,113,189.45414978509953,-99.17669834472234,19.44841131778516
2696,46,114,208.4249898121131,-99.1764125358658,19.448411595951445
2697,46,115,227.95796260904825,-99.17612672700436,19.44841187366743
2698,46,116,248.26513440487435,-99.17584091813801,19.448412150933127
2699,46,117,268.57230620070044,-99.1755551092668,19.448412427748526
2700,46,118,288.87947799652653,-99.1752693003907,19.448412704113643
2701,46,119,309.1866497923526,-99.17498349150974,19.44841298002846
2702,46,120,329.4938215881787,-99.17469768262391,19.44841325549299
2703,46,121,349.8009933840048,-99.17441187373323,19.448413530507228
2704,47,86,339.92990377533886,-99.1844154882658,19.44867475298758
2705,47,87,320.8558811238517,-99.18412967906984,19.448675043316094
2706,47,88,301.3355387447054,-99.18384386986877,19.448675333194306
2707,47,89,281.3737531118742,-99.1835580606626,19.44867562262222
2708,47,90,261.41196747904297,-99.18327225145134,19.448675911599835
2709,47,91,241.45018184621182,-99.18298644223499,19.448676200127156
2710,47,92,221.4883962133806,-99.18270063301355,19.448676488204175
2711,47,93,201.5266105805494,-99.18241482378703,19.4486767758309
2712,47,94,181.56482494771822,-99.18212901455544,19.448677063007324
2713,47,95,161.603039314887,-99.18184320531881,19.448677349733448
2714,47,96,141.64125368205583,-99.18155739607712,19.448677636009283
2715,47,97,121.67946804922465,-99.18127158683039,19.448677921834815
2716,47,98,101.71768241639346,-99.18098577757861,19.448678207210047
2717,47,99,81.75589678356225,-99.18069996832182,19.44867849213498
2718,47,100,61.79411115073105,-99.18041415906,19.448678776609615
2719,47,101,41.83232551789986,-99.1801283497932,19.448679060633957
2720,47,102,21.870539885068666,-99.17984254052136,19.448679344208
2721,47,103,1.9087542522374932,-99.17955673124453,19.448679627331746
2722,47,104,0.0,-99.17927092196273,19.448679910005186
2723,47,105,14.447222412654058,-99.17898511267595,19.448680192228334
2724,47,106,33.418062439667615,-99.17869930338418,19.448680474001183
2725,47,107,52.388902466681174,-99.17841349408747,19.448680755323732
2726,47,108,71.35974249369472,-99.17812768478578,19.448681036195985
2727,47,109,90.33058252070828,-99.17784187547915,19.44868131661794
2728,47,110,109.30142254772183,-99.1775560661676,19.448681596589587
2729,47,111,128.2722625747354,-99.1772702568511,19.448681876110953
2730,47,112,147.24310260174894,-99.17698444752968,19.448682155182006
2731,47,113,166.2139426287625,-99.17669863820333,19.44868243380277
2732,47,114,185.56869911757875,-99.17641282887209,19.448682711973223
2733,47,115,205.87587091340484,-99.17612701953595,19.44868298969339
2734,47,116,226.1830427092309,-99.17584121019492,19.448683266963247
2735,47,117,246.490214505057,-99.17555540084899,19.44868354378282
2736,47,118,266.7973863008831,-99.17526959149819,19.44868382015208
2737,47,119,287.1045580967092,-99.17498378214253,19.448684096071055
2738,47,120,307.4117298925353,-99.17469797278201,19.44868437153972
2739,47,121,327.71890168836137,-99.17441216341663,19.44868464655809
2740,47,122,348.0260734841875,-99.17412635404642,19.44868492112616
2741,48,87,343.6921254337839,-99.18412998489809,19.448946159214504
2742,48,88,323.73033980095266,-99.18384417522233,19.448946449097075
2743,48,89,303.76855416812145,-99.18355836554146,19.44894673852934
2744,48,90,283.80676853529025,-99.18327255585548,19.4489470275113
2745,48,91,263.8449829024591,-99.18298674616442,19.448947316042954
2746,48,92,243.88319726962789,-99.18270093646828,19.448947604124307
2747,48,93,223.92141163679668,-99.18241512676704,19.448947891755356
2748,48,94,203.95962600396552,-99.18212931706077,19.448948178936096
2749,48,95,183.99784037113432,-99.18184350734943,19.448948465666533
2750,48,96,164.0360547383031,-99.18155769763301,19.448948751946663
2751,48,97,144.07426910547193,-99.18127188791158,19.448949037776494
2752,48,98,124.11248347264075,-99.18098607818511,19.448949323156015
2753,48,99,104.15069783980952,-99.1807002684536,19.448949608085236
2754,48,100,84.18891220697833,-99.18041445871708,19.44894989256415
2755,48,101,64.22712657414714,-99.18012864897557,19.44895017659276
2756,48,102,44.26534094131594,-99.17984283922904,19.44895046017106
2757,48,103,24.30355530848477,-99.17955702947751,19.448950743299058
2758,48,104,4.341769675653578,-99.17927121972099,19.448951025976754
2759,48,105,0.0,-99.1789854099595,19.44895130820414
2760,48,106,10.177855283330556,-99.17869960019303,19.448951589981224
2761,48,107,29.14869531034411,-99.1784137904216,19.448951871308005
2762,48,108,48.11953533735766,-99.17812798064521,19.448952152184482
2763,48,109,67.09037536437121,-99.17784217086388,19.448952432610646
2764,48,110,86.06121539138476,-99.17755636107762,19.44895271258651
2765,48,111,105.03205541839833,-99.1772705512864,19.448952992112066
2766,48,112,124.00289544541188,-99.17698474149027,19.44895327118732
2767,48,113,143.18129869744112,-99.17669893168924,19.448953549812266
2768,48,114,163.48660742193528,-99.17641312188329,19.44895382798691
2769,48,115,183.79377921776137,-99.17612731207244,19.44895410571125
2770,48,116,204.1009510135875,-99.1758415022567,19.448954382985274
2771,48,117,224.40812280941358,-99.17555569243608,19.448954659809004
2772,48,118,244.71529460523968,-99.17526988261058,19.448954936182428
2773,48,119,265.02246640106574,-99.1749840727802,19.44895521210554
2774,48,120,285.32963819689184,-99.17469826294497,19.44895548757835
2775,48,121,305.63680999271793,-99.17441245310489,19.448955762600857
2776,48,122,325.943981788544,-99.17412664325997,19.448956037173055
2777,48,123,345.4087701005812,-99.1738408334102,19.448956311294946
2778,49,88,346.12514085719994,-99.18384448058097,19.449217564991745
2779,49,89,326.16335522436873,-99.1835586704254,19.449217854428362
2780,49,90,306.2015695915375,-99.1832728602647,19.44921814341466
2781,49,91,286.2397839587063,-99.18298705009892,19.449218431950662
2782,49,92,266.27799832587516,-99.18270123992806,19.449218720036342
2783,49,93,246.31621269304395,-99.18241542975213,19.44921900767171
2784,49,94,226.3544270602128,-99.18212961957113,19.449219294856768
2785,49,95,206.3926414273816,-99.18184380938507,19.449219581591517
2786,49,96,186.43085579455038,-99.18155799919396,19.44921986787595
2787,49,97,166.4690701617192,-99.18127218899781,19.449220153710073
2788,49,98,146.507284528888,-99.18098637879663,19.44922043909389
2789,49,99,126.54549889605678,-99.18070056859041,19.44922072402739
2790,49,100,106.5837132632256,-99.18041475837917,19.44922100851058
2791,49,101,86.62192763039441,-99.18012894816295,19.449221292543463
2792,49,102,66.66014199756323,-99.17984313794169,19.44922157612602
2793,49,103,46.69835636473205,-99.17955732771546,19.449221859258277
2794,49,104,27.02678615828977,-99.17927151748422,19.449222141940222
2795,49,105,7.477603663699935,-99.17898570724802,19.449222424171854
2796,49,106,0.0,-99.17869989700684,19.449222705953172
2797,49,107,5.908488154007051,-99.17841408676068,19.44922298728418
2798,49,108,24.879328181020604,-99.1781282765096,19.44922326816487
2799,49,109,43.85016820803416,-99.17784246625355,19.449223548595253
2800,49,110,62.821008235047714,-99.17755665599256,19.44922382857533
2801,49,111,81.79184826206127,-99.17727084572665,19.44922410810509
2802,49,112,100.82130487645516,-99.1769850354558,19.44922438718454
2803,49,113,121.09734393046571,-99.17669922518006,19.449224665813674
2804,49,114,141.4045157262918,-99.17641341489939,19.4492249439925
2805,49,115,161.71168752211793,-99.17612760461382,19.449225221721008
2806,49,116,182.01885931794402,-99.17584179432336,19.449225498999205
2807,49,117,202.3260311137701,-99.17555598402802,19.44922577582709
2808,49,118,222.6332029095962,-99.17527017372781,19.44922605220467
2809,49,119,242.9403747054223,-99.17498436342272,19.449226328131935
2810,49,120,263.2475465012484,-99.17469855311279,19.44922660360889
2811,49,121,283.5547182970745,-99.174412742798,19.44922687863552
2812,49,122,303.15861603455545,-99.17412693247834,19.449227153211844
2813,49,123,322.35208225033,-99.17384112215387,19.44922742733786
2814,49,124,341.5455484661046,-99.17355531182456,19.449227701013562
2815,50,89,348.55815628061606,-99.18355897531443,19.44948897031928
2816,50,90,328.59637064778485,-99.18327316467902,19.44948925930993
2817,50,91,308.63458501495364,-99.18298735403853,19.449489547850263
2818,50,92,288.67279938212243,-99.18270154339294,19.449489835940273
2819,50,93,268.7110137492912,-99.18241573274229,19.44949012357997
2820,50,94,248.74922811646007,-99.18212992208656,19.449490410769346
2821,50,95,228.78744248362887,-99.18184411142579,19.449490697508402
2822,50,96,208.82565685079766,-99.18155830075996,19.449490983797144
2823,50,97,188.86387121796648,-99.18127249008909,19.44949126963556
2824,50,98,168.90208558513527,-99.18098667941318,19.449491555023663
2825,50,99,148.94029995230406,-99.18070086873223,19.44949183996145
2826,50,100,128.97851431947288,-99.18041505804628,19.449492124448913
2827,50,101,109.0167286866417,-99.18012924735531,19.449492408486062
2828,50,102,89.05494305381049,-99.17984343665935,19.449492692072887
2829,50,103,69.33183523258214,-99.1795576259584,19.4494929752094
2830,50,104,49.78265273799231,-99.17927181525243,19.449493257895593
2831,50,105,30.23347024340247,-99.17898600454151,19.449493540131463
2832,50,106,10.684287748812626,-99.1787001938256,19.44949382191702
2833,50,107,0.0,-99.17841438310475,19.449494103252256
2834,50,108,1.6391210246835455,-99.17812857237892,19.449494384137175
2835,50,109,20.609961051697095,-99.17784276164817,19.449494664571773
2836,50,110,39.58080107871065,-99.17755695091245,19.44949494455605
2837,50,111,58.55164110572421,-99.17727114017181,19.449495224090015
2838,50,112,78.70808043899618,-99.17698532942624,19.44949550317366
2839,50,113,99.01525223482227,-99.17669951867576,19.44949578180698
2840,50,114,119.32242403064836,-99.17641370792039,19.449496059989986
2841,50,115,139.62959582647446,-99.1761278971601,19.449496337722675
2842,50,116,159.93676762230058,-99.17584208639492,19.449496615005035
2843,50,117,180.24393941812667,-99.17555627562486,19.449496891837086
2844,50,118,200.55111121395277,-99.17527046484992,19.449497168218816
2845,50,119,220.8582830097789,-99.1749846540701,19.44949744415022
2846,50,120,241.16545480560498,-99.17469884328544,19.449497719631317
2847,50,121,260.90846196852965,-99.17441303249592,19.449497994662092
2848,50,122,280.10192818430426,-99.17412722170157,19.449498269242543
2849,50,123,299.29539440007886,-99.17384141090236,19.449498543372673
2850,50,124,318.4888606158534,-99.17355560009833,19.449498817052493
2851,50,125,337.682326831628,-99.17326978928948,19.449499090281986
2852,51,90,350.9911717040321,-99.18327346909842,19.449760375197098
2853,51,91,331.0293860712009,-99.18298765798319,19.449760663741763
2854,51,92,311.0676004383697,-99.1827018468629,19.449760951836105
2855,51,93,291.1058148055385,-99.1824160357375,19.449761239480125
2856,51,94,271.1440291727073,-99.18213022460706,19.449761526673814
2857,51,95,251.18224353987614,-99.18184441347155,19.44976181341718
2858,51,96,231.22045790704493,-99.18155860233098,19.449762099710227
2859,51,97,211.25867227421378,-99.18127279118539,19.44976238555294
2860,51,98,191.29688664138257,-99.18098698003475,19.449762670945336
2861,51,99,171.33510100855136,-99.18070116887908,19.449762955887397
2862,51,100,151.37331537572015,-99.1804153577184,19.44976324037914
2863,51,101,131.41152974288897,-99.1801295465527,19.44976352442056
2864,51,102,111.63688430687449,-99.17984373538201,19.44976380801165
2865,51,103,92.08770181228466,-99.1795579242063,19.44976409115242
2866,51,104,72.53851931769483,-99.17927211302563,19.44976437384286
2867,51,105,52.989336823105,-99.17898630183997,19.449764656082976
2868,51,106,33.440154328515156,-99.17870049064933,19.44976493787276
2869,51,107,13.890971833925324,-99.17841467945374,19.44976521921223
2870,51,108,0.0,-99.1781288682532,19.44976550010137
2871,51,109,0.0,-99.1778430570477,19.449765780540186
2872,51,110,16.340593922373593,-99.17755724583726,19.449766060528674
2873,51,111,36.31881694752664,-99.17727143462189,19.449766340066834
2874,51,112,56.62598874335274,-99.1769856234016,19.449766619154673
2875,51,113,76.93316053917884,-99.1766998121764,19.44976689779218
2876,51,114,97.24033233500494,-99.17641400094627,19.44976717597937
2877,51,115,117.54750413083103,-99.17612818971126,19.449767453716234
2878,51,116,137.8546759266571,-99.17584237847134,19.449767731002765
2879,51,117,158.16184772248323,-99.17555656722656,19.44976800783898
2880,51,118,178.46901951830932,-99.1752707559769,19.449768284224863
2881,51,119,198.77619131413542,-99.17498494472235,19.44976856016042
2882,51,120,218.65830790250394,-99.17469913346295,19.44976883564565
2883,51,121,237.8517741182785,-99.1744133221987,19.449769110680556
2884,51,122,257.0452403340531,-99.17412751092962,19.44976938526514
2885,51,123,276.23870654982767,-99.17384169965568,19.44976965939939
2886,51,124,295.4321727656023,-99.17355588837692,19.449769933083317
2887,51,125,314.6256389813768,-99.17327007709335,19.449770206316924
2888,51,126,333.81910519715143,-99.17298426580496,19.4497704791002
2889,52,92,333.462401494617,-99.1827021503379,19.45003206772384
2890,52,93,313.5006158617858,-99.18241633873778,19.45003235537218
2891,52,94,293.53883022895457,-99.1821305271326,19.45003264257019
2892,52,95,273.5770445961234,-99.18184471552236,19.450032929317867
2893,52,96,253.6152589632922,-99.18155890390706,19.45003321561521
2894,52,97,233.65347333046105,-99.18127309228672,19.450033501462226
2895,52,98,213.69168769762985,-99.18098728066134,19.45003378685891
2896,52,99,193.72990206479864,-99.18070146903094,19.450034071805256
2897,52,100,173.76811643196746,-99.18041565739553,19.450034356301277
2898,52,101,153.94193338116688,-99.18012984575509,19.450034640346963
2899,52,102,134.39275088657706,-99.17984403410965,19.450034923942315
2900,52,103,114.84356839198722,-99.17955822245922,19.45003520708734
2901,52,104,95.29438589739736,-99.17927241080382,19.450035489782028
2902,52,105,75.74520340280752,-99.17898659914341,19.450035772026386
2903,52,106,56.19602090821768,-99.17870078747804,19.450036053820416
2904,52,107,36.646838413627854,-99.1784149758077,19.450036335164107
2905,52,108,17.09765591903802,-99.17812916413241,19.450036616057467
2906,52,109,0.0,-99.17784335245219,19.450036896500492
2907,52,110,0.0,-99.17755754076701,19.450037176493193
2908,52,111,14.236725251883199,-99.1772717290769,19.45003745603556
2909,52,112,34.543897047709294,-99.17698591738188,19.450037735127587
2910,52,113,54.85106884353539,-99.17670010568193,19.450038013769287
2911,52,114,75.15824063936148,-99.17641429397707,19.45003829196066
2912,52,115,95.46541243518757,-99.17612848226732,19.450038569701697
2913,52,116,115.77258423101368,-99.17584267055268,19.450038846992395
2914,52,117,136.07975602683976,-99.17555685883315,19.45003912383277
2915,52,118,156.38692782266588,-99.17527104710874,19.450039400222803
2916,52,119,176.40815383647816,-99.17498523537947,19.450039676162515
2917,52,120,195.60162005225277,-99.17469942364532,19.450039951651885
2918,52,121,214.79508626802735,-99.17441361190635,19.450040226690927
2919,52,122,233.98855248380193,-99.17412780016251,19.45004050127963
2920,52,123,253.18201869957653,-99.17384198841384,19.450040775418007
2921,52,124,272.3754849153511,-99.17355617666034,19.450041049106044
2922,52,125,291.5689511311257,-99.17327036490201,19.450041322343758
2923,52,126,310.76241734690024,-99.1729845531389,19.450041595131133
2924,52,127,329.4731975305542,-99.17269874137095,19.45004186746818
2925,52,128,348.06686304017137,-99.17241292959822,19.45004213935489
2926,53,93,335.8954169180331,-99.18241664174313,19.450303471256134
2927,53,94,315.9336312852019,-99.18213082966321,19.450303758458464
2928,53,95,295.9718456523707,-99.18184501757823,19.45030404521045
2929,53,96,276.0100600195395,-99.18155920548818,19.450304331512097
2930,53,97,256.04827438670833,-99.18127339339308,19.45030461736341
2931,53,98,236.08648875387712,-99.18098758129297,19.45030490276438
2932,53,99,216.1247031210459,-99.18070176918782,19.450305187715013
2933,53,100,196.24698245545926,-99.18041595707766,19.45030547221531
2934,53,101,176.69779996086942,-99.18013014496248,19.450305756265262
2935,53,102,157.14861746627957,-99.1798443328423,19.450306039864877
2936,53,103,137.59943497168973,-99.17955852071712,19.45030632301416
2937,53,104,118.05025247709989,-99.17927270858696,19.450306605713095
2938,53,105,98.50106998251006,-99.17898689645182,19.450306887961695
2939,53,106,78.95188748792022,-99.1787010843117,19.450307169759956
2940,53,107,59.40270499333039,-99.17841527216662,19.450307451107882
2941,53,108,39.853522498740546,-99.17812946001659,19.450307732005466
2942,53,109,20.304340004150713,-99.17784364786161,19.45030801245271
2943,53,110,0.7551575095608756,-99.17755783570169,19.450308292449616
2944,53,111,0.0,-99.17727202353683,19.450308571996178
2945,53,112,12.461805352065848,-99.17698621136707,19.45030885109241
2946,53,113,32.768977147891945,-99.17670039919237,19.450309129738297
2947,53,114,53.07614894371804,-99.17641458701277,19.450309407933844
2948,53,115,73.38332073954413,-99.17612877482827,19.450309685679056
2949,53,116,93.69049253537023,-99.17584296263888,19.450309962973922
2950,53,117,113.9976643311963,-99.1755571504446,19.450310239818457
2951,53,118,134.15799977045245,-99.17527133824544,19.450310516212646
2952,53,119,153.35146598622703,-99.17498552604143,19.450310792156507
2953,53,120,172.54493220200163,-99.17469971383254,19.45031106765002
2954,53,121,191.73839841777618,-99.17441390161882,19.45031134269319
2955,53,122,210.93186463355076,-99.17412808940023,19.450311617286026
2956,53,123,230.12533084932537,-99.17384227717682,19.450311891428516
2957,53,124,249.31879706509994,-99.17355646494858,19.450312165120675
2958,53,125,268.51226328087455,-99.17327065271552,19.450312438362495
2959,53,126,287.3364735340609,-99.17298484047764,19.450312711153973
2960,53,127,305.93013904367797,-99.17269902823496,19.450312983495106
2961,53,128,324.5238045532951,-99.17241321598748,19.450313255385904
2962,53,129,343.1174700629123,-99.17212740373522,19.45031352682636
2963,54,94,338.3284323414492,-99.18213113219888,19.450574874338635
2964,54,95,318.36664670861796,-99.18184531963914,19.450575161094935
2965,54,96,298.40486107578676,-99.18155950707434,19.450575447400883
2966,54,97,278.44307544295555,-99.1812736945045,19.450575733256493
2967,54,98,258.4812898101244,-99.18098788192962,19.450576018661753
2968,54,99,238.552367073165,-99.18070206934972,19.450576303616664
2969,54,100,219.00284903516174,-99.1804162567648,19.45057658812124
2970,54,101,199.45366654057193,-99.18013044417488,19.450576872175464
2971,54,102,179.9044840459821,-99.17984463157994,19.450577155779346
2972,54,103,160.35530155139224,-99.17955881898,19.450577438932875
2973,54,104,140.8061190568024,-99.1792730063751,19.450577721636066
2974,54,105,121.25693656221257,-99.1789871937652,19.450578003888907
2975,54,106,101.70775406762274,-99.17870138115032,19.450578285691403
2976,54,107,82.1585715730329,-99.1784155685305,19.450578567043554
2977,54,108,62.60938907844306,-99.17812975590572,19.45057884794536
2978,54,109,43.06020658385323,-99.17784394327597,19.450579128396825
2979,54,110,23.51102408926339,-99.1775581306413,19.45057940839793
2980,54,111,3.961841594673556,-99.1772723180017,19.4505796879487
2981,54,112,0.0,-99.17698650535716,19.450579967049126
2982,54,113,10.686885452248497,-99.17670069270771,19.4505802456992
2983,54,114,30.99405724807459,-99.17641488005337,19.450580523898928
2984,54,115,51.30122904390068,-99.17612906739411,19.450580801648314
2985,54,116,71.60840083972678,-99.17584325472997,19.45058107894735
2986,54,117,91.90784570442669,-99.17555744206093,19.450581355796047
2987,54,118,111.10131192020125,-99.17527162938701,19.4505816321944
2988,54,119,130.29477813597586,-99.17498581670824,19.450581908142393
2989,54,120,149.48824435175044,-99.17470000402461,19.45058218364005
2990,54,121,168.68171056752502,-99.17441419133613,19.45058245868736
2991,54,122,187.8751767832996,-99.17412837864279,19.45058273328432
2992,54,123,207.06864299907417,-99.17384256594462,19.450583007430936
2993,54,124,226.26210921484878,-99.17355675324163,19.450583281127205
2994,54,125,245.19974953756753,-99.17327094053381,19.45058355437313
2995,54,126,263.7934150471846,-99.17298512782118,19.450583827168707
2996,54,127,282.3870805568018,-99.17269931510374,19.45058409951394
2997,54,128,300.9807460664189,-99.17241350238152,19.450584371408816
2998,54,129,319.574411576036,-99.17212768965449,19.450584642853357
2999,54,130,338.1680770856532,-99.17184187692268,19.450584913847553
3000,55,95,340.76144776486524,-99.1818456217051,19.45084627697131
3001,55,96,320.79966213203403,-99.18155980866554,19.450846563281566
3002,55,97,300.8378764992028,-99.18127399562094,19.450846849141467
3003,55,98,280.88023907005976,-99.18098818257131,19.45084713455102
3004,55,99,261.3078981094541,-99.18070236951664,19.45084741951022
3005,55,100,241.75871561486426,-99.18041655645696,19.450847704019065
3006,55,101,222.20953312027444,-99.18013074339227,19.450847988077555
3007,55,102,202.6603506256846,-99.17984493032257,19.450848271685704
3008,55,103,183.1111681310948,-99.17955911724788,19.450848554843493
3009,55,104,163.56198563650494,-99.1792733041682,19.45084883755093
3010,55,105,144.0128031419151,-99.17898749108355,19.450849119808016
3011,55,106,124.46362064732526,-99.17870167799391,19.450849401614743
3012,55,107,104.91443815273543,-99.17841586489932,19.45084968297113
3013,55,108,85.36525565814559,-99.17813005179977,19.450849963877154
3014,55,109,65.81607316355576,-99.17784423869527,19.45085024433283
3015,55,110,46.26689066896592,-99.17755842558584,19.45085052433815
3016,55,111,27.011904260642392,-99.17727261247148,19.450850803893122
3017,55,112,8.6684792283659,-99.17698679935218,19.45085108299774
3018,55,113,0.0,-99.17670098622798,19.450851361652003
3019,55,114,8.911965552431152,-99.17641517309886,19.450851639855916
3020,55,115,29.219137348257245,-99.17612935996483,19.45085191760948
3021,55,116,49.52630914408334,-99.17584354682593,19.45085219491268
3022,55,117,68.85115785417554,-99.17555773368214,19.450852471765536
3023,55,118,88.0446240699501,-99.17527192053346,19.45085274816804
3024,55,119,107.23809028572471,-99.17498610737994,19.450853024120185
3025,55,120,126.43155650149929,-99.17470029422154,19.45085329962198
3026,55,121,145.62502271727385,-99.17441448105828,19.450853574673417
3027,55,122,164.81848893304843,-99.17412866789019,19.450853849274512
3028,55,123,184.011955148823,-99.17384285471725,19.45085412342525
3029,55,124,203.06302554107418,-99.1735570415395,19.45085439712563
3030,55,125,221.65669105069134,-99.17327122835692,19.45085467037566
3031,55,126,240.25035656030843,-99.17298541516953,19.45085494317534
3032,55,127,258.84402206992553,-99.17269960197733,19.450855215524665
3033,55,128,277.4376875795427,-99.17241378878033,19.450855487423635
3034,55,129,296.0313530891598,-99.17212797557855,19.450855758872247
3035,55,130,314.62501859877693,-99.17184216237199,19.450856029870515
3036,55,131,333.21868410839403,-99.17155634916065,19.450856300418423
3037,56,96,343.19446318828136,-99.18156011026177,19.45111767915415
3038,56,97,323.23267755545015,-99.18127429674242,19.45111796501835
3039,56,98,303.6129471837464,-99.18098848321802,19.451118250432195
3040,56,99,284.0637646891566,-99.18070266968857,19.45111853539568
3041,56,100,264.5145821945668,-99.18041685615412,19.4511188199088
3042,56,101,244.96539969997693,-99.18013104261468,19.45111910397156
3043,56,102,225.41621720538714,-99.1798452290702,19.45111938758397
3044,56,103,205.8670347107973,-99.17955941552074,19.45111967074601
3045,56,104,186.31785221620748,-99.1792736019663,19.451119953457702
3046,56,105,166.7686697216176,-99.17898778840686,19.451120235719024
3047,56,106,147.2194872270278,-99.17870197484247,19.451120517529997
3048,56,107,127.67030473243796,-99.1784161612731,19.451120798890607
3049,56,108,108.12112223784813,-99.17813034769878,19.451121079800856
3050,56,109,88.57193974325828,-99.17784453411952,19.451121360260743
3051,56,110,69.09515384099274,-99.17755872053532,19.45112164027028
3052,56,111,50.750454302404684,-99.17727290694617,19.451121919829447
3053,56,112,32.407029270128184,-99.17698709335211,19.451122198938258
3054,56,113,14.063604237851687,-99.17670127975315,19.451122477596712
3055,56,114,0.0,-99.17641546614925,19.451122755804807
3056,56,115,7.137045652613803,-99.17612965254047,19.45112303356254
3057,56,116,26.601003788149786,-99.1758438389268,19.451123310869914
3058,56,117,45.79447000392437,-99.17555802530823,19.451123587726933
3059,56,118,64.98793621969895,-99.17527221168478,19.451123864133585
3060,56,119,84.18140243547353,-99.17498639805648,19.451124140089885
3061,56,120,103.37486865124812,-99.1747005844233,19.451124415595817
3062,56,121,122.56833486702267,-99.17441477078529,19.451124690651394
3063,56,122,141.76180108279726,-99.17412895714243,19.451124965256607
3064,56,123,160.92630154458087,-99.17384314349472,19.451125239411468
3065,56,124,179.51996705419796,-99.1735573298422,19.451125513115965
3066,56,125,198.1136325638151,-99.17327151618485,19.4511257863701
3067,56,126,216.7072980734322,-99.17298570252268,19.45112605917388
3068,56,127,235.30096358304934,-99.17269988885572,19.4511263315273
3069,56,128,253.89462909266643,-99.17241407518395,19.45112660343035
3070,56,129,272.4882946022836,-99.1721282615074,19.451126874883048
3071,56,130,291.08196011190074,-99.17184244782607,19.451127145885387
3072,56,131,309.67562562151784,-99.17155663413996,19.451127416437366
3073,56,132,328.26929113113493,-99.17127082044908,19.45112768653898
3074,56,133,346.8629566407521,-99.17098500675345,19.45112795619024
3075,57,97,345.91799625803884,-99.18127459786892,19.451389080887132
3076,57,98,326.368813763449,-99.18098878386974,19.451389366305264
3077,57,99,306.81963126885915,-99.18070296986554,19.45138965127303
3078,57,100,287.2704487742693,-99.1804171558563,19.45138993579043
3079,57,101,267.72126627967947,-99.18013134184207,19.451390219857462
3080,57,102,248.17208378508963,-99.17984552782283,19.451390503474126
3081,57,103,228.62290129049984,-99.1795597137986,19.45139078664043
3082,57,104,209.07371879591,-99.17927389976937,19.451391069356365
3083,57,105,189.52453630132018,-99.17898808573516,19.451391351621936
3084,57,106,169.9753538067303,-99.17870227169598,19.45139163343714
3085,57,107,150.4261713121405,-99.17841645765185,19.451391914801984
3086,57,108,130.87698881755065,-99.17813064360274,19.45139219571645
3087,57,109,111.32780632296083,-99.1778448295487,19.45139247618056
3088,57,110,92.83242937644344,-99.17755901548972,19.451392756194295
3089,57,111,74.48900434416696,-99.1772732014258,19.45139303575767
3090,57,112,56.145579311890465,-99.17698738735696,19.45139331487068
3091,57,113,37.80215427961397,-99.17670157328321,19.451393593533318
3092,57,114,19.45872924733748,-99.17641575920454,19.451393871745594
3093,57,115,1.1153042150609838,-99.17612994512098,19.451394149507504
3094,57,116,3.5443159378986095,-99.17584413103252,19.451394426819043
3095,57,117,22.73778215367319,-99.17555831693919,19.451394703680222
3096,57,118,41.93124836944777,-99.17527250284097,19.451394980091035
3097,57,119,61.12471458522235,-99.17498668873789,19.451395256051473
3098,57,120,80.31818080099693,-99.17470087462993,19.45139553156155
3099,57,121,99.51164701677152,-99.17441506051715,19.45139580662126
3100,57,122,118.70511323254611,-99.1741292463995,19.451396081230605
3101,57,123,137.38324305770465,-99.17384343227702,19.451396355389587
3102,57,124,155.97690856732174,-99.17355761814972,19.45139662909819
3103,57,125,174.57057407693887,-99.17327180401757,19.451396902356436
3104,57,126,193.164239586556,-99.17298598988064,19.451397175164317
3105,57,127,211.75790509617312,-99.1727001757389,19.451397447521824
3106,57,128,230.35157060579022,-99.17241436159236,19.45139771942897
3107,57,129,248.94523611540737,-99.17212854744102,19.45139799088575
3108,57,130,267.5389016250245,-99.1718427332849,19.45139826189216
3109,57,131,286.13256713464165,-99.17155691912401,19.451398532448206
3110,57,132,304.7262326442587,-99.17127110495836,19.45139880255388
3111,57,133,323.31989815387584,-99.17098529078797,19.45139907220919
3112,57,134,341.913563663493,-99.1706994766128,19.45139934141413
3113,58,98,349.1246803431515,-99.1809890845265,19.451660482170237
3114,58,99,329.57549784856167,-99.1807032700475,19.451660767142283
3115,58,100,310.0263153539718,-99.1804174555635,19.451661051663958
3116,58,101,290.477132859382,-99.18013164107447,19.45166133573526
3117,58,102,270.9279503647922,-99.17984582658045,19.45166161935619
3118,58,103,251.37876787020238,-99.17956001208142,19.451661902526748
3119,58,104,231.82958537561254,-99.17927419757741,19.451662185246935
3120,58,105,212.2804028810227,-99.17898838306843,19.451662467516748
3121,58,106,192.73122038643282,-99.17870256855446,19.451662749336187
3122,58,107,173.182037891843,-99.17841675403554,19.45166303070525
3123,58,108,153.6328553972532,-99.17813093951166,19.451663311623946
3124,58,109,134.9144044504822,-99.17784512498282,19.45166359209227
3125,58,110,116.57097941820571,-99.17755931044907,19.451663872110217
3126,58,111,98.22755438592922,-99.17727349591036,19.45166415167779
3127,58,112,79.88412935365274,-99.17698768136674,19.45166443079499
3128,58,113,61.54070432137624,-99.17670186681819,19.451664709461824
3129,58,114,43.197279289099754,-99.17641605226474,19.451664987678274
3130,58,115,24.853854256823258,-99.17613023770639,19.451665265444365
3131,58,116,6.510429224546755,-99.17584442314315,19.451665542760075
3132,58,117,0.0,-99.17555860857502,19.45166581962541
3133,58,118,18.874560519196606,-99.17527279400203,19.451666096040373
3134,58,119,38.06802673497119,-99.17498697942415,19.45166637200496
3135,58,120,57.26149295074577,-99.17470116484142,19.451666647519186
3136,58,121,76.45495916652035,-99.17441535025384,19.45166692258303
3137,58,122,95.24651906121127,-99.17412953566142,19.4516671971965
3138,58,123,113.8401845708284,-99.17384372106415,19.451667471359595
3139,58,124,132.43385008044552,-99.17355790646205,19.45166774507232
3140,58,125,151.02751559006265,-99.17327209185514,19.451668018334672
3141,58,126,169.62118109967975,-99.17298627724341,19.45166829114665
3142,58,127,188.2148466092969,-99.17270046262688,19.451668563508257
3143,58,128,206.80851211891402,-99.17241464800554,19.451668835419486
3144,58,129,225.40217762853112,-99.17212883337943,19.451669106880345
3145,58,130,243.99584313814827,-99.17184301874853,19.451669377890827
3146,58,131,262.5895086477654,-99.17155720411286,19.451669648450938
3147,58,132,281.1831741573825,-99.17127138947242,19.451669918560675
3148,58,133,299.7768396669996,-99.17098557482723,19.45167018822004
3149,58,134,318.37050517661675,-99.17069976017729,19.45167045742903
3150,58,135,336.9641706862339,-99.1704139455226,19.451670726187643
3151,59,100,332.78218193367434,-99.18041775527571,19.451932167529385
3152,59,101,313.23299943908455,-99.18013194031188,19.451932451604964
3153,59,102,293.6838169444947,-99.17984612534306,19.451932735230155
3154,59,103,274.1346344499049,-99.17956031036924,19.45193301840497
3155,59,104,254.58545195531508,-99.17927449539044,19.451933301129404
3156,59,105,235.03626946072524,-99.17898868040666,19.451933583403456
3157,59,106,215.4870869661354,-99.1787028654179,19.45193386522713
3158,59,107,195.93790447154552,-99.17841705042419,19.451934146600426
3159,59,108,176.996379524521,-99.17813123542551,19.451934427523344
3160,59,109,158.6529544922445,-99.17784542042189,19.45193470799588
3161,59,110,140.309529459968,-99.17755960541334,19.45193498801803
3162,59,111,121.9661044276915,-99.17727379039982,19.451935267589814
3163,59,112,103.622679395415,-99.17698797538141,19.45193554671121
3164,59,113,85.27925436313852,-99.17670216035809,19.45193582538223
3165,59,114,66.93582933086203,-99.17641634532984,19.451936103602865
3166,59,115,48.592404298585535,-99.1761305302967,19.451936381373127
3167,59,116,30.248979266309032,-99.17584471525866,19.451936658693
3168,59,117,11.905554234032543,-99.17555890021575,19.4519369355625
3169,59,118,0.0,-99.17527308516794,19.45193721198162
3170,59,119,15.011338884720029,-99.17498727011528,19.45193748795036
3171,59,120,34.20480510049461,-99.17470145505776,19.45193776346872
3172,59,121,53.109795064717936,-99.17441563999537,19.451938038536696
3173,59,122,71.70346057433507,-99.17412982492816,19.451938313154294
3174,59,123,90.29712608395218,-99.1738440098561,19.451938587321514
3175,59,124,108.8907915935693,-99.17355819477922,19.45193886103835
3176,59,125,127.48445710318643,-99.17327237969751,19.45193913430481
3177,59,126,146.07812261280355,-99.17298656461098,19.451939407120886
3178,59,127,164.67178812242068,-99.17270074951965,19.451939679486586
3179,59,128,183.2654536320378,-99.17241493442353,19.451939951401904
3180,59,129,201.8591191416549,-99.17212911932262,19.45194022286684
3181,59,130,220.45278465127205,-99.17184330421692,19.4519404938814
3182,59,131,239.04645016088915,-99.17155748910645,19.451940764445574
3183,59,132,257.64011567050625,-99.17127167399121,19.45194103455937
3184,59,133,276.2337811801234,-99.17098585887123,19.45194130422279
3185,59,134,294.8274466897405,-99.17070004374649,19.45194157343582
3186,59,135,313.42111219935765,-99.170414228617,19.451941842198476
3187,59,136,332.0147777089748,-99.1701284134828,19.45194211051075
3188,59,137,350.60844321859184,-99.16984259834386,19.45194237837265
3189,60,101,335.98886601878706,-99.1801322395543,19.452203567466558
3190,60,102,316.4396835241972,-99.17984642411068,19.452203851096016
3191,60,103,296.8905010296075,-99.17956060866206,19.45220413427508
3192,60,104,277.3413185350176,-99.17927479320845,19.452204417003767
3193,60,105,257.79213604042775,-99.17898897774987,19.452204699282063
3194,60,106,238.24295354583788,-99.17870316228631,19.452204981109972
3195,60,107,219.07835459855977,-99.1784173468178,19.4522052624875
3196,60,108,200.73492956628328,-99.17813153134432,19.452205543414642
3197,60,109,182.3915045340068,-99.1778457158659,19.45220582389139
3198,60,110,164.04807950173029,-99.17755990038253,19.452206103917753
3199,60,111,145.7046544694538,-99.17727408489424,19.452206383493735
3200,60,112,127.3612294371773,-99.17698826940102,19.452206662619325
3201,60,113,109.0178044049008,-99.17670245390288,19.45220694129453
3202,60,114,90.6743793726243,-99.17641663839983,19.45220721951935
3203,60,115,72.33095434034782,-99.17613082289189,19.452207497293788
3204,60,116,53.987529308071316,-99.17584500737905,19.452207774617836
3205,60,117,34.014061314641616,-99.17555919186134,19.45220805149149
3206,60,118,13.319290338842048,-99.17527337633874,19.452208327914764
3207,60,119,0.0,-99.17498756081126,19.452208603887648
3208,60,120,10.973071068224563,-99.17470174527895,19.452208879410154
3209,60,121,29.566736577841684,-99.17441592974176,19.45220915448226
3210,60,122,48.160402087458806,-99.17413011419973,19.452209429103984
3211,60,123,66.75406759707593,-99.17384429865287,19.452209703275326
3212,60,124,85.34773310669306,-99.17355848310119,19.452209976996276
3213,60,125,103.94139861631017,-99.17327266754468,19.452210250266848
3214,60,126,122.53506412592729,-99.17298685198335,19.45221052308702
3215,60,127,141.1287296355444,-99.17270103641724,19.452210795456814
3216,60,128,159.72239514516156,-99.1724152208463,19.45221106737622
3217,60,129,178.31606065477865,-99.17212940527058,19.452211338845235
3218,60,130,196.90972616439578,-99.17184358969008,19.452211609863866
3219,60,131,215.5033916740129,-99.17155777410483,19.45221188043211
3220,60,132,234.09705718363003,-99.17127195851478,19.45221215054997
3221,60,133,252.69072269324715,-99.17098614292,19.452212420217435
3222,60,134,271.2843882028643,-99.17070032732046,19.452212689434514
3223,60,135,289.87805371248146,-99.17041451171617,19.45221295820121
3224,60,136,308.47171922209856,-99.17012869610716,19.45221322651752
3225,60,137,327.0653847317156,-99.1698428804934,19.452213494383436
3226,60,138,345.65905024133275,-99.16955706487495,19.452213761798973
3227,61,102,339.19555010389973,-99.17984672288328,19.452474966953776
3228,61,103,319.64636760931,-99.17956090695985,19.4524752501371
3229,61,104,300.09718511472016,-99.17927509103144,19.452475532870032
3230,61,105,280.5480026201303,-99.17898927509806,19.452475815152575
3231,61,106,261.1859291342934,-99.17870345915968,19.45247609698472
3232,61,107,242.81690464032206,-99.17841764321636,19.452476378366473
3233,61,108,224.47347960804555,-99.17813182726807,19.45247665929783
3234,61,109,206.13005457576904,-99.17784601131484,19.452476939778798
3235,61,110,187.78662954349255,-99.17756019535666,19.452477219809374
3236,61,111,169.44320451121607,-99.17727437939355,19.452477499389556
3237,61,112,151.09977947893958,-99.17698856342552,19.45247777851934
3238,61,113,132.75635444666307,-99.1767027474526,19.452478057198736
3239,61,114,114.4129294143866,-99.17641693147473,19.452478335427738
3240,61,115,96.0695043821101,-99.17613111549198,19.452478613206345
3241,61,116,76.42809687880153,-99.17584529950433,19.452478890534557
3242,61,117,55.73332590300197,-99.1755594835118,19.452479167412378
3243,61,118,35.038554927202405,-99.1752736675144,19.452479443839806
3244,61,119,14.343783951402834,-99.17498785151211,19.45247971981684
3245,61,120,0.0,-99.17470203550498,19.45247999534348
3246,61,121,6.023678090965463,-99.17441621949298,19.45248027041973
3247,61,122,24.617343600582583,-99.17413040347616,19.45248054504558
3248,61,123,43.211009110199704,-99.1738445874545,19.452480819221044
3249,61,124,61.80467461981683,-99.17355877142799,19.45248109294611
3250,61,125,80.39834012943395,-99.17327295539667,19.452481366220777
3251,61,126,98.99200563905107,-99.17298713936054,19.45248163904506
3252,61,127,117.5856711486682,-99.1727013233196,19.452481911418946
3253,61,128,136.17933665828534,-99.17241550727387,19.452482183342436
3254,61,129,154.77300216790243,-99.17212969122333,19.45248245481553
3255,61,130,173.36666767751956,-99.17184387516802,19.452482725838237
3256,61,131,191.9603331871367,-99.17155805910795,19.452482996410545
3257,61,132,210.5539986967538,-99.1712722430431,19.45248326653246
3258,61,133,229.14766420637093,-99.17098642697351,19.452483536203985
3259,61,134,247.7413297159881,-99.17070061089915,19.452483805425107
3260,61,135,266.3349952256052,-99.17041479482006,19.452484074195844
3261,61,136,284.92866073522237,-99.17012897873623,19.452484342516186
3262,61,137,303.52232624483935,-99.16984316264768,19.45248461038613
3263,61,138,322.1159917544565,-99.16955734655441,19.452484877805684
3264,61,139,340.70965726407366,-99.16927153045643,19.452485144774837
3265,62,103,342.4022341890125,-99.17956120526264,19.452746365991022
3266,62,104,322.8530516944227,-99.17927538885941,19.452746648728198
3267,62,105,303.3773751227444,-99.1789895724512,19.45274693101498
3268,62,106,284.8988797143608,-99.17870375603802,19.452747212851364
3269,62,107,266.5554546820843,-99.17841793961988,19.452747494237347
3270,62,108,248.21202964980785,-99.17813212319678,19.452747775172924
3271,62,109,229.86860461753136,-99.17784630676871,19.452748055658112
3272,62,110,211.52517958525485,-99.17756049033574,19.452748335692892
3273,62,111,193.18175455297836,-99.17727467389781,19.452748615277276
3274,62,112,174.83832952070185,-99.17698885745496,19.452748894411258
3275,62,113,156.49490448842536,-99.1767030410072,19.45274917309484
3276,62,114,138.15147945614888,-99.17641722455453,19.45274945132802
3277,62,115,118.84213244296143,-99.17613140809695,19.452749729110806
3278,62,116,98.14736146716189,-99.17584559163448,19.452750006443193
3279,62,117,77.45259049136232,-99.17555977516714,19.45275028332517
3280,62,118,56.75781951556275,-99.17527395869492,19.452750559756755
3281,62,119,36.06304853976319,-99.17498814221783,19.452750835737938
3282,62,120,15.368277563963625,-99.17470232573588,19.452751111268714
3283,62,121,0.0,-99.17441650924906,19.452751386349096
3284,62,122,1.0742851137063631,-99.17413069275742,19.45275166097908
3285,62,123,19.667950623323485,-99.17384487626093,19.452751935158656
3286,62,124,38.26161613294061,-99.17355905975961,19.452752208887837
3287,62,125,56.85528164255773,-99.17327324325348,19.45275248216662
3288,62,126,75.44894715217485,-99.17298742674252,19.452752754994997
3289,62,127,94.04261266179198,-99.17270161022677,19.452753027372975
3290,62,128,112.6362781714091,-99.17241579370621,19.452753299300554
3291,62,129,131.22994368102624,-99.17212997718087,19.45275357077773
3292,62,130,149.82360919064334,-99.17184416065075,19.452753841804505
3293,62,131,168.41727470026046,-99.17155834411584,19.452754112380884
3294,62,132,187.0109402098776,-99.17127252757618,19.45275438250686
3295,62,133,205.6046057194947,-99.17098671103176,19.45275465218243
3296,62,134,224.1982712291118,-99.1707008944826,19.452754921407607
3297,62,135,242.79193673872896,-99.17041507792868,19.452755190182383
3298,62,136,261.38560224834606,-99.17012926137004,19.452755458506747
3299,62,137,279.97926775796316,-99.16984344480667,19.452755726380722
3300,62,138,298.57293326758025,-99.16955762823858,19.4527559938043
3301,62,139,317.1665987771974,-99.16927181166578,19.452756260777463
3302,62,140,336.3314962402166,-99.16898599508828,19.452756527300235
3303,63,104,345.6263501166956,-99.17927568669236,19.453017764578263
3304,63,105,326.9808547883996,-99.17898986980933,19.45301804686929
3305,63,106,308.63742975612314,-99.17870405292132,19.45301832870991
3306,63,107,290.29400472384657,-99.17841823602835,19.453018610100116
3307,63,108,271.9505796915701,-99.17813241913042,19.453018891039925
3308,63,109,253.6071546592936,-99.17784660222755,19.45301917152932
3309,63,110,235.2637296270171,-99.17756078531974,19.453019451568313
3310,63,111,216.92030459474063,-99.17727496840698,19.453019731156893
3311,63,112,198.57687956246411,-99.17698915148931,19.453020010295074
3312,63,113,180.23345453018763,-99.17670333456672,19.45302028898284
3313,63,114,161.25616800712137,-99.17641751763922,19.453020567220207
3314,63,115,140.5613970313218,-99.17613170070683,19.453020845007163
3315,63,116,119.86662605552222,-99.17584588376954,19.453021122343717
3316,63,117,99.17185507972265,-99.17556006682736,19.453021399229854
3317,63,118,78.47708410392312,-99.17527424988032,19.453021675665592
3318,63,119,57.78231312812353,-99.17498843292839,19.453021951650925
3319,63,120,37.08754215232398,-99.17470261597163,19.453022227185844
3320,63,121,16.392771176524413,-99.17441679900999,19.453022502270365
3321,63,122,0.0,-99.17413098204351,19.45302277690447
3322,63,123,0.0,-99.1738451650722,19.45302305108817
3323,63,124,14.718557646064387,-99.17355934809605,19.453023324821466
3324,63,125,33.31222315568151,-99.17327353111509,19.45302359810435
3325,63,126,51.90588866529863,-99.1729877141293,19.45302387093683
3326,63,127,70.49955417491576,-99.17270189713872,19.453024143318906
3327,63,128,89.09321968453287,-99.17241608014335,19.453024415250574
3328,63,129,107.68688519415,-99.17213026314317,19.453024686731823
3329,63,130,126.28055070376712,-99.17184444613822,19.453024957762672
3330,63,131,144.87421621338424,-99.1715586291285,19.45302522834312
3331,63,132,163.46788172300137,-99.17127281211403,19.453025498473153
3332,63,133,182.0615472326185,-99.17098699509476,19.45302576815278
3333,63,134,200.6552127422356,-99.17070117807077,19.453026037382
3334,63,135,219.24887825185274,-99.17041536104205,19.45302630616081
3335,63,136,237.84254376146987,-99.17012954400856,19.45302657448922
3336,63,137,256.43620927108697,-99.16984372697037,19.453026842367215
3337,63,138,275.02987478070406,-99.16955790992745,19.45302710979481
3338,63,139,293.9904998278209,-99.16927209287982,19.453027376771992
3339,63,140,313.8400278112325,-99.1689862758275,19.45302764329877
3340,63,141,333.69283234631035,-99.16870045877049,19.45302790937513
3341,64,105,350.71940483016186,-99.17899016717243,19.453289162715496
3342,64,106,332.37597979788535,-99.17870434980958,19.453289444560347
3343,64,107,314.0325547656089,-99.17841853244178,19.453289725954786
3344,64,108,295.6891297333324,-99.17813271506901,19.453290006898815
3345,64,109,277.3457047010559,-99.17784689769131,19.45329028739243
3346,64,110,259.0022796687794,-99.17756108030866,19.453290567435626
3347,64,111,240.6588546365029,-99.17727526292107,19.453290847028413
3348,64,112,222.3154296042264,-99.17698944552858,19.453291126170786
3349,64,113,203.67020357128126,-99.17670362813116,19.453291404862746
3350,64,114,182.9754325954817,-99.17641781072882,19.45329168310429
3351,64,115,162.28066161968212,-99.1761319933216,19.453291960895424
3352,64,116,141.58589064388258,-99.17584617590947,19.45329223823614
3353,64,117,120.89111966808301,-99.17556035849248,19.453292515126446
3354,64,118,100.19634869228344,-99.17527454107058,19.453292791566337
3355,64,119,79.50157771648388,-99.17498872364382,19.453293067555816
3356,64,120,58.80680674068433,-99.17470290621222,19.45329334309488
3357,64,121,38.112035764884766,-99.17441708877574,19.45329361818353
3358,64,122,18.012121393478104,-99.17413127133445,19.453293892821762
3359,64,123,0.0,-99.17384545388829,19.453294167009584
3360,64,124,0.0,-99.17355963643732,19.453294440746994
3361,64,125,9.769164668805287,-99.17327381898151,19.453294714033984
3362,64,126,28.362830178422406,-99.1729880015209,19.453294986870564
3363,64,127,46.95649568803953,-99.1727021840555,19.453295259256727
3364,64,128,65.55016119765665,-99.17241636658528,19.453295531192484
3365,64,129,84.14382670727377,-99.17213054911028,19.453295802677815
3366,64,130,102.7374922168909,-99.17184473163049,19.453296073712742
3367,64,131,121.33115772650802,-99.17155891414593,19.453296344297254
3368,64,132,139.92482323612512,-99.1712730966566,19.45329661443135
3369,64,133,158.51848874574227,-99.17098727916253,19.45329688411503
3370,64,134,177.1121542553594,-99.1707014616637,19.45329715334829
3371,64,135,195.7058197649765,-99.17041564416013,19.453297422131147
3372,64,136,214.29948527459365,-99.17012982665183,19.453297690463586
3373,64,137,232.89315078421075,-99.1698440091388,19.45329795834561
3374,64,138,251.67516454849127,-99.16955819162105,19.45329822577722
3375,64,139,271.4957548471704,-99.16927237409858,19.453298492758414
3376,64,140,291.3485593822483,-99.16898655657143,19.45329875928919
3377,64,141,311.2013639173262,-99.16870073903956,19.45329902536956
3378,64,142,331.05416845240404,-99.16841492150303,19.453299290999507
3379,64,143,350.90697298748194,-99.1681291039618,19.453299556179044
3380,65,107,337.77110480737116,-99.17841882886016,19.453560841801348
3381,65,108,319.42767977509465,-99.17813301101256,19.4535611227496
3382,65,109,301.0842547428182,-99.17784719316,19.45356140324743
3383,65,110,282.7408297105417,-99.17756137530253,19.45356168329484
3384,65,111,264.3974046782652,-99.1772755574401,19.453561962891822
3385,65,112,246.05397964598873,-99.17698973957276,19.453562242038398
3386,65,113,225.3894681596416,-99.1767039217005,19.453562520734543
3387,65,114,204.69469718384204,-99.17641810382331,19.453562798980272
3388,65,115,183.9999262080425,-99.17613228594125,19.453563076775573
3389,65,116,163.30515523224292,-99.17584646805429,19.453563354120462
3390,65,117,142.61038425644338,-99.17556065016244,19.45356363101493
3391,65,118,121.91561328064381,-99.17527483226571,19.453563907458975
3392,65,119,101.22084230484424,-99.17498901436412,19.453564183452603
3393,65,120,80.52607132904468,-99.17470319645767,19.4535644589958
3394,65,121,60.3770211390382,-99.17441737854637,19.453564734088587
3395,65,122,40.33641949923856,-99.1741315606302,19.453565008730948
3396,65,123,20.29581785943892,-99.17384574270922,19.45356528292289
3397,65,124,0.2552162196392819,-99.1735599247834,19.453565556664408
3398,65,125,0.0,-99.17327410685276,19.453565829955515
3399,65,126,4.819771691546202,-99.17298828891731,19.45356610279619
3400,65,127,23.413437201163326,-99.17270247097704,19.453566375186455
3401,65,128,42.007102710780444,-99.172416653032,19.453566647126294
3402,65,129,60.600768220397576,-99.17213083508216,19.45356691861571
3403,65,130,79.19443373001471,-99.17184501712752,19.453567189654706
3404,65,131,97.78809923963183,-99.17155919916813,19.45356746024328
3405,65,132,116.38176474924893,-99.17127338120396,19.45356773038144
3406,65,133,134.97543025886606,-99.17098756323504,19.45356800006917
3407,65,134,153.5690957684832,-99.17070174526137,19.45356826930648
3408,65,135,172.1627612781003,-99.17041592728296,19.453568538093368
3409,65,136,190.75642678771743,-99.1701301092998,19.453568806429843
3410,65,137,209.40478244779501,-99.16984429131193,19.453569074315897
3411,65,138,229.1514818831084,-99.16955847331934,19.45356934175152
3412,65,139,249.0042864181863,-99.16927265532205,19.45356960873673
3413,65,140,268.85709095326416,-99.16898683732003,19.453569875271512
3414,65,141,288.70989548834206,-99.16870101931333,19.45357014135588
3415,65,142,308.56270002341995,-99.16841520130195,19.453570406989822
3416,65,143,328.4155045584978,-99.16812938328589,19.453570672173345
3417,65,144,348.2683090935757,-99.16784356526517,19.45357093690645
3418,66,108,343.16622981685697,-99.17813330696106,19.453832238592287
3419,66,109,324.8228047845805,-99.17784748863366,19.453832519094338
3420,66,110,306.47937975230394,-99.17756167030132,19.45383279914595
3421,66,111,288.1359547200275,-99.17727585196404,19.453833078747145
3422,66,112,267.80350372380155,-99.17699003362185,19.453833357897906
3423,66,113,247.10873274800196,-99.17670421527474,19.453833636598244
3424,66,114,226.41396177220244,-99.17641839692271,19.45383391484815
3425,66,115,205.71919079640287,-99.1761325785658,19.45383419264763
3426,66,116,185.0244198206033,-99.17584676020398,19.453834469996686
3427,66,117,164.32964884480373,-99.17556094183729,19.453834746895314
3428,66,118,143.63487786900416,-99.17527512346572,19.453835023343512
3429,66,119,122.9401068932046,-99.17498930508927,19.45383529934129
3430,66,120,102.74192088459829,-99.17470348670797,19.453835574888632
3431,66,121,82.70131924479867,-99.17441766832181,19.45383584998555
3432,66,122,62.66071760499902,-99.17413184993082,19.453836124632033
3433,66,123,42.620115965199375,-99.17384603153498,19.453836398828102
3434,66,124,22.57951432539974,-99.17356021313431,19.453836672573736
3435,66,125,2.538912685600101,-99.17327439472882,19.453836945868947
3436,66,126,0.0,-99.17298857631852,19.45383721871373
3437,66,127,0.0,-99.17270275790341,19.453837491108075
3438,66,128,18.464044223904224,-99.1724169394835,19.453837763052004
3439,66,129,37.05770973352136,-99.17213112105881,19.4538380345455
3440,66,130,55.651375243138475,-99.17184530262932,19.45383830558857
3441,66,131,74.2450407527556,-99.17155948419509,19.453838576181212
3442,66,132,92.83870626237271,-99.17127366575608,19.45383884632342
3443,66,133,111.43237177198985,-99.1709878473123,19.453839116015214
3444,66,134,130.026037281607,-99.17070202886379,19.45383938525657
3445,66,135,148.61970279122409,-99.17041621041052,19.453839654047503
3446,66,136,167.2133683008412,-99.17013039195251,19.453839922388003
3447,66,137,186.80720891904636,-99.1698445734898,19.453840190278086
3448,66,138,206.66001345412425,-99.16955875502235,19.453840457717735
3449,66,139,226.51281798920212,-99.1692729365502,19.45384072470695
3450,66,140,246.36562252428,-99.16898711807335,19.45384099124574
3451,66,141,266.2184270593579,-99.16870129959179,19.45384125733411
3452,66,142,286.07123159443574,-99.16841548110557,19.45384152297204
3453,66,143,305.92403612951364,-99.16812966261466,19.453841788159547
3454,66,144,325.596920953067,-99.16784384411908,19.453842052896626
3455,66,145,344.23876228311514,-99.16755802561883,19.453842317183277
3456,67,109,348.5613548263428,-99.17784778411223,19.45410363493314
3457,67,110,330.2179297940663,-99.17756196530505,19.454103914988963
3458,67,111,310.2175392879614,-99.17727614649291,19.454104194594354
3459,67,112,289.52276831216193,-99.17699032767587,19.454104473749315
3460,67,113,268.82799733636233,-99.1767045088539,19.454104752453837
3461,67,114,248.13322636056276,-99.17641869002702,19.454105030707932
3462,67,115,227.4384553847632,-99.17613287119524,19.454105308511583
3463,67,116,206.74368440896362,-99.17584705235858,19.454105585864806
3464,67,117,186.04891343316407,-99.17556123351702,19.454105862767594
3465,67,118,165.3541424573645,-99.1752754146706,19.45410613921995
3466,67,119,145.10682063015835,-99.17498959581928,19.454106415221876
3467,67,120,125.06621899035875,-99.17470377696313,19.454106690773354
3468,67,121,105.02561735055912,-99.17441795810211,19.45410696587441
3469,67,122,84.98501571075947,-99.17413213923625,19.45410724052503
3470,67,123,64.94441407095984,-99.17384632036556,19.454107514725212
3471,67,124,44.9038124311602,-99.17356050149002,19.45410778847496
3472,67,125,24.863210791360558,-99.17327468260969,19.454108061774274
3473,67,126,4.822609151560921,-99.17298886372451,19.454108334623154
3474,67,127,0.0,-99.17270304483455,19.454108607021602
3475,67,128,0.0,-99.1724172259398,19.454108878969617
3476,67,129,13.514651246645133,-99.17213140704024,19.45410915046719
3477,67,130,32.108316756262255,-99.17184558813591,19.454109421514335
3478,67,131,50.70198226587938,-99.1715597692268,19.454109692111043
3479,67,132,69.29564777549649,-99.17127395031294,19.45410996225732
3480,67,133,87.88931328511362,-99.1709881313943,19.45411023195316
3481,67,134,106.48297879473076,-99.17070231247092,19.454110501198567
3482,67,135,125.07664430434788,-99.1704164935428,19.454110769993537
3483,67,136,144.46293595498435,-99.17013067460994,19.454111038338073
3484,67,137,164.3157404900622,-99.16984485567237,19.45411130623217
3485,67,138,184.16854502514008,-99.16955903673006,19.454111573675842
3486,67,139,204.02134956021797,-99.16927321778306,19.45411184066907
3487,67,140,223.87415409529584,-99.16898739883135,19.454112107211866
3488,67,141,243.72695863037373,-99.16870157987495,19.454112373304227
3489,67,142,263.5797631654516,-99.16841576091385,19.454112638946153
3490,67,143,283.4325677005295,-99.16812994194808,19.45411290413765
3491,67,144,302.0919905803705,-99.16784412297766,19.454113168878706
3492,67,145,320.73383191041864,-99.16755830400254,19.45411343316933
3493,67,146,339.3756732404667,-99.16727248502279,19.454113697009518
3494,68,111,331.93680387632185,-99.1772764410267,19.454375310433473
3495,68,112,311.24203290052225,-99.1769906217348,19.454375589592626
3496,68,113,290.5472619247227,-99.17670480243797,19.45437586830134
3497,68,114,269.8524909489231,-99.17641898313622,19.45437614655961
3498,68,115,249.15771997312353,-99.17613316382958,19.454376424367442
3499,68,116,228.46294899732396,-99.17584734451805,19.45437670172483
3500,68,117,207.76817802152445,-99.17556152520162,19.45437697863178
3501,68,118,187.47172037571846,-99.17527570588032,19.45437725508829
3502,68,119,167.43111873591883,-99.17498988655416,19.45437753109436
3503,68,120,147.3905170961192,-99.17470406722313,19.454377806649987
3504,68,121,127.34991545631958,-99.17441824788726,19.454378081755177
3505,68,122,107.30931381651993,-99.17413242854653,19.45437835640992
3506,68,123,87.2687121767203,-99.17384660920096,19.454378630614222
3507,68,124,67.22811053692065,-99.17356078985057,19.454378904368085
3508,68,125,47.18750889712102,-99.17327497049537,19.45437917767151
3509,68,126,27.146907257321377,-99.17298915113534,19.45437945052449
3510,68,127,7.106305617521739,-99.1727033317705,19.454379722927026
3511,68,128,0.0,-99.17241751240088,19.45437999487913
3512,68,129,0.0,-99.17213169302646,19.454380266380788
3513,68,130,8.565258269386026,-99.17184587364726,19.454380537432
3514,68,131,27.15892377900315,-99.1715600542633,19.45438080803278
3515,68,132,45.75258928862027,-99.17127423487455,19.45438107818311
3516,68,133,64.3462547982374,-99.17098841548106,19.454381347883007
3517,68,134,82.9399203078545,-99.17070259608282,19.454381617132455
3518,68,135,102.1186629909223,-99.17041677667983,19.45438188593147
3519,68,136,121.97146752600018,-99.17013095727211,19.454382154280033
3520,68,137,141.82427206107806,-99.16984513785967,19.454382422178163
3521,68,138,161.67707659615593,-99.1695593184425,19.454382689625845
3522,68,139,181.52988113123382,-99.16927349902062,19.454382956623093
3523,68,140,201.3826856663117,-99.16898767959404,19.45438322316989
3524,68,141,221.23549020138958,-99.16870186016277,19.454383489266256
3525,68,142,241.08829473646745,-99.16841604072681,19.454383754912172
3526,68,143,259.94521887762585,-99.16813022128618,19.454384020107653
3527,68,144,278.587060207674,-99.16784440184087,19.45438428485269
3528,68,145,297.2289015377221,-99.16755858239091,19.454384549147285
3529,68,146,315.8707428677702,-99.16727276293628,19.45438481299144
3530,68,147,334.68639711961976,-99.16698694347701,19.454385076385147
3531,69,112,332.96129748888256,-99.17699091579864,19.454646705427834
3532,69,113,312.266526513083,-99.17670509602694,19.454646984140737
3533,69,114,291.5717555372834,-99.17641927625033,19.45464726240319
3534,69,115,270.87698456148394,-99.17613345646879,19.45464754021519
3535,69,116,250.18221358568434,-99.17584763668239,19.454647817576753
3536,69,117,229.83662012127857,-99.1755618168911,19.454648094487865
3537,69,118,209.79601848147894,-99.17527599709493,19.454648370948526
3538,69,119,189.7554168416793,-99.17499017729389,19.454648646958745
3539,69,120,169.71481520187965,-99.17470435748798,19.45464892251851
3540,69,121,149.67421356208,-99.17441853767724,19.454649197627834
3541,69,122,129.6336119222804,-99.17413271786164,19.454649472286707
3542,69,123,109.59301028248075,-99.1738468980412,19.454649746495132
3543,69,124,89.55240864268112,-99.17356107821594,19.45465002025311
3544,69,125,69.51180700288147,-99.17327525838586,19.454650293560633
3545,69,126,49.471205363081836,-99.17298943855096,19.454650566417715
3546,69,127,29.4306037232822,-99.17270361871125,19.45465083882435
3547,69,128,10.571867085058205,-99.17241779886676,19.45465111078054
3548,69,129,0.0,-99.17213197901746,19.454651382286276
3549,69,130,0.0,-99.1718461591634,19.45465165334156
3550,69,131,3.6158652921269265,-99.17156033930455,19.45465192394641
3551,69,132,22.209530801744048,-99.17127451944094,19.454652194100806
3552,69,133,40.80319631136117,-99.17098869957258,19.45465246380475
3553,69,134,59.77439002686026,-99.17070287969945,19.454652733058243
3554,69,135,79.62719456193814,-99.17041705982159,19.454653001861292
3555,69,136,99.47999909701603,-99.170131239939,19.454653270213896
3556,69,137,119.33280363209391,-99.16984542005167,19.454653538116048
3557,69,138,139.18560816717178,-99.16955960015964,19.454653805567755
3558,69,139,159.03841270224964,-99.16927378026288,19.45465407256901
3559,69,140,178.89121723732754,-99.16898796036143,19.45465433911982
3560,69,141,198.74402177240543,-99.1687021404553,19.45465460522017
3561,69,142,217.7984471748813,-99.16841632054445,19.454654870870087
3562,69,143,236.44028850492938,-99.16813050062895,19.454655136069555
3563,69,144,255.08212983497754,-99.16784468070877,19.454655400818567
3564,69,145,273.7239711650256,-99.16755886078393,19.454655665117134
3565,69,146,292.4257801714517,-99.16727304085443,19.45465592896525
3566,69,147,312.39669902206754,-99.16698722092028,19.454656192362922
3567,69,148,333.8720686294172,-99.16670140098151,19.454656455310143
3568,70,113,333.9857911014434,-99.1767053896208,19.45491809997203
3569,70,114,313.29102012564385,-99.17641956936932,19.454918378238663
3570,70,115,292.59624914984425,-99.17613374911292,19.454918656054843
3571,70,116,272.2015198668387,-99.17584792885164,19.454918933420572
3572,70,117,252.16091822703905,-99.17556210858545,19.45491921033585
3573,70,118,232.1203165872394,-99.17527628831441,19.454919486800662
3574,70,119,212.07971494743975,-99.17499046803849,19.45491976281503
3575,70,120,192.03911330764012,-99.17470464775771,19.454920038378937
3576,70,121,171.9985116678405,-99.17441882747208,19.454920313492394
3577,70,122,151.95791002804083,-99.1741330071816,19.454920588155392
3578,70,123,131.9173083882412,-99.17384718688628,19.45492086236794
3579,70,124,111.87670674844158,-99.17356136658614,19.45492113613003
3580,70,125,91.83610510864193,-99.17327554628118,19.454921409441667
3581,70,126,71.7955034688423,-99.17298972597139,19.454921682302846
3582,70,127,52.66704027024381,-99.1727039056568,19.454921954713573
3583,70,128,34.26503463980425,-99.17241808533743,19.454922226673848
3584,70,129,15.863029009364686,-99.17213226501325,19.454922498183667
3585,70,130,0.0,-99.17184644468429,19.45492276924303
3586,70,131,0.0,-99.17156062435056,19.454923039851938
3587,70,132,0.0,-99.17127480401207,19.45492331001039
3588,70,133,17.43011706279822,-99.17098898366882,19.454923579718386
3589,70,134,37.2829215978761,-99.17070316332082,19.45492384897593
3590,70,135,57.135726132953984,-99.17041734296808,19.45492411778302
3591,70,136,76.98853066803187,-99.1701315226106,19.454924386139655
3592,70,137,96.84133520310975,-99.16984570224841,19.454924654045833
3593,70,138,116.69413973818763,-99.16955988188148,19.454924921501558
3594,70,139,136.5469442732655,-99.16927406150985,19.454925188506827
3595,70,140,156.3997488083434,-99.16898824113352,19.45492545506164
3596,70,141,175.65167547213667,-99.1687024207525,19.454925721166
3597,70,142,194.2935168021848,-99.16841660036678,19.45492598681991
3598,70,143,212.9353581322329,-99.1681307799764,19.45492625202335
3599,70,144,231.577199462281,-99.16784495958133,19.454926516776347
3600,70,145,250.22128087125725,-99.1675591391816,19.454926781078886
3601,70,146,269.9806475506247,-99.16727331877722,19.454927044930965
3602,70,147,291.493414510271,-99.1669874983682,19.454927308332593
3603,70,148,314.3998590232806,-99.16670167795452,19.454927571283765
3604,70,149,338.4170976839981,-99.16641585753624,19.45492783378448
3605,71,114,335.0102847140042,-99.17641986249322,19.45518949406604
3606,71,115,314.56641961239876,-99.17613404176194,19.455189771886396
3607,71,116,294.52581797259916,-99.17584822102576,19.45519004925629
3608,71,117,274.4852163327995,-99.1755624002847,19.45519032617572
3609,71,118,254.44461469299986,-99.17527657953875,19.4551906026447
3610,71,119,234.4040130532002,-99.17499075878794,19.45519087866321
3611,71,120,214.36341141340057,-99.17470493803228,19.455191154231258
3612,71,121,194.3228097736009,-99.17441911727175,19.455191429348847
3613,71,122,174.28220813380128,-99.17413329650638,19.455191704015974
3614,71,123,154.24160649400167,-99.17384747573618,19.455191978232644
3615,71,124,134.201004854202,-99.17356165496115,19.455192251998845
3616,71,125,114.16040321440238,-99.17327583418128,19.45519252531459
3617,71,126,94.76221345542942,-99.17299001339661,19.455192798179866
3618,71,127,76.36020782498984,-99.17270419260714,19.455193070594692
3619,71,128,57.958202194550296,-99.17241837181287,19.455193342559053
3620,71,129,39.55619656411073,-99.1721325510138,19.45519361407295
3621,71,130,21.154190933671178,-99.17184673020998,19.45519388513639
3622,71,131,2.7521853032316184,-99.17156090940135,19.455194155749364
3623,71,132,0.0,-99.17127508858798,19.455194425911877
3624,71,133,0.0,-99.17098926776983,19.45519469562393
3625,71,134,14.791453168891953,-99.17070344694693,19.455194964885514
3626,71,135,34.644257703969835,-99.1704176261193,19.455195233696646
3627,71,136,54.497062239047715,-99.17013180528694,19.455195502057308
3628,71,137,74.34986677412559,-99.16984598444985,19.455195769967517
3629,71,138,94.20267130920347,-99.16956016360804,19.45519603742726
3630,71,139,114.05547584428135,-99.16927434276151,19.45519630443654
3631,71,140,133.50490376939212,-99.1689885219103,19.455196570995362
3632,71,141,152.14674509944018,-99.16870270105437,19.455196837103717
3633,71,142,170.78858642948828,-99.16841688019377,19.455197102761616
3634,71,143,189.43042775953637,-99.16813105932849,19.45519736796905
3635,71,144,208.07226908958452,-99.16784523845854,19.455197632726023
3636,71,145,227.5684568296429,-99.16755941758392,19.45519789703253
3637,71,146,249.13101612369962,-99.16727359670466,19.45519816088858
3638,71,147,272.29602245686425,-99.16698777582074,19.455198424294164
3639,71,148,296.68836259083565,-99.1667019549322,19.455198687249286
3640,71,149,322.029261322373,-99.16641613403901,19.45519894975395
3641,71,150,348.1116283591159,-99.1661303131412,19.455199211808146
3642,72,115,336.8907177181592,-99.17613433441583,19.455460887709844
3643,72,116,316.8501160783596,-99.17584851320477,19.455461165083907
3644,72,117,296.8095144385599,-99.1755626919888,19.4554614420075
3645,72,118,276.7689127987603,-99.17527687076797,19.455461718480624
3646,72,119,256.7283111589607,-99.17499104954226,19.45546199450329
3647,72,120,236.68770951916102,-99.1747052283117,19.455462270075476
3648,72,121,216.64710787936139,-99.17441940707627,19.4554625451972
3649,72,122,196.60650623956175,-99.174133585836,19.455462819868455
3650,72,123,176.5659045997621,-99.1738477645909,19.455463094089247
3651,72,124,156.52530295996246,-99.17356194334097,19.455463367859565
3652,72,125,136.85738664061503,-99.17327612208622,19.455463641179414
3653,72,126,118.45538101017546,-99.17299030082667,19.455463914048796
3654,72,127,100.05337537973591,-99.17270447956228,19.45546418646771
3655,72,128,81.65136974929635,-99.17241865829311,19.455464458436158
3656,72,129,63.24936411885679,-99.17213283701915,19.455464729954134
3657,72,130,44.847358488417235,-99.17184701574041,19.455465001021647
3658,72,131,26.44535285797767,-99.1715611944569,19.45546527163869
3659,72,132,8.043347227538113,-99.17127537316863,19.45546554180526
3660,72,133,0.0,-99.17098955187558,19.455465811521368
3661,72,134,0.0,-99.1707037305778,19.455466080787
3662,72,135,12.15278927498568,-99.17041790927526,19.45546634960217
3663,72,136,32.00559381006356,-99.170132087968,19.455466617966874
3664,72,137,51.85839834514143,-99.16984626665601,19.4554668858811
3665,72,138,71.71120288021932,-99.16956044533931,19.45546715334486
3666,72,139,91.35813206664749,-99.16927462401789,19.455467420358158
3667,72,140,109.9999733966956,-99.16898880269177,19.45546768692098
3668,72,141,128.6418147267437,-99.16870298136095,19.455467953033338
3669,72,142,147.28365605679178,-99.16841716002546,19.455468218695227
3670,72,143,165.92549738683988,-99.16813133868527,19.455468483906646
3671,72,144,185.16277983384097,-99.16784551734042,19.455468748667595
3672,72,145,206.794863782439,-99.16755969599092,19.45546901297808
3673,72,146,230.31060839179668,-99.16727387463675,19.45546927683809
3674,72,147,255.1898058089342,-99.16698805327793,19.455469540247638
3675,72,148,281.07062749388024,-99.16670223191448,19.45546980320671
3676,72,149,307.7004359613513,-99.16641641054639,19.455470065715318
3677,72,150,334.9006105426021,-99.16613058917369,19.45547032777345
3678,73,116,339.17441418412,-99.17584880538865,19.45573228090342
3679,73,117,319.1338125443204,-99.17556298369779,19.455732557831176
3680,73,118,299.09321090452073,-99.17527716200205,19.45573283430846
3681,73,119,279.0526092647211,-99.17499134030145,19.455733110335263
3682,73,120,259.01200762492147,-99.17470551859597,19.4557333859116
3683,73,121,238.97140598512183,-99.17441969688565,19.455733661037456
3684,73,122,218.9308043453222,-99.17413387517047,19.455733935712843
3685,73,123,198.89020270552257,-99.17384805345047,19.45573420993775
3686,73,124,179.02030747220093,-99.17356223172563,19.455734483712178
3687,73,125,160.5505541953611,-99.17327640999596,19.455734757036133
3688,73,126,142.1485485649215,-99.1729905882615,19.455735029909622
3689,73,127,123.74654293448194,-99.17270476652222,19.45573530233263
3690,73,128,105.34453730404239,-99.17241894477816,19.455735574305162
3691,73,129,86.94253167360284,-99.17213312302928,19.45573584582722
3692,73,130,68.54052604316328,-99.17184730127563,19.4557361168988
3693,73,131,50.13852041272372,-99.17156147951722,19.45573638751991
3694,73,132,31.73651478228416,-99.17127565775404,19.455736657690547
3695,73,133,13.3345091518446,-99.17098983598609,19.455736927410697
3696,73,134,0.0,-99.1707040142134,19.455737196680385
3697,73,135,0.0,-99.17041819243596,19.45573746549959
3698,73,136,9.514125381079399,-99.17013237065379,19.455737733868325
3699,73,137,29.366929916157275,-99.1698465488669,19.455738001786585
3700,73,138,49.211360363902884,-99.1695607270753,19.45573826925436
3701,73,139,67.853201693951,-99.16927490527895,19.45573853627167
3702,73,140,86.49504302399909,-99.16898908347792,19.4557388028385
3703,73,141,105.13688435404717,-99.1687032616722,19.455739068954852
3704,73,142,123.77872568409528,-99.16841743986181,19.455739334620738
3705,73,143,142.76942084272062,-99.16813161804673,19.45573959983614
3706,73,144,164.50522234496964,-99.16784579622697,19.45573986460107
3707,73,145,188.5227541432862,-99.16755997440255,19.455740128915522
3708,73,146,214.05534209818723,-99.16727415257348,19.4557403927795
3709,73,147,240.62117556809915,-99.16698833073976,19.455740656193008
3710,73,148,267.9130657186693,-99.1667025089014,19.45574091915603
3711,73,149,295.73006515026174,-99.16641668705842,19.455741181668582
3712,73,150,323.9369260902191,-99.1661308652108,19.455741443730656
3713,74,117,341.45811065008087,-99.17556327541166,19.45600367364675
3714,74,118,321.4175090102812,-99.17527745324101,19.456003950128192
3715,74,119,301.37690737048155,-99.17499163106547,19.456004226159145
3716,74,120,281.33630573068194,-99.1747058088851,19.456004501739617
3717,74,121,261.2957040908823,-99.17441998669986,19.45600477686961
3718,74,122,241.25510245108268,-99.17413416450978,19.45600505154912
3719,74,123,221.28366939094082,-99.17384834231486,19.456005325778147
3720,74,124,202.6457273805467,-99.1735625201151,19.456005599556697
3721,74,125,184.24372175010714,-99.17327669791052,19.45600587288476
3722,74,126,165.84171611966752,-99.17299087570115,19.45600614576235
3723,74,127,147.439710489228,-99.17270505348695,19.456006418189446
3724,74,128,129.03770485878846,-99.17241923126797,19.456006690166063
3725,74,129,110.63569922834888,-99.17213340904419,19.456006961692204
3726,74,130,92.23369359790932,-99.17184758681563,19.45600723276786
3727,74,131,73.83168796746976,-99.1715617645823,19.456007503393035
3728,74,132,55.42968233703021,-99.1712759423442,19.45600777356773
3729,74,133,37.02767670659065,-99.17099012010134,19.45600804329194
3730,74,134,17.90174971271206,-99.17070429785375,19.456008312565668
3731,74,135,0.0,-99.1704184756014,19.456008581388915
3732,74,136,0.0,-99.1701326533443,19.45600884976168
3733,74,137,6.875461487173124,-99.16984683108251,19.45600911768397
3734,74,138,25.70642999120638,-99.16956100881598,19.45600938515577
3735,74,139,44.34827132125448,-99.16927518654474,19.45600965217708
3736,74,140,62.990112651302574,-99.1689893642688,19.45600991874792
3737,74,141,81.63195398135066,-99.16870354198817,19.456010184868276
3738,74,142,100.40398408298485,-99.16841771970284,19.456010450538148
3739,74,143,122.31034572242164,-99.16813189741285,19.456010715757536
3740,74,144,147.10092223280023,-99.16784607511818,19.456010980526443
3741,74,145,173.54406349034926,-99.16756025281884,19.45601124484487
3742,74,146,200.98856341529586,-99.16727443051485,19.456011508712816
3743,74,147,229.07479842782016,-99.16698860820622,19.456011772130275
3744,74,148,257.59294230577916,-99.16670278589295,19.456012035097253
3745,74,149,286.41400904416406,-99.16641696357505,19.456012297613746
3746,74,150,315.45498130121916,-99.16613114125252,19.45601255967976
3747,74,151,344.66027603823824,-99.16584531892539,19.45601282129529
3748,75,118,343.7418071160417,-99.17527774448483,19.456275065939813
3749,75,119,323.7012054762421,-99.17499192183438,19.456275341974912
3750,75,120,303.66060383644236,-99.17470609917908,19.45627561755953
3751,75,121,283.62000219664276,-99.17442027651892,19.456275892693654
3752,75,122,263.59941993638193,-99.17413445385391,19.456276167377293
3753,75,123,244.7409005657323,-99.17384863118407,19.456276441610445
3754,75,124,226.33889493529273,-99.1735628085094,19.456276715393102
3755,75,125,207.9368893048532,-99.17327698582992,19.45627698872528
3756,75,126,189.5348836744136,-99.17299116314561,19.45627726160696
3757,75,127,171.13287804397405,-99.17270534045649,19.456277534038154
3758,75,128,152.73087241353446,-99.17241951776259,19.456277806018864
3759,75,129,134.32886678309492,-99.17213369506388,19.456278077549083
3760,75,130,115.92686115265538,-99.1718478723604,19.456278348628818
3761,75,131,97.52485552221582,-99.17156204965215,19.456278619258054
3762,75,132,79.12284989177626,-99.17127622693913,19.456278889436806
3763,75,133,60.203188987348526,-99.17099040422134,19.45627915916507
3764,75,134,40.67944778367985,-99.17070458149882,19.456279428442844
3765,75,135,21.155706580011177,-99.17041875877156,19.456279697270134
3766,75,136,1.631965376342495,-99.17013293603955,19.45627996564693
3767,75,137,0.0,-99.16984711330282,19.45628023357324
3768,75,138,2.2014996185098763,-99.16956129056138,19.45628050104906
3769,75,139,20.843340948557973,-99.16927546781521,19.45628076807439
3770,75,140,39.48518227860607,-99.16898964506434,19.456281034649233
3771,75,141,58.127553808040815,-99.1687038223088,19.456281300773586
3772,75,142,80.35964884635021,-99.16841799954855,19.45628156644745
3773,75,143,106.47316006257515,-99.16813217678363,19.456281831670825
3774,75,144,134.22143817107897,-99.16784635401405,19.456282096443715
3775,75,145,162.77055973275637,-99.16756053123979,19.45628236076611
3776,75,146,191.7631762532026,-99.16727470846088,19.45628262463802
3777,75,147,221.02483212914987,-99.16698888567733,19.456282888059434
3778,75,148,250.46124863683187,-99.16670306288914,19.45628315103037
3779,75,149,280.0173168211619,-99.16641724009631,19.456283413550807
3780,75,150,309.6587773190435,-99.16613141729886,19.456283675620757
3781,75,151,339.3632552615663,-99.1658455944968,19.456283937240226
3782,76,119,346.0255035820025,-99.17499221260815,19.45654645778259
3783,76,120,325.9849019422029,-99.1747063894779,19.456546733371344
3784,76,121,305.9458220706321,-99.17442056634282,19.45654700850961
3785,76,122,286.83607375091793,-99.17413474320288,19.45654728319737
3786,76,123,268.43406812047834,-99.1738489200581,19.45654755743464
3787,76,124,250.0320624900388,-99.17356309690852,19.456547831221414
3788,76,125,231.63005685959922,-99.1732772737541,19.456548104557697
3789,76,126,213.22805122915963,-99.17299145059486,19.456548377443482
3790,76,127,194.82604559872007,-99.17270562743082,19.45654864987877
3791,76,128,176.4240399682805,-99.17241980426199,19.45654892186356
3792,76,129,158.02203433784098,-99.17213398108836,19.456549193397862
3793,76,130,139.62002870740145,-99.17184815790995,19.456549464481668
3794,76,131,121.21802307696186,-99.17156233472676,19.456549735114976
3795,76,132,102.504628261985,-99.1712765115388,19.45655000529779
3796,76,133,82.98088705831631,-99.17099068834611,19.456550275030104
3797,76,134,63.45714585464764,-99.17070486514865,19.45655054431192
3798,76,135,43.933404650978964,-99.17041904194646,19.45655081314325
3799,76,136,24.409663447310287,-99.17013321873952,19.45655108152408
3800,76,137,4.885922243641609,-99.16984739552785,19.45655134945442
3801,76,138,0.0,-99.16956157231148,19.456551616934256
3802,76,139,0.0,-99.16927574909039,19.456551883963602
3803,76,140,15.980251905909569,-99.16898992586461,19.456552150542446
3804,76,141,39.44015282271508,-99.16870410263411,19.4565524166708
3805,76,142,68.07632705780442,-99.16841827939895,19.456552682348658
3806,76,143,97.53587522898015,-99.16813245615909,19.45655294757602
3807,76,144,127.24821259131782,-99.16784663291457,19.456553212352883
3808,76,145,157.06994702579883,-99.16756080966539,19.456553476679257
3809,76,146,186.94873337278668,-99.16727498641156,19.456553740555123
3810,76,147,216.8609913301406,-99.16698916315308,19.4565540039805
3811,76,148,246.79455061182642,-99.16670333988995,19.45655426695538
3812,76,149,276.74249919861495,-99.16641751662219,19.45655452947977
3813,76,150,306.70062196496673,-99.16613169334981,19.456554791553657
3814,76,151,336.6662028845477,-99.16584587007281,19.456555053177055
3815,77,120,348.3092000479633,-99.1747066797816,19.456817849175053
3816,77,121,328.93997397127583,-99.17442085617157,19.45681812431745
3817,77,122,310.52924130566396,-99.17413503255669,19.456818399009343
3818,77,123,292.12723567522437,-99.17384920893699,19.456818673250734
3819,77,124,273.72523004478484,-99.17356338531246,19.456818947041622
3820,77,125,255.32322441434525,-99.17327756168311,19.456819220382013
3821,77,126,236.9212187839057,-99.17299173804894,19.456819493271897
3822,77,127,218.51921315346613,-99.17270591440995,19.456819765711277
3823,77,128,200.11720752302656,-99.17242009076618,19.456820037700158
3824,77,129,181.715201892587,-99.17213426711761,19.45682030923854
3825,77,130,163.31319626214747,-99.17184844346426,19.45682058032641
3826,77,131,144.80606753662147,-99.17156261980615,19.456820850963787
3827,77,132,125.2823263329528,-99.17127679614326,19.45682112115066
3828,77,133,105.75858512928411,-99.17099097247561,19.456821390887033
3829,77,134,86.23484392561544,-99.17070514880322,19.456821660172903
3830,77,135,66.71110272194674,-99.17041932512609,19.456821929008267
3831,77,136,47.187361518278074,-99.17013350144421,19.45682219739313
3832,77,137,27.6636203146094,-99.16984767775762,19.456822465327487
3833,77,138,8.139879110940722,-99.1695618540663,19.45682273281135
3834,77,139,9.83858724892061,-99.16927603037028,19.456822999844707
3835,77,140,15.917856220280639,-99.16899020666955,19.45682326642756
3836,77,141,39.143821960196476,-99.16870438296414,19.456823532559913
3837,77,142,67.90507675169503,-99.16841855925402,19.45682379824176
3838,77,143,97.41642623118354,-99.16813273553923,19.456824063473107
3839,77,144,127.15667796328141,-99.16784691181977,19.456824328253944
3840,77,145,156.99580058606566,-99.16756108809565,19.45682459258429
3841,77,146,186.88644159665978,-99.16727526436686,19.456824856464124
3842,77,147,216.80729393556794,-99.16698944063346,19.456825119893466
3843,77,148,246.74736747261517,-99.16670361689539,19.456825382872296
3844,77,149,276.70042285054035,-99.1664177931527,19.456825645400627
3845,77,150,306.6626561168964,-99.16613196940538,19.456825907478457
3846,77,151,336.6316166192235,-99.16584614565345,19.45682616910578
3847,78,122,334.22240886041,-99.17413532191536,19.457089514813216
3848,78,123,315.8204032299704,-99.1738494978207,19.457089789058724
3849,78,124,297.41839759953086,-99.17356367372122,19.45709006285373
3850,78,125,279.0163919690913,-99.17327784961691,19.45709033619822
3851,78,126,260.6143863386517,-99.1729920255078,19.45709060909221
3852,78,127,242.21238070821218,-99.17270620139388,19.457090881535688
3853,78,128,223.8103750777726,-99.17242037727516,19.457091153528655
3854,78,129,205.40836944733303,-99.17213455315164,19.45709142507111
3855,78,130,187.00636381689353,-99.17184872902335,19.457091696163065
3856,78,131,167.5837656075892,-99.1715629048903,19.45709196680451
3857,78,132,148.06002440392058,-99.17127708075246,19.457092236995436
3858,78,133,128.5362832002519,-99.17099125660988,19.45709250673586
3859,78,134,109.01254199658322,-99.17070543246253,19.457092776025778
3860,78,135,89.48880079291452,-99.17041960831045,19.457093044865182
3861,78,136,69.96505958924585,-99.17013378415363,19.457093313254077
3862,78,137,50.44131838557718,-99.1698479599921,19.457093581192467
3863,78,138,35.94701424071039,-99.16956213582583,19.457093848680344
3864,78,139,39.29060792781214,-99.16927631165485,19.457094115717712
3865,78,140,44.998363873027884,-99.16899048747919,19.457094382304568
3866,78,141,57.5234903376351,-99.16870466329881,19.457094648440922
3867,78,142,79.92379240017351,-99.16841883911377,19.457094914126763
3868,78,143,106.14458649704216,-99.16813301492402,19.457095179362092
3869,78,144,133.9609416719295,-99.16784719072963,19.457095444146915
3870,78,145,162.55581978087443,-99.16756136653056,19.457095708481226
3871,78,146,191.58093640974346,-99.16727554232683,19.457095972365032
3872,78,147,220.86673775522695,-99.16698971811847,19.457096235798325
3873,78,148,250.32174595435816,-99.16670389390548,19.45709649878111
3874,78,149,279.8925457182457,-99.16641806968782,19.457096761313384
3875,78,150,309.5459542614671,-99.16613224546556,19.457097023395153
3876,78,151,339.26031075067465,-99.1658464212387,19.457097285026403
3877,79,123,339.5135707847165,-99.17384978670924,19.457360904858618
3878,79,124,321.1115651542769,-99.17356396213479,19.457361178657735
3879,79,125,302.70955952383736,-99.17327813755554,19.45736145200634
3880,79,126,284.3075538933978,-99.17299231297147,19.457361724904427
3881,79,127,265.90554826295823,-99.1727064883826,19.457361997351995
3882,79,128,247.50354263251864,-99.17242066378893,19.457362269349048
3883,79,129,229.1015370020791,-99.17213483919046,19.457362540895588
3884,79,130,209.88520488222574,-99.17184901458722,19.45736281199161
3885,79,131,190.36146367855704,-99.1715631899792,19.457363082637123
3886,79,132,170.83772247488835,-99.17127736536642,19.45736335283211
3887,79,133,151.3139812712197,-99.17099154074887,19.457363622576587
3888,79,134,131.790240067551,-99.17070571612658,19.45736389187055
3889,79,135,112.26649886388233,-99.17041989149955,19.457364160713993
3890,79,136,92.74275766021366,-99.17013406686777,19.45736442910692
3891,79,137,74.75667287511746,-99.16984824223128,19.457364697049336
3892,79,138,65.70169430104279,-99.16956241759007,19.45736496454123
3893,79,139,68.74262860670368,-99.16927659294414,19.457365231582617
3894,79,140,74.4503845519194,-99.16899076829353,19.45736549817348
3895,79,141,82.97990771021885,-99.1687049436382,19.457365764313828
3896,79,142,99.82247109042368,-99.16841911897819,19.457366030003662
3897,79,143,121.83343705896384,-99.1681332943135,19.45736629524298
3898,79,144,146.70462513705058,-99.16784746964416,19.457366560031783
3899,79,145,173.2082783460553,-99.16756164497014,19.457366824370066
3900,79,146,200.6987003909258,-99.16727582029145,19.457367088257833
3901,79,147,228.8205169769718,-99.16698999560813,19.457367351695087
3902,79,148,257.36683865760693,-99.16670417092017,19.457367614681818
3903,79,149,286.21067466398364,-99.16641834622757,19.457367877218044
3904,79,150,315.270377521604,-99.16613252153036,19.457368139303746
3905,79,151,344.49132295838274,-99.16584669682852,19.45736840093893
3906,80,124,344.80473270902297,-99.1735642505532,19.45763229445364
3907,80,125,326.40272707858344,-99.17327842549899,19.457632567806346
3908,80,126,308.00072144814385,-99.17299260043995,19.457632840708534
3909,80,127,289.5987158177043,-99.17270677537611,19.4576331131602
3910,80,128,271.1967101872647,-99.1724209503075,19.45763338516134
3911,80,129,252.18664415686217,-99.17213512523406,19.45763365671196
3912,80,130,232.66290295319354,-99.17184930015587,19.45763392781206
3913,80,131,213.13916174952485,-99.17156347507287,19.45763419846163
3914,80,132,193.61542054585613,-99.17127764998514,19.457634468660686
3915,80,133,174.0916793421875,-99.17099182489264,19.457634738409215
3916,80,134,154.5679381385188,-99.17070599979539,19.45763500770722
3917,80,135,135.0441969348501,-99.17042017469339,19.457635276554708
3918,80,136,116.12464185474506,-99.17013434958666,19.45763554495167
3919,80,137,102.04452430465423,-99.1698485244752,19.457635812898108
3920,80,138,95.60981871771081,-99.16956269935903,19.45763608039403
3921,80,139,98.1946492855952,-99.16927687423814,19.45763634743942
3922,80,140,103.90240523081094,-99.16899104911255,19.45763661403429
3923,80,141,110.7356231145555,-99.16870522398226,19.457636880178637
3924,80,142,123.85975487449873,-99.16841939884729,19.457637145872464
3925,80,143,142.19739634948647,-99.16813357370765,19.457637411115766
3926,80,144,164.0090246894206,-99.16784774856333,19.457637675908547
3927,80,145,188.08992750962773,-99.16756192341435,19.4576379402508
3928,80,146,213.67424150229022,-99.16727609826071,19.457638204142533
3929,80,147,240.2822135168999,-99.16699027310243,19.45763846758375
3930,80,148,267.6086747166151,-99.16670444793951,19.457638730574434
3931,80,149,295.45433392418727,-99.16641862277196,19.4576389931146
3932,80,150,323.68522376776355,-99.16613279759979,19.457639255204235
3933,81,125,350.09589463332946,-99.17327871344725,19.457903683598257
3934,81,126,331.6938890028899,-99.17299288791325,19.45790395650454
3935,81,127,313.29188337245034,-99.17270706237444,19.4579042289603
3936,81,128,294.48808343149864,-99.17242123683084,19.45790450096553
3937,81,129,274.96434222783,-99.17213541128244,19.457904772520227
3938,81,130,255.4406010241613,-99.17184958572926,19.4579050436244
3939,81,131,235.91685982049265,-99.17156376017132,19.45790531427804
3940,81,132,216.39311861682395,-99.17127793460861,19.45790558448115
3941,81,133,196.86937741315526,-99.17099210904114,19.457905854233736
3942,81,134,177.34563620948657,-99.17070628346892,19.457906123535793
3943,81,135,158.05475238798832,-99.17042045789195,19.457906392387315
3944,81,136,141.80781800415184,-99.17013463231025,19.457906660788307
3945,81,137,130.52819519846665,-99.16984880672382,19.457906928738776
3946,81,138,125.56178652933929,-99.16956298113269,19.45790719623871
3947,81,139,127.64761937110197,-99.16927715553683,19.457907463288116
3948,81,140,133.35442590970246,-99.16899132993628,19.457907729886994
3949,81,141,139.42414198961856,-99.16870550433103,19.457907996035342
3950,81,142,150.05982813712453,-99.16841967872108,19.45790826173316
3951,81,143,165.51982561477456,-99.16813385310647,19.457908526980443
3952,81,144,184.5959732024169,-99.16784802748717,19.457908791777204
3953,81,145,206.28750319287266,-99.16756220186322,19.457909056123434
3954,81,146,229.85516009990178,-99.16727637623461,19.45790932001913
3955,81,147,254.77883600400077,-99.16699055060137,19.457909583464303
3956,81,148,280.6975524057086,-99.16670472496347,19.457909846458943
3957,81,149,307.35968599925,-99.16641889932096,19.457910109003056
3958,81,150,334.58756287190295,-99.1661330736738,19.45791037109663
3959,82,127,336.78952270613513,-99.17270734937756,19.458175344752295
3960,82,128,317.26578150246644,-99.17242152335898,19.458175616761615
3961,82,129,297.7420402987978,-99.1721356973356,19.458175888320394
3962,82,130,278.2182990951291,-99.17184987130746,19.458176159428643
3963,82,131,258.6945578914604,-99.17156404527454,19.458176430086343
3964,82,132,239.17081668779176,-99.17127821923685,19.45817670029352
3965,82,133,219.6470754841231,-99.1709923931944,19.458176970050157
3966,82,134,200.1940984618772,-99.17070656714719,19.458177239356253
3967,82,135,182.7726170782542,-99.17042074109526,19.458177508211822
3968,82,136,168.92004631867852,-99.17013491503859,19.458177776616846
3969,82,137,159.56858883556893,-99.16984908897717,19.458178044571344
3970,82,138,155.53227008452365,-99.16956326291105,19.458178312075294
3971,82,139,157.22098947759986,-99.16927743684022,19.45817857912871
3972,82,140,162.806446588594,-99.16899161076468,19.458178845731595
3973,82,141,168.56988020555082,-99.16870578468446,19.458179111883943
3974,82,142,177.46736365742234,-99.16841995859954,19.45817937758575
3975,82,143,190.71844644532374,-99.16813413250995,19.458179642837028
3976,82,144,207.49069006950614,-99.16784830641569,19.458179907637764
3977,82,145,227.0049495419029,-99.16756248031675,19.458180171987962
3978,82,146,248.61638676387346,-99.16727665421317,19.45818043588763
3979,82,147,271.82525345987625,-99.16699082810494,19.458180699336754
3980,82,148,296.2563570111669,-99.16670500199207,19.458180962335348
3981,82,149,321.6312946846591,-99.16641917587458,19.4581812248834
3982,82,150,347.7435123356467,-99.16613334975244,19.458181486980923
3983,83,128,340.04347957343424,-99.17242180989192,19.4584467325496
3984,83,129,320.51973836976555,-99.17213598339356,19.45844700411246
3985,83,130,300.99599716609686,-99.17185015689041,19.458447275224774
3986,83,131,281.4722559624282,-99.17156433038251,19.45844754588655
3987,83,132,261.94851475875953,-99.17127850386984,19.458447816097785
3988,83,133,242.4335978479453,-99.1709926773524,19.45844808585847
3989,83,134,224.281523670965,-99.17070685083021,19.45844835516862
3990,83,135,208.8788030290292,-99.1704210243033,19.45844862402822
3991,83,136,196.8718030839113,-99.17013519777163,19.458448892437282
3992,83,137,188.90912985925453,-99.16984937123523,19.4584491603958
3993,83,138,185.5122956540915,-99.16956354469414,19.458449427903773
3994,83,139,186.9303729561395,-99.16927771814832,19.458449694961207
3995,83,140,192.25846726748554,-99.1689918915978,19.458449961568093
3996,83,141,197.9662232127013,-99.16870606504258,19.45845022772444
3997,83,142,205.600044519665,-99.16842023848268,19.45845049343024
3998,83,143,217.14105774240454,-99.1681344119181,19.458450758685505
3999,83,144,232.01099027522875,-99.16784858534885,19.45845102349022
4000,83,145,249.6156250307547,-99.16756275877493,19.458451287844394
4001,83,146,269.4194145018068,-99.16727693219637,19.458451551748023
4002,83,147,290.9736784685144,-99.16699110561315,19.4584518152011
4003,83,148,313.9180501540178,-99.16670527902531,19.458452078203646
4004,83,149,337.9695294897196,-99.16641945243282,19.45845234075565
4005,84,129,343.29743644073335,-99.17213626945629,19.45871811989642
4006,84,130,323.7736952370647,-99.17185044247816,19.458718391012816
4007,84,131,304.249954033396,-99.17156461549526,19.458718661678652
4008,84,132,284.72621282972733,-99.17127878850759,19.458718931893944
4009,84,133,266.08001459468,-99.17099296151515,19.458719201658685
4010,84,134,249.6532128000268,-99.17070713451798,19.458719470972884
4011,84,135,235.91286348151053,-99.17042130751607,19.458719739836525
4012,84,136,225.35090780983373,-99.17013548050942,19.458720008249614
4013,84,137,218.4288995196985,-99.16984965349802,19.458720276212162
4014,84,138,215.49788082497912,-99.16956382648193,19.458720543724155
4015,84,139,216.71984019634024,-99.16927799946112,19.4587208107856
4016,84,140,221.71048794637707,-99.16899217243561,19.45872107739649
4017,84,141,227.41824389159282,-99.1687063454054,19.45872134355684
4018,84,142,234.19669393366908,-99.16842051837051,19.45872160926663
4019,84,143,244.3909820358818,-99.16813469133093,19.458721874525875
4020,84,144,257.69325321293286,-99.1678488642867,19.458722139334572
4021,84,145,273.6506411512072,-99.16756303723778,19.458722403692718
4022,84,146,291.82791856412365,-99.16727721018422,19.45872266760031
4023,84,147,311.83712848932987,-99.16699138312602,19.458722931057356
4024,84,148,333.3485493525851,-99.16670555606316,19.45872319406385
4025,85,130,346.55139330803246,-99.17185072807065,19.458989506792744
4026,85,131,327.02765210436377,-99.17156490061276,19.458989777462648
4027,85,132,308.05023368476867,-99.17127907315009,19.458990047682004
4028,85,133,290.90049667869414,-99.17099324568267,19.458990317450798
4029,85,134,275.9551620509776,-99.17070741821048,19.458990586769037
4030,85,135,263.58946101324244,-99.17042159073357,19.45899085563672
4031,85,136,254.180165339316,-99.1701357632519,19.458991124053846
4032,85,137,248.063921090094,-99.16984993576554,19.458991392020415
4033,85,138,245.4869883339293,-99.16956410827443,19.458991659536427
4034,85,139,246.56036570368138,-99.16927828077863,19.458991926601886
4035,85,140,251.1625086252686,-99.16899245327811,19.45899219321679
4036,85,141,256.8702645704844,-99.1687066257729,19.45899245938113
4037,85,142,263.1060709912128,-99.168420798263,19.45899272509492
4038,85,143,272.2198839971745,-99.16813497074843,19.458992990358144
4039,85,144,284.22266956461647,-99.16784914322919,19.458993255170817
4040,85,145,298.7664414646317,-99.16756331570528,19.45899351953294
4041,85,146,315.49999555695916,-99.16727748817672,19.458993783444498
4042,85,147,334.0944594683415,-99.1669916606435,19.458994046905495
4043,86,131,350.1304310964359,-99.17156518573503,19.459260893238547
4044,86,132,332.4446890453304,-99.17127935779736,19.45926116346196
4045,86,133,316.61905149424723,-99.17099352985493,19.459261433234808
4046,86,134,302.94517039191624,-99.17070770190773,19.459261702557093
4047,86,135,291.7257766438501,-99.1704218739558,19.459261971428813
4048,86,136,283.2526809284033,-99.17013604599914,19.459262239849977
4049,86,137,277.7773096345312,-99.16985021803775,19.45926250782057
4050,86,138,275.4784678381753,-99.16956439007164,19.45926277534061
4051,86,139,276.43541512826994,-99.16927856210083,19.459263042410072
4052,86,140,280.61452930416016,-99.1689927341253,19.45926330902898
4053,86,141,286.32228524937585,-99.16870690614509,19.459263575197323
4054,86,142,292.2353807043315,-99.16842107816018,19.459263840915103
4055,86,143,300.46693393185143,-99.16813525017061,19.459264106182317
4056,86,144,311.38278539028073,-99.16784942217635,19.459264370998973
4057,86,145,324.71233374852216,-99.16756359417744,19.45926463536506
4058,86,146,340.17195701499804,-99.16727776617385,19.459264899280583
4059,87,133,343.0337426118933,-99.17099381403193,19.459532549010717
4060,87,134,330.45468836890933,-99.17070798560972,19.459532818337046
4061,87,135,320.2006457827082,-99.17042215718278,19.45953308721281
4062,87,136,312.5005696864147,-99.17013632875111,19.459533355638
4063,87,137,307.54635187074496,-99.1698505003147,19.459533623612625
4064,87,138,305.4716206845972,-99.16956467187357,19.459533891136676
4065,87,139,306.3348878896179,-99.16927884342773,19.459534158210158
4066,87,140,310.1116186682065,-99.16899301497719,19.45953442483307
4067,87,141,315.7743059282674,-99.16870718652197,19.459534691005416
4068,87,142,321.52485266053384,-99.16842135806205,19.45953495672718
4069,87,143,329.0244543029895,-99.16813552959744,19.459535221998383
4070,87,144,339.0220526461104,-99.16784970112818,19.459535486819018
4071,88,136,341.8788248130316,-99.17013661150779,19.45980447141792
4072,88,137,337.35631511831804,-99.16985078259636,19.459804739396574
4073,88,138,335.4659980458232,-99.16956495368021,19.459805006924647
4074,88,139,336.2522688987401,-99.16927912475934,19.459805274002143
4075,88,140,339.69654227592747,-99.16899329583377,19.45980554062906
4076,88,141,345.22632660715897,-99.16870746690353,19.459805806805402
