fid,row_index,col_index,mission_id,Blue,Green,Red,NIR,LST_K
2,39,23,LT05_023030_20070107,0.08355249999999997,0.10632249999999999,0.12307000000000001,0.15348499999999998,278.47117958
3,39,24,LT05_023030_20070107,0.09254499999999999,0.10632249999999999,0.11594749999999998,0.1377275,278.84716177999996
4,39,25,LT05_023030_20070107,0.09254499999999999,0.11561749999999998,0.13022,0.177135,278.84716177999996
6,40,23,LT05_023030_20070107,0.079015,0.08770499999999998,0.09447,0.1613775,279.04198892
7,40,24,LT05_023030_20070107,0.097055,0.11561749999999998,0.13734249999999998,0.15348499999999998,278.84716177999996
8,40,25,LT05_023030_20070107,0.09254499999999999,0.11561749999999998,0.13734249999999998,0.15348499999999998,279.41797112
9,40,26,LT05_023030_20070107,0.0745325,0.09702749999999999,0.10879749999999999,0.14562000000000003,279.41797112
10,40,27,LT05_023030_20070107,0.08355249999999997,0.10632249999999999,0.12307000000000001,0.177135,279.41797112
11,40,28,LT05_023030_20070107,0.08355249999999997,0.10632249999999999,0.12307000000000001,0.177135,279.41797112
13,41,23,LT05_023030_20070107,0.0745325,0.08770499999999998,0.09447,0.15348499999999998,279.04198892
14,41,24,LT05_023030_20070107,0.08355249999999997,0.10632249999999999,0.11594749999999998,0.1298625,279.41797112
15,41,25,LT05_023030_20070107,0.09254499999999999,0.10632249999999999,0.11594749999999998,0.1377275,279.41797112
16,41,26,LT05_023030_20070107,0.08806249999999999,0.10632249999999999,0.10879749999999999,0.15348499999999998,279.41797112
17,41,27,LT05_023030_20070107,0.08355249999999997,0.09702749999999999,0.10879749999999999,0.177135,279.41797112
18,41,28,LT05_023030_20070107,0.08355249999999997,0.09702749999999999,0.10879749999999999,0.177135,279.41797112
21,42,23,LT05_023030_20070107,0.051817500000000016,0.059655000000000014,0.06575999999999999,0.09826499999999999,279.22314398000003
22,42,24,LT05_023030_20070107,0.0745325,0.09702749999999999,0.1016475,0.1140775,279.58887212
23,42,25,LT05_023030_20070107,0.06999499999999997,0.10632249999999999,0.10879749999999999,0.12194250000000001,279.58887212
24,42,26,LT05_023030_20070107,0.06999499999999997,0.08770499999999998,0.09447,0.12194250000000001,279.58887212
25,42,27,LT05_023030_20070107,0.0745325,0.07835500000000001,0.09447,0.1298625,279.58887212
26,42,28,LT05_023030_20070107,0.0745325,0.07835500000000001,0.09447,0.1298625,279.58887212
27,42,29,LT05_023030_20070107,0.0745325,0.09702749999999999,0.1016475,0.15348499999999998,280.06055888000003
29,43,23,LT05_023030_20070107,0.060892500000000016,0.07835500000000001,0.0801425,0.1140775,279.22314398000003
30,43,24,LT05_023030_20070107,0.08355249999999997,0.09702749999999999,0.09447,0.1298625,279.58887212
31,43,25,LT05_023030_20070107,0.0472525,0.07835500000000001,0.07293749999999999,0.12194250000000001,279.58887212
32,43,26,LT05_023030_20070107,0.0654575,0.0690325,0.0801425,0.12194250000000001,279.58887212
33,43,27,LT05_023030_20070107,0.0654575,0.07835500000000001,0.08732000000000001,0.12194250000000001,279.58887212
34,43,28,LT05_023030_20070107,0.0654575,0.07835500000000001,0.08732000000000001,0.12194250000000001,279.58887212
35,43,29,LT05_023030_20070107,0.060892500000000016,0.0690325,0.08732000000000001,0.1298625,279.49316755999996
37,44,23,LT05_023030_20070107,0.0563825,0.059655000000000014,0.07293749999999999,0.09826499999999999,279.22314398000003
38,44,24,LT05_023030_20070107,0.09254499999999999,0.09702749999999999,0.11594749999999998,0.1377275,279.58887212
39,44,25,LT05_023030_20070107,0.06999499999999997,0.08770499999999998,0.08732000000000001,0.1298625,279.58887212
40,44,26,LT05_023030_20070107,0.0654575,0.0690325,0.0801425,0.1377275,279.58887212
41,44,27,LT05_023030_20070107,0.0654575,0.08770499999999998,0.08732000000000001,0.12194250000000001,279.58887212
42,44,28,LT05_023030_20070107,0.0563825,0.059655000000000014,0.07293749999999999,0.1140775,279.58887212
43,44,29,LT05_023030_20070107,0.060892500000000016,0.0690325,0.0801425,0.14562000000000003,279.49316755999996
44,44,30,LT05_023030_20070107,0.0654575,0.08770499999999998,0.08732000000000001,0.14562000000000003,279.49316755999996
45,45,27,LT05_023030_20070107,0.060892500000000016,0.07835500000000001,0.0801425,0.1298625,279.58887212
46,45,28,LT05_023030_20070107,0.060892500000000016,0.08770499999999998,0.08732000000000001,0.14562000000000003,279.58887212
47,45,29,LT05_023030_20070107,0.0654575,0.07835500000000001,0.08732000000000001,0.15348499999999998,279.49316755999996
2,39,23,LT05_023030_20070312,0.1165525,0.1333275,0.1398725,0.16264250000000002,290.17448006
3,39,24,LT05_023030_20070312,0.12593,0.14793,0.15939750000000003,0.1763925,290.56413434
4,39,25,LT05_023030_20070312,0.1235925,0.14793,0.15549249999999998,0.1809575,290.56413434
6,40,23,LT05_023030_20070312,0.10481000000000001,0.1137475,0.12031999999999998,0.16264250000000002,290.17448006
7,40,24,LT05_023030_20070312,0.12593,0.152825,0.16718,0.1763925,290.56413434
8,40,25,LT05_023030_20070312,0.10951250000000001,0.1284325,0.1398725,0.16264250000000002,290.56413434
9,40,26,LT05_023030_20070312,0.1071475,0.1284325,0.132035,0.16726249999999998,290.56413434
10,40,27,LT05_023030_20070312,0.11187750000000002,0.138195,0.1476825,0.18552249999999998,290.56413434
11,40,28,LT05_023030_20070312,0.11187750000000002,0.138195,0.1476825,0.18552249999999998,290.56413434
13,41,23,LT05_023030_20070312,0.10247250000000002,0.1137475,0.12031999999999998,0.144355,290.17448006
14,41,24,LT05_023030_20070312,0.1071475,0.138195,0.1437775,0.14892,290.56071632
15,41,25,LT05_023030_20070312,0.1165525,0.138195,0.1437775,0.15807749999999998,290.56071632
16,41,26,LT05_023030_20070312,0.11889,0.14306249999999998,0.1398725,0.1809575,290.56071632
17,41,27,LT05_023030_20070312,0.10951250000000001,0.138195,0.13594,0.1809575,290.56071632
18,41,28,LT05_023030_20070312,0.10951250000000001,0.138195,0.13594,0.1809575,290.56071632
21,42,23,LT05_023030_20070312,0.09304000000000001,0.10393000000000002,0.10464499999999999,0.12601250000000003,290.35905314
22,42,24,LT05_023030_20070312,0.10481000000000001,0.1284325,0.12813000000000002,0.13060500000000003,290.73503533999997
23,42,25,LT05_023030_20070312,0.10008,0.11861500000000003,0.12813000000000002,0.13517,290.73503533999997
24,42,26,LT05_023030_20070312,0.10247250000000002,0.11861500000000003,0.12031999999999998,0.144355,290.73503533999997
25,42,27,LT05_023030_20070312,0.10481000000000001,0.12353750000000002,0.12031999999999998,0.14892,290.73503533999997
26,42,28,LT05_023030_20070312,0.10481000000000001,0.12353750000000002,0.12031999999999998,0.14892,290.73503533999997
27,42,29,LT05_023030_20070312,0.11421500000000001,0.13329999999999997,0.13594,0.16726249999999998,290.63591276
29,43,23,LT05_023030_20070312,0.10008,0.10885250000000002,0.11248249999999999,0.13060500000000003,289.75748162
30,43,24,LT05_023030_20070312,0.11187750000000002,0.1137475,0.12031999999999998,0.14892,290.73503533999997
31,43,25,LT05_023030_20070312,0.09304000000000001,0.10393000000000002,0.1085775,0.13979000000000003,290.73503533999997
32,43,26,LT05_023030_20070312,0.10008,0.1137475,0.11641499999999999,0.13979000000000003,290.73503533999997
33,43,27,LT05_023030_20070312,0.121255,0.1284325,0.132035,0.16264250000000002,290.73503533999997
34,43,28,LT05_023030_20070312,0.121255,0.1284325,0.132035,0.16264250000000002,290.73503533999997
35,43,29,LT05_023030_20070312,0.10481000000000001,0.1137475,0.12031999999999998,0.15807749999999998,290.03092322
37,44,23,LT05_023030_20070312,0.10008,0.10393000000000002,0.10464499999999999,0.12601250000000003,289.75748162
38,44,24,LT05_023030_20070312,0.1165525,0.13329999999999997,0.1437775,0.16264250000000002,290.13346382
39,44,25,LT05_023030_20070312,0.10008,0.11861500000000003,0.12031999999999998,0.14892,290.73503533999997
40,44,26,LT05_023030_20070312,0.10481000000000001,0.1137475,0.11641499999999999,0.13060500000000003,290.73503533999997
41,44,27,LT05_023030_20070312,0.1165525,0.1284325,0.1398725,0.17182750000000002,290.73503533999997
42,44,28,LT05_023030_20070312,0.10008,0.10885250000000002,0.1085775,0.144355,290.1300458
43,44,29,LT05_023030_20070312,0.1071475,0.11861500000000003,0.12031999999999998,0.15807749999999998,290.03092322
44,44,30,LT05_023030_20070312,0.11421500000000001,0.138195,0.1437775,0.15807749999999998,290.03092322
45,45,27,LT05_023030_20070312,0.1071475,0.1137475,0.12031999999999998,0.1535125,290.1300458
46,45,28,LT05_023030_20070312,0.1165525,0.12353750000000002,0.132035,0.17182750000000002,290.1300458
47,45,29,LT05_023030_20070312,0.13528,0.1576925,0.16330250000000002,0.19011499999999998,289.42593367999996
2,39,23,LT05_023030_20070616,0.11099750000000003,0.14707750000000003,0.1510375,0.25881,314.66801138
3,39,24,LT05_023030_20070616,0.11539749999999999,0.1557675,0.1647325,0.234885,315.0986819
4,39,25,LT05_023030_20070616,0.11539749999999999,0.1557675,0.16814250000000003,0.2508625,314.42533196
6,40,23,LT05_023030_20070616,0.08902500000000002,0.11209750000000002,0.11314249999999998,0.298465,314.66117534
7,40,24,LT05_023030_20070616,0.11322500000000002,0.14276,0.157885,0.2667575,315.7651958
8,40,25,LT05_023030_20070616,0.09785250000000001,0.12527,0.12700250000000002,0.31026250000000005,315.09526388
9,40,26,LT05_023030_20070616,0.08902500000000002,0.1076975,0.10967749999999998,0.33383,315.09526388
10,40,27,LT05_023030_20070616,0.09785250000000001,0.12527,0.12700250000000002,0.31026250000000005,315.0986819
11,40,28,LT05_023030_20070616,0.09785250000000001,0.12527,0.12700250000000002,0.31026250000000005,315.0986819
13,41,23,LT05_023030_20070616,0.08019749999999998,0.09889750000000003,0.0958175,0.26673,315.32768924
14,41,24,LT05_023030_20070616,0.1044525,0.13835999999999998,0.14762750000000002,0.2228675,316.42829168000003
15,41,25,LT05_023030_20070616,0.11102499999999998,0.14710499999999999,0.157885,0.23087000000000002,316.4317097
16,41,26,LT05_023030_20070616,0.108825,0.14276,0.14418999999999998,0.26277,315.76177778
17,41,27,LT05_023030_20070616,0.10225250000000002,0.1296425,0.13044,0.278665,315.7651958
18,41,28,LT05_023030_20070616,0.10225250000000002,0.1296425,0.13044,0.278665,315.7651958
21,42,23,LT05_023030_20070616,0.07574249999999999,0.0900975,0.0784375,0.254795,316.20270236
22,42,24,LT05_023030_20070616,0.10008,0.134015,0.13046750000000001,0.19874999999999998,317.28963272
23,42,25,LT05_023030_20070616,0.10227999999999998,0.12967,0.133905,0.2228675,317.28963272
24,42,26,LT05_023030_20070616,0.09348000000000001,0.12967,0.13046750000000001,0.24681999999999998,317.28963272
25,42,27,LT05_023030_20070616,0.09125250000000001,0.120925,0.12007250000000003,0.24681999999999998,316.62311882
26,42,28,LT05_023030_20070616,0.09125250000000001,0.120925,0.12007250000000003,0.24681999999999998,316.62311882
27,42,29,LT05_023030_20070616,0.09567999999999999,0.1252975,0.12700250000000002,0.2667025,315.84039224
29,43,23,LT05_023030_20070616,0.07577,0.09892499999999999,0.08542250000000001,0.2627425,316.86238022
30,43,24,LT05_023030_20070616,0.09790749999999998,0.12967,0.12702999999999998,0.218825,317.94931058
31,43,25,LT05_023030_20070616,0.0891075,0.11212499999999997,0.11663499999999999,0.28257,317.9527286
32,43,26,LT05_023030_20070616,0.0802525,0.11212499999999997,0.10626750000000001,0.27069,317.28621469999996
33,43,27,LT05_023030_20070616,0.07802500000000001,0.10335250000000001,0.09933750000000002,0.2865025,316.61970080000003
34,43,28,LT05_023030_20070616,0.07802500000000001,0.10335250000000001,0.09933750000000002,0.2865025,316.61970080000003
35,43,29,LT05_023030_20070616,0.09127999999999997,0.1165525,0.10973250000000001,0.2547675,315.84039224
37,44,23,LT05_023030_20070616,0.07805250000000002,0.10335250000000001,0.09933750000000002,0.27066250000000003,316.86238022
38,44,24,LT05_023030_20070616,0.10453499999999999,0.1252975,0.133905,0.22283999999999998,317.9527286
39,44,25,LT05_023030_20070616,0.08467999999999998,0.12095250000000002,0.1131975,0.2587275,317.94931058
40,44,26,LT05_023030_20070616,0.07582499999999998,0.09455249999999998,0.08891500000000002,0.266675,317.28279668
41,44,27,LT05_023030_20070616,0.07805250000000002,0.0989525,0.08545000000000003,0.27861,316.61970080000003
42,44,28,LT05_023030_20070616,0.07805250000000002,0.0989525,0.09240749999999998,0.25078,315.94976887999997
43,44,29,LT05_023030_20070616,0.07579750000000002,0.0989525,0.08891500000000002,0.2746225,315.84039224
44,44,30,LT05_023030_20070616,0.08467999999999998,0.10335250000000001,0.10280250000000002,0.266675,315.84039224
45,45,27,LT05_023030_20070616,0.07585249999999999,0.09898000000000001,0.08894249999999998,0.2626875,316.61628278
46,45,28,LT05_023030_20070616,0.08030749999999998,0.09455249999999998,0.08545000000000003,0.270635,315.94976887999997
47,45,29,LT05_023030_20070616,0.07359749999999998,0.09898000000000001,0.08894249999999998,0.298355,315.84039224
2,39,23,LT05_023030_20070702,0.11245500000000003,0.1503775,0.15882000000000002,0.241375,307.9721102
3,39,24,LT05_023030_20070702,0.122135,0.16212,0.17443999999999998,0.2156075,308.40278072
4,39,25,LT05_023030_20070702,0.12018250000000003,0.16212,0.1681975,0.241375,308.40278072
6,40,23,LT05_023030_20070702,0.09105999999999997,0.1110525,0.11795499999999998,0.2817175,307.9721102
7,40,24,LT05_023030_20070702,0.1163325,0.15818749999999998,0.17130499999999999,0.248745,308.40278072
8,40,25,LT05_023030_20070702,0.0988425,0.1347025,0.13060500000000003,0.285375,309.00093422
9,40,26,LT05_023030_20070702,0.07931749999999999,0.10709249999999998,0.1053325,0.31095,309.00093422
10,40,27,LT05_023030_20070702,0.08322249999999998,0.114985,0.11795499999999998,0.300005,308.40278072
11,40,28,LT05_023030_20070702,0.08322249999999998,0.114985,0.11795499999999998,0.300005,308.40278072
13,41,23,LT05_023030_20070702,0.07538499999999998,0.09914499999999998,0.09587250000000003,0.26708750000000003,307.9721102
14,41,24,LT05_023030_20070702,0.11053000000000002,0.1503775,0.15882000000000002,0.219265,309.00093422
15,41,25,LT05_023030_20070702,0.1163325,0.1542825,0.1681975,0.23032000000000002,309.00093422
16,41,26,LT05_023030_20070702,0.10662500000000003,0.1503775,0.15568500000000002,0.274375,309.00093422
17,41,27,LT05_023030_20070702,0.0930125,0.1268375,0.13060500000000003,0.2707175,309.00093422
18,41,28,LT05_023030_20070702,0.0930125,0.1268375,0.13060500000000003,0.2707175,309.00093422
21,42,23,LT05_023030_20070702,0.06358750000000002,0.08721000000000001,0.073625,0.2634025,308.7753449
22,42,24,LT05_023030_20070702,0.09691749999999999,0.1347025,0.13687500000000002,0.204525,309.79049684
23,42,25,LT05_023030_20070702,0.09691749999999999,0.1268375,0.13687500000000002,0.2266625,309.79049684
24,42,26,LT05_023030_20070702,0.09496500000000002,0.1268375,0.12744250000000001,0.252375,309.79049684
25,42,27,LT05_023030_20070702,0.08907999999999999,0.1110525,0.11798249999999999,0.241375,309.19576136
26,42,28,LT05_023030_20070702,0.08907999999999999,0.1110525,0.11798249999999999,0.241375,309.19576136
27,42,29,LT05_023030_20070702,0.0930125,0.11501250000000002,0.11795499999999998,0.252375,308.48823122
29,43,23,LT05_023030_20070702,0.07147999999999999,0.08721000000000001,0.08633000000000002,0.270745,308.7753449
30,43,24,LT05_023030_20070702,0.09688999999999998,0.1268375,0.13060500000000003,0.23032000000000002,309.79049684
31,43,25,LT05_023030_20070702,0.079345,0.114985,0.10852250000000002,0.29632000000000003,309.79049684
32,43,26,LT05_023030_20070702,0.085175,0.10313250000000002,0.1053325,0.27806000000000003,309.79049684
33,43,27,LT05_023030_20070702,0.07538499999999998,0.10313250000000002,0.0926825,0.27806000000000003,309.19576136
34,43,28,LT05_023030_20070702,0.07538499999999998,0.10313250000000002,0.0926825,0.27806000000000003,309.19576136
35,43,29,LT05_023030_20070702,0.08129750000000002,0.10313250000000002,0.1053325,0.241375,309.08638471999996
37,44,23,LT05_023030_20070702,0.0773375,0.0951575,0.09587250000000003,0.259745,309.37008038
38,44,24,LT05_023030_20070702,0.10854999999999998,0.13077,0.14314500000000002,0.23771750000000003,309.79049684
39,44,25,LT05_023030_20070702,0.08322249999999998,0.11894500000000002,0.11484749999999999,0.26708750000000003,309.79049684
40,44,26,LT05_023030_20070702,0.0695,0.08721000000000001,0.08633000000000002,0.26708750000000003,309.79049684
41,44,27,LT05_023030_20070702,0.07145249999999997,0.08721000000000001,0.08951999999999999,0.270745,309.19576136
42,44,28,LT05_023030_20070702,0.07343250000000001,0.09119749999999999,0.08633000000000002,0.25240250000000003,309.19576136
43,44,29,LT05_023030_20070702,0.06553999999999999,0.09119749999999999,0.08313999999999999,0.2744025,309.08638471999996
44,44,30,LT05_023030_20070702,0.07343250000000001,0.10313250000000002,0.10216999999999998,0.2560875,309.08638471999996
45,45,27,LT05_023030_20070702,0.0695,0.0951575,0.08633000000000002,0.259745,309.19576136
46,45,28,LT05_023030_20070702,0.06749250000000001,0.08721000000000001,0.08313999999999999,0.270745,309.19576136
47,45,29,LT05_023030_20070702,0.06749250000000001,0.09119749999999999,0.08633000000000002,0.30363500000000004,309.08638471999996
2,39,23,LT05_023030_20070803,0.10016249999999999,0.1329975,0.14440999999999998,0.20144499999999999,312.17285677999996
3,39,24,LT05_023030_20070803,0.11289500000000002,0.15535500000000002,0.1685275,0.19792500000000002,312.63087146
4,39,25,LT05_023030_20070803,0.11289500000000002,0.15535500000000002,0.1655025,0.21563500000000002,312.63087146
6,40,23,LT05_023030_20070803,0.06169000000000002,0.08803499999999997,0.0929025,0.23337249999999998,312.16943876
7,40,24,LT05_023030_20070803,0.10200500000000001,0.14418999999999998,0.15345750000000002,0.212115,313.10597624
8,40,25,LT05_023030_20070803,0.07637500000000003,0.10304999999999997,0.10505750000000003,0.23692000000000002,313.10597624
9,40,26,LT05_023030_20070803,0.06350499999999998,0.09180250000000001,0.0929025,0.26167,313.10597624
10,40,27,LT05_023030_20070803,0.07640249999999998,0.11055749999999998,0.1141875,0.26519,313.10597624
11,40,28,LT05_023030_20070803,0.07640249999999998,0.11055749999999998,0.1141875,0.26519,313.10597624
13,41,23,LT05_023030_20070803,0.05426500000000001,0.07673249999999998,0.0685925,0.212115,312.64454354
14,41,24,LT05_023030_20070803,0.09650500000000001,0.14418999999999998,0.14743499999999998,0.18728250000000002,313.10255822
15,41,25,LT05_023030_20070803,0.10200500000000001,0.1367375,0.15345750000000002,0.20501999999999998,313.10255822
16,41,26,LT05_023030_20070803,0.09834749999999998,0.1329975,0.1323375,0.24044,313.57766300000003
17,41,27,LT05_023030_20070803,0.07824500000000001,0.11055749999999998,0.1172125,0.2510825,313.10255822
18,41,28,LT05_023030_20070803,0.07824500000000001,0.11055749999999998,0.1172125,0.2510825,313.10255822
21,42,23,LT05_023030_20070803,0.04873749999999999,0.06160749999999998,0.059435000000000016,0.212115,312.86329681999996
22,42,24,LT05_023030_20070803,0.091005,0.11803750000000002,0.1262875,0.17306500000000002,313.78616222
23,42,25,LT05_023030_20070803,0.08187499999999998,0.11803750000000002,0.1262875,0.19083,313.7827442
24,42,26,LT05_023030_20070803,0.08190249999999999,0.10681750000000001,0.11415999999999998,0.2227575,313.7827442
25,42,27,LT05_023030_20070803,0.0690325,0.09931000000000001,0.10505750000000003,0.21566249999999998,313.7827442
26,42,28,LT05_023030_20070803,0.0690325,0.09931000000000001,0.10505750000000003,0.21566249999999998,313.7827442
27,42,29,LT05_023030_20070803,0.07271749999999999,0.10304999999999997,0.10808250000000003,0.22627750000000002,313.19142674
29,43,23,LT05_023030_20070803,0.05242249999999998,0.06917000000000001,0.06856499999999999,0.21923750000000003,312.86329681999996
30,43,24,LT05_023030_20070803,0.08553250000000001,0.10679,0.1202375,0.18728250000000002,313.7827442
31,43,25,LT05_023030_20070803,0.05242249999999998,0.09554249999999997,0.0898775,0.23692000000000002,313.7827442
32,43,26,LT05_023030_20070803,0.0653475,0.08800750000000002,0.09898000000000001,0.22985250000000002,313.7827442
33,43,27,LT05_023030_20070803,0.05426500000000001,0.08803499999999997,0.08682499999999999,0.23337249999999998,313.7827442
34,43,28,LT05_023030_20070803,0.05426500000000001,0.08803499999999997,0.08682499999999999,0.23337249999999998,313.7827442
35,43,29,LT05_023030_20070803,0.0653475,0.091775,0.0929025,0.22627750000000002,313.18800871999997
37,44,23,LT05_023030_20070803,0.04871,0.06917000000000001,0.08074749999999997,0.21566249999999998,312.86329681999996
38,44,24,LT05_023030_20070803,0.09469,0.11803750000000002,0.13835999999999998,0.19792500000000002,314.25784898
39,44,25,LT05_023030_20070803,0.06166250000000001,0.09554249999999997,0.09898000000000001,0.20856750000000002,314.25784898
40,44,26,LT05_023030_20070803,0.04502500000000001,0.06540249999999997,0.07467000000000001,0.212115,313.7827442
41,44,27,LT05_023030_20070803,0.0505525,0.07293749999999999,0.07467000000000001,0.2227575,313.7827442
42,44,28,LT05_023030_20070803,0.05426500000000001,0.07293749999999999,0.07467000000000001,0.21566249999999998,313.30763942
43,44,29,LT05_023030_20070803,0.05613499999999999,0.06917000000000001,0.07467000000000001,0.23692000000000002,313.18800871999997
44,44,30,LT05_023030_20070803,0.059819999999999984,0.08803499999999997,0.0898775,0.2227575,313.6631135
45,45,27,LT05_023030_20070803,0.05242249999999998,0.07670500000000002,0.0716175,0.2227575,313.7827442
46,45,28,LT05_023030_20070803,0.0505525,0.06540249999999997,0.06553999999999999,0.22985250000000002,313.7827442
47,45,29,LT05_023030_20070803,0.05426500000000001,0.07293749999999999,0.07772249999999997,0.23692000000000002,313.18800871999997
2,39,23,LT05_023030_20070904,0.10918250000000002,0.1476,0.15321,0.2292475,309.48971108
3,39,24,LT05_023030_20070904,0.11135499999999998,0.1476,0.16025,0.21261000000000002,309.91696358
4,39,25,LT05_023030_20070904,0.091885,0.13442749999999998,0.13208999999999999,0.2625225,309.91696358
6,40,23,LT05_023030_20070904,0.05261500000000002,0.072525,0.06834499999999999,0.266675,309.48629306
7,40,24,LT05_023030_20070904,0.10486499999999999,0.15200000000000002,0.16025,0.225095,309.91354556
8,40,25,LT05_023030_20070904,0.09405750000000002,0.13005499999999998,0.12859749999999998,0.2542175,309.91354556
9,40,26,LT05_023030_20070904,0.0722775,0.10357250000000001,0.10384749999999998,0.2749525,309.91696358
10,40,27,LT05_023030_20070904,0.07882250000000002,0.11682749999999997,0.11446250000000002,0.29566000000000003,309.91696358
11,40,28,LT05_023030_20070904,0.07882250000000002,0.11682749999999997,0.11446250000000002,0.29566000000000003,309.91696358
13,41,23,LT05_023030_20070904,0.05041499999999999,0.072525,0.07191999999999998,0.20848499999999998,310.06735646
14,41,24,LT05_023030_20070904,0.09403,0.1432275,0.1497175,0.18753000000000003,310.49802697999996
15,41,25,LT05_023030_20070904,0.10054750000000001,0.12565500000000002,0.13563750000000002,0.20007000000000003,310.49802697999996
16,41,26,LT05_023030_20070904,0.08536749999999999,0.13005499999999998,0.12153000000000003,0.23758,310.49802697999996
17,41,27,LT05_023030_20070904,0.0722775,0.09471750000000001,0.1003,0.250065,310.501445
18,41,28,LT05_023030_20070904,0.0722775,0.09471750000000001,0.1003,0.250065,310.501445
21,42,23,LT05_023030_20070904,0.04381499999999999,0.06364249999999999,0.05770249999999999,0.187585,310.27243766000004
22,42,24,LT05_023030_20070904,0.085395,0.121255,0.12859749999999998,0.170865,310.68943609999997
23,42,25,LT05_023030_20070904,0.07882250000000002,0.10799999999999998,0.11801,0.1875575,311.27391752
24,42,26,LT05_023030_20070904,0.0722775,0.10357250000000001,0.10384749999999998,0.19589,311.27391752
25,42,27,LT05_023030_20070904,0.06573249999999997,0.0991725,0.0932325,0.20007000000000003,311.27391752
26,42,28,LT05_023030_20070904,0.06573249999999997,0.0991725,0.0932325,0.20007000000000003,311.27391752
27,42,29,LT05_023030_20070904,0.06570500000000001,0.09471750000000001,0.09677999999999998,0.24173250000000002,310.58005946000003
29,43,23,LT05_023030_20070904,0.046015,0.06364249999999999,0.05770249999999999,0.20009749999999998,310.27243766000004
30,43,24,LT05_023030_20070904,0.085395,0.1080275,0.1109425,0.19591750000000002,311.27391752
31,43,25,LT05_023030_20070904,0.048187499999999994,0.08586250000000001,0.08259,0.2459675,311.27391752
32,43,26,LT05_023030_20070904,0.05478749999999999,0.072525,0.07546750000000002,0.20848499999999998,311.27391752
33,43,27,LT05_023030_20070904,0.048187499999999994,0.08140750000000002,0.07191999999999998,0.2334275,311.2704995
34,43,28,LT05_023030_20070904,0.048187499999999994,0.08140750000000002,0.07191999999999998,0.2334275,311.2704995
35,43,29,LT05_023030_20070904,0.05478749999999999,0.08586250000000001,0.0896575,0.229275,311.16112286
37,44,23,LT05_023030_20070904,0.03938749999999999,0.05913249999999998,0.05409999999999998,0.21263749999999998,310.27243766000004
38,44,24,LT05_023030_20070904,0.09622999999999998,0.11685499999999999,0.12859749999999998,0.22515000000000002,311.27391752
39,44,25,LT05_023030_20070904,0.056987500000000024,0.0903175,0.08971249999999997,0.24176000000000003,311.85498092
40,44,26,LT05_023030_20070904,0.04598749999999999,0.05913249999999998,0.05409999999999998,0.20848499999999998,311.85498092
41,44,27,LT05_023030_20070904,0.04598749999999999,0.072525,0.0683725,0.22097,311.85498092
42,44,28,LT05_023030_20070904,0.04598749999999999,0.05913249999999998,0.06122250000000001,0.19589,311.2704995
43,44,29,LT05_023030_20070904,0.04378750000000001,0.06358750000000002,0.06479750000000001,0.20007000000000003,311.16112286
44,44,30,LT05_023030_20070904,0.050387499999999974,0.08138000000000001,0.079015,0.2251225,310.58005946000003
45,45,27,LT05_023030_20070904,0.0415875,0.06361499999999998,0.06122250000000001,0.21263749999999998,311.2704995
46,45,28,LT05_023030_20070904,0.0415875,0.06361499999999998,0.057674999999999976,0.22097,311.2704995
47,45,29,LT05_023030_20070904,0.04598749999999999,0.072525,0.0683725,0.2417875,311.16112286
2,39,23,LT05_023030_20080314,0.12669999999999998,0.1501575,0.156675,0.17006749999999998,284.77059044
3,39,24,LT05_023030_20080314,0.1450975,0.16445749999999998,0.17202,0.18326750000000003,285.72763604
4,39,25,LT05_023030_20080314,0.140505,0.1597,0.16817,0.1788675,285.72763604
6,40,23,LT05_023030_20080314,0.12439,0.14537250000000002,0.14903,0.1788675,285.34139977999996
7,40,24,LT05_023030_20080314,0.1427875,0.16445749999999998,0.16817,0.1788675,285.72763604
8,40,25,LT05_023030_20080314,0.1359125,0.15491500000000002,0.16434749999999998,0.18326750000000003,285.72763604
9,40,26,LT05_023030_20080314,0.140505,0.15491500000000002,0.16434749999999998,0.19209500000000002,285.72763604
10,40,27,LT05_023030_20080314,0.15422750000000002,0.16924250000000002,0.17966500000000002,0.20969500000000002,285.72763604
11,40,28,LT05_023030_20080314,0.15422750000000002,0.16924250000000002,0.17966500000000002,0.20969500000000002,285.72763604
13,41,23,LT05_023030_20080314,0.13129249999999998,0.1501575,0.14903,0.16564,285.90879110000003
14,41,24,LT05_023030_20080314,0.13588499999999998,0.1501575,0.1528525,0.15683999999999998,286.29844538
15,41,25,LT05_023030_20080314,0.140505,0.1597,0.16434749999999998,0.17006749999999998,285.72763604
16,41,26,LT05_023030_20080314,0.1565375,0.1740275,0.18346,0.200895,285.72763604
17,41,27,LT05_023030_20080314,0.1587925,0.1835425,0.18346,0.20969500000000002,285.72763604
18,41,28,LT05_023030_20080314,0.1587925,0.1835425,0.18346,0.20969500000000002,285.72763604
22,42,24,LT05_023030_20080314,0.13129249999999998,0.15491500000000002,0.1528525,0.15683999999999998,285.90195506
23,42,25,LT05_023030_20080314,0.1381675,0.1501575,0.1528525,0.16124,285.90195506
24,42,26,LT05_023030_20080314,0.1427875,0.15491500000000002,0.16049750000000002,0.1788675,285.32772769999997
25,42,27,LT05_023030_20080314,0.1450975,0.16445749999999998,0.16817,0.187695,285.32772769999997
26,42,28,LT05_023030_20080314,0.1450975,0.16445749999999998,0.16817,0.187695,285.32772769999997
30,43,24,LT05_023030_20080314,0.1450975,0.1740275,0.1719925,0.1744675,285.32772769999997
38,44,24,LT05_023030_20080314,0.14506999999999998,0.16445749999999998,0.16817,0.17006749999999998,284.75350033999996
39,44,25,LT05_023030_20080314,0.13588499999999998,0.1501575,0.16817,0.16124,284.17243694
40,44,26,LT05_023030_20080314,0.1381675,0.16445749999999998,0.16049750000000002,0.1788675,284.17243694
2,39,23,LT05_023030_20080415,0.1166625,0.158765,0.17251500000000003,0.19052750000000002,293.84543354
3,39,24,LT05_023030_20080415,0.12425249999999999,0.16264250000000002,0.1756775,0.19052750000000002,294.26243198
4,39,25,LT05_023030_20080415,0.11286750000000001,0.1432,0.15992,0.1832125,294.26243198
6,40,23,LT05_023030_20080415,0.08806249999999999,0.11581000000000002,0.12835000000000002,0.17226750000000002,294.8469134
7,40,24,LT05_023030_20080415,0.1204575,0.14707750000000003,0.16621750000000002,0.18686999999999998,295.27074788
8,40,25,LT05_023030_20080415,0.09953000000000001,0.13539,0.14732499999999998,0.1832125,295.27074788
9,40,26,LT05_023030_20080415,0.10525000000000001,0.13539,0.1567575,0.19784249999999998,295.27074788
10,40,27,LT05_023030_20080415,0.12425249999999999,0.1548875,0.17251500000000003,0.21610250000000003,295.27074788
11,40,28,LT05_023030_20080415,0.12425249999999999,0.1548875,0.17251500000000003,0.21610250000000003,295.27074788
13,41,23,LT05_023030_20080415,0.07082,0.09227000000000002,0.10304999999999997,0.15032250000000003,295.34594432
14,41,24,LT05_023030_20080415,0.1204575,0.1548875,0.17881249999999999,0.19052750000000002,295.7697788
15,41,25,LT05_023030_20080415,0.114765,0.15098250000000002,0.15992,0.17955500000000002,295.7697788
16,41,26,LT05_023030_20080415,0.109045,0.1432,0.15992,0.20878750000000001,295.7697788
17,41,27,LT05_023030_20080415,0.10335250000000001,0.1275525,0.14100000000000001,0.19784249999999998,295.27074788
18,41,28,LT05_023030_20080415,0.10335250000000001,0.1275525,0.14100000000000001,0.19784249999999998,295.27074788
21,42,23,LT05_023030_20080415,0.06889499999999998,0.08833750000000001,0.09986,0.15032250000000003,296.04663842
22,42,24,LT05_023030_20080415,0.10335250000000001,0.1432,0.16937999999999998,0.17589749999999998,296.45680082
23,42,25,LT05_023030_20080415,0.1014275,0.12364750000000002,0.134675,0.1649525,295.9577699
24,42,26,LT05_023030_20080415,0.1014275,0.1275525,0.1378375,0.17589749999999998,295.9577699
25,42,27,LT05_023030_20080415,0.091885,0.11581000000000002,0.12521500000000002,0.16860999999999998,295.45873898
26,42,28,LT05_023030_20080415,0.091885,0.11581000000000002,0.12521500000000002,0.16860999999999998,295.45873898
27,42,29,LT05_023030_20080415,0.08613749999999998,0.10404000000000002,0.11253750000000001,0.17226750000000002,295.34936233999997
29,43,23,LT05_023030_20080415,0.08041749999999998,0.09617500000000001,0.10618499999999997,0.15032250000000003,296.04663842
30,43,24,LT05_023030_20080415,0.09763250000000001,0.13148500000000002,0.14100000000000001,0.16860999999999998,296.45680082
31,43,25,LT05_023030_20080415,0.08423999999999998,0.10797250000000003,0.12835000000000002,0.1649525,295.9577699
32,43,26,LT05_023030_20080415,0.08231499999999997,0.10797250000000003,0.11572749999999998,0.15398,295.9577699
33,43,27,LT05_023030_20080415,0.08041749999999998,0.10013499999999997,0.11253750000000001,0.15763749999999999,295.45873898
34,43,28,LT05_023030_20080415,0.08041749999999998,0.10013499999999997,0.11253750000000001,0.15763749999999999,295.45873898
35,43,29,LT05_023030_20080415,0.09001500000000001,0.10797250000000003,0.122025,0.18686999999999998,295.34936233999997
37,44,23,LT05_023030_20080415,0.0746425,0.10013499999999997,0.109375,0.15398,296.04663842
38,44,24,LT05_023030_20080415,0.09763250000000001,0.1392675,0.144135,0.17589749999999998,296.45680082
39,44,25,LT05_023030_20080415,0.09381,0.11581000000000002,0.134675,0.19052750000000002,295.9577699
40,44,26,LT05_023030_20080415,0.06696999999999997,0.09227000000000002,0.10618499999999997,0.15398,295.45873898
41,44,27,LT05_023030_20080415,0.07849250000000002,0.10404000000000002,0.11253750000000001,0.16860999999999998,295.45873898
42,44,28,LT05_023030_20080415,0.07656750000000001,0.10404000000000002,0.109375,0.15032250000000003,295.45873898
43,44,29,LT05_023030_20080415,0.07082,0.09617500000000001,0.10621249999999999,0.146665,295.34936233999997
44,44,30,LT05_023030_20080415,0.08423999999999998,0.11190499999999998,0.122025,0.18686999999999998,295.34936233999997
45,45,27,LT05_023030_20080415,0.08231499999999997,0.10404000000000002,0.11886249999999998,0.17229499999999998,295.45873898
46,45,28,LT05_023030_20080415,0.07271749999999999,0.10013499999999997,0.10304999999999997,0.1649525,295.45873898
47,45,29,LT05_023030_20080415,0.06889499999999998,0.10013499999999997,0.09986,0.19784249999999998,295.34936233999997
2,39,23,LT05_023030_20080501,0.1175425,0.1555475,0.1667675,0.1994375,298.64775164
3,39,24,LT05_023030_20080501,0.11952249999999998,0.1555475,0.17334,0.20331500000000002,298.42899836000004
4,39,25,LT05_023030_20080501,0.11141000000000001,0.14314500000000002,0.15034999999999998,0.21095999999999998,298.42899836000004
6,40,23,LT05_023030_20080501,0.08294750000000001,0.10582750000000002,0.11080499999999999,0.19176500000000002,298.64433362
7,40,24,LT05_023030_20080501,0.1175425,0.1555475,0.163495,0.20713750000000003,299.04765998
8,40,25,LT05_023030_20080501,0.11146499999999998,0.1390475,0.15694999999999998,0.2109875,299.04424196
9,40,26,LT05_023030_20080501,0.1053325,0.134895,0.14705000000000001,0.21095999999999998,298.42899836000004
10,40,27,LT05_023030_20080501,0.103325,0.14732499999999998,0.1536225,0.23395,298.42899836000004
11,40,28,LT05_023030_20080501,0.103325,0.14732499999999998,0.1536225,0.23395,298.42899836000004
13,41,23,LT05_023030_20080501,0.08907999999999999,0.10998000000000002,0.11410500000000001,0.18788749999999999,298.64091559999997
14,41,24,LT05_023030_20080501,0.11550749999999999,0.14729750000000003,0.15365,0.19176500000000002,299.04424196
15,41,25,LT05_023030_20080501,0.11146499999999998,0.14317249999999998,0.15694999999999998,0.19561499999999998,299.04424196
16,41,26,LT05_023030_20080501,0.11146499999999998,0.14317249999999998,0.1503775,0.23012749999999998,299.04424196
17,41,27,LT05_023030_20080501,0.0951575,0.13074249999999998,0.13720500000000002,0.23395,299.04424196
18,41,28,LT05_023030_20080501,0.0951575,0.13074249999999998,0.13720500000000002,0.23395,299.04424196
21,42,23,LT05_023030_20080501,0.07478000000000001,0.1016475,0.10415000000000002,0.176365,299.45098634
22,42,24,LT05_023030_20080501,0.10940250000000001,0.1349225,0.1503775,0.18788749999999999,299.84405863999996
23,42,25,LT05_023030_20080501,0.10536000000000001,0.1349225,0.14380500000000002,0.176365,299.84064062
24,42,26,LT05_023030_20080501,0.10536000000000001,0.13077,0.14380500000000002,0.19561499999999998,299.84064062
25,42,27,LT05_023030_20080501,0.09521249999999998,0.1224925,0.133905,0.1994375,299.84064062
26,42,28,LT05_023030_20080501,0.09521249999999998,0.1224925,0.133905,0.1994375,299.84064062
27,42,29,LT05_023030_20080501,0.08907999999999999,0.12658999999999998,0.127305,0.2186325,299.11602038
29,43,23,LT05_023030_20080501,0.0809125,0.10582750000000002,0.1074775,0.18406499999999998,299.44756831999996
30,43,24,LT05_023030_20080501,0.10536000000000001,0.1349225,0.14710499999999999,0.20331500000000002,299.84064062
31,43,25,LT05_023030_20080501,0.0870725,0.1224925,0.11740499999999998,0.20331500000000002,299.84064062
32,43,26,LT05_023030_20080501,0.0870725,0.11831249999999999,0.120705,0.18788749999999999,299.8372226
33,43,27,LT05_023030_20080501,0.09315000000000001,0.11831249999999999,0.120705,0.19176500000000002,299.8372226
34,43,28,LT05_023030_20080501,0.09315000000000001,0.11831249999999999,0.120705,0.19176500000000002,299.8372226
35,43,29,LT05_023030_20080501,0.0870725,0.11415999999999998,0.11080499999999999,0.20713750000000003,299.73126398
37,44,23,LT05_023030_20080501,0.08094000000000001,0.1016475,0.11410500000000001,0.17248750000000002,299.44756831999996
38,44,24,LT05_023030_20080501,0.09724749999999999,0.1390475,0.1503775,0.2339775,300.45588422000003
39,44,25,LT05_023030_20080501,0.0870725,0.1224925,0.120705,0.21866000000000002,300.4524662
40,44,26,LT05_023030_20080501,0.08294750000000001,0.1016475,0.1074775,0.1994375,299.8372226
41,44,27,LT05_023030_20080501,0.08500999999999997,0.10998000000000002,0.11080499999999999,0.19561499999999998,299.8372226
42,44,28,LT05_023030_20080501,0.07887749999999999,0.1016475,0.1074775,0.18406499999999998,299.83380458
43,44,29,LT05_023030_20080501,0.07887749999999999,0.10998000000000002,0.1074775,0.1994375,299.73126398
44,44,30,LT05_023030_20080501,0.08500999999999997,0.1224925,0.120705,0.222455,299.11260236
45,45,27,LT05_023030_20080501,0.08294750000000001,0.10582750000000002,0.1074775,0.20713750000000003,299.83380458
46,45,28,LT05_023030_20080501,0.08294750000000001,0.097495,0.10415000000000002,0.2109875,299.83380458
47,45,29,LT05_023030_20080501,0.08094000000000001,0.10998000000000002,0.11080499999999999,0.24926750000000003,299.11260236
2,39,23,LT05_023030_20080704,0.1172125,0.156895,0.169765,0.23087000000000002,306.73478696
3,39,24,LT05_023030_20080704,0.12474750000000001,0.16456749999999998,0.17589749999999998,0.22369250000000002,307.16203945999996
4,39,25,LT05_023030_20080704,0.1020875,0.14537250000000002,0.1543925,0.2880425,307.16203945999996
6,40,23,LT05_023030_20080704,0.073515,0.09127999999999997,0.09562500000000002,0.29868500000000003,307.29876026
7,40,24,LT05_023030_20080704,0.12287749999999997,0.14537250000000002,0.157445,0.25947,308.29340407999996
8,40,25,LT05_023030_20080704,0.09449750000000001,0.13387749999999998,0.13899250000000002,0.30580749999999995,308.29340407999996
9,40,26,LT05_023030_20080704,0.08880500000000002,0.12230000000000002,0.1266175,0.30580749999999995,308.29340407999996
10,40,27,LT05_023030_20080704,0.10021750000000001,0.1377,0.1420725,0.30580749999999995,308.29340407999996
11,40,28,LT05_023030_20080704,0.10021750000000001,0.1377,0.1420725,0.30580749999999995,308.29340407999996
13,41,23,LT05_023030_20080704,0.052395000000000025,0.07571499999999998,0.07381749999999998,0.270195,308.42328884
14,41,24,LT05_023030_20080704,0.11534250000000001,0.14925,0.16052500000000003,0.22369250000000002,308.85395936
15,41,25,LT05_023030_20080704,0.1172125,0.156895,0.16668500000000003,0.2129125,308.85395936
16,41,26,LT05_023030_20080704,0.09639500000000001,0.14155,0.1482325,0.2773175,308.85395936
17,41,27,LT05_023030_20080704,0.07544000000000001,0.10681750000000001,0.1080275,0.26662,308.85395936
18,41,28,LT05_023030_20080704,0.07544000000000001,0.10681750000000001,0.1080275,0.26662,308.85395936
21,42,23,LT05_023030_20080704,0.046619999999999995,0.07571499999999998,0.06446750000000001,0.25947,309.19234334
22,42,24,LT05_023030_20080704,0.09262749999999997,0.1377,0.15131250000000002,0.2057075,310.17331508
23,42,25,LT05_023030_20080704,0.10021750000000001,0.12614999999999998,0.12972499999999998,0.22009,310.16989706
24,42,26,LT05_023030_20080704,0.09639500000000001,0.1377,0.14515250000000002,0.2308425,310.16989706
25,42,27,LT05_023030_20080704,0.08116000000000001,0.09909000000000001,0.10497499999999998,0.2487725,309.60934178
26,42,28,LT05_023030_20080704,0.08116000000000001,0.09909000000000001,0.10497499999999998,0.2487725,309.60934178
27,42,29,LT05_023030_20080704,0.07546750000000002,0.11454500000000001,0.1080275,0.25232,308.9291558
29,43,23,LT05_023030_20080704,0.046619999999999995,0.07180999999999998,0.067575,0.2308425,309.74606258
30,43,24,LT05_023030_20080704,0.07926250000000001,0.10681750000000001,0.11424250000000002,0.20928249999999998,310.72703432000003
31,43,25,LT05_023030_20080704,0.07544000000000001,0.10681750000000001,0.1080275,0.270195,310.16989706
32,43,26,LT05_023030_20080704,0.06972,0.09909000000000001,0.10183999999999999,0.2487725,310.16647904
33,43,27,LT05_023030_20080704,0.06972,0.09909000000000001,0.09562500000000002,0.2665925,309.60250573999997
34,43,28,LT05_023030_20080704,0.06972,0.09909000000000001,0.09562500000000002,0.2665925,309.60250573999997
35,43,29,LT05_023030_20080704,0.07736500000000002,0.11069499999999999,0.1080275,0.2665925,308.92573777999996
37,44,23,LT05_023030_20080704,0.044694999999999985,0.07571499999999998,0.067575,0.2559225,309.74606258
38,44,24,LT05_023030_20080704,0.08880500000000002,0.12614999999999998,0.1266175,0.26662,310.16989706
39,44,25,LT05_023030_20080704,0.06972,0.10296749999999999,0.0987325,0.2737425,310.16647904
40,44,26,LT05_023030_20080704,0.050470000000000015,0.07571499999999998,0.06760250000000001,0.2808925,310.16306102
41,44,27,LT05_023030_20080704,0.05242249999999998,0.08352500000000002,0.07381749999999998,0.2773175,309.60250573999997
42,44,28,LT05_023030_20080704,0.05434749999999999,0.08352500000000002,0.07695249999999998,0.270195,309.03853244
43,44,29,LT05_023030_20080704,0.0562725,0.08743000000000001,0.08006000000000002,0.2665925,308.92573777999996
44,44,30,LT05_023030_20080704,0.0716175,0.09518500000000002,0.1018675,0.25947,308.36176448000003
45,45,27,LT05_023030_20080704,0.05434749999999999,0.08743000000000001,0.08006000000000002,0.2737425,309.59908772
46,45,28,LT05_023030_20080704,0.05049749999999997,0.0718375,0.06133250000000001,0.270195,309.03511442
47,45,29,LT05_023030_20080704,0.05819750000000001,0.09130749999999999,0.07381749999999998,0.30223249999999996,308.36176448000003
2,39,23,LT05_023030_20080805,0.237085,0.2720375,0.277125,0.37505249999999996,303.62780678
3,39,24,LT05_023030_20080805,0.22113500000000003,0.25837,0.2663175,0.35398749999999995,304.01062502
4,39,25,LT05_023030_20080805,0.20735750000000003,0.2445925,0.24456500000000003,0.35398749999999995,304.01062502
6,40,23,LT05_023030_20080805,0.20273750000000001,0.2354075,0.2336475,0.3413375,304.44471355999997
7,40,24,LT05_023030_20080805,0.248415,0.28565,0.2879325,0.3876475,304.83094982
8,40,25,LT05_023030_20080805,0.23934,0.2811125,0.2807,0.3876475,304.83094982
9,40,26,LT05_023030_20080805,0.23252,0.26293500000000003,0.26629,0.3834675,305.65127462
10,40,27,LT05_023030_20080805,0.1934975,0.23537999999999998,0.2336475,0.358195,305.65127462
11,40,28,LT05_023030_20080805,0.1934975,0.23537999999999998,0.2336475,0.358195,305.65127462
13,41,23,LT05_023030_20080805,0.15617999999999999,0.17026000000000002,0.16379749999999998,0.307375,304.44129554
14,41,24,LT05_023030_20080805,0.22113500000000003,0.25837,0.251825,0.35398749999999995,305.64443858
15,41,25,LT05_023030_20080805,0.21195000000000003,0.2537775,0.255455,0.34978000000000004,305.64785659999995
16,41,26,LT05_023030_20080805,0.21195000000000003,0.24,0.240935,0.358195,306.45792733999997
17,41,27,LT05_023030_20080805,0.17724499999999999,0.21230749999999998,0.2080725,0.3371025,306.46134536
18,41,28,LT05_023030_20080805,0.17724499999999999,0.21230749999999998,0.2080725,0.3371025,306.46134536
21,42,23,LT05_023030_20080805,0.16558499999999998,0.1983375,0.1897025,0.32863250000000005,305.44277539999996
22,42,24,LT05_023030_20080805,0.17257,0.20298500000000003,0.19704500000000003,0.31161,306.63224635999995
23,42,25,LT05_023030_20080805,0.15851749999999998,0.1983375,0.19704500000000003,0.307375,306.63224635999995
24,42,26,LT05_023030_20080805,0.1514775,0.17496250000000002,0.17862,0.286035,307.43889908
25,42,27,LT05_023030_20080805,0.1206775,0.1513675,0.1489475,0.2945875,307.44231709999997
26,42,28,LT05_023030_20080805,0.1206775,0.1513675,0.1489475,0.2945875,307.44231709999997
27,42,29,LT05_023030_20080805,0.10637750000000001,0.1276625,0.1228225,0.2517425,308.93599184
29,43,23,LT05_023030_20080805,0.11589250000000001,0.14193499999999998,0.13775500000000002,0.2689575,307.05608084
30,43,24,LT05_023030_20080805,0.15387,0.17026000000000002,0.1749075,0.286035,308.24213378
31,43,25,LT05_023030_20080805,0.12309750000000003,0.1513675,0.1452075,0.2903525,308.24213378
32,43,26,LT05_023030_20080805,0.10395749999999998,0.12287749999999997,0.11905500000000002,0.2945875,308.24213378
33,43,27,LT05_023030_20080805,0.09433249999999999,0.11809249999999999,0.10024499999999997,0.30311249999999995,309.03853244
34,43,28,LT05_023030_20080805,0.09433249999999999,0.11809249999999999,0.10024499999999997,0.30311249999999995,309.03853244
35,43,29,LT05_023030_20080805,0.10159249999999997,0.1276625,0.1228225,0.2731925,309.72555446
37,44,23,LT05_023030_20080805,0.10156500000000002,0.11812,0.1078075,0.3031675,307.85589752
38,44,24,LT05_023030_20080805,0.1206775,0.1560975,0.16751,0.2517425,309.03853244
39,44,25,LT05_023030_20080805,0.10395749999999998,0.13241999999999998,0.12279499999999999,0.26035,309.83151308000004
40,44,26,LT05_023030_20080805,0.08949249999999997,0.10849500000000001,0.10024499999999997,0.290325,309.82809506
41,44,27,LT05_023030_20080805,0.09194000000000002,0.1133075,0.10024499999999997,0.290325,309.83151308000004
42,44,28,LT05_023030_20080805,0.08951999999999999,0.10852250000000002,0.09644999999999998,0.26893,309.82809506
43,44,29,LT05_023030_20080805,0.084735,0.1133075,0.10404000000000002,0.26893,310.51511708
44,44,30,LT05_023030_20080805,0.09677999999999998,0.11809249999999999,0.10777999999999999,0.2603225,310.51511708
45,45,27,LT05_023030_20080805,0.08949249999999997,0.1133075,0.10024499999999997,0.286035,310.61423966
46,45,28,LT05_023030_20080805,0.08470749999999999,0.10373749999999998,0.08511999999999997,0.2817725,310.61765768
47,45,29,LT05_023030_20080805,0.08951999999999999,0.1133075,0.10404000000000002,0.2988225,310.51511708
2,39,23,LT05_023030_20080821,0.08993250000000003,0.12587500000000001,0.1255175,0.18593500000000002,306.98088440000004
3,39,24,LT05_023030_20080821,0.1012075,0.1304125,0.14347500000000002,0.18167250000000001,307.39446482
4,39,25,LT05_023030_20080821,0.10788999999999999,0.1349225,0.14705000000000001,0.198805,307.39446482
6,40,23,LT05_023030_20080821,0.06050749999999999,0.08951999999999999,0.08935500000000002,0.2201725,306.97746638
7,40,24,LT05_023030_20080821,0.0989525,0.12590249999999997,0.1398725,0.1945425,307.39446482
8,40,25,LT05_023030_20080821,0.07189250000000003,0.09865000000000002,0.10024499999999997,0.21585500000000002,307.3910468
9,40,26,LT05_023030_20080821,0.06056250000000002,0.09411249999999999,0.08938249999999998,0.24142999999999998,307.3910468
10,40,27,LT05_023030_20080821,0.0742025,0.11231750000000001,0.10750500000000002,0.23716750000000003,307.3910468
11,40,28,LT05_023030_20080821,0.0742025,0.11231750000000001,0.10750500000000002,0.23716750000000003,307.3910468
13,41,23,LT05_023030_20080821,0.05143249999999999,0.07120500000000002,0.0748625,0.19022499999999998,306.97746638
14,41,24,LT05_023030_20080821,0.08770499999999998,0.12590249999999997,0.1398725,0.17735499999999998,307.3910468
15,41,25,LT05_023030_20080821,0.10123500000000002,0.121365,0.1290925,0.17735499999999998,307.3910468
16,41,26,LT05_023030_20080821,0.0899875,0.12139250000000001,0.12194250000000001,0.22014499999999998,307.3910468
17,41,27,LT05_023030_20080821,0.0719475,0.10324250000000001,0.103875,0.22011750000000002,307.3910468
18,41,28,LT05_023030_20080821,0.0719475,0.10324250000000001,0.103875,0.22011750000000002,307.3910468
21,42,23,LT05_023030_20080821,0.0446125,0.06207499999999999,0.060287499999999994,0.18596249999999998,307.17571154
22,42,24,LT05_023030_20080821,0.07189250000000003,0.121365,0.12194250000000001,0.164485,308.21478962000003
23,42,25,LT05_023030_20080821,0.07871250000000002,0.103215,0.11110750000000003,0.19022499999999998,308.21478962000003
24,42,26,LT05_023030_20080821,0.0742025,0.10777999999999999,0.10027249999999999,0.1987775,308.2113716
25,42,27,LT05_023030_20080821,0.06743749999999998,0.08957500000000002,0.09304000000000001,0.1987775,308.2113716
26,42,28,LT05_023030_20080821,0.06743749999999998,0.08957500000000002,0.09304000000000001,0.1987775,308.2113716
27,42,29,LT05_023030_20080821,0.06520999999999999,0.08960249999999997,0.08940999999999999,0.20304,307.46624324
29,43,23,LT05_023030_20080821,0.04915,0.06666749999999999,0.060287499999999994,0.194515,307.17229352
30,43,24,LT05_023030_20080821,0.0742025,0.09870499999999999,0.09666999999999998,0.17309249999999998,308.21478962000003
31,43,25,LT05_023030_20080821,0.05374249999999997,0.0895475,0.08938249999999998,0.22014499999999998,308.21478962000003
32,43,26,LT05_023030_20080821,0.0628725,0.08500999999999997,0.08217750000000001,0.22864250000000003,308.2113716
33,43,27,LT05_023030_20080821,0.06061749999999999,0.08044499999999999,0.08217750000000001,0.2158275,308.20795358
34,43,28,LT05_023030_20080821,0.06061749999999999,0.08044499999999999,0.08217750000000001,0.2158275,308.20795358
35,43,29,LT05_023030_20080821,0.05610749999999998,0.08960249999999997,0.09304000000000001,0.20304,307.46282522
37,44,23,LT05_023030_20080821,0.04915,0.06207499999999999,0.06394499999999997,0.20312249999999998,307.80804523999996
38,44,24,LT05_023030_20080821,0.09001500000000001,0.1078075,0.10753249999999998,0.17306500000000002,308.21478962000003
39,44,25,LT05_023030_20080821,0.046922500000000006,0.08503749999999999,0.0894375,0.18167250000000001,308.2113716
40,44,26,LT05_023030_20080821,0.04694999999999999,0.07125999999999999,0.06397249999999999,0.1987775,308.2113716
41,44,27,LT05_023030_20080821,0.05154249999999999,0.08044499999999999,0.0712875,0.2158275,308.20795358
42,44,28,LT05_023030_20080821,0.0537975,0.07588,0.07491750000000003,0.20304,308.20795358
43,44,29,LT05_023030_20080821,0.05382500000000001,0.07588,0.078575,0.2073025,308.09857694
44,44,30,LT05_023030_20080821,0.06295499999999998,0.08503749999999999,0.08580749999999998,0.19448749999999998,308.09857694
45,45,27,LT05_023030_20080821,0.04926,0.08044499999999999,0.06763000000000002,0.2073025,308.20795358
46,45,28,LT05_023030_20080821,0.044694999999999985,0.06674999999999998,0.06765749999999998,0.2073025,308.20795358
47,45,29,LT05_023030_20080821,0.051570000000000005,0.0804725,0.07494499999999998,0.211565,308.09857694
2,39,23,LT05_023030_20090213,0.1443275,0.1763925,0.1812875,0.21274749999999998,278.2866065
3,39,24,LT05_023030_20090213,0.15997499999999998,0.1892625,0.2068625,0.23012749999999998,278.6625887
4,39,25,LT05_023030_20090213,0.15683999999999998,0.19569750000000002,0.2068625,0.2416775,278.09177936000003
6,40,23,LT05_023030_20090213,0.13173249999999997,0.150515,0.1659425,0.23012749999999998,278.2866065
7,40,24,LT05_023030_20090213,0.15683999999999998,0.1892625,0.2068625,0.23012749999999998,278.6625887
8,40,25,LT05_023030_20090213,0.1505975,0.1763925,0.19154500000000002,0.224325,278.09177936000003
9,40,26,LT05_023030_20090213,0.14116499999999998,0.1634675,0.1761725,0.23012749999999998,278.09177936000003
10,40,27,LT05_023030_20090213,0.1474625,0.18282749999999998,0.1966325,0.24745250000000002,278.09177936000003
11,40,28,LT05_023030_20090213,0.1474625,0.18282749999999998,0.1966325,0.24745250000000002,278.09177936000003
13,41,23,LT05_023030_20090213,0.12859749999999998,0.150515,0.1608,0.2069725,278.2866065
14,41,24,LT05_023030_20090213,0.14429999999999998,0.1763925,0.18640250000000003,0.21274749999999998,278.09177936000003
15,41,25,LT05_023030_20090213,0.15370499999999998,0.18282749999999998,0.19154500000000002,0.21274749999999998,278.09177936000003
16,41,26,LT05_023030_20090213,0.15683999999999998,0.1892625,0.1966325,0.235875,278.09177936000003
17,41,27,LT05_023030_20090213,0.15370499999999998,0.1892625,0.1966325,0.2416775,278.09177936000003
18,41,28,LT05_023030_20090213,0.15370499999999998,0.1892625,0.1966325,0.2416775,278.09177936000003
21,42,23,LT05_023030_20090213,0.12543500000000002,0.14405250000000003,0.15056999999999998,0.18379,278.46776156
22,42,24,LT05_023030_20090213,0.14429999999999998,0.1763925,0.1761725,0.20119750000000003,278.26268036
23,42,25,LT05_023030_20090213,0.1505975,0.16993000000000003,0.18640250000000003,0.2069725,278.26268036
24,42,26,LT05_023030_20090213,0.1505975,0.18282749999999998,0.18640250000000003,0.21855000000000002,278.26268036
25,42,27,LT05_023030_20090213,0.15370499999999998,0.18282749999999998,0.1812875,0.224325,277.688453
26,42,28,LT05_023030_20090213,0.15370499999999998,0.18282749999999998,0.1812875,0.224325,277.688453
27,42,29,LT05_023030_20090213,0.15997499999999998,0.1763925,0.18640250000000003,0.2416775,277.59274844000004
29,43,23,LT05_023030_20090213,0.14116499999999998,0.16993000000000003,0.171085,0.21274749999999998,278.46776156
30,43,24,LT05_023030_20090213,0.16310999999999998,0.18282749999999998,0.18640250000000003,0.224325,278.26268036
31,43,25,LT05_023030_20090213,0.15370499999999998,0.18282749999999998,0.19154500000000002,0.23012749999999998,278.26268036
32,43,26,LT05_023030_20090213,0.14116499999999998,0.1763925,0.18640250000000003,0.23012749999999998,277.688453
33,43,27,LT05_023030_20090213,0.1505975,0.1763925,0.18640250000000003,0.23012749999999998,277.688453
34,43,28,LT05_023030_20090213,0.1505975,0.1763925,0.18640250000000003,0.23012749999999998,277.688453
35,43,29,LT05_023030_20090213,0.15370499999999998,0.18282749999999998,0.1812875,0.23012749999999998,277.01510306
37,44,23,LT05_023030_20090213,0.1474625,0.1634675,0.171085,0.2069725,277.89695222
38,44,24,LT05_023030_20090213,0.169325,0.19569750000000002,0.1966325,0.235875,277.688453
39,44,25,LT05_023030_20090213,0.15683999999999998,0.1892625,0.19154500000000002,0.235875,277.688453
40,44,26,LT05_023030_20090213,0.1505975,0.18282749999999998,0.1812875,0.224325,277.688453
41,44,27,LT05_023030_20090213,0.1474625,0.18282749999999998,0.19154500000000002,0.23012749999999998,277.11080762
42,44,28,LT05_023030_20090213,0.1505975,0.18282749999999998,0.1812875,0.23012749999999998,277.11080762
43,44,29,LT05_023030_20090213,0.15997499999999998,0.18282749999999998,0.1966325,0.24745250000000002,277.01510306
44,44,30,LT05_023030_20090213,0.16310999999999998,0.19569750000000002,0.21195000000000003,0.24745250000000002,276.43403966
45,45,27,LT05_023030_20090213,0.15997499999999998,0.19569750000000002,0.1966325,0.235875,276.52974422
46,45,28,LT05_023030_20090213,0.15997499999999998,0.18282749999999998,0.19154500000000002,0.235875,276.52974422
47,45,29,LT05_023030_20090213,0.17246,0.19569750000000002,0.1966325,0.253255,276.43403966
2,39,23,LT05_023030_20090301,0.14729750000000003,0.17655749999999998,0.18461500000000003,0.20139,271.94276138
3,39,24,LT05_023030_20090301,0.1631375,0.18761250000000002,0.20207750000000002,0.21104250000000002,272.31190754
4,39,25,LT05_023030_20090301,0.1499375,0.17103000000000002,0.18021500000000001,0.20139,272.31190754
6,40,23,LT05_023030_20090301,0.12870749999999997,0.15442,0.1626975,0.19171,272.52040676
7,40,24,LT05_023030_20090301,0.15783000000000003,0.18761250000000002,0.19770500000000002,0.20623000000000002,272.88955292
8,40,25,LT05_023030_20090301,0.16047,0.182085,0.19335999999999998,0.21104250000000002,272.88955292
9,40,26,LT05_023030_20090301,0.16575,0.182085,0.20207750000000002,0.2207225,272.88955292
10,40,27,LT05_023030_20090301,0.176255,0.20414,0.21954,0.24486750000000002,272.88955292
11,40,28,LT05_023030_20090301,0.176255,0.20414,0.21954,0.24486750000000002,272.88955292
13,41,23,LT05_023030_20090301,0.11273,0.13217250000000003,0.13198,0.1675375,272.52040676
14,41,24,LT05_023030_20090301,0.14462999999999998,0.17655749999999998,0.1758425,0.18686999999999998,272.88955292
15,41,25,LT05_023030_20090301,0.1552175,0.17655749999999998,0.18898750000000003,0.18686999999999998,272.88955292
16,41,26,LT05_023030_20090301,0.181535,0.1986675,0.20645000000000002,0.230375,272.88955292
17,41,27,LT05_023030_20090301,0.18414750000000002,0.20964,0.21954,0.24486750000000002,272.88955292
18,41,28,LT05_023030_20090301,0.18414750000000002,0.20964,0.21954,0.24486750000000002,272.88955292
22,42,24,LT05_023030_20090301,0.14199,0.16547499999999998,0.17147,0.18205749999999998,273.05361788
23,42,25,LT05_023030_20090301,0.1340425,0.15442,0.1626975,0.1675375,273.05361788
24,42,26,LT05_023030_20090301,0.1552175,0.17103000000000002,0.18021500000000001,0.18686999999999998,273.05361788
30,43,24,LT05_023030_20090301,0.1631375,0.18761250000000002,0.19335999999999998,0.20139,273.05361788
38,44,24,LT05_023030_20090301,0.1710025,0.182085,0.18898750000000003,0.20623000000000002,273.05361788
40,44,26,LT05_023030_20090301,0.14462999999999998,0.1488375,0.14955249999999998,0.18205749999999998,272.4759725
2,39,23,LT05_023030_20090317,0.12323499999999998,0.152605,0.1605525,0.1900325,289.55240042
3,39,24,LT05_023030_20090317,0.128405,0.1631375,0.1771625,0.1900325,289.3439012
4,39,25,LT05_023030_20090317,0.12579249999999997,0.1631375,0.17301,0.194845,289.3439012
6,40,23,LT05_023030_20090317,0.10764249999999997,0.13679249999999998,0.14806750000000002,0.1900325,289.55240042
7,40,24,LT05_023030_20090317,0.12062250000000002,0.157885,0.1771625,0.1900325,289.93863668
8,40,25,LT05_023030_20090317,0.11022749999999998,0.1420725,0.14806750000000002,0.180435,289.93863668
9,40,26,LT05_023030_20090317,0.10764249999999997,0.13679249999999998,0.14806750000000002,0.1900325,289.93863668
10,40,27,LT05_023030_20090317,0.12062250000000002,0.157885,0.164705,0.2043875,289.93863668
11,40,28,LT05_023030_20090317,0.12062250000000002,0.157885,0.164705,0.2043875,289.93863668
13,41,23,LT05_023030_20090317,0.08935500000000002,0.11561749999999998,0.127195,0.1612675,289.55240042
14,41,24,LT05_023030_20090317,0.12062250000000002,0.157885,0.17301,0.1852475,289.93863668
15,41,25,LT05_023030_20090317,0.12579249999999997,0.152605,0.1605525,0.1852475,289.93863668
16,41,26,LT05_023030_20090317,0.12579249999999997,0.157885,0.164705,0.194845,289.93863668
17,41,27,LT05_023030_20090317,0.11284,0.1420725,0.15637250000000003,0.1900325,289.93863668
18,41,28,LT05_023030_20090317,0.11284,0.1420725,0.15637250000000003,0.1900325,289.93863668
21,42,23,LT05_023030_20090317,0.08935500000000002,0.11561749999999998,0.12298750000000003,0.1612675,290.32829096
22,42,24,LT05_023030_20090317,0.11022749999999998,0.1420725,0.15222000000000002,0.1612675,290.70427315999996
23,42,25,LT05_023030_20090317,0.10503000000000001,0.13151249999999998,0.14806750000000002,0.1660525,290.70427315999996
24,42,26,LT05_023030_20090317,0.11022749999999998,0.13679249999999998,0.13970749999999998,0.17083749999999998,290.70427315999996
25,42,27,LT05_023030_20090317,0.09980499999999998,0.12623250000000003,0.13552750000000002,0.1660525,290.1129557
26,42,28,LT05_023030_20090317,0.09980499999999998,0.12623250000000003,0.13552750000000002,0.1660525,290.1129557
27,42,29,LT05_023030_20090317,0.09980499999999998,0.120925,0.1313475,0.17565000000000003,290.01383311999996
29,43,23,LT05_023030_20090317,0.09458,0.11561749999999998,0.12298750000000003,0.1612675,290.32829096
30,43,24,LT05_023030_20090317,0.11022749999999998,0.13151249999999998,0.13970749999999998,0.17565000000000003,290.70427315999996
31,43,25,LT05_023030_20090317,0.09196749999999998,0.120925,0.13552750000000002,0.1660525,290.70427315999996
32,43,26,LT05_023030_20090317,0.09721999999999997,0.11561749999999998,0.127195,0.1564275,290.70427315999996
33,43,27,LT05_023030_20090317,0.09458,0.11561749999999998,0.127195,0.1660525,290.70427315999996
34,43,28,LT05_023030_20090317,0.09458,0.11561749999999998,0.127195,0.1660525,290.70427315999996
35,43,29,LT05_023030_20090317,0.09196749999999998,0.126205,0.127195,0.17565000000000003,290.01383311999996
37,44,23,LT05_023030_20090317,0.091995,0.1102825,0.11459999999999998,0.1516425,290.32829096
38,44,24,LT05_023030_20090317,0.12323499999999998,0.1420725,0.14806750000000002,0.180435,290.70427315999996
39,44,25,LT05_023030_20090317,0.09721999999999997,0.12623250000000003,0.13552750000000002,0.17083749999999998,290.70427315999996
40,44,26,LT05_023030_20090317,0.08935500000000002,0.10497499999999998,0.11459999999999998,0.1516425,290.70427315999996
41,44,27,LT05_023030_20090317,0.0893275,0.120925,0.127195,0.17565000000000003,290.70427315999996
42,44,28,LT05_023030_20090317,0.09196749999999998,0.120925,0.12298750000000003,0.1612675,290.70427315999996
43,44,29,LT05_023030_20090317,0.0867425,0.1102825,0.12298750000000003,0.1564275,290.01383311999996
44,44,30,LT05_023030_20090317,0.09458,0.120925,0.127195,0.17083749999999998,290.01383311999996
45,45,27,LT05_023030_20090317,0.09458,0.120925,0.1313475,0.17083749999999998,290.70427315999996
46,45,28,LT05_023030_20090317,0.09196749999999998,0.1102825,0.11459999999999998,0.1612675,290.1129557
47,45,29,LT05_023030_20090317,0.0893275,0.120925,0.127195,0.1900325,290.01383311999996
2,39,23,LT05_023030_20090418,0.11534250000000001,0.14232,0.15683999999999998,0.18775000000000003,304.39002524
3,39,24,LT05_023030_20090418,0.1173225,0.15442,0.1666025,0.18013250000000003,304.82411378
4,39,25,LT05_023030_20090418,0.12128250000000002,0.150405,0.1666025,0.18395499999999998,304.82411378
6,40,23,LT05_023030_20090418,0.09152749999999998,0.11798249999999999,0.12428,0.17633749999999998,305.41543124
7,40,24,LT05_023030_20090418,0.10940250000000001,0.13420749999999998,0.1601125,0.18395499999999998,305.33681678
8,40,25,LT05_023030_20090418,0.097495,0.12612250000000003,0.14058749999999998,0.18395499999999998,305.33681678
9,40,26,LT05_023030_20090418,0.10145500000000002,0.12612250000000003,0.14058749999999998,0.18775000000000003,305.84951978000004
10,40,27,LT05_023030_20090418,0.11336249999999998,0.14232,0.15683999999999998,0.21060250000000003,305.84951978000004
11,40,28,LT05_023030_20090418,0.11336249999999998,0.14232,0.15683999999999998,0.21060250000000003,305.84951978000004
13,41,23,LT05_023030_20090418,0.07752999999999999,0.09350750000000002,0.10464499999999999,0.16110249999999998,305.9212982
14,41,24,LT05_023030_20090418,0.10940250000000001,0.13420749999999998,0.14707750000000003,0.16871999999999998,306.36222278
15,41,25,LT05_023030_20090418,0.11534250000000001,0.14639000000000002,0.1601125,0.18013250000000003,306.35880476
16,41,26,LT05_023030_20090418,0.10742249999999998,0.150405,0.15683999999999998,0.20680749999999998,306.35880476
17,41,27,LT05_023030_20090418,0.097495,0.12612250000000003,0.13731500000000002,0.20298500000000003,306.35880476
18,41,28,LT05_023030_20090418,0.097495,0.12612250000000003,0.13731500000000002,0.20298500000000003,306.35880476
21,42,23,LT05_023030_20090418,0.07752999999999999,0.10167500000000002,0.11446250000000002,0.17251500000000003,306.64250042000003
22,42,24,LT05_023030_20090418,0.09746749999999998,0.1382775,0.14707750000000003,0.15727999999999998,307.57561988
23,42,25,LT05_023030_20090418,0.10145500000000002,0.122025,0.13731500000000002,0.17251500000000003,307.57220186
24,42,26,LT05_023030_20090418,0.10145500000000002,0.1382775,0.14386,0.18775000000000003,307.57220186
25,42,27,LT05_023030_20090418,0.09152749999999998,0.11798249999999999,0.1307975,0.18013250000000003,307.57220186
26,42,28,LT05_023030_20090418,0.09152749999999998,0.11798249999999999,0.1307975,0.18013250000000003,307.57220186
27,42,29,LT05_023030_20090418,0.09551500000000002,0.10984250000000001,0.11776249999999999,0.19918999999999998,306.9467042
29,43,23,LT05_023030_20090418,0.07951000000000003,0.10167500000000002,0.11446250000000002,0.16871999999999998,307.14494936
30,43,24,LT05_023030_20090418,0.09746749999999998,0.12612250000000003,0.13731500000000002,0.16871999999999998,307.57561988
31,43,25,LT05_023030_20090418,0.08951999999999999,0.11388500000000001,0.1307975,0.18013250000000003,307.57220186
32,43,26,LT05_023030_20090418,0.0875125,0.10984250000000001,0.12428,0.16871999999999998,307.57220186
33,43,27,LT05_023030_20090418,0.085505,0.10984250000000001,0.1275525,0.17631000000000002,307.56878384000004
34,43,28,LT05_023030_20090418,0.085505,0.10984250000000001,0.1275525,0.17631000000000002,307.56878384000004
35,43,29,LT05_023030_20090418,0.08553250000000001,0.11798249999999999,0.13407000000000002,0.20298500000000003,306.9467042
37,44,23,LT05_023030_20090418,0.07951000000000003,0.097605,0.10794500000000001,0.16871999999999998,307.14494936
38,44,24,LT05_023030_20090418,0.09947499999999998,0.12612250000000003,0.1307975,0.18775000000000003,307.57220186
39,44,25,LT05_023030_20090418,0.07552249999999999,0.10984250000000001,0.11776249999999999,0.20680749999999998,307.57220186
40,44,26,LT05_023030_20090418,0.0715075,0.0894375,0.09810000000000002,0.16489749999999997,307.06291688
41,44,27,LT05_023030_20090418,0.07953749999999998,0.10167500000000002,0.11446250000000002,0.17631000000000002,307.06291688
42,44,28,LT05_023030_20090418,0.08352500000000002,0.10577249999999999,0.11776249999999999,0.17251500000000003,307.05949885999996
43,44,29,LT05_023030_20090418,0.07555,0.10167500000000002,0.10794500000000001,0.16871999999999998,306.9467042
44,44,30,LT05_023030_20090418,0.0875125,0.10577249999999999,0.12428,0.18775000000000003,306.43741922000004
45,45,27,LT05_023030_20090418,0.08352500000000002,0.10984250000000001,0.11776249999999999,0.17631000000000002,306.55021388
46,45,28,LT05_023030_20090418,0.07354250000000001,0.097605,0.10139999999999999,0.18395499999999998,306.55021388
47,45,29,LT05_023030_20090418,0.07555,0.09350750000000002,0.10464499999999999,0.2257825,306.43741922000004
2,39,23,LT05_023030_20090520,0.10214250000000002,0.13522499999999998,0.14831499999999997,0.20590000000000003,308.47455914
3,39,24,LT05_023030_20090520,0.11289500000000002,0.14991,0.16310999999999998,0.19894250000000002,309.43160474
4,39,25,LT05_023030_20090520,0.11110750000000003,0.15359499999999998,0.16310999999999998,0.20936500000000002,309.43160474
6,40,23,LT05_023030_20090520,0.06427499999999997,0.09458,0.08880500000000002,0.24398750000000002,309.50338316
7,40,24,LT05_023030_20090520,0.11110750000000003,0.14991,0.14831499999999997,0.21976,309.94772576
8,40,25,LT05_023030_20090520,0.08778750000000002,0.12417,0.133465,0.223225,309.94772576
9,40,26,LT05_023030_20090520,0.06974750000000002,0.0982925,0.091775,0.2577925,309.94772576
10,40,27,LT05_023030_20090520,0.0805825,0.11311500000000002,0.109705,0.292305,309.43160474
11,40,28,LT05_023030_20090520,0.0805825,0.11311500000000002,0.109705,0.292305,309.43160474
13,41,23,LT05_023030_20090520,0.0661175,0.090895,0.08880500000000002,0.22669,310.01608616
14,41,24,LT05_023030_20090520,0.10755999999999999,0.13154,0.139405,0.19894250000000002,310.46042876
15,41,25,LT05_023030_20090520,0.10755999999999999,0.14991,0.15716999999999998,0.19894250000000002,310.46042876
16,41,26,LT05_023030_20090520,0.11289500000000002,0.1462525,0.16014,0.24745250000000002,310.46042876
17,41,27,LT05_023030_20090520,0.08960249999999997,0.12417,0.121585,0.24398750000000002,309.94430774
18,41,28,LT05_023030_20090520,0.08960249999999997,0.12417,0.121585,0.24398750000000002,309.94430774
21,42,23,LT05_023030_20090520,0.055227499999999985,0.07973000000000002,0.07684249999999998,0.24398750000000002,310.7407064
22,42,24,LT05_023030_20090520,0.09496500000000002,0.12417,0.139405,0.17463250000000002,311.17479493999997
23,42,25,LT05_023030_20090520,0.09141749999999998,0.12417,0.13052249999999999,0.17463250000000002,311.17137692
24,42,26,LT05_023030_20090520,0.08960249999999997,0.1278825,0.133465,0.230155,310.6552559
25,42,27,LT05_023030_20090520,0.08239750000000001,0.10571750000000002,0.10074,0.2266625,310.6552559
26,42,28,LT05_023030_20090520,0.08239750000000001,0.10571750000000002,0.10074,0.2266625,310.6552559
27,42,29,LT05_023030_20090520,0.078795,0.11680000000000001,0.11264750000000001,0.223225,309.50680118
29,43,23,LT05_023030_20090520,0.057042499999999996,0.090895,0.08883249999999998,0.254355,311.24999138
30,43,24,LT05_023030_20090520,0.08960249999999997,0.12417,0.13052249999999999,0.2162675,311.17137692
31,43,25,LT05_023030_20090520,0.07337749999999998,0.0982925,0.10074,0.24396,311.17137692
32,43,26,LT05_023030_20090520,0.06977499999999998,0.11311500000000002,0.10373749999999998,0.24052250000000003,310.6552559
33,43,27,LT05_023030_20090520,0.06614500000000001,0.090895,0.085835,0.247425,310.65183788
34,43,28,LT05_023030_20090520,0.06614500000000001,0.090895,0.085835,0.247425,310.65183788
35,43,29,LT05_023030_20090520,0.06796000000000002,0.0982925,0.10074,0.2266625,310.01950418
37,44,23,LT05_023030_20090520,0.05707000000000001,0.0871825,0.085835,0.20590000000000003,311.24999138
38,44,24,LT05_023030_20090520,0.08778750000000002,0.12417,0.127525,0.2197325,311.68407992
39,44,25,LT05_023030_20090520,0.06796000000000002,0.09460750000000001,0.09777000000000002,0.247425,311.16795890000003
40,44,26,LT05_023030_20090520,0.04252249999999999,0.07975749999999998,0.07387250000000001,0.2508625,310.65183788
41,44,27,LT05_023030_20090520,0.04980999999999999,0.07975749999999998,0.07387250000000001,0.2508625,310.65183788
42,44,28,LT05_023030_20090520,0.05891249999999998,0.08721000000000001,0.08283750000000001,0.23356500000000002,310.13229884
43,44,29,LT05_023030_20090520,0.05707000000000001,0.08721000000000001,0.08286500000000002,0.24052250000000003,310.01950418
44,44,30,LT05_023030_20090520,0.06796000000000002,0.09460750000000001,0.09477249999999998,0.24052250000000003,309.50338316
45,45,27,LT05_023030_20090520,0.05707000000000001,0.08346999999999999,0.08286500000000002,0.23703000000000002,310.64841986
46,45,28,LT05_023030_20090520,0.0534675,0.07975749999999998,0.07387250000000001,0.23356500000000002,310.13229884
47,45,29,LT05_023030_20090520,0.0534675,0.08346999999999999,0.07387250000000001,0.2784725,310.01950418
2,39,23,LT05_023030_20090605,0.10107,0.14451999999999998,0.14952500000000002,0.210795,308.93257382
3,39,24,LT05_023030_20090605,0.10464499999999999,0.140835,0.14652749999999998,0.20389249999999998,309.3734984
4,39,25,LT05_023030_20090605,0.09565249999999997,0.13715,0.14058749999999998,0.2349675,309.3734984
6,40,23,LT05_023030_20090605,0.05759249999999999,0.08143499999999998,0.08099499999999998,0.26596000000000003,309.46236692
7,40,24,LT05_023030_20090605,0.10464499999999999,0.13715,0.14952500000000002,0.210795,309.9032915
8,40,25,LT05_023030_20090605,0.08844750000000001,0.12235499999999999,0.12870749999999997,0.24187000000000003,309.9032915
9,40,26,LT05_023030_20090605,0.07579750000000002,0.10750500000000002,0.11086000000000001,0.2796825,309.9032915
10,40,27,LT05_023030_20090605,0.08666000000000001,0.12603999999999999,0.12576500000000002,0.29687,309.37008038
11,40,28,LT05_023030_20090605,0.08666000000000001,0.12603999999999999,0.12576500000000002,0.29687,309.37008038
13,41,23,LT05_023030_20090605,0.06306499999999998,0.08888750000000001,0.0869625,0.24187000000000003,309.99216002000003
14,41,24,LT05_023030_20090605,0.0992825,0.1334375,0.14952500000000002,0.19006,310.43308460000003
15,41,25,LT05_023030_20090605,0.0992825,0.1334375,0.1435575,0.210795,310.43308460000003
16,41,26,LT05_023030_20090605,0.10107,0.140835,0.14652749999999998,0.2693975,309.89987348
17,41,27,LT05_023030_20090605,0.07761249999999997,0.10750500000000002,0.10786249999999997,0.259085,309.36666235999996
18,41,28,LT05_023030_20090605,0.07761249999999997,0.10750500000000002,0.10786249999999997,0.259085,309.36666235999996
21,42,23,LT05_023030_20090605,0.05937999999999999,0.08888750000000001,0.0839375,0.2349675,310.20407725999996
22,42,24,LT05_023030_20090605,0.08844750000000001,0.12603999999999999,0.134675,0.1727075,310.63132975999997
23,42,25,LT05_023030_20090605,0.09383750000000002,0.12235499999999999,0.13764500000000002,0.20042749999999998,310.63132975999997
24,42,26,LT05_023030_20090605,0.09026250000000002,0.1297525,0.12870749999999997,0.22460000000000002,310.09811864
25,42,27,LT05_023030_20090605,0.07579750000000002,0.10379250000000001,0.10786249999999997,0.22809250000000003,310.09811864
26,42,28,LT05_023030_20090605,0.07579750000000002,0.10379250000000001,0.10786249999999997,0.22809250000000003,310.09811864
27,42,29,LT05_023030_20090605,0.08121499999999998,0.11121750000000002,0.11086000000000001,0.2349675,309.44527682
29,43,23,LT05_023030_20090605,0.06666749999999999,0.09633999999999998,0.0839375,0.2349675,310.20065924
30,43,24,LT05_023030_20090605,0.09205000000000002,0.1297525,0.1316775,0.20389249999999998,311.16112286
31,43,25,LT05_023030_20090605,0.07940000000000003,0.10750500000000002,0.11976999999999999,0.2453075,310.63132975999997
32,43,26,LT05_023030_20090605,0.066695,0.10379250000000001,0.0959275,0.2625225,310.62791174
33,43,27,LT05_023030_20090605,0.066695,0.09262749999999997,0.09293000000000001,0.286585,310.0912826
34,43,28,LT05_023030_20090605,0.066695,0.09262749999999997,0.09293000000000001,0.286585,310.0912826
35,43,29,LT05_023030_20090605,0.06672250000000002,0.10379250000000001,0.10786249999999997,0.23840499999999998,309.97848794000004
37,44,23,LT05_023030_20090605,0.052092499999999986,0.08140750000000002,0.0719475,0.22809250000000003,310.73045234
38,44,24,LT05_023030_20090605,0.09746749999999998,0.1334375,0.134675,0.217725,311.16112286
39,44,25,LT05_023030_20090605,0.07395499999999999,0.10005249999999999,0.11086000000000001,0.2625225,311.15770484
40,44,26,LT05_023030_20090605,0.05030499999999999,0.08143499999999998,0.0749725,0.26596000000000003,310.62449372000003
41,44,27,LT05_023030_20090605,0.05212,0.08514749999999999,0.07796999999999998,0.248745,310.0912826
42,44,28,LT05_023030_20090605,0.05212,0.085175,0.08099499999999998,0.23840499999999998,310.0912826
43,44,29,LT05_023030_20090605,0.05214750000000001,0.08888750000000001,0.08396500000000001,0.2453075,309.97848794000004
44,44,30,LT05_023030_20090605,0.06672250000000002,0.10008,0.10192250000000003,0.25218250000000003,309.97848794000004
45,45,27,LT05_023030_20090605,0.05759249999999999,0.08514749999999999,0.07796999999999998,0.25218250000000003,310.62449372000003
46,45,28,LT05_023030_20090605,0.0594075,0.07769500000000001,0.0749725,0.248745,310.0912826
47,45,29,LT05_023030_20090605,0.053962500000000024,0.08888750000000001,0.0779975,0.2934325,309.97848794000004
2,39,23,LT05_023030_20090707,0.10865999999999998,0.14298,0.15494249999999998,0.21049250000000003,308.1942815
3,39,24,LT05_023030_20090707,0.10318749999999999,0.15045999999999998,0.151945,0.21764250000000002,308.62837004
4,39,25,LT05_023030_20090707,0.0922425,0.12802000000000002,0.13387749999999998,0.2568025,308.62837004
6,40,23,LT05_023030_20090707,0.053659999999999985,0.07904250000000002,0.07024249999999999,0.30638499999999996,308.19086347999996
7,40,24,LT05_023030_20090707,0.09953000000000001,0.1466925,0.1398725,0.23188750000000002,308.62495202
8,40,25,LT05_023030_20090707,0.09039999999999998,0.12051250000000002,0.13085249999999998,0.2638975,308.62495202
9,40,26,LT05_023030_20090707,0.0720575,0.10170249999999997,0.109705,0.2993175,308.62837004
10,40,27,LT05_023030_20090707,0.07574249999999999,0.12048500000000001,0.11875249999999998,0.32054750000000004,308.62837004
11,40,28,LT05_023030_20090707,0.07574249999999999,0.12048500000000001,0.11875249999999998,0.32054750000000004,308.62837004
13,41,23,LT05_023030_20090707,0.055530000000000024,0.07904250000000002,0.06416499999999997,0.24968,308.74458272
14,41,24,LT05_023030_20090707,0.09953000000000001,0.13176,0.1398725,0.20337,309.18208928
15,41,25,LT05_023030_20090707,0.09953000000000001,0.13923999999999997,0.1428975,0.20337,309.18208928
16,41,26,LT05_023030_20090707,0.097715,0.12802000000000002,0.13387749999999998,0.2816075,308.621534
17,41,27,LT05_023030_20090707,0.06840000000000002,0.10547000000000001,0.09452500000000003,0.2638975,308.621534
18,41,28,LT05_023030_20090707,0.06840000000000002,0.10547000000000001,0.09452500000000003,0.2638975,308.621534
21,42,23,LT05_023030_20090707,0.055530000000000024,0.07904250000000002,0.07937250000000001,0.25677500000000003,308.95308194
22,42,24,LT05_023030_20090707,0.09953000000000001,0.12051250000000002,0.13387749999999998,0.18909750000000003,309.93405368000003
23,42,25,LT05_023030_20090707,0.08677000000000001,0.12428,0.12480249999999998,0.19622,309.3734984
24,42,26,LT05_023030_20090707,0.09039999999999998,0.11674499999999999,0.13085249999999998,0.21049250000000003,309.3734984
25,42,27,LT05_023030_20090707,0.0720575,0.10170249999999997,0.10060249999999998,0.22834,309.3734984
26,42,28,LT05_023030_20090707,0.0720575,0.10170249999999997,0.10060249999999998,0.22834,309.3734984
27,42,29,LT05_023030_20090707,0.0720575,0.10920999999999997,0.11273,0.23546250000000002,309.26070374
29,43,23,LT05_023030_20090707,0.04997499999999999,0.07527499999999998,0.073295,0.2638975,309.50680118
30,43,24,LT05_023030_20090707,0.08492749999999999,0.12428,0.12782749999999998,0.21406750000000002,310.48435489999997
31,43,25,LT05_023030_20090707,0.06471500000000002,0.09416750000000002,0.09150000000000003,0.24610500000000002,309.93063566
32,43,26,LT05_023030_20090707,0.05734499999999998,0.09416750000000002,0.09455249999999998,0.26387,309.3734984
33,43,27,LT05_023030_20090707,0.059187500000000004,0.08281,0.07937250000000001,0.27806000000000003,309.37008038
34,43,28,LT05_023030_20090707,0.059187500000000004,0.08281,0.07937250000000001,0.27806000000000003,309.37008038
35,43,29,LT05_023030_20090707,0.06471500000000002,0.09414,0.09452500000000003,0.23546250000000002,309.81442298
37,44,23,LT05_023030_20090707,0.04997499999999999,0.07527499999999998,0.06419249999999999,0.23546250000000002,310.06052042
38,44,24,LT05_023030_20090707,0.08677000000000001,0.12802000000000002,0.13085249999999998,0.23901,311.03807414
39,44,25,LT05_023030_20090707,0.07027,0.09039999999999998,0.09150000000000003,0.25677500000000003,310.48435489999997
40,44,26,LT05_023030_20090707,0.046262499999999984,0.07527499999999998,0.07024249999999999,0.26739,309.92721764
41,44,27,LT05_023030_20090707,0.049947500000000006,0.07904250000000002,0.073295,0.25677500000000003,309.37008038
42,44,28,LT05_023030_20090707,0.051817500000000016,0.07527499999999998,0.07632,0.235435,309.37008038
43,44,29,LT05_023030_20090707,0.048077499999999995,0.07904250000000002,0.07937250000000001,0.24613250000000003,309.81442298
44,44,30,LT05_023030_20090707,0.06102999999999997,0.09416750000000002,0.09150000000000003,0.24613250000000003,310.36814222
45,45,27,LT05_023030_20090707,0.051817500000000016,0.07527499999999998,0.073295,0.2496525,309.92379961999995
46,45,28,LT05_023030_20090707,0.046262499999999984,0.07527499999999998,0.06718999999999997,0.24610500000000002,309.92379961999995
47,45,29,LT05_023030_20090707,0.051817500000000016,0.08281,0.08242500000000003,0.27806000000000003,309.81442298
2,39,23,LT05_023030_20090909,0.12835000000000002,0.15354,0.16025,0.2044975,304.178108
3,39,24,LT05_023030_20090909,0.12587500000000001,0.15849000000000002,0.1680875,0.2091175,304.57118030000004
4,39,25,LT05_023030_20090909,0.1135275,0.138635,0.140615,0.236755,304.56776228
6,40,23,LT05_023030_20090909,0.08861249999999998,0.10865999999999998,0.10901749999999999,0.236755,304.178108
7,40,24,LT05_023030_20090909,0.115975,0.14361249999999998,0.1563175,0.21835749999999998,304.56776228
8,40,25,LT05_023030_20090909,0.1110525,0.13365749999999998,0.13665500000000003,0.25056,304.56776228
9,40,26,LT05_023030_20090909,0.1010975,0.1286525,0.12879000000000002,0.26431,304.56776228
10,40,27,LT05_023030_20090909,0.1010975,0.1286525,0.13272250000000002,0.2459675,304.56776228
11,40,28,LT05_023030_20090909,0.1010975,0.1286525,0.13272250000000002,0.2459675,304.56776228
13,41,23,LT05_023030_20090909,0.08613749999999998,0.103655,0.08916249999999998,0.22294999999999998,304.178108
14,41,24,LT05_023030_20090909,0.12095250000000002,0.15354,0.1563175,0.21373750000000002,304.56776228
15,41,25,LT05_023030_20090909,0.12835000000000002,0.15354,0.16025,0.22294999999999998,304.56776228
16,41,26,LT05_023030_20090909,0.10854999999999998,0.138635,0.13272250000000002,0.241375,304.56776228
17,41,27,LT05_023030_20090909,0.09361750000000002,0.12364750000000002,0.11691000000000001,0.236755,304.56776228
18,41,28,LT05_023030_20090909,0.09361750000000002,0.12364750000000002,0.11691000000000001,0.236755,304.56776228
21,42,23,LT05_023030_20090909,0.0836075,0.103655,0.09315000000000001,0.236755,304.3660991
22,42,24,LT05_023030_20090909,0.10854999999999998,0.14358500000000002,0.1445475,0.2044975,305.54189798
23,42,25,LT05_023030_20090909,0.115975,0.138635,0.14850750000000001,0.2044975,305.54189798
24,42,26,LT05_023030_20090909,0.10604750000000002,0.13363000000000003,0.13272250000000002,0.22294999999999998,305.54189798
25,42,27,LT05_023030_20090909,0.091115,0.11869750000000001,0.10901749999999999,0.21835749999999998,305.54189798
26,42,28,LT05_023030_20090909,0.091115,0.11869750000000001,0.10901749999999999,0.21835749999999998,305.54189798
27,42,29,LT05_023030_20090909,0.0836075,0.0986225,0.085175,0.1348125,304.64295872
29,43,23,LT05_023030_20090909,0.08107750000000002,0.10865999999999998,0.10107,0.236755,305.15907974000004
30,43,24,LT05_023030_20090909,0.115975,0.1286525,0.140615,0.21373750000000002,305.54189798
31,43,25,LT05_023030_20090909,0.08611000000000002,0.11869750000000001,0.11297750000000001,0.2551525,305.54189798
32,43,26,LT05_023030_20090909,0.08611000000000002,0.10865999999999998,0.10901749999999999,0.236755,305.54189798
33,43,27,LT05_023030_20090909,0.08107750000000002,0.0986225,0.08116000000000001,0.19987749999999999,305.54189798
34,43,28,LT05_023030_20090909,0.08107750000000002,0.0986225,0.08116000000000001,0.19987749999999999,305.54189798
35,43,29,LT05_023030_20090909,0.08107750000000002,0.0986225,0.08116000000000001,0.144135,304.64295872
37,44,23,LT05_023030_20090909,0.07607249999999999,0.0986225,0.085175,0.25056,305.15907974000004
38,44,24,LT05_023030_20090909,0.115975,0.13363000000000003,0.1445475,0.236755,306.33487862
39,44,25,LT05_023030_20090909,0.08858500000000002,0.11869750000000001,0.11297750000000001,0.241375,306.33487862
40,44,26,LT05_023030_20090909,0.07607249999999999,0.09359,0.08916249999999998,0.25056,305.54189798
41,44,27,LT05_023030_20090909,0.07354250000000001,0.09359,0.07719999999999999,0.2091175,305.54189798
42,44,28,LT05_023030_20090909,0.07101249999999998,0.08853,0.06520999999999999,0.16275250000000002,304.7420813
43,44,29,LT05_023030_20090909,0.07854749999999999,0.09359,0.08116000000000001,0.14881,304.64295872
44,44,30,LT05_023030_20090909,0.09361750000000002,0.11369249999999997,0.10503000000000001,0.1767225,303.83972402
45,45,27,LT05_023030_20090909,0.0836075,0.103655,0.08916249999999998,0.236755,305.54189798
46,45,28,LT05_023030_20090909,0.09108749999999999,0.103655,0.09315000000000001,0.22294999999999998,304.7420813
47,45,29,LT05_023030_20090909,0.11845,0.1386075,0.13665500000000003,0.2459675,304.64295872
2,39,23,LT05_023030_20091027,0.06573249999999997,0.0805825,0.08957500000000002,0.11242750000000001,286.53087073999995
3,39,24,LT05_023030_20091027,0.07180999999999998,0.0867425,0.08957500000000002,0.10687249999999998,286.92394304
4,39,25,LT05_023030_20091027,0.06878499999999999,0.0867425,0.08470749999999999,0.11801,286.92394304
6,40,23,LT05_023030_20091027,0.04133999999999999,0.049699999999999994,0.05539250000000001,0.12356499999999998,287.06749988
7,40,24,LT05_023030_20091027,0.07180999999999998,0.0867425,0.09447,0.11242750000000001,287.4639902
8,40,25,LT05_023030_20091027,0.06270749999999997,0.0805825,0.07984000000000002,0.11801,287.4639902
9,40,26,LT05_023030_20091027,0.0474725,0.0682625,0.06518249999999998,0.11801,287.4639902
10,40,27,LT05_023030_20091027,0.0535775,0.0682625,0.07494499999999998,0.11801,288.00403736
11,40,28,LT05_023030_20091027,0.0535775,0.0682625,0.07494499999999998,0.11801,288.00403736
13,41,23,LT05_023030_20091027,0.0352075,0.05588749999999998,0.055365,0.10128999999999999,287.06749988
14,41,24,LT05_023030_20091027,0.059655000000000014,0.0805825,0.07984000000000002,0.0957075,288.00403736
15,41,25,LT05_023030_20091027,0.06270749999999997,0.0744225,0.07494499999999998,0.09012500000000001,288.00403736
16,41,26,LT05_023030_20091027,0.0566025,0.0682625,0.06515500000000002,0.10128999999999999,288.00403736
17,41,27,LT05_023030_20091027,0.0352075,0.06207499999999999,0.060287499999999994,0.10128999999999999,288.00403736
18,41,28,LT05_023030_20091027,0.0352075,0.06207499999999999,0.060287499999999994,0.10128999999999999,288.00403736
21,42,23,LT05_023030_20091027,0.029102500000000003,0.031082499999999985,0.040679999999999994,0.07337749999999998,287.79553813999996
22,42,24,LT05_023030_20091027,0.0566025,0.0744225,0.07007750000000001,0.09012500000000001,288.1817744
23,42,25,LT05_023030_20091027,0.0474725,0.06207499999999999,0.07007750000000001,0.08454250000000002,288.1817744
24,42,26,LT05_023030_20091027,0.0474725,0.05588749999999998,0.060287499999999994,0.07895999999999997,288.1817744
25,42,27,LT05_023030_20091027,0.0443925,0.05588749999999998,0.05049749999999997,0.08454250000000002,288.1817744
26,42,28,LT05_023030_20091027,0.0443925,0.05588749999999998,0.05049749999999997,0.08454250000000002,288.1817744
27,42,29,LT05_023030_20091027,0.0382875,0.05588749999999998,0.05049749999999997,0.09012500000000001,288.0792338
29,43,23,LT05_023030_20091027,0.0352075,0.05588749999999998,0.055365,0.09012500000000001,287.79553813999996
30,43,24,LT05_023030_20091027,0.0535775,0.06207499999999999,0.07007750000000001,0.10128999999999999,288.1817744
31,43,25,LT05_023030_20091027,0.02907499999999999,0.05588749999999998,0.05049749999999997,0.0957075,288.1817744
32,43,26,LT05_023030_20091027,0.02907499999999999,0.04967250000000001,0.05049749999999997,0.07895999999999997,288.1817744
33,43,27,LT05_023030_20091027,0.04133999999999999,0.04967250000000001,0.05049749999999997,0.09012500000000001,288.1817744
34,43,28,LT05_023030_20091027,0.04133999999999999,0.04967250000000001,0.05049749999999997,0.09012500000000001,288.1817744
35,43,29,LT05_023030_20091027,0.0321825,0.043484999999999996,0.040679999999999994,0.07895999999999997,288.0792338
37,44,23,LT05_023030_20091027,0.03215499999999999,0.043484999999999996,0.0357575,0.08454250000000002,287.79553813999996
38,44,24,LT05_023030_20091027,0.0566025,0.0682625,0.07984000000000002,0.10128999999999999,288.1817744
39,44,25,LT05_023030_20091027,0.0352075,0.06207499999999999,0.055365,0.0957075,288.1817744
40,44,26,LT05_023030_20091027,0.03215499999999999,0.03729750000000001,0.05049749999999997,0.0957075,288.1817744
41,44,27,LT05_023030_20091027,0.0352075,0.043484999999999996,0.040679999999999994,0.09012500000000001,288.1817744
42,44,28,LT05_023030_20091027,0.0352075,0.03729750000000001,0.040679999999999994,0.09012500000000001,288.17835637999997
43,44,29,LT05_023030_20091027,0.03215499999999999,0.043484999999999996,0.040679999999999994,0.0957075,288.0792338
44,44,30,LT05_023030_20091027,0.0382875,0.04967250000000001,0.05049749999999997,0.0957075,288.0792338
45,45,27,LT05_023030_20091027,0.03215499999999999,0.043484999999999996,0.040679999999999994,0.07895999999999997,288.17835637999997
46,45,28,LT05_023030_20091027,0.0352075,0.03729750000000001,0.040679999999999994,0.08454250000000002,288.17835637999997
47,45,29,LT05_023030_20091027,0.0382875,0.043484999999999996,0.040679999999999994,0.10128999999999999,288.0792338
2,39,23,LT05_023030_20091112,0.09293000000000001,0.11856,0.1341525,0.18384499999999998,282.9009335
3,39,24,LT05_023030_20091112,0.1146275,0.13316250000000002,0.151395,0.18384499999999998,283.28716976
4,39,25,LT05_023030_20091112,0.103765,0.14047749999999998,0.151395,0.19693500000000003,283.28716976
6,40,23,LT05_023030_20091112,0.07469749999999997,0.0964775,0.1053325,0.19693500000000003,282.9009335
7,40,24,LT05_023030_20091112,0.11102499999999998,0.14047749999999998,0.15714250000000002,0.19039,283.28716976
8,40,25,LT05_023030_20091112,0.0929025,0.12587500000000001,0.13990000000000002,0.19039,283.28716976
9,40,26,LT05_023030_20091112,0.08927249999999998,0.103875,0.12265749999999997,0.19693500000000003,283.83747098000003
10,40,27,LT05_023030_20091112,0.09653250000000002,0.11121750000000002,0.1341525,0.21002500000000002,283.83747098000003
11,40,28,LT05_023030_20091112,0.09653250000000002,0.11121750000000002,0.1341525,0.21002500000000002,283.83747098000003
13,41,23,LT05_023030_20091112,0.08198499999999997,0.0964775,0.1053325,0.1773,282.9009335
14,41,24,LT05_023030_20091112,0.1146275,0.14047749999999998,0.151395,0.1773,283.28716976
15,41,25,LT05_023030_20091112,0.10739500000000002,0.14047749999999998,0.13990000000000002,0.157665,283.83747098000003
16,41,26,LT05_023030_20091112,0.10739500000000002,0.1258475,0.13990000000000002,0.19039,283.83747098000003
17,41,27,LT05_023030_20091112,0.0929025,0.11121750000000002,0.12265749999999997,0.19693500000000003,284.3877722
18,41,28,LT05_023030_20091112,0.0929025,0.11121750000000002,0.12265749999999997,0.19693500000000003,284.3877722
21,42,23,LT05_023030_20091112,0.07103999999999999,0.07436749999999998,0.08217750000000001,0.14451999999999998,283.6358078
22,42,24,LT05_023030_20091112,0.10013499999999997,0.1258475,0.13990000000000002,0.16421000000000002,284.01179
23,42,25,LT05_023030_20091112,0.08927249999999998,0.103875,0.12265749999999997,0.151065,284.01179
24,42,26,LT05_023030_20091112,0.08195750000000002,0.103875,0.1168825,0.16421000000000002,284.56209121999996
25,42,27,LT05_023030_20091112,0.08558749999999998,0.103875,0.11110750000000003,0.170755,284.56209121999996
26,42,28,LT05_023030_20091112,0.08558749999999998,0.103875,0.11110750000000003,0.170755,284.56209121999996
27,42,29,LT05_023030_20091112,0.08558749999999998,0.0964775,0.10530499999999998,0.1773,284.46296864
29,43,23,LT05_023030_20091112,0.08195750000000002,0.08913500000000002,0.11110750000000003,0.1838725,283.6358078
30,43,24,LT05_023030_20091112,0.0929025,0.11853249999999999,0.1341525,0.1838725,284.01179
31,43,25,LT05_023030_20091112,0.07467000000000001,0.0891075,0.09953000000000001,0.1838725,284.01179
32,43,26,LT05_023030_20091112,0.0783275,0.0964775,0.09953000000000001,0.157665,284.56209121999996
33,43,27,LT05_023030_20091112,0.0783275,0.0964775,0.10530499999999998,0.157665,284.56209121999996
34,43,28,LT05_023030_20091112,0.0783275,0.0964775,0.10530499999999998,0.157665,284.56209121999996
35,43,29,LT05_023030_20091112,0.07103999999999999,0.0891075,0.09375499999999998,0.170755,283.91266742
37,44,23,LT05_023030_20091112,0.07467000000000001,0.08173750000000002,0.08795249999999999,0.14451999999999998,283.6358078
38,44,24,LT05_023030_20091112,0.10013499999999997,0.1258475,0.12837749999999998,0.1838725,284.01179
39,44,25,LT05_023030_20091112,0.08558749999999998,0.103875,0.1168825,0.1838725,284.01179
40,44,26,LT05_023030_20091112,0.06369750000000002,0.0891075,0.08795249999999999,0.157665,284.01179
41,44,27,LT05_023030_20091112,0.07467000000000001,0.0891075,0.09375499999999998,0.1838725,284.01179
42,44,28,LT05_023030_20091112,0.06732749999999998,0.0891075,0.09375499999999998,0.16421000000000002,284.01179
43,44,29,LT05_023030_20091112,0.06732749999999998,0.0891075,0.08795249999999999,0.1838725,283.91266742
44,44,30,LT05_023030_20091112,0.07829999999999998,0.0964775,0.09953000000000001,0.1838725,283.91266742
45,45,27,LT05_023030_20091112,0.07829999999999998,0.0964775,0.09375499999999998,0.170755,284.01179
46,45,28,LT05_023030_20091112,0.07829999999999998,0.0891075,0.09953000000000001,0.170755,283.46148877999997
47,45,29,LT05_023030_20091112,0.07101249999999998,0.0891075,0.09375499999999998,0.19041750000000002,283.3623662
2,39,23,LT05_023030_20091128,0.08401999999999998,0.11042000000000002,0.12510500000000002,0.16767500000000002,281.25002984
3,39,24,LT05_023030_20091128,0.1134175,0.13616,0.145125,0.17520999999999998,281.62259402
4,39,25,LT05_023030_20091128,0.09666999999999998,0.14471250000000002,0.158435,0.182745,282.21049346
6,40,23,LT05_023030_20091128,0.07555,0.09315000000000001,0.091665,0.182745,281.83451126
7,40,24,LT05_023030_20091128,0.11759750000000002,0.13616,0.158435,0.182745,282.21049346
8,40,25,LT05_023030_20091128,0.0882,0.119,0.13846999999999998,0.17520999999999998,282.21049346
9,40,26,LT05_023030_20091128,0.07555,0.09315000000000001,0.10508499999999998,0.17520999999999998,282.7983929
10,40,27,LT05_023030_20091128,0.07555,0.10178500000000001,0.11176750000000002,0.1902525,282.7983929
11,40,28,LT05_023030_20091128,0.07555,0.10178500000000001,0.11176750000000002,0.1902525,282.7983929
13,41,23,LT05_023030_20091128,0.058609999999999995,0.07590750000000002,0.07824500000000001,0.15257749999999998,282.41899268
14,41,24,LT05_023030_20091128,0.09243499999999999,0.1275525,0.13846999999999998,0.16767500000000002,282.7983929
15,41,25,LT05_023030_20091128,0.10082249999999998,0.119,0.1317875,0.1601125,282.7983929
16,41,26,LT05_023030_20091128,0.0882,0.119,0.11842249999999999,0.1601125,282.7983929
17,41,27,LT05_023030_20091128,0.07131500000000002,0.1017575,0.11176750000000002,0.17520999999999998,282.7983929
18,41,28,LT05_023030_20091128,0.07131500000000002,0.1017575,0.11176750000000002,0.17520999999999998,282.7983929
21,42,23,LT05_023030_20091128,0.05440250000000002,0.05858249999999998,0.06488,0.1299725,282.60014774
22,42,24,LT05_023030_20091128,0.09664250000000002,0.11897249999999998,0.145125,0.15257749999999998,282.96587588
23,42,25,LT05_023030_20091128,0.07975749999999998,0.09315000000000001,0.11176750000000002,0.12991750000000002,282.96587588
24,42,26,LT05_023030_20091128,0.06707999999999997,0.09315000000000001,0.09837499999999999,0.12991750000000002,282.96587588
25,42,27,LT05_023030_20091128,0.06281749999999997,0.08454250000000002,0.09837499999999999,0.13748,282.96587588
26,42,28,LT05_023030_20091128,0.06281749999999997,0.08454250000000002,0.09837499999999999,0.13748,282.96587588
27,42,29,LT05_023030_20091128,0.06707999999999997,0.07590750000000002,0.084955,0.14504250000000002,282.87017132
29,43,23,LT05_023030_20091128,0.067135,0.07593499999999997,0.08503749999999999,0.1450975,282.60014774
30,43,24,LT05_023030_20091128,0.09249000000000002,0.10183999999999999,0.11847750000000001,0.1677575,282.96587588
31,43,25,LT05_023030_20091128,0.05866500000000002,0.07593499999999997,0.08503749999999999,0.1526325,282.96587588
32,43,26,LT05_023030_20091128,0.05440250000000002,0.07593499999999997,0.07829999999999998,0.12241000000000002,282.96587588
33,43,27,LT05_023030_20091128,0.05858249999999998,0.07590750000000002,0.084955,0.12235499999999999,282.96587588
34,43,28,LT05_023030_20091128,0.05858249999999998,0.07590750000000002,0.084955,0.12235499999999999,282.96587588
35,43,29,LT05_023030_20091128,0.05431999999999998,0.07590750000000002,0.07824500000000001,0.15257749999999998,282.28227188
37,44,23,LT05_023030_20091128,0.05440250000000002,0.07593499999999997,0.07158999999999999,0.114875,282.01566632000004
38,44,24,LT05_023030_20091128,0.096725,0.11047499999999999,0.12516,0.1602225,282.37797644
39,44,25,LT05_023030_20091128,0.07560499999999998,0.08456999999999998,0.1051125,0.1602225,282.37797644
40,44,26,LT05_023030_20091128,0.05866500000000002,0.06727250000000001,0.06485249999999998,0.1299725,282.37797644
41,44,27,LT05_023030_20091128,0.05866500000000002,0.08456999999999998,0.07829999999999998,0.1526325,282.37797644
42,44,28,LT05_023030_20091128,0.05866500000000002,0.07593499999999997,0.07829999999999998,0.1450975,282.37797644
43,44,29,LT05_023030_20091128,0.05440250000000002,0.07593499999999997,0.07158999999999999,0.1602225,282.28227188
44,44,30,LT05_023030_20091128,0.067135,0.07593499999999997,0.07829999999999998,0.1602225,282.28227188
45,45,27,LT05_023030_20091128,0.06290000000000001,0.08456999999999998,0.08500999999999997,0.1677575,282.37797644
46,45,28,LT05_023030_20091128,0.05866500000000002,0.08456999999999998,0.07829999999999998,0.1299725,282.37797644
47,45,29,LT05_023030_20091128,0.05440250000000002,0.06727250000000001,0.07829999999999998,0.1526325,282.28227188
2,39,23,LT05_023030_20100304,0.08979500000000001,0.11490250000000002,0.12285000000000001,0.14850750000000001,282.48051704
3,39,24,LT05_023030_20100304,0.11165750000000002,0.12155749999999999,0.15442,0.16038750000000002,282.87358933999997
4,39,25,LT05_023030_20100304,0.11165750000000002,0.11490250000000002,0.13866250000000002,0.17224,282.87358933999997
6,40,23,LT05_023030_20100304,0.11525999999999997,0.11490250000000002,0.14391500000000002,0.18406499999999998,283.02056419999997
7,40,24,LT05_023030_20100304,0.1224925,0.134785,0.1491675,0.17224,283.41021848
8,40,25,LT05_023030_20100304,0.11889,0.128185,0.1491675,0.17818,282.87358933999997
10,40,27,LT05_023030_20100304,0.1689675,0.18719999999999998,0.21676250000000002,0.24277749999999998,282.87358933999997
11,40,28,LT05_023030_20100304,0.1689675,0.18719999999999998,0.21676250000000002,0.24277749999999998,282.87358933999997
13,41,23,LT05_023030_20100304,0.10799999999999998,0.12155749999999999,0.12815749999999998,0.17224,283.02056419999997
14,41,24,LT05_023030_20100304,0.11165750000000002,0.11490250000000002,0.14391500000000002,0.16038750000000002,283.41021848
22,42,24,LT05_023030_20100304,0.10799999999999998,0.11490250000000002,0.13866250000000002,0.16632750000000002,283.58795552000004
2,39,23,LT05_023030_20100405,0.10324250000000001,0.12678250000000002,0.139405,0.168775,300.15851648
3,39,24,LT05_023030_20100405,0.11171249999999999,0.14405250000000003,0.15326499999999998,0.168775,300.58918700000004
4,39,25,LT05_023030_20100405,0.1138575,0.1483425,0.163605,0.18478,300.09015608
6,40,23,LT05_023030_20100405,0.0861925,0.10079500000000002,0.10821999999999998,0.17276249999999999,300.15851648
7,40,24,LT05_023030_20100405,0.11806499999999998,0.14405250000000003,0.15670250000000002,0.1847525,300.58918700000004
8,40,25,LT05_023030_20100405,0.09686250000000002,0.11814750000000002,0.13250250000000002,0.17677749999999998,300.58918700000004
9,40,26,LT05_023030_20100405,0.09045500000000001,0.10079500000000002,0.11864249999999998,0.17279,300.09015608
10,40,27,LT05_023030_20100405,0.09045500000000001,0.12246499999999999,0.12903750000000003,0.18874000000000002,300.09015608
11,40,28,LT05_023030_20100405,0.09045500000000001,0.12246499999999999,0.12903750000000003,0.18874000000000002,300.09015608
13,41,23,LT05_023030_20100405,0.08407500000000001,0.10082249999999998,0.10821999999999998,0.16476000000000002,300.65412938
14,41,24,LT05_023030_20100405,0.11171249999999999,0.12678250000000002,0.14977249999999998,0.168775,300.58576898
15,41,25,LT05_023030_20100405,0.10750500000000002,0.13970749999999998,0.14977249999999998,0.168775,300.58576898
16,41,26,LT05_023030_20100405,0.10962250000000001,0.14405250000000003,0.15670250000000002,0.20466250000000002,300.58576898
17,41,27,LT05_023030_20100405,0.09898000000000001,0.12678250000000002,0.13596750000000002,0.19668750000000002,300.08673806
18,41,28,LT05_023030_20100405,0.09898000000000001,0.12678250000000002,0.13596750000000002,0.19668750000000002,300.08673806
21,42,23,LT05_023030_20100405,0.06908750000000002,0.08778750000000002,0.09433249999999999,0.15279749999999998,300.85921057999997
22,42,24,LT05_023030_20100405,0.10326999999999997,0.1311,0.146335,0.1567575,301.27962704000004
23,42,25,LT05_023030_20100405,0.09471750000000001,0.12246499999999999,0.12557249999999998,0.15279749999999998,300.78059612
24,42,26,LT05_023030_20100405,0.09471750000000001,0.12246499999999999,0.12903750000000003,0.17276249999999999,300.78059612
25,42,27,LT05_023030_20100405,0.09048250000000002,0.10951250000000001,0.11517749999999999,0.17276249999999999,300.78059612
26,42,28,LT05_023030_20100405,0.09048250000000002,0.10951250000000001,0.11517749999999999,0.17276249999999999,300.78059612
27,42,29,LT05_023030_20100405,0.0861925,0.11382999999999999,0.11864249999999998,0.180765,300.16877053999997
29,43,23,LT05_023030_20100405,0.07981250000000001,0.10082249999999998,0.10821999999999998,0.17675000000000002,301.35482348
30,43,24,LT05_023030_20100405,0.09900750000000003,0.1311,0.13596750000000002,0.1807375,301.27962704000004
31,43,25,LT05_023030_20100405,0.08193,0.10082249999999998,0.11864249999999998,0.18472500000000003,301.27962704000004
32,43,26,LT05_023030_20100405,0.07552249999999999,0.10951250000000001,0.11171249999999999,0.16476000000000002,301.27620902
33,43,27,LT05_023030_20100405,0.08410250000000002,0.10082249999999998,0.11171249999999999,0.16077249999999998,300.7771781
34,43,28,LT05_023030_20100405,0.08410250000000002,0.10082249999999998,0.11171249999999999,0.16077249999999998,300.7771781
35,43,29,LT05_023030_20100405,0.0776675,0.10082249999999998,0.10475499999999999,0.1847525,300.16877053999997
37,44,23,LT05_023030_20100405,0.07552249999999999,0.0964775,0.1013175,0.16077249999999998,301.35482348
38,44,24,LT05_023030_20100405,0.09688999999999998,0.12678250000000002,0.12903750000000003,0.18472500000000003,301.27962704000004
39,44,25,LT05_023030_20100405,0.08622000000000002,0.10082249999999998,0.11171249999999999,0.18472500000000003,301.27620902
40,44,26,LT05_023030_20100405,0.073405,0.0964775,0.09779749999999998,0.16476000000000002,301.27620902
41,44,27,LT05_023030_20100405,0.073405,0.10082249999999998,0.10128999999999999,0.19269999999999998,300.7771781
42,44,28,LT05_023030_20100405,0.07552249999999999,0.0964775,0.10128999999999999,0.16476000000000002,300.7771781
43,44,29,LT05_023030_20100405,0.07552249999999999,0.10082249999999998,0.10128999999999999,0.1807375,300.66780145999996
44,44,30,LT05_023030_20100405,0.07769500000000001,0.10519499999999998,0.11171249999999999,0.1887125,300.66780145999996
45,45,27,LT05_023030_20100405,0.07555,0.10082249999999998,0.1013175,0.17675000000000002,300.7771781
46,45,28,LT05_023030_20100405,0.07769500000000001,0.09650500000000001,0.1013175,0.17273500000000003,300.7771781
47,45,29,LT05_023030_20100405,0.073405,0.10082249999999998,0.09779749999999998,0.204635,300.66780145999996
2,39,23,LT05_023030_20100523,0.11014499999999999,0.14889249999999998,0.15109250000000002,0.2169275,309.63668594
3,39,24,LT05_023030_20100523,0.11201499999999998,0.1527425,0.15727999999999998,0.2095575,310.04343031999997
4,39,25,LT05_023030_20100523,0.10249999999999998,0.133355,0.14177,0.23526999999999998,310.04343031999997
6,40,23,LT05_023030_20100523,0.058335000000000026,0.08646749999999997,0.07299250000000002,0.279215,310.40232242
7,40,24,LT05_023030_20100523,0.11014499999999999,0.145015,0.1480125,0.2316125,310.81248482
8,40,25,LT05_023030_20100523,0.09295750000000003,0.12947750000000002,0.13866250000000002,0.24264000000000002,310.81248482
9,40,26,LT05_023030_20100523,0.06991249999999999,0.10610249999999999,0.1043425,0.27918750000000003,310.0400123
10,40,27,LT05_023030_20100523,0.08143499999999998,0.11779,0.1106125,0.30831000000000003,310.0400123
11,40,28,LT05_023030_20100523,0.08143499999999998,0.11779,0.1106125,0.30831000000000003,310.0400123
13,41,23,LT05_023030_20100523,0.06798749999999998,0.08646749999999997,0.07612750000000001,0.24995499999999998,311.16795890000003
14,41,24,LT05_023030_20100523,0.11011749999999998,0.13726,0.14179750000000002,0.21698250000000002,311.5781213
15,41,25,LT05_023030_20100523,0.10442499999999999,0.14889249999999998,0.1542,0.21327000000000002,311.5781213
16,41,26,LT05_023030_20100523,0.10060249999999998,0.13726,0.14177,0.24995499999999998,310.80564877999996
17,41,27,LT05_023030_20100523,0.07761249999999997,0.11391250000000003,0.10750500000000002,0.27553,310.80564877999996
18,41,28,LT05_023030_20100523,0.07761249999999997,0.11391250000000003,0.10750500000000002,0.27553,310.80564877999996
21,42,23,LT05_023030_20100523,0.06411,0.08646749999999997,0.07926250000000001,0.2499825,312.13184054
22,42,24,LT05_023030_20100523,0.1025275,0.12947750000000002,0.14179750000000002,0.19490000000000002,312.53516690000004
23,42,25,LT05_023030_20100523,0.09488249999999998,0.12947750000000002,0.1355825,0.18750250000000002,312.52833086
24,42,26,LT05_023030_20100523,0.08721000000000001,0.121695,0.1293125,0.21327000000000002,311.75927636
25,42,27,LT05_023030_20100523,0.07566,0.10998000000000002,0.1043425,0.22798249999999998,311.75927636
26,42,28,LT05_023030_20100523,0.07566,0.10998000000000002,0.1043425,0.22798249999999998,311.75927636
27,42,29,LT05_023030_20100523,0.07951000000000003,0.11391250000000003,0.11685499999999999,0.24264000000000002,310.87059116
29,43,23,LT05_023030_20100523,0.06796000000000002,0.0904275,0.07926250000000001,0.2682975,312.89064098
30,43,24,LT05_023030_20100523,0.09870499999999999,0.12947750000000002,0.13866250000000002,0.21698250000000002,313.29396734
31,43,25,LT05_023030_20100523,0.07568750000000002,0.09826499999999999,0.09810000000000002,0.2462975,313.29396734
32,43,26,LT05_023030_20100523,0.06606250000000002,0.10610249999999999,0.1106125,0.22798249999999998,312.52491283999996
33,43,27,LT05_023030_20100523,0.06988499999999997,0.09433249999999999,0.08866750000000001,0.2609275,312.5180768
34,43,28,LT05_023030_20100523,0.06988499999999997,0.09433249999999999,0.08866750000000001,0.2609275,312.5180768
35,43,29,LT05_023030_20100523,0.07180999999999998,0.09823749999999998,0.09810000000000002,0.23895500000000003,311.63964566
37,44,23,LT05_023030_20100523,0.05442999999999998,0.08646749999999997,0.07612750000000001,0.24266749999999998,312.89064098
38,44,24,LT05_023030_20100523,0.09103250000000002,0.13338250000000001,0.13866250000000002,0.22429749999999998,313.29396734
39,44,25,LT05_023030_20100523,0.073735,0.09826499999999999,0.10123500000000002,0.2499825,313.2871313
40,44,26,LT05_023030_20100523,0.0505525,0.08256249999999998,0.08553250000000001,0.2572975,313.28371328000003
41,44,27,LT05_023030_20100523,0.06023250000000002,0.08646749999999997,0.07612750000000001,0.260955,313.28371328000003
42,44,28,LT05_023030_20100523,0.05442999999999998,0.08253500000000003,0.07926250000000001,0.2499825,312.51124075999996
43,44,29,LT05_023030_20100523,0.05828,0.08253500000000003,0.08239750000000001,0.2499825,312.40528214
44,44,30,LT05_023030_20100523,0.06798749999999998,0.09823749999999998,0.09496500000000002,0.25727,312.40528214
45,45,27,LT05_023030_20100523,0.06411,0.08646749999999997,0.07926250000000001,0.2462975,313.27687724
46,45,28,LT05_023030_20100523,0.06023250000000002,0.08256249999999998,0.07299250000000002,0.2572975,313.27687724
47,45,29,LT05_023030_20100523,0.06215749999999998,0.09037250000000002,0.08239750000000001,0.27553,313.17091862
2,39,23,LT05_023030_20100624,0.09790749999999998,0.13495000000000001,0.139845,0.252485,308.12933912
3,39,24,LT05_023030_20100624,0.11517749999999999,0.1504875,0.170865,0.2235275,308.54975558
4,39,25,LT05_023030_20100624,0.12279499999999999,0.16212,0.17397250000000003,0.252485,308.54975558
6,40,23,LT05_023030_20100624,0.066915,0.09977750000000002,0.08984999999999999,0.30644,309.3564083
7,40,24,LT05_023030_20100624,0.10943000000000003,0.1504875,0.152275,0.2704975,309.78024278
8,40,25,LT05_023030_20100624,0.09598250000000003,0.115425,0.11803750000000002,0.310015,309.78024278
9,40,26,LT05_023030_20100624,0.09210499999999999,0.13104500000000002,0.13052249999999999,0.31719250000000004,310.3989044
10,40,27,LT05_023030_20100624,0.10558000000000001,0.13495000000000001,0.139845,0.31359,310.3989044
11,40,28,LT05_023030_20100624,0.10558000000000001,0.13495000000000001,0.139845,0.31359,310.3989044
13,41,23,LT05_023030_20100624,0.057152499999999995,0.0840475,0.07725500000000002,0.2632925,310.57664144
14,41,24,LT05_023030_20100624,0.09598250000000003,0.138855,0.14298,0.21992499999999998,311.61571951999997
15,41,25,LT05_023030_20100624,0.11517749999999999,0.14661000000000002,0.152275,0.20903500000000003,311.61571951999997
16,41,26,LT05_023030_20100624,0.10558000000000001,0.14661000000000002,0.14919500000000002,0.2560875,311.61571951999997
17,41,27,LT05_023030_20100624,0.0863025,0.115425,0.11803750000000002,0.2704975,311.61571951999997
18,41,28,LT05_023030_20100624,0.0863025,0.115425,0.11803750000000002,0.2704975,311.61571951999997
21,42,23,LT05_023030_20100624,0.05327500000000002,0.08008749999999998,0.07412000000000002,0.25969000000000003,311.99511974
22,42,24,LT05_023030_20100624,0.09598250000000003,0.14273249999999998,0.14608749999999998,0.19448749999999998,313.02052574
23,42,25,LT05_023030_20100624,0.08825499999999997,0.115425,0.13052249999999999,0.20903500000000003,313.01710772
24,42,26,LT05_023030_20100624,0.08825499999999997,0.11152000000000001,0.11492999999999998,0.2235275,313.01710772
25,42,27,LT05_023030_20100624,0.07082,0.10371000000000002,0.10865999999999998,0.23802,313.01710772
26,42,28,LT05_023030_20100624,0.07082,0.10371000000000002,0.10865999999999998,0.23802,313.01710772
27,42,29,LT05_023030_20100624,0.07860250000000002,0.1075875,0.10865999999999998,0.2560875,312.2959055
29,43,23,LT05_023030_20100624,0.06105749999999999,0.08798,0.08668749999999997,0.2704975,312.59669126
30,43,24,LT05_023030_20100624,0.10172999999999999,0.12713999999999998,0.13676500000000003,0.2235275,313.61867924
31,43,25,LT05_023030_20100624,0.06498999999999999,0.10371000000000002,0.1055525,0.2704975,314.22025076
32,43,26,LT05_023030_20100624,0.072745,0.09191250000000001,0.08668749999999997,0.2632925,313.61526122
33,43,27,LT05_023030_20100624,0.06498999999999999,0.09584500000000001,0.09925499999999998,0.24522500000000003,313.01027167999996
34,43,28,LT05_023030_20100624,0.06498999999999999,0.09584500000000001,0.09925499999999998,0.24522500000000003,313.01027167999996
35,43,29,LT05_023030_20100624,0.06303750000000002,0.09191250000000001,0.08984999999999999,0.24522500000000003,312.29248748
37,44,23,LT05_023030_20100624,0.04937,0.0840475,0.06782250000000001,0.2849075,312.59669126
38,44,24,LT05_023030_20100624,0.103655,0.11932999999999999,0.13052249999999999,0.21992499999999998,313.61867924
39,44,25,LT05_023030_20100624,0.06886750000000003,0.10371000000000002,0.1055525,0.25969000000000003,314.21683274
40,44,26,LT05_023030_20100624,0.05327500000000002,0.07615499999999997,0.06782250000000001,0.252485,313.6118432
41,44,27,LT05_023030_20100624,0.05718000000000001,0.0840475,0.08041749999999998,0.263265,313.01027167999996
42,44,28,LT05_023030_20100624,0.055227499999999985,0.07615499999999997,0.07412000000000002,0.248855,312.40186412
43,44,29,LT05_023030_20100624,0.055227499999999985,0.08008749999999998,0.07098500000000002,0.2560875,311.68407992
44,44,30,LT05_023030_20100624,0.06498999999999999,0.09191250000000001,0.0930125,0.2560875,311.68407992
45,45,27,LT05_023030_20100624,0.05718000000000001,0.08008749999999998,0.07728249999999998,0.24522500000000003,313.00685366
46,45,28,LT05_023030_20100624,0.05132249999999999,0.07219500000000001,0.07098500000000002,0.2560875,312.40186412
47,45,29,LT05_023030_20100624,0.05132249999999999,0.0840475,0.07412000000000002,0.2920575,311.68407992
2,39,23,LT05_023030_20100710,0.11459999999999998,0.1507075,0.16165249999999998,0.23153,313.31447546
3,39,24,LT05_023030_20100710,0.11270249999999998,0.15838000000000002,0.164705,0.22787249999999998,314.38773374
4,39,25,LT05_023030_20100710,0.10898999999999998,0.139185,0.1462525,0.2642275,314.38773374
6,40,23,LT05_023030_20100710,0.050277499999999975,0.08116000000000001,0.06562249999999997,0.3401,313.95022717999996
7,40,24,LT05_023030_20100710,0.11270249999999998,0.162175,0.164705,0.24970750000000003,314.3808977
8,40,25,LT05_023030_20100710,0.09768749999999998,0.12378499999999998,0.133905,0.2751175,314.3808977
9,40,26,LT05_023030_20100710,0.07310250000000001,0.096725,0.09675250000000002,0.3076775,314.38431572
10,40,27,LT05_023030_20100710,0.08259,0.11993500000000001,0.12155749999999999,0.32932,314.3808977
11,40,28,LT05_023030_20100710,0.08259,0.11993500000000001,0.12155749999999999,0.32932,314.3808977
13,41,23,LT05_023030_20100710,0.05217499999999997,0.08894249999999998,0.06873000000000001,0.24242000000000002,314.58939692
14,41,24,LT05_023030_20100710,0.1108325,0.1507075,0.1524125,0.21327000000000002,315.02006744
15,41,25,LT05_023030_20100710,0.10898999999999998,0.14685749999999997,0.1585725,0.22058500000000003,315.02006744
16,41,26,LT05_023030_20100710,0.10709249999999998,0.1276625,0.13701249999999998,0.2751175,315.02006744
17,41,27,LT05_023030_20100710,0.07123249999999998,0.1044525,0.09675250000000002,0.28598,314.37406166
18,41,28,LT05_023030_20100710,0.07123249999999998,0.1044525,0.09675250000000002,0.28598,314.37406166
21,42,23,LT05_023030_20100710,0.05409999999999998,0.07728249999999998,0.07186500000000001,0.2569675,315.43364786
22,42,24,LT05_023030_20100710,0.103325,0.1276625,0.13701249999999998,0.19503750000000003,315.85748234
23,42,25,LT05_023030_20100710,0.09202250000000001,0.13148500000000002,0.133905,0.19135249999999998,315.21147656
24,42,26,LT05_023030_20100710,0.08638499999999999,0.11993500000000001,0.12463750000000001,0.23153,315.21147656
25,42,27,LT05_023030_20100710,0.07502750000000002,0.1044525,0.10296749999999999,0.23879,315.20805854
26,42,28,LT05_023030_20100710,0.07502750000000002,0.1044525,0.10296749999999999,0.23879,315.20805854
27,42,29,LT05_023030_20100710,0.07125999999999999,0.1083575,0.10607499999999997,0.2642275,315.08842784
29,43,23,LT05_023030_20100710,0.0598475,0.08894249999999998,0.08429500000000001,0.26057,315.43022984000004
30,43,24,LT05_023030_20100710,0.097715,0.1276625,0.14317249999999998,0.224215,315.85406432
31,43,25,LT05_023030_20100710,0.06361499999999998,0.10060249999999998,0.09364499999999998,0.2569675,315.8506463
32,43,26,LT05_023030_20100710,0.07125999999999999,0.096725,0.09986,0.24242000000000002,315.84722827999997
33,43,27,LT05_023030_20100710,0.06169000000000002,0.08894249999999998,0.08121499999999998,0.2642275,315.84381026
34,43,28,LT05_023030_20100710,0.06169000000000002,0.08894249999999998,0.08121499999999998,0.2642275,315.84381026
35,43,29,LT05_023030_20100710,0.06361499999999998,0.09282000000000001,0.09053749999999999,0.24968,315.72759758
37,44,23,LT05_023030_20100710,0.048380000000000006,0.06947249999999999,0.062487499999999974,0.24968,316.06598155999995
38,44,24,LT05_023030_20100710,0.09958499999999998,0.13533499999999998,0.1524125,0.23513250000000002,315.8506463
39,44,25,LT05_023030_20100710,0.06743749999999998,0.10060249999999998,0.08743000000000001,0.26057,315.84722827999997
40,44,26,LT05_023030_20100710,0.05217499999999997,0.073405,0.07186500000000001,0.2642275,315.84381026
41,44,27,LT05_023030_20100710,0.05409999999999998,0.07728249999999998,0.07186500000000001,0.2569675,315.84381026
42,44,28,LT05_023030_20100710,0.050277499999999975,0.07337749999999998,0.06873000000000001,0.2533375,315.83697422
43,44,29,LT05_023030_20100710,0.048380000000000006,0.07728249999999998,0.07186500000000001,0.2678575,315.72417956
44,44,30,LT05_023030_20100710,0.06171749999999998,0.096725,0.09364499999999998,0.2678575,315.72417956
45,45,27,LT05_023030_20100710,0.048380000000000006,0.073405,0.06562249999999997,0.24968,315.83697422
46,45,28,LT05_023030_20100710,0.050277499999999975,0.06947249999999999,0.06562249999999997,0.2569675,315.83697422
47,45,29,LT05_023030_20100710,0.05599749999999998,0.08116000000000001,0.0781075,0.30765000000000003,315.72417956
2,39,23,LT05_023030_20100726,0.11399500000000001,0.15056999999999998,0.15326499999999998,0.26461250000000003,303.10143170000003
3,39,24,LT05_023030_20100726,0.12972499999999998,0.1784825,0.18522,0.242035,303.50475806
4,39,25,LT05_023030_20100726,0.13363000000000003,0.17050749999999998,0.1852475,0.25710500000000003,304.14050978
6,40,23,LT05_023030_20100726,0.07634750000000001,0.10640500000000003,0.09854000000000002,0.30951999999999996,303.73718342
7,40,24,LT05_023030_20100726,0.11795499999999998,0.17050749999999998,0.1724325,0.2758325,304.77626150000003
8,40,25,LT05_023030_20100726,0.09422249999999999,0.11845,0.12439,0.305835,304.77626150000003
9,40,26,LT05_023030_20100726,0.07829999999999998,0.10637750000000001,0.1017575,0.3319325,304.77626150000003
10,40,27,LT05_023030_20100726,0.09023500000000001,0.134565,0.1307975,0.33196,304.14050978
11,40,28,LT05_023030_20100726,0.09023500000000001,0.134565,0.1307975,0.33196,304.14050978
13,41,23,LT05_023030_20100726,0.06435750000000001,0.09017999999999998,0.079125,0.2532825,304.9984328
14,41,24,LT05_023030_20100726,0.11402250000000003,0.1585725,0.1596725,0.2345,305.40859520000004
15,41,25,LT05_023030_20100726,0.12582,0.17050749999999998,0.18203000000000003,0.23826750000000002,305.40859520000004
16,41,26,LT05_023030_20100726,0.11399500000000001,0.15056999999999998,0.15326499999999998,0.2720925,305.40517718
17,41,27,LT05_023030_20100726,0.0922425,0.134565,0.1307975,0.2871075,304.77284348
18,41,28,LT05_023030_20100726,0.0922425,0.134565,0.1307975,0.2871075,304.77284348
21,42,23,LT05_023030_20100726,0.07038,0.09425,0.08237,0.2570225,305.82217562
22,42,24,LT05_023030_20100726,0.11600250000000001,0.1465825,0.15007500000000001,0.2156075,306.22208395999996
23,42,25,LT05_023030_20100726,0.09821000000000002,0.1425675,0.14685749999999997,0.21184000000000003,306.21866594
24,42,26,LT05_023030_20100726,0.09821000000000002,0.13055,0.13723249999999998,0.264585,306.21866594
25,42,27,LT05_023030_20100726,0.08429500000000001,0.11847750000000001,0.11146499999999998,0.2570775,305.58975025999996
26,42,28,LT05_023030_20100726,0.08429500000000001,0.11847750000000001,0.11146499999999998,0.2570775,305.58975025999996
27,42,29,LT05_023030_20100726,0.08825499999999997,0.11845,0.11468250000000002,0.2833675,304.84803992
29,43,23,LT05_023030_20100726,0.07439499999999999,0.10643249999999999,0.09856749999999997,0.279545,306.44425526
30,43,24,LT05_023030_20100726,0.11993500000000001,0.1425675,0.15326499999999998,0.2495425,306.84758162
31,43,25,LT05_023030_20100726,0.07436749999999998,0.11847750000000001,0.1082475,0.29456,306.8441636
32,43,26,LT05_023030_20100726,0.08231499999999997,0.1103925,0.11468250000000002,0.264585,306.8441636
33,43,27,LT05_023030_20100726,0.07233250000000002,0.1103925,0.10178500000000001,0.2720925,306.21524792
34,43,28,LT05_023030_20100726,0.07233250000000002,0.1103925,0.10178500000000001,0.2720925,306.21524792
35,43,29,LT05_023030_20100726,0.07032499999999997,0.10233500000000001,0.09529500000000002,0.27586,305.48037362
37,44,23,LT05_023030_20100726,0.06644749999999999,0.08616499999999999,0.07915250000000001,0.27575,307.0663349
38,44,24,LT05_023030_20100726,0.11009000000000002,0.1465825,0.16286250000000002,0.2720375,307.46966126
39,44,25,LT05_023030_20100726,0.0723875,0.10640500000000003,0.09856749999999997,0.28702500000000003,307.46624324
40,44,26,LT05_023030_20100726,0.06438500000000003,0.0902075,0.09532249999999998,0.272065,306.84074558
41,44,27,LT05_023030_20100726,0.06435750000000001,0.0982925,0.08886,0.272065,306.84074558
42,44,28,LT05_023030_20100726,0.062350000000000017,0.09425,0.085615,0.272065,306.83732756
43,44,29,LT05_023030_20100726,0.06834499999999999,0.09017999999999998,0.08558749999999998,0.2683525,306.10587128
44,44,30,LT05_023030_20100726,0.07829999999999998,0.10637750000000001,0.10178500000000001,0.26461250000000003,306.10587128
45,45,27,LT05_023030_20100726,0.0683725,0.0902075,0.08886,0.2645575,306.84074558
46,45,28,LT05_023030_20100726,0.062350000000000017,0.08206750000000002,0.07588,0.268325,306.83732756
47,45,29,LT05_023030_20100726,0.06834499999999999,0.09425,0.08883249999999998,0.2907925,306.73136894000004
2,39,23,LT05_023030_20100811,0.11594749999999998,0.1508175,0.16478749999999998,0.24992750000000002,306.99113846
3,39,24,LT05_023030_20100811,0.132255,0.1716625,0.188135,0.22550750000000003,307.3739567
4,39,25,LT05_023030_20100811,0.12411499999999998,0.16751,0.188135,0.24992750000000002,307.3739567
6,40,23,LT05_023030_20100811,0.07895999999999997,0.10890749999999999,0.1076975,0.30258999999999997,306.98430242
7,40,24,LT05_023030_20100811,0.12411499999999998,0.16332999999999998,0.16146,0.278335,308.29340407999996
8,40,25,LT05_023030_20100811,0.09342499999999998,0.12571,0.12793749999999998,0.30663250000000003,308.29340407999996
9,40,26,LT05_023030_20100811,0.085175,0.10890749999999999,0.1076975,0.32678999999999997,308.2968221
10,40,27,LT05_023030_20100811,0.0954875,0.134125,0.13126500000000002,0.32678999999999997,308.2968221
11,40,28,LT05_023030_20100811,0.0954875,0.134125,0.13126500000000002,0.32678999999999997,308.2968221
13,41,23,LT05_023030_20100811,0.06031500000000001,0.07926250000000001,0.0772275,0.2417875,307.90033178
14,41,24,LT05_023030_20100811,0.12004500000000001,0.1508175,0.16478749999999998,0.2295775,308.28998606
15,41,25,LT05_023030_20100811,0.12004500000000001,0.16332999999999998,0.18145250000000002,0.22141,308.28998606
16,41,26,LT05_023030_20100811,0.10368250000000001,0.14248500000000003,0.15475,0.26211,308.28998606
17,41,27,LT05_023030_20100811,0.08927249999999998,0.12571,0.12452750000000001,0.2661525,308.28998606
18,41,28,LT05_023030_20100811,0.08927249999999998,0.12571,0.12452750000000001,0.2661525,308.28998606
21,42,23,LT05_023030_20100811,0.06240499999999999,0.08352500000000002,0.08401999999999998,0.27022250000000003,309.00093422
22,42,24,LT05_023030_20100811,0.10777999999999999,0.1382775,0.15475,0.20917249999999998,309.38033443999996
23,42,25,LT05_023030_20100811,0.09342499999999998,0.12991750000000002,0.14135750000000002,0.1969075,309.37691642
24,42,26,LT05_023030_20100811,0.091335,0.12991750000000002,0.14135750000000002,0.24588500000000002,309.37691642
25,42,27,LT05_023030_20100811,0.07277250000000002,0.11308750000000001,0.1043425,0.2417875,308.46088706
26,42,28,LT05_023030_20100811,0.07277250000000002,0.11308750000000001,0.1043425,0.2417875,308.46088706
27,42,29,LT05_023030_20100811,0.07689750000000001,0.10890749999999999,0.09755000000000003,0.2417875,308.35834646
29,43,23,LT05_023030_20100811,0.07277250000000002,0.09622999999999998,0.09419499999999997,0.278335,308.9975162
30,43,24,LT05_023030_20100811,0.10161999999999999,0.146665,0.14806750000000002,0.2336475,309.37691642
31,43,25,LT05_023030_20100811,0.07689750000000001,0.09622999999999998,0.09419499999999997,0.2742925,309.37691642
32,43,26,LT05_023030_20100811,0.06862000000000001,0.10890749999999999,0.1076975,0.24588500000000002,309.37691642
33,43,27,LT05_023030_20100811,0.06444,0.10043750000000001,0.0874025,0.2539975,309.3734984
34,43,28,LT05_023030_20100811,0.06444,0.10043750000000001,0.0874025,0.2539975,309.3734984
35,43,29,LT05_023030_20100811,0.06652999999999998,0.10043750000000001,0.09419499999999997,0.2742925,308.35492844
37,44,23,LT05_023030_20100811,0.05613499999999999,0.08352500000000002,0.07046249999999998,0.26211,308.9975162
38,44,24,LT05_023030_20100811,0.0954875,0.1508175,0.144685,0.26211,309.37691642
39,44,25,LT05_023030_20100811,0.07068249999999998,0.09622999999999998,0.09755000000000003,0.2661525,309.3734984
40,44,26,LT05_023030_20100811,0.05198249999999999,0.08352500000000002,0.08401999999999998,0.2539975,309.3734984
41,44,27,LT05_023030_20100811,0.05822499999999997,0.08352500000000002,0.0772275,0.2661525,309.3734984
42,44,28,LT05_023030_20100811,0.05822499999999997,0.08352500000000002,0.08063749999999997,0.25804,308.45405102
43,44,29,LT05_023030_20100811,0.05613499999999999,0.08352500000000002,0.08401999999999998,0.24588500000000002,308.35492844
44,44,30,LT05_023030_20100811,0.07277250000000002,0.09622999999999998,0.09755000000000003,0.25804,308.35834646
45,45,27,LT05_023030_20100811,0.06031500000000001,0.08352500000000002,0.08063749999999997,0.25804,309.37008038
46,45,28,LT05_023030_20100811,0.0478025,0.07500000000000001,0.07046249999999998,0.24588500000000002,309.37008038
47,45,29,LT05_023030_20100811,0.049892500000000006,0.08773249999999999,0.0772275,0.2823775,308.35492844
30,43,24,LT05_023030_20100827,0.10739500000000002,0.13855250000000002,0.14551000000000003,0.21618500000000002,304.61219654
31,43,25,LT05_023030_20100827,0.09017999999999998,0.11234499999999997,0.10711999999999999,0.23672749999999998,305.30947262
32,43,26,LT05_023030_20100827,0.08586250000000001,0.11234499999999997,0.11415999999999998,0.22031,306.0067487
33,43,27,LT05_023030_20100827,0.08586250000000001,0.11234499999999997,0.10010750000000002,0.22853250000000003,306.00333068
34,43,28,LT05_023030_20100827,0.08586250000000001,0.11234499999999997,0.10010750000000002,0.22853250000000003,306.00333068
35,43,29,LT05_023030_20100827,0.085835,0.10797250000000003,0.10711999999999999,0.23263,305.203514
37,44,23,LT05_023030_20100827,0.07940000000000003,0.10357250000000001,0.096615,0.2326025,304.22254225999995
38,44,24,LT05_023030_20100827,0.09881499999999999,0.13855250000000002,0.14551000000000003,0.22031,306.0067487
39,44,25,LT05_023030_20100827,0.09232499999999999,0.11671749999999997,0.1106125,0.23672749999999998,306.0067487
40,44,26,LT05_023030_20100827,0.07502750000000002,0.0991725,0.096615,0.23672749999999998,306.00333068
41,44,27,LT05_023030_20100827,0.07937250000000001,0.10357250000000001,0.096615,0.22853250000000003,306.00333068
42,44,28,LT05_023030_20100827,0.07288250000000002,0.0991725,0.09309499999999998,0.224435,306.00333068
43,44,29,LT05_023030_20100827,0.06853749999999997,0.0991725,0.096615,0.224435,305.203514
44,44,30,LT05_023030_20100827,0.08366249999999997,0.11234499999999997,0.10711999999999999,0.236755,305.203514
45,45,27,LT05_023030_20100827,0.07502750000000002,0.0948,0.09309499999999998,0.22031,306.00333068
46,45,28,LT05_023030_20100827,0.07502750000000002,0.0948,0.08960249999999997,0.224435,306.00333068
47,45,29,LT05_023030_20100827,0.079345,0.0991725,0.10010750000000002,0.24904749999999998,305.90079008
2,39,23,LT05_023030_20100912,0.09785250000000001,0.133905,0.13888250000000002,0.2046075,302.83482614
3,39,24,LT05_023030_20100912,0.11297750000000001,0.1471325,0.163715,0.19622,302.73570356
4,39,25,LT05_023030_20100912,0.09785250000000001,0.12505,0.13888250000000002,0.2046075,302.73570356
6,40,23,LT05_023030_20100912,0.06301000000000001,0.08946500000000002,0.085395,0.23395,302.83482614
7,40,24,LT05_023030_20100912,0.09350750000000002,0.12945,0.13533499999999998,0.2255625,303.26207864
8,40,25,LT05_023030_20100912,0.08481749999999999,0.11616749999999998,0.1282125,0.23395,303.26207864
9,40,26,LT05_023030_20100912,0.06958249999999999,0.09837499999999999,0.09966750000000002,0.25067,303.26207864
10,40,27,LT05_023030_20100912,0.07827250000000002,0.11171249999999999,0.1103925,0.25903,303.26207864
11,40,28,LT05_023030_20100912,0.07827250000000002,0.11171249999999999,0.1103925,0.25903,303.26207864
13,41,23,LT05_023030_20100912,0.043237499999999984,0.06259749999999997,0.06025999999999998,0.187805,303.3577832
14,41,24,LT05_023030_20100912,0.09785250000000001,0.12945,0.13533499999999998,0.19201250000000003,303.7850357
15,41,25,LT05_023030_20100912,0.10863250000000002,0.14273249999999998,0.1566475,0.19622,303.78845372
16,41,26,LT05_023030_20100912,0.08481749999999999,0.11616749999999998,0.12108999999999998,0.20878750000000001,303.78845372
17,41,27,LT05_023030_20100912,0.07392749999999998,0.10280250000000002,0.10681750000000001,0.217175,303.78845372
18,41,28,LT05_023030_20100912,0.07392749999999998,0.10280250000000002,0.10681750000000001,0.217175,303.78845372
21,42,23,LT05_023030_20100912,0.04543749999999999,0.07153500000000002,0.06025999999999998,0.20878750000000001,304.08582146000003
22,42,24,LT05_023030_20100912,0.09130749999999999,0.12502249999999998,0.13533499999999998,0.17520999999999998,304.50281989999996
23,42,25,LT05_023030_20100912,0.08481749999999999,0.10280250000000002,0.1175425,0.17520999999999998,304.50281989999996
24,42,26,LT05_023030_20100912,0.07392749999999998,0.09837499999999999,0.10324250000000001,0.187805,304.50281989999996
25,42,27,LT05_023030_20100912,0.060809999999999975,0.08052749999999997,0.08179249999999999,0.19622,304.50281989999996
26,42,28,LT05_023030_20100912,0.060809999999999975,0.08052749999999997,0.08179249999999999,0.19622,304.50281989999996
27,42,29,LT05_023030_20100912,0.0629825,0.08498250000000002,0.09251749999999997,0.19201250000000003,304.39344326
29,43,23,LT05_023030_20100912,0.05201,0.08052749999999997,0.0782175,0.22974250000000002,304.08582146000003
30,43,24,LT05_023030_20100912,0.08913500000000002,0.11171249999999999,0.1139675,0.19622,305.02577696000003
31,43,25,LT05_023030_20100912,0.03881000000000001,0.08052749999999997,0.0782175,0.22138249999999998,305.02577696000003
32,43,26,LT05_023030_20100912,0.05420999999999998,0.07153500000000002,0.0746425,0.20881500000000003,305.02577696000003
33,43,27,LT05_023030_20100912,0.043237499999999984,0.06707999999999997,0.06743749999999998,0.20878750000000001,305.02235894
34,43,28,LT05_023030_20100912,0.043237499999999984,0.06707999999999997,0.06743749999999998,0.20878750000000001,305.02235894
35,43,29,LT05_023030_20100912,0.052037500000000014,0.07604499999999997,0.0782175,0.2255625,304.9129823
37,44,23,LT05_023030_20100912,0.04321,0.06257000000000001,0.05665749999999997,0.2130225,304.08582146000003
38,44,24,LT05_023030_20100912,0.09562500000000002,0.11616749999999998,0.12108999999999998,0.204635,305.02577696000003
39,44,25,LT05_023030_20100912,0.04983750000000001,0.08498250000000002,0.08894249999999998,0.21720250000000002,305.02577696000003
40,44,26,LT05_023030_20100912,0.03881000000000001,0.049122499999999986,0.049479999999999996,0.204635,305.02235894
41,44,27,LT05_023030_20100912,0.03881000000000001,0.06257000000000001,0.056684999999999985,0.23813,305.02235894
42,44,28,LT05_023030_20100912,0.03881000000000001,0.05811499999999997,0.05308249999999998,0.21720250000000002,305.02235894
43,44,29,LT05_023030_20100912,0.03881000000000001,0.06257000000000001,0.056684999999999985,0.204635,304.9129823
44,44,30,LT05_023030_20100912,0.05420999999999998,0.07153500000000002,0.0746425,0.204635,304.9129823
45,45,27,LT05_023030_20100912,0.04321,0.06257000000000001,0.06025999999999998,0.22138249999999998,305.02235894
46,45,28,LT05_023030_20100912,0.036610000000000004,0.053605000000000014,0.05308249999999998,0.19622,305.02235894
47,45,29,LT05_023030_20100912,0.04100999999999999,0.06257000000000001,0.06383499999999998,0.22977000000000003,304.9129823
2,39,23,LT05_023030_20100928,0.09545999999999999,0.13187,0.146775,0.189015,301.93246886
3,39,24,LT05_023030_20100928,0.10967749999999998,0.13671,0.15065250000000002,0.1797475,302.34604928
4,39,25,LT05_023030_20100928,0.08591749999999998,0.11724000000000001,0.13118249999999998,0.20284750000000001,302.34604928
6,40,23,LT05_023030_20100928,0.06444,0.07802500000000001,0.08423999999999998,0.21667999999999998,302.53062236
7,40,24,LT05_023030_20100928,0.10492000000000001,0.13187,0.138965,0.21206000000000003,302.9476208
8,40,25,LT05_023030_20100928,0.078795,0.11234499999999997,0.1194675,0.2258925,302.94420277999996
9,40,26,LT05_023030_20100928,0.07164500000000001,0.09768749999999998,0.10772500000000002,0.2350775,303.54919232
10,40,27,LT05_023030_20100928,0.09306750000000003,0.11724000000000001,0.1272775,0.2535025,303.54919232
11,40,28,LT05_023030_20100928,0.09306750000000003,0.11724000000000001,0.1272775,0.2535025,303.54919232
13,41,23,LT05_023030_20100928,0.0476925,0.0533575,0.05674000000000001,0.16591499999999998,303.12877586
14,41,24,LT05_023030_20100928,0.10965000000000003,0.13671,0.15065250000000002,0.189015,303.5457743
15,41,25,LT05_023030_20100928,0.10019,0.13671,0.14287,0.18439499999999998,303.5457743
16,41,26,LT05_023030_20100928,0.08116000000000001,0.11234499999999997,0.1233725,0.21206000000000003,303.5457743
17,41,27,LT05_023030_20100928,0.06444,0.08787,0.09210499999999999,0.20744,303.5457743
18,41,28,LT05_023030_20100928,0.06444,0.08787,0.09210499999999999,0.20744,303.5457743
21,42,23,LT05_023030_20100928,0.054869999999999974,0.06325750000000002,0.06463249999999998,0.20284750000000001,303.32702101999996
22,42,24,LT05_023030_20100928,0.08833750000000001,0.12210749999999998,0.13506,0.1797475,304.3319189
23,42,25,LT05_023030_20100928,0.08355249999999997,0.10744999999999999,0.11163000000000001,0.170535,304.3319189
24,42,26,LT05_023030_20100928,0.07640249999999998,0.10255500000000001,0.11556250000000001,0.175155,303.73034738
25,42,27,LT05_023030_20100928,0.06204749999999998,0.08294750000000001,0.08030749999999998,0.1982275,303.73034738
26,42,28,LT05_023030_20100928,0.06204749999999998,0.08294750000000001,0.08030749999999998,0.1982275,303.73034738
27,42,29,LT05_023030_20100928,0.059655000000000014,0.08294750000000001,0.08030749999999998,0.1797475,303.01939921999997
29,43,23,LT05_023030_20100928,0.06685999999999998,0.08294750000000001,0.08817249999999999,0.20744,303.32702101999996
30,43,24,LT05_023030_20100928,0.08355249999999997,0.11234499999999997,0.1194675,0.189015,303.73034738
31,43,25,LT05_023030_20100928,0.059655000000000014,0.07310250000000001,0.07246999999999998,0.21206000000000003,303.73034738
32,43,26,LT05_023030_20100928,0.05247750000000001,0.07802500000000001,0.07640249999999998,0.18439499999999998,303.72692936
33,43,27,LT05_023030_20100928,0.05247750000000001,0.06325750000000002,0.060645000000000004,0.1982275,303.72692936
34,43,28,LT05_023030_20100928,0.05247750000000001,0.06325750000000002,0.060645000000000004,0.1982275,303.72692936
35,43,29,LT05_023030_20100928,0.057262499999999994,0.07802500000000001,0.08030749999999998,0.21667999999999998,303.0159812
37,44,23,LT05_023030_20100928,0.04043250000000001,0.06325750000000002,0.060645000000000004,0.21206000000000003,302.72544949999997
38,44,24,LT05_023030_20100928,0.08591749999999998,0.12210749999999998,0.1194675,0.21667999999999998,303.73034738
39,44,25,LT05_023030_20100928,0.057262499999999994,0.06325750000000002,0.07637500000000003,0.1936075,303.73034738
40,44,26,LT05_023030_20100928,0.03320000000000001,0.058335000000000026,0.060645000000000004,0.1982275,303.72692936
41,44,27,LT05_023030_20100928,0.05247750000000001,0.06325750000000002,0.06460500000000002,0.21667999999999998,303.12535784
42,44,28,LT05_023030_20100928,0.042825,0.06325750000000002,0.06460500000000002,0.1982275,303.12193981999997
43,44,29,LT05_023030_20100928,0.04524500000000001,0.06325750000000002,0.060645000000000004,0.18439499999999998,303.0159812
44,44,30,LT05_023030_20100928,0.057262499999999994,0.07802500000000001,0.08030749999999998,0.1982275,303.0159812
45,45,27,LT05_023030_20100928,0.05005749999999998,0.06323000000000001,0.060645000000000004,0.20287500000000003,303.12193981999997
46,45,28,LT05_023030_20100928,0.04524500000000001,0.058335000000000026,0.052779999999999994,0.189015,303.12193981999997
47,45,29,LT05_023030_20100928,0.05005749999999998,0.07310250000000001,0.07246999999999998,0.2258925,303.0159812
2,39,23,LT05_023030_20110102,0.09777000000000002,0.120925,0.13495000000000001,0.15398,269.69712224
3,39,24,LT05_023030_20110102,0.09777000000000002,0.14012000000000002,0.14969,0.15398,270.05943236
4,39,25,LT05_023030_20110102,0.08847500000000003,0.10167500000000002,0.11284,0.138195,270.05943236
6,40,23,LT05_023030_20110102,0.07439499999999999,0.09202250000000001,0.1054425,0.146115,269.69712224
7,40,24,LT05_023030_20110102,0.10709249999999998,0.14969,0.157005,0.17763,270.05943236
8,40,25,LT05_023030_20110102,0.10709249999999998,0.13055,0.14232,0.169765,270.05943236
9,40,26,LT05_023030_20110102,0.0931225,0.11130000000000001,0.12758000000000003,0.15398,270.05943236
10,40,27,LT05_023030_20110102,0.10247250000000002,0.13055,0.14232,0.18552249999999998,270.05943236
11,40,28,LT05_023030_20110102,0.10247250000000002,0.13055,0.14232,0.18552249999999998,270.05943236
13,41,23,LT05_023030_20110102,0.07436749999999998,0.08237,0.090675,0.138195,270.2884397
14,41,24,LT05_023030_20110102,0.10244500000000001,0.13055,0.14232,0.15398,270.65074982
15,41,25,LT05_023030_20110102,0.09777000000000002,0.120925,0.12758000000000003,0.138195,270.65074982
16,41,26,LT05_023030_20110102,0.08377249999999997,0.10167500000000002,0.0980725,0.13027499999999997,270.65074982
17,41,27,LT05_023030_20110102,0.07436749999999998,0.09202250000000001,0.1054425,0.146115,270.65074982
18,41,28,LT05_023030_20110102,0.07436749999999998,0.09202250000000001,0.1054425,0.146115,270.65074982
21,42,23,LT05_023030_20110102,0.060287499999999994,0.07268999999999998,0.0832775,0.11448999999999998,270.46275872
22,42,24,LT05_023030_20110102,0.09777000000000002,0.120925,0.13495000000000001,0.138195,270.81481478
23,42,25,LT05_023030_20110102,0.06969249999999999,0.09202250000000001,0.0980725,0.10657,270.81481478
24,42,26,LT05_023030_20110102,0.07436749999999998,0.08237,0.090675,0.11448999999999998,270.81481478
25,42,27,LT05_023030_20110102,0.07436749999999998,0.09202250000000001,0.090675,0.12241000000000002,270.81481478
26,42,28,LT05_023030_20110102,0.07436749999999998,0.09202250000000001,0.090675,0.12241000000000002,270.81481478
27,42,29,LT05_023030_20110102,0.055530000000000024,0.09202250000000001,0.090675,0.146115,270.72252824
29,43,23,LT05_023030_20110102,0.07436749999999998,0.10167500000000002,0.0980725,0.138195,270.46275872
30,43,24,LT05_023030_20110102,0.10244500000000001,0.120925,0.14232,0.15398,270.81481478
31,43,25,LT05_023030_20110102,0.06496249999999998,0.09202250000000001,0.0980725,0.12241000000000002,270.81481478
32,43,26,LT05_023030_20110102,0.050827500000000025,0.0629825,0.07588,0.11448999999999998,270.81481478
33,43,27,LT05_023030_20110102,0.06496249999999998,0.0629825,0.07588,0.13027499999999997,270.81481478
34,43,28,LT05_023030_20110102,0.06496249999999998,0.0629825,0.07588,0.13027499999999997,270.81481478
35,43,29,LT05_023030_20110102,0.06496249999999998,0.08237,0.0832775,0.13027499999999997,270.72252824
37,44,23,LT05_023030_20110102,0.06025999999999998,0.07266250000000002,0.0832775,0.12241000000000002,270.46275872
38,44,24,LT05_023030_20110102,0.08374500000000001,0.11130000000000001,0.12758000000000003,0.146115,270.81481478
39,44,25,LT05_023030_20110102,0.07436749999999998,0.10167500000000002,0.1054425,0.138195,270.81481478
40,44,26,LT05_023030_20110102,0.06025999999999998,0.07266250000000002,0.0832775,0.146115,270.81481478
41,44,27,LT05_023030_20110102,0.06969249999999999,0.09202250000000001,0.090675,0.138195,270.81481478
42,44,28,LT05_023030_20110102,0.050827500000000025,0.0629825,0.07588,0.12241000000000002,270.81481478
43,44,29,LT05_023030_20110102,0.055530000000000024,0.0629825,0.07588,0.11448999999999998,270.72252824
44,44,30,LT05_023030_20110102,0.07436749999999998,0.09202250000000001,0.1054425,0.15398,270.72252824
45,45,27,LT05_023030_20110102,0.050827500000000025,0.07266250000000002,0.0832775,0.12241000000000002,270.81481478
46,45,28,LT05_023030_20110102,0.06969249999999999,0.0629825,0.0832775,0.13027499999999997,270.81481478
47,45,29,LT05_023030_20110102,0.06496249999999998,0.07266250000000002,0.090675,0.15398,270.72252824
2,39,23,LT05_023030_20110219,0.10766999999999999,0.1205675,0.1349225,0.14303500000000002,278.19090194
3,39,24,LT05_023030_20110219,0.10766999999999999,0.1326675,0.14449250000000002,0.14839750000000002,278.57372018
4,39,25,LT05_023030_20110219,0.08699000000000001,0.10238999999999998,0.1109425,0.13767249999999998,278.57372018
6,40,23,LT05_023030_20110219,0.0840475,0.09631250000000002,0.1109425,0.13228250000000003,278.74462117999997
7,40,24,LT05_023030_20110219,0.1135275,0.1326675,0.14449250000000002,0.1591225,279.12743942
8,40,25,LT05_023030_20110219,0.1017575,0.1266175,0.1349225,0.1591225,279.12743942
9,40,26,LT05_023030_20110219,0.1017575,0.1205675,0.1349225,0.1645125,279.12743942
10,40,27,LT05_023030_20110219,0.10472749999999997,0.1326675,0.14449250000000002,0.18059999999999998,279.12743942
11,40,28,LT05_023030_20110219,0.10472749999999997,0.1326675,0.14449250000000002,0.18059999999999998,279.12743942
13,41,23,LT05_023030_20110219,0.0781075,0.07805250000000002,0.08212249999999999,0.11077749999999997,278.74462117999997
14,41,24,LT05_023030_20110219,0.10472749999999997,0.1205675,0.1349225,0.14839750000000002,279.12743942
15,41,25,LT05_023030_20110219,0.09587250000000003,0.1266175,0.13013750000000002,0.14839750000000002,279.12743942
16,41,26,LT05_023030_20110219,0.08699000000000001,0.11448999999999998,0.12053999999999998,0.14839750000000002,279.67774064
17,41,27,LT05_023030_20110219,0.0840475,0.10843999999999998,0.115755,0.14839750000000002,279.67774064
18,41,28,LT05_023030_20110219,0.0840475,0.10843999999999998,0.115755,0.14839750000000002,279.67774064
21,42,23,LT05_023030_20110219,0.1135275,0.1266175,0.13970749999999998,0.1591225,278.92577624
22,42,24,LT05_023030_20110219,0.09287499999999999,0.11448999999999998,0.12532500000000002,0.13767249999999998,279.29834042
23,42,25,LT05_023030_20110219,0.08993250000000003,0.10843999999999998,0.115755,0.12691999999999998,279.84864164
24,42,26,LT05_023030_20110219,0.08699000000000001,0.0902075,0.10613,0.11614000000000002,279.84864164
25,42,27,LT05_023030_20110219,0.0781075,0.0902075,0.10613,0.13228250000000003,279.84864164
26,42,28,LT05_023030_20110219,0.0781075,0.0902075,0.10613,0.13228250000000003,279.84864164
27,42,29,LT05_023030_20110219,0.09287499999999999,0.11448999999999998,0.12532500000000002,0.13767249999999998,279.74951906
29,43,23,LT05_023030_20110219,0.10181249999999997,0.11457250000000002,0.13016499999999998,0.15381499999999998,279.47607746
30,43,24,LT05_023030_20110219,0.1017575,0.1266175,0.13970749999999998,0.15378750000000002,279.29834042
31,43,25,LT05_023030_20110219,0.08105000000000001,0.10236250000000002,0.10613,0.13228250000000003,279.84864164
32,43,26,LT05_023030_20110219,0.09287499999999999,0.10236250000000002,0.10613,0.14839750000000002,279.84864164
33,43,27,LT05_023030_20110219,0.10764249999999997,0.1326675,0.13970749999999998,0.15378750000000002,279.84864164
34,43,28,LT05_023030_20110219,0.10764249999999997,0.1326675,0.13970749999999998,0.15378750000000002,279.84864164
35,43,29,LT05_023030_20110219,0.09881499999999999,0.10843999999999998,0.13013750000000002,0.14303500000000002,279.74951906
37,44,23,LT05_023030_20110219,0.07516499999999998,0.09633999999999998,0.10139999999999999,0.12155749999999999,279.47607746
38,44,24,LT05_023030_20110219,0.09887000000000001,0.13272250000000002,0.14451999999999998,0.15381499999999998,279.84864164
39,44,25,LT05_023030_20110219,0.0840475,0.0902075,0.09653250000000002,0.12691999999999998,279.84864164
40,44,26,LT05_023030_20110219,0.07213999999999998,0.09631250000000002,0.10613,0.14839750000000002,279.84864164
41,44,27,LT05_023030_20110219,0.08699000000000001,0.10236250000000002,0.1109425,0.14303500000000002,279.84864164
42,44,28,LT05_023030_20110219,0.07513750000000002,0.07805250000000002,0.08690750000000003,0.12153000000000003,279.84864164
43,44,29,LT05_023030_20110219,0.08105000000000001,0.09631250000000002,0.10613,0.13767249999999998,279.74951906
44,44,30,LT05_023030_20110219,0.09881499999999999,0.10843999999999998,0.12053999999999998,0.13767249999999998,279.74951906
45,45,27,LT05_023030_20110219,0.0840475,0.09631250000000002,0.10134500000000002,0.12691999999999998,279.84864164
46,45,28,LT05_023030_20110219,0.0840475,0.10236250000000002,0.115755,0.14303500000000002,279.29834042
47,45,29,LT05_023030_20110219,0.10172999999999999,0.1205675,0.134895,0.18596249999999998,279.19921783999996
2,39,23,LT05_023030_20110713,0.12312499999999998,0.16132249999999998,0.1680875,0.2471775,307.4081369
3,39,24,LT05_023030_20110713,0.14440999999999998,0.1769425,0.19624750000000002,0.26926,307.83880741999997
4,39,25,LT05_023030_20110713,0.10755999999999999,0.14955249999999998,0.1460325,0.2986025,308.40278072
6,40,23,LT05_023030_20110713,0.08597250000000001,0.11404999999999998,0.1175425,0.34606750000000003,307.96527416000004
7,40,24,LT05_023030_20110713,0.13283250000000002,0.1769425,0.18686999999999998,0.2949725,308.95991798
8,40,25,LT05_023030_20110713,0.11729499999999998,0.14955249999999998,0.15235749999999998,0.30960250000000006,308.95991798
9,40,26,LT05_023030_20110713,0.091885,0.12197000000000002,0.127085,0.33512250000000005,309.52047326
10,40,27,LT05_023030_20110713,0.08401999999999998,0.11801,0.1144075,0.32783500000000004,310.07761052
11,40,28,LT05_023030_20110713,0.08401999999999998,0.11801,0.1144075,0.32783500000000004,310.07761052
13,41,23,LT05_023030_20110713,0.08204,0.11404999999999998,0.1080275,0.29128750000000003,308.52241142
14,41,24,LT05_023030_20110713,0.12892750000000003,0.1769425,0.1837625,0.24352000000000001,309.51363721999996
15,41,25,LT05_023030_20110713,0.1386075,0.16915999999999998,0.18686999999999998,0.2471775,310.07077447999995
16,41,26,LT05_023030_20110713,0.11726750000000002,0.16132249999999998,0.16179,0.2839725,310.07077447999995
17,41,27,LT05_023030_20110713,0.08990500000000001,0.12197000000000002,0.13024750000000002,0.29863,310.07077447999995
18,41,28,LT05_023030_20110713,0.08990500000000001,0.12197000000000002,0.13024750000000002,0.29863,310.07077447999995
21,42,23,LT05_023030_20110713,0.08401999999999998,0.11801,0.11124499999999998,0.28763,308.73091064
22,42,24,LT05_023030_20110713,0.11338999999999999,0.14955249999999998,0.15235749999999998,0.21764250000000002,309.70846436
23,42,25,LT05_023030_20110713,0.109485,0.14168750000000002,0.15549249999999998,0.22506750000000003,310.26560162
24,42,26,LT05_023030_20110713,0.109485,0.133795,0.13970749999999998,0.22506750000000003,310.26560162
25,42,27,LT05_023030_20110713,0.08204,0.11009000000000002,0.1080275,0.24352000000000001,310.26560162
26,42,28,LT05_023030_20110713,0.08204,0.11009000000000002,0.1080275,0.24352000000000001,310.26560162
27,42,29,LT05_023030_20110713,0.08795249999999999,0.11801,0.127085,0.28763,309.58883366
29,43,23,LT05_023030_20110713,0.07016,0.10214250000000002,0.09532249999999998,0.2839725,309.28462988
30,43,24,LT05_023030_20110713,0.1016475,0.12197000000000002,0.12389499999999998,0.1917375,310.26560162
31,43,25,LT05_023030_20110713,0.07018750000000001,0.10610249999999999,0.10167500000000002,0.254575,310.26560162
32,43,26,LT05_023030_20110713,0.07213999999999998,0.09416750000000002,0.0985125,0.22875250000000003,310.26218359999996
33,43,27,LT05_023030_20110713,0.0662275,0.09017999999999998,0.08256249999999998,0.254575,310.25876558
34,43,28,LT05_023030_20110713,0.0662275,0.09017999999999998,0.08256249999999998,0.254575,310.25876558
35,43,29,LT05_023030_20110713,0.0721675,0.10610249999999999,0.10167500000000002,0.27660250000000003,309.58541564
37,44,23,LT05_023030_20110713,0.062267499999999976,0.0861925,0.07937250000000001,0.280315,309.28462988
38,44,24,LT05_023030_20110713,0.08597250000000001,0.10610249999999999,0.11121750000000002,0.1731475,310.26560162
39,44,25,LT05_023030_20110713,0.07213999999999998,0.10610249999999999,0.0985125,0.23983500000000002,310.26218359999996
40,44,26,LT05_023030_20110713,0.05431999999999998,0.07818999999999998,0.06974750000000002,0.23243750000000002,310.25876558
41,44,27,LT05_023030_20110713,0.05630000000000002,0.07818999999999998,0.07615499999999997,0.22138249999999998,309.70162832
42,44,28,LT05_023030_20110713,0.062267499999999976,0.09017999999999998,0.08256249999999998,0.23983500000000002,309.6982103
43,44,29,LT05_023030_20110713,0.062267499999999976,0.09017999999999998,0.0921325,0.254575,309.58541564
44,44,30,LT05_023030_20110713,0.07412000000000002,0.10610249999999999,0.11437999999999998,0.27660250000000003,310.1425529
45,45,27,LT05_023030_20110713,0.07016,0.09416750000000002,0.0921325,0.22138249999999998,309.6982103
46,45,28,LT05_023030_20110713,0.08399250000000003,0.10610249999999999,0.1080275,0.25826,309.6982103
47,45,29,LT05_023030_20110713,0.08399250000000003,0.10610249999999999,0.1080275,0.29863,309.58541564
2,39,23,LT05_023030_20110729,0.10128999999999999,0.13230999999999998,0.14548250000000001,0.2092275,309.78707882000003
3,39,24,LT05_023030_20110729,0.121365,0.1608,0.17152499999999998,0.2131325,310.20749528
4,39,25,LT05_023030_20110729,0.08715499999999998,0.13230999999999998,0.14223750000000002,0.228615,310.20749528
6,40,23,LT05_023030_20110729,0.06281749999999997,0.09116999999999997,0.08644000000000002,0.267225,310.40232242
7,40,24,LT05_023030_20110729,0.12334499999999998,0.1445475,0.15527249999999998,0.251825,310.8261569
8,40,25,LT05_023030_20110729,0.08514749999999999,0.13230999999999998,0.12914750000000003,0.271075,311.44481852
9,40,26,LT05_023030_20110729,0.07301999999999997,0.09944750000000002,0.09958499999999998,0.2865025,311.44481852
10,40,27,LT05_023030_20110729,0.07301999999999997,0.09944750000000002,0.09958499999999998,0.278775,311.44481852
11,40,28,LT05_023030_20110729,0.07301999999999997,0.09944750000000002,0.09958499999999998,0.278775,311.44481852
13,41,23,LT05_023030_20110729,0.0443925,0.06215749999999998,0.06328499999999998,0.23637000000000002,311.01756602
14,41,24,LT05_023030_20110729,0.10931999999999997,0.15268749999999998,0.16176249999999998,0.224765,312.05664409999997
15,41,25,LT05_023030_20110729,0.11932999999999999,0.1608,0.17476999999999998,0.228615,312.05664409999997
16,41,26,LT05_023030_20110729,0.097275,0.1363525,0.14223750000000002,0.255675,312.05664409999997
17,41,27,LT05_023030_20110729,0.07502750000000002,0.09944750000000002,0.102885,0.2517975,311.4414005
18,41,28,LT05_023030_20110729,0.07502750000000002,0.09944750000000002,0.102885,0.2517975,311.4414005
21,42,23,LT05_023030_20110729,0.058719999999999994,0.07873999999999998,0.07981250000000001,0.278775,311.2192292
22,42,24,LT05_023030_20110729,0.0992825,0.14045000000000002,0.14875500000000003,0.21700999999999998,312.25147124
23,42,25,LT05_023030_20110729,0.09931000000000001,0.12411499999999998,0.13241999999999998,0.2092275,312.24805322
24,42,26,LT05_023030_20110729,0.091225,0.13230999999999998,0.13566499999999998,0.224765,312.24805322
25,42,27,LT05_023030_20110729,0.0709575,0.09532249999999998,0.08644000000000002,0.23637000000000002,312.24805322
26,42,28,LT05_023030_20110729,0.0709575,0.09532249999999998,0.08644000000000002,0.23637000000000002,312.24805322
27,42,29,LT05_023030_20110729,0.07703500000000002,0.09532249999999998,0.102885,0.2363425,311.51659694
29,43,23,LT05_023030_20110729,0.0689225,0.09116999999999997,0.0930125,0.267225,311.83105478
30,43,24,LT05_023030_20110729,0.0992825,0.13230999999999998,0.138965,0.22088750000000001,312.24805322
31,43,25,LT05_023030_20110729,0.05874750000000001,0.09116999999999997,0.08644000000000002,0.2479475,312.8598788
32,43,26,LT05_023030_20110729,0.060755,0.09116999999999997,0.08971249999999997,0.2324925,312.8598788
33,43,27,LT05_023030_20110729,0.05874750000000001,0.07876749999999999,0.07651249999999998,0.255675,312.24121718000004
34,43,28,LT05_023030_20110729,0.05874750000000001,0.07876749999999999,0.07651249999999998,0.255675,312.24121718000004
35,43,29,LT05_023030_20110729,0.05874750000000001,0.0870725,0.08644000000000002,0.259525,312.12842251999996
37,44,23,LT05_023030_20110729,0.046454999999999996,0.07046249999999998,0.066585,0.259525,311.83105478
38,44,24,LT05_023030_20110729,0.09724749999999999,0.12411499999999998,0.13566499999999998,0.2324925,312.8598788
39,44,25,LT05_023030_20110729,0.060755,0.0870725,0.08971249999999997,0.2324925,312.8598788
40,44,26,LT05_023030_20110729,0.04032250000000001,0.07046249999999998,0.0633125,0.24022,312.85646078
41,44,27,LT05_023030_20110729,0.05261500000000002,0.07876749999999999,0.07323999999999997,0.259525,312.24121718000004
42,44,28,LT05_023030_20110729,0.04851749999999999,0.07046249999999998,0.07323999999999997,0.24022,312.23779916
43,44,29,LT05_023030_20110729,0.04851749999999999,0.07046249999999998,0.06991249999999999,0.24022,312.12842251999996
44,44,30,LT05_023030_20110729,0.06485249999999998,0.0870725,0.08971249999999997,0.2363425,312.12842251999996
45,45,27,LT05_023030_20110729,0.05874750000000001,0.08292,0.08313999999999999,0.24409750000000002,312.85304276
46,45,28,LT05_023030_20110729,0.0505525,0.0663375,0.0633125,0.23637000000000002,312.23779916
47,45,29,LT05_023030_20110729,0.05261500000000002,0.0746425,0.07651249999999998,0.255675,312.12842251999996
2,39,23,LT05_023030_20110915,0.08803499999999997,0.1138575,0.13024750000000002,0.189235,296.77125866
3,39,24,LT05_023030_20110915,0.10373749999999998,0.14586749999999998,0.15574,0.193415,297.19851116
4,39,25,LT05_023030_20110915,0.09477249999999998,0.12760749999999998,0.1375075,0.18511,297.19851116
6,40,23,LT05_023030_20110915,0.05863750000000001,0.07706249999999998,0.07893250000000002,0.23906500000000003,297.26345354
7,40,24,LT05_023030_20110915,0.11938500000000002,0.14586749999999998,0.1484525,0.2099975,297.19851116
8,40,25,LT05_023030_20110915,0.07673249999999998,0.109265,0.11927500000000002,0.222455,297.19851116
9,40,26,LT05_023030_20110915,0.05863750000000001,0.08171,0.08627499999999999,0.24319000000000002,297.19851116
10,40,27,LT05_023030_20110915,0.06771250000000001,0.090895,0.08995999999999998,0.24319000000000002,297.69070604
11,40,28,LT05_023030_20110915,0.06771250000000001,0.090895,0.08995999999999998,0.24319000000000002,297.69070604
13,41,23,LT05_023030_20110915,0.05635499999999999,0.06785000000000002,0.07527499999999998,0.193415,297.26345354
14,41,24,LT05_023030_20110915,0.10596499999999998,0.1367375,0.14116499999999998,0.18511,297.69070604
15,41,25,LT05_023030_20110915,0.11270249999999998,0.150405,0.16663,0.20172,297.69070604
16,41,26,LT05_023030_20110915,0.09477249999999998,0.13219999999999998,0.13024750000000002,0.222455,298.18290092
17,41,27,LT05_023030_20110915,0.06996750000000002,0.10010750000000002,0.09730250000000001,0.23491250000000002,298.18290092
18,41,28,LT05_023030_20110915,0.06996750000000002,0.10010750000000002,0.09730250000000001,0.23491250000000002,298.18290092
21,42,23,LT05_023030_20110915,0.05863750000000001,0.06785000000000002,0.07527499999999998,0.2099975,297.9573116
22,42,24,LT05_023030_20110915,0.09026250000000002,0.12301499999999999,0.133905,0.18508249999999998,298.37431003999995
23,42,25,LT05_023030_20110915,0.08803499999999997,0.11847750000000001,0.13024750000000002,0.1975675,298.37431003999995
24,42,26,LT05_023030_20110915,0.08127000000000001,0.11388500000000001,0.1229325,0.2099975,298.37431003999995
25,42,27,LT05_023030_20110915,0.07222250000000002,0.10010750000000002,0.10464499999999999,0.2099975,298.37431003999995
26,42,28,LT05_023030_20110915,0.07222250000000002,0.10010750000000002,0.10464499999999999,0.2099975,298.37431003999995
27,42,29,LT05_023030_20110915,0.07222250000000002,0.09092250000000002,0.10464499999999999,0.20172,298.26835142
29,43,23,LT05_023030_20110915,0.07222250000000002,0.09092250000000002,0.09364499999999998,0.2555925,297.9573116
30,43,24,LT05_023030_20110915,0.08352500000000002,0.12760749999999998,0.1375075,0.1975675,298.86650492
31,43,25,LT05_023030_20110915,0.0632025,0.07706249999999998,0.08261750000000001,0.21833000000000002,298.86650492
32,43,26,LT05_023030_20110915,0.05863750000000001,0.09551500000000002,0.09730250000000001,0.21833000000000002,298.86650492
33,43,27,LT05_023030_20110915,0.05863750000000001,0.07244250000000002,0.067905,0.2099975,298.86650492
34,43,28,LT05_023030_20110915,0.05863750000000001,0.07244250000000002,0.067905,0.2099975,298.86650492
35,43,29,LT05_023030_20110915,0.060892500000000016,0.07706249999999998,0.08261750000000001,0.21417750000000002,298.26835142
37,44,23,LT05_023030_20110915,0.051817500000000016,0.06785000000000002,0.067905,0.1975675,297.9573116
38,44,24,LT05_023030_20110915,0.08578000000000002,0.13219999999999998,0.14482250000000002,0.193415,298.37431003999995
39,44,25,LT05_023030_20110915,0.060892500000000016,0.07244250000000002,0.08261750000000001,0.1975675,298.86650492
40,44,26,LT05_023030_20110915,0.03814999999999999,0.07244250000000002,0.07527499999999998,0.2099975,298.86650492
41,44,27,LT05_023030_20110915,0.051817500000000016,0.07244250000000002,0.07158999999999999,0.20172,298.37431003999995
42,44,28,LT05_023030_20110915,0.05409999999999998,0.07244250000000002,0.07158999999999999,0.2058725,298.37431003999995
43,44,29,LT05_023030_20110915,0.05409999999999998,0.07706249999999998,0.08261750000000001,0.21833000000000002,298.26835142
44,44,30,LT05_023030_20110915,0.07450499999999999,0.0863025,0.09730250000000001,0.20172,297.77615654
45,45,27,LT05_023030_20110915,0.05409999999999998,0.07244250000000002,0.067905,0.20172,298.37431003999995
46,45,28,LT05_023030_20110915,0.05635499999999999,0.07244250000000002,0.07158999999999999,0.2058725,298.37431003999995
47,45,29,LT05_023030_20110915,0.05866500000000002,0.0863025,0.08995999999999998,0.222455,298.26835142
2,39,23,LT05_023030_20111017,0.08990500000000001,0.11669000000000002,0.12130999999999997,0.18516500000000002,291.55536014
3,39,24,LT05_023030_20111017,0.10351749999999998,0.138855,0.14339249999999998,0.1800775,292.47480752
4,39,25,LT05_023030_20111017,0.08723750000000002,0.12224499999999999,0.13013750000000002,0.1902525,292.47480752
6,40,23,LT05_023030_20111017,0.05434749999999999,0.08335999999999999,0.08138000000000001,0.2208325,292.0612271
7,40,24,LT05_023030_20111017,0.10351749999999998,0.14988249999999997,0.16542,0.200455,292.47480752
8,40,25,LT05_023030_20111017,0.07904250000000002,0.10560750000000002,0.11685499999999999,0.2157175,292.47480752
9,40,26,LT05_023030_20111017,0.06259749999999997,0.08335999999999999,0.085835,0.23100749999999998,292.47480752
10,40,27,LT05_023030_20111017,0.06262499999999999,0.09449750000000001,0.09471750000000001,0.23100749999999998,292.47480752
11,40,28,LT05_023030_20111017,0.06262499999999999,0.09449750000000001,0.09471750000000001,0.23100749999999998,292.47480752
13,41,23,LT05_023030_20111017,0.05709750000000002,0.08335999999999999,0.08138000000000001,0.17498999999999998,292.0612271
14,41,24,LT05_023030_20111017,0.10079500000000002,0.14438250000000002,0.15661999999999998,0.1800775,292.47480752
15,41,25,LT05_023030_20111017,0.11707499999999998,0.14438250000000002,0.1521925,0.18516500000000002,292.47480752
16,41,26,LT05_023030_20111017,0.0953775,0.11669000000000002,0.1257375,0.21062999999999998,292.47480752
17,41,27,LT05_023030_20111017,0.06262499999999999,0.09449750000000001,0.0991725,0.20557000000000003,292.47480752
18,41,28,LT05_023030_20111017,0.06262499999999999,0.09449750000000001,0.0991725,0.20557000000000003,292.47480752
21,42,23,LT05_023030_20111017,0.05434749999999999,0.07219500000000001,0.07249749999999999,0.17498999999999998,292.25947226
22,42,24,LT05_023030_20111017,0.09265499999999999,0.12780000000000002,0.13899250000000002,0.16476000000000002,292.65938059999996
23,42,25,LT05_023030_20111017,0.084515,0.1111625,0.12130999999999997,0.1800775,292.65938059999996
24,42,26,LT05_023030_20111017,0.07357000000000002,0.09449750000000001,0.10357250000000001,0.17496250000000002,292.65938059999996
25,42,27,LT05_023030_20111017,0.06809749999999998,0.08894249999999998,0.09471750000000001,0.169875,292.65938059999996
26,42,28,LT05_023030_20111017,0.06809749999999998,0.08894249999999998,0.09471750000000001,0.169875,292.65938059999996
27,42,29,LT05_023030_20111017,0.06537500000000002,0.08894249999999998,0.09028999999999998,0.1851375,292.044137
29,43,23,LT05_023030_20111017,0.0653475,0.10558000000000001,0.10799999999999998,0.2208325,292.25947226
30,43,24,LT05_023030_20111017,0.09265499999999999,0.1111625,0.11685499999999999,0.19536750000000003,292.65938059999996
31,43,25,LT05_023030_20111017,0.04884749999999999,0.08335999999999999,0.08138000000000001,0.20557000000000003,292.65938059999996
32,43,26,LT05_023030_20111017,0.05987500000000001,0.0777775,0.08140750000000002,0.18516500000000002,292.65938059999996
33,43,27,LT05_023030_20111017,0.05987500000000001,0.0777775,0.08140750000000002,0.1800775,292.15009562
34,43,28,LT05_023030_20111017,0.05987500000000001,0.0777775,0.08140750000000002,0.1800775,292.15009562
35,43,29,LT05_023030_20111017,0.05437500000000001,0.0777775,0.07697999999999999,0.1902525,292.044137
37,44,23,LT05_023030_20111017,0.05159750000000002,0.07219500000000001,0.07249749999999999,0.16476000000000002,291.75018728
38,44,24,LT05_023030_20111017,0.09265499999999999,0.1111625,0.11685499999999999,0.200455,292.15009562
39,44,25,LT05_023030_20111017,0.05434749999999999,0.08335999999999999,0.08138000000000001,0.200455,292.15009562
40,44,26,LT05_023030_20111017,0.046097499999999986,0.061002500000000015,0.05915999999999999,0.1902525,292.15009562
41,44,27,LT05_023030_20111017,0.051624999999999976,0.07219500000000001,0.072525,0.21062999999999998,292.15009562
42,44,28,LT05_023030_20111017,0.046097499999999986,0.06661250000000002,0.06807000000000002,0.1902525,292.1466776
43,44,29,LT05_023030_20111017,0.046125,0.061002500000000015,0.06364249999999999,0.20554250000000002,292.044137
44,44,30,LT05_023030_20111017,0.05437500000000001,0.0777775,0.08140750000000002,0.200455,292.044137
45,45,27,LT05_023030_20111017,0.06262499999999999,0.0777775,0.085835,0.18516500000000002,292.1466776
46,45,28,LT05_023030_20111017,0.051624999999999976,0.07219500000000001,0.07697999999999999,0.1851375,292.1466776
47,45,29,LT05_023030_20111017,0.046125,0.06661250000000002,0.072525,0.20554250000000002,292.044137
14,41,24,LE07_023030_20070304,0.21239000000000002,0.2224275,0.2381025,0.24165000000000003,275.54193644
2,39,23,LE07_023030_20070320,0.09502,0.10585499999999998,0.12452750000000001,0.13792,282.3369602
3,39,24,LE07_023030_20070320,0.09061999999999998,0.10827500000000001,0.12020999999999998,0.128955,282.72661447999997
4,39,25,LE07_023030_20070320,0.09061999999999998,0.11066749999999997,0.12452750000000001,0.146885,282.72661447999997
6,40,23,LE07_023030_20070320,0.07524750000000002,0.08179249999999999,0.08575250000000001,0.11996250000000003,283.0376543
7,40,24,LE07_023030_20070320,0.09942000000000001,0.11784499999999998,0.1373975,0.146885,284.12800268
8,40,25,LE07_023030_20070320,0.09942000000000001,0.12502249999999998,0.14171499999999998,0.164815,284.12800268
9,40,26,LE07_023030_20070320,0.09721999999999997,0.11784499999999998,0.12881749999999997,0.164815,284.47664072
10,40,27,LE07_023030_20070320,0.10379250000000001,0.11784499999999998,0.13096249999999998,0.164815,284.47664072
11,40,28,LE07_023030_20070320,0.10379250000000001,0.11784499999999998,0.13096249999999998,0.164815,284.47664072
13,41,23,LE07_023030_20070320,0.0685925,0.08179249999999999,0.09653250000000002,0.128955,284.42878844
14,41,24,LE07_023030_20070320,0.10379250000000001,0.127415,0.146005,0.15585,285.5157188
15,41,25,LE07_023030_20070320,0.10819250000000002,0.12983499999999998,0.146005,0.164815,285.5157188
16,41,26,LE07_023030_20070320,0.09942000000000001,0.12502249999999998,0.1352525,0.18717250000000002,285.5157188
17,41,27,LE07_023030_20070320,0.09942000000000001,0.1202375,0.1331075,0.18717250000000002,285.5157188
18,41,28,LE07_023030_20070320,0.09942000000000001,0.1202375,0.1331075,0.18717250000000002,285.5157188
21,42,23,LE07_023030_20070320,0.0685925,0.07456000000000002,0.08357999999999999,0.11996250000000003,285.10555639999995
22,42,24,LE07_023030_20070320,0.09282000000000001,0.11066749999999997,0.12667250000000002,0.13792,286.17197864
23,42,25,LE07_023030_20070320,0.09721999999999997,0.11306,0.12452750000000001,0.1513675,286.17197864
24,42,26,LE07_023030_20070320,0.08844750000000001,0.11066749999999997,0.12020999999999998,0.15585,286.17197864
25,42,27,LE07_023030_20070320,0.09061999999999998,0.10827500000000001,0.12020999999999998,0.1513675,285.82675861999996
26,42,28,LE07_023030_20070320,0.09061999999999998,0.10827500000000001,0.12020999999999998,0.1513675,285.82675861999996
27,42,29,LE07_023030_20070320,0.07301999999999997,0.0866325,0.09867749999999997,0.1334375,284.94832748
29,43,23,LE07_023030_20070320,0.0685925,0.07937250000000001,0.09004250000000003,0.128955,285.10555639999995
30,43,24,LE07_023030_20070320,0.09061999999999998,0.11306,0.12452750000000001,0.16030499999999998,286.17197864
31,43,25,LE07_023030_20070320,0.0840475,0.09865000000000002,0.11592000000000002,0.16030499999999998,286.51036262
32,43,26,LE07_023030_20070320,0.07522000000000001,0.09141749999999998,0.10296749999999999,0.146885,286.17197864
33,43,27,LE07_023030_20070320,0.07962000000000002,0.08899750000000001,0.09653250000000002,0.13792,285.82675861999996
34,43,28,LE07_023030_20070320,0.07962000000000002,0.08899750000000001,0.09653250000000002,0.13792,285.82675861999996
35,43,29,LE07_023030_20070320,0.06419249999999999,0.07213999999999998,0.0771175,0.10203250000000003,284.94832748
37,44,23,LE07_023030_20070320,0.0774475,0.08899750000000001,0.10516750000000002,0.1424025,285.4473584
38,44,24,LE07_023030_20070320,0.09942000000000001,0.12980750000000002,0.14171499999999998,0.17823499999999998,286.51036262
39,44,25,LE07_023030_20070320,0.08624749999999998,0.10346250000000001,0.12452750000000001,0.17375249999999998,286.51036262
40,44,26,LE07_023030_20070320,0.0685925,0.08899750000000001,0.09867749999999997,0.1513675,286.17197864
41,44,27,LE07_023030_20070320,0.07522000000000001,0.08179249999999999,0.09004250000000003,0.13792,285.48495662
42,44,28,LE07_023030_20070320,0.057510000000000006,0.06003999999999998,0.06411,0.08855750000000001,284.79451658
43,44,29,LE07_023030_20070320,0.048655000000000004,0.050360000000000016,0.055475,0.07505499999999998,284.25446941999996
44,44,30,LE07_023030_20070320,0.0508825,0.06003999999999998,0.06196499999999999,0.08407500000000001,283.9092494
45,45,27,LE07_023030_20070320,0.07522000000000001,0.0866325,0.09436,0.13792,285.1397366
46,45,28,LE07_023030_20070320,0.06419249999999999,0.06972,0.07494499999999998,0.10651500000000003,284.79451658
47,45,29,LE07_023030_20070320,0.05530999999999997,0.06003999999999998,0.05979249999999997,0.09755000000000003,284.60310746
2,39,23,LE07_023030_20070405,0.11295,0.14336500000000002,0.152055,0.18653999999999998,283.61529968
3,39,24,LE07_023030_20070405,0.114985,0.13888250000000002,0.16602499999999998,0.1824425,284.00837198
4,39,25,LE07_023030_20070405,0.10483749999999997,0.132145,0.152055,0.19479000000000002,284.00837198
6,40,23,LE07_023030_20070405,0.07629249999999999,0.10057500000000003,0.115975,0.18653999999999998,285.33798176
7,40,24,LE07_023030_20070405,0.10687249999999998,0.13888250000000002,0.15604250000000003,0.19066500000000003,285.73789009999996
8,40,25,LE07_023030_20070405,0.10483749999999997,0.1254075,0.14405250000000003,0.19066500000000003,285.04745005999996
9,40,26,LE07_023030_20070405,0.10076750000000001,0.1254075,0.14204499999999998,0.198915,285.04745005999996
10,40,27,LE07_023030_20070405,0.10687249999999998,0.12991750000000002,0.14804,0.2153875,285.04745005999996
11,40,28,LE07_023030_20070405,0.10687249999999998,0.12991750000000002,0.14804,0.2153875,285.04745005999996
13,41,23,LE07_023030_20070405,0.07010499999999997,0.08470749999999999,0.08982249999999997,0.16591499999999998,285.33456374
14,41,24,LE07_023030_20070405,0.1109425,0.14113750000000003,0.152055,0.1824425,287.09826206
15,41,25,LE07_023030_20070405,0.10687249999999998,0.1276625,0.15007500000000001,0.1824425,286.0796921
16,41,26,LE07_023030_20070405,0.0987325,0.11636000000000002,0.13802999999999999,0.20713750000000003,285.39267008
17,41,27,LE07_023030_20070405,0.09059250000000002,0.11410500000000001,0.122025,0.20713750000000003,285.39267008
18,41,28,LE07_023030_20070405,0.09059250000000002,0.11410500000000001,0.122025,0.20713750000000003,285.39267008
21,42,23,LE07_023030_20070405,0.06191000000000002,0.07560499999999998,0.08379999999999999,0.14526250000000002,285.6695297
22,42,24,LE07_023030_20070405,0.10483749999999997,0.12089749999999999,0.140065,0.16179,286.7291159
23,42,25,LE07_023030_20070405,0.09059250000000002,0.11636000000000002,0.12601250000000003,0.16179,286.04892992
24,42,26,LE07_023030_20070405,0.09059250000000002,0.109595,0.12400499999999998,0.17419250000000003,285.70712792
25,42,27,LE07_023030_20070405,0.08853,0.10282999999999998,0.11196,0.17831750000000002,285.70712792
26,42,28,LE07_023030_20070405,0.08853,0.10282999999999998,0.11196,0.17831750000000002,285.70712792
27,42,29,LE07_023030_20070405,0.0803625,0.10054750000000001,0.10995250000000001,0.19479000000000002,285.17049878
29,43,23,LE07_023030_20070405,0.06188250000000001,0.08245249999999998,0.08982249999999997,0.14526250000000002,286.00791368
30,43,24,LE07_023030_20070405,0.09669749999999999,0.11185,0.12802000000000002,0.17006749999999998,286.04892992
31,43,25,LE07_023030_20070405,0.07213999999999998,0.0982925,0.10593750000000002,0.1824425,285.70712792
32,43,26,LE07_023030_20070405,0.0742025,0.08924500000000002,0.10593750000000002,0.16591499999999998,285.36532592000003
33,43,27,LE07_023030_20070405,0.07829999999999998,0.09150000000000003,0.09788000000000002,0.17006749999999998,285.36532592000003
34,43,28,LE07_023030_20070405,0.07829999999999998,0.09150000000000003,0.09788000000000002,0.17006749999999998,285.36532592000003
35,43,29,LE07_023030_20070405,0.0742025,0.09378249999999999,0.10192250000000003,0.198915,285.51230078000003
37,44,23,LE07_023030_20070405,0.06807000000000002,0.08699000000000001,0.09386499999999998,0.1535125,285.6695297
38,44,24,LE07_023030_20070405,0.0987325,0.11864249999999998,0.1340425,0.19479000000000002,285.70712792
39,44,25,LE07_023030_20070405,0.07213999999999998,0.09378249999999999,0.09788000000000002,0.20713750000000003,285.36532592000003
40,44,26,LE07_023030_20070405,0.06391750000000002,0.07560499999999998,0.08982249999999997,0.17419250000000003,285.0201059
41,44,27,LE07_023030_20070405,0.0680425,0.0869625,0.09183000000000002,0.1824425,285.0201059
42,44,28,LE07_023030_20070405,0.06597999999999998,0.0801425,0.08781499999999998,0.157665,285.70712792
43,44,29,LE07_023030_20070405,0.06597999999999998,0.0801425,0.08979500000000001,0.17419250000000003,285.17049878
44,44,30,LE07_023030_20070405,0.0680425,0.09378249999999999,0.09988750000000002,0.198915,285.17049878
45,45,27,LE07_023030_20070405,0.06597999999999998,0.0869625,0.09788000000000002,0.19066500000000003,285.0201059
46,45,28,LE07_023030_20070405,0.07007750000000001,0.0869625,0.08979500000000001,0.198915,285.3619079
47,45,29,LE07_023030_20070405,0.07007750000000001,0.08242500000000003,0.08979500000000001,0.2318325,285.17049878
2,39,23,LE07_023030_20070421,0.11726750000000002,0.1468025,0.16674,0.1964125,300.54817076
3,39,24,LE07_023030_20070421,0.11726750000000002,0.14886500000000003,0.16858250000000002,0.18852000000000002,300.97884128
4,39,25,LE07_023030_20070421,0.10591,0.13638,0.15928750000000003,0.20031749999999998,301.30355318
6,40,23,LE07_023030_20070421,0.0753025,0.10291250000000002,0.11446250000000002,0.1964125,301.84701836
7,40,24,LE07_023030_20070421,0.11349999999999999,0.1384975,0.1648425,0.19638499999999998,302.60240078
8,40,25,LE07_023030_20070421,0.10591,0.13638,0.1462525,0.20031749999999998,302.60240078
9,40,26,LE07_023030_20070421,0.10211500000000001,0.12804749999999998,0.1462525,0.212115,301.956395
10,40,27,LE07_023030_20070421,0.09642250000000002,0.1322275,0.1555475,0.2317225,301.62826508
11,40,28,LE07_023030_20070421,0.09642250000000002,0.1322275,0.1555475,0.2317225,301.62826508
13,41,23,LE07_023030_20070421,0.0772275,0.09243499999999999,0.10318749999999999,0.17273500000000003,303.45006974
14,41,24,LE07_023030_20070421,0.10588249999999999,0.13638,0.15180749999999998,0.17666749999999998,303.8875763
15,41,25,LE07_023030_20070421,0.10973250000000001,0.13429000000000002,0.15180749999999998,0.1884925,303.56628242
16,41,26,LE07_023030_20070421,0.10021750000000001,0.13011,0.138745,0.2160475,302.92369466
17,41,27,LE07_023030_20070421,0.09070250000000002,0.11135499999999998,0.1275525,0.2278175,302.60240078
18,41,28,LE07_023030_20070421,0.09070250000000002,0.11135499999999998,0.1275525,0.2278175,302.60240078
21,42,23,LE07_023030_20070421,0.06185499999999999,0.079785,0.08624749999999998,0.1648425,303.75769154
22,42,24,LE07_023030_20070421,0.09254499999999999,0.1259575,0.13316250000000002,0.16880250000000002,304.17468998
23,42,25,LE07_023030_20070421,0.0982925,0.11135499999999998,0.138745,0.164815,303.8533961
24,42,26,LE07_023030_20070421,0.09449750000000001,0.12177749999999998,0.12565500000000002,0.1884925,303.8533961
25,42,27,LE07_023030_20070421,0.08498250000000002,0.10505750000000003,0.1163325,0.192425,303.53552024
26,42,28,LE07_023030_20070421,0.08498250000000002,0.10505750000000003,0.1163325,0.192425,303.53552024
27,42,29,LE07_023030_20070421,0.08498250000000002,0.10505750000000003,0.11069499999999999,0.20815499999999998,302.35972136
29,43,23,LE07_023030_20070421,0.06378,0.08190249999999999,0.09755000000000003,0.16088249999999998,303.75769154
30,43,24,LE07_023030_20070421,0.0925725,0.1134175,0.1294225,0.168775,304.17468998
31,43,25,LE07_023030_20070421,0.08110499999999998,0.10711999999999999,0.12565500000000002,0.1845325,303.8533961
32,43,26,LE07_023030_20070421,0.079235,0.09455249999999998,0.108825,0.17664000000000002,303.53552024
33,43,27,LE07_023030_20070421,0.079235,0.09876000000000001,0.103215,0.18059999999999998,303.21422636
34,43,28,LE07_023030_20070421,0.079235,0.09876000000000001,0.103215,0.18059999999999998,303.21422636
35,43,29,LE07_023030_20070421,0.07926250000000001,0.10505750000000003,0.10698249999999998,0.20815499999999998,303.00230912
37,44,23,LE07_023030_20070421,0.06763000000000002,0.09452500000000003,0.09942000000000001,0.164815,303.43981568000004
38,44,24,LE07_023030_20070421,0.09639500000000001,0.11759750000000002,0.13129249999999998,0.20422250000000003,304.49256584
39,44,25,LE07_023030_20070421,0.07728249999999998,0.10711999999999999,0.11446250000000002,0.2199525,303.8533961
40,44,26,LE07_023030_20070421,0.0657875,0.07981250000000001,0.09194000000000002,0.192425,302.89293248
41,44,27,LE07_023030_20070421,0.07156249999999997,0.08828249999999999,0.09383750000000002,0.1923975,302.89293248
42,44,28,LE07_023030_20070421,0.07346000000000003,0.08616499999999999,0.0957075,0.1727075,302.89293248
43,44,29,LE07_023030_20070421,0.06389,0.08616499999999999,0.09383750000000002,0.1766125,303.00230912
44,44,30,LE07_023030_20070421,0.06966499999999998,0.09669749999999999,0.09757749999999998,0.21992499999999998,303.32018498
45,45,27,LE07_023030_20070421,0.07346000000000003,0.09037250000000002,0.09944750000000002,0.20419500000000002,302.89293248
46,45,28,LE07_023030_20070421,0.06963750000000002,0.08828249999999999,0.09757749999999998,0.20815499999999998,302.89293248
47,45,29,LE07_023030_20070421,0.06196499999999999,0.0777775,0.0882,0.23953249999999998,302.68101523999997
2,39,23,LE07_023030_20070507,0.1230425,0.15191749999999998,0.168445,0.22471000000000002,293.23018994
3,39,24,LE07_023030_20070507,0.1230425,0.15403499999999998,0.17218499999999998,0.2207225,293.6164262
4,39,25,LE07_023030_20070507,0.11913750000000001,0.15403499999999998,0.168445,0.23661749999999998,293.19942776
6,40,23,LE07_023030_20070507,0.10156500000000002,0.12433499999999997,0.13082500000000002,0.236645,294.05051474
7,40,24,LE07_023030_20070507,0.11525999999999997,0.14771,0.15906750000000003,0.236645,294.44016902
8,40,25,LE07_023030_20070507,0.11132750000000002,0.13497750000000003,0.14963500000000002,0.24456500000000003,294.02658859999997
9,40,26,LE07_023030_20070507,0.11132750000000002,0.13712249999999998,0.1439975,0.2603775,293.6164262
10,40,27,LE07_023030_20070507,0.11718499999999998,0.1455925,0.15153250000000001,0.2643375,293.19942776
11,40,28,LE07_023030_20070507,0.11718499999999998,0.1455925,0.15153250000000001,0.2643375,293.19942776
13,41,23,LE07_023030_20070507,0.08193,0.10087750000000001,0.10808250000000003,0.21676250000000002,294.46067714000003
14,41,24,LE07_023030_20070507,0.11911,0.1455925,0.15906750000000003,0.2207225,295.2570758
15,41,25,LE07_023030_20070507,0.11718499999999998,0.1498275,0.170315,0.2286975,294.8469134
16,41,26,LE07_023030_20070507,0.11913750000000001,0.14133,0.1628075,0.248525,294.44016902
17,41,27,LE07_023030_20070507,0.10547000000000001,0.13712249999999998,0.1477925,0.256445,294.44016902
18,41,28,LE07_023030_20070507,0.10547000000000001,0.13712249999999998,0.1477925,0.256445,294.44016902
21,42,23,LE07_023030_20070507,0.07992250000000001,0.102995,0.10808250000000003,0.21676250000000002,294.85716746
22,42,24,LE07_023030_20070507,0.11325249999999998,0.13709500000000002,0.15716999999999998,0.19685249999999999,296.44654676
23,42,25,LE07_023030_20070507,0.10351749999999998,0.13283250000000002,0.1439975,0.2207225,296.03980237999997
24,42,26,LE07_023030_20070507,0.10940250000000001,0.128625,0.1439975,0.236645,295.633058
25,42,27,LE07_023030_20070507,0.09768749999999998,0.12647999999999998,0.13835999999999998,0.2405775,295.22631362
26,42,28,LE07_023030_20070507,0.09768749999999998,0.12647999999999998,0.13835999999999998,0.2405775,295.22631362
27,42,29,LE07_023030_20070507,0.09768749999999998,0.13074249999999998,0.132695,0.2603775,295.03832252
29,43,23,LE07_023030_20070507,0.07992250000000001,0.10943000000000003,0.11187750000000002,0.22473749999999998,294.85716746
30,43,24,LE07_023030_20070507,0.11325249999999998,0.13709500000000002,0.1439975,0.21676250000000002,296.44312874
31,43,25,LE07_023030_20070507,0.10156500000000002,0.128625,0.1345925,0.252485,296.03980237999997
32,43,26,LE07_023030_20070507,0.091775,0.12009999999999998,0.12892750000000003,0.236645,295.22631362
33,43,27,LE07_023030_20070507,0.091775,0.11583749999999998,0.12516,0.24456500000000003,294.81956923999996
34,43,28,LE07_023030_20070507,0.091775,0.11583749999999998,0.12516,0.24456500000000003,294.81956923999996
35,43,29,LE07_023030_20070507,0.09180250000000001,0.12436249999999999,0.12516,0.2603775,294.22141574
37,44,23,LE07_023030_20070507,0.08781499999999998,0.11581000000000002,0.1194675,0.22473749999999998,294.85716746
38,44,24,LE07_023030_20070507,0.109375,0.1434475,0.145895,0.24456500000000003,296.03980237999997
39,44,25,LE07_023030_20070507,0.09766000000000002,0.11369249999999997,0.13082500000000002,0.28411000000000003,295.22631362
40,44,26,LE07_023030_20070507,0.07995000000000002,0.10943000000000003,0.11190499999999998,0.24456500000000003,294.40940684
41,44,27,LE07_023030_20070507,0.08589000000000002,0.10943000000000003,0.11380249999999997,0.252485,293.99924444
42,44,28,LE07_023030_20070507,0.08982249999999997,0.11157499999999998,0.11567250000000001,0.23263,293.99924444
43,44,29,LE07_023030_20070507,0.08589000000000002,0.10516750000000002,0.11190499999999998,0.2405775,293.81125334
44,44,30,LE07_023030_20070507,0.08589000000000002,0.11583749999999998,0.11567250000000001,0.2603775,293.81125334
45,45,27,LE07_023030_20070507,0.091775,0.11583749999999998,0.11949500000000002,0.248525,293.99924444
46,45,28,LE07_023030_20070507,0.08589000000000002,0.11369249999999997,0.11757000000000001,0.256445,293.58566401999997
47,45,29,LE07_023030_20070507,0.08195750000000002,0.10731249999999998,0.10808250000000003,0.2801225,292.9840925
2,39,23,LE07_023030_20070624,0.11292249999999998,0.146775,0.16310999999999998,0.22908250000000002,309.45211286
3,39,24,LE07_023030_20070624,0.11658000000000002,0.14878249999999998,0.17375249999999998,0.22526000000000002,310.68601808
4,39,25,LE07_023030_20070624,0.10008,0.1327775,0.1452075,0.25969000000000003,309.87594734
6,40,23,LE07_023030_20070624,0.0687025,0.09447,0.10393000000000002,0.2787475,308.22504368
7,40,24,LE07_023030_20070624,0.10742249999999998,0.13679249999999998,0.16310999999999998,0.252045,311.0825084
8,40,25,LE07_023030_20070624,0.08902500000000002,0.12274000000000002,0.11831249999999999,0.286365,310.67918204
9,40,26,LE07_023030_20070624,0.08715499999999998,0.114655,0.121915,0.305395,309.87252932
10,40,27,LE07_023030_20070624,0.09821000000000002,0.12472,0.1416325,0.2978325,310.27585568
11,40,28,LE07_023030_20070624,0.09821000000000002,0.12472,0.1416325,0.2978325,310.27585568
13,41,23,LE07_023030_20070624,0.0594075,0.07827250000000002,0.07502750000000002,0.2482225,309.03511442
14,41,24,LE07_023030_20070624,0.10742249999999998,0.13879999999999998,0.16132249999999998,0.21371,312.68214176000004
15,41,25,LE07_023030_20070624,0.10742249999999998,0.134785,0.1541725,0.22910999999999998,312.67872374
16,41,26,LE07_023030_20070624,0.0926825,0.1287625,0.1326675,0.267335,311.47899872
17,41,27,LE07_023030_20070624,0.07975749999999998,0.1106125,0.121915,0.2711575,310.67576402
18,41,28,LE07_023030_20070624,0.07975749999999998,0.1106125,0.121915,0.2711575,310.67576402
21,42,23,LE07_023030_20070624,0.0537975,0.07423000000000002,0.0713975,0.23670000000000002,310.64158382
22,42,24,LE07_023030_20070624,0.090895,0.13077,0.134455,0.20221499999999998,313.4409422
23,42,25,LE07_023030_20070624,0.09639500000000001,0.11669000000000002,0.13627,0.21373750000000002,313.04103385999997
24,42,26,LE07_023030_20070624,0.09455249999999998,0.1287625,0.12906499999999999,0.2405775,311.84472686000004
25,42,27,LE07_023030_20070624,0.0816,0.10052,0.11292249999999998,0.252045,311.04149215999996
26,42,28,LE07_023030_20070624,0.0816,0.10052,0.11292249999999998,0.252045,311.04149215999996
27,42,29,LE07_023030_20070624,0.07975749999999998,0.0964775,0.11292249999999998,0.252045,310.0229222
29,43,23,LE07_023030_20070624,0.055694999999999995,0.07829999999999998,0.07865749999999999,0.23670000000000002,311.43798247999996
30,43,24,LE07_023030_20070624,0.09273749999999997,0.12073250000000002,0.12370249999999999,0.22141,312.64454354
31,43,25,LE07_023030_20070624,0.06496249999999998,0.09447,0.10211500000000001,0.25969000000000003,311.84472686000004
32,43,26,LE07_023030_20070624,0.06864749999999997,0.09447,0.1003,0.24825000000000003,311.03807414
33,43,27,LE07_023030_20070624,0.06303750000000002,0.08839249999999998,0.09666999999999998,0.26354,310.22800340000003
34,43,28,LE07_023030_20070624,0.06303750000000002,0.08839249999999998,0.09666999999999998,0.26354,310.22800340000003
35,43,29,LE07_023030_20070624,0.07607249999999999,0.10255500000000001,0.10931999999999997,0.2558675,310.82273888
37,44,23,LE07_023030_20070624,0.055694999999999995,0.07219500000000001,0.07684249999999998,0.25199,310.6381658
38,44,24,LE07_023030_20070624,0.10010750000000002,0.11669000000000002,0.1326675,0.24054999999999999,311.84472686000004
39,44,25,LE07_023030_20070624,0.057510000000000006,0.09447,0.09309499999999998,0.25969000000000003,311.4414005
40,44,26,LE07_023030_20070624,0.05748249999999999,0.07623750000000001,0.07500000000000001,0.26730750000000003,310.22800340000003
41,44,27,LE07_023030_20070624,0.05561250000000001,0.08028000000000002,0.07862999999999998,0.2558675,309.41793266
42,44,28,LE07_023030_20070624,0.06674999999999998,0.07824500000000001,0.07500000000000001,0.24442750000000002,309.41451464
43,44,29,LE07_023030_20070624,0.05561250000000001,0.08231499999999997,0.08226,0.25969000000000003,309.20601541999997
44,44,30,LE07_023030_20070624,0.066805,0.08842,0.09488249999999998,0.2558675,309.6127598
45,45,27,LE07_023030_20070624,0.059352499999999975,0.07824500000000001,0.07862999999999998,0.25969000000000003,309.41451464
46,45,28,LE07_023030_20070624,0.051844999999999974,0.07010499999999997,0.06955499999999998,0.25969000000000003,308.59760786
47,45,29,LE07_023030_20070624,0.05187249999999999,0.08028000000000002,0.06955499999999998,0.28257,308.39252666
2,39,23,LE07_023030_20070912,0.11165750000000002,0.14451999999999998,0.156895,0.23301500000000003,296.80202083999995
3,39,24,LE07_023030_20070912,0.11592000000000002,0.14683000000000002,0.1631375,0.21989750000000002,297.91287734
4,39,25,LE07_023030_20070912,0.09455249999999998,0.11889,0.14025749999999998,0.2548775,297.91287734
6,40,23,LE07_023030_20070912,0.066585,0.07898749999999999,0.08168249999999999,0.250505,297.15065888000004
7,40,24,LE07_023030_20070912,0.10951250000000001,0.13756249999999998,0.1527425,0.23738750000000003,299.64239546
8,40,25,LE07_023030_20070912,0.08811750000000002,0.1165525,0.134015,0.263595,299.64239546
9,40,26,LE07_023030_20070912,0.07522000000000001,0.10717500000000002,0.11941249999999998,0.267995,298.95537344
10,40,27,LE07_023030_20070912,0.09455249999999998,0.1165525,0.12565500000000002,0.2854025,298.61015341999996
11,40,28,LE07_023030_20070912,0.09455249999999998,0.1165525,0.12565500000000002,0.2854025,298.61015341999996
13,41,23,LE07_023030_20070912,0.04491500000000001,0.055365,0.0627625,0.19795249999999998,298.87675898
14,41,24,LE07_023030_20070912,0.10525000000000001,0.12590249999999997,0.15483249999999998,0.19355250000000002,301.00960346
15,41,25,LE07_023030_20070912,0.10525000000000001,0.1328875,0.1444375,0.206725,301.00960346
16,41,26,LE07_023030_20070912,0.09240749999999998,0.11889,0.12983499999999998,0.23738750000000003,299.98761548
17,41,27,LE07_023030_20070912,0.08811750000000002,0.10483749999999997,0.11729499999999998,0.250505,299.30059345999996
18,41,28,LE07_023030_20070912,0.08811750000000002,0.10483749999999997,0.11729499999999998,0.250505,299.30059345999996
21,42,23,LE07_023030_20070912,0.04277,0.05299999999999999,0.058555000000000024,0.18918000000000001,299.89532894
22,42,24,LE07_023030_20070912,0.09455249999999998,0.11421500000000001,0.14025749999999998,0.17598000000000003,300.63703927999995
23,42,25,LE07_023030_20070912,0.08597250000000001,0.10951250000000001,0.11314249999999998,0.19795249999999998,299.95343528
24,42,26,LE07_023030_20070912,0.08811750000000002,0.11187750000000002,0.1235925,0.21989750000000002,299.26983128
25,42,27,LE07_023030_20070912,0.09240749999999998,0.11421500000000001,0.11941249999999998,0.24176000000000003,298.92461126
26,42,28,LE07_023030_20070912,0.09240749999999998,0.11421500000000001,0.11941249999999998,0.24176000000000003,298.92461126
27,42,29,LE07_023030_20070912,0.07953749999999998,0.10483749999999997,0.10054750000000001,0.23738750000000003,299.06475008
29,43,23,LE07_023030_20070912,0.03622500000000001,0.06009500000000001,0.05223,0.19355250000000002,299.55352694
30,43,24,LE07_023030_20070912,0.07953749999999998,0.1165525,0.11523250000000002,0.2023525,299.61163328
31,43,25,LE07_023030_20070912,0.07090249999999998,0.09309499999999998,0.09430499999999997,0.24176000000000003,298.57939124
32,43,26,LE07_023030_20070912,0.073075,0.10016249999999999,0.102665,0.23738750000000003,298.2307532
33,43,27,LE07_023030_20070912,0.0838275,0.10016249999999999,0.10684500000000002,0.24613250000000003,298.2307532
34,43,28,LE07_023030_20070912,0.0838275,0.10016249999999999,0.10684500000000002,0.24613250000000003,298.2307532
35,43,29,LE07_023030_20070912,0.08597250000000001,0.11187750000000002,0.11729499999999998,0.2548775,298.37431003999995
37,44,23,LE07_023030_20070912,0.034025,0.05299999999999999,0.050112500000000004,0.21989750000000002,299.21172493999995
38,44,24,LE07_023030_20070912,0.09455249999999998,0.13055,0.121475,0.24176000000000003,299.61163328
39,44,25,LE07_023030_20070912,0.0838275,0.10016249999999999,0.11314249999999998,0.250505,298.2307532
40,44,26,LE07_023030_20070912,0.06875749999999997,0.08842,0.09218749999999998,0.23301500000000003,297.53347712
41,44,27,LE07_023030_20070912,0.07522000000000001,0.09779749999999998,0.0963675,0.24176000000000003,296.83620104
42,44,28,LE07_023030_20070912,0.07953749999999998,0.10016249999999999,0.10054750000000001,0.23738750000000003,296.83278301999997
43,44,29,LE07_023030_20070912,0.08168249999999999,0.09545999999999999,0.102665,0.23738750000000003,296.9831759
44,44,30,LE07_023030_20070912,0.07739249999999998,0.10483749999999997,0.10684500000000002,0.24613250000000003,298.02909002
45,45,27,LE07_023030_20070912,0.07736500000000002,0.09779749999999998,0.1047825,0.23738750000000003,296.83278301999997
46,45,28,LE07_023030_20070912,0.08597250000000001,0.10483749999999997,0.11102499999999998,0.24613250000000003,296.83278301999997
47,45,29,LE07_023030_20070912,0.07953749999999998,0.10483749999999997,0.1047825,0.250505,296.9831759
2,39,23,LE07_023030_20070928,0.09441500000000003,0.12318000000000001,0.13228250000000003,0.21621250000000003,298.9314473
3,39,24,LE07_023030_20070928,0.10602,0.13329999999999997,0.15486,0.20669749999999998,299.35528178
4,39,25,LE07_023030_20070928,0.10371000000000002,0.13329999999999997,0.14584000000000003,0.22572750000000003,299.02031582
6,40,23,LE07_023030_20070928,0.05228499999999997,0.0774475,0.08242500000000003,0.235215,299.26641326000004
7,40,24,LE07_023030_20070928,0.09675250000000002,0.13329999999999997,0.1503775,0.2209425,300.02179567999997
8,40,25,LE07_023030_20070928,0.07574249999999999,0.10797250000000003,0.10739500000000002,0.2494325,300.02179567999997
9,40,26,LE07_023030_20070928,0.06402750000000001,0.09273749999999997,0.09606500000000001,0.2589475,300.02179567999997
10,40,27,LE07_023030_20070928,0.07574249999999999,0.10541499999999998,0.11872500000000002,0.2589475,300.02179567999997
11,40,28,LE07_023030_20070928,0.07574249999999999,0.10541499999999998,0.11872500000000002,0.2589475,300.02179567999997
13,41,23,LE07_023030_20070928,0.03809499999999999,0.062102500000000005,0.05049749999999997,0.1828825,299.92950914
14,41,24,LE07_023030_20070928,0.10371000000000002,0.1358025,0.14809499999999998,0.192425,301.67269934
15,41,25,LE07_023030_20070928,0.10832999999999998,0.13077,0.1503775,0.192425,301.67269934
16,41,26,LE07_023030_20070928,0.0874025,0.11559000000000003,0.1232625,0.2209425,301.67269934
17,41,27,LE07_023030_20070928,0.0710675,0.0952675,0.10285749999999999,0.21621250000000003,301.0164395
18,41,28,LE07_023030_20070928,0.0710675,0.0952675,0.10285749999999999,0.21621250000000003,301.0164395
21,42,23,LE07_023030_20070928,0.031,0.05187249999999999,0.04593249999999999,0.17812499999999998,300.57893293999996
22,42,24,LE07_023030_20070928,0.09210499999999999,0.13077,0.13002750000000002,0.18764000000000003,301.97006708000004
23,42,25,LE07_023030_20070928,0.0897675,0.102885,0.12097999999999998,0.17334,301.64193716
24,42,26,LE07_023030_20070928,0.0710675,0.0952675,0.09832000000000002,0.192425,301.31380723999996
25,42,27,LE07_023030_20070928,0.06169000000000002,0.07997749999999998,0.08467999999999998,0.192425,301.31380723999996
26,42,28,LE07_023030_20070928,0.06169000000000002,0.07997749999999998,0.08467999999999998,0.192425,301.31380723999996
27,42,29,LE07_023030_20070928,0.05932500000000002,0.07491750000000003,0.0869625,0.18764000000000003,301.10530802
29,43,23,LE07_023030_20070928,0.04285249999999999,0.05701499999999998,0.05740000000000001,0.18291000000000002,300.90706286
30,43,24,LE07_023030_20070928,0.07574249999999999,0.09273749999999997,0.10514000000000001,0.19718249999999998,300.98567732000004
31,43,25,LE07_023030_20070928,0.049947500000000006,0.0774475,0.07103999999999999,0.211455,300.65412938
32,43,26,LE07_023030_20070928,0.0475825,0.067245,0.07560499999999998,0.19718249999999998,300.32258144
33,43,27,LE07_023030_20070928,0.0475825,0.067245,0.06191000000000002,0.192425,300.65412938
34,43,28,LE07_023030_20070928,0.0475825,0.067245,0.06191000000000002,0.192425,300.65412938
35,43,29,LE07_023030_20070928,0.054649999999999976,0.07233250000000002,0.07332250000000001,0.21621250000000003,301.10530802
37,44,23,LE07_023030_20070928,0.045217499999999994,0.05442999999999998,0.05508999999999997,0.18291000000000002,300.90706286
38,44,24,LE07_023030_20070928,0.09447,0.11055749999999998,0.12782749999999998,0.21148250000000002,300.65412938
39,44,25,LE07_023030_20070928,0.049947500000000006,0.08509250000000002,0.0801425,0.211455,299.99103349999996
40,44,26,LE07_023030_20070928,0.040459999999999996,0.05442999999999998,0.05280750000000001,0.192425,299.99103349999996
41,44,27,LE07_023030_20070928,0.03809499999999999,0.05442999999999998,0.05280750000000001,0.19718249999999998,299.65948556
42,44,28,LE07_023030_20070928,0.042825,0.05957249999999997,0.05734499999999998,0.19718249999999998,299.99103349999996
43,44,29,LE07_023030_20070928,0.040459999999999996,0.05957249999999997,0.05508999999999997,0.19718249999999998,299.45098634
44,44,30,LE07_023030_20070928,0.05228499999999997,0.06977499999999998,0.07560499999999998,0.20194,299.11943840000004
45,45,27,LE07_023030_20070928,0.040459999999999996,0.05957249999999997,0.05508999999999997,0.20669749999999998,299.65948556
46,45,28,LE07_023030_20070928,0.038122500000000004,0.056987500000000024,0.05280750000000001,0.19718249999999998,299.32451960000003
47,45,29,LE07_023030_20070928,0.040459999999999996,0.05957249999999997,0.05508999999999997,0.20669749999999998,299.11943840000004
2,39,23,LE07_023030_20071030,0.09961249999999999,0.11845,0.13726,0.199245,292.23212809999995
3,39,24,LE07_023030_20071030,0.10269250000000002,0.1250775,0.13726,0.20331500000000002,292.63203644
4,39,25,LE07_023030_20071030,0.08121499999999998,0.10519499999999998,0.11963249999999997,0.22773500000000002,292.99434656
6,40,23,LE07_023030_20071030,0.06270749999999997,0.07524750000000002,0.09315000000000001,0.21959499999999998,292.95674834
7,40,24,LE07_023030_20071030,0.10269250000000002,0.12175000000000002,0.13723249999999998,0.20738499999999999,293.35665668
8,40,25,LE07_023030_20071030,0.0904275,0.10849500000000001,0.12254749999999998,0.21959499999999998,292.99434656
9,40,26,LE07_023030_20071030,0.07816250000000002,0.09856749999999997,0.1108325,0.21959499999999998,292.99434656
10,40,27,LE07_023030_20071030,0.08737499999999998,0.11185,0.11963249999999997,0.24398750000000002,293.7189668
11,40,28,LE07_023030_20071030,0.08737499999999998,0.11185,0.11963249999999997,0.24398750000000002,293.7189668
13,41,23,LE07_023030_20071030,0.056520000000000015,0.0652375,0.07840999999999998,0.16654750000000001,293.31564044000004
14,41,24,LE07_023030_20071030,0.10574499999999998,0.1250775,0.13723249999999998,0.17878500000000003,294.0778589
15,41,25,LE07_023030_20071030,0.09655999999999998,0.11514999999999997,0.1284325,0.174715,293.35665668
16,41,26,LE07_023030_20071030,0.08429500000000001,0.10189500000000001,0.11669000000000002,0.1992175,293.35665668
17,41,27,LE07_023030_20071030,0.07818999999999998,0.10189500000000001,0.10494750000000003,0.1992175,294.0778589
18,41,28,LE07_023030_20071030,0.07818999999999998,0.10189500000000001,0.10494750000000003,0.1992175,294.0778589
21,42,23,LE07_023030_20071030,0.0503325,0.06188250000000001,0.06955499999999998,0.1419625,293.66769650000003
22,42,24,LE07_023030_20071030,0.09655999999999998,0.11185,0.13137500000000002,0.16654750000000001,294.76488092
23,42,25,LE07_023030_20071030,0.08121499999999998,0.10849500000000001,0.1108325,0.16654750000000001,293.68820461999996
24,42,26,LE07_023030_20071030,0.07202999999999998,0.0952675,0.10788999999999999,0.16654750000000001,293.32931252000003
25,42,27,LE07_023030_20071030,0.07202999999999998,0.08861249999999998,0.0990625,0.17061749999999998,294.05051474
26,42,28,LE07_023030_20071030,0.07202999999999998,0.08861249999999998,0.0990625,0.17061749999999998,294.05051474
27,42,29,LE07_023030_20071030,0.0627625,0.08193,0.08726499999999998,0.174715,293.85226958
29,43,23,LE07_023030_20071030,0.05654749999999997,0.07191999999999998,0.0784375,0.150185,293.66769650000003
30,43,24,LE07_023030_20071030,0.08429500000000001,0.09523999999999999,0.1108325,0.1583525,294.05051474
31,43,25,LE07_023030_20071030,0.059655000000000014,0.08193,0.08726499999999998,0.17061749999999998,293.68820461999996
32,43,26,LE07_023030_20071030,0.0534675,0.078575,0.0902075,0.16652,293.68820461999996
33,43,27,LE07_023030_20071030,0.056574999999999986,0.078575,0.08726499999999998,0.17061749999999998,293.68820461999996
34,43,28,LE07_023030_20071030,0.056574999999999986,0.078575,0.08726499999999998,0.17061749999999998,293.68820461999996
35,43,29,LE07_023030_20071030,0.0627625,0.07860250000000002,0.08138000000000001,0.1992175,293.85226958
37,44,23,LE07_023030_20071030,0.0503325,0.06856499999999999,0.072525,0.1542825,294.02658859999997
38,44,24,LE07_023030_20071030,0.08737499999999998,0.11514999999999997,0.11669000000000002,0.174715,293.68820461999996
39,44,25,LE07_023030_20071030,0.06895000000000001,0.08193,0.08434999999999998,0.16652,293.32931252000003
40,44,26,LE07_023030_20071030,0.0472525,0.0685925,0.07546750000000002,0.1583525,293.68820461999996
41,44,27,LE07_023030_20071030,0.0534675,0.07527499999999998,0.08138000000000001,0.17878500000000003,293.68820461999996
42,44,28,LE07_023030_20071030,0.053495000000000015,0.05858249999999998,0.06958249999999999,0.15425499999999998,293.32931252000003
43,44,29,LE07_023030_20071030,0.050387499999999974,0.05858249999999998,0.06364249999999999,0.17061749999999998,293.13448538
44,44,30,LE07_023030_20071030,0.0627625,0.07860250000000002,0.0784375,0.1950925,293.13448538
45,45,27,LE07_023030_20071030,0.056574999999999986,0.0719475,0.08138000000000001,0.17061749999999998,293.68820461999996
46,45,28,LE07_023030_20071030,0.0566025,0.06529249999999998,0.06367,0.15425499999999998,293.32931252000003
47,45,29,LE07_023030_20071030,0.053495000000000015,0.06526500000000002,0.06958249999999999,0.17878500000000003,292.77217526
2,39,23,LE07_023030_20080118,0.196,0.19885999999999998,0.20964,0.23672749999999998,265.14773762
3,39,24,LE07_023030_20080118,0.20378249999999998,0.22075,0.224875,0.2518525,265.0759592
4,39,25,LE07_023030_20080118,0.196,0.19885999999999998,0.22105249999999999,0.23672749999999998,265.49295764
6,40,23,LE07_023030_20080118,0.1843125,0.18571500000000002,0.1982,0.24176000000000003,265.56131804
7,40,24,LE07_023030_20080118,0.22316999999999998,0.2294675,0.24770000000000003,0.26695,265.49295764
8,40,25,LE07_023030_20080118,0.1804075,0.20760499999999998,0.21343499999999999,0.24176000000000003,265.0759592
9,40,26,LE07_023030_20080118,0.19212250000000003,0.19011499999999998,0.20964,0.24176000000000003,265.49295764
10,40,27,LE07_023030_20080118,0.196,0.20760499999999998,0.224875,0.26695,266.32011848
11,40,28,LE07_023030_20080118,0.196,0.20760499999999998,0.224875,0.26695,266.32011848
13,41,23,LE07_023030_20080118,0.164705,0.15931499999999998,0.16762,0.2014725,265.97148044
14,41,24,LE07_023030_20080118,0.19209500000000002,0.19011499999999998,0.20964,0.206505,265.90653806
15,41,25,LE07_023030_20080118,0.17644749999999998,0.18134250000000002,0.19437749999999998,0.211565,265.49295764
22,42,24,LE07_023030_20080118,0.1843125,0.20323249999999998,0.205845,0.211565,265.88261192
23,42,25,LE07_023030_20080118,0.1686375,0.1637425,0.1790875,0.1964125,265.88261192
30,43,24,LE07_023030_20080118,0.199905,0.2207225,0.20964,0.2317225,265.88261192
37,44,23,LE07_023030_20080118,0.1686375,0.15931499999999998,0.16379749999999998,0.18631999999999999,265.554482
38,44,24,LE07_023030_20080118,0.199905,0.2163775,0.2172575,0.24176000000000003,265.4690315
39,44,25,LE07_023030_20080118,0.196,0.18571500000000002,0.20964,0.2165975,265.88261192
40,44,26,LE07_023030_20080118,0.15290749999999997,0.1725425,0.17147,0.206505,266.29619234
41,44,27,LE07_023030_20080118,0.19212250000000003,0.18134250000000002,0.19055500000000003,0.2165975,266.29619234
2,39,23,LE07_023030_20080306,0.15805000000000002,0.168775,0.183185,0.18258000000000002,277.08004544
3,39,24,LE07_023030_20080306,0.1628075,0.1741375,0.1855775,0.1857975,277.8251738
4,39,25,LE07_023030_20080306,0.16041499999999997,0.16608,0.18081999999999998,0.19547750000000003,277.8251738
6,40,23,LE07_023030_20080306,0.16041499999999997,0.163385,0.18081999999999998,0.2019125,278.17039381999996
7,40,24,LE07_023030_20080306,0.16995749999999998,0.17947249999999998,0.19269999999999998,0.19547750000000003,278.18748392
8,40,25,LE07_023030_20080306,0.19135249999999998,0.19556,0.204635,0.211565,278.18748392
9,40,26,LE07_023030_20080306,0.217285,0.21954,0.2427225,0.24692999999999998,277.8251738
14,41,24,LE07_023030_20080306,0.15805000000000002,0.1607175,0.1688575,0.176145,278.91210416
22,42,24,LE07_023030_20080306,0.1628075,0.168775,0.1712225,0.17936249999999998,279.24365209999996
2,39,23,LE07_023030_20080423,0.11187750000000002,0.1406425,0.16088249999999998,0.1931675,301.45736408
3,39,24,LE07_023030_20080423,0.12119999999999997,0.146775,0.168225,0.1931675,302.51353226000003
4,39,25,LE07_023030_20080423,0.10624,0.132475,0.15356750000000002,0.1931675,302.20591046
6,40,23,LE07_023030_20080423,0.08377249999999997,0.10368250000000001,0.11858750000000001,0.18156250000000002,302.38022948
7,40,24,LE07_023030_20080423,0.11930249999999998,0.13654500000000003,0.168225,0.1931675,303.43297964
8,40,25,LE07_023030_20080423,0.09876000000000001,0.132475,0.14985500000000002,0.19704500000000003,302.82115406
9,40,26,LE07_023030_20080423,0.09876000000000001,0.12835000000000002,0.146225,0.20477250000000002,302.51353226000003
10,40,27,LE07_023030_20080423,0.10437000000000002,0.1304125,0.1571975,0.22022750000000002,302.20591046
11,40,28,LE07_023030_20080423,0.10437000000000002,0.1304125,0.1571975,0.22022750000000002,302.20591046
13,41,23,LE07_023030_20080423,0.07623750000000001,0.0933425,0.10382000000000002,0.1660525,303.29284082000004
14,41,24,LE07_023030_20080423,0.1025275,0.1344825,0.15538249999999998,0.17768499999999998,304.04138720000003
15,41,25,LE07_023030_20080423,0.11187750000000002,0.1365175,0.1571975,0.18541249999999998,303.43297964
16,41,26,LE07_023030_20080423,0.10439749999999998,0.1365175,0.14985500000000002,0.20477250000000002,303.43297964
17,41,27,LE07_023030_20080423,0.09688999999999998,0.126315,0.138855,0.21250000000000002,303.12535784
18,41,28,LE07_023030_20080423,0.09688999999999998,0.126315,0.138855,0.21250000000000002,303.12535784
21,42,23,LE07_023030_20080423,0.07434000000000002,0.09127999999999997,0.10016249999999999,0.1660525,303.8875763
22,42,24,LE07_023030_20080423,0.09876000000000001,0.12835000000000002,0.14067000000000002,0.17383500000000002,304.61219654
23,42,25,LE07_023030_20080423,0.09876000000000001,0.11809249999999999,0.138855,0.17383500000000002,304.31141077999996
24,42,26,LE07_023030_20080423,0.09876000000000001,0.12425249999999999,0.13701249999999998,0.18931750000000003,304.007207
25,42,27,LE07_023030_20080423,0.08935500000000002,0.1139675,0.12414249999999999,0.18156250000000002,304.007207
26,42,28,LE07_023030_20080423,0.08935500000000002,0.1139675,0.12414249999999999,0.18156250000000002,304.007207
27,42,29,LE07_023030_20080423,0.085615,0.10777999999999999,0.12230000000000002,0.2009225,303.48766796
29,43,23,LE07_023030_20080423,0.07434000000000002,0.09540500000000002,0.10753249999999998,0.16993000000000003,304.18836206000003
30,43,24,LE07_023030_20080423,0.10063,0.12219000000000002,0.1425125,0.18156250000000002,304.61219654
31,43,25,LE07_023030_20080423,0.08184750000000002,0.11190499999999998,0.1259575,0.18544,304.61219654
32,43,26,LE07_023030_20080423,0.07618249999999999,0.10159249999999997,0.11490250000000002,0.1777125,304.31141077999996
33,43,27,LE07_023030_20080423,0.08182,0.10571750000000002,0.11490250000000002,0.1777125,304.007207
34,43,28,LE07_023030_20080423,0.08182,0.10571750000000002,0.11490250000000002,0.1777125,304.007207
35,43,29,LE07_023030_20080423,0.08182,0.103655,0.1167725,0.19704500000000003,303.79187174000003
37,44,23,LE07_023030_20080423,0.07621,0.09540500000000002,0.11121750000000002,0.1660525,304.18836206000003
38,44,24,LE07_023030_20080423,0.10810999999999998,0.12425249999999999,0.1425125,0.19704500000000003,304.61219654
39,44,25,LE07_023030_20080423,0.085615,0.11603000000000002,0.12414249999999999,0.200895,304.31141077999996
40,44,26,LE07_023030_20080423,0.0723875,0.08712750000000002,0.10382000000000002,0.1777125,304.31141077999996
41,44,27,LE07_023030_20080423,0.07618249999999999,0.09746749999999998,0.11306,0.18156250000000002,304.007207
42,44,28,LE07_023030_20080423,0.07618249999999999,0.09125250000000001,0.10382000000000002,0.17383500000000002,304.007207
43,44,29,LE07_023030_20080423,0.07618249999999999,0.0953775,0.10382000000000002,0.1777125,303.79187174000003
44,44,30,LE07_023030_20080423,0.08179249999999999,0.10571750000000002,0.11858750000000001,0.20479999999999998,303.48766796
45,45,27,LE07_023030_20080423,0.07805250000000002,0.09953000000000001,0.109375,0.18934499999999999,304.007207
46,45,28,LE07_023030_20080423,0.07618249999999999,0.0953775,0.10013499999999997,0.18934499999999999,304.007207
47,45,29,LE07_023030_20080423,0.07615499999999997,0.0953775,0.10382000000000002,0.224105,303.48766796
2,39,23,LE07_023030_20080610,0.09589999999999999,0.1288725,0.13665500000000003,0.2400275,302.93736674
3,39,24,LE07_023030_20080610,0.109925,0.14630749999999998,0.15400750000000002,0.21073999999999998,303.73376540000004
4,39,25,LE07_023030_20080610,0.11171249999999999,0.1366275,0.145345,0.2400275,303.35094716000003
6,40,23,LE07_023030_20080610,0.0711775,0.09183000000000002,0.0843775,0.2801775,303.31676696
7,40,24,LE07_023030_20080610,0.109925,0.13473000000000002,0.15054250000000002,0.229055,304.87196606
8,40,25,LE07_023030_20080610,0.07299250000000002,0.1113825,0.11234499999999997,0.265575,304.87196606
9,40,26,LE07_023030_20080610,0.07299250000000002,0.09381,0.09315000000000001,0.2910675,304.49598386
10,40,27,LE07_023030_20080610,0.08182,0.1074775,0.10711999999999999,0.2874375,304.11658364
11,40,28,LE07_023030_20080610,0.08182,0.1074775,0.10711999999999999,0.2874375,304.11658364
13,41,23,LE07_023030_20080610,0.05696000000000001,0.07612750000000001,0.07563249999999999,0.24368499999999998,304.4515496
14,41,24,LE07_023030_20080610,0.10291250000000002,0.12307000000000001,0.145345,0.19971250000000002,307.12444124
15,41,25,LE07_023030_20080610,0.10470000000000002,0.13857999999999998,0.138415,0.2033975,306.37589486
16,41,26,LE07_023030_20080610,0.09238000000000002,0.12111749999999999,0.13495000000000001,0.23637000000000002,305.25136627999996
17,41,27,LE07_023030_20080610,0.08006000000000002,0.10360000000000003,0.10711999999999999,0.2546025,304.87196606
18,41,28,LE07_023030_20080610,0.08006000000000002,0.10360000000000003,0.10711999999999999,0.2546025,304.87196606
21,42,23,LE07_023030_20080610,0.04980999999999999,0.07219500000000001,0.06509999999999999,0.24005500000000002,305.19667796
22,42,24,LE07_023030_20080610,0.09587250000000003,0.11916500000000002,0.13495000000000001,0.1777125,307.46282522
23,42,25,LE07_023030_20080610,0.08886,0.11333500000000002,0.12625999999999998,0.19236999999999999,306.71769686
24,42,26,LE07_023030_20080610,0.08006000000000002,0.1113825,0.11927500000000002,0.21073999999999998,305.59316828
25,42,27,LE07_023030_20080610,0.07299250000000002,0.09185749999999998,0.1018675,0.2290275,305.59316828
26,42,28,LE07_023030_20080610,0.07299250000000002,0.09185749999999998,0.1018675,0.2290275,305.59316828
27,42,29,LE07_023030_20080610,0.06947249999999999,0.097715,0.09491,0.24365750000000003,305.76065126000003
29,43,23,LE07_023030_20080610,0.05517250000000001,0.08006000000000002,0.07211250000000002,0.2437125,305.19325993999996
30,43,24,LE07_023030_20080610,0.08883249999999998,0.12108999999999998,0.1175425,0.21073999999999998,307.09026104
31,43,25,LE07_023030_20080610,0.06941750000000002,0.085945,0.0984025,0.2619175,306.34513268
32,43,26,LE07_023030_20080610,0.0623225,0.09573500000000001,0.0896575,0.24368499999999998,305.96915048
33,43,27,LE07_023030_20080610,0.06408249999999999,0.08399250000000003,0.08616499999999999,0.2619175,305.58975025999996
34,43,28,LE07_023030_20080610,0.06408249999999999,0.08399250000000003,0.08616499999999999,0.2619175,305.58975025999996
35,43,29,LE07_023030_20080610,0.0658975,0.08399250000000003,0.09491,0.2327125,305.76065126000003
37,44,23,LE07_023030_20080610,0.0533575,0.08006000000000002,0.06685999999999998,0.24734250000000002,305.94180631999996
38,44,24,LE07_023030_20080610,0.09414,0.12108999999999998,0.11581000000000002,0.22174,307.09026104
39,44,25,LE07_023030_20080610,0.06050749999999999,0.08396500000000001,0.0931225,0.27289,306.71427884
40,44,26,LE07_023030_20080610,0.040927500000000006,0.07024249999999999,0.061634999999999995,0.251,305.96573246
41,44,27,LE07_023030_20080610,0.04986499999999999,0.07222250000000002,0.07040750000000001,0.2582875,305.21376806
42,44,28,LE07_023030_20080610,0.056987500000000024,0.07615499999999997,0.07390000000000002,0.2327125,305.21376806
43,44,29,LE07_023030_20080610,0.051680000000000004,0.07615499999999997,0.07566,0.2363425,305.38466905999996
44,44,30,LE07_023030_20080610,0.05880249999999998,0.08399250000000003,0.08440500000000001,0.23268500000000003,305.38466905999996
45,45,27,LE07_023030_20080610,0.04983750000000001,0.07417499999999999,0.0651275,0.247315,305.21376806
46,45,28,LE07_023030_20080610,0.04986499999999999,0.06829000000000002,0.06688749999999999,0.2400275,304.83436784
47,45,29,LE07_023030_20080610,0.04810500000000001,0.07417499999999999,0.07741999999999999,0.25826,305.38466905999996
2,39,23,LE07_023030_20080626,0.11603000000000002,0.150295,0.16745500000000002,0.270635,298.21708112
3,39,24,LE07_023030_20080626,0.1199075,0.15659250000000002,0.1730375,0.2667025,299.0339879
4,39,25,LE07_023030_20080626,0.11795499999999998,0.152385,0.15442,0.290215,299.0339879
6,40,23,LE07_023030_20080626,0.08456999999999998,0.10794500000000001,0.1112725,0.313645,298.21708112
7,40,24,LE07_023030_20080626,0.11404999999999998,0.150295,0.169325,0.290215,300.32941747999996
8,40,25,LE07_023030_20080626,0.11207,0.14188,0.1525225,0.28631,300.32941747999996
9,40,26,LE07_023030_20080626,0.0924625,0.120705,0.1300825,0.32142750000000003,299.46807644
10,40,27,LE07_023030_20080626,0.0963675,0.12494,0.13946000000000003,0.32142750000000003,299.46807644
11,40,28,LE07_023030_20080626,0.0963675,0.12494,0.13946000000000003,0.32142750000000003,299.46807644
13,41,23,LE07_023030_20080626,0.07862999999999998,0.10582750000000002,0.09994249999999999,0.2902425,299.08184018
14,41,24,LE07_023030_20080626,0.1042325,0.1418525,0.15065250000000002,0.251,302.03500945999997
15,41,25,LE07_023030_20080626,0.11987999999999999,0.14817750000000002,0.16745500000000002,0.2470675,302.03500945999997
16,41,26,LE07_023030_20080626,0.11009000000000002,0.14817750000000002,0.1525225,0.28243250000000003,301.18392248
17,41,27,LE07_023030_20080626,0.09834749999999998,0.1270575,0.13572,0.294175,300.32941747999996
18,41,28,LE07_023030_20080626,0.09834749999999998,0.1270575,0.13572,0.294175,300.32941747999996
21,42,23,LE07_023030_20080626,0.06864749999999997,0.097275,0.0961475,0.294175,300.35676164
22,42,24,LE07_023030_20080626,0.1003,0.1355,0.1356925,0.23133750000000003,302.42808176
23,42,25,LE07_023030_20080626,0.10420499999999999,0.1355,0.15065250000000002,0.23923,302.00424727999996
24,42,26,LE07_023030_20080626,0.11009000000000002,0.13338250000000001,0.14878249999999998,0.2628525,301.15657832
25,42,27,LE07_023030_20080626,0.0904275,0.120705,0.1338225,0.27069,300.72932582
26,42,28,LE07_023030_20080626,0.0904275,0.120705,0.1338225,0.27069,300.72932582
27,42,29,LE07_023030_20080626,0.09240749999999998,0.120705,0.1300825,0.29027000000000003,300.9651692
29,43,23,LE07_023030_20080626,0.07062750000000001,0.103655,0.09991499999999998,0.286365,300.35676164
30,43,24,LE07_023030_20080626,0.10615750000000002,0.12914750000000003,0.14504250000000002,0.247095,301.5804128
31,43,25,LE07_023030_20080626,0.08646749999999997,0.1206775,0.12441750000000001,0.278555,301.15657832
32,43,26,LE07_023030_20080626,0.08646749999999997,0.10577249999999999,0.11501250000000002,0.2863925,300.72932582
33,43,27,LE07_023030_20080626,0.07854749999999999,0.110035,0.1074775,0.2981075,300.30207332
34,43,28,LE07_023030_20080626,0.07854749999999999,0.110035,0.1074775,0.2981075,300.30207332
35,43,29,LE07_023030_20080626,0.08842,0.11856,0.11501250000000002,0.2824875,300.9651692
37,44,23,LE07_023030_20080626,0.0706,0.09724749999999999,0.09045500000000001,0.2902975,300.35676164
38,44,24,LE07_023030_20080626,0.110035,0.12914750000000003,0.1469125,0.2549875,301.15657832
39,44,25,LE07_023030_20080626,0.08839249999999998,0.12491249999999998,0.1262875,0.2785825,300.72932582
40,44,26,LE07_023030_20080626,0.07057249999999998,0.09293000000000001,0.09801749999999998,0.290325,300.30207332
41,44,27,LE07_023030_20080626,0.07057249999999998,0.10150999999999999,0.09801749999999998,0.290325,299.87482081999997
42,44,28,LE07_023030_20080626,0.07654,0.09724749999999999,0.09988750000000002,0.27465,299.87482081999997
43,44,29,LE07_023030_20080626,0.07851999999999998,0.09936499999999998,0.09988750000000002,0.27465,299.68341169999997
44,44,30,LE07_023030_20080626,0.08445999999999998,0.11000749999999998,0.11311500000000002,0.28642,299.68341169999997
45,45,27,LE07_023030_20080626,0.07249749999999999,0.09936499999999998,0.10178500000000001,0.282515,299.4441503
46,45,28,LE07_023030_20080626,0.07450499999999999,0.09721999999999997,0.09232499999999999,0.2864475,299.01006176
47,45,29,LE07_023030_20080626,0.07648500000000003,0.09721999999999997,0.09611999999999998,0.30597250000000004,298.82207066
2,39,23,LE07_023030_20080712,0.14102750000000003,0.1604425,0.17229499999999998,0.2866125,296.67213608
3,39,24,LE07_023030_20080712,0.15032250000000003,0.1787575,0.18684250000000002,0.27091,297.64627178
4,39,25,LE07_023030_20080712,0.15032250000000003,0.1726525,0.18136999999999998,0.2983275,298.25467934
6,40,23,LE07_023030_20080712,0.11680000000000001,0.12980750000000002,0.1266175,0.31785250000000004,297.28396166
7,40,24,LE07_023030_20080712,0.15032250000000003,0.1787575,0.18136999999999998,0.28268,299.4612404
8,40,25,LE07_023030_20080712,0.13173249999999997,0.1523025,0.163165,0.3061375,299.4612404
9,40,26,LE07_023030_20080712,0.11867,0.1421,0.13946000000000003,0.3334175,298.85966887999996
10,40,27,LE07_023030_20080712,0.1298625,0.1482325,0.14859,0.32951250000000004,298.85966887999996
11,40,28,LE07_023030_20080712,0.1298625,0.1482325,0.14859,0.32951250000000004,298.85966887999996
13,41,23,LE07_023030_20080712,0.11680000000000001,0.121585,0.1174325,0.2866125,299.09209424
14,41,24,LE07_023030_20080712,0.14661000000000002,0.1624775,0.17411,0.2591675,300.6575474
15,41,25,LE07_023030_20080712,0.14661000000000002,0.17061749999999998,0.17955500000000002,0.24736999999999998,300.05939390000003
16,41,26,LE07_023030_20080712,0.14102750000000003,0.15840749999999998,0.17229499999999998,0.2866125,299.4612404
17,41,27,LE07_023030_20080712,0.12428,0.14619749999999998,0.146775,0.294395,299.4612404
18,41,28,LE07_023030_20080712,0.12428,0.14619749999999998,0.146775,0.294395,299.4612404
21,42,23,LE07_023030_20080712,0.103655,0.115425,0.1082475,0.278775,299.68341169999997
22,42,24,LE07_023030_20080712,0.1354725,0.14416250000000003,0.1595625,0.23953249999999998,301.22493871999995
23,42,25,LE07_023030_20080712,0.12612250000000003,0.15023999999999998,0.15590500000000002,0.2513025,300.63020324
24,42,26,LE07_023030_20080712,0.1298625,0.13800250000000003,0.1595625,0.2631,299.43047822
25,42,27,LE07_023030_20080712,0.11867,0.13596750000000002,0.132145,0.2748425,299.43047822
26,42,28,LE07_023030_20080712,0.11867,0.13596750000000002,0.132145,0.2748425,299.43047822
27,42,29,LE07_023030_20080712,0.12053999999999998,0.14416250000000003,0.13577499999999998,0.2866125,299.24932316
29,43,23,LE07_023030_20080712,0.103655,0.11748750000000002,0.1082475,0.2709375,298.48368668
30,43,24,LE07_023030_20080712,0.1223825,0.13800250000000003,0.14859,0.255235,301.81283815999996
31,43,25,LE07_023030_20080712,0.1111625,0.12980750000000002,0.132145,0.30223249999999996,300.63020324
32,43,26,LE07_023030_20080712,0.10929250000000001,0.127745,0.1303025,0.2983275,300.02863172
33,43,27,LE07_023030_20080712,0.11306,0.12571,0.12111749999999999,0.2983275,299.43047822
34,43,28,LE07_023030_20080712,0.11306,0.12571,0.12111749999999999,0.2983275,299.43047822
35,43,29,LE07_023030_20080712,0.11680000000000001,0.13187,0.1266175,0.2866125,299.24932316
37,44,23,LE07_023030_20080712,0.1055525,0.11952249999999998,0.11561749999999998,0.2905175,298.48368668
38,44,24,LE07_023030_20080712,0.13173249999999997,0.15637250000000003,0.15590500000000002,0.2670325,301.81283815999996
39,44,25,LE07_023030_20080712,0.12053999999999998,0.12980750000000002,0.1339325,0.2983275,301.2215207
40,44,26,LE07_023030_20080712,0.09801749999999998,0.11952249999999998,0.11009000000000002,0.2983275,300.02863172
41,44,27,LE07_023030_20080712,0.1055525,0.11952249999999998,0.11193249999999999,0.2983275,299.43047822
42,44,28,LE07_023030_20080712,0.10929250000000001,0.11952249999999998,0.11377500000000002,0.278775,298.82548868000003
43,44,29,LE07_023030_20080712,0.1111625,0.11952249999999998,0.11561749999999998,0.2905175,298.64775164
44,44,30,LE07_023030_20080712,0.11490250000000002,0.13187,0.1266175,0.2905175,299.24590514
45,45,27,LE07_023030_20080712,0.1055525,0.121585,0.11193249999999999,0.294395,299.4270602
46,45,28,LE07_023030_20080712,0.10739500000000002,0.11952249999999998,0.11193249999999999,0.2905175,298.82548868000003
47,45,29,LE07_023030_20080712,0.10739500000000002,0.12364750000000002,0.11927500000000002,0.3139475,298.64775164
2,39,23,LE07_023030_20080728,0.10274749999999999,0.12870749999999997,0.14787499999999998,0.237085,309.44527682
3,39,24,LE07_023030_20080728,0.1144075,0.14991,0.16297250000000002,0.212885,309.8691113
4,39,25,LE07_023030_20080728,0.11053000000000002,0.13932250000000002,0.1573075,0.23304249999999999,309.86569327999996
6,40,23,LE07_023030_20080728,0.07142500000000002,0.09458,0.0948,0.265245,308.61811597999997
7,40,24,LE07_023030_20080728,0.10470000000000002,0.13723249999999998,0.15167000000000003,0.23304249999999999,310.68260006
8,40,25,LE07_023030_20080728,0.08324999999999999,0.11809249999999999,0.1176525,0.25716,310.27243766000004
9,40,26,LE07_023030_20080728,0.07931749999999999,0.10315999999999997,0.1043425,0.28523750000000003,310.27585568
10,40,27,LE07_023030_20080728,0.0871825,0.1138575,0.11382999999999999,0.28523750000000003,309.86227526
11,40,28,LE07_023030_20080728,0.0871825,0.1138575,0.11382999999999999,0.28523750000000003,309.86227526
13,41,23,LE07_023030_20080728,0.05566749999999998,0.07312999999999997,0.07953749999999998,0.24109999999999998,308.61469796
14,41,24,LE07_023030_20080728,0.09691749999999999,0.1202375,0.144135,0.20075749999999998,311.89941518
15,41,25,LE07_023030_20080728,0.10082249999999998,0.13723249999999998,0.144135,0.20075749999999998,311.89941518
16,41,26,LE07_023030_20080728,0.09499249999999998,0.12235499999999999,0.14034000000000002,0.24511500000000003,311.4926708
17,41,27,LE07_023030_20080728,0.079345,0.10318749999999999,0.1043425,0.26519,310.26901964
18,41,28,LE07_023030_20080728,0.079345,0.10318749999999999,0.1043425,0.26519,310.26901964
21,42,23,LE07_023030_20080728,0.04972750000000001,0.06666749999999999,0.06427499999999997,0.23304249999999999,309.83834912
22,42,24,LE07_023030_20080728,0.08715499999999998,0.11168499999999998,0.12901,0.18048999999999998,313.07863208000003
23,42,25,LE07_023030_20080728,0.08520250000000001,0.11809249999999999,0.12524249999999998,0.21689999999999998,313.07521406
24,42,26,LE07_023030_20080728,0.0871825,0.1138575,0.12331750000000002,0.22495749999999998,312.26856134
25,42,27,LE07_023030_20080728,0.079345,0.09460750000000001,0.10057500000000003,0.23703000000000002,310.64158382
26,42,28,LE07_023030_20080728,0.079345,0.09460750000000001,0.10057500000000003,0.23703000000000002,310.64158382
27,42,29,LE07_023030_20080728,0.07739249999999998,0.09892499999999999,0.10247250000000002,0.241045,308.78901698
29,43,23,LE07_023030_20080728,0.049754999999999994,0.0688125,0.06427499999999997,0.23304249999999999,310.24167548
30,43,24,LE07_023030_20080728,0.079345,0.10744999999999999,0.11382999999999999,0.188575,312.67188769999996
31,43,25,LE07_023030_20080728,0.06952750000000002,0.08605499999999999,0.09867749999999997,0.24511500000000003,311.86523497999997
32,43,26,LE07_023030_20080728,0.061634999999999995,0.0882,0.08531250000000001,0.2531175,310.6381658
33,43,27,LE07_023030_20080728,0.06760250000000001,0.07962000000000002,0.08531250000000001,0.2531175,309.817841
34,43,28,LE07_023030_20080728,0.06760250000000001,0.07962000000000002,0.08531250000000001,0.2531175,309.817841
35,43,29,LE07_023030_20080728,0.07153500000000002,0.09037250000000002,0.10057500000000003,0.2450875,309.60934178
37,44,23,LE07_023030_20080728,0.05176249999999999,0.07315749999999999,0.06430249999999998,0.24511500000000003,309.42476869999996
38,44,24,LE07_023030_20080728,0.09304000000000001,0.12235499999999999,0.12711250000000002,0.20881500000000003,311.4584906
39,44,25,LE07_023030_20080728,0.079345,0.10101500000000002,0.11954999999999999,0.24107250000000002,311.45507258
40,44,26,LE07_023030_20080728,0.04585,0.07101249999999998,0.0662275,0.2450875,309.817841
41,44,27,LE07_023030_20080728,0.051817500000000016,0.07101249999999998,0.0681525,0.25309,308.99068016
42,44,28,LE07_023030_20080728,0.05775750000000002,0.073185,0.07200250000000002,0.241045,309.40084256
43,44,29,LE07_023030_20080728,0.05577749999999998,0.07750249999999997,0.07769500000000001,0.24506,309.60934178
44,44,30,LE07_023030_20080728,0.0656775,0.08396500000000001,0.09295750000000003,0.241045,309.60592376
45,45,27,LE07_023030_20080728,0.0597375,0.07533000000000001,0.07579750000000002,0.241045,308.57368171999997
46,45,28,LE07_023030_20080728,0.051844999999999974,0.07101249999999998,0.0681525,0.24506,308.98726214
47,45,29,LE07_023030_20080728,0.0537975,0.07535750000000002,0.07962000000000002,0.25710500000000003,309.60934178
2,39,23,LE07_023030_20080829,0.127415,0.1584625,0.1749075,0.24847000000000002,307.55169374
3,39,24,LE07_023030_20080829,0.127415,0.1584625,0.18081999999999998,0.235875,307.98236426
4,39,25,LE07_023030_20080829,0.11536999999999997,0.14528999999999997,0.1729275,0.22743249999999998,307.98236426
6,40,23,LE07_023030_20080829,0.1012075,0.12095250000000002,0.1314575,0.2610925,307.9037498
7,40,24,LE07_023030_20080829,0.13748,0.1650625,0.18081999999999998,0.2610925,307.62005414
8,40,25,LE07_023030_20080829,0.145455,0.169435,0.18673250000000002,0.2778675,306.53995982000004
9,40,26,LE07_023030_20080829,0.163385,0.18260749999999998,0.19655,0.30718249999999997,304.71815516000004
10,40,27,LE07_023030_20080829,0.187145,0.20658749999999998,0.22784500000000002,0.32802749999999997,304.35242702
11,40,28,LE07_023030_20080829,0.187145,0.20658749999999998,0.22784500000000002,0.32802749999999997,304.35242702
13,41,23,LE07_023030_20080829,0.07678750000000001,0.08982249999999997,0.08773249999999999,0.24008250000000003,307.18938362
14,41,24,LE07_023030_20080829,0.1574175,0.1848075,0.19063750000000002,0.2820475,306.17423168
15,41,25,LE07_023030_20080829,0.2379925,0.26497,0.27459500000000003,0.3572325,303.97986284
21,42,23,LE07_023030_20080829,0.09512999999999999,0.11207,0.11954999999999999,0.2653,306.10245326
22,42,24,LE07_023030_20080829,0.133465,0.14969,0.16902250000000002,0.24429,304.68739298
27,42,29,LE07_023030_20080829,0.16536499999999998,0.18258000000000002,0.20240750000000002,0.29038,304.11316562
29,43,23,LE07_023030_20080829,0.187145,0.204415,0.2200625,0.3406225,304.65321278
35,43,29,LE07_023030_20080829,0.10527750000000002,0.132035,0.1393775,0.25683,304.47889376
37,44,23,LE07_023030_20080829,0.1910775,0.21530500000000002,0.229825,0.3489275,302.81773604
43,44,29,LE07_023030_20080829,0.133465,0.15628999999999998,0.16704249999999998,0.27784000000000003,304.47889376
44,44,30,LE07_023030_20080829,0.169325,0.1912975,0.20634000000000002,0.3029475,305.20693201999995
47,45,29,LE07_023030_20080829,0.145455,0.17163499999999998,0.17884,0.2945875,303.3748733
27,42,29,LE07_023030_20081101,0.10566249999999999,0.12064999999999998,0.12254749999999998,0.1916275,279.95118224
35,43,29,LE07_023030_20081101,0.10238999999999998,0.1206775,0.11625000000000002,0.1960825,279.55810994
43,44,29,LE07_023030_20081101,0.0957075,0.11707499999999998,0.11625000000000002,0.20917249999999998,279.55810994
47,45,29,LE07_023030_20081101,0.09903499999999998,0.11344500000000002,0.11941249999999998,0.2223175,279.16503764000004
2,39,23,LE07_023030_20090205,0.19300250000000002,0.19280999999999998,0.20779750000000002,0.198585,267.63605617999997
3,39,24,LE07_023030_20090205,0.19624750000000002,0.19646750000000002,0.20779750000000002,0.21591,267.98469422
4,39,25,LE07_023030_20090205,0.18324000000000001,0.19646750000000002,0.20457999999999998,0.21591,268.39827464
6,40,23,LE07_023030_20090205,0.17675000000000002,0.1817825,0.2013625,0.224545,268.0496366
7,40,24,LE07_023030_20090205,0.19949250000000002,0.20744,0.21742250000000002,0.224545,268.80843704
8,40,25,LE07_023030_20090205,0.19949250000000002,0.20378249999999998,0.2142325,0.237525,269.21859944
9,40,26,LE07_023030_20090205,0.2188525,0.218385,0.230265,0.2504775,268.80843704
10,40,27,LE07_023030_20090205,0.22528750000000003,0.24385,0.262275,0.2807275,269.21859944
11,40,28,LE07_023030_20090205,0.22528750000000003,0.24385,0.262275,0.2807275,269.21859944
14,41,24,LE07_023030_20090205,0.19300250000000002,0.20378249999999998,0.20779750000000002,0.20724750000000003,269.62534382
2,39,23,LE07_023030_20090309,0.10324250000000001,0.11737750000000002,0.14012000000000002,0.15882000000000002,283.60846363999997
3,39,24,LE07_023030_20090309,0.11267500000000003,0.1355825,0.151725,0.1684175,283.99811792
4,39,25,LE07_023030_20090309,0.10324250000000001,0.12257499999999999,0.14941500000000002,0.1684175,283.99811792
6,40,23,LE07_023030_20090309,0.08201249999999999,0.09914499999999998,0.11685499999999999,0.1652,284.30915774
7,40,24,LE07_023030_20090309,0.11737750000000002,0.13296999999999998,0.15871000000000002,0.17163499999999998,284.35017398
8,40,25,LE07_023030_20090309,0.10324250000000001,0.12257499999999999,0.14473999999999998,0.17163499999999998,284.35017398
9,40,26,LE07_023030_20090309,0.08671499999999999,0.10695500000000002,0.12153000000000003,0.1620375,284.35017398
10,40,27,LE07_023030_20090309,0.10560750000000002,0.11737750000000002,0.14012000000000002,0.18123250000000002,284.35017398
11,40,28,LE07_023030_20090309,0.10560750000000002,0.11737750000000002,0.14012000000000002,0.18123250000000002,284.35017398
13,41,23,LE07_023030_20090309,0.08671499999999999,0.09389249999999999,0.10753249999999998,0.1524125,284.65437776
14,41,24,LE07_023030_20090309,0.10560750000000002,0.11998999999999999,0.14941500000000002,0.1524125,285.39950611999996
15,41,25,LE07_023030_20090309,0.09854000000000002,0.114765,0.12848749999999998,0.146005,285.05086808
16,41,26,LE07_023030_20090309,0.10090500000000002,0.11737750000000002,0.133135,0.15882000000000002,285.05086808
17,41,27,LE07_023030_20090309,0.09381,0.1043425,0.12153000000000003,0.1684175,285.05086808
18,41,28,LE07_023030_20090309,0.09381,0.1043425,0.12153000000000003,0.1684175,285.05086808
21,42,23,LE07_023030_20090309,0.07725500000000002,0.07818999999999998,0.08421250000000002,0.1203475,284.64754172
22,42,24,LE07_023030_20090309,0.08434999999999998,0.10695500000000002,0.12614999999999998,0.13,286.06260199999997
23,42,25,LE07_023030_20090309,0.08671499999999999,0.09650500000000001,0.10984250000000001,0.13,285.36874394
24,42,26,LE07_023030_20090309,0.08201249999999999,0.08866750000000001,0.10054750000000001,0.12356499999999998,285.36874394
25,42,27,LE07_023030_20090309,0.08434999999999998,0.09389249999999999,0.10054750000000001,0.13959749999999999,285.36874394
26,42,28,LE07_023030_20090309,0.08434999999999998,0.09389249999999999,0.10054750000000001,0.13959749999999999,285.36874394
27,42,29,LE07_023030_20090309,0.07964749999999998,0.08866750000000001,0.10054750000000001,0.14922249999999998,285.17733482
29,43,23,LE07_023030_20090309,0.07725500000000002,0.08866750000000001,0.09119749999999999,0.13316250000000002,284.64754172
30,43,24,LE07_023030_20090309,0.08671499999999999,0.10695500000000002,0.1145175,0.146005,285.71738198
31,43,25,LE07_023030_20090309,0.08198499999999997,0.09127999999999997,0.10750500000000002,0.13959749999999999,285.36874394
32,43,26,LE07_023030_20090309,0.07016,0.0808025,0.09353499999999998,0.12678250000000002,285.02352392
33,43,27,LE07_023030_20090309,0.07725500000000002,0.0808025,0.09353499999999998,0.12678250000000002,285.02352392
34,43,28,LE07_023030_20090309,0.07725500000000002,0.0808025,0.09353499999999998,0.12678250000000002,285.02352392
35,43,29,LE07_023030_20090309,0.072525,0.08605499999999999,0.09353499999999998,0.13638,284.48005874
37,44,23,LE07_023030_20090309,0.07249749999999999,0.07557750000000002,0.08187499999999998,0.1203475,284.64754172
38,44,24,LE07_023030_20090309,0.09854000000000002,0.11737750000000002,0.12381249999999999,0.15882000000000002,285.02352392
39,44,25,LE07_023030_20090309,0.0891075,0.09914499999999998,0.1145175,0.1427875,285.02352392
40,44,26,LE07_023030_20090309,0.0748625,0.07557750000000002,0.09353499999999998,0.12678250000000002,284.67146786
41,44,27,LE07_023030_20090309,0.06774000000000002,0.072965,0.08886,0.13,284.67146786
42,44,28,LE07_023030_20090309,0.0748625,0.07557750000000002,0.09119749999999999,0.13,284.32282982000004
43,44,29,LE07_023030_20090309,0.07249749999999999,0.08866750000000001,0.09587250000000003,0.1427875,283.77936464
44,44,30,LE07_023030_20090309,0.0891075,0.0964775,0.10054750000000001,0.14922249999999998,283.77936464
45,45,27,LE07_023030_20090309,0.08198499999999997,0.08602749999999998,0.10054750000000001,0.13638,284.32282982000004
46,45,28,LE07_023030_20090309,0.07962000000000002,0.08602749999999998,0.09353499999999998,0.1427875,283.6187177
47,45,29,LE07_023030_20090309,0.08198499999999997,0.09389249999999999,0.10750500000000002,0.1620375,283.42730858
2,39,23,LE07_023030_20090410,0.09436,0.10668,0.11971500000000002,0.1391575,278.20799204
3,39,24,LE07_023030_20090410,0.0984025,0.11113499999999998,0.12769000000000003,0.1391575,278.9531204
4,39,25,LE07_023030_20090410,0.09843000000000002,0.10890749999999999,0.12571,0.1433375,278.21482807999996
6,40,23,LE07_023030_20090410,0.08421250000000002,0.09317750000000002,0.1058,0.1391575,277.83884588
7,40,24,LE07_023030_20090410,0.0984025,0.10890749999999999,0.12370249999999999,0.1433375,279.32226656
8,40,25,LE07_023030_20090410,0.08421250000000002,0.097715,0.10978749999999998,0.1391575,278.58397424
9,40,26,LE07_023030_20090410,0.08011499999999999,0.09994249999999999,0.11377500000000002,0.1474625,278.21482807999996
10,40,27,LE07_023030_20090410,0.09639500000000001,0.10668,0.11971500000000002,0.15571249999999998,277.84226390000003
11,40,28,LE07_023030_20090410,0.09639500000000001,0.10668,0.11971500000000002,0.15571249999999998,277.84226390000003
13,41,23,LE07_023030_20090410,0.07604499999999997,0.08193,0.09183000000000002,0.1350325,277.83884588
14,41,24,LE07_023030_20090410,0.09232499999999999,0.10668,0.11971500000000002,0.1350325,279.69141272
15,41,25,LE07_023030_20090410,0.09436,0.10890749999999999,0.12172250000000001,0.1391575,278.95653842
16,41,26,LE07_023030_20090410,0.0903175,0.10668,0.11971500000000002,0.1474625,278.21482807999996
17,41,27,LE07_023030_20090410,0.08624749999999998,0.10216999999999998,0.11179499999999998,0.1515875,278.21482807999996
18,41,28,LE07_023030_20090410,0.08624749999999998,0.10216999999999998,0.11179499999999998,0.1515875,278.21482807999996
21,42,23,LE07_023030_20090410,0.0719475,0.08418500000000001,0.08784249999999999,0.126755,277.82859182
22,42,24,LE07_023030_20090410,0.08624749999999998,0.09994249999999999,0.11179499999999998,0.13088,279.2949224
23,42,25,LE07_023030_20090410,0.08828249999999999,0.09543249999999998,0.10777999999999999,0.1350325,279.2949224
24,42,26,LE07_023030_20090410,0.08421250000000002,0.097715,0.11179499999999998,0.1433375,278.55663008
25,42,27,LE07_023030_20090410,0.08011499999999999,0.09320499999999998,0.1058,0.1391575,278.18748392
26,42,28,LE07_023030_20090410,0.08011499999999999,0.09320499999999998,0.1058,0.1391575,278.18748392
27,42,29,LE07_023030_20090410,0.07604499999999997,0.08872249999999998,0.09779749999999998,0.1433375,278.00291084
29,43,23,LE07_023030_20090410,0.07401000000000002,0.0864125,0.09183000000000002,0.126755,278.20115599999997
30,43,24,LE07_023030_20090410,0.08421250000000002,0.09994249999999999,0.10978749999999998,0.1350325,279.2949224
31,43,25,LE07_023030_20090410,0.08011499999999999,0.08644000000000002,0.1058,0.13088,278.92577624
32,43,26,LE07_023030_20090410,0.07807999999999998,0.08644000000000002,0.10181249999999997,0.13088,278.55663008
33,43,27,LE07_023030_20090410,0.07807999999999998,0.09094999999999998,0.10181249999999997,0.1350325,278.18748392
34,43,28,LE07_023030_20090410,0.07807999999999998,0.09094999999999998,0.10181249999999997,0.1350325,278.18748392
35,43,29,LE07_023030_20090410,0.07401000000000002,0.08872249999999998,0.09584500000000001,0.1350325,277.63034666
37,44,23,LE07_023030_20090410,0.07401000000000002,0.08193,0.09383750000000002,0.13088,277.82859182
38,44,24,LE07_023030_20090410,0.08828249999999999,0.10216999999999998,0.10777999999999999,0.1433375,278.92577624
39,44,25,LE07_023030_20090410,0.07197500000000001,0.08418500000000001,0.09980499999999998,0.1391575,278.92577624
40,44,26,LE07_023030_20090410,0.06994,0.08418500000000001,0.09183000000000002,0.13088,278.18748392
41,44,27,LE07_023030_20090410,0.07604499999999997,0.08644000000000002,0.09584500000000001,0.1350325,278.18748392
42,44,28,LE07_023030_20090410,0.06994,0.08644000000000002,0.09980499999999998,0.1350325,277.81491974
43,44,29,LE07_023030_20090410,0.06785000000000002,0.08195750000000002,0.09584500000000001,0.1350325,277.63034666
44,44,30,LE07_023030_20090410,0.08011499999999999,0.08644000000000002,0.09980499999999998,0.1391575,277.63034666
45,45,27,LE07_023030_20090410,0.08011499999999999,0.08644000000000002,0.09584500000000001,0.1350325,277.81491974
46,45,28,LE07_023030_20090410,0.06787749999999998,0.08195750000000002,0.09779749999999998,0.1391575,277.81491974
47,45,29,LE07_023030_20090410,0.06994,0.08418500000000001,0.09383750000000002,0.1515875,277.63034666
2,39,23,LE07_023030_20090512,0.11836750000000001,0.14661000000000002,0.165035,0.20986,302.12387798
3,39,24,LE07_023030_20090512,0.1165525,0.14661000000000002,0.1738075,0.20249,302.88267842
4,39,25,LE07_023030_20090512,0.10404000000000002,0.138745,0.15447500000000003,0.217285,302.23667264
6,40,23,LE07_023030_20090512,0.07708999999999999,0.103105,0.10673500000000002,0.217285,302.44517185999996
7,40,24,LE07_023030_20090512,0.10940250000000001,0.1426775,0.16151500000000002,0.20986,304.1610179
8,40,25,LE07_023030_20090512,0.10404000000000002,0.13082500000000002,0.1386075,0.2172575,303.52184816
9,40,26,LE07_023030_20090512,0.09147250000000001,0.12689250000000002,0.1386075,0.243135,302.88267842
10,40,27,LE07_023030_20090512,0.09510249999999998,0.13082500000000002,0.14036749999999998,0.257875,302.23667264
11,40,28,LE07_023030_20090512,0.09510249999999998,0.13082500000000002,0.14036749999999998,0.257875,302.23667264
13,41,23,LE07_023030_20090512,0.07167249999999997,0.09518500000000002,0.09251749999999997,0.19135249999999998,303.40221746
14,41,24,LE07_023030_20090512,0.11121750000000002,0.15056999999999998,0.15975499999999998,0.19874999999999998,305.11122746
15,41,25,LE07_023030_20090512,0.10943000000000003,0.138745,0.15975499999999998,0.2024625,304.47889376
16,41,26,LE07_023030_20090512,0.10406749999999998,0.134785,0.14036749999999998,0.23571000000000003,303.84314204
17,41,27,LE07_023030_20090512,0.0806925,0.11303249999999998,0.12268499999999999,0.23939500000000002,303.20055428
18,41,28,LE07_023030_20090512,0.0806925,0.11303249999999998,0.12268499999999999,0.23939500000000002,303.20055428
21,42,23,LE07_023030_20090512,0.0662275,0.097165,0.09961249999999999,0.206175,304.02771512
22,42,24,LE07_023030_20090512,0.10225250000000002,0.134785,0.14212750000000002,0.1876675,305.08046528
23,42,25,LE07_023030_20090512,0.09510249999999998,0.12491249999999998,0.1438875,0.1876675,304.76258942
24,42,26,LE07_023030_20090512,0.10225250000000002,0.12689250000000002,0.13329999999999997,0.22462749999999998,304.44471355999997
25,42,27,LE07_023030_20090512,0.08250750000000001,0.10706500000000002,0.11382999999999999,0.2172575,303.80896184
26,42,28,LE07_023030_20090512,0.08250750000000001,0.10706500000000002,0.11382999999999999,0.2172575,303.80896184
27,42,29,LE07_023030_20090512,0.08250750000000001,0.10907250000000002,0.11559000000000003,0.22462749999999998,303.27575072
29,43,23,LE07_023030_20090512,0.0662275,0.09518500000000002,0.09430499999999997,0.21354499999999998,304.66004882
30,43,24,LE07_023030_20090512,0.10225250000000002,0.12095250000000002,0.13506,0.206175,304.76258942
31,43,25,LE07_023030_20090512,0.07167249999999997,0.10907250000000002,0.11207,0.2209425,304.76258942
32,43,26,LE07_023030_20090512,0.07527499999999998,0.09914499999999998,0.1102825,0.2172575,304.44471355999997
33,43,27,LE07_023030_20090512,0.07167249999999997,0.10112500000000002,0.09785250000000001,0.2209425,304.1268377
34,43,28,LE07_023030_20090512,0.07167249999999997,0.10112500000000002,0.09785250000000001,0.2209425,304.1268377
35,43,29,LE07_023030_20090512,0.07348749999999998,0.10508499999999998,0.1102825,0.2209425,303.27575072
37,44,23,LE07_023030_20090512,0.0680425,0.09116999999999997,0.09606500000000001,0.19874999999999998,304.66004882
38,44,24,LE07_023030_20090512,0.09867749999999997,0.1169925,0.13329999999999997,0.23942249999999998,305.39492312
39,44,25,LE07_023030_20090512,0.0680425,0.10508499999999998,0.09785250000000001,0.243135,305.08046528
40,44,26,LE07_023030_20090512,0.06262499999999999,0.08322249999999998,0.08897,0.2283675,304.1268377
41,44,27,LE07_023030_20090512,0.0680425,0.09315000000000001,0.0871825,0.22097,303.49108598
42,44,28,LE07_023030_20090512,0.0662275,0.08520250000000001,0.09251749999999997,0.20986,303.49108598
43,44,29,LE07_023030_20090512,0.06441249999999998,0.0871825,0.09075749999999999,0.21354499999999998,303.27575072
44,44,30,LE07_023030_20090512,0.06983,0.09914499999999998,0.1014275,0.2320525,302.95787486
45,45,27,LE07_023030_20090512,0.06441249999999998,0.09315000000000001,0.0871825,0.22097,303.80896184
46,45,28,LE07_023030_20090512,0.05718000000000001,0.08322249999999998,0.08542250000000001,0.224655,303.49108598
47,45,29,LE07_023030_20090512,0.06262499999999999,0.08918999999999999,0.0871825,0.26893,302.95787486
27,42,29,LE07_023030_20090731,0.157225,0.17298249999999998,0.18808000000000002,0.32117999999999997,305.1693338
41,44,27,LE07_023030_20090731,0.13668249999999998,0.16632750000000002,0.17432999999999998,0.3375425,299.71417388
2,39,23,LE07_023030_20090901,0.08907999999999999,0.11069499999999999,0.12455500000000003,0.21563500000000002,302.127296
3,39,24,LE07_023030_20090901,0.10150999999999999,0.13552750000000002,0.14471250000000002,0.19008750000000002,302.88951446
4,39,25,LE07_023030_20090901,0.10360000000000003,0.1287625,0.1466925,0.2156075,303.2210624
6,40,23,LE07_023030_20090901,0.05979249999999997,0.07428499999999999,0.07392749999999998,0.2283675,302.79039188
7,40,24,LE07_023030_20090901,0.10566249999999999,0.12199749999999998,0.150735,0.20287500000000003,304.2122882
8,40,25,LE07_023030_20090901,0.0723875,0.11069499999999999,0.12252000000000002,0.224105,304.2122882
9,40,26,LE07_023030_20090901,0.06193749999999998,0.085725,0.09218749999999998,0.257985,304.2122882
10,40,27,LE07_023030_20090901,0.0723875,0.09482750000000001,0.0982925,0.26222,303.55261034
11,40,28,LE07_023030_20090901,0.0723875,0.09482750000000001,0.0982925,0.26222,303.55261034
13,41,23,LE07_023030_20090901,0.045052499999999995,0.0651275,0.06575999999999999,0.21139999999999998,303.45006974
14,41,24,LE07_023030_20090901,0.08905249999999998,0.103875,0.13464749999999998,0.18159000000000003,305.84610176
15,41,25,LE07_023030_20090901,0.097385,0.13104500000000002,0.138635,0.18582500000000002,305.52138986
16,41,26,LE07_023030_20090901,0.09116999999999997,0.12425249999999999,0.13261250000000002,0.22834,304.86854804
17,41,27,LE07_023030_20090901,0.07447749999999997,0.09482750000000001,0.09422249999999999,0.24528,304.2122882
18,41,28,LE07_023030_20090901,0.07447749999999997,0.09482750000000001,0.09422249999999999,0.24528,304.2122882
21,42,23,LE07_023030_20090901,0.036610000000000004,0.05828,0.057620000000000005,0.21989750000000002,303.43981568000004
22,42,24,LE07_023030_20090901,0.08281,0.10615750000000002,0.12252000000000002,0.16454000000000002,306.14005148
23,42,25,LE07_023030_20090901,0.08072000000000001,0.09933750000000002,0.11443500000000001,0.19008750000000002,305.49062768
24,42,26,LE07_023030_20090901,0.07235999999999998,0.10841250000000002,0.11042000000000002,0.20287500000000003,304.50965594
25,42,27,LE07_023030_20090901,0.06402750000000001,0.08344249999999998,0.08611000000000002,0.20711000000000002,304.178108
26,42,28,LE07_023030_20090901,0.06402750000000001,0.08344249999999998,0.08611000000000002,0.20711000000000002,304.178108
27,42,29,LE07_023030_20090901,0.06614500000000001,0.0925725,0.09017999999999998,0.22831250000000003,303.96960878
29,43,23,LE07_023030_20090901,0.047142500000000004,0.06743749999999998,0.06776749999999998,0.2326025,303.11168576
30,43,24,LE07_023030_20090901,0.08487250000000002,0.11292249999999998,0.11443500000000001,0.19011499999999998,305.81533958
31,43,25,LE07_023030_20090901,0.05137750000000002,0.07656750000000001,0.08814499999999997,0.22834,304.83778586
32,43,26,LE07_023030_20090901,0.05140499999999998,0.0743125,0.067795,0.23681000000000002,303.84997808
33,43,27,LE07_023030_20090901,0.04508000000000001,0.067465,0.067795,0.23681000000000002,303.84997808
34,43,28,LE07_023030_20090901,0.04508000000000001,0.067465,0.067795,0.23681000000000002,303.84997808
35,43,29,LE07_023030_20090901,0.053549999999999986,0.0743125,0.08206750000000002,0.22407749999999999,303.96960878
37,44,23,LE07_023030_20090901,0.04290749999999999,0.058252499999999985,0.057620000000000005,0.2241325,302.78013782
38,44,24,LE07_023030_20090901,0.0869625,0.11292249999999998,0.11850500000000003,0.19863999999999998,305.49062768
39,44,25,LE07_023030_20090901,0.05770249999999999,0.07884999999999998,0.0962575,0.21563500000000002,304.83778586
40,44,26,LE07_023030_20090901,0.0387275,0.05602499999999999,0.049479999999999996,0.21563500000000002,303.51843013999996
41,44,27,LE07_023030_20090901,0.04084499999999999,0.06058999999999998,0.055584999999999996,0.22834,303.19030022
42,44,28,LE07_023030_20090901,0.036665,0.05830750000000001,0.053549999999999986,0.2198425,303.51843013999996
43,44,29,LE07_023030_20090901,0.04299,0.058335000000000026,0.059709999999999985,0.22407749999999999,303.30993092
44,44,30,LE07_023030_20090901,0.04934250000000001,0.0743125,0.07596249999999999,0.2198425,303.63806084
45,45,27,LE07_023030_20090901,0.04508000000000001,0.05830750000000001,0.05968249999999997,0.20713750000000003,303.1868822
46,45,28,LE07_023030_20090901,0.040872500000000006,0.06058999999999998,0.053549999999999986,0.2198425,303.1868822
47,45,29,LE07_023030_20090901,0.040872500000000006,0.06058999999999998,0.059709999999999985,0.23681000000000002,303.30993092
2,39,23,LE07_023030_20091019,0.1052225,0.127745,0.14628000000000002,0.20337,289.84293212
3,39,24,LE07_023030_20091019,0.1080275,0.14295249999999998,0.15433750000000002,0.20337,290.22233234
4,39,25,LE07_023030_20091019,0.10525000000000001,0.12472,0.15433750000000002,0.20337,290.22233234
6,40,23,LE07_023030_20091019,0.06603500000000001,0.1003,0.11113499999999998,0.21483750000000001,290.67351098
7,40,24,LE07_023030_20091019,0.1080275,0.13990000000000002,0.15703250000000002,0.21483750000000001,290.63591276
8,40,25,LE07_023030_20091019,0.10244500000000001,0.127745,0.14089000000000002,0.23199750000000002,290.21891432
9,40,26,LE07_023030_20091019,0.09130749999999999,0.11556250000000001,0.1354725,0.23771750000000003,290.63933078
10,40,27,LE07_023030_20091019,0.09411249999999999,0.12166749999999998,0.14358500000000002,0.23199750000000002,290.63933078
11,40,28,LE07_023030_20091019,0.09411249999999999,0.12166749999999998,0.14358500000000002,0.23199750000000002,290.63933078
13,41,23,LE07_023030_20091019,0.05756499999999998,0.08193,0.08401999999999998,0.20909,291.08709139999996
14,41,24,LE07_023030_20091019,0.1080275,0.1338225,0.15703250000000002,0.19187500000000002,291.46649162
15,41,25,LE07_023030_20091019,0.10244500000000001,0.11556250000000001,0.1300825,0.19762249999999998,290.63591276
16,41,26,LE07_023030_20091019,0.08850249999999998,0.10643249999999999,0.1165525,0.20337,290.63591276
17,41,27,LE07_023030_20091019,0.08008749999999998,0.10032750000000001,0.10841250000000002,0.20337,291.0529112
18,41,28,LE07_023030_20091019,0.08008749999999998,0.10032750000000001,0.10841250000000002,0.20337,291.0529112
21,42,23,LE07_023030_20091019,0.0632025,0.07884999999999998,0.09216000000000002,0.19762249999999998,291.07683734
22,42,24,LE07_023030_20091019,0.09408499999999997,0.12472,0.14089000000000002,0.16319250000000002,291.85272788
23,42,25,LE07_023030_20091019,0.08850249999999998,0.1003,0.12466500000000003,0.1746875,291.43914745999996
24,42,26,LE07_023030_20091019,0.08289249999999998,0.10643249999999999,0.11113499999999998,0.1746875,291.02556704
25,42,27,LE07_023030_20091019,0.07167249999999997,0.091115,0.10571750000000002,0.180435,291.43914745999996
26,42,28,LE07_023030_20091019,0.07167249999999997,0.091115,0.10571750000000002,0.180435,291.43914745999996
27,42,29,LE07_023030_20091019,0.07450499999999999,0.08806249999999999,0.09216000000000002,0.18618250000000003,291.25115636
29,43,23,LE07_023030_20091019,0.06039749999999999,0.07574249999999999,0.08401999999999998,0.18618250000000003,291.07683734
30,43,24,LE07_023030_20091019,0.09688999999999998,0.11253750000000001,0.1192475,0.18618250000000003,291.85272788
31,43,25,LE07_023030_20091019,0.05756499999999998,0.08193,0.0867425,0.20337,291.43914745999996
32,43,26,LE07_023030_20091019,0.06039749999999999,0.08193,0.08401999999999998,0.19187500000000002,291.02214902000003
33,43,27,LE07_023030_20091019,0.05473250000000002,0.08193,0.09488249999999998,0.19187500000000002,291.43572944
34,43,28,LE07_023030_20091019,0.05473250000000002,0.08193,0.09488249999999998,0.19187500000000002,291.43572944
35,43,29,LE07_023030_20091019,0.06323000000000001,0.08193,0.08129750000000002,0.20337,290.83757593999997
37,44,23,LE07_023030_20091019,0.05756499999999998,0.07268999999999998,0.07040750000000001,0.1746875,291.48699974
38,44,24,LE07_023030_20091019,0.09408499999999997,0.11556250000000001,0.12466500000000003,0.19187500000000002,291.43914745999996
39,44,25,LE07_023030_20091019,0.07450499999999999,0.08498250000000002,0.10571750000000002,0.19187500000000002,291.02214902000003
40,44,26,LE07_023030_20091019,0.049122499999999986,0.06345,0.0595175,0.19187500000000002,291.02214902000003
41,44,27,LE07_023030_20091019,0.05473250000000002,0.07268999999999998,0.0867425,0.20337,291.02214902000003
42,44,28,LE07_023030_20091019,0.051927500000000015,0.06655749999999999,0.07585249999999999,0.20909,291.02214902000003
43,44,29,LE07_023030_20091019,0.051927500000000015,0.06961,0.06496249999999998,0.20909,290.83757593999997
44,44,30,LE07_023030_20091019,0.06039749999999999,0.08193,0.0867425,0.20909,290.42399552
45,45,27,LE07_023030_20091019,0.05473250000000002,0.07574249999999999,0.08129750000000002,0.19762249999999998,290.6085686
46,45,28,LE07_023030_20091019,0.054759999999999975,0.06961,0.07312999999999997,0.19187500000000002,290.6085686
47,45,29,LE07_023030_20091019,0.06323000000000001,0.06961,0.07040750000000001,0.20909,290.42399552
2,39,23,LE07_023030_20091206,0.10205999999999998,0.12026500000000001,0.1303025,0.17818,276.09565568
3,39,24,LE07_023030_20091206,0.13528,0.13574750000000002,0.16558499999999998,0.18975750000000002,276.46480184
4,39,25,LE07_023030_20091206,0.11154750000000002,0.13055,0.1347025,0.1839825,276.46480184
6,40,23,LE07_023030_20091206,0.09251749999999997,0.09955750000000002,0.11702000000000001,0.17818,276.47847392
7,40,24,LE07_023030_20091206,0.11157499999999998,0.13055,0.14795750000000002,0.17237750000000002,276.8510381
8,40,25,LE07_023030_20091206,0.11154750000000002,0.12026500000000001,0.13912999999999998,0.17818,277.23385634
9,40,26,LE07_023030_20091206,0.08770499999999998,0.10472749999999997,0.1169925,0.17818,277.23385634
10,40,27,LE07_023030_20091206,0.0924625,0.10472749999999997,0.1258475,0.18978499999999998,277.23385634
11,40,28,LE07_023030_20091206,0.0924625,0.10472749999999997,0.1258475,0.18978499999999998,277.23385634
13,41,23,LE07_023030_20091206,0.08292,0.09438750000000001,0.10368250000000001,0.15494249999999998,276.86129216
14,41,24,LE07_023030_20091206,0.10681750000000001,0.12026500000000001,0.13912999999999998,0.16074500000000003,277.61667458
15,41,25,LE07_023030_20091206,0.09249000000000002,0.115095,0.12144749999999999,0.1375075,277.61667458
16,41,26,LE07_023030_20091206,0.08767750000000002,0.10989749999999998,0.12144749999999999,0.15494249999999998,277.61667458
17,41,27,LE07_023030_20091206,0.08767750000000002,0.09953000000000001,0.11253750000000001,0.17237750000000002,277.61667458
18,41,28,LE07_023030_20091206,0.08767750000000002,0.09953000000000001,0.11253750000000001,0.17237750000000002,277.61667458
21,42,23,LE07_023030_20091206,0.08292,0.08916249999999998,0.0948,0.1375075,277.23727436
22,42,24,LE07_023030_20091206,0.11154750000000002,0.12026500000000001,0.13912999999999998,0.15494249999999998,277.20651218
23,42,25,LE07_023030_20091206,0.09249000000000002,0.09955750000000002,0.10368250000000001,0.1316775,277.20651218
24,42,26,LE07_023030_20091206,0.0924625,0.08913500000000002,0.10368250000000001,0.1316775,277.58933042
25,42,27,LE07_023030_20091206,0.07807999999999998,0.08913500000000002,0.09034500000000001,0.14331,277.58933042
26,42,28,LE07_023030_20091206,0.07807999999999998,0.08913500000000002,0.09034500000000001,0.14331,277.58933042
27,42,29,LE07_023030_20091206,0.08286500000000002,0.09436,0.09034500000000001,0.15494249999999998,277.40817536
29,43,23,LE07_023030_20091206,0.09249000000000002,0.09438750000000001,0.1081375,0.15494249999999998,277.23727436
30,43,24,LE07_023030_20091206,0.10679,0.12026500000000001,0.1303025,0.17818,277.20651218
31,43,25,LE07_023030_20091206,0.08289249999999998,0.0839375,0.0948,0.15494249999999998,277.20651218
32,43,26,LE07_023030_20091206,0.06845499999999999,0.0839375,0.0814625,0.1316775,277.20651218
33,43,27,LE07_023030_20091206,0.07326749999999999,0.07873999999999998,0.08589000000000002,0.14914,277.20651218
34,43,28,LE07_023030_20091206,0.07326749999999999,0.07873999999999998,0.08589000000000002,0.14914,277.20651218
35,43,29,LE07_023030_20091206,0.07807999999999998,0.0839375,0.08143499999999998,0.14331,277.02535711999997
37,44,23,LE07_023030_20091206,0.0781075,0.07876749999999999,0.07255250000000002,0.1200175,277.23727436
38,44,24,LE07_023030_20091206,0.10679,0.12026500000000001,0.1303025,0.16657500000000003,276.82369394
39,44,25,LE07_023030_20091206,0.08767750000000002,0.08913500000000002,0.09925499999999998,0.16077249999999998,276.82369394
40,44,26,LE07_023030_20091206,0.07326749999999999,0.0839375,0.09477249999999998,0.14914,276.82369394
41,44,27,LE07_023030_20091206,0.08289249999999998,0.0839375,0.09034500000000001,0.16077249999999998,276.82369394
42,44,28,LE07_023030_20091206,0.06845499999999999,0.07354250000000001,0.07697999999999999,0.14914,277.20651218
43,44,29,LE07_023030_20091206,0.07326749999999999,0.07873999999999998,0.08143499999999998,0.16077249999999998,277.02535711999997
44,44,30,LE07_023030_20091206,0.08286500000000002,0.08390999999999998,0.09034500000000001,0.19558750000000003,276.25630262
45,45,27,LE07_023030_20091206,0.06845499999999999,0.08913500000000002,0.09034500000000001,0.15494249999999998,276.82369394
46,45,28,LE07_023030_20091206,0.07807999999999998,0.08913500000000002,0.08586250000000001,0.14331,277.20651218
47,45,29,LE07_023030_20091206,0.08286500000000002,0.0891075,0.09034500000000001,0.16077249999999998,277.02535711999997
2,39,23,LE07_023030_20100328,0.1023075,0.12029250000000002,0.1338225,0.15975499999999998,287.62121912
3,39,24,LE07_023030_20100328,0.10659750000000001,0.12989,0.14867249999999999,0.15975499999999998,288.01770944
4,39,25,LE07_023030_20100328,0.10659750000000001,0.12268499999999999,0.14232,0.15975499999999998,288.01770944
6,40,23,LE07_023030_20100328,0.08509250000000002,0.103435,0.1167725,0.15975499999999998,288.67055126
7,40,24,LE07_023030_20100328,0.09584500000000001,0.12268499999999999,0.1444375,0.1641825,288.72182155999997
8,40,25,LE07_023030_20100328,0.09801749999999998,0.11308750000000001,0.1252975,0.1641825,289.07387761999996
9,40,26,LE07_023030_20100328,0.0937,0.11548000000000003,0.12956,0.1686375,289.07387761999996
10,40,27,LE07_023030_20100328,0.1023075,0.12029250000000002,0.1402025,0.18629250000000003,289.07387761999996
11,40,28,LE07_023030_20100328,0.1023075,0.12029250000000002,0.1402025,0.18629250000000003,289.07387761999996
13,41,23,LE07_023030_20100328,0.07643,0.08894249999999998,0.09975,0.1509275,289.0191893
14,41,24,LE07_023030_20100328,0.10016249999999999,0.12029250000000002,0.1338225,0.1509275,289.42251566
15,41,25,LE07_023030_20100328,0.1023075,0.12510500000000002,0.1402025,0.1641825,289.42251566
16,41,26,LE07_023030_20100328,0.10016249999999999,0.12749749999999999,0.13594,0.17743750000000003,289.42251566
17,41,27,LE07_023030_20100328,0.0937,0.11545250000000001,0.1338225,0.18629250000000003,289.42251566
18,41,28,LE07_023030_20100328,0.0937,0.11545250000000001,0.1338225,0.18629250000000003,289.42251566
21,42,23,LE07_023030_20100328,0.08074749999999997,0.0865225,0.1018675,0.14650000000000002,289.01235326
22,42,24,LE07_023030_20100328,0.09152749999999998,0.11308750000000001,0.1252975,0.14650000000000002,289.74039152
23,42,25,LE07_023030_20100328,0.0937,0.11545250000000001,0.1338225,0.15535500000000002,289.39175348000003
24,42,26,LE07_023030_20100328,0.09584500000000001,0.11545250000000001,0.127415,0.1686375,289.39175348000003
25,42,27,LE07_023030_20100328,0.08509250000000002,0.10585499999999998,0.11894500000000002,0.1686375,289.39175348000003
26,42,28,LE07_023030_20100328,0.08509250000000002,0.10585499999999998,0.11894500000000002,0.1686375,289.39175348000003
27,42,29,LE07_023030_20100328,0.085065,0.103435,0.12106250000000002,0.17743750000000003,288.49623224
29,43,23,LE07_023030_20100328,0.078575,0.09378249999999999,0.11253750000000001,0.15535500000000002,289.01235326
30,43,24,LE07_023030_20100328,0.0937,0.11066749999999997,0.127415,0.16860999999999998,289.74039152
31,43,25,LE07_023030_20100328,0.07640249999999998,0.10101500000000002,0.12318000000000001,0.15975499999999998,289.39175348000003
32,43,26,LE07_023030_20100328,0.09152749999999998,0.09620250000000002,0.11894500000000002,0.15975499999999998,289.04311544
33,43,27,LE07_023030_20100328,0.07640249999999998,0.09620250000000002,0.11253750000000001,0.15535500000000002,289.04311544
34,43,28,LE07_023030_20100328,0.07640249999999998,0.09620250000000002,0.11253750000000001,0.15535500000000002,289.04311544
35,43,29,LE07_023030_20100328,0.078575,0.09620250000000002,0.1103925,0.1641825,288.49623224
37,44,23,LE07_023030_20100328,0.07425749999999998,0.08894249999999998,0.10827500000000001,0.1509275,288.66371522
38,44,24,LE07_023030_20100328,0.1044525,0.11308750000000001,0.1338225,0.1730375,289.74039152
39,44,25,LE07_023030_20100328,0.0720575,0.0986225,0.11253750000000001,0.15975499999999998,289.04311544
40,44,26,LE07_023030_20100328,0.07640249999999998,0.08894249999999998,0.103985,0.1641825,288.69105937999996
41,44,27,LE07_023030_20100328,0.08072000000000001,0.09378249999999999,0.1103925,0.15975499999999998,288.69105937999996
42,44,28,LE07_023030_20100328,0.06988499999999997,0.0865225,0.103985,0.15535500000000002,288.69105937999996
43,44,29,LE07_023030_20100328,0.06988499999999997,0.0865225,0.097605,0.16860999999999998,288.14417618
44,44,30,LE07_023030_20100328,0.08723750000000002,0.103435,0.11894500000000002,0.17743750000000003,287.79212012
45,45,27,LE07_023030_20100328,0.078575,0.09378249999999999,0.10613,0.15975499999999998,288.33900331999996
46,45,28,LE07_023030_20100328,0.07640249999999998,0.09378249999999999,0.10613,0.1641825,288.69105937999996
47,45,29,LE07_023030_20100328,0.07640249999999998,0.09378249999999999,0.10827500000000001,0.18629250000000003,288.49623224
2,39,23,LE07_023030_20100413,0.10632249999999999,0.12502249999999998,0.140725,0.18145250000000002,293.08321508
3,39,24,LE07_023030_20100413,0.10632249999999999,0.13709500000000002,0.14284249999999998,0.17251500000000003,293.87961373999997
4,39,25,LE07_023030_20100413,0.10632249999999999,0.13228250000000003,0.14922249999999998,0.181425,294.2829401
6,40,23,LE07_023030_20100413,0.09284749999999997,0.10799999999999998,0.11303249999999998,0.18588,293.8898678
7,40,24,LE07_023030_20100413,0.10406749999999998,0.12983499999999998,0.14284249999999998,0.18588,295.0861748
8,40,25,LE07_023030_20100413,0.09510249999999998,0.11286750000000001,0.1258475,0.18588,295.0861748
9,40,26,LE07_023030_20100413,0.09961249999999999,0.11286750000000001,0.11943999999999999,0.19030750000000002,295.0861748
10,40,27,LE07_023030_20100413,0.09512999999999999,0.12502249999999998,0.134345,0.2036175,294.68626645999996
11,40,28,LE07_023030_20100413,0.09512999999999999,0.12502249999999998,0.134345,0.2036175,294.68626645999996
13,41,23,LE07_023030_20100413,0.07937250000000001,0.090895,0.10021750000000001,0.17251500000000003,294.68968448
14,41,24,LE07_023030_20100413,0.09961249999999999,0.12502249999999998,0.134345,0.17251500000000003,295.88599148000003
15,41,25,LE07_023030_20100413,0.10406749999999998,0.12983499999999998,0.140725,0.181425,295.88599148000003
16,41,26,LE07_023030_20100413,0.10854999999999998,0.12502249999999998,0.140725,0.2036175,295.48608314
17,41,27,LE07_023030_20100413,0.0929025,0.12015500000000001,0.1322275,0.20804499999999998,295.0861748
18,41,28,LE07_023030_20100413,0.0929025,0.12015500000000001,0.1322275,0.20804499999999998,295.0861748
21,42,23,LE07_023030_20100413,0.08162750000000002,0.09337000000000001,0.0959275,0.17699750000000003,294.67943042
22,42,24,LE07_023030_20100413,0.10406749999999998,0.12015500000000001,0.1364625,0.163605,296.25171962
23,42,25,LE07_023030_20100413,0.09287499999999999,0.12015500000000001,0.1322275,0.163605,295.45873898
24,42,26,LE07_023030_20100413,0.10406749999999998,0.12015500000000001,0.1322275,0.1947625,295.45873898
25,42,27,LE07_023030_20100413,0.09287499999999999,0.115315,0.11943999999999999,0.194735,295.05883064
26,42,28,LE07_023030_20100413,0.09287499999999999,0.115315,0.11943999999999999,0.194735,295.05883064
27,42,29,LE07_023030_20100413,0.09064749999999999,0.11044749999999998,0.11303249999999998,0.19918999999999998,294.06418682000003
29,43,23,LE07_023030_20100413,0.08162750000000002,0.09578999999999999,0.0980725,0.18588,294.2829401
30,43,24,LE07_023030_20100413,0.09735749999999999,0.12983499999999998,0.1364625,0.18588,295.8552293
31,43,25,LE07_023030_20100413,0.09064749999999999,0.11044749999999998,0.11517749999999999,0.1947625,295.45873898
32,43,26,LE07_023030_20100413,0.08839249999999998,0.10313250000000002,0.11729499999999998,0.181425,294.6589223
33,43,27,LE07_023030_20100413,0.08842,0.1055525,0.11091499999999999,0.181425,294.6589223
34,43,28,LE07_023030_20100413,0.08842,0.1055525,0.11091499999999999,0.181425,294.6589223
35,43,29,LE07_023030_20100413,0.08388250000000003,0.10071249999999998,0.10665249999999998,0.19918999999999998,293.66086046
37,44,23,LE07_023030_20100413,0.0816,0.09823749999999998,0.0980725,0.17699750000000003,294.2829401
38,44,24,LE07_023030_20100413,0.09287499999999999,0.12502249999999998,0.12370249999999999,0.1947625,295.8552293
39,44,25,LE07_023030_20100413,0.09061999999999998,0.10071249999999998,0.10665249999999998,0.20804499999999998,295.05883064
40,44,26,LE07_023030_20100413,0.07260749999999999,0.09092250000000002,0.09810000000000002,0.18588,294.6589223
41,44,27,LE07_023030_20100413,0.08388250000000003,0.10071249999999998,0.10238999999999998,0.19918999999999998,293.85226958
42,44,28,LE07_023030_20100413,0.08165499999999998,0.09823749999999998,0.10024499999999997,0.18588,293.44894322
43,44,29,LE07_023030_20100413,0.07260749999999999,0.0958175,0.09595500000000001,0.194735,292.85078971999997
44,44,30,LE07_023030_20100413,0.07940000000000003,0.10313250000000002,0.10665249999999998,0.2036175,293.2575341
45,45,27,LE07_023030_20100413,0.08613749999999998,0.09823749999999998,0.10024499999999997,0.19918999999999998,293.85226958
46,45,28,LE07_023030_20100413,0.07260749999999999,0.09339750000000002,0.09595500000000001,0.19030750000000002,293.44894322
47,45,29,LE07_023030_20100413,0.0748625,0.09092250000000002,0.08737499999999998,0.2301825,293.66427848
2,39,23,LE07_023030_20100702,0.10236250000000002,0.13522499999999998,0.14988249999999997,0.24022,309.7323905
3,39,24,LE07_023030_20100702,0.11267500000000003,0.1446575,0.1601125,0.2147,310.51511708
4,39,25,LE07_023030_20100702,0.10065750000000001,0.13712249999999998,0.15670250000000002,0.24387750000000002,310.17331508
6,40,23,LE07_023030_20100702,0.05720750000000002,0.08198499999999997,0.08831,0.29104,310.07077447999995
7,40,24,LE07_023030_20100702,0.11267500000000003,0.13522499999999998,0.1532925,0.24019250000000003,311.19188504
8,40,25,LE07_023030_20100702,0.07986749999999998,0.11058499999999999,0.11234499999999997,0.28378000000000003,311.53026902
9,40,26,LE07_023030_20100702,0.058967500000000006,0.09534999999999999,0.0951575,0.2983,310.85350106
10,40,27,LE07_023030_20100702,0.08333249999999998,0.10868749999999999,0.115755,0.2983,310.85350106
11,40,28,LE07_023030_20100702,0.08333249999999998,0.10868749999999999,0.115755,0.2983,310.85350106
13,41,23,LE07_023030_20100702,0.04846249999999999,0.07049,0.07626499999999997,0.2329325,311.75244032
14,41,24,LE07_023030_20100702,0.10236250000000002,0.133355,0.14988249999999997,0.200125,313.53664676
15,41,25,LE07_023030_20100702,0.11099750000000003,0.13522499999999998,0.1515875,0.21835749999999998,313.20168079999996
16,41,26,LE07_023030_20100702,0.08682499999999999,0.12197000000000002,0.125985,0.2547675,312.20020094
17,41,27,LE07_023030_20100702,0.07293749999999999,0.09724749999999999,0.10547000000000001,0.2692875,311.53026902
18,41,28,LE07_023030_20100702,0.07293749999999999,0.09724749999999999,0.10547000000000001,0.2692875,311.53026902
21,42,23,LE07_023030_20100702,0.05019499999999999,0.0723875,0.07112249999999998,0.22930250000000002,313.07521406
22,42,24,LE07_023030_20100702,0.091995,0.12576500000000002,0.1379475,0.181865,314.8252403
23,42,25,LE07_023030_20100702,0.091995,0.10868749999999999,0.125985,0.20378249999999998,313.83401449999997
24,42,26,LE07_023030_20100702,0.08333249999999998,0.11817499999999997,0.12257499999999999,0.22930250000000002,312.83595266
25,42,27,LE07_023030_20100702,0.0746425,0.091555,0.0986225,0.24385,311.83105478
26,42,28,LE07_023030_20100702,0.0746425,0.091555,0.0986225,0.24385,311.83105478
27,42,29,LE07_023030_20100702,0.06944499999999998,0.0934525,0.09004250000000003,0.25837,311.95068548
29,43,23,LE07_023030_20100702,0.05893999999999999,0.08578000000000002,0.0831675,0.2475075,313.07521406
30,43,24,LE07_023030_20100702,0.085065,0.11625000000000002,0.11746000000000001,0.21835749999999998,314.16556244000003
31,43,25,LE07_023030_20100702,0.05723499999999998,0.08198499999999997,0.10032750000000001,0.2475075,312.83595266
32,43,26,LE07_023030_20100702,0.06422,0.0934525,0.09174749999999998,0.24747999999999998,312.16943876
33,43,27,LE07_023030_20100702,0.058967500000000006,0.08198499999999997,0.08489999999999998,0.25474,311.83105478
34,43,28,LE07_023030_20100702,0.058967500000000006,0.08198499999999997,0.08489999999999998,0.25474,311.83105478
35,43,29,LE07_023030_20100702,0.05374249999999997,0.08390999999999998,0.08489999999999998,0.25111,311.95068548
37,44,23,LE07_023030_20100702,0.04670250000000001,0.06856499999999999,0.067685,0.24387750000000002,312.40870015999997
38,44,24,LE07_023030_20100702,0.09372750000000002,0.12007250000000003,0.11916500000000002,0.2147,314.49369235999995
39,44,25,LE07_023030_20100702,0.055475,0.07816250000000002,0.08831,0.24385,313.17091862
40,44,26,LE07_023030_20100702,0.044942499999999996,0.07626499999999997,0.06592500000000001,0.25837,311.83105478
41,44,27,LE07_023030_20100702,0.046729999999999994,0.07241500000000001,0.06941750000000002,0.262,311.49608881999995
42,44,28,LE07_023030_20100702,0.048490000000000005,0.0685925,0.06422,0.25111,312.16943876
43,44,29,LE07_023030_20100702,0.046729999999999994,0.0743125,0.07456000000000002,0.262,312.28223342
44,44,30,LE07_023030_20100702,0.06944499999999998,0.08390999999999998,0.08831,0.25111,312.61719938
45,45,27,LE07_023030_20100702,0.046729999999999994,0.07049,0.06422,0.25111,311.15770484
46,45,28,LE07_023030_20100702,0.046729999999999994,0.06666749999999999,0.06595250000000002,0.25474,311.83105478
47,45,29,LE07_023030_20100702,0.048490000000000005,0.07816250000000002,0.06941750000000002,0.2982725,311.61571951999997
2,39,23,LE07_023030_20100803,0.1041225,0.13407000000000002,0.1460325,0.2587,313.91262896
3,39,24,LE07_023030_20100803,0.11825750000000002,0.15169749999999999,0.16748249999999998,0.22919250000000002,314.31937333999997
4,39,25,LE07_023030_20100803,0.10211500000000001,0.140725,0.1596725,0.2544925,314.31937333999997
6,40,23,LE07_023030_20100803,0.06531999999999999,0.08968500000000001,0.09493750000000001,0.288125,313.9023749
7,40,24,LE07_023030_20100803,0.10211500000000001,0.13629750000000002,0.163605,0.250285,316.03521938
8,40,25,LE07_023030_20100803,0.07973000000000002,0.10976000000000002,0.10681750000000001,0.29225,315.46099202
9,40,26,LE07_023030_20100803,0.0695,0.09865000000000002,0.09889750000000003,0.31315,314.89018268
10,40,27,LE07_023030_20100803,0.0838275,0.11201499999999998,0.1166625,0.3131225,314.89018268
11,40,28,LE07_023030_20100803,0.0838275,0.11201499999999998,0.1166625,0.3131225,314.89018268
13,41,23,LE07_023030_20100803,0.04884749999999999,0.07178249999999997,0.073185,0.2376625,314.46976622
14,41,24,LE07_023030_20100803,0.09801749999999998,0.13409749999999998,0.1538425,0.216515,317.166584
15,41,25,LE07_023030_20100803,0.11020000000000002,0.140725,0.1538425,0.22075,317.166584
16,41,26,LE07_023030_20100803,0.08586250000000001,0.12084250000000002,0.1245,0.2586725,317.166584
17,41,27,LE07_023030_20100803,0.07566,0.10313250000000002,0.10876999999999998,0.26708750000000003,316.59577465999996
18,41,28,LE07_023030_20100803,0.07566,0.10313250000000002,0.10876999999999998,0.26708750000000003,316.59577465999996
21,42,23,LE07_023030_20100803,0.05500749999999999,0.07403749999999998,0.07714500000000002,0.24187000000000003,315.60454886
22,42,24,LE07_023030_20100803,0.09191250000000001,0.12307000000000001,0.13822250000000003,0.19534,319.38829699999997
23,42,25,LE07_023030_20100803,0.08787,0.11861500000000003,0.128405,0.20804499999999998,318.81748766
24,42,26,LE07_023030_20100803,0.07975749999999998,0.10753249999999998,0.11858750000000001,0.22075,318.25693237999997
25,42,27,LE07_023030_20100803,0.06542999999999999,0.09196749999999998,0.0930125,0.2334,317.12556775999997
26,42,28,LE07_023030_20100803,0.06542999999999999,0.09196749999999998,0.0930125,0.2334,317.12556775999997
27,42,29,LE07_023030_20100803,0.06342249999999999,0.09425,0.09697250000000002,0.241815,315.76861382
29,43,23,LE07_023030_20100803,0.05500749999999999,0.07851999999999998,0.073185,0.24187000000000003,316.16510414
30,43,24,LE07_023030_20100803,0.09191250000000001,0.12307000000000001,0.140175,0.216515,319.37804294
31,43,25,LE07_023030_20100803,0.06743749999999998,0.08525749999999999,0.08902500000000002,0.2460775,318.25693237999997
32,43,26,LE07_023030_20100803,0.061305,0.08973999999999999,0.09496500000000002,0.23760750000000003,316.55134039999996
33,43,27,LE07_023030_20100803,0.05926999999999999,0.07634750000000001,0.0751925,0.25023,315.97369502000004
34,43,28,LE07_023030_20100803,0.05926999999999999,0.07634750000000001,0.0751925,0.25023,315.97369502000004
35,43,29,LE07_023030_20100803,0.05932500000000002,0.07862999999999998,0.0831675,0.25023,316.3291691
37,44,23,LE07_023030_20100803,0.040569999999999995,0.06279000000000001,0.053302499999999975,0.2503125,316.73249546
38,44,24,LE07_023030_20100803,0.085835,0.1318975,0.13038499999999997,0.2334275,318.25693237999997
39,44,25,LE07_023030_20100803,0.05921500000000002,0.07632,0.091005,0.2502575,317.11873172
40,44,26,LE07_023030_20100803,0.04274249999999999,0.0718375,0.06328499999999998,0.24184250000000002,315.40288568
41,44,27,LE07_023030_20100803,0.04895749999999999,0.06067250000000002,0.061305,0.254465,314.8252403
42,44,28,LE07_023030_20100803,0.04279749999999999,0.06515500000000002,0.0633125,0.24605,315.39263162
43,44,29,LE07_023030_20100803,0.042825,0.06292750000000003,0.06529249999999998,0.2291375,315.76177778
44,44,30,LE07_023030_20100803,0.05107499999999998,0.08085750000000003,0.08118750000000002,0.25441,316.3291691
45,45,27,LE07_023030_20100803,0.04689499999999999,0.0651275,0.0633125,0.24605,315.39263162
46,45,28,LE07_023030_20100803,0.04073499999999999,0.05841750000000001,0.055365,0.241815,315.96344095999996
47,45,29,LE07_023030_20100803,0.0448875,0.06966499999999998,0.06334000000000001,0.2670325,315.76177778
2,39,23,LE07_023030_20100819,0.1082475,0.13486749999999997,0.1471325,0.218825,313.8852848
3,39,24,LE07_023030_20100819,0.11036499999999999,0.13946000000000003,0.15939750000000003,0.21450750000000002,314.29886522
4,39,25,LE07_023030_20100819,0.09108749999999999,0.12557249999999998,0.13077,0.2449225,314.29886522
6,40,23,LE07_023030_20100819,0.058719999999999994,0.08363500000000001,0.08129750000000002,0.2579025,314.4150779
7,40,24,LE07_023030_20100819,0.10610249999999999,0.1325575,0.15736250000000002,0.23188750000000002,314.83207633999996
8,40,25,LE07_023030_20100819,0.0932325,0.12095250000000002,0.12667250000000002,0.2449225,314.29202918
9,40,26,LE07_023030_20100819,0.07169999999999999,0.09999750000000002,0.1081375,0.26662,313.748564
10,40,27,LE07_023030_20100819,0.084625,0.10929250000000001,0.12254749999999998,0.2839175,313.748564
11,40,28,LE07_023030_20100819,0.084625,0.10929250000000001,0.12254749999999998,0.2839175,313.748564
13,41,23,LE07_023030_20100819,0.056520000000000015,0.07656750000000001,0.0709575,0.218825,315.48833618000003
14,41,24,LE07_023030_20100819,0.09755000000000003,0.13024750000000002,0.1471325,0.19704500000000003,315.90875264
15,41,25,LE07_023030_20100819,0.10181249999999997,0.12557249999999998,0.1450975,0.21013500000000002,315.36870548
16,41,26,LE07_023030_20100819,0.0932325,0.12095250000000002,0.11842249999999999,0.2449225,314.82865832
17,41,27,LE07_023030_20100819,0.06738250000000001,0.09295750000000003,0.09576249999999997,0.2536125,314.82865832
18,41,28,LE07_023030_20100819,0.06738250000000001,0.09295750000000003,0.09576249999999997,0.2536125,314.82865832
21,42,23,LE07_023030_20100819,0.056520000000000015,0.07423000000000002,0.07505499999999998,0.22757,315.47808211999995
22,42,24,LE07_023030_20100819,0.0932325,0.1232625,0.12870749999999997,0.18392750000000002,316.41461960000004
23,42,25,LE07_023030_20100819,0.084625,0.10929250000000001,0.12870749999999997,0.20139,316.40778356
24,42,26,LE07_023030_20100819,0.08248,0.10698249999999998,0.11226249999999999,0.2231975,316.40778356
25,42,27,LE07_023030_20100819,0.07599,0.09295750000000003,0.09576249999999997,0.2188525,316.40778356
26,42,28,LE07_023030_20100819,0.07599,0.09295750000000003,0.09576249999999997,0.2188525,316.40778356
27,42,29,LE07_023030_20100819,0.06952750000000002,0.09529500000000002,0.09991499999999998,0.240605,315.11919002
29,43,23,LE07_023030_20100819,0.05434749999999999,0.078905,0.08129750000000002,0.23188750000000002,315.4746641
30,43,24,LE07_023030_20100819,0.09108749999999999,0.11630499999999999,0.12870749999999997,0.21013500000000002,316.9444127
31,43,25,LE07_023030_20100819,0.0564925,0.085945,0.09163749999999998,0.240605,316.40778356
32,43,26,LE07_023030_20100819,0.06738250000000001,0.078905,0.08545000000000003,0.22757,316.40436553999996
33,43,27,LE07_023030_20100819,0.06083749999999999,0.0812425,0.072965,0.23626000000000003,315.86431838
34,43,28,LE07_023030_20100819,0.06083749999999999,0.0812425,0.072965,0.23626000000000003,315.86431838
35,43,29,LE07_023030_20100819,0.0629825,0.08828249999999999,0.0895475,0.240605,315.115772
37,44,23,LE07_023030_20100819,0.04560249999999999,0.06479750000000001,0.06259749999999997,0.23626000000000003,314.93803496
38,44,24,LE07_023030_20100819,0.0932325,0.11163000000000001,0.132805,0.22757,316.9444127
39,44,25,LE07_023030_20100819,0.06301000000000001,0.09061999999999998,0.0895475,0.23626000000000003,315.8677364
40,44,26,LE07_023030_20100819,0.04997499999999999,0.06477,0.06050749999999999,0.23188750000000002,315.32427122
41,44,27,LE07_023030_20100819,0.05646499999999999,0.0695,0.06468750000000001,0.23626000000000003,314.78422406
42,44,28,LE07_023030_20100819,0.049947500000000006,0.06477,0.06884000000000001,0.22757,314.78080604
43,44,29,LE07_023030_20100819,0.049947500000000006,0.0718375,0.06884000000000001,0.22757,315.115772
44,44,30,LE07_023030_20100819,0.0629825,0.08121499999999998,0.08335999999999999,0.23626000000000003,315.115772
45,45,27,LE07_023030_20100819,0.0477475,0.06716250000000001,0.06674999999999998,0.22757,314.78080604
46,45,28,LE07_023030_20100819,0.049947500000000006,0.06477,0.06466,0.223225,314.78080604
47,45,29,LE07_023030_20100819,0.05646499999999999,0.07887749999999999,0.07502750000000002,0.25364000000000003,315.115772
23,42,25,LE07_023030_20100904,0.0898775,0.11223499999999997,0.13632499999999997,0.20881500000000003,299.70391982
24,42,26,LE07_023030_20100904,0.08558749999999998,0.10753249999999998,0.115645,0.21742250000000002,299.02031582
30,43,24,LE07_023030_20100904,0.08984999999999999,0.11223499999999997,0.12804749999999998,0.2346375,300.3841058
31,43,25,LE07_023030_20100904,0.0532475,0.08182,0.08657749999999997,0.2475075,298.6750958
32,43,26,LE07_023030_20100904,0.05107499999999998,0.07708999999999999,0.08245249999999998,0.22603,298.32987578
33,43,27,LE07_023030_20100904,0.055420000000000025,0.07005,0.07202999999999998,0.24321750000000003,299.01689780000004
34,43,28,LE07_023030_20100904,0.055420000000000025,0.07005,0.07202999999999998,0.24321750000000003,299.01689780000004
35,43,29,LE07_023030_20100904,0.05759249999999999,0.08182,0.08660499999999999,0.23892750000000001,298.4700146
38,44,24,LE07_023030_20100904,0.10054750000000001,0.11921999999999999,0.14663749999999998,0.23892750000000001,300.3841058
39,44,25,LE07_023030_20100904,0.05107499999999998,0.08182,0.084515,0.23034749999999998,298.6750958
40,44,26,LE07_023030_20100904,0.0445575,0.0629825,0.06367,0.2517975,297.98465576
41,44,27,LE07_023030_20100904,0.04241249999999999,0.0653475,0.06367,0.24321750000000003,298.32987578
42,44,28,LE07_023030_20100904,0.04241249999999999,0.060645000000000004,0.06367,0.23892750000000001,298.6750958
43,44,29,LE07_023030_20100904,0.04893,0.07241500000000001,0.0740925,0.2475075,298.4700146
44,44,30,LE07_023030_20100904,0.06411,0.08182,0.0990625,0.23892750000000001,298.1282126
45,45,27,LE07_023030_20100904,0.044584999999999986,0.0629825,0.059462499999999974,0.2346375,297.98465576
46,45,28,LE07_023030_20100904,0.04893,0.0629825,0.06575999999999999,0.24321750000000003,298.32987578
47,45,29,LE07_023030_20100904,0.05107499999999998,0.07478000000000001,0.07827250000000002,0.2774825,298.1282126
2,39,23,LE07_023030_20101006,0.08440500000000001,0.10868749999999999,0.13159500000000002,0.201115,298.27860548
3,39,24,LE07_023030_20101006,0.10393000000000002,0.12735999999999997,0.14111,0.18588,298.6921859
4,39,25,LE07_023030_20101006,0.09664250000000002,0.122025,0.13159500000000002,0.201115,299.04082394
6,40,23,LE07_023030_20101006,0.059902500000000025,0.073845,0.08388250000000003,0.206175,298.97246354000004
7,40,24,LE07_023030_20101006,0.10632249999999999,0.122025,0.14111,0.19094,299.734682
8,40,25,LE07_023030_20101006,0.08688000000000001,0.11938500000000002,0.1387175,0.19605499999999998,299.734682
9,40,26,LE07_023030_20101006,0.06727250000000001,0.08995999999999998,0.0934525,0.21635,299.38946197999996
10,40,27,LE07_023030_20101006,0.06972,0.09529500000000002,0.09823749999999998,0.23661749999999998,299.38946197999996
11,40,28,LE07_023030_20101006,0.06972,0.09529500000000002,0.09823749999999998,0.23661749999999998,299.38946197999996
13,41,23,LE07_023030_20101006,0.05003000000000002,0.07114999999999999,0.07670500000000002,0.18588,299.31768356
14,41,24,LE07_023030_20101006,0.08688000000000001,0.11135499999999998,0.13398749999999998,0.17061749999999998,300.07990201999996
15,41,25,LE07_023030_20101006,0.09903499999999998,0.12735999999999997,0.13398749999999998,0.17061749999999998,300.07990201999996
16,41,26,LE07_023030_20101006,0.0868525,0.11402250000000003,0.1268375,0.19094,299.734682
17,41,27,LE07_023030_20101006,0.0746425,0.09262749999999997,0.09823749999999998,0.201115,299.734682
18,41,28,LE07_023030_20101006,0.0746425,0.09262749999999997,0.09823749999999998,0.201115,299.734682
21,42,23,LE07_023030_20101006,0.05003000000000002,0.0657875,0.06474249999999998,0.19094,299.65264951999995
22,42,24,LE07_023030_20101006,0.09416750000000002,0.11402250000000003,0.1268375,0.16047,300.39435986
23,42,25,LE07_023030_20101006,0.07951000000000003,0.10068500000000002,0.11253750000000001,0.175705,300.04913984
24,42,26,LE07_023030_20101006,0.06972,0.09799000000000002,0.10063,0.175705,299.70391982
25,42,27,LE07_023030_20101006,0.06482500000000002,0.08993250000000003,0.09584500000000001,0.18588,299.70391982
26,42,28,LE07_023030_20101006,0.06482500000000002,0.08993250000000003,0.09584500000000001,0.18588,299.70391982
27,42,29,LE07_023030_20101006,0.067245,0.08726499999999998,0.08627499999999999,0.19605499999999998,299.49883862
29,43,23,LE07_023030_20101006,0.0475825,0.07114999999999999,0.0743125,0.206175,299.6492315
30,43,24,LE07_023030_20101006,0.09416750000000002,0.10868749999999999,0.1196875,0.18588,300.39435986
31,43,25,LE07_023030_20101006,0.05745499999999998,0.08459749999999999,0.09105999999999997,0.19605499999999998,300.04913984
32,43,26,LE07_023030_20101006,0.05003000000000002,0.07114999999999999,0.08149,0.19094,299.70391982
33,43,27,LE07_023030_20101006,0.05003000000000002,0.073845,0.07191999999999998,0.19605499999999998,299.70391982
34,43,28,LE07_023030_20101006,0.05003000000000002,0.073845,0.07191999999999998,0.19605499999999998,299.70391982
35,43,29,LE07_023030_20101006,0.054952500000000015,0.07381749999999998,0.07191999999999998,0.21126250000000002,299.49883862
37,44,23,LE07_023030_20101006,0.040185,0.0630925,0.05753750000000002,0.19605499999999998,299.3074295
38,44,24,LE07_023030_20101006,0.08198499999999997,0.10868749999999999,0.12444500000000003,0.19605499999999998,300.39435986
39,44,25,LE07_023030_20101006,0.05745499999999998,0.073845,0.07191999999999998,0.18588,300.04913984
40,44,26,LE07_023030_20101006,0.04263249999999999,0.05770249999999999,0.07191999999999998,0.18588,299.01006176
41,44,27,LE07_023030_20101006,0.04508000000000001,0.06845499999999999,0.0743125,0.2062025,299.01006176
42,44,28,LE07_023030_20101006,0.04263249999999999,0.0630925,0.05992999999999998,0.201115,299.7005018
43,44,29,LE07_023030_20101006,0.047554999999999986,0.06039749999999999,0.055117499999999986,0.19605499999999998,299.49883862
44,44,30,LE07_023030_20101006,0.05003000000000002,0.079235,0.08149,0.2062025,298.80498056
45,45,27,LE07_023030_20101006,0.05003000000000002,0.06845499999999999,0.07191999999999998,0.19605499999999998,298.66142372
46,45,28,LE07_023030_20101006,0.047554999999999986,0.05770249999999999,0.0623225,0.18588,299.7005018
47,45,29,LE07_023030_20101006,0.047554999999999986,0.0630925,0.0743125,0.22647,299.49883862
2,39,23,LE07_023030_20101022,0.09064749999999999,0.11660749999999998,0.13228250000000003,0.17226750000000002,290.1129557
3,39,24,LE07_023030_20101022,0.10659750000000001,0.11954999999999999,0.13486749999999997,0.17226750000000002,290.86833812
4,39,25,LE07_023030_20101022,0.08264500000000002,0.10786249999999997,0.1270575,0.188795,291.21697616
6,40,23,LE07_023030_20101022,0.061277499999999985,0.07566,0.09573500000000001,0.188795,291.16228784
7,40,24,LE07_023030_20101022,0.1013175,0.12538,0.14528999999999997,0.17779499999999998,291.5656142
8,40,25,LE07_023030_20101022,0.08800750000000002,0.11077749999999997,0.12444500000000003,0.188795,291.5656142
9,40,26,LE07_023030_20101022,0.0773375,0.10203250000000003,0.11921999999999999,0.19982250000000001,291.5656142
10,40,27,LE07_023030_20101022,0.08264500000000002,0.11077749999999997,0.13228250000000003,0.21084999999999998,291.91425224
11,40,28,LE07_023030_20101022,0.08264500000000002,0.11077749999999997,0.13228250000000003,0.21084999999999998,291.91425224
13,41,23,LE07_023030_20101022,0.05588749999999998,0.06977499999999998,0.08792499999999998,0.16124,292.19794790000003
14,41,24,LE07_023030_20101022,0.0933425,0.12246499999999999,0.1426775,0.16124,291.91425224
15,41,25,LE07_023030_20101022,0.0933425,0.10786249999999997,0.12444500000000003,0.17226750000000002,291.91425224
16,41,26,LE07_023030_20101022,0.0773375,0.09617500000000001,0.10618499999999997,0.17226750000000002,291.91425224
17,41,27,LE07_023030_20101022,0.07197500000000001,0.0932325,0.10879749999999999,0.188795,292.26289027999997
18,41,28,LE07_023030_20101022,0.07197500000000001,0.0932325,0.10879749999999999,0.188795,292.26289027999997
21,42,23,LE07_023030_20101022,0.05858249999999998,0.07860250000000002,0.09315000000000001,0.17779499999999998,292.19111186
22,42,24,LE07_023030_20101022,0.08800750000000002,0.11077749999999997,0.12444500000000003,0.15571249999999998,292.23212809999995
23,42,25,LE07_023030_20101022,0.0773375,0.09617500000000001,0.11141000000000001,0.15571249999999998,292.23212809999995
24,42,26,LE07_023030_20101022,0.0773375,0.09028999999999998,0.10357250000000001,0.15571249999999998,292.23212809999995
25,42,27,LE07_023030_20101022,0.06663999999999998,0.08737499999999998,0.10096,0.16124,292.57734812
26,42,28,LE07_023030_20101022,0.06663999999999998,0.08737499999999998,0.10096,0.16124,292.57734812
27,42,29,LE07_023030_20101022,0.061277499999999985,0.08151750000000002,0.08792499999999998,0.18329499999999999,292.03388294
29,43,23,LE07_023030_20101022,0.05588749999999998,0.07566,0.09315000000000001,0.17779499999999998,292.53291386
30,43,24,LE07_023030_20101022,0.08264500000000002,0.10494750000000003,0.11402250000000003,0.1667675,292.57734812
31,43,25,LE07_023030_20101022,0.05052499999999999,0.07566,0.09050999999999998,0.17779499999999998,292.23212809999995
32,43,26,LE07_023030_20101022,0.05588749999999998,0.07860250000000002,0.08267249999999998,0.17226750000000002,292.23212809999995
33,43,27,LE07_023030_20101022,0.05858249999999998,0.07271749999999999,0.09315000000000001,0.17226750000000002,292.23212809999995
34,43,28,LE07_023030_20101022,0.05858249999999998,0.07271749999999999,0.09315000000000001,0.17226750000000002,292.23212809999995
35,43,29,LE07_023030_20101022,0.0478025,0.07271749999999999,0.08267249999999998,0.18329499999999999,292.03388294
37,44,23,LE07_023030_20101022,0.0478025,0.06977499999999998,0.0774475,0.17226750000000002,292.19111186
38,44,24,LE07_023030_20101022,0.08533999999999997,0.10786249999999997,0.11663499999999999,0.1667675,292.23212809999995
39,44,25,LE07_023030_20101022,0.06394499999999997,0.08445999999999998,0.10357250000000001,0.1667675,291.88349006
40,44,26,LE07_023030_20101022,0.04513500000000001,0.06683250000000002,0.06958249999999999,0.1667675,291.88349006
41,44,27,LE07_023030_20101022,0.05052499999999999,0.06977499999999998,0.09050999999999998,0.18329499999999999,292.23212809999995
42,44,28,LE07_023030_20101022,0.05052499999999999,0.06389,0.0774475,0.16124,292.23212809999995
43,44,29,LE07_023030_20101022,0.0478025,0.06389,0.07480749999999997,0.188795,292.03388294
44,44,30,LE07_023030_20101022,0.05858249999999998,0.07566,0.08792499999999998,0.19982250000000001,291.6852449
45,45,27,LE07_023030_20101022,0.05321999999999999,0.07566,0.09050999999999998,0.16124,292.23212809999995
46,45,28,LE07_023030_20101022,0.05321999999999999,0.07271749999999999,0.08006000000000002,0.1667675,292.57734812
47,45,29,LE07_023030_20101022,0.05588749999999998,0.07271749999999999,0.085285,0.19982250000000001,292.37910295999995
2,39,23,LE07_023030_20101107,0.103435,0.11358249999999998,0.14273249999999998,0.19019750000000002,285.09872036
3,39,24,LE07_023030_20101107,0.11314249999999998,0.13118249999999998,0.1458125,0.18159000000000003,285.48495662
4,39,25,LE07_023030_20101107,0.11314249999999998,0.1276625,0.1489475,0.19019750000000002,285.48495662
6,40,23,LE07_023030_20101107,0.09048250000000002,0.102995,0.11781750000000002,0.198805,285.83701268
7,40,24,LE07_023030_20101107,0.10668,0.1452075,0.16135,0.19022499999999998,285.85410278
8,40,25,LE07_023030_20101107,0.103435,0.1171025,0.13649,0.194515,285.85410278
9,40,26,LE07_023030_20101107,0.09048250000000002,0.102995,0.12095250000000002,0.194515,285.85410278
10,40,27,LE07_023030_20101107,0.08726499999999998,0.11358249999999998,0.1303025,0.21596500000000002,286.22324893999996
11,40,28,LE07_023030_20101107,0.08726499999999998,0.11358249999999998,0.1303025,0.21596500000000002,286.22324893999996
13,41,23,LE07_023030_20101107,0.07747500000000002,0.08886,0.1084675,0.17301,286.56846896
14,41,24,LE07_023030_20101107,0.10021750000000001,0.13118249999999998,0.14273249999999998,0.16008499999999998,286.58897708
15,41,25,LE07_023030_20101107,0.109925,0.1347025,0.15513500000000002,0.1773,286.22324893999996
16,41,26,LE07_023030_20101107,0.109925,0.12414249999999999,0.13340999999999997,0.18159000000000003,286.22324893999996
17,41,27,LE07_023030_20101107,0.08726499999999998,0.102995,0.11781750000000002,0.194515,286.22324893999996
18,41,28,LE07_023030_20101107,0.08726499999999998,0.102995,0.11781750000000002,0.194515,286.22324893999996
21,42,23,LE07_023030_20101107,0.07423000000000002,0.08531250000000001,0.09287499999999999,0.1557675,286.92394304
22,42,24,LE07_023030_20101107,0.09697250000000002,0.12414249999999999,0.13027499999999997,0.1557675,286.92736106
23,42,25,LE07_023030_20101107,0.09372750000000002,0.10651500000000003,0.13340999999999997,0.1514775,286.19590478
24,42,26,LE07_023030_20101107,0.09048250000000002,0.09947499999999998,0.1116025,0.1644025,286.19590478
25,42,27,LE07_023030_20101107,0.08726499999999998,0.0959275,0.1084675,0.17301,286.56163291999997
26,42,28,LE07_023030_20101107,0.08726499999999998,0.0959275,0.1084675,0.17301,286.56163291999997
27,42,29,LE07_023030_20101107,0.07425749999999998,0.09240749999999998,0.10225250000000002,0.18159000000000003,287.46740822000004
29,43,23,LE07_023030_20101107,0.07423000000000002,0.08886,0.10222500000000001,0.17301,286.19248676
30,43,24,LE07_023030_20101107,0.10021750000000001,0.11358249999999998,0.13027499999999997,0.18159000000000003,286.56163291999997
31,43,25,LE07_023030_20101107,0.07423000000000002,0.09238000000000002,0.09287499999999999,0.18159000000000003,286.19590478
32,43,26,LE07_023030_20101107,0.07098500000000002,0.08176499999999998,0.09914499999999998,0.1644025,286.56163291999997
33,43,27,LE07_023030_20101107,0.07747500000000002,0.08886,0.09914499999999998,0.16008499999999998,286.56163291999997
34,43,28,LE07_023030_20101107,0.07747500000000002,0.08886,0.09914499999999998,0.16008499999999998,286.56163291999997
35,43,29,LE07_023030_20101107,0.061195,0.08176499999999998,0.09600999999999998,0.18159000000000003,287.10168008
37,44,23,LE07_023030_20101107,0.06441249999999998,0.0782175,0.09287499999999999,0.14716,285.82675861999996
38,44,24,LE07_023030_20101107,0.09045500000000001,0.11358249999999998,0.13649,0.18159000000000003,286.56163291999997
39,44,25,LE07_023030_20101107,0.07747500000000002,0.0959275,0.09914499999999998,0.1773,286.19590478
40,44,26,LE07_023030_20101107,0.06441249999999998,0.07467000000000001,0.0897675,0.17301,286.19590478
41,44,27,LE07_023030_20101107,0.0709575,0.08531250000000001,0.09287499999999999,0.16871999999999998,286.19590478
42,44,28,LE07_023030_20101107,0.0709575,0.08176499999999998,0.09287499999999999,0.16871999999999998,286.56163291999997
43,44,29,LE07_023030_20101107,0.061167499999999986,0.07467000000000001,0.08039000000000002,0.18159000000000003,286.73936996
44,44,30,LE07_023030_20101107,0.061195,0.0782175,0.09287499999999999,0.18159000000000003,286.73936996
45,45,27,LE07_023030_20101107,0.0709575,0.08531250000000001,0.09287499999999999,0.16871999999999998,285.82675861999996
46,45,28,LE07_023030_20101107,0.067685,0.0782175,0.09287499999999999,0.1644025,286.19590478
47,45,29,LE07_023030_20101107,0.061167499999999986,0.0782175,0.08039000000000002,0.19022499999999998,286.37364182
2,39,23,LE07_023030_20101123,0.097605,0.11218,0.13497750000000003,0.18013250000000003,276.96383276
3,39,24,LE07_023030_20101123,0.10145500000000002,0.1329975,0.1494975,0.17529250000000002,276.97408682
4,39,25,LE07_023030_20101123,0.08990500000000001,0.10384749999999998,0.13497750000000003,0.17529250000000002,276.60152264
6,40,23,LE07_023030_20101123,0.066805,0.08712750000000002,0.10588249999999999,0.1704525,277.3295609
7,40,24,LE07_023030_20101123,0.1052225,0.1413025,0.15312750000000003,0.185,278.07468926
8,40,25,LE07_023030_20101123,0.11289500000000002,0.128845,0.15312750000000003,0.1898125,277.70896112
9,40,26,LE07_023030_20101123,0.08223249999999999,0.11218,0.12771749999999998,0.18013250000000003,277.70896112
10,40,27,LE07_023030_20101123,0.09375499999999998,0.1080275,0.12406,0.19949250000000002,277.70896112
11,40,28,LE07_023030_20101123,0.09375499999999998,0.1080275,0.12406,0.19949250000000002,277.70896112
13,41,23,LE07_023030_20101123,0.05517250000000001,0.07032499999999997,0.08396500000000001,0.15109250000000002,277.69528904000003
14,41,24,LE07_023030_20101123,0.1014275,0.12053999999999998,0.13497750000000003,0.1608,278.07468926
15,41,25,LE07_023030_20101123,0.1014275,0.11636000000000002,0.13497750000000003,0.15109250000000002,277.70896112
16,41,26,LE07_023030_20101123,0.08220499999999997,0.09964,0.1167725,0.1656125,277.70896112
17,41,27,LE07_023030_20101123,0.06677749999999999,0.09964,0.10588249999999999,0.1656125,277.34323298000004
18,41,28,LE07_023030_20101123,0.06677749999999999,0.09964,0.10588249999999999,0.1656125,277.34323298000004
21,42,23,LE07_023030_20101123,0.05902249999999998,0.06614500000000001,0.08030749999999998,0.1365175,277.688453
22,42,24,LE07_023030_20101123,0.1014275,0.1080275,0.12406,0.146225,278.41307324
23,42,25,LE07_023030_20101123,0.07447749999999997,0.09127999999999997,0.1021975,0.1365175,278.41307324
24,42,26,LE07_023030_20101123,0.06677749999999999,0.08710000000000001,0.09491,0.1316775,278.04734510000003
25,42,27,LE07_023030_20101123,0.07065500000000002,0.0745325,0.09127999999999997,0.14138499999999998,277.68161696
26,42,28,LE07_023030_20101123,0.07065500000000002,0.0745325,0.09127999999999997,0.14138499999999998,277.68161696
27,42,29,LE07_023030_20101123,0.06290000000000001,0.08710000000000001,0.08396500000000001,0.1608,277.49704388
29,43,23,LE07_023030_20101123,0.05902249999999998,0.07032499999999997,0.08762249999999999,0.14138499999999998,277.688453
30,43,24,LE07_023030_20101123,0.09372750000000002,0.11215249999999999,0.13132,0.1656125,278.41307324
31,43,25,LE07_023030_20101123,0.06677749999999999,0.07871250000000002,0.08762249999999999,0.15593249999999997,278.04734510000003
32,43,26,LE07_023030_20101123,0.05126750000000002,0.07032499999999997,0.08030749999999998,0.1365175,277.68161696
33,43,27,LE07_023030_20101123,0.05899500000000002,0.07029750000000001,0.08030749999999998,0.1316775,277.3124708
34,43,28,LE07_023030_20101123,0.05899500000000002,0.07029750000000001,0.08030749999999998,0.1316775,277.3124708
35,43,29,LE07_023030_20101123,0.055145,0.078685,0.08396500000000001,0.16564,277.13131574
37,44,23,LE07_023030_20101123,0.05517250000000001,0.06614500000000001,0.06933499999999998,0.1316775,277.32272486
38,44,24,LE07_023030_20101123,0.0898775,0.1080275,0.12042999999999998,0.15593249999999997,277.68161696
39,44,25,LE07_023030_20101123,0.07447749999999997,0.09127999999999997,0.109485,0.1656125,277.3124708
40,44,26,LE07_023030_20101123,0.05126750000000002,0.07029750000000001,0.06933499999999998,0.14138499999999998,277.3124708
41,44,27,LE07_023030_20101123,0.05899500000000002,0.07029750000000001,0.07665,0.15593249999999997,277.3124708
42,44,28,LE07_023030_20101123,0.06290000000000001,0.07029750000000001,0.08030749999999998,0.146225,277.3124708
43,44,29,LE07_023030_20101123,0.05126750000000002,0.07029750000000001,0.08030749999999998,0.15109250000000002,277.13131574
44,44,30,LE07_023030_20101123,0.05126750000000002,0.07029750000000001,0.08030749999999998,0.16564,276.76216958
45,45,27,LE07_023030_20101123,0.06290000000000001,0.07029750000000001,0.08030749999999998,0.15109250000000002,276.94332464
46,45,28,LE07_023030_20101123,0.05899500000000002,0.07029750000000001,0.08030749999999998,0.146225,277.3124708
47,45,29,LE07_023030_20101123,0.055145,0.07450499999999999,0.08030749999999998,0.15593249999999997,277.13131574
4,39,25,LE07_023030_20101209,0.18505500000000003,0.19291999999999998,0.2033975,0.21500249999999999,268.66829822
2,39,23,LE07_023030_20110331,0.1387175,0.1512575,0.17540250000000002,0.199465,278.78563742
3,39,24,LE07_023030_20110331,0.14287,0.16748249999999998,0.18362499999999998,0.2037,279.16503764000004
4,39,25,LE07_023030_20110331,0.14493250000000002,0.16052500000000003,0.18362499999999998,0.2037,279.16503764000004
6,40,23,LE07_023030_20110331,0.12208000000000002,0.14427250000000003,0.15893000000000002,0.19523000000000001,279.51367568
7,40,24,LE07_023030_20110331,0.1470225,0.162835,0.18156250000000002,0.20790750000000002,279.53076578
8,40,25,LE07_023030_20110331,0.132475,0.14661000000000002,0.169215,0.199465,279.53076578
9,40,26,LE07_023030_20110331,0.12623250000000003,0.139625,0.163055,0.199465,279.53076578
10,40,27,LE07_023030_20110331,0.1304125,0.1512575,0.17127750000000003,0.20793499999999998,279.53076578
11,40,28,LE07_023030_20110331,0.1304125,0.1512575,0.17127750000000003,0.20793499999999998,279.53076578
13,41,23,LE07_023030_20110331,0.12210749999999998,0.13731500000000002,0.14864500000000003,0.186815,279.87598579999997
14,41,24,LE07_023030_20110331,0.14080749999999997,0.16049750000000002,0.17334,0.1994375,280.62111416
15,41,25,LE07_023030_20110331,0.14287,0.16745500000000002,0.18156250000000002,0.2037,280.62111416
16,41,26,LE07_023030_20110331,0.1470225,0.1558775,0.18156250000000002,0.21635,280.25880404
17,41,27,LE07_023030_20110331,0.132475,0.15354,0.169215,0.20790750000000002,280.25880404
18,41,28,LE07_023030_20110331,0.132475,0.15354,0.169215,0.20790750000000002,280.25880404
21,42,23,LE07_023030_20110331,0.11792750000000002,0.1326675,0.14451999999999998,0.19102249999999998,280.22804185999996
22,42,24,LE07_023030_20110331,0.13668249999999998,0.151285,0.1733675,0.19102249999999998,280.9526621
23,42,25,LE07_023030_20110331,0.132475,0.1512575,0.16715249999999998,0.19099500000000003,280.59035198000004
24,42,26,LE07_023030_20110331,0.13665500000000003,0.14892,0.169215,0.1994375,280.59035198000004
25,42,27,LE07_023030_20110331,0.1283225,0.14427250000000003,0.1568675,0.19523000000000001,280.59035198000004
26,42,28,LE07_023030_20110331,0.1283225,0.14427250000000003,0.1568675,0.19523000000000001,280.59035198000004
27,42,29,LE07_023030_20110331,0.12414249999999999,0.14427250000000003,0.15480500000000003,0.199465,280.4057789
29,43,23,LE07_023030_20110331,0.12419750000000002,0.13968000000000003,0.1507075,0.195285,280.22804185999996
30,43,24,LE07_023030_20110331,0.13668249999999998,0.15359499999999998,0.17746499999999998,0.2037275,280.59035198000004
31,43,25,LE07_023030_20110331,0.12835000000000002,0.1419625,0.16102,0.19949250000000002,280.22804185999996
32,43,26,LE07_023030_20110331,0.12208000000000002,0.139625,0.15480500000000003,0.19523000000000001,280.59035198000004
33,43,27,LE07_023030_20110331,0.12623250000000003,0.139625,0.15067999999999998,0.19523000000000001,280.9526621
34,43,28,LE07_023030_20110331,0.12623250000000003,0.139625,0.15067999999999998,0.19523000000000001,280.9526621
35,43,29,LE07_023030_20110331,0.11371999999999999,0.13497750000000003,0.14864500000000003,0.199465,280.764671
37,44,23,LE07_023030_20110331,0.1200175,0.12802000000000002,0.1465825,0.1867875,280.58693396
38,44,24,LE07_023030_20110331,0.13668249999999998,0.158215,0.17746499999999998,0.19949250000000002,280.59035198000004
39,44,25,LE07_023030_20110331,0.1262875,0.1396525,0.15895750000000003,0.19949250000000002,280.22804185999996
40,44,26,LE07_023030_20110331,0.11792750000000002,0.135005,0.15277000000000002,0.19952000000000003,280.59035198000004
41,44,27,LE07_023030_20110331,0.12419750000000002,0.135005,0.15483249999999998,0.2037275,280.9526621
42,44,28,LE07_023030_20110331,0.11371999999999999,0.1279925,0.14864500000000003,0.19523000000000001,280.9526621
43,44,29,LE07_023030_20110331,0.1116025,0.13033,0.1465825,0.19523000000000001,280.764671
44,44,30,LE07_023030_20110331,0.11996250000000003,0.139625,0.1568675,0.2037,281.12356309999996
45,45,27,LE07_023030_20110331,0.12419750000000002,0.1419625,0.156895,0.2037275,280.59035198000004
46,45,28,LE07_023030_20110331,0.1200175,0.1326675,0.1507075,0.2037275,280.9526621
47,45,29,LE07_023030_20110331,0.11792750000000002,0.1326675,0.15483249999999998,0.2163775,280.764671
2,39,23,LE07_023030_20110502,0.11751499999999998,0.14597749999999998,0.17015000000000002,0.19611,298.25809735999997
3,39,24,LE07_023030_20110502,0.12461,0.14985500000000002,0.17191,0.1923975,298.68876788
4,39,25,LE07_023030_20110502,0.1069,0.140175,0.16665750000000001,0.1923975,298.68876788
6,40,23,LE07_023030_20110502,0.09086749999999999,0.1206775,0.14394250000000003,0.207165,299.2048889
7,40,24,LE07_023030_20110502,0.115755,0.140175,0.1684175,0.199795,299.95343528
8,40,25,LE07_023030_20110502,0.10514000000000001,0.13431749999999998,0.1596725,0.199795,299.32110158
9,40,26,LE07_023030_20110502,0.09980499999999998,0.12461,0.1491675,0.20345249999999998,299.32110158
10,40,27,LE07_023030_20110502,0.0926825,0.11682749999999997,0.13690249999999998,0.20345249999999998,299.32110158
11,40,28,LE07_023030_20110502,0.0926825,0.11682749999999997,0.13690249999999998,0.20345249999999998,299.32110158
13,41,23,LE07_023030_20110502,0.07835500000000001,0.09920000000000001,0.108825,0.17763,300.45930224
14,41,24,LE07_023030_20110502,0.11930249999999998,0.1421,0.16838999999999998,0.1887125,300.89680880000003
15,41,25,LE07_023030_20110502,0.12634250000000002,0.1556575,0.177135,0.21082250000000002,300.26789312
16,41,26,LE07_023030_20110502,0.10868749999999999,0.138195,0.15617999999999999,0.2218775,299.95343528
17,41,27,LE07_023030_20110502,0.08732000000000001,0.10901749999999999,0.1263975,0.21450750000000002,299.95343528
18,41,28,LE07_023030_20110502,0.08732000000000001,0.10901749999999999,0.1263975,0.21450750000000002,299.95343528
21,42,23,LE07_023030_20110502,0.0711775,0.0933425,0.1017575,0.17397250000000003,300.760088
22,42,24,LE07_023030_20110502,0.11220750000000002,0.140175,0.15794000000000002,0.18134250000000002,301.17708644
23,42,25,LE07_023030_20110502,0.115755,0.1479025,0.16838999999999998,0.19236999999999999,300.23713094
24,42,26,LE07_023030_20110502,0.1069,0.126535,0.145675,0.1997675,299.9226731
25,42,27,LE07_023030_20110502,0.08556000000000002,0.10901749999999999,0.12111749999999999,0.1997675,300.23713094
26,42,28,LE07_023030_20110502,0.08556000000000002,0.10901749999999999,0.12111749999999999,0.1997675,300.23713094
27,42,29,LE07_023030_20110502,0.08198499999999997,0.1012075,0.11583749999999998,0.21448,299.71075586
29,43,23,LE07_023030_20110502,0.08193,0.10898999999999998,0.12285000000000001,0.1923975,300.44904818
30,43,24,LE07_023030_20110502,0.10514000000000001,0.13431749999999998,0.145675,0.199795,301.17708644
31,43,25,LE07_023030_20110502,0.08019749999999998,0.10508499999999998,0.12463750000000001,0.1997675,300.23713094
32,43,26,LE07_023030_20110502,0.08377249999999997,0.09920000000000001,0.1193575,0.19236999999999999,299.9226731
33,43,27,LE07_023030_20110502,0.08195750000000002,0.10117999999999999,0.11410500000000001,0.19236999999999999,300.23713094
34,43,28,LE07_023030_20110502,0.08195750000000002,0.10117999999999999,0.11410500000000001,0.19236999999999999,300.23713094
35,43,29,LE07_023030_20110502,0.07662249999999998,0.1012075,0.11058499999999999,0.20713750000000003,300.0252137
37,44,23,LE07_023030_20110502,0.07299250000000002,0.09529500000000002,0.10703750000000001,0.17763,300.13800835999996
38,44,24,LE07_023030_20110502,0.09801749999999998,0.120705,0.13690249999999998,0.22921999999999998,301.48812626
39,44,25,LE07_023030_20110502,0.07301999999999997,0.0933425,0.10703750000000001,0.21450750000000002,300.55158878
40,44,26,LE07_023030_20110502,0.06944499999999998,0.08940999999999999,0.09999750000000002,0.1997675,299.9226731
41,44,27,LE07_023030_20110502,0.07840999999999998,0.09532249999999998,0.10527750000000002,0.1997675,300.23713094
42,44,28,LE07_023030_20110502,0.06584250000000003,0.09139000000000003,0.10002499999999998,0.185,300.23713094
43,44,29,LE07_023030_20110502,0.07123249999999998,0.0894375,0.09650500000000001,0.1997675,300.0252137
44,44,30,LE07_023030_20110502,0.07840999999999998,0.09922750000000002,0.11058499999999999,0.21813749999999998,300.0252137
45,45,27,LE07_023030_20110502,0.07483499999999998,0.09337000000000001,0.10703750000000001,0.1997675,299.9226731
46,45,28,LE07_023030_20110502,0.062267499999999976,0.08553250000000001,0.09298499999999998,0.20713750000000003,299.9226731
47,45,29,LE07_023030_20110502,0.06947249999999999,0.08748499999999998,0.09650500000000001,0.236535,299.71075586
2,39,23,LE07_023030_20110705,0.10420499999999999,0.12458249999999998,0.13709500000000002,0.2121425,315.8677364
3,39,24,LE07_023030_20110705,0.1042325,0.13610499999999998,0.15953499999999998,0.21965,315.92242472
4,39,25,LE07_023030_20110705,0.08847500000000003,0.11110750000000003,0.11630499999999999,0.242035,315.53277044000004
6,40,23,LE07_023030_20110705,0.06031500000000001,0.0801425,0.08154499999999998,0.30531250000000004,315.4746641
7,40,24,LE07_023030_20110705,0.10766999999999999,0.1418525,0.1560975,0.2607075,316.69147922
8,40,25,LE07_023030_20110705,0.08847500000000003,0.11303249999999998,0.1267275,0.26442,315.91558868
9,40,26,LE07_023030_20110705,0.062102500000000005,0.09757749999999998,0.10071249999999998,0.28675,315.52935242
10,40,27,LE07_023030_20110705,0.06034250000000002,0.08792499999999998,0.0954875,0.28675,314.74662584
11,40,28,LE07_023030_20110705,0.06034250000000002,0.08792499999999998,0.0954875,0.28675,314.74662584
13,41,23,LE07_023030_20110705,0.06031500000000001,0.0782175,0.0693625,0.24580249999999998,315.47124608
14,41,24,LE07_023030_20110705,0.1111625,0.1437775,0.15266000000000002,0.22338999999999998,316.6880612
15,41,25,LE07_023030_20110705,0.1111625,0.13800250000000003,0.16124,0.23087000000000002,316.6880612
16,41,26,LE07_023030_20110705,0.09545999999999999,0.12265749999999997,0.13365749999999998,0.2569675,315.91217066
17,41,27,LE07_023030_20110705,0.06738250000000001,0.09372750000000002,0.10244500000000001,0.2607075,315.52251637999996
18,41,28,LE07_023030_20110705,0.06738250000000001,0.09372750000000002,0.10244500000000001,0.2607075,315.52251637999996
21,42,23,LE07_023030_20110705,0.056794999999999984,0.07623750000000001,0.07807999999999998,0.253255,316.23346454
22,42,24,LE07_023030_20110705,0.10071249999999998,0.128405,0.14056000000000002,0.20095000000000002,317.42635352
23,42,25,LE07_023030_20110705,0.0989525,0.13033,0.14402500000000001,0.21591,317.03669923999996
24,42,26,LE07_023030_20110705,0.09375499999999998,0.11878,0.13365749999999998,0.22336250000000002,315.87799046
25,42,27,LE07_023030_20110705,0.07445000000000002,0.09953000000000001,0.10417749999999998,0.23087000000000002,315.48833618000003
26,42,28,LE07_023030_20110705,0.07445000000000002,0.09953000000000001,0.10417749999999998,0.23087000000000002,315.48833618000003
27,42,29,LE07_023030_20110705,0.07268999999999998,0.09757749999999998,0.09898000000000001,0.25694,316.42829168000003
29,43,23,LE07_023030_20110705,0.06386249999999999,0.08984999999999999,0.08679749999999997,0.26816,316.99910102
30,43,24,LE07_023030_20110705,0.09372750000000002,0.11495749999999999,0.12669999999999998,0.22710249999999998,317.80575374
31,43,25,LE07_023030_20110705,0.07090249999999998,0.09953000000000001,0.10591,0.2607075,317.03669923999996
32,43,26,LE07_023030_20110705,0.0691425,0.091775,0.09202250000000001,0.249515,315.87457244
33,43,27,LE07_023030_20110705,0.06564999999999999,0.08984999999999999,0.08503749999999999,0.2607075,315.87115442
34,43,28,LE07_023030_20110705,0.06564999999999999,0.08984999999999999,0.08503749999999999,0.2607075,315.87115442
35,43,29,LE07_023030_20110705,0.06034250000000002,0.08792499999999998,0.09028999999999998,0.2532275,316.42487366
37,44,23,LE07_023030_20110705,0.05148750000000002,0.0743125,0.07109500000000002,0.253255,317.38191926
38,44,24,LE07_023030_20110705,0.0902075,0.11110750000000003,0.1301925,0.23458250000000003,318.18857198
39,44,25,LE07_023030_20110705,0.05327500000000002,0.08209499999999997,0.08679749999999997,0.2607075,317.41951747999997
40,44,26,LE07_023030_20110705,0.04972750000000001,0.07043500000000003,0.06586999999999998,0.26442,316.2608087
41,44,27,LE07_023030_20110705,0.05327500000000002,0.07626499999999997,0.07109500000000002,0.2532275,315.87115442
42,44,28,LE07_023030_20110705,0.05151499999999998,0.07046249999999998,0.07461499999999999,0.242035,316.25739067999996
43,44,29,LE07_023030_20110705,0.04972750000000001,0.07434000000000002,0.072855,0.2532275,316.04205542
44,44,30,LE07_023030_20110705,0.06389,0.0840475,0.09375499999999998,0.24577500000000002,316.04205542
45,45,27,LE07_023030_20110705,0.04972750000000001,0.0723875,0.07109500000000002,0.24580249999999998,315.8677364
46,45,28,LE07_023030_20110705,0.05148750000000002,0.06851000000000002,0.072855,0.249515,315.8677364
47,45,29,LE07_023030_20110705,0.055062500000000014,0.0782175,0.07807999999999998,0.271845,315.65240114
6,40,23,LE07_023030_20110721,0.08264500000000002,0.11669000000000002,0.10920999999999997,0.32305,306.49210754
2,39,23,LE07_023030_20110806,0.1137475,0.13387749999999998,0.152495,0.22237250000000003,319.64123048
3,39,24,LE07_023030_20110806,0.12625999999999998,0.16544750000000003,0.17642000000000002,0.23524250000000002,320.07531902
4,39,25,LE07_023030_20110806,0.103325,0.12711250000000002,0.140505,0.23953249999999998,319.4737475
6,40,23,LE07_023030_20110806,0.07590750000000002,0.09287499999999999,0.08811750000000002,0.290765,320.22571189999996
7,40,24,LE07_023030_20110806,0.12625999999999998,0.16096500000000002,0.16847250000000003,0.252375,321.25795394
8,40,25,LE07_023030_20110806,0.09491,0.12483,0.140505,0.26519,320.65980044
9,40,26,LE07_023030_20110806,0.0801425,0.10205999999999998,0.1083575,0.278005,320.06848298
10,40,27,LE07_023030_20110806,0.08228750000000001,0.10205999999999998,0.10027249999999999,0.2865025,319.46691146
11,40,28,LE07_023030_20110806,0.08228750000000001,0.10205999999999998,0.10027249999999999,0.2865025,319.46691146
13,41,23,LE07_023030_20110806,0.07164500000000001,0.07909749999999999,0.0800325,0.2481125,320.81019332
14,41,24,LE07_023030_20110806,0.132475,0.15871000000000002,0.16445749999999998,0.2438225,322.43717084
15,41,25,LE07_023030_20110806,0.11792750000000002,0.14969,0.16847250000000003,0.2481125,321.2511179
16,41,26,LE07_023030_20110806,0.1074775,0.1361325,0.14853500000000003,0.278005,319.45323938
17,41,27,LE07_023030_20110806,0.0927925,0.11347249999999998,0.1124,0.2779775,318.84824984
18,41,28,LE07_023030_20110806,0.0927925,0.11347249999999998,0.1124,0.2779775,318.84824984
21,42,23,LE07_023030_20110806,0.07164500000000001,0.08140750000000002,0.08201249999999999,0.25240250000000003,320.80335728
22,42,24,LE07_023030_20110806,0.10956749999999998,0.1383875,0.15849000000000002,0.2309525,321.81167317999996
23,42,25,LE07_023030_20110806,0.1304125,0.15871000000000002,0.16847250000000003,0.2609275,318.8072336
24,42,26,LE07_023030_20110806,0.15315499999999999,0.17666749999999998,0.19030750000000002,0.303525,316.98201092
25,42,27,LE07_023030_20110806,0.1345925,0.16544750000000003,0.16646500000000003,0.2907375,316.36676732
26,42,28,LE07_023030_20110806,0.1345925,0.16544750000000003,0.16646500000000003,0.2907375,316.36676732
27,42,29,LE07_023030_20110806,0.08649499999999999,0.10890749999999999,0.1124,0.2651625,319.19346986
29,43,23,LE07_023030_20110806,0.08008749999999998,0.09975,0.09416750000000002,0.25240250000000003,319.60363226
30,43,24,LE07_023030_20110806,0.11998999999999999,0.151945,0.16847250000000003,0.25666500000000003,320.61194816
31,43,25,LE07_023030_20110806,0.14696750000000003,0.16995749999999998,0.1784,0.303525,319.41222314000004
32,43,26,LE07_023030_20110806,0.2021325,0.2278175,0.24151250000000002,0.3542625,316.35993127999996
33,43,27,LE07_023030_20110806,0.206175,0.2410175,0.2395875,0.3542625,315.11919002
34,43,28,LE07_023030_20110806,0.206175,0.2410175,0.2395875,0.3542625,315.11919002
35,43,29,LE07_023030_20110806,0.08228750000000001,0.09977750000000002,0.1083575,0.2694525,317.97665473999996
37,44,23,LE07_023030_20110806,0.05885750000000001,0.067575,0.06169000000000002,0.1965225,320.19836774
38,44,24,LE07_023030_20110806,0.12417,0.15871000000000002,0.16049750000000002,0.26519,320.01379466000003
39,44,25,LE07_023030_20110806,0.17160750000000002,0.192315,0.21206000000000003,0.3247275,317.58700046
40,44,26,LE07_023030_20110806,0.22429749999999998,0.2476175,0.25716,0.37106500000000003,314.49711038
41,44,27,LE07_023030_20110806,0.212225,0.23661749999999998,0.243465,0.3542625,313.24269704
42,44,28,LE07_023030_20110806,0.12625999999999998,0.14067000000000002,0.1545025,0.30349750000000003,315.11235397999997
43,44,29,LE07_023030_20110806,0.0801425,0.097495,0.09622999999999998,0.2651625,317.97665473999996
44,44,30,LE07_023030_20110806,0.08228750000000001,0.1043425,0.1023075,0.2566375,319.78820534
46,45,28,LE07_023030_20110806,0.132475,0.14743499999999998,0.16049750000000002,0.31199499999999997,313.8681947
47,45,29,LE07_023030_20110806,0.0801425,0.10205999999999998,0.1083575,0.28224,317.36824718
2,39,23,LE07_023030_20110822,0.09529500000000002,0.12048500000000001,0.13629750000000002,0.20018000000000002,308.75825480000003
3,39,24,LE07_023030_20110822,0.108935,0.1418525,0.15736250000000002,0.20018000000000002,309.19234334
4,39,25,LE07_023030_20110822,0.09920000000000001,0.11404999999999998,0.13055,0.2042775,309.55465346
6,40,23,LE07_023030_20110822,0.06389,0.08388250000000003,0.08245249999999998,0.23703000000000002,308.75483678
7,40,24,LE07_023030_20110822,0.108935,0.150405,0.15736250000000002,0.21656999999999998,310.27243766000004
8,40,25,LE07_023030_20110822,0.08355249999999997,0.10115249999999998,0.12480249999999998,0.2288075,309.91354556
9,40,26,LE07_023030_20110822,0.06586999999999998,0.09037250000000002,0.09017999999999998,0.2574075,309.55123544
10,40,27,LE07_023030_20110822,0.06193749999999998,0.09037250000000002,0.09017999999999998,0.2574075,309.55123544
11,40,28,LE07_023030_20110822,0.06193749999999998,0.09037250000000002,0.09017999999999998,0.2574075,309.55123544
13,41,23,LE07_023030_20110822,0.05800499999999997,0.07741999999999999,0.07279999999999998,0.21656999999999998,309.11372888
14,41,24,LE07_023030_20110822,0.108935,0.1418525,0.1477925,0.2042775,310.27243766000004
15,41,25,LE07_023030_20110822,0.11088750000000003,0.139735,0.16308250000000002,0.20837499999999998,309.91012753999996
16,41,26,LE07_023030_20110822,0.09529500000000002,0.11619499999999999,0.1286525,0.23703000000000002,309.91012753999996
17,41,27,LE07_023030_20110822,0.06980249999999999,0.09254499999999999,0.09017999999999998,0.24924000000000002,309.54781742
18,41,28,LE07_023030_20110822,0.06980249999999999,0.09254499999999999,0.09017999999999998,0.24924000000000002,309.54781742
21,42,23,LE07_023030_20110822,0.044117500000000004,0.07092999999999999,0.06507249999999998,0.2288075,309.10689284
22,42,24,LE07_023030_20110822,0.10115249999999998,0.12477500000000002,0.13822250000000003,0.1960825,310.59714956
23,42,25,LE07_023030_20110822,0.09139000000000003,0.12477500000000002,0.13440000000000002,0.20018000000000002,310.23825746
24,42,26,LE07_023030_20110822,0.08355249999999997,0.1075875,0.12287749999999997,0.20837499999999998,309.51705524
25,42,27,LE07_023030_20110822,0.073735,0.09254499999999999,0.09598250000000003,0.21656999999999998,309.51705524
26,42,28,LE07_023030_20110822,0.073735,0.09254499999999999,0.09598250000000003,0.21656999999999998,309.51705524
27,42,29,LE07_023030_20110822,0.07180999999999998,0.09900750000000003,0.09980499999999998,0.2288075,310.73728838
29,43,23,LE07_023030_20110822,0.0599575,0.0882,0.08248,0.24109999999999998,309.10347482
30,43,24,LE07_023030_20110822,0.097275,0.12048500000000001,0.13440000000000002,0.20837499999999998,310.95604166
31,43,25,LE07_023030_20110822,0.073735,0.09469,0.10172999999999999,0.22473749999999998,310.23825746
32,43,26,LE07_023030_20110822,0.05800499999999997,0.08390999999999998,0.08825499999999997,0.22473749999999998,309.51363721999996
33,43,27,LE07_023030_20110822,0.06196499999999999,0.07527499999999998,0.07860250000000002,0.22473749999999998,309.1513271
34,43,28,LE07_023030_20110822,0.06196499999999999,0.07527499999999998,0.07860250000000002,0.22473749999999998,309.1513271
35,43,29,LE07_023030_20110822,0.05998500000000001,0.08176499999999998,0.0863025,0.23290500000000003,310.37839628
37,44,23,LE07_023030_20110822,0.05800499999999997,0.073075,0.0689225,0.22473749999999998,309.46236692
38,44,24,LE07_023030_20110822,0.103105,0.13121,0.1324475,0.20837499999999998,310.95604166
39,44,25,LE07_023030_20110822,0.06391750000000002,0.08176499999999998,0.09790749999999998,0.21656999999999998,310.23483944
40,44,26,LE07_023030_20110822,0.04414499999999999,0.06444,0.061195,0.2288075,309.51363721999996
41,44,27,LE07_023030_20110822,0.05404500000000001,0.06875749999999997,0.06895000000000001,0.22473749999999998,309.1513271
42,44,28,LE07_023030_20110822,0.05602499999999999,0.06444,0.06895000000000001,0.22473749999999998,309.5102192
43,44,29,LE07_023030_20110822,0.05008499999999999,0.07092999999999999,0.07087500000000002,0.22064,309.66061207999996
44,44,30,LE07_023030_20110822,0.0658975,0.0860825,0.09210499999999999,0.22064,310.01950418
45,45,27,LE07_023030_20110822,0.05602499999999999,0.07092999999999999,0.07860250000000002,0.22064,309.1513271
46,45,28,LE07_023030_20110822,0.048132499999999995,0.06661250000000002,0.06312000000000001,0.21654250000000003,309.14790908
47,45,29,LE07_023030_20110822,0.052092499999999986,0.0709575,0.07087500000000002,0.2370025,309.29830196
2,39,23,LE07_023030_20110907,0.09675250000000002,0.11872500000000002,0.13126500000000002,0.186815,302.30845106000004
3,39,24,LE07_023030_20110907,0.102885,0.1365175,0.157225,0.19102249999999998,302.7425396
4,39,25,LE07_023030_20110907,0.0844875,0.10307749999999999,0.12527,0.20367249999999998,302.7425396
6,40,23,LE07_023030_20110907,0.0473625,0.0693625,0.079125,0.224765,302.30845106000004
7,40,24,LE07_023030_20110907,0.11102499999999998,0.1432,0.14727,0.212115,304.02087908
8,40,25,LE07_023030_20110907,0.08858500000000002,0.11424250000000002,0.1392675,0.22055750000000002,303.70300322
9,40,26,LE07_023030_20110907,0.06191000000000002,0.09414,0.10324250000000001,0.23736000000000002,303.70300322
10,40,27,LE07_023030_20110907,0.064,0.08743000000000001,0.09724749999999999,0.24995499999999998,303.70300322
11,40,28,LE07_023030_20110907,0.064,0.08743000000000001,0.09724749999999999,0.24995499999999998,303.70300322
13,41,23,LE07_023030_20110907,0.05564000000000002,0.067135,0.0650175,0.199465,302.9476208
14,41,24,LE07_023030_20110907,0.10492000000000001,0.13429000000000002,0.1392675,0.19525750000000003,304.02087908
15,41,25,LE07_023030_20110907,0.10492000000000001,0.1365175,0.15920499999999999,0.20367249999999998,303.70300322
16,41,26,LE07_023030_20110907,0.08655000000000002,0.10978749999999998,0.12329000000000001,0.22473749999999998,303.70300322
17,41,27,LE07_023030_20110907,0.05987500000000001,0.08292,0.08721000000000001,0.22471000000000002,303.70300322
18,41,28,LE07_023030_20110907,0.05987500000000001,0.08292,0.08721000000000001,0.22471000000000002,303.70300322
21,42,23,LE07_023030_20110907,0.049425,0.067135,0.0650175,0.22899999999999998,302.61949088
22,42,24,LE07_023030_20110907,0.09265499999999999,0.11424250000000002,0.13129249999999998,0.19102249999999998,304.6224506
23,42,25,LE07_023030_20110907,0.08858500000000002,0.11647000000000002,0.1272775,0.2037,303.9901169
24,42,26,LE07_023030_20110907,0.07632,0.0986225,0.11525999999999997,0.1994375,303.67224104
25,42,27,LE07_023030_20110907,0.064,0.08292,0.0932325,0.1994375,303.35094716000003
26,42,28,LE07_023030_20110907,0.064,0.08292,0.0932325,0.1994375,303.35094716000003
27,42,29,LE07_023030_20110907,0.0681525,0.0896575,0.091225,0.2162675,303.77819966
29,43,23,LE07_023030_20110907,0.05976500000000001,0.07838250000000002,0.07511000000000001,0.2332075,302.61949088
30,43,24,LE07_023030_20110907,0.09675250000000002,0.11872500000000002,0.12928499999999998,0.199465,304.30799276
31,43,25,LE07_023030_20110907,0.06807000000000002,0.08514749999999999,0.09925499999999998,0.212115,303.67224104
32,43,26,LE07_023030_20110907,0.04744499999999999,0.06716250000000001,0.07513750000000002,0.20788,303.03307129999996
33,43,27,LE07_023030_20110907,0.05572250000000001,0.06493500000000002,0.07312999999999997,0.212115,303.03307129999996
34,43,28,LE07_023030_20110907,0.05572250000000001,0.06493500000000002,0.07312999999999997,0.212115,303.03307129999996
35,43,29,LE07_023030_20110907,0.059902500000000025,0.07846500000000001,0.08520250000000001,0.2162675,303.46032379999997
37,44,23,LE07_023030_20110907,0.04321,0.05583250000000001,0.061002500000000015,0.22058500000000003,302.61949088
38,44,24,LE07_023030_20110907,0.09675250000000002,0.11424250000000002,0.12527,0.199465,303.9901169
39,44,25,LE07_023030_20110907,0.06188250000000001,0.07840999999999998,0.09521249999999998,0.19525750000000003,303.35094716000003
40,44,26,LE07_023030_20110907,0.03914000000000001,0.05817,0.056987500000000024,0.21632250000000003,303.03307129999996
41,44,27,LE07_023030_20110907,0.049534999999999996,0.060425000000000006,0.06504500000000002,0.20788,302.71177742
42,44,28,LE07_023030_20110907,0.0412575,0.05591499999999999,0.06306499999999998,0.1994375,303.03307129999996
43,44,29,LE07_023030_20110907,0.04128499999999999,0.06270749999999997,0.06507249999999998,0.20364500000000002,303.46032379999997
44,44,30,LE07_023030_20110907,0.06196499999999999,0.07846500000000001,0.09523999999999999,0.21206000000000003,303.46032379999997
45,45,27,LE07_023030_20110907,0.04538249999999999,0.060425000000000006,0.06707999999999997,0.20367249999999998,302.71177742
46,45,28,LE07_023030_20110907,0.0412575,0.05591499999999999,0.05297249999999998,0.2078525,302.71177742
47,45,29,LE07_023030_20110907,0.051624999999999976,0.06721749999999999,0.07112249999999998,0.2289175,303.13902992
2,39,23,LE07_023030_20111009,0.0955975,0.10973250000000001,0.12870749999999997,0.1831025,302.0247554
3,39,24,LE07_023030_20111009,0.10560750000000002,0.13431749999999998,0.1505975,0.1831025,302.12045996
4,39,25,LE07_023030_20111009,0.08803499999999997,0.10973250000000001,0.12381249999999999,0.1831025,302.12045996
6,40,23,LE07_023030_20111009,0.06012250000000002,0.07953749999999998,0.084735,0.2088975,302.35288532
7,40,24,LE07_023030_20111009,0.11314249999999998,0.1397625,0.14817750000000002,0.19861250000000003,302.4520079
8,40,25,LE07_023030_20111009,0.08294750000000001,0.1015375,0.1262875,0.21406750000000002,302.78355583999996
9,40,26,LE07_023030_20111009,0.07029750000000001,0.09053749999999999,0.10431499999999999,0.22952250000000002,302.78355583999996
10,40,27,LE07_023030_20111009,0.07029750000000001,0.09328750000000002,0.09697250000000002,0.22952250000000002,303.11510378
11,40,28,LE07_023030_20111009,0.07029750000000001,0.09328750000000002,0.09697250000000002,0.22952250000000002,303.11510378
13,41,23,LE07_023030_20111009,0.06012250000000002,0.06853749999999997,0.07491750000000003,0.17273500000000003,303.01256318000003
14,41,24,LE07_023030_20111009,0.1081375,0.12612250000000003,0.14573000000000003,0.188245,303.4432337
15,41,25,LE07_023030_20111009,0.11314249999999998,0.1370675,0.1505975,0.188245,303.11510378
16,41,26,LE07_023030_20111009,0.08800750000000002,0.10973250000000001,0.12139250000000001,0.20892500000000003,303.4432337
17,41,27,LE07_023030_20111009,0.07535750000000002,0.09053749999999999,0.09942000000000001,0.20375500000000002,303.4432337
18,41,28,LE07_023030_20111009,0.07535750000000002,0.09053749999999999,0.09942000000000001,0.20375500000000002,303.4432337
21,42,23,LE07_023030_20111009,0.06520999999999999,0.07681500000000002,0.08715499999999998,0.193415,303.33043904
22,42,24,LE07_023030_20111009,0.09556999999999999,0.1206775,0.14089000000000002,0.1779325,303.74060144
23,42,25,LE07_023030_20111009,0.09304000000000001,0.1206775,0.1336025,0.188245,303.74060144
24,42,26,LE07_023030_20111009,0.08039000000000002,0.10701,0.1140775,0.193415,303.74060144
25,42,27,LE07_023030_20111009,0.07029750000000001,0.09053749999999999,0.10183999999999999,0.193415,303.41247152
26,42,28,LE07_023030_20111009,0.07029750000000001,0.09053749999999999,0.10183999999999999,0.193415,303.41247152
27,42,29,LE07_023030_20111009,0.06518249999999998,0.08231499999999997,0.08715499999999998,0.1882725,302.54429444
29,43,23,LE07_023030_20111009,0.06774000000000002,0.08231499999999997,0.09697250000000002,0.2088975,303.33043904
30,43,24,LE07_023030_20111009,0.09050999999999998,0.11795499999999998,0.12870749999999997,0.188245,304.06873136
31,43,25,LE07_023030_20111009,0.06518249999999998,0.09053749999999999,0.10183999999999999,0.188245,303.74060144
32,43,26,LE07_023030_20111009,0.05756499999999998,0.08231499999999997,0.08962999999999999,0.1831025,303.74060144
33,43,27,LE07_023030_20111009,0.06012250000000002,0.08503749999999999,0.09449750000000001,0.193415,303.41247152
34,43,28,LE07_023030_20111009,0.06012250000000002,0.08503749999999999,0.09449750000000001,0.193415,303.41247152
35,43,29,LE07_023030_20111009,0.05756499999999998,0.0712875,0.07491750000000003,0.1831025,302.87242435999997
37,44,23,LE07_023030_20111009,0.06268000000000001,0.07953749999999998,0.09452500000000003,0.20375500000000002,303.65856896
38,44,24,LE07_023030_20111009,0.0980725,0.1206775,0.12381249999999999,0.188245,304.06873136
39,44,25,LE07_023030_20111009,0.06012250000000002,0.08503749999999999,0.09697250000000002,0.17273500000000003,303.74060144
40,44,26,LE07_023030_20111009,0.04224749999999999,0.0657875,0.06509999999999999,0.17273500000000003,303.08092358
41,44,27,LE07_023030_20111009,0.06012250000000002,0.07403749999999998,0.084735,0.20375500000000002,302.75279366
42,44,28,LE07_023030_20111009,0.05247750000000001,0.06851000000000002,0.07491750000000003,0.19861250000000003,303.08092358
43,44,29,LE07_023030_20111009,0.04738999999999999,0.06301000000000001,0.05770249999999999,0.193415,302.87242435999997
44,44,30,LE07_023030_20111009,0.05756499999999998,0.07403749999999998,0.07981250000000001,0.19861250000000003,302.54429444
45,45,27,LE07_023030_20111009,0.05756499999999998,0.07403749999999998,0.08715499999999998,0.2088975,302.75279366
46,45,28,LE07_023030_20111009,0.04991999999999999,0.0712875,0.067575,0.188245,303.08092358
47,45,29,LE07_023030_20111009,0.055035,0.07403749999999998,0.07244250000000002,0.2088975,303.20055428
4,39,25,LE07_023030_20120129,0.16902250000000002,0.16288999999999998,0.1776025,0.19591750000000002,272.21620298
2,39,23,LE07_023030_20120402,0.0986225,0.12263000000000002,0.14223750000000002,0.193195,291.77753143999996
3,39,24,LE07_023030_20120402,0.10720249999999998,0.14358500000000002,0.15469500000000003,0.193195,292.17060374
4,39,25,LE07_023030_20120402,0.10720249999999998,0.12961499999999998,0.1443275,0.19765,291.7877855
6,40,23,LE07_023030_20120402,0.07703500000000002,0.09221499999999999,0.09848499999999999,0.18876749999999998,292.15693166
7,40,24,LE07_023030_20120402,0.10931999999999997,0.14127499999999998,0.15469500000000003,0.20210499999999998,292.55000396
8,40,25,LE07_023030_20120402,0.09427750000000001,0.12029250000000002,0.13599499999999998,0.206505,292.55342198
9,40,26,LE07_023030_20120402,0.0813525,0.10629499999999997,0.11102499999999998,0.206505,292.17060374
10,40,27,LE07_023030_20120402,0.08784249999999999,0.10863250000000002,0.11102499999999998,0.21093250000000002,291.7877855
11,40,28,LE07_023030_20120402,0.08784249999999999,0.10863250000000002,0.11102499999999998,0.21093250000000002,291.7877855
13,41,23,LE07_023030_20120402,0.07271749999999999,0.09691749999999999,0.102665,0.193195,292.53633188000003
14,41,24,LE07_023030_20120402,0.10291250000000002,0.12961499999999998,0.1443275,0.18434,293.31222242
15,41,25,LE07_023030_20120402,0.11787249999999999,0.14358500000000002,0.16297250000000002,0.19765,293.31222242
16,41,26,LE07_023030_20120402,0.10931999999999997,0.1342625,0.14639000000000002,0.21093250000000002,292.93282220000003
17,41,27,LE07_023030_20120402,0.0899875,0.115645,0.11938500000000002,0.21093250000000002,292.17060374
18,41,28,LE07_023030_20120402,0.0899875,0.115645,0.11938500000000002,0.21093250000000002,292.17060374
21,42,23,LE07_023030_20120402,0.07054500000000002,0.0875125,0.0900975,0.18434,292.52607781999995
22,42,24,LE07_023030_20120402,0.10291250000000002,0.12496750000000001,0.140175,0.17542999999999997,292.90206002
23,42,25,LE07_023030_20120402,0.09427750000000001,0.11798249999999999,0.13187,0.170975,292.90206002
24,42,26,LE07_023030_20120402,0.08781499999999998,0.10863250000000002,0.11938500000000002,0.17988500000000002,292.5226598
25,42,27,LE07_023030_20120402,0.0813525,0.09925499999999998,0.10475499999999999,0.18434,291.75702332000003
26,42,28,LE07_023030_20120402,0.0813525,0.09925499999999998,0.10475499999999999,0.18434,291.75702332000003
27,42,29,LE07_023030_20120402,0.07489000000000001,0.09691749999999999,0.10057500000000003,0.20210499999999998,291.5656142
29,43,23,LE07_023030_20120402,0.0748625,0.09925499999999998,0.10475499999999999,0.19322250000000002,292.1466776
30,43,24,LE07_023030_20120402,0.10076750000000001,0.12961499999999998,0.13599499999999998,0.20210499999999998,292.5226598
31,43,25,LE07_023030_20120402,0.07703500000000002,0.09221499999999999,0.09848499999999999,0.206505,292.13984156000004
32,43,26,LE07_023030_20120402,0.07271749999999999,0.09691749999999999,0.09639500000000001,0.18434,292.13984156000004
33,43,27,LE07_023030_20120402,0.07703500000000002,0.09221499999999999,0.09848499999999999,0.17542999999999997,291.7536053
34,43,28,LE07_023030_20120402,0.07703500000000002,0.09221499999999999,0.09848499999999999,0.17542999999999997,291.7536053
35,43,29,LE07_023030_20120402,0.07054500000000002,0.08514749999999999,0.08800750000000002,0.20210499999999998,291.17937794
37,44,23,LE07_023030_20120402,0.0683725,0.0875125,0.08800750000000002,0.16654750000000001,292.1466776
38,44,24,LE07_023030_20120402,0.0986225,0.12961499999999998,0.13599499999999998,0.20210499999999998,292.90206002
39,44,25,LE07_023030_20120402,0.0813525,0.08984999999999999,0.09848499999999999,0.206505,292.51924178
40,44,26,LE07_023030_20120402,0.05530999999999997,0.0804725,0.08173750000000002,0.193195,291.7536053
41,44,27,LE07_023030_20120402,0.07054500000000002,0.08984999999999999,0.085945,0.20210499999999998,291.7536053
42,44,28,LE07_023030_20120402,0.064,0.0875125,0.08385500000000001,0.18876749999999998,291.7536053
43,44,29,LE07_023030_20120402,0.064,0.08514749999999999,0.08176499999999998,0.20210499999999998,291.17937794
44,44,30,LE07_023030_20120402,0.07489000000000001,0.09221499999999999,0.09639500000000001,0.21093250000000002,291.17937794
45,45,27,LE07_023030_20120402,0.07271749999999999,0.08984999999999999,0.0900975,0.19765,291.36736903999997
46,45,28,LE07_023030_20120402,0.06617250000000002,0.0875125,0.08800750000000002,0.19765,291.37078706
47,45,29,LE07_023030_20120402,0.05748249999999999,0.0804725,0.08176499999999998,0.224215,291.17937794
2,39,23,LE07_023030_20120520,0.12164000000000003,0.1405325,0.15301750000000003,0.29082,294.43675099999996
3,39,24,LE07_023030_20120520,0.132365,0.16332999999999998,0.174935,0.2742925,295.7185085
4,39,25,LE07_023030_20120520,0.1366,0.1587925,0.17295500000000003,0.28257,295.7185085
6,40,23,LE07_023030_20120520,0.10657,0.12903750000000003,0.12691999999999998,0.3154875,294.89476568
7,40,24,LE07_023030_20120520,0.13877250000000002,0.1633575,0.168995,0.282625,295.72192652
8,40,25,LE07_023030_20120520,0.1194675,0.14281500000000003,0.15098250000000002,0.31546,295.72192652
9,40,26,LE07_023030_20120520,0.10868749999999999,0.1359125,0.12892750000000003,0.33592000000000005,295.26732986
10,40,27,LE07_023030_20120520,0.11303249999999998,0.13363000000000003,0.13294250000000002,0.33185000000000003,295.26732986
11,40,28,LE07_023030_20120520,0.11303249999999998,0.13363000000000003,0.13294250000000002,0.33185000000000003,295.26732986
13,41,23,LE07_023030_20120520,0.10439749999999998,0.11751499999999998,0.12086999999999998,0.290875,294.8981837
14,41,24,LE07_023030_20120520,0.1301925,0.1587925,0.16500750000000003,0.2619725,296.6242838
15,41,25,LE07_023030_20120520,0.13877250000000002,0.16564,0.17697000000000002,0.274375,295.72192652
16,41,26,LE07_023030_20120520,0.12802000000000002,0.15191749999999998,0.1669875,0.2990975,295.72192652
17,41,27,LE07_023030_20120520,0.1108325,0.1359125,0.13693,0.3072925,295.27074788
18,41,28,LE07_023030_20120520,0.1108325,0.1359125,0.13693,0.3072925,295.27074788
21,42,23,LE07_023030_20120520,0.10439749999999998,0.11985249999999997,0.11886249999999998,0.29912500000000003,294.88792964000004
22,42,24,LE07_023030_20120520,0.12593,0.1519725,0.1630275,0.24536249999999998,297.04811828
23,42,25,LE07_023030_20120520,0.1323375,0.1587925,0.16500750000000003,0.2660975,296.60035766
24,42,26,LE07_023030_20120520,0.12375750000000002,0.14740750000000002,0.1630275,0.2785275,296.14917902
25,42,27,LE07_023030_20120520,0.11300500000000002,0.12903750000000003,0.13294250000000002,0.2908475,295.69800038
26,42,28,LE07_023030_20120520,0.11300500000000002,0.12903750000000003,0.13294250000000002,0.2908475,295.69800038
27,42,29,LE07_023030_20120520,0.10648750000000001,0.1336025,0.1309075,0.2908475,295.96802396
29,43,23,LE07_023030_20120520,0.10657,0.13365749999999998,0.12892750000000003,0.31551500000000005,294.89134766
30,43,24,LE07_023030_20120520,0.128075,0.15422750000000002,0.16500750000000003,0.27022250000000003,297.4958789
31,43,25,LE07_023030_20120520,0.11517749999999999,0.13594,0.13497750000000003,0.2949725,297.04811828
32,43,26,LE07_023030_20120520,0.10868749999999999,0.13132,0.13899250000000002,0.290875,296.60035766
33,43,27,LE07_023030_20120520,0.1021975,0.122135,0.12287749999999997,0.3032225,296.15259704
34,43,28,LE07_023030_20120520,0.1021975,0.122135,0.12287749999999997,0.3032225,296.15259704
35,43,29,LE07_023030_20120520,0.10002499999999998,0.12439,0.12285000000000001,0.2990975,295.97144198
37,44,23,LE07_023030_20120520,0.09788000000000002,0.126755,0.11886249999999998,0.2949725,294.89134766
38,44,24,LE07_023030_20120520,0.12378499999999998,0.15422750000000002,0.15904000000000001,0.2785275,297.04811828
39,44,25,LE07_023030_20120520,0.10654249999999998,0.126755,0.12691999999999998,0.29912500000000003,296.60035766
40,44,26,LE07_023030_20120520,0.09353499999999998,0.12216250000000001,0.11278500000000002,0.30732,296.15259704
41,44,27,LE07_023030_20120520,0.09353499999999998,0.11751499999999998,0.11479250000000002,0.31551500000000005,296.15259704
42,44,28,LE07_023030_20120520,0.09353499999999998,0.11985249999999997,0.11685499999999999,0.29912500000000003,296.15259704
43,44,29,LE07_023030_20120520,0.09353499999999998,0.11751499999999998,0.11479250000000002,0.295,296.4192026
44,44,30,LE07_023030_20120520,0.10002499999999998,0.1267275,0.12084250000000002,0.2908475,296.4192026
45,45,27,LE07_023030_20120520,0.09353499999999998,0.122135,0.11278500000000002,0.29912500000000003,296.15259704
46,45,28,LE07_023030_20120520,0.09785250000000001,0.11985249999999997,0.11479250000000002,0.29912500000000003,296.60377568
47,45,29,LE07_023030_20120520,0.09353499999999998,0.11751499999999998,0.11479250000000002,0.31966750000000005,296.4192026
2,39,23,LE07_023030_20120605,0.08748499999999998,0.11652499999999999,0.127305,0.2066425,306.741623
3,39,24,LE07_023030_20120605,0.09947499999999998,0.12601250000000003,0.1493875,0.1957525,307.54143968
4,39,25,LE07_023030_20120605,0.08234249999999999,0.10516750000000002,0.11196,0.2066425,307.91058583999995
6,40,23,LE07_023030_20120605,0.058252499999999985,0.0860825,0.08465250000000002,0.26827,307.4764973
7,40,24,LE07_023030_20120605,0.09774250000000001,0.12980750000000002,0.139185,0.2429425,308.64204212
8,40,25,LE07_023030_20120605,0.08580749999999998,0.11086000000000001,0.1102825,0.2863375,309.00777026000003
9,40,26,LE07_023030_20120605,0.07379000000000002,0.09944750000000002,0.10516750000000002,0.2935425,308.64546013999995
10,40,27,LE07_023030_20120605,0.07549499999999998,0.10324250000000001,0.10516750000000002,0.2827075,307.90716782
11,40,28,LE07_023030_20120605,0.07549499999999998,0.10324250000000001,0.10516750000000002,0.2827075,307.90716782
13,41,23,LE07_023030_20120605,0.05478749999999999,0.07656750000000001,0.06922499999999998,0.24657250000000003,307.83880741999997
14,41,24,LE07_023030_20120605,0.10115249999999998,0.12980750000000002,0.14091749999999997,0.20301249999999998,309.73580852
15,41,25,LE07_023030_20120605,0.10797250000000003,0.1392675,0.15444750000000002,0.22842250000000003,309.73580852
16,41,26,LE07_023030_20120605,0.09433249999999999,0.11845,0.127305,0.26101,309.00435224
17,41,27,LE07_023030_20120605,0.06862000000000001,0.10137249999999998,0.10002499999999998,0.2790775,307.53460364
18,41,28,LE07_023030_20120605,0.06862000000000001,0.10137249999999998,0.10002499999999998,0.2790775,307.53460364
21,42,23,LE07_023030_20120605,0.06169000000000002,0.08226,0.08465250000000002,0.2537775,307.83197138
22,42,24,LE07_023030_20120605,0.090895,0.12601250000000003,0.1375075,0.19209500000000002,310.42966658
23,42,25,LE07_023030_20120605,0.0960375,0.12601250000000003,0.13409749999999998,0.2139025,310.06393844
24,42,26,LE07_023030_20120605,0.08234249999999999,0.11275750000000001,0.11878,0.2247925,308.97017203999997
25,42,27,LE07_023030_20120605,0.07208500000000001,0.09183000000000002,0.08979500000000001,0.24654500000000001,307.50042343999996
26,42,28,LE07_023030_20120605,0.07208500000000001,0.09183000000000002,0.08979500000000001,0.24654500000000001,307.50042343999996
27,42,29,LE07_023030_20120605,0.06862000000000001,0.09565249999999997,0.08979500000000001,0.25375000000000003,306.91594202
29,43,23,LE07_023030_20120605,0.08234249999999999,0.10514000000000001,0.1102825,0.2610375,307.46282522
30,43,24,LE07_023030_20120605,0.0840475,0.11845,0.11878,0.23568250000000002,309.70162832
31,43,25,LE07_023030_20120605,0.06342249999999999,0.08800750000000002,0.096615,0.24654500000000001,308.6044439
32,43,26,LE07_023030_20120605,0.06342249999999999,0.09183000000000002,0.096615,0.26101,307.86615158
33,43,27,LE07_023030_20120605,0.060012500000000024,0.08421250000000002,0.07953749999999998,0.275475,307.49700542
34,43,28,LE07_023030_20120605,0.060012500000000024,0.08421250000000002,0.07953749999999998,0.275475,307.49700542
35,43,29,LE07_023030_20120605,0.06171749999999998,0.09375499999999998,0.08979500000000001,0.25375000000000003,307.65081632
37,44,23,LE07_023030_20120605,0.058252499999999985,0.08418500000000001,0.08121499999999998,0.24657250000000003,307.82855336
38,44,24,LE07_023030_20120605,0.08918999999999999,0.11652499999999999,0.11196,0.2429425,308.97359006
39,44,25,LE07_023030_20120605,0.05135000000000001,0.072745,0.07607249999999999,0.26464,307.86615158
40,44,26,LE07_023030_20120605,0.049589999999999995,0.07656750000000001,0.0709575,0.275475,307.12444124
41,44,27,LE07_023030_20120605,0.04961750000000001,0.07846500000000001,0.07439499999999999,0.2682425,307.12444124
42,44,28,LE07_023030_20120605,0.04788500000000001,0.07082,0.07266250000000002,0.26101,307.4935874
43,44,29,LE07_023030_20120605,0.05308249999999998,0.08039000000000002,0.07780500000000001,0.25375000000000003,307.28167016
44,44,30,LE07_023030_20120605,0.06518249999999998,0.08803499999999997,0.08806249999999999,0.250175,307.28167016
45,45,27,LE07_023030_20120605,0.04788500000000001,0.072745,0.06922499999999998,0.26464,307.4935874
46,45,28,LE07_023030_20120605,0.04788500000000001,0.06889499999999998,0.06754749999999998,0.26464,307.12444124
47,45,29,LE07_023030_20120605,0.056520000000000015,0.08228750000000001,0.0812425,0.28994000000000003,306.91252399999996
2,39,23,LE07_023030_20120707,0.091885,0.1227125,0.13789249999999997,0.19088500000000003,315.8677364
3,39,24,LE07_023030_20120707,0.10448000000000002,0.12469249999999998,0.1432,0.1870075,316.86579824
4,39,25,LE07_023030_20120707,0.08649499999999999,0.1108325,0.12367499999999998,0.1831025,316.28473484
6,40,23,LE07_023030_20120707,0.07197500000000001,0.09686250000000002,0.10225250000000002,0.22974250000000002,315.27641894
7,40,24,LE07_023030_20120707,0.09911750000000003,0.1227125,0.14853500000000003,0.21420499999999998,315.69341738
8,40,25,LE07_023030_20120707,0.07741999999999999,0.10483749999999997,0.1165525,0.2451975,315.69341738
9,40,26,LE07_023030_20120707,0.07560499999999998,0.10285749999999999,0.10940250000000001,0.2529525,315.11235397999997
10,40,27,LE07_023030_20120707,0.08289249999999998,0.10885250000000002,0.1307975,0.2491025,315.11235397999997
11,40,28,LE07_023030_20120707,0.08289249999999998,0.10885250000000002,0.1307975,0.2491025,315.11235397999997
13,41,23,LE07_023030_20120707,0.05740000000000001,0.08085750000000003,0.0843775,0.22586499999999998,314.6885195
14,41,24,LE07_023030_20120707,0.10626750000000001,0.13462000000000002,0.15915,0.20254500000000003,315.68658134
15,41,25,LE07_023030_20120707,0.11168499999999998,0.13857999999999998,0.15738999999999997,0.22583750000000002,315.68999936
16,41,26,LE07_023030_20120707,0.08831,0.11680000000000001,0.1201275,0.2491025,315.10551794
17,41,27,LE07_023030_20120707,0.07560499999999998,0.10285749999999999,0.114765,0.2568025,315.10551794
18,41,28,LE07_023030_20120707,0.07560499999999998,0.10285749999999999,0.114765,0.2568025,315.10551794
21,42,23,LE07_023030_20120707,0.06284499999999998,0.08886,0.09152749999999998,0.2219875,314.68168346
22,42,24,LE07_023030_20120707,0.09911750000000003,0.12669999999999998,0.13789249999999997,0.1947625,316.82136398
23,42,25,LE07_023030_20120707,0.0937,0.12868000000000002,0.146775,0.21420499999999998,316.81452794
24,42,26,LE07_023030_20120707,0.091885,0.11479250000000002,0.12543500000000002,0.23359249999999998,316.23688256
25,42,27,LE07_023030_20120707,0.07741999999999999,0.0988425,0.10940250000000001,0.2451975,315.07133774
26,42,28,LE07_023030_20120707,0.07741999999999999,0.0988425,0.10940250000000001,0.2451975,315.07133774
27,42,29,LE07_023030_20120707,0.07926250000000001,0.10087750000000001,0.10585499999999998,0.2451975,314.27493907999997
29,43,23,LE07_023030_20120707,0.07379000000000002,0.10483749999999997,0.10761500000000002,0.241375,315.25932883999997
30,43,24,LE07_023030_20120707,0.09730250000000001,0.1227125,0.13077,0.21811000000000003,317.39217332
31,43,25,LE07_023030_20120707,0.07200250000000002,0.10285749999999999,0.11831249999999999,0.23747000000000001,316.81452794
32,43,26,LE07_023030_20120707,0.08286500000000002,0.0988425,0.10761500000000002,0.2374425,315.64898312
33,43,27,LE07_023030_20120707,0.073845,0.0929025,0.10406749999999998,0.2529525,314.47660226
34,43,28,LE07_023030_20120707,0.073845,0.0929025,0.10406749999999998,0.2529525,314.47660226
35,43,29,LE07_023030_20120707,0.07202999999999998,0.10285749999999999,0.114765,0.252925,314.27152106
37,44,23,LE07_023030_20120707,0.0628725,0.08886,0.09331499999999998,0.241375,314.67826544
38,44,24,LE07_023030_20120707,0.10090500000000002,0.12075999999999998,0.13789249999999997,0.23359249999999998,316.23688256
39,44,25,LE07_023030_20120707,0.06471500000000002,0.09488249999999998,0.11119000000000001,0.2491025,315.64898312
40,44,26,LE07_023030_20120707,0.06471500000000002,0.09086749999999999,0.08798,0.2529525,314.47660226
41,44,27,LE07_023030_20120707,0.06655749999999999,0.08888750000000001,0.0951575,0.2568025,313.8852848
42,44,28,LE07_023030_20120707,0.06290000000000001,0.08688000000000001,0.09691749999999999,0.249075,313.88186678
43,44,29,LE07_023030_20120707,0.06292750000000003,0.08888750000000001,0.0951575,0.2451975,313.68362162
44,44,30,LE07_023030_20120707,0.073845,0.09488249999999998,0.10585499999999998,0.2374425,314.8594205
45,45,27,LE07_023030_20120707,0.061112500000000014,0.08688000000000001,0.0933425,0.2451975,313.88186678
46,45,28,LE07_023030_20120707,0.0592975,0.08286500000000002,0.0897675,0.2451975,313.8852848
47,45,29,LE07_023030_20120707,0.06474249999999998,0.0929025,0.10585499999999998,0.26068,314.27152106
2,39,23,LE07_023030_20120723,0.0981825,0.12323499999999998,0.13968000000000003,0.18876749999999998,312.77442829999995
3,39,24,LE07_023030_20120723,0.10711999999999999,0.12914750000000003,0.1432,0.18489,314.50394642000003
4,39,25,LE07_023030_20120723,0.09287499999999999,0.11336249999999998,0.1307975,0.177135,314.94145298
6,40,23,LE07_023030_20120723,0.08209499999999997,0.10150999999999999,0.109485,0.22743249999999998,311.89257914
7,40,24,LE07_023030_20120723,0.11245500000000003,0.1311,0.14850750000000001,0.2003725,314.5005284
8,40,25,LE07_023030_20120723,0.08212249999999999,0.10549750000000002,0.11839499999999997,0.21197749999999999,314.93461693999996
9,40,26,LE07_023030_20120723,0.073185,0.0955975,0.10951250000000001,0.23513250000000002,314.50394642000003
10,40,27,LE07_023030_20120723,0.0839375,0.10549750000000002,0.11484749999999999,0.23513250000000002,314.93803496
11,40,28,LE07_023030_20120723,0.0839375,0.10549750000000002,0.11484749999999999,0.23513250000000002,314.93803496
13,41,23,LE07_023030_20120723,0.07312999999999997,0.08960249999999997,0.09348000000000001,0.22358250000000002,312.3300857
14,41,24,LE07_023030_20120723,0.10887999999999998,0.13506,0.15378750000000002,0.2003725,314.49711038
15,41,25,LE07_023030_20120723,0.11600250000000001,0.13899250000000002,0.15557500000000002,0.20425,314.93461693999996
16,41,26,LE07_023030_20120723,0.09999750000000002,0.12323499999999998,0.1307975,0.2312825,314.93461693999996
17,41,27,LE07_023030_20120723,0.07854749999999999,0.0955975,0.10775249999999997,0.2312825,314.93461693999996
18,41,28,LE07_023030_20120723,0.07854749999999999,0.0955975,0.10775249999999997,0.2312825,314.93461693999996
21,42,23,LE07_023030_20120723,0.07494499999999998,0.09556999999999999,0.0952675,0.23131000000000002,312.31983163999996
22,42,24,LE07_023030_20120723,0.103545,0.13305250000000002,0.14674749999999998,0.192645,314.46634819999997
23,42,25,LE07_023030_20120723,0.1017575,0.12323499999999998,0.13789249999999997,0.2003725,315.33452528
24,42,26,LE07_023030_20120723,0.09466249999999998,0.1173225,0.1307975,0.21197749999999999,315.33452528
25,42,27,LE07_023030_20120723,0.08033499999999999,0.09757749999999998,0.10596499999999998,0.21967750000000003,315.7651958
26,42,28,LE07_023030_20120723,0.08033499999999999,0.09757749999999998,0.10596499999999998,0.21967750000000003,315.7651958
27,42,29,LE07_023030_20120723,0.078575,0.09953000000000001,0.10599249999999999,0.21967750000000003,315.55327855999997
29,43,23,LE07_023030_20120723,0.08567000000000002,0.10940250000000001,0.109485,0.2505875,312.31983163999996
30,43,24,LE07_023030_20120723,0.10887999999999998,0.13305250000000002,0.1432,0.20812750000000002,314.02884164
31,43,25,LE07_023030_20120723,0.08212249999999999,0.09953000000000001,0.11660749999999998,0.22743249999999998,314.90043674000003
32,43,26,LE07_023030_20120723,0.07676,0.1015375,0.10417749999999998,0.22740500000000002,315.33110725999995
33,43,27,LE07_023030_20120723,0.0713975,0.08765,0.097055,0.22740500000000002,315.33110725999995
34,43,28,LE07_023030_20120723,0.0713975,0.08765,0.097055,0.22740500000000002,315.33110725999995
35,43,29,LE07_023030_20120723,0.0713975,0.0955975,0.10599249999999999,0.21967750000000003,315.98053106
37,44,23,LE07_023030_20120723,0.07849250000000002,0.09356249999999999,0.097055,0.2390375,311.87890705999996
38,44,24,LE07_023030_20120723,0.11600250000000001,0.13506,0.1432,0.20812750000000002,313.5947531
39,44,25,LE07_023030_20120723,0.07851999999999998,0.10150999999999999,0.11660749999999998,0.223555,314.46293018
40,44,26,LE07_023030_20120723,0.06776749999999998,0.08962999999999999,0.08993250000000003,0.2312825,314.89701872
41,44,27,LE07_023030_20120723,0.073185,0.08962999999999999,0.09348000000000001,0.23513250000000002,315.33110725999995
42,44,28,LE07_023030_20120723,0.06597999999999998,0.08564250000000001,0.08814499999999997,0.223555,315.75835975999996
43,44,29,LE07_023030_20120723,0.06240499999999999,0.08368999999999999,0.08995999999999998,0.2158275,315.98053106
44,44,30,LE07_023030_20120723,0.07321250000000001,0.08962999999999999,0.10417749999999998,0.21195000000000003,316.83503606
45,45,27,LE07_023030_20120723,0.07136999999999999,0.08962999999999999,0.08814499999999997,0.223555,314.45951216000003
46,45,28,LE07_023030_20120723,0.067795,0.08564250000000001,0.08814499999999997,0.223555,315.32768924
47,45,29,LE07_023030_20120723,0.06961,0.0955975,0.10063,0.2235275,315.98053106
2,39,23,LE07_023030_20120909,0.07829999999999998,0.11229,0.1273875,0.19435000000000002,302.82115406
3,39,24,LE07_023030_20120909,0.10717500000000002,0.13038499999999997,0.1435575,0.18148000000000003,303.60046262000003
4,39,25,LE07_023030_20120909,0.084515,0.11229,0.1273875,0.18148000000000003,303.24840656000003
6,40,23,LE07_023030_20120909,0.06584250000000003,0.07818999999999998,0.084735,0.22438000000000002,303.17321012
7,40,24,LE07_023030_20120909,0.1112725,0.1281025,0.145565,0.22009,303.95251868
8,40,25,LE07_023030_20120909,0.10101500000000002,0.12133749999999999,0.12939499999999998,0.23290500000000003,303.9559367
9,40,26,LE07_023030_20120909,0.06999499999999997,0.09639500000000001,0.10505750000000003,0.22864250000000003,303.9559367
10,40,27,LE07_023030_20120909,0.07414749999999998,0.09185749999999998,0.10711999999999999,0.23290500000000003,303.9559367
11,40,28,LE07_023030_20120909,0.07414749999999998,0.09185749999999998,0.10711999999999999,0.23290500000000003,303.9559367
13,41,23,LE07_023030_20120909,0.05544749999999998,0.062212500000000004,0.060287499999999994,0.20724750000000003,303.52526618
14,41,24,LE07_023030_20120909,0.10304999999999997,0.13263999999999998,0.1476,0.19008750000000002,304.30799276
15,41,25,LE07_023030_20120909,0.11740499999999998,0.14166,0.15365,0.20724750000000003,304.30799276
16,41,26,LE07_023030_20120909,0.08245249999999998,0.110035,0.11724000000000001,0.22438000000000002,304.30799276
17,41,27,LE07_023030_20120909,0.06796000000000002,0.0872925,0.09491,0.237195,304.30799276
18,41,28,LE07_023030_20120909,0.06796000000000002,0.0872925,0.09491,0.237195,304.30799276
21,42,23,LE07_023030_20120909,0.044997499999999996,0.062212500000000004,0.06229499999999999,0.2029575,303.51843013999996
22,42,24,LE07_023030_20120909,0.09482750000000001,0.12133749999999999,0.1334375,0.19435000000000002,304.62586862
23,42,25,LE07_023030_20120909,0.084515,0.11457250000000002,0.12331750000000002,0.20724750000000003,304.27381256
24,42,26,LE07_023030_20120909,0.07829999999999998,0.10093249999999998,0.10711999999999999,0.21150999999999998,304.27381256
25,42,27,LE07_023030_20120909,0.06169000000000002,0.08500999999999997,0.09086749999999999,0.19863999999999998,304.27381256
26,42,28,LE07_023030_20120909,0.06169000000000002,0.08500999999999997,0.09086749999999999,0.19863999999999998,304.27381256
27,42,29,LE07_023030_20120909,0.0596275,0.08272750000000001,0.08880500000000002,0.2158,304.06531334
29,43,23,LE07_023030_20120909,0.05129499999999998,0.07818999999999998,0.07049,0.2158,303.51501212
30,43,24,LE07_023030_20120909,0.10304999999999997,0.13038499999999997,0.1435575,0.19863999999999998,304.97792468
31,43,25,LE07_023030_20120909,0.06378,0.0872925,0.08677000000000001,0.21150999999999998,304.27381256
32,43,26,LE07_023030_20120909,0.049177499999999985,0.06906000000000001,0.08066499999999999,0.21150999999999998,303.91833848
33,43,27,LE07_023030_20120909,0.049177499999999985,0.07134249999999998,0.06435750000000001,0.20724750000000003,303.91833848
34,43,28,LE07_023030_20120909,0.049177499999999985,0.07134249999999998,0.06435750000000001,0.20724750000000003,303.91833848
35,43,29,LE07_023030_20120909,0.05753750000000002,0.08050000000000002,0.07862999999999998,0.237195,303.70983925999997
37,44,23,LE07_023030_20120909,0.044997499999999996,0.062212500000000004,0.05619000000000002,0.21150999999999998,303.16295606
38,44,24,LE07_023030_20120909,0.084515,0.11905500000000002,0.139515,0.20724750000000003,305.32656271999997
39,44,25,LE07_023030_20120909,0.07211250000000002,0.09185749999999998,0.07659500000000002,0.22438000000000002,304.62586862
40,44,26,LE07_023030_20120909,0.03663749999999999,0.046152499999999985,0.05619000000000002,0.20724750000000003,303.20739032
41,44,27,LE07_023030_20120909,0.042935,0.062212500000000004,0.060287499999999994,0.2158,303.20739032
42,44,28,LE07_023030_20120909,0.038754999999999984,0.059902500000000025,0.060287499999999994,0.2158,303.91833848
43,44,29,LE07_023030_20120909,0.042935,0.055337499999999984,0.060287499999999994,0.19863999999999998,303.35436518
44,44,30,LE07_023030_20120909,0.04711499999999999,0.06677749999999999,0.072525,0.21150999999999998,303.00230912
45,45,27,LE07_023030_20120909,0.049177499999999985,0.06906000000000001,0.06639250000000002,0.21150999999999998,303.20739032
46,45,28,LE07_023030_20120909,0.038754999999999984,0.057620000000000005,0.060287499999999994,0.2158,303.56286439999997
47,45,29,LE07_023030_20120909,0.042935,0.062212500000000004,0.05822499999999997,0.22009,303.35436518
2,39,23,LE07_023030_20120925,0.09191250000000001,0.11091499999999999,0.12579249999999997,0.1881625,301.95981301999996
3,39,24,LE07_023030_20120925,0.09892499999999999,0.12634250000000002,0.1371775,0.1881625,302.38022948
4,39,25,LE07_023030_20120925,0.08487250000000002,0.10830250000000002,0.10978749999999998,0.20262750000000002,302.38022948
6,40,23,LE07_023030_20120925,0.05885750000000001,0.07725500000000002,0.07304749999999999,0.23158499999999999,302.3152871
7,40,24,LE07_023030_20120925,0.09892499999999999,0.1340425,0.1417425,0.21230749999999998,302.73570356
8,40,25,LE07_023030_20120925,0.09191250000000001,0.11603000000000002,0.12119999999999997,0.2267725,302.37681146
9,40,26,LE07_023030_20120925,0.073075,0.09540500000000002,0.10060249999999998,0.23158499999999999,302.01791936
10,40,27,LE07_023030_20120925,0.0777775,0.10830250000000002,0.10519499999999998,0.24602249999999998,301.65560924
11,40,28,LE07_023030_20120925,0.0777775,0.10830250000000002,0.10519499999999998,0.24602249999999998,301.65560924
13,41,23,LE07_023030_20120925,0.05409999999999998,0.06424750000000001,0.06149749999999998,0.19781500000000002,302.67076118
14,41,24,LE07_023030_20120925,0.10362749999999998,0.13151249999999998,0.14402500000000001,0.192975,303.09117763999996
15,41,25,LE07_023030_20120925,0.10128999999999999,0.13151249999999998,0.14402500000000001,0.20262750000000002,302.73228554
16,41,26,LE07_023030_20120925,0.08248,0.10571750000000002,0.11432500000000001,0.2267725,302.37339344
17,41,27,LE07_023030_20120925,0.06829000000000002,0.08503749999999999,0.08913500000000002,0.21711999999999998,302.01450134000004
18,41,28,LE07_023030_20120925,0.06829000000000002,0.08503749999999999,0.08913500000000002,0.21711999999999998,302.01450134000004
21,42,23,LE07_023030_20120925,0.05409999999999998,0.07725500000000002,0.07763999999999999,0.21230749999999998,302.66050712000003
22,42,24,LE07_023030_20120925,0.09191250000000001,0.11603000000000002,0.134895,0.1881625,303.41588953999997
23,42,25,LE07_023030_20120925,0.08248,0.11349999999999999,0.12119999999999997,0.192975,303.06041546
24,42,26,LE07_023030_20120925,0.0777775,0.10057500000000003,0.11660749999999998,0.192975,302.70152336
25,42,27,LE07_023030_20120925,0.06356,0.08503749999999999,0.084515,0.20262750000000002,302.34263125999996
26,42,28,LE07_023030_20120925,0.06356,0.08503749999999999,0.084515,0.20262750000000002,302.34263125999996
27,42,29,LE07_023030_20120925,0.06356,0.08503749999999999,0.084515,0.20265500000000003,302.13755005999997
29,43,23,LE07_023030_20120925,0.07068249999999998,0.09282000000000001,0.09372750000000002,0.236425,302.6570891
30,43,24,LE07_023030_20120925,0.0871825,0.11861500000000003,0.128075,0.20746750000000003,303.41588953999997
31,43,25,LE07_023030_20120925,0.06356,0.08242500000000003,0.08220499999999997,0.21711999999999998,302.70152336
32,43,26,LE07_023030_20120925,0.05409999999999998,0.07981250000000001,0.07992250000000001,0.21230749999999998,301.98373916
33,43,27,LE07_023030_20120925,0.056437499999999974,0.06941750000000002,0.06840000000000002,0.21711999999999998,302.33921324
34,43,28,LE07_023030_20120925,0.056437499999999974,0.06941750000000002,0.06840000000000002,0.21711999999999998,302.33921324
35,43,29,LE07_023030_20120925,0.06356,0.08242500000000003,0.07763999999999999,0.21711999999999998,302.13413204
37,44,23,LE07_023030_20120925,0.049315,0.0746425,0.0661175,0.20262750000000002,302.30161502
38,44,24,LE07_023030_20120925,0.0895475,0.11861500000000003,0.12119999999999997,0.21230749999999998,303.41588953999997
39,44,25,LE07_023030_20120925,0.061195,0.0746425,0.07992250000000001,0.21230749999999998,302.34263125999996
40,44,26,LE07_023030_20120925,0.0445575,0.06941750000000002,0.061470000000000025,0.20746750000000003,301.62142904
41,44,27,LE07_023030_20120925,0.049287499999999984,0.07202999999999998,0.07301999999999997,0.22196,301.98032114
42,44,28,LE07_023030_20120925,0.049287499999999984,0.05902249999999998,0.06608999999999998,0.20746750000000003,302.33921324
43,44,29,LE07_023030_20120925,0.044529999999999986,0.06422,0.06378,0.20746750000000003,302.13413204
44,44,30,LE07_023030_20120925,0.061167499999999986,0.07981250000000001,0.08220499999999997,0.2171475,302.13413204
45,45,27,LE07_023030_20120925,0.049287499999999984,0.06941750000000002,0.06608999999999998,0.21711999999999998,301.61801102
46,45,28,LE07_023030_20120925,0.04694999999999999,0.06422,0.06608999999999998,0.21711999999999998,301.98032114
47,45,29,LE07_023030_20120925,0.049287499999999984,0.0746425,0.07533000000000001,0.2316125,301.77523994
2,39,23,LE07_023030_20121011,0.0864125,0.09832000000000002,0.10530499999999998,0.18461500000000003,294.2145797
3,39,24,LE07_023030_20121011,0.0988425,0.1309075,0.14652749999999998,0.18461500000000003,294.61790606
4,39,25,LE07_023030_20121011,0.08891500000000002,0.11735000000000001,0.11987999999999999,0.205185,294.25217792
6,40,23,LE07_023030_20121011,0.06405499999999997,0.08467999999999998,0.09072999999999998,0.19490000000000002,294.57688982
7,40,24,LE07_023030_20121011,0.10373749999999998,0.1363525,0.151395,0.2000425,294.9836342
8,40,25,LE07_023030_20121011,0.0988425,0.12007250000000003,0.1368475,0.205185,294.61790606
9,40,26,LE07_023030_20121011,0.07651249999999998,0.10104249999999998,0.1101725,0.2103,294.61790606
10,40,27,LE07_023030_20121011,0.07401000000000002,0.10646,0.11262,0.22058500000000003,294.9836342
11,40,28,LE07_023030_20121011,0.07401000000000002,0.10646,0.11262,0.22058500000000003,294.9836342
13,41,23,LE07_023030_20121011,0.05904999999999999,0.07920749999999999,0.0761,0.1691875,294.93919994
14,41,24,LE07_023030_20121011,0.0988425,0.128185,0.14652749999999998,0.17432999999999998,295.34594432
15,41,25,LE07_023030_20121011,0.10373749999999998,0.12549,0.14652749999999998,0.18975750000000002,295.34594432
16,41,26,LE07_023030_20121011,0.09386499999999998,0.10646,0.12230000000000002,0.18975750000000002,295.34594432
17,41,27,LE07_023030_20121011,0.07156249999999997,0.09012500000000001,0.10046500000000003,0.2000425,295.34594432
18,41,28,LE07_023030_20121011,0.07156249999999997,0.09012500000000001,0.10046500000000003,0.2000425,295.34594432
21,42,23,LE07_023030_20121011,0.05904999999999999,0.08193,0.09315000000000001,0.205185,295.291256
22,42,24,LE07_023030_20121011,0.08891500000000002,0.11190499999999998,0.1271675,0.1537325,295.31518214
23,42,25,LE07_023030_20121011,0.08149,0.10918250000000002,0.11987999999999999,0.17432999999999998,295.31518214
24,42,26,LE07_023030_20121011,0.08396500000000001,0.10104249999999998,0.1101725,0.1691875,294.95287202
25,42,27,LE07_023030_20121011,0.07651249999999998,0.09284749999999997,0.09801749999999998,0.17432999999999998,294.95287202
26,42,28,LE07_023030_20121011,0.07651249999999998,0.09284749999999997,0.09801749999999998,0.17432999999999998,294.95287202
27,42,29,LE07_023030_20121011,0.06906000000000001,0.09284749999999997,0.09315000000000001,0.19490000000000002,295.11693698
29,43,23,LE07_023030_20121011,0.07651249999999998,0.10646,0.11262,0.2103275,295.291256
30,43,24,LE07_023030_20121011,0.0864125,0.1146275,0.1271675,0.18461500000000003,295.31518214
31,43,25,LE07_023030_20121011,0.06655749999999999,0.08467999999999998,0.0955975,0.18975750000000002,294.95287202
32,43,26,LE07_023030_20121011,0.06155250000000001,0.08195750000000002,0.0955975,0.18975750000000002,294.58714388
33,43,27,LE07_023030_20121011,0.06906000000000001,0.08195750000000002,0.09072999999999998,0.19490000000000002,294.58714388
34,43,28,LE07_023030_20121011,0.06906000000000001,0.08195750000000002,0.09072999999999998,0.19490000000000002,294.58714388
35,43,29,LE07_023030_20121011,0.061580000000000024,0.08743000000000001,0.08828249999999999,0.205185,295.11693698
37,44,23,LE07_023030_20121011,0.05407250000000002,0.07920749999999999,0.08828249999999999,0.18461500000000003,294.92894588
38,44,24,LE07_023030_20121011,0.08891500000000002,0.12007250000000003,0.1368475,0.18975750000000002,295.31518214
39,44,25,LE07_023030_20121011,0.07156249999999997,0.0874025,0.09072999999999998,0.17947249999999998,294.58714388
40,44,26,LE07_023030_20121011,0.051570000000000005,0.06829000000000002,0.08096750000000003,0.18461500000000003,294.58714388
41,44,27,LE07_023030_20121011,0.061580000000000024,0.08195750000000002,0.09315000000000001,0.18975750000000002,294.58714388
42,44,28,LE07_023030_20121011,0.0566025,0.06553999999999999,0.07854749999999999,0.18461500000000003,294.95287202
43,44,29,LE07_023030_20121011,0.05409999999999998,0.06829000000000002,0.0761,0.18975750000000002,294.75462686000003
44,44,30,LE07_023030_20121011,0.06405499999999997,0.08195750000000002,0.09072999999999998,0.2000425,294.38889872
45,45,27,LE07_023030_20121011,0.06655749999999999,0.08195750000000002,0.09315000000000001,0.18461500000000003,294.95287202
46,45,28,LE07_023030_20121011,0.061580000000000024,0.073735,0.08828249999999999,0.18975750000000002,294.95287202
47,45,29,LE07_023030_20121011,0.06405499999999997,0.07920749999999999,0.08828249999999999,0.205185,294.75462686000003
2,39,23,LE07_023030_20121027,0.0961475,0.10687249999999998,0.11647000000000002,0.18293749999999998,286.15488854
3,39,24,LE07_023030_20121027,0.09909000000000001,0.12928499999999998,0.14754499999999998,0.17914249999999998,286.20957685999997
4,39,25,LE07_023030_20121027,0.08440500000000001,0.103655,0.11930249999999998,0.17531999999999998,286.55479688
6,40,23,LE07_023030_20121027,0.06672250000000002,0.08434999999999998,0.09664250000000002,0.18673250000000002,287.18029454
7,40,24,LE07_023030_20121027,0.0961475,0.1260675,0.139075,0.19437749999999998,287.2418189
8,40,25,LE07_023030_20121027,0.0961475,0.12287749999999997,0.139075,0.19817250000000003,287.2418189
9,40,26,LE07_023030_20121027,0.0814625,0.103655,0.11647000000000002,0.20199499999999998,287.2418189
10,40,27,LE07_023030_20121027,0.0814625,0.10043750000000001,0.11080499999999999,0.20199499999999998,287.2418189
11,40,28,LE07_023030_20121027,0.0814625,0.10043750000000001,0.11080499999999999,0.20199499999999998,287.2418189
13,41,23,LE07_023030_20121027,0.06083749999999999,0.06820749999999998,0.07678750000000001,0.1524125,287.51867852
14,41,24,LE07_023030_20121027,0.09909000000000001,0.12287749999999997,0.139075,0.1638525,287.92200488000003
15,41,25,LE07_023030_20121027,0.0961475,0.13250250000000002,0.1531825,0.17149750000000002,287.92200488000003
16,41,26,LE07_023030_20121027,0.08440500000000001,0.10687249999999998,0.11930249999999998,0.18293749999999998,287.92200488000003
17,41,27,LE07_023030_20121027,0.06966499999999998,0.08756750000000002,0.10799999999999998,0.18293749999999998,287.92200488000003
18,41,28,LE07_023030_20121027,0.06966499999999998,0.08756750000000002,0.10799999999999998,0.18293749999999998,287.92200488000003
21,42,23,LE07_023030_20121027,0.060809999999999975,0.07467000000000001,0.08814499999999997,0.16770249999999998,287.51184248
22,42,24,LE07_023030_20121027,0.08737499999999998,0.11327999999999999,0.12780000000000002,0.156235,287.89466072
23,42,25,LE07_023030_20121027,0.07851999999999998,0.103655,0.1136375,0.144795,287.89466072
24,42,26,LE07_023030_20121027,0.072635,0.09400249999999999,0.10233500000000001,0.1524125,287.89466072
25,42,27,LE07_023030_20121027,0.06966499999999998,0.08434999999999998,0.09664250000000002,0.156235,287.55285872
26,42,28,LE07_023030_20121027,0.06966499999999998,0.08434999999999998,0.09664250000000002,0.156235,287.55285872
27,42,29,LE07_023030_20121027,0.06672250000000002,0.08756750000000002,0.085285,0.1638525,287.01622957999996
29,43,23,LE07_023030_20121027,0.06672250000000002,0.0778875,0.08811750000000002,0.156235,287.17004048
30,43,24,LE07_023030_20121027,0.0932325,0.12287749999999997,0.1362425,0.17531999999999998,287.55285872
31,43,25,LE07_023030_20121027,0.060809999999999975,0.0811325,0.09664250000000002,0.1638525,286.86925471999996
32,43,26,LE07_023030_20121027,0.05489749999999999,0.0746425,0.085285,0.14859,286.86925471999996
33,43,27,LE07_023030_20121027,0.05784,0.06820749999999998,0.08248,0.1524125,287.21105672
34,43,28,LE07_023030_20121027,0.05784,0.06820749999999998,0.08248,0.1524125,287.21105672
35,43,29,LE07_023030_20121027,0.06375249999999999,0.0746425,0.08248,0.17149750000000002,286.67442758
37,44,23,LE07_023030_20121027,0.060809999999999975,0.06820749999999998,0.07962000000000002,0.144795,286.8316565
38,44,24,LE07_023030_20121027,0.08143499999999998,0.110035,0.12496750000000001,0.17149750000000002,286.86925471999996
39,44,25,LE07_023030_20121027,0.07260749999999999,0.08434999999999998,0.09381,0.17149750000000002,286.5240347
40,44,26,LE07_023030_20121027,0.0519,0.06496249999999998,0.07392749999999998,0.1524125,286.5240347
41,44,27,LE07_023030_20121027,0.05781249999999999,0.0746425,0.08248,0.16770249999999998,286.86925471999996
42,44,28,LE07_023030_20121027,0.05781249999999999,0.07145249999999997,0.07962000000000002,0.16005750000000002,286.5240347
43,44,29,LE07_023030_20121027,0.04596,0.058499999999999996,0.06823499999999999,0.15626250000000003,285.98398754
44,44,30,LE07_023030_20121027,0.05781249999999999,0.06820749999999998,0.07962000000000002,0.17914249999999998,285.63876752
45,45,27,LE07_023030_20121027,0.054869999999999974,0.0746425,0.08248,0.16388000000000003,286.86925471999996
46,45,28,LE07_023030_20121027,0.05187249999999999,0.06496249999999998,0.08248,0.15626250000000003,286.5240347
47,45,29,LE07_023030_20121027,0.054869999999999974,0.06496249999999998,0.06823499999999999,0.17914249999999998,285.63876752
2,39,23,LE07_023030_20121128,0.0865225,0.103215,0.10588249999999999,0.1564275,278.00291084
3,39,24,LE07_023030_20121128,0.090565,0.11616749999999998,0.13228250000000003,0.1564275,278.37889304
4,39,25,LE07_023030_20121128,0.08253500000000003,0.09887000000000001,0.1172125,0.16646500000000003,278.7480392
6,40,23,LE07_023030_20121128,0.06644749999999999,0.08154499999999998,0.08319500000000002,0.16646500000000003,279.09325922
7,40,24,LE07_023030_20121128,0.09854000000000002,0.13340999999999997,0.13981749999999998,0.1765025,279.11034931999995
8,40,25,LE07_023030_20121128,0.090565,0.12051250000000002,0.128515,0.1765025,278.7480392
9,40,26,LE07_023030_20121128,0.08250750000000001,0.0902075,0.10588249999999999,0.16646500000000003,278.7480392
10,40,27,LE07_023030_20121128,0.07851999999999998,0.103215,0.1172125,0.1815075,279.11034931999995
11,40,28,LE07_023030_20121128,0.07851999999999998,0.103215,0.1172125,0.1815075,279.11034931999995
13,41,23,LE07_023030_20121128,0.062377499999999975,0.07282749999999999,0.07563249999999999,0.1463625,279.09325922
14,41,24,LE07_023030_20121128,0.09854000000000002,0.12051250000000002,0.13607750000000002,0.15142250000000002,279.11034931999995
15,41,25,LE07_023030_20121128,0.09455249999999998,0.12480249999999998,0.13228250000000003,0.15142250000000002,278.7480392
16,41,26,LE07_023030_20121128,0.07849250000000002,0.09455249999999998,0.10965000000000003,0.156455,279.11034931999995
17,41,27,LE07_023030_20121128,0.06641999999999998,0.0902075,0.09455249999999998,0.16646500000000003,279.11034931999995
18,41,28,LE07_023030_20121128,0.06641999999999998,0.0902075,0.09455249999999998,0.16646500000000003,279.11034931999995
21,42,23,LE07_023030_20121128,0.062377499999999975,0.0684825,0.07942749999999998,0.1262875,278.35838492
22,42,24,LE07_023030_20121128,0.09053749999999999,0.103215,0.12477500000000002,0.14639000000000002,278.71727702
23,42,25,LE07_023030_20121128,0.07445000000000002,0.09887000000000001,0.10965000000000003,0.13132,278.71727702
24,42,26,LE07_023030_20121128,0.07043500000000003,0.08586250000000001,0.09832000000000002,0.13132,279.08300515999997
25,42,27,LE07_023030_20121128,0.062350000000000017,0.07717249999999998,0.0869625,0.13632499999999997,279.08300515999997
26,42,28,LE07_023030_20121128,0.062350000000000017,0.07717249999999998,0.0869625,0.13632499999999997,279.08300515999997
27,42,29,LE07_023030_20121128,0.062350000000000017,0.08151750000000002,0.0869625,0.14135750000000002,278.89843208
29,43,23,LE07_023030_20121128,0.07043500000000003,0.08154499999999998,0.09455249999999998,0.14639000000000002,278.35838492
30,43,24,LE07_023030_20121128,0.09452500000000003,0.10753249999999998,0.128515,0.16146,278.71727702
31,43,25,LE07_023030_20121128,0.062350000000000017,0.07717249999999998,0.07942749999999998,0.13632499999999997,278.71727702
32,43,26,LE07_023030_20121128,0.05429250000000002,0.06411,0.07942749999999998,0.1262875,278.71727702
33,43,27,LE07_023030_20121128,0.05830750000000001,0.0684825,0.07942749999999998,0.1262875,279.08300515999997
34,43,28,LE07_023030_20121128,0.05830750000000001,0.0684825,0.07942749999999998,0.1262875,279.08300515999997
35,43,29,LE07_023030_20121128,0.062350000000000017,0.0684825,0.0718375,0.13632499999999997,278.89843208
37,44,23,LE07_023030_20121128,0.058335000000000026,0.0684825,0.07560499999999998,0.121255,278.35838492
38,44,24,LE07_023030_20121128,0.08649499999999999,0.10753249999999998,0.12097999999999998,0.156455,278.71727702
39,44,25,LE07_023030_20121128,0.07043500000000003,0.0902075,0.08319500000000002,0.14135750000000002,278.71727702
40,44,26,LE07_023030_20121128,0.05429250000000002,0.05539250000000001,0.07560499999999998,0.14135750000000002,278.71727702
41,44,27,LE07_023030_20121128,0.062350000000000017,0.0684825,0.07560499999999998,0.14135750000000002,278.71727702
42,44,28,LE07_023030_20121128,0.05019499999999999,0.0597375,0.06422,0.13132,278.71727702
43,44,29,LE07_023030_20121128,0.04211000000000001,0.0597375,0.06045250000000002,0.15142250000000002,278.53270394000003
44,44,30,LE07_023030_20121128,0.05830750000000001,0.07717249999999998,0.08319500000000002,0.156455,278.1669758
45,45,27,LE07_023030_20121128,0.05019499999999999,0.0684825,0.07942749999999998,0.14639000000000002,278.71727702
46,45,28,LE07_023030_20121128,0.05830750000000001,0.07279999999999998,0.07180999999999998,0.14639000000000002,278.71727702
47,45,29,LE07_023030_20121128,0.05019499999999999,0.06845499999999999,0.0680425,0.16146,278.1669758
2,39,23,LE07_023030_20121214,0.08456999999999998,0.10887999999999998,0.11470999999999998,0.1527425,279.24707012
3,39,24,LE07_023030_20121214,0.097715,0.11839499999999997,0.13126500000000002,0.1527425,279.99903452
4,39,25,LE07_023030_20121214,0.08459749999999999,0.09455249999999998,0.11883500000000002,0.14716,279.99903452
6,40,23,LE07_023030_20121214,0.08456999999999998,0.08973999999999999,0.08979500000000001,0.158325,279.62305232
7,40,24,LE07_023030_20121214,0.10648750000000001,0.12318000000000001,0.13539,0.158325,280.37501671999996
8,40,25,LE07_023030_20121214,0.10211500000000001,0.1136375,0.12711250000000002,0.158325,280.37501671999996
9,40,26,LE07_023030_20121214,0.08459749999999999,0.1041225,0.11055749999999998,0.16390749999999998,280.37501671999996
10,40,27,LE07_023030_20121214,0.08902500000000002,0.09933750000000002,0.11055749999999998,0.16946250000000002,280.37501671999996
11,40,28,LE07_023030_20121214,0.08902500000000002,0.09933750000000002,0.11055749999999998,0.16946250000000002,280.37501671999996
13,41,23,LE07_023030_20121214,0.06694250000000002,0.07054500000000002,0.07321250000000001,0.12488500000000002,279.99903452
14,41,24,LE07_023030_20121214,0.097715,0.10887999999999998,0.12711250000000002,0.14716,280.37501671999996
15,41,25,LE07_023030_20121214,0.10211500000000001,0.11839499999999997,0.13126500000000002,0.14716,279.99903452
16,41,26,LE07_023030_20121214,0.09774250000000001,0.1041225,0.11055749999999998,0.14716,280.37501671999996
17,41,27,LE07_023030_20121214,0.08022499999999999,0.08979500000000001,0.1023075,0.14716,280.75099892000003
18,41,28,LE07_023030_20121214,0.08022499999999999,0.08979500000000001,0.1023075,0.14716,280.75099892000003
21,42,23,LE07_023030_20121214,0.07574249999999999,0.08973999999999999,0.08979500000000001,0.1360225,279.99219847999996
22,42,24,LE07_023030_20121214,0.09337000000000001,0.1136375,0.13126500000000002,0.14716,279.97169036
23,42,25,LE07_023030_20121214,0.08459749999999999,0.09455249999999998,0.1023075,0.13046750000000001,279.97169036
24,42,26,LE07_023030_20121214,0.08459749999999999,0.084955,0.1023075,0.13046750000000001,279.97169036
25,42,27,LE07_023030_20121214,0.07582499999999998,0.08498250000000002,0.09400249999999999,0.13599499999999998,280.34767256
26,42,28,LE07_023030_20121214,0.07582499999999998,0.08498250000000002,0.09400249999999999,0.13599499999999998,280.34767256
27,42,29,LE07_023030_20121214,0.07147999999999999,0.08022499999999999,0.09400249999999999,0.14157750000000002,280.1665175
29,43,23,LE07_023030_20121214,0.07574249999999999,0.08973999999999999,0.08567000000000002,0.12488500000000002,279.99219847999996
30,43,24,LE07_023030_20121214,0.09337000000000001,0.10887999999999998,0.12298750000000003,0.1527425,279.59229014
31,43,25,LE07_023030_20121214,0.08019749999999998,0.0897675,0.08982249999999997,0.14157750000000002,279.97169036
32,43,26,LE07_023030_20121214,0.07142500000000002,0.0754125,0.08982249999999997,0.13046750000000001,279.97169036
33,43,27,LE07_023030_20121214,0.07145249999999997,0.0754125,0.08569749999999998,0.13599499999999998,279.97169036
34,43,28,LE07_023030_20121214,0.07145249999999997,0.0754125,0.08569749999999998,0.13599499999999998,279.97169036
35,43,29,LE07_023030_20121214,0.07585249999999999,0.07544000000000001,0.08569749999999998,0.14157750000000002,279.41113508
37,44,23,LE07_023030_20121214,0.06251499999999999,0.0801425,0.08567000000000002,0.11927500000000002,279.61621628
38,44,24,LE07_023030_20121214,0.097715,0.1136375,0.11055749999999998,0.14157750000000002,279.59229014
39,44,25,LE07_023030_20121214,0.08459749999999999,0.09455249999999998,0.1023075,0.14157750000000002,279.59229014
40,44,26,LE07_023030_20121214,0.07142500000000002,0.0754125,0.08569749999999998,0.13599499999999998,279.97169036
41,44,27,LE07_023030_20121214,0.07582499999999998,0.08498250000000002,0.08569749999999998,0.1527425,279.59229014
42,44,28,LE07_023030_20121214,0.07145249999999997,0.08019749999999998,0.08151750000000002,0.14716,279.21288992
43,44,29,LE07_023030_20121214,0.07147999999999999,0.0706,0.07739249999999998,0.1527425,278.64891662
44,44,30,LE07_023030_20121214,0.0802525,0.08022499999999999,0.08154499999999998,0.17498999999999998,278.64891662
45,45,27,LE07_023030_20121214,0.07582499999999998,0.08498250000000002,0.08982249999999997,0.14157750000000002,279.59229014
46,45,28,LE07_023030_20121214,0.06705250000000001,0.08019749999999998,0.08569749999999998,0.14157750000000002,279.59229014
47,45,29,LE07_023030_20121214,0.07147999999999999,0.07062750000000001,0.07739249999999998,0.15829749999999998,279.03173486000003
7,40,24,LE07_023030_20121230,0.255125,0.2571325,0.2864475,0.281525,270.09361256
