fid,row_index,col_index,mission_id,Blue,Green,Red,NIR,LST_K
2,14,0,LT05_012030_20000412,0.16498000000000002,0.15972750000000002,0.15727999999999998,0.14842499999999997,284.96199956
3,14,1,LT05_012030_20000412,0.1899225,0.17999500000000002,0.18013250000000003,0.17105750000000003,285.52597286
4,15,0,LT05_012030_20000412,0.2223175,0.22033750000000002,0.22237250000000003,0.22383000000000003,284.96199956
5,15,1,LT05_012030_20000412,0.21475500000000003,0.21228000000000002,0.21263749999999998,0.21632250000000003,284.96199956
6,16,0,LT05_012030_20000412,0.24880000000000002,0.248415,0.254795,0.25771,284.39802626
7,16,1,LT05_012030_20000412,0.2261125,0.2323825,0.23862500000000003,0.231365,284.39802626
8,16,2,LT05_012030_20000412,0.21475500000000003,0.20422250000000003,0.20614749999999998,0.20501999999999998,284.31257575999996
10,17,1,LT05_012030_20000412,0.21093250000000002,0.21632250000000003,0.20614749999999998,0.2200625,283.83063494
11,17,2,LT05_012030_20000412,0.20331500000000002,0.20018000000000002,0.18013250000000003,0.1974575,283.74518444
12,18,1,LT05_012030_20000412,0.22806500000000002,0.24044,0.23213499999999998,0.23892750000000001,283.26324362
13,18,2,LT05_012030_20000412,0.21095999999999998,0.20826499999999998,0.212665,0.2125825,283.1743751
14,18,3,LT05_012030_20000412,0.21475500000000003,0.22033750000000002,0.21588249999999998,0.22383000000000003,283.1743751
15,19,1,LT05_012030_20000412,0.27324750000000003,0.2844125,0.277455,0.302865,282.68901626
16,19,2,LT05_012030_20000412,0.2544925,0.2724225,0.2613125,0.284055,282.68901626
17,19,3,LT05_012030_20000412,0.2052675,0.21230749999999998,0.20293,0.20881500000000003,283.1743751
18,20,2,LT05_012030_20000412,0.22427000000000002,0.24445499999999998,0.24511500000000003,0.2539975,283.26324362
21,21,2,LT05_012030_20000412,0.19572499999999998,0.19215,0.1931675,0.20881500000000003,283.66656997999996
23,21,4,LT05_012030_20000412,0.13990000000000002,0.127195,0.11479250000000002,0.10304999999999997,285.69345583999996
25,22,3,LT05_012030_20000412,0.1611575,0.18002250000000003,0.1964125,0.19748500000000002,285.13631857999997
26,22,4,LT05_012030_20000412,0.157335,0.1516425,0.14751750000000002,0.12956,286.80089432
27,22,5,LT05_012030_20000412,0.15345750000000002,0.1475725,0.1409725,0.12576500000000002,287.89807873999996
28,23,3,LT05_012030_20000412,0.16696,0.16379749999999998,0.17037000000000002,0.18995,286.2505931
29,23,4,LT05_012030_20000412,0.17463250000000002,0.16789500000000002,0.17037000000000002,0.1673175,287.35119554
1,13,0,LT05_012030_20011125,0.028002499999999986,0.028112499999999985,0.028992500000000004,0.03438250000000001,285.78232435999996
2,14,0,LT05_012030_20011125,0.032484999999999986,0.037105,0.03595000000000001,0.03438250000000001,285.78232435999996
3,14,1,LT05_012030_20011125,0.028002499999999986,0.037105,0.03595000000000001,0.04241249999999999,286.40098598
4,15,0,LT05_012030_20011125,0.036967499999999986,0.037105,0.03595000000000001,0.04241249999999999,286.40098598
5,15,1,LT05_012030_20011125,0.036967499999999986,0.046152499999999985,0.03595000000000001,0.050387499999999974,286.40098598
6,16,0,LT05_012030_20011125,0.0504425,0.055145,0.0568225,0.06639250000000002,288.49281422
7,16,1,LT05_012030_20011125,0.0414775,0.05517250000000001,0.04986499999999999,0.05839,288.49281422
8,16,2,LT05_012030_20011125,0.0414775,0.05517250000000001,0.0568225,0.050387499999999974,289.02602534
10,17,1,LT05_012030_20011125,0.041504999999999986,0.046152499999999985,0.04986499999999999,0.04241249999999999,289.11147584
11,17,2,LT05_012030_20011125,0.036995,0.046152499999999985,0.04986499999999999,0.05839,289.02602534
12,18,1,LT05_012030_20011125,0.06831749999999998,0.06411,0.07071,0.08234249999999999,289.11489386
13,18,2,LT05_012030_20011125,0.08602749999999998,0.09991499999999998,0.11908249999999998,0.12216250000000001,289.02602534
14,18,3,LT05_012030_20011125,0.06383499999999998,0.08201249999999999,0.08454250000000002,0.08234249999999999,289.02602534
15,19,1,LT05_012030_20011125,0.07717249999999998,0.09097749999999999,0.091445,0.14597749999999998,288.49281422
16,19,2,LT05_012030_20011125,0.1256275,0.144245,0.1534025,0.17765750000000002,288.49281422
17,19,3,LT05_012030_20011125,0.11251,0.16184500000000002,0.16712500000000002,0.16184500000000002,288.40736372000003
18,20,2,LT05_012030_20011125,0.09048250000000002,0.09991499999999998,0.09837499999999999,0.09826499999999999,287.87073458
19,20,3,LT05_012030_20011125,0.09931000000000001,0.09991499999999998,0.10527750000000002,0.1141875,287.78528408
20,20,4,LT05_012030_20011125,0.06386249999999999,0.07310250000000001,0.08454250000000002,0.08237,288.40736372000003
21,21,2,LT05_012030_20011125,0.05500749999999999,0.07315749999999999,0.07073750000000001,0.06641999999999998,286.45225628000003
22,21,3,LT05_012030_20011125,0.06840000000000002,0.07315749999999999,0.07073750000000001,0.07439499999999999,286.86925471999996
23,21,4,LT05_012030_20011125,0.028085,0.037215,0.035977499999999996,0.03443750000000001,287.49475238
25,22,3,LT05_012030_20011125,0.072855,0.07315749999999999,0.07076500000000002,0.08239750000000001,286.24033904
26,22,4,LT05_012030_20011125,0.050580000000000014,0.055227499999999985,0.04991999999999999,0.05841750000000001,286.86925471999996
27,22,5,LT05_012030_20011125,0.04607,0.046207499999999985,0.04296249999999999,0.0504425,287.49475238
28,23,3,LT05_012030_20011125,0.04607,0.055227499999999985,0.04991999999999999,0.0504425,286.24033904
29,23,4,LT05_012030_20011125,0.06842749999999997,0.08212249999999999,0.09152749999999998,0.09834749999999998,286.86925471999996
30,23,5,LT05_012030_20011125,0.0861925,0.09994249999999999,0.11911,0.13016499999999998,287.49475238
32,24,4,LT05_012030_20011125,0.04607,0.055227499999999985,0.056877500000000025,0.06644749999999999,287.49475238
33,24,5,LT05_012030_20011125,0.06394499999999997,0.07315749999999999,0.07076500000000002,0.09034500000000001,288.11341400000003
34,24,6,LT05_012030_20011125,0.072855,0.08212249999999999,0.07769500000000001,0.08239750000000001,288.11341400000003
35,25,5,LT05_012030_20011125,0.041614999999999985,0.055227499999999985,0.06383499999999998,0.06644749999999999,288.44837996
36,25,6,LT05_012030_20011125,0.046097499999999986,0.055227499999999985,0.056877500000000025,0.0504425,287.82630032
37,25,7,LT05_012030_20011125,0.055035,0.06422,0.056877500000000025,0.0504425,288.44837996
38,26,6,LT05_012030_20011125,0.046097499999999986,0.055227499999999985,0.056877500000000025,0.0504425,287.82630032
39,26,7,LT05_012030_20011125,0.050580000000000014,0.06422,0.06383499999999998,0.058445000000000025,288.44837996
40,27,7,LT05_012030_20011125,0.046097499999999986,0.06424750000000001,0.056877500000000025,0.058445000000000025,287.82630032
41,27,8,LT05_012030_20011125,0.05060749999999997,0.06424750000000001,0.04991999999999999,0.058445000000000025,288.38343757999996
42,28,8,LT05_012030_20011125,0.046097499999999986,0.046235,0.04299,0.050470000000000015,287.42981
1,13,0,LT05_012031_19910404,0.05932500000000002,0.06729999999999997,0.06559500000000001,0.06504500000000002,294.4538411
2,14,0,LT05_012031_19910404,0.0692525,0.07582499999999998,0.07299250000000002,0.07772249999999997,295.79028691999997
3,14,1,LT05_012031_19910404,0.06928000000000001,0.09284749999999997,0.09147250000000001,0.09463500000000002,295.79028691999997
4,15,0,LT05_012031_19910404,0.06526500000000002,0.07156249999999997,0.06928000000000001,0.073515,296.79860282
5,15,1,LT05_012031_19910404,0.055337499999999984,0.08011499999999999,0.07670500000000002,0.07772249999999997,296.79860282
6,16,0,LT05_012031_19910404,0.06526500000000002,0.07582499999999998,0.0803625,0.08616499999999999,297.30105176
7,16,1,LT05_012031_19910404,0.04733499999999999,0.06301000000000001,0.05817,0.06083749999999999,297.30105176
8,16,2,LT05_012031_19910404,0.05132249999999999,0.06301000000000001,0.06188250000000001,0.06504500000000002,297.2053472
10,17,1,LT05_012031_19910404,0.053302499999999975,0.0629825,0.05445749999999999,0.06083749999999999,297.30105176
11,17,2,LT05_012031_19910404,0.0592975,0.06301000000000001,0.06188250000000001,0.06083749999999999,296.70289826
12,18,1,LT05_012031_19910404,0.0652375,0.07582499999999998,0.06928000000000001,0.07772249999999997,295.79028691999997
13,18,2,LT05_012031_19910404,0.07123249999999998,0.08008749999999998,0.08407500000000001,0.0904275,296.20044931999996
14,18,3,LT05_012031_19910404,0.06526500000000002,0.06727250000000001,0.06928000000000001,0.06930750000000002,296.20044931999996
15,19,1,LT05_012031_19910404,0.07516499999999998,0.08858500000000002,0.0803625,0.09463500000000002,294.77513497999996
16,19,2,LT05_012031_19910404,0.06526500000000002,0.08432250000000002,0.09147250000000001,0.09463500000000002,295.28441996000004
17,19,3,LT05_012031_19910404,0.05729000000000001,0.07156249999999997,0.07667750000000001,0.08195750000000002,295.1887154
18,20,2,LT05_012031_19910404,0.04530000000000001,0.05442999999999998,0.05445749999999999,0.05234,294.26243198
19,20,3,LT05_012031_19910404,0.05528250000000001,0.0629825,0.06188250000000001,0.06504500000000002,294.68284844
20,20,4,LT05_012031_19910404,0.07321250000000001,0.10134500000000002,0.10621249999999999,0.10728500000000002,294.68284844
21,21,2,LT05_012031_19910404,0.04527249999999999,0.058719999999999994,0.058142499999999986,0.056574999999999986,293.57199194
22,21,3,LT05_012031_19910404,0.05926999999999999,0.058719999999999994,0.058142499999999986,0.060809999999999975,293.84885155999996
23,21,4,LT05_012031_19910404,0.05729000000000001,0.0629825,0.058142499999999986,0.06083749999999999,294.35813654000003
25,22,3,LT05_012031_19910404,0.06124999999999997,0.07579750000000002,0.07667750000000001,0.08195750000000002,293.84885155999996
26,22,4,LT05_012031_19910404,0.07516499999999998,0.08432250000000002,0.09518500000000002,0.0988425,293.84885155999996
27,22,5,LT05_012031_19910404,0.08110499999999998,0.09284749999999997,0.10621249999999999,0.10728500000000002,293.84885155999996
28,23,3,LT05_012031_19910404,0.073185,0.09282000000000001,0.0951575,0.10307749999999999,293.84885155999996
29,23,4,LT05_012031_19910404,0.08107750000000002,0.10134500000000002,0.10255500000000001,0.11572749999999998,293.84885155999996
30,23,5,LT05_012031_19910404,0.0830575,0.10134500000000002,0.10621249999999999,0.11993500000000001,293.84885155999996
32,24,4,LT05_012031_19910404,0.06325750000000002,0.07582499999999998,0.07667750000000001,0.08195750000000002,293.84885155999996
33,24,5,LT05_012031_19910404,0.079125,0.09284749999999997,0.10621249999999999,0.11572749999999998,293.84885155999996
34,24,6,LT05_012031_19910404,0.08902500000000002,0.1267275,0.13198,0.14517999999999998,293.84885155999996
35,25,5,LT05_012031_19910404,0.06526500000000002,0.07156249999999997,0.06928000000000001,0.07772249999999997,294.7272827
36,25,6,LT05_012031_19910404,0.08110499999999998,0.11404999999999998,0.12095250000000002,0.12835000000000002,294.7272827
37,25,7,LT05_012031_19910404,0.10085,0.13096249999999998,0.14298,0.1493875,294.7272827
38,26,6,LT05_012031_19910404,0.0592975,0.07582499999999998,0.0803625,0.0861925,295.23656768
39,26,7,LT05_012031_19910404,0.08902500000000002,0.1267275,0.13563750000000002,0.14517999999999998,295.23656768
40,27,7,LT05_012031_19910404,0.07125999999999999,0.09284749999999997,0.09518500000000002,0.10307749999999999,295.74243464
41,27,8,LT05_012031_19910404,0.08311249999999998,0.10137249999999998,0.10624,0.11572749999999998,295.67065621999996
42,28,8,LT05_012031_19910404,0.07125999999999999,0.08434999999999998,0.08410250000000002,0.0988425,295.30151006
1,13,0,LT05_012031_19910420,0.07277250000000002,0.0750825,0.08297500000000002,0.0872925,290.4376676
2,14,0,LT05_012031_19910420,0.07984000000000002,0.09785250000000001,0.10624,0.1142975,290.74187138
3,14,1,LT05_012031_19910420,0.09392,0.10920999999999997,0.11619499999999999,0.13354749999999999,290.18815214
4,15,0,LT05_012031_19910420,0.07626499999999997,0.09408499999999997,0.09961249999999999,0.10271999999999998,290.74187138
5,15,1,LT05_012031_19910420,0.072745,0.08267249999999998,0.0863025,0.0872925,290.74187138
6,16,0,LT05_012031_19910420,0.07447749999999997,0.09026250000000002,0.08962999999999999,0.09887000000000001,290.74187138
7,16,1,LT05_012031_19910420,0.06917000000000001,0.08267249999999998,0.07629249999999999,0.0872925,290.74187138
8,16,2,LT05_012031_19910420,0.06743749999999998,0.08267249999999998,0.0863025,0.09502,290.65300286
10,17,1,LT05_012031_19910420,0.06741000000000003,0.07887749999999999,0.07962000000000002,0.08341500000000002,291.29217259999996
11,17,2,LT05_012031_19910420,0.06743749999999998,0.08649499999999999,0.08297500000000002,0.0872925,291.20330408
12,18,1,LT05_012031_19910420,0.0709575,0.08267249999999998,0.0863025,0.09502,291.29217259999996
13,18,2,LT05_012031_19910420,0.072745,0.09026250000000002,0.09295750000000003,0.10271999999999998,291.20330408
14,18,3,LT05_012031_19910420,0.07981250000000001,0.09785250000000001,0.09295750000000003,0.09887000000000001,291.20330408
15,19,1,LT05_012031_19910420,0.08154499999999998,0.09405750000000002,0.09628500000000001,0.11044749999999998,290.74187138
16,19,2,LT05_012031_19910420,0.07447749999999997,0.09785250000000001,0.09961249999999999,0.11044749999999998,291.29217259999996
17,19,3,LT05_012031_19910420,0.07981250000000001,0.09405750000000002,0.09961249999999999,0.10657,291.20330408
18,20,2,LT05_012031_19910420,0.06383499999999998,0.07123249999999998,0.07293749999999999,0.08341500000000002,290.74187138
19,20,3,LT05_012031_19910420,0.0691425,0.08646749999999997,0.08627499999999999,0.09114250000000002,290.65300286
20,20,4,LT05_012031_19910420,0.09389249999999999,0.11297750000000001,0.11952249999999998,0.1258475,290.09928362
21,21,2,LT05_012031_19910420,0.06383499999999998,0.08264500000000002,0.07962000000000002,0.08341500000000002,290.02066916
22,21,3,LT05_012031_19910420,0.07271749999999999,0.09405750000000002,0.09295750000000003,0.09499249999999998,289.79166182
23,21,4,LT05_012031_19910420,0.07802500000000001,0.09405750000000002,0.09961249999999999,0.10271999999999998,289.79166182
25,22,3,LT05_012031_19910420,0.08330500000000002,0.10541499999999998,0.10954000000000003,0.11814750000000002,289.23794258
26,22,4,LT05_012031_19910420,0.08509250000000002,0.10541499999999998,0.10624,0.11814750000000002,289.23794258
27,22,5,LT05_012031_19910420,0.08861249999999998,0.10541499999999998,0.11286750000000001,0.1258475,289.23794258
28,23,3,LT05_012031_19910420,0.08509250000000002,0.11300500000000002,0.11289500000000002,0.12199749999999998,289.23794258
29,23,4,LT05_012031_19910420,0.09389249999999999,0.1205675,0.1228225,0.1373975,289.23794258
30,23,5,LT05_012031_19910420,0.10269250000000002,0.12430750000000002,0.1327775,0.1450975,289.23794258
32,24,4,LT05_012031_19910420,0.085065,0.10161999999999999,0.10626750000000001,0.1142975,289.79166182
33,24,5,LT05_012031_19910420,0.09386499999999998,0.1167725,0.12614999999999998,0.1373975,289.79166182
34,24,6,LT05_012031_19910420,0.11495749999999999,0.14314500000000002,0.14930500000000002,0.16814250000000003,289.23794258
35,25,5,LT05_012031_19910420,0.08333249999999998,0.10161999999999999,0.10624,0.11814750000000002,290.14371788
36,25,6,LT05_012031_19910420,0.10618499999999997,0.1281025,0.1327775,0.1489475,290.14371788
37,25,7,LT05_012031_19910420,0.11495749999999999,0.15067999999999998,0.1592325,0.1719925,289.58658062
38,26,6,LT05_012031_19910420,0.085065,0.09785250000000001,0.0962575,0.11044749999999998,290.14371788
39,26,7,LT05_012031_19910420,0.102665,0.13184249999999997,0.146005,0.15661999999999998,289.58658062
40,27,7,LT05_012031_19910420,0.08682499999999999,0.10541499999999998,0.11289500000000002,0.1258475,289.58658062
41,27,8,LT05_012031_19910420,0.09914499999999998,0.12053999999999998,0.1327775,0.1489475,288.96108296
42,28,8,LT05_012031_19910420,0.08861249999999998,0.11300500000000002,0.11954999999999999,0.133575,288.61244492000003
1,13,0,LT05_012031_19910522,0.0933425,0.1014275,0.11135499999999998,0.13756249999999998,312.32324966
2,14,0,LT05_012031_19910522,0.10293999999999998,0.12172250000000001,0.121805,0.1578025,312.64796156
3,14,1,LT05_012031_19910522,0.10868749999999999,0.1378375,0.1356925,0.17796,312.64796156
4,15,0,LT05_012031_19910522,0.10104249999999998,0.11360999999999999,0.121805,0.1497175,312.64796156
5,15,1,LT05_012031_19910522,0.09337000000000001,0.10956749999999998,0.11481999999999998,0.145675,312.64796156
6,16,0,LT05_012031_19910522,0.10676249999999998,0.12980750000000002,0.121805,0.15376,312.64796156
7,16,1,LT05_012031_19910522,0.09529500000000002,0.10549750000000002,0.10085,0.13352000000000003,313.3554917
8,16,2,LT05_012031_19910522,0.08567000000000002,0.1014275,0.10085,0.12543500000000002,313.25978713999996
10,17,1,LT05_012031_19910522,0.0895475,0.10549750000000002,0.10085,0.12133749999999999,313.3554917
11,17,2,LT05_012031_19910522,0.08184750000000002,0.09741250000000001,0.09732999999999997,0.11729499999999998,313.25978713999996
12,18,1,LT05_012031_19910522,0.09721999999999997,0.10549750000000002,0.1043425,0.13352000000000003,313.3554917
13,18,2,LT05_012031_19910522,0.09147250000000001,0.10956749999999998,0.11481999999999998,0.145675,313.25978713999996
14,18,3,LT05_012031_19910522,0.09529500000000002,0.10956749999999998,0.11135499999999998,0.13352000000000003,313.96048124000004
15,19,1,LT05_012031_19910522,0.09529500000000002,0.11768,0.11481999999999998,0.1578025,312.65137958
16,19,2,LT05_012031_19910522,0.09724749999999999,0.11768,0.1287625,0.1699025,313.3554917
17,19,3,LT05_012031_19910522,0.09337000000000001,0.11768,0.11831249999999999,0.14160499999999998,313.96048124000004
18,20,2,LT05_012031_19910522,0.07412000000000002,0.08924500000000002,0.09037250000000002,0.109155,312.65137958
19,20,3,LT05_012031_19910522,0.07796999999999998,0.09741250000000001,0.09037250000000002,0.1051125,313.96048124000004
20,20,4,LT05_012031_19910522,0.09914499999999998,0.1418525,0.1496075,0.1739175,313.96048124000004
21,21,2,LT05_012031_19910522,0.07992250000000001,0.0933425,0.09735749999999999,0.10918250000000002,312.47022452
22,21,3,LT05_012031_19910522,0.08379999999999999,0.10145500000000002,0.10085,0.10918250000000002,312.9282392
23,21,4,LT05_012031_19910522,0.08379999999999999,0.1136375,0.11481999999999998,0.12947750000000002,313.62893329999997
25,22,3,LT05_012031_19910522,0.09339750000000002,0.10956749999999998,0.11135499999999998,0.13352000000000003,312.2275451
26,22,4,LT05_012031_19910522,0.09150000000000003,0.1136375,0.11831249999999999,0.13756249999999998,313.62893329999997
27,22,5,LT05_012031_19910522,0.102995,0.12576500000000002,0.12879000000000002,0.1497175,313.62893329999997
28,23,3,LT05_012031_19910522,0.08379999999999999,0.10956749999999998,0.11831249999999999,0.13756249999999998,312.2275451
29,23,4,LT05_012031_19910522,0.09724749999999999,0.12576500000000002,0.132255,0.157775,313.62893329999997
30,23,5,LT05_012031_19910522,0.102995,0.12980750000000002,0.1356925,0.1699025,313.62893329999997
32,24,4,LT05_012031_19910522,0.08765,0.1136375,0.11831249999999999,0.14160499999999998,313.62893329999997
33,24,5,LT05_012031_19910522,0.08765,0.11768,0.121805,0.1618175,314.32620938
34,24,6,LT05_012031_19910522,0.108715,0.14586749999999998,0.15301750000000003,0.19803500000000002,314.32620938
35,25,5,LT05_012031_19910522,0.085725,0.10552499999999998,0.1113825,0.13352000000000003,315.40288568
36,25,6,LT05_012031_19910522,0.10492000000000001,0.1378375,0.1496075,0.1779325,315.40288568
37,25,7,LT05_012031_19910522,0.11636000000000002,0.15389750000000002,0.170315,0.2020225,314.70902762000003
38,26,6,LT05_012031_19910522,0.09152749999999998,0.11770750000000002,0.121805,0.145675,315.40288568
39,26,7,LT05_012031_19910522,0.11256500000000003,0.14988249999999997,0.15648250000000002,0.19402000000000003,314.70902762000003
40,27,7,LT05_012031_19910522,0.08960249999999997,0.11770750000000002,0.1252975,0.157775,315.40288568
41,27,8,LT05_012031_19910522,0.09534999999999999,0.12175000000000002,0.13572,0.1618175,314.63383118
42,28,8,LT05_012031_19910522,0.08767750000000002,0.11366500000000002,0.1252975,0.15376,314.25443096000004
1,13,0,LT05_012031_19910607,0.048600000000000004,0.0783275,0.07335000000000003,0.08660499999999999,312.95558336
2,14,0,LT05_012031_19910607,0.06479750000000001,0.08531250000000001,0.09169250000000001,0.10808250000000003,314.76029791999997
3,14,1,LT05_012031_19910607,0.06966499999999998,0.0922425,0.10085,0.1223825,315.23882072000004
4,15,0,LT05_012031_19910607,0.06317499999999998,0.08182,0.09169250000000001,0.10090500000000002,315.72076154
5,15,1,LT05_012031_19910607,0.061580000000000024,0.07483499999999998,0.085615,0.10450749999999998,316.19586632
6,16,0,LT05_012031_19910607,0.061580000000000024,0.08182,0.08864,0.10090500000000002,316.19928433999996
7,16,1,LT05_012031_19910607,0.05019499999999999,0.060865,0.067245,0.07942749999999998,316.67438912
8,16,2,LT05_012031_19910607,0.05019499999999999,0.05740000000000001,0.06419249999999999,0.07224999999999998,317.04353528
10,17,1,LT05_012031_19910607,0.05019499999999999,0.05740000000000001,0.05806,0.06507249999999998,316.19928433999996
11,17,2,LT05_012031_19910607,0.05019499999999999,0.060865,0.061112500000000014,0.07224999999999998,316.5684305
12,18,1,LT05_012031_19910607,0.055062500000000014,0.06787749999999998,0.067245,0.09017999999999998,315.24223874
13,18,2,LT05_012031_19910607,0.06963750000000002,0.08877750000000001,0.09169250000000001,0.1223825,315.61480292
14,18,3,LT05_012031_19910607,0.0680425,0.08182,0.09169250000000001,0.11165750000000002,315.61480292
15,19,1,LT05_012031_19910607,0.06155250000000001,0.0783275,0.07640249999999998,0.1295325,313.79299826
16,19,2,LT05_012031_19910607,0.06155250000000001,0.08531250000000001,0.08861249999999998,0.1223825,314.27493907999997
17,19,3,LT05_012031_19910607,0.05830750000000001,0.08182,0.08558749999999998,0.10450749999999998,314.17239847999997
18,20,2,LT05_012031_19910607,0.04532749999999999,0.05387999999999998,0.061112500000000014,0.06867499999999999,313.30763942
19,20,3,LT05_012031_19910607,0.04857249999999999,0.07136999999999999,0.07027,0.08300249999999998,313.69045766
20,20,4,LT05_012031_19910607,0.07931749999999999,0.0957075,0.10692750000000001,0.1223825,313.68703963999997
21,21,2,LT05_012031_19910607,0.05343999999999999,0.06785000000000002,0.07335000000000003,0.08657749999999997,313.10939426
22,21,3,LT05_012031_19910607,0.06155250000000001,0.085285,0.08861249999999998,0.10448000000000002,313.33156556
23,21,4,LT05_012031_19910607,0.06155250000000001,0.08182,0.08253500000000003,0.10448000000000002,313.33156556
25,22,3,LT05_012031_19910607,0.06801499999999999,0.08877750000000001,0.09779749999999998,0.11523250000000002,313.33156556
26,22,4,LT05_012031_19910607,0.07928999999999997,0.102665,0.10692750000000001,0.1295325,313.33156556
27,22,5,LT05_012031_19910607,0.08734750000000002,0.11306,0.13126500000000002,0.1473525,312.36084788
28,23,3,LT05_012031_19910607,0.072855,0.09920000000000001,0.103875,0.1259575,313.8169244
29,23,4,LT05_012031_19910607,0.0809125,0.109595,0.116085,0.13665500000000003,313.81350638000004
30,23,5,LT05_012031_19910607,0.0809125,0.10615750000000002,0.116085,0.1437775,312.84620672
32,24,4,LT05_012031_19910607,0.05665749999999997,0.07480749999999997,0.079455,0.09375499999999998,313.8169244
33,24,5,LT05_012031_19910607,0.07447749999999997,0.102665,0.10692750000000001,0.1437775,313.81350638000004
34,24,6,LT05_012031_19910607,0.1050025,0.144135,0.158545,0.19366250000000002,312.36084788
35,25,5,LT05_012031_19910607,0.06801499999999999,0.08877750000000001,0.08861249999999998,0.11165750000000002,314.22366878
36,25,6,LT05_012031_19910607,0.08734750000000002,0.11998999999999999,0.1282125,0.15089999999999998,313.73830994
37,25,7,LT05_012031_19910607,0.10659750000000001,0.1475725,0.16157,0.1794175,312.27539737999996
38,26,6,LT05_012031_19910607,0.06314750000000002,0.085285,0.091665,0.10808250000000003,314.22366878
39,26,7,LT05_012031_19910607,0.08732000000000001,0.13035750000000002,0.14036749999999998,0.1651725,313.73830994
40,27,7,LT05_012031_19910607,0.06801499999999999,0.09920000000000001,0.10692750000000001,0.1259575,314.22366878
41,27,8,LT05_012031_19910607,0.08412999999999998,0.11306,0.13126500000000002,0.1473525,313.65969548
42,28,8,LT05_012031_19910607,0.06798749999999998,0.0991725,0.11605749999999998,0.13665500000000003,313.73489192
1,13,0,LT05_012031_19910709,0.059462499999999974,0.07915250000000001,0.0866325,0.09903499999999998,310.55955134
2,14,0,LT05_012031_19910709,0.06449500000000002,0.07197500000000001,0.08352500000000002,0.09903499999999998,312.3471758
3,14,1,LT05_012031_19910709,0.07288250000000002,0.11135499999999998,0.11176750000000002,0.132145,311.868653
4,15,0,LT05_012031_19910709,0.06785000000000002,0.07555,0.0866325,0.10271999999999998,312.82228058
5,15,1,LT05_012031_19910709,0.057784999999999975,0.07555,0.08039000000000002,0.09903499999999998,312.3471758
6,16,0,LT05_012031_19910709,0.06785000000000002,0.08272750000000001,0.0866325,0.10271999999999998,312.82228058
7,16,1,LT05_012031_19910709,0.04095499999999999,0.061167499999999986,0.05830750000000001,0.07321250000000001,312.82228058
8,16,2,LT05_012031_19910709,0.046015,0.061167499999999986,0.06776749999999998,0.0805825,312.71973998
10,17,1,LT05_012031_19910709,0.046015,0.05756499999999998,0.05830750000000001,0.06581500000000001,312.3471758
11,17,2,LT05_012031_19910709,0.05442999999999998,0.061167499999999986,0.06463249999999998,0.07321250000000001,312.71973998
12,18,1,LT05_012031_19910709,0.06952750000000002,0.08633000000000002,0.0866325,0.12111749999999999,311.868653
13,18,2,LT05_012031_19910709,0.072855,0.0934525,0.10233500000000001,0.13583,312.2446352
14,18,3,LT05_012031_19910709,0.06617250000000002,0.08633000000000002,0.09293000000000001,0.09903499999999998,312.71973998
15,19,1,LT05_012031_19910709,0.057784999999999975,0.07197500000000001,0.07406499999999999,0.10271999999999998,311.38671218
16,19,2,LT05_012031_19910709,0.06281749999999997,0.07555,0.08352500000000002,0.12111749999999999,311.868653
17,19,3,LT05_012031_19910709,0.06785000000000002,0.08633000000000002,0.08979500000000001,0.11006250000000001,312.2446352
18,20,2,LT05_012031_19910709,0.04598749999999999,0.07197500000000001,0.07406499999999999,0.09163749999999998,311.38671218
19,20,3,LT05_012031_19910709,0.05104750000000002,0.05756499999999998,0.05830750000000001,0.07689750000000001,311.7661124
20,20,4,LT05_012031_19910709,0.06952750000000002,0.10420499999999999,0.10863250000000002,0.12111749999999999,312.2446352
21,21,2,LT05_012031_19910709,0.0476925,0.07197500000000001,0.08039000000000002,0.09163749999999998,310.22800340000003
22,21,3,LT05_012031_19910709,0.05442999999999998,0.06834499999999999,0.07406499999999999,0.0842675,310.93211552
23,21,4,LT05_012031_19910709,0.06449500000000002,0.08633000000000002,0.09609250000000003,0.1137475,310.93211552
25,22,3,LT05_012031_19910709,0.07953749999999998,0.10775249999999997,0.10863250000000002,0.13583,310.45359271999996
26,22,4,LT05_012031_19910709,0.0778875,0.10420499999999999,0.11801,0.13583,310.93211552
27,22,5,LT05_012031_19910709,0.08289249999999998,0.097055,0.11490250000000002,0.12846000000000002,309.9716519
28,23,3,LT05_012031_19910709,0.0711775,0.0934525,0.10549750000000002,0.12480249999999998,309.48629306
29,23,4,LT05_012031_19910709,0.08121499999999998,0.10775249999999997,0.11801,0.139515,309.9716519
30,23,5,LT05_012031_19910709,0.09119749999999999,0.11490250000000002,0.13052249999999999,0.1541725,309.9716519
32,24,4,LT05_012031_19910709,0.057784999999999975,0.07915250000000001,0.08039000000000002,0.09903499999999998,309.9716519
33,24,5,LT05_012031_19910709,0.07621,0.10063,0.11176750000000002,0.139515,310.45359271999996
34,24,6,LT05_012031_19910709,0.09452500000000003,0.132695,0.1461425,0.176145,310.45359271999996
35,25,5,LT05_012031_19910709,0.06281749999999997,0.08272750000000001,0.09293000000000001,0.10640500000000003,311.33544187999996
36,25,6,LT05_012031_19910709,0.08789750000000002,0.122025,0.13365749999999998,0.15783000000000003,311.33544187999996
37,25,7,LT05_012031_19910709,0.11110750000000003,0.146885,0.1617075,0.18348750000000003,311.33544187999996
38,26,6,LT05_012031_19910709,0.06449500000000002,0.08272750000000001,0.09293000000000001,0.11006250000000001,311.81396468
39,26,7,LT05_012031_19910709,0.091225,0.11847750000000001,0.13365749999999998,0.15783000000000003,311.81396468
40,27,7,LT05_012031_19910709,0.06952750000000002,0.08633000000000002,0.09922750000000002,0.1174325,311.33544187999996
41,27,8,LT05_012031_19910709,0.079565,0.11490250000000002,0.127415,0.14314500000000002,311.25682742000004
42,28,8,LT05_012031_19910709,0.06281749999999997,0.09348000000000001,0.10549750000000002,0.12111749999999999,310.85350106
1,13,0,LT05_012031_19910826,0.053659999999999985,0.0687025,0.06559500000000001,0.079455,307.73626681999997
2,14,0,LT05_012031_19910826,0.06463249999999998,0.08693499999999998,0.08916249999999998,0.10238999999999998,308.7069845
3,14,1,LT05_012031_19910826,0.07995000000000002,0.0960375,0.09702749999999999,0.12972499999999998,308.7069845
4,15,0,LT05_012031_19910826,0.0624325,0.08693499999999998,0.08522999999999997,0.0932325,309.35299028
5,15,1,LT05_012031_19910826,0.06900499999999998,0.08242500000000003,0.08132499999999998,0.1114925,309.35299028
6,16,0,LT05_012031_19910826,0.0711775,0.09150000000000003,0.09702749999999999,0.116085,309.35299028
7,16,1,LT05_012031_19910826,0.05806,0.07326749999999999,0.06952750000000002,0.08864,309.35299028
8,16,2,LT05_012031_19910826,0.049205,0.06873000000000001,0.06166250000000001,0.079455,308.61127994000003
10,17,1,LT05_012031_19910826,0.053659999999999985,0.06873000000000001,0.06559500000000001,0.07489000000000001,308.7069845
11,17,2,LT05_012031_19910826,0.053659999999999985,0.06873000000000001,0.06559500000000001,0.08407500000000001,308.61127994000003
12,18,1,LT05_012031_19910826,0.060287499999999994,0.06873000000000001,0.06559500000000001,0.08407500000000001,308.06097872
13,18,2,LT05_012031_19910826,0.06463249999999998,0.08242500000000003,0.0813525,0.10695500000000002,307.96527416000004
14,18,3,LT05_012031_19910826,0.06025999999999998,0.08242500000000003,0.0813525,0.0932325,307.96527416000004
15,19,1,LT05_012031_19910826,0.07780500000000001,0.10063,0.10876999999999998,0.157005,307.4081369
16,19,2,LT05_012031_19910826,0.06685999999999998,0.10063,0.11264750000000001,0.157005,307.4081369
17,19,3,LT05_012031_19910826,0.06463249999999998,0.09152749999999998,0.09309499999999998,0.116085,307.96527416000004
18,20,2,LT05_012031_19910826,0.06468750000000001,0.08699000000000001,0.09702749999999999,0.1251875,307.4081369
19,20,3,LT05_012031_19910826,0.062487499999999974,0.08699000000000001,0.085285,0.11152000000000001,307.31585036
20,20,4,LT05_012031_19910826,0.0777775,0.10962250000000001,0.11264750000000001,0.13429000000000002,307.31585036
21,21,2,LT05_012031_19910826,0.07343250000000001,0.09606500000000001,0.1165525,0.157005,306.57755804
22,21,3,LT05_012031_19910826,0.07123249999999998,0.091555,0.10096,0.1297525,306.33829664
23,21,4,LT05_012031_19910826,0.06468750000000001,0.08699000000000001,0.0813525,0.097825,306.33829664
25,22,3,LT05_012031_19910826,0.08434999999999998,0.10967749999999998,0.1165525,0.1569775,306.34171466
26,22,4,LT05_012031_19910826,0.08000499999999999,0.10514000000000001,0.10876999999999998,0.13429000000000002,306.33829664
27,22,5,LT05_012031_19910826,0.0865225,0.10967749999999998,0.11264750000000001,0.12978,305.6820368
28,23,3,LT05_012031_19910826,0.09741250000000001,0.13219999999999998,0.151505,0.1931675,305.68545482
29,23,4,LT05_012031_19910826,0.08869500000000002,0.11869750000000001,0.12824000000000002,0.1569775,305.68545482
30,23,5,LT05_012031_19910826,0.08434999999999998,0.10967749999999998,0.11264750000000001,0.15246749999999998,305.68545482
32,24,4,LT05_012031_19910826,0.06906000000000001,0.091555,0.09309499999999998,0.12064999999999998,306.34171466
33,24,5,LT05_012031_19910826,0.08869500000000002,0.11421500000000001,0.1165525,0.1569775,306.34171466
34,24,6,LT05_012031_19910826,0.09955750000000002,0.12769000000000003,0.1360225,0.17059000000000002,306.34171466
35,25,5,LT05_012031_19910826,0.07560499999999998,0.091555,0.0892175,0.11152000000000001,307.36370264
36,25,6,LT05_012031_19910826,0.09086749999999999,0.12769000000000003,0.1321175,0.16154249999999998,307.36028462
37,25,7,LT05_012031_19910826,0.09304000000000001,0.12769000000000003,0.13990000000000002,0.16154249999999998,307.36028462
38,26,6,LT05_012031_19910826,0.07563249999999999,0.09609250000000003,0.09702749999999999,0.12064999999999998,308.01312644
39,26,7,LT05_012031_19910826,0.09741250000000001,0.13219999999999998,0.1437775,0.17509999999999998,308.01312644
40,27,7,LT05_012031_19910826,0.07783249999999997,0.10967749999999998,0.11264750000000001,0.13429000000000002,308.01312644
41,27,8,LT05_012031_19910826,0.08220499999999997,0.10514000000000001,0.1165525,0.138855,307.28850620000003
42,28,8,LT05_012031_19910826,0.07343250000000001,0.09609250000000003,0.10096,0.1251875,306.92277806
1,13,0,LT05_012031_19910927,0.03738,0.040185,0.041972499999999996,0.054759999999999975,292.8473717
2,14,0,LT05_012031_19910927,0.046125,0.05409999999999998,0.05407250000000002,0.06873000000000001,293.67795056
3,14,1,LT05_012031_19910927,0.06570500000000001,0.08635749999999998,0.09430499999999997,0.10596499999999998,294.1974896
4,15,0,LT05_012031_19910927,0.043952500000000005,0.04945250000000001,0.05407250000000002,0.06408249999999999,295.22631362
5,15,1,LT05_012031_19910927,0.0352075,0.04945250000000001,0.05407250000000002,0.06408249999999999,295.2228956
6,16,0,LT05_012031_19910927,0.043952500000000005,0.05407250000000002,0.058087500000000014,0.06408249999999999,296.24488357999996
7,16,1,LT05_012031_19910927,0.03735250000000001,0.04945250000000001,0.05005749999999998,0.06873000000000001,296.24488357999996
8,16,2,LT05_012031_19910927,0.043952500000000005,0.05407250000000002,0.05005749999999998,0.06873000000000001,296.14917902
10,17,1,LT05_012031_19910927,0.046097499999999986,0.05407250000000002,0.05407250000000002,0.06408249999999999,296.75075054
11,17,2,LT05_012031_19910927,0.043952500000000005,0.05407250000000002,0.05005749999999998,0.06408249999999999,296.14917902
12,18,1,LT05_012031_19910927,0.04829749999999999,0.05407250000000002,0.05005749999999998,0.06873000000000001,296.24488357999996
13,18,2,LT05_012031_19910927,0.041724999999999984,0.05407250000000002,0.058087500000000014,0.07805250000000002,295.64331205999997
14,18,3,LT05_012031_19910927,0.050470000000000015,0.067905,0.06617250000000002,0.0827,295.13060906
15,19,1,LT05_012031_19910927,0.054815,0.067905,0.0742025,0.1013175,294.7101926
16,19,2,LT05_012031_19910927,0.06133250000000001,0.08633000000000002,0.10632249999999999,0.13844250000000002,294.7101926
17,19,3,LT05_012031_19910927,0.06353249999999999,0.08173750000000002,0.1023075,0.1199075,294.10520306
18,20,2,LT05_012031_19910927,0.0656775,0.0954875,0.11031000000000002,0.14773750000000002,293.67795056
19,20,3,LT05_012031_19910927,0.050470000000000015,0.067905,0.08226,0.1013175,293.069543
20,20,4,LT05_012031_19910927,0.056987500000000024,0.067905,0.0742025,0.08737499999999998,293.069543
21,21,2,LT05_012031_19910927,0.05696000000000001,0.0771175,0.09427750000000001,0.11525999999999997,292.9840925
22,21,3,LT05_012031_19910927,0.05696000000000001,0.0771175,0.08226,0.1013175,292.75166714
23,21,4,LT05_012031_19910927,0.046097499999999986,0.049425,0.05404500000000001,0.06405499999999997,292.75166714
25,22,3,LT05_012031_19910927,0.0656775,0.08173750000000002,0.09026250000000002,0.10596499999999998,292.75166714
26,22,4,LT05_012031_19910927,0.07002249999999999,0.0771175,0.0782175,0.09202250000000001,293.26778816
27,22,5,LT05_012031_19910927,0.054815,0.0633125,0.07016,0.0827,293.26778816
28,23,3,LT05_012031_19910927,0.07219500000000001,0.10008,0.10227999999999998,0.12455500000000003,293.26778816
29,23,4,LT05_012031_19910927,0.07002249999999999,0.0954875,0.10629499999999997,0.12455500000000003,293.26778816
30,23,5,LT05_012031_19910927,0.08300249999999998,0.10008,0.11031000000000002,0.13844250000000002,293.26778816
32,24,4,LT05_012031_19910927,0.0504425,0.05869249999999998,0.058087500000000014,0.0827,293.78390918
33,24,5,LT05_012031_19910927,0.06785000000000002,0.08633000000000002,0.09026250000000002,0.12455500000000003,293.26778816
34,24,6,LT05_012031_19910927,0.07219500000000001,0.090895,0.10227999999999998,0.12455500000000003,293.26778816
35,25,5,LT05_012031_19910927,0.05261500000000002,0.05866500000000002,0.062102500000000005,0.07805250000000002,294.14963732
36,25,6,LT05_012031_19910927,0.061305,0.08171,0.08624749999999998,0.09666999999999998,293.6335163
37,25,7,LT05_012031_19910927,0.07434000000000002,0.109265,0.12232749999999998,0.1338225,293.11397725999996
38,26,6,LT05_012031_19910927,0.04827000000000001,0.05404500000000001,0.05811499999999997,0.07337749999999998,293.6335163
39,26,7,LT05_012031_19910927,0.07219500000000001,0.10008,0.11031000000000002,0.1292025,293.6335163
40,27,7,LT05_012031_19910927,0.05261500000000002,0.067905,0.0742025,0.0827,293.6335163
41,27,8,LT05_012031_19910927,0.06353249999999999,0.08176499999999998,0.09028999999999998,0.10596499999999998,293.56173788
42,28,8,LT05_012031_19910927,0.06133250000000001,0.07714500000000002,0.0782175,0.1013175,293.71213076000004
1,13,0,LT05_012031_19911013,0.0355925,0.03625249999999999,0.03350249999999999,0.0477475,290.55729829999996
2,14,0,LT05_012031_19911013,0.051844999999999974,0.0534675,0.048242499999999994,0.06991249999999999,290.8649201
3,14,1,LT05_012031_19911013,0.06531999999999999,0.08195750000000002,0.0872925,0.10302250000000002,290.8649201
4,15,0,LT05_012031_19911013,0.049122499999999986,0.0534675,0.04332,0.05880249999999998,290.8649201
5,15,1,LT05_012031_19911013,0.04100999999999999,0.047719999999999985,0.048242499999999994,0.06991249999999999,291.40496726000003
6,16,0,LT05_012031_19911013,0.046454999999999996,0.059187500000000004,0.06776749999999998,0.08094000000000001,291.40496726000003
7,16,1,LT05_012031_19911013,0.051844999999999974,0.059187500000000004,0.05800499999999997,0.06991249999999999,291.9415964
8,16,2,LT05_012031_19911013,0.04642750000000001,0.059187500000000004,0.05800499999999997,0.06438500000000003,291.84930986
10,17,1,LT05_012031_19911013,0.049122499999999986,0.059187500000000004,0.05800499999999997,0.06991249999999999,292.47480752
11,17,2,LT05_012031_19911013,0.04642750000000001,0.05343999999999999,0.048242499999999994,0.05880249999999998,292.38252098
12,18,1,LT05_012031_19911013,0.046454999999999996,0.05343999999999999,0.048242499999999994,0.06991249999999999,293.00801864
13,18,2,LT05_012031_19911013,0.049122499999999986,0.059187500000000004,0.06290000000000001,0.08094000000000001,292.38252098
14,18,3,LT05_012031_19911013,0.051844999999999974,0.06488,0.06290000000000001,0.06991249999999999,292.38252098
15,19,1,LT05_012031_19911013,0.06262499999999999,0.08765,0.08242500000000003,0.11402250000000003,292.47480752
16,19,2,LT05_012031_19911013,0.06531999999999999,0.1046725,0.10670750000000001,0.146995,292.47480752
17,19,3,LT05_012031_19911013,0.06531999999999999,0.08195750000000002,0.09216000000000002,0.11402250000000003,292.38252098
18,20,2,LT05_012031_19911013,0.07071,0.115975,0.13577499999999998,0.1853575,291.9415964
19,20,3,LT05_012031_19911013,0.06259749999999997,0.08195750000000002,0.09699999999999998,0.11402250000000003,291.84930986
20,20,4,LT05_012031_19911013,0.07337749999999998,0.09331499999999998,0.10670750000000001,0.11952249999999998,291.84930986
21,21,2,LT05_012031_19911013,0.10282999999999998,0.12733250000000002,0.14548250000000001,0.1963025,291.23064824
22,21,3,LT05_012031_19911013,0.06798749999999998,0.09331499999999998,0.1018675,0.11402250000000003,291.0016409
23,21,4,LT05_012031_19911013,0.04642750000000001,0.05343999999999999,0.053137500000000004,0.05880249999999998,290.46159374
25,22,3,LT05_012031_19911013,0.07612750000000001,0.0990625,0.10676249999999998,0.11954999999999999,290.46159374
26,22,4,LT05_012031_19911013,0.06807000000000002,0.08198499999999997,0.09218749999999998,0.09752250000000001,290.46159374
27,22,5,LT05_012031_19911013,0.05992999999999998,0.07626499999999997,0.07752999999999999,0.091995,290.46159374
28,23,3,LT05_012031_19911013,0.06807000000000002,0.08767750000000002,0.09702749999999999,0.11404999999999998,289.92154658
29,23,4,LT05_012031_19911013,0.07876749999999999,0.0990625,0.10676249999999998,0.1250775,290.46159374
30,23,5,LT05_012031_19911013,0.0761,0.0990625,0.10189500000000001,0.1250775,290.46159374
32,24,4,LT05_012031_19911013,0.06268000000000001,0.07629249999999999,0.07758500000000002,0.09752250000000001,290.46159374
33,24,5,LT05_012031_19911013,0.06807000000000002,0.08767750000000002,0.09218749999999998,0.11404999999999998,290.46159374
34,24,6,LT05_012031_19911013,0.07073750000000001,0.08767750000000002,0.10189500000000001,0.10854999999999998,290.46159374
35,25,5,LT05_012031_19911013,0.06268000000000001,0.07629249999999999,0.07758500000000002,0.08649499999999999,291.35711498
36,25,6,LT05_012031_19911013,0.07073750000000001,0.0990625,0.10189500000000001,0.11954999999999999,291.35711498
37,25,7,LT05_012031_19911013,0.073405,0.08198499999999997,0.09218749999999998,0.10854999999999998,290.81706782000003
38,26,6,LT05_012031_19911013,0.0599575,0.07629249999999999,0.07758500000000002,0.09202250000000001,291.35711498
39,26,7,LT05_012031_19911013,0.07876749999999999,0.09339750000000002,0.1116025,0.13607750000000002,290.81706782000003
40,27,7,LT05_012031_19911013,0.06268000000000001,0.0706,0.08245249999999998,0.09752250000000001,291.35711498
41,27,8,LT05_012031_19911013,0.057262499999999994,0.07629249999999999,0.08732000000000001,0.09202250000000001,290.20866026
42,28,8,LT05_012031_19911013,0.057262499999999994,0.07629249999999999,0.07268999999999998,0.08649499999999999,290.39323334
1,13,0,LT05_012031_19911029,0.0627625,0.06969249999999999,0.06083749999999999,0.06020500000000001,282.45317288
4,15,0,LT05_012031_19911029,0.0627625,0.06969249999999999,0.06083749999999999,0.07156249999999997,284.52107498
10,17,1,LT05_012031_19911029,0.06823499999999999,0.07552249999999999,0.06586999999999998,0.07725500000000002,284.52107498
17,19,3,LT05_012031_19911029,0.09282000000000001,0.10461749999999997,0.10613,0.11704750000000003,284.43220646
1,13,0,LT05_012031_19911114,0.05564000000000002,0.05926999999999999,0.044529999999999986,0.0417525,283.4819969
2,14,0,LT05_012031_19911114,0.062487499999999974,0.06650250000000002,0.06312000000000001,0.06983,283.4819969
3,14,1,LT05_012031_19911114,0.07621,0.08088499999999998,0.06930750000000002,0.07681500000000002,284.99617976
4,15,0,LT05_012031_19911114,0.05564000000000002,0.0592975,0.0569325,0.048765,284.99617976
5,15,1,LT05_012031_19911114,0.062487499999999974,0.06650250000000002,0.06312000000000001,0.06281749999999997,284.99617976
6,16,0,LT05_012031_19911114,0.06595250000000002,0.07370749999999998,0.06933499999999998,0.06983,284.99617976
7,16,1,LT05_012031_19911114,0.06592500000000001,0.06650250000000002,0.06312000000000001,0.06983,284.99617976
8,16,2,LT05_012031_19911114,0.062487499999999974,0.06650250000000002,0.06312000000000001,0.06281749999999997,284.90731124
10,17,1,LT05_012031_19911114,0.0693625,0.06650250000000002,0.06312000000000001,0.06281749999999997,284.99617976
11,17,2,LT05_012031_19911114,0.06592500000000001,0.06650250000000002,0.06312000000000001,0.06281749999999997,284.90731124
12,18,1,LT05_012031_19911114,0.06595250000000002,0.06652999999999998,0.0507725,0.055804999999999993,284.43562448
13,18,2,LT05_012031_19911114,0.059077500000000005,0.06650250000000002,0.06312000000000001,0.06281749999999997,283.4819969
14,18,3,LT05_012031_19911114,0.0693625,0.06650250000000002,0.0569325,0.048765,284.90731124
15,19,1,LT05_012031_19911114,0.07623750000000001,0.0809125,0.07549499999999998,0.06983,284.43562448
16,19,2,LT05_012031_19911114,0.0693625,0.0809125,0.08168249999999999,0.09083999999999998,284.43562448
17,19,3,LT05_012031_19911114,0.07279999999999998,0.08811750000000002,0.08165499999999998,0.0838275,284.90731124
18,20,2,LT05_012031_19911114,0.07623750000000001,0.08811750000000002,0.09400249999999999,0.11182249999999999,284.43562448
19,20,3,LT05_012031_19911114,0.07279999999999998,0.08811750000000002,0.08168249999999999,0.09083999999999998,284.90731124
20,20,4,LT05_012031_19911114,0.08649499999999999,0.09529500000000002,0.09400249999999999,0.097825,284.91072926
21,21,2,LT05_012031_19911114,0.079675,0.09532249999999998,0.10629499999999997,0.12579249999999997,284.27155952
22,21,3,LT05_012031_19911114,0.07279999999999998,0.0809125,0.07549499999999998,0.07684249999999998,284.05280624
23,21,4,LT05_012031_19911114,0.062487499999999974,0.06650250000000002,0.0569325,0.04879249999999999,284.05280624
25,22,3,LT05_012031_19911114,0.08308500000000002,0.09532249999999998,0.09400249999999999,0.09785250000000001,284.05280624
26,22,4,LT05_012031_19911114,0.06592500000000001,0.06652999999999998,0.0569325,0.055804999999999993,282.92827766
27,22,5,LT05_012031_19911114,0.062487499999999974,0.06650250000000002,0.06312000000000001,0.055804999999999993,282.92827766
28,23,3,LT05_012031_19911114,0.08657749999999997,0.10255500000000001,0.09403,0.11185,284.05280624
29,23,4,LT05_012031_19911114,0.07973000000000002,0.0953775,0.10021750000000001,0.09788000000000002,284.05280624
30,23,5,LT05_012031_19911114,0.08649499999999999,0.09529500000000002,0.09400249999999999,0.10483749999999997,284.05280624
32,24,4,LT05_012031_19911114,0.07288250000000002,0.08099499999999998,0.03220999999999999,0.09788000000000002,284.05280624
33,24,5,LT05_012031_19911114,0.0831675,0.10973250000000001,0.11251,0.11886249999999998,284.05280624
35,25,5,LT05_012031_19911114,0.06947249999999999,0.0953775,0.08789750000000002,0.09086749999999999,284.39119022
36,25,6,LT05_012031_19911114,0.07632,0.07376250000000001,0.07552249999999999,0.07687,284.39119022
37,25,7,LT05_012031_19911114,0.06944499999999998,0.07376250000000001,0.06317499999999998,0.055804999999999993,282.37455841999997
38,26,6,LT05_012031_19911114,0.06944499999999998,0.06655749999999999,0.0693625,0.06284499999999998,284.39119022
39,26,7,LT05_012031_19911114,0.07288250000000002,0.06655749999999999,0.06317499999999998,0.06284499999999998,283.83063494
40,27,7,LT05_012031_19911114,0.06257000000000001,0.07379000000000002,0.0693625,0.06985750000000002,283.83063494
41,27,8,LT05_012031_19911114,0.05913249999999998,0.07376250000000001,0.06317499999999998,0.06985750000000002,283.76227454
42,28,8,LT05_012031_19911114,0.07288250000000002,0.07379000000000002,0.07552249999999999,0.08388250000000003,283.42389056
1,13,0,LT05_012031_19920305,0.07774999999999999,0.07862999999999998,0.07326749999999999,0.07348749999999998,282.32328812000003
2,14,0,LT05_012031_19920305,0.08335999999999999,0.0900975,0.09141749999999998,0.08916249999999998,284.38435418
3,14,1,LT05_012031_19920305,0.08335999999999999,0.0900975,0.08690750000000003,0.0839375,284.38435418
4,15,0,LT05_012031_19920305,0.08616499999999999,0.08434999999999998,0.08690750000000003,0.0839375,284.94490945999996
5,15,1,LT05_012031_19920305,0.07774999999999999,0.08434999999999998,0.07780500000000001,0.07871250000000002,284.94490945999996
6,16,0,LT05_012031_19920305,0.08894249999999998,0.0900975,0.09598250000000003,0.09433249999999999,285.4986287
7,16,1,LT05_012031_19920305,0.08055499999999999,0.0900975,0.08690750000000003,0.08916249999999998,285.4986287
8,16,2,LT05_012031_19920305,0.08055499999999999,0.0900975,0.08690750000000003,0.0839375,285.4131782
10,17,1,LT05_012031_19920305,0.08616499999999999,0.0900975,0.08237,0.07871250000000002,285.4986287
11,17,2,LT05_012031_19920305,0.08616499999999999,0.0900975,0.08237,0.07871250000000002,285.4131782
12,18,1,LT05_012031_19920305,0.08335999999999999,0.08434999999999998,0.07780500000000001,0.07871250000000002,285.4986287
13,18,2,LT05_012031_19920305,0.08894249999999998,0.08434999999999998,0.08237,0.08916249999999998,284.85604093999996
14,18,3,LT05_012031_19920305,0.08055499999999999,0.08434999999999998,0.07780500000000001,0.0839375,284.85604093999996
15,19,1,LT05_012031_19920305,0.08894249999999998,0.0958175,0.09598250000000003,0.09955750000000002,284.94490945999996
16,19,2,LT05_012031_19920305,0.09730250000000001,0.10722999999999999,0.10503000000000001,0.1047825,284.94490945999996
17,19,3,LT05_012031_19920305,0.08894249999999998,0.0958175,0.09141749999999998,0.09433249999999999,284.29890367999997
18,20,2,LT05_012031_19920305,0.09730250000000001,0.10722999999999999,0.109595,0.10998000000000002,284.38435418
19,20,3,LT05_012031_19920305,0.08894249999999998,0.10150999999999999,0.09598250000000003,0.09433249999999999,282.87700736
21,21,2,LT05_012031_19920305,0.09449750000000001,0.10722999999999999,0.109595,0.10998000000000002,283.65973394
22,21,3,LT05_012031_19920305,0.08616499999999999,0.0958175,0.08690750000000003,0.08916249999999998,283.44098066000004
23,21,4,LT05_012031_19920305,0.08335999999999999,0.08434999999999998,0.08690750000000003,0.07871250000000002,283.44098066000004
26,22,4,LT05_012031_19920305,0.08616499999999999,0.10150999999999999,0.09598250000000003,0.09433249999999999,283.44098066000004
27,22,5,LT05_012031_19920305,0.08894249999999998,0.0958175,0.09141749999999998,0.09955750000000002,283.44098066000004
28,23,3,LT05_012031_19920305,0.10008,0.10722999999999999,0.11410500000000001,0.12040250000000002,283.44098066000004
29,23,4,LT05_012031_19920305,0.09730250000000001,0.11295,0.109595,0.115205,283.44098066000004
30,23,5,LT05_012031_19920305,0.10285749999999999,0.10722999999999999,0.109595,0.115205,283.44098066000004
32,24,4,LT05_012031_19920305,0.09172000000000002,0.0958175,0.09598250000000003,0.09955750000000002,282.87700736
33,24,5,LT05_012031_19920305,0.09730250000000001,0.10722999999999999,0.10503000000000001,0.115205,282.87700736
34,24,6,LT05_012031_19920305,0.09449750000000001,0.11295,0.109595,0.10998000000000002,282.87700736
35,25,5,LT05_012031_19920305,0.09172000000000002,0.10150999999999999,0.10052,0.1047825,283.21539134
36,25,6,LT05_012031_19920305,0.10008,0.10722999999999999,0.10503000000000001,0.115205,283.77936464
38,26,6,LT05_012031_19920305,0.08335999999999999,0.0958175,0.09141749999999998,0.09433249999999999,283.77936464
39,26,7,LT05_012031_19920305,0.10008,0.11864249999999998,0.11861500000000003,0.13082500000000002,284.33991992
40,27,7,LT05_012031_19920305,0.08894249999999998,0.10150999999999999,0.09141749999999998,0.09955750000000002,284.33991992
41,27,8,LT05_012031_19920305,0.09730250000000001,0.10722999999999999,0.10503000000000001,0.115205,284.27497754
42,28,8,LT05_012031_19920305,0.09172000000000002,0.10722999999999999,0.10503000000000001,0.10998000000000002,284.49031279999997
1,13,0,LT05_012031_19920609,0.06124999999999997,0.08434999999999998,0.08440500000000001,0.11229,305.86660988
2,14,0,LT05_012031_19920609,0.08138000000000001,0.10874250000000002,0.11682749999999997,0.13901999999999998,307.37737472000003
3,14,1,LT05_012031_19920609,0.08938249999999998,0.11281249999999998,0.12004500000000001,0.14284249999999998,307.37737472000003
4,15,0,LT05_012031_19920609,0.0833875,0.10470000000000002,0.11033749999999998,0.13140249999999998,307.37737472000003
5,15,1,LT05_012031_19920609,0.06930750000000002,0.08842,0.09416750000000002,0.12375750000000002,307.96869218
6,16,0,LT05_012031_19920609,0.0773375,0.10060249999999998,0.103875,0.12758000000000003,307.96869218
7,16,1,LT05_012031_19920609,0.06526500000000002,0.08434999999999998,0.0811325,0.11229,307.96869218
8,16,2,LT05_012031_19920609,0.06328499999999998,0.0802525,0.08116000000000001,0.10461749999999997,307.87298762
10,17,1,LT05_012031_19920609,0.06325750000000002,0.07618249999999999,0.07136999999999999,0.096945,307.96869218
11,17,2,LT05_012031_19920609,0.06328499999999998,0.07618249999999999,0.0746425,0.10076750000000001,307.87298762
12,18,1,LT05_012031_19920609,0.07131500000000002,0.08842,0.08762249999999999,0.116085,307.96869218
13,18,2,LT05_012031_19920609,0.0813525,0.10060249999999998,0.10711999999999999,0.13901999999999998,307.87298762
14,18,3,LT05_012031_19920609,0.08138000000000001,0.10060249999999998,0.11033749999999998,0.13522499999999998,307.28167016
15,19,1,LT05_012031_19920609,0.09337000000000001,0.108715,0.103875,0.13522499999999998,307.96869218
16,19,2,LT05_012031_19920609,0.09735749999999999,0.12491249999999998,0.1265075,0.16949000000000003,307.96869218
17,19,3,LT05_012031_19920609,0.08935500000000002,0.10874250000000002,0.12329000000000001,0.15045999999999998,307.28167016
18,20,2,LT05_012031_19920609,0.10134500000000002,0.11682749999999997,0.1265075,0.15807749999999998,307.37737472000003
19,20,3,LT05_012031_19920609,0.08335999999999999,0.108715,0.11682749999999997,0.14284249999999998,306.68693468000004
20,20,4,LT05_012031_19920609,0.09735749999999999,0.11682749999999997,0.12329000000000001,0.1542825,306.0921992
21,21,2,LT05_012031_19920609,0.10134500000000002,0.12086999999999998,0.12972499999999998,0.16187249999999997,306.0067487
22,21,3,LT05_012031_19920609,0.09337000000000001,0.11682749999999997,0.1232625,0.1542825,305.76748729999997
23,21,4,LT05_012031_19920609,0.0813525,0.10060249999999998,0.103875,0.12758000000000003,304.56776228
25,22,3,LT05_012031_19920609,0.10134500000000002,0.12491249999999998,0.13618750000000002,0.16949000000000003,304.56776228
26,22,4,LT05_012031_19920609,0.0953775,0.11278500000000002,0.12004500000000001,0.1504875,303.96619076
27,22,5,LT05_012031_19920609,0.0953775,0.12086999999999998,0.1265075,0.16187249999999997,303.36120122
28,23,3,LT05_012031_19920609,0.08935500000000002,0.11682749999999997,0.1265075,0.15807749999999998,304.56776228
29,23,4,LT05_012031_19920609,0.08935500000000002,0.11278500000000002,0.1265075,0.1542825,303.96619076
30,23,5,LT05_012031_19920609,0.08935500000000002,0.11278500000000002,0.12004500000000001,0.16569499999999998,303.36120122
32,24,4,LT05_012031_19920609,0.07131500000000002,0.0924625,0.09414,0.12375750000000002,303.96619076
33,24,5,LT05_012031_19920609,0.08734750000000002,0.11278500000000002,0.11682749999999997,0.15807749999999998,303.36120122
34,24,6,LT05_012031_19920609,0.1053325,0.14504250000000002,0.1586825,0.19985000000000003,303.36120122
35,25,5,LT05_012031_19920609,0.0753025,0.09655999999999998,0.103875,0.13522499999999998,304.3319189
36,25,6,LT05_012031_19920609,0.09136250000000001,0.12491249999999998,0.12972499999999998,0.16949000000000003,304.3319189
37,25,7,LT05_012031_19920609,0.10929250000000001,0.14908500000000002,0.15546500000000002,0.1884925,303.72351133999996
38,26,6,LT05_012031_19920609,0.079345,0.09655999999999998,0.10063,0.12758000000000003,304.3319189
39,26,7,LT05_012031_19920609,0.0953775,0.13701249999999998,0.14584000000000003,0.180875,304.3319189
40,27,7,LT05_012031_19920609,0.079345,0.108715,0.11682749999999997,0.146665,304.3319189
41,27,8,LT05_012031_19920609,0.08734750000000002,0.12086999999999998,0.1265075,0.16187249999999997,304.26014048
42,28,8,LT05_012031_19920609,0.07730999999999999,0.108715,0.11358249999999998,0.146665,304.49598386
1,13,0,LT05_012031_19920625,0.11484749999999999,0.12972499999999998,0.134785,0.16041499999999997,304.49940188
2,14,0,LT05_012031_19920625,0.11484749999999999,0.12472,0.12329000000000001,0.1473525,305.41543124
3,14,1,LT05_012031_19920625,0.11735000000000001,0.144575,0.15012999999999999,0.17768499999999998,305.41543124
4,15,0,LT05_012031_19920625,0.12232749999999998,0.139625,0.13866250000000002,0.17339500000000002,306.01358474
5,15,1,LT05_012031_19920625,0.10227999999999998,0.12472,0.12329000000000001,0.151725,306.01358474
6,16,0,LT05_012031_19920625,0.10728500000000002,0.12472,0.12329000000000001,0.151725,306.01016672000003
7,16,1,LT05_012031_19920625,0.09724749999999999,0.10978749999999998,0.10783500000000001,0.13429000000000002,306.60490219999997
8,16,2,LT05_012031_19920625,0.09471750000000001,0.11479250000000002,0.115535,0.138635,307.1005151
10,17,1,LT05_012031_19920625,0.09975,0.11976999999999999,0.11168499999999998,0.13429000000000002,306.60490219999997
11,17,2,LT05_012031_19920625,0.10978749999999998,0.12972499999999998,0.11938500000000002,0.1430075,306.50919764
12,18,1,LT05_012031_19920625,0.14223750000000002,0.16421000000000002,0.16157,0.19927250000000002,305.41543124
13,18,2,LT05_012031_19920625,0.16195500000000002,0.18373499999999998,0.188135,0.22504000000000002,305.3231447
14,18,3,LT05_012031_19920625,0.1520825,0.169105,0.17301,0.21217000000000003,304.7249912
15,19,1,LT05_012031_19920625,0.20326,0.23199750000000002,0.21824749999999998,0.288785,303.00572714
16,19,2,LT05_012031_19920625,0.2627425,0.2982175,0.296045,0.35164999999999996,302.39731958
17,19,3,LT05_012031_19920625,0.24151250000000002,0.2653275,0.26662,0.30982250000000006,301.69320746
18,20,2,LT05_012031_19920625,0.28609,0.31683500000000003,0.30704499999999996,0.38069000000000003,299.3074295
19,20,3,LT05_012031_19920625,0.32753250000000006,0.35374,0.35418,0.40953750000000005,297.96072962
20,20,4,LT05_012031_19920625,0.30231500000000006,0.31683500000000003,0.31799000000000005,0.3641075,297.96072962
21,21,2,LT05_012031_19920625,0.25094500000000003,0.2794625,0.2740175,0.33495749999999996,296.61402974
22,21,3,LT05_012031_19920625,0.3592125,0.381075,0.37213749999999995,0.4423175,295.7526887
23,21,4,LT05_012031_19920625,0.3771425,0.40819,0.40065500000000004,0.458625,297.02419213999997
25,22,3,LT05_012031_19920625,0.32753250000000006,0.3583325,0.3469475,0.41775999999999996,295.7526887
26,22,4,LT05_012031_19920625,0.3682325,0.40370750000000005,0.3971075,0.458625,295.7526887
27,22,5,LT05_012031_19920625,0.31609250000000005,0.34917499999999996,0.35057750000000004,0.38896749999999997,296.39185843999996
28,23,3,LT05_012031_19920625,0.31609250000000005,0.33998999999999996,0.33614000000000005,0.39721750000000006,295.11351895999996
29,23,4,LT05_012031_19920625,0.32753250000000006,0.3583325,0.35418,0.4136625,295.7526887
30,23,5,LT05_012031_19920625,0.28378000000000003,0.31683500000000003,0.31799000000000005,0.3724125,296.39185843999996
32,24,4,LT05_012031_19920625,0.318375,0.34458249999999996,0.34334499999999996,0.4136625,295.7526887
33,24,5,LT05_012031_19920625,0.22721249999999998,0.2558125,0.2517975,0.3014075,297.02419213999997
34,24,6,LT05_012031_19920625,0.157005,0.19344250000000002,0.19569750000000002,0.24209000000000003,297.65652584
35,25,5,LT05_012031_19920625,0.222455,0.2558125,0.25553750000000003,0.3014075,297.37283018
36,25,6,LT05_012031_19920625,0.16195500000000002,0.1886025,0.19193,0.23782750000000002,298.63407956000003
37,25,7,LT05_012031_19920625,0.14223750000000002,0.174,0.188135,0.2207225,299.25957722
38,26,6,LT05_012031_19920625,0.1936075,0.217615,0.22575499999999998,0.2718725,298.63407956000003
39,26,7,LT05_012031_19920625,0.144685,0.1788675,0.18434,0.22504000000000002,299.25957722
40,27,7,LT05_012031_19920625,0.13228250000000003,0.1543925,0.16157,0.19066500000000003,299.88507488
41,27,8,LT05_012031_19920625,0.10978749999999998,0.139625,0.14248500000000003,0.1647325,300.4353761
42,28,8,LT05_012031_19920625,0.10227999999999998,0.11976999999999999,0.12711250000000002,0.151725,300.69856364
1,13,0,LT05_012031_19920711,0.187475,0.206065,0.205735,0.24332750000000003,299.38946197999996
2,14,0,LT05_012031_19920711,0.17474250000000002,0.193085,0.19201250000000003,0.2270475,299.67657566
3,14,1,LT05_012031_19920711,0.15546500000000002,0.17141499999999998,0.17820750000000002,0.20667000000000002,301.25570089999997
4,15,0,LT05_012031_19920711,0.14903,0.1626975,0.1609375,0.198475,299.67657566
5,15,1,LT05_012031_19920711,0.14471250000000002,0.15838000000000002,0.1644025,0.198475,301.25570089999997
6,16,0,LT05_012031_19920711,0.15546500000000002,0.1626975,0.16784,0.20254500000000003,299.67999368
7,16,1,LT05_012031_19920711,0.164045,0.18013250000000003,0.181645,0.21888000000000002,300.4695563
8,16,2,LT05_012031_19920711,0.17048000000000002,0.18447750000000002,0.19201250000000003,0.2270475,301.1702504
10,17,1,LT05_012031_19920711,0.1895925,0.2146725,0.20914500000000003,0.25551,299.67999368
11,17,2,LT05_012031_19920711,0.181095,0.193085,0.19885999999999998,0.23111750000000003,300.3841058
13,18,2,LT05_012031_19920711,0.20018000000000002,0.223225,0.22281250000000002,0.2676925,299.59454317999996
14,18,3,LT05_012031_19920711,0.1895925,0.21035500000000001,0.20914500000000003,0.24332750000000003,300.3841058
17,19,3,LT05_012031_19920711,0.2086225,0.22751500000000002,0.22966000000000003,0.27982,298.80156253999996
37,25,7,LT05_012031_19920711,0.17259750000000001,0.20174750000000002,0.205735,0.24332750000000003,299.63897743999996
38,26,6,LT05_012031_19920711,0.1619,0.18447750000000002,0.18511,0.2270475,299.63897743999996
39,26,7,LT05_012031_19920711,0.17259750000000001,0.19743,0.19885999999999998,0.23928500000000003,300.42854006
40,27,7,LT05_012031_19920711,0.15332,0.17141499999999998,0.17476999999999998,0.21073999999999998,301.21468466
41,27,8,LT05_012031_19920711,0.12089749999999999,0.145235,0.14705000000000001,0.16973749999999999,301.14974228
42,28,8,LT05_012031_19920711,0.11652499999999999,0.140835,0.1435575,0.1614875,300.81477631999996
1,13,0,LT05_012031_19921202,0.1101725,0.12009999999999998,0.10632249999999999,0.09059250000000002,279.8247155
2,14,0,LT05_012031_19921202,0.09994249999999999,0.10984250000000001,0.09050999999999998,0.08182,279.8247155
5,15,1,LT05_012031_19921202,0.10503000000000001,0.10984250000000001,0.0984025,0.09936499999999998,280.39210682
1,13,0,LT05_012031_19921218,0.061524999999999996,0.05888500000000002,0.05957249999999997,0.04983750000000001,277.88669816000004
2,14,0,LT05_012031_19921218,0.05154249999999999,0.05888500000000002,0.05179,0.04983750000000001,277.88669816000004
3,14,1,LT05_012031_19921218,0.061524999999999996,0.0689225,0.05957249999999997,0.058499999999999996,277.3295609
4,15,0,LT05_012031_19921218,0.061524999999999996,0.0689225,0.05957249999999997,0.058499999999999996,277.88669816000004
5,15,1,LT05_012031_19921218,0.06650250000000002,0.05888500000000002,0.05957249999999997,0.058499999999999996,279.36670082
6,16,0,LT05_012031_19921218,0.061524999999999996,0.07898749999999999,0.06732749999999998,0.06721749999999999,279.36670082
7,16,1,LT05_012031_19921218,0.0715075,0.0689225,0.05957249999999997,0.058499999999999996,279.36670082
8,16,2,LT05_012031_19921218,0.0715075,0.0689225,0.06732749999999998,0.058499999999999996,277.88669816000004
10,17,1,LT05_012031_19921218,0.0715075,0.07898749999999999,0.07511000000000001,0.058499999999999996,278.44383542
11,17,2,LT05_012031_19921218,0.0715075,0.07898749999999999,0.06732749999999998,0.058499999999999996,278.44383542
12,18,1,LT05_012031_19921218,0.0715075,0.08902500000000002,0.08289249999999998,0.07588,278.44383542
13,18,2,LT05_012031_19921218,0.06650250000000002,0.0689225,0.05179,0.058499999999999996,278.44383542
14,18,3,LT05_012031_19921218,0.061524999999999996,0.05888500000000002,0.06732749999999998,0.058499999999999996,278.44383542
15,19,1,LT05_012031_19921218,0.0715075,0.07898749999999999,0.07511000000000001,0.06721749999999999,279.9272561
16,19,2,LT05_012031_19921218,0.07645750000000001,0.07898749999999999,0.07511000000000001,0.07588,279.9272561
17,19,3,LT05_012031_19921218,0.06650250000000002,0.0689225,0.06732749999999998,0.06721749999999999,279.28125032
18,20,2,LT05_012031_19921218,0.0864125,0.0990625,0.0984025,0.09320499999999998,279.36670082
19,20,3,LT05_012031_19921218,0.0715075,0.07898749999999999,0.06732749999999998,0.06721749999999999,279.28125032
20,20,4,LT05_012031_19921218,0.0715075,0.0689225,0.06732749999999998,0.06721749999999999,277.3295609
21,21,2,LT05_012031_19921218,0.09141749999999998,0.09911750000000003,0.11399500000000001,0.1192475,278.64208057999997
22,21,3,LT05_012031_19921218,0.0715075,0.07898749999999999,0.07511000000000001,0.06721749999999999,278.42674532
23,21,4,LT05_012031_19921218,0.061524999999999996,0.05888500000000002,0.05957249999999997,0.04983750000000001,277.3295609
26,22,4,LT05_012031_19921218,0.066585,0.05891249999999998,0.0751925,0.067245,276.76900562000003
27,22,5,LT05_012031_19921218,0.05654749999999997,0.0689225,0.05957249999999997,0.058499999999999996,276.76900562000003
29,23,4,LT05_012031_19921218,0.066585,0.07904250000000002,0.08292,0.07590750000000002,277.859354
30,23,5,LT05_012031_19921218,0.066585,0.07904250000000002,0.0751925,0.07590750000000002,277.859354
34,24,6,LT05_012031_19921218,0.066585,0.07904250000000002,0.0751925,0.07590750000000002,278.42674532
1,13,0,LT05_012031_19930103,0.18414750000000002,0.19044499999999998,0.20051000000000002,0.200895,265.18191781999997
2,14,0,LT05_012031_19930103,0.18414750000000002,0.19044499999999998,0.19269999999999998,0.200895,265.44168734
3,14,1,LT05_012031_19930103,0.17925249999999998,0.19044499999999998,0.20051000000000002,0.200895,265.44168734
4,15,0,LT05_012031_19930103,0.18414750000000002,0.19044499999999998,0.18494500000000003,0.200895,266.0842751
5,15,1,LT05_012031_19930103,0.16946250000000002,0.19044499999999998,0.19269999999999998,0.200895,266.0842751
6,16,0,LT05_012031_19930103,0.174385,0.180435,0.18494500000000003,0.200895,266.0842751
8,16,2,LT05_012031_19930103,0.17922500000000002,0.180435,0.1771625,0.200895,266.00907866
11,17,2,LT05_012031_19930103,0.17922500000000002,0.19044499999999998,0.19269999999999998,0.200895,266.00907866
12,18,1,LT05_012031_19930103,0.1743575,0.19044499999999998,0.18494500000000003,0.19209500000000002,265.44168734
13,18,2,LT05_012031_19930103,0.17922500000000002,0.19044499999999998,0.20051000000000002,0.200895,265.36649090000003
14,18,3,LT05_012031_19930103,0.17922500000000002,0.19044499999999998,0.20051000000000002,0.200895,265.36649090000003
15,19,1,LT05_012031_19930103,0.17925249999999998,0.180435,0.19269999999999998,0.200895,265.44168734
16,19,2,LT05_012031_19930103,0.17922500000000002,0.19044499999999998,0.19269999999999998,0.200895,265.44168734
17,19,3,LT05_012031_19930103,0.18414750000000002,0.19044499999999998,0.19269999999999998,0.200895,265.36649090000003
19,20,3,LT05_012031_19930103,0.18898750000000003,0.19044499999999998,0.19269999999999998,0.200895,265.36649090000003
20,20,4,LT05_012031_19930103,0.18898750000000003,0.19044499999999998,0.2082925,0.20969500000000002,265.36649090000003
21,21,2,LT05_012031_19930103,0.18414750000000002,0.200455,0.20051000000000002,0.20969500000000002,264.6487067
22,21,3,LT05_012031_19930103,0.1938825,0.200455,0.21602,0.20969500000000002,264.45387956
23,21,4,LT05_012031_19930103,0.2132425,0.210465,0.2082925,0.218495,264.45387956
25,22,3,LT05_012031_19930103,0.19872250000000002,0.210465,0.22380250000000002,0.22729500000000002,264.45387956
26,22,4,LT05_012031_19930103,0.20356249999999998,0.210465,0.21602,0.22729500000000002,264.45387956
27,22,5,LT05_012031_19930103,0.1938825,0.210465,0.2082925,0.218495,264.45387956
28,23,3,LT05_012031_19930103,0.20843,0.22044750000000002,0.22380250000000002,0.22729500000000002,264.45387956
29,23,4,LT05_012031_19930103,0.20356249999999998,0.210465,0.21602,0.22729500000000002,264.45387956
30,23,5,LT05_012031_19930103,0.1938825,0.210465,0.2082925,0.218495,264.45387956
32,24,4,LT05_012031_19930103,0.20356249999999998,0.210465,0.2082925,0.218495,264.45387956
33,24,5,LT05_012031_19930103,0.1938825,0.200455,0.2082925,0.20969500000000002,264.45387956
34,24,6,LT05_012031_19930103,0.18412,0.19044499999999998,0.20826499999999998,0.218495,264.45387956
35,25,5,LT05_012031_19930103,0.1743575,0.200455,0.19269999999999998,0.20969500000000002,264.75466532
36,25,6,LT05_012031_19930103,0.18412,0.200455,0.21602,0.20969500000000002,264.75466532
37,25,7,LT05_012031_19930103,0.20356249999999998,0.210465,0.21602,0.20969500000000002,264.75466532
38,26,6,LT05_012031_19930103,0.19872250000000002,0.200455,0.19269999999999998,0.20969500000000002,264.75466532
39,26,7,LT05_012031_19930103,0.1938825,0.210465,0.20826499999999998,0.218495,264.75466532
40,27,7,LT05_012031_19930103,0.18898750000000003,0.200455,0.2004825,0.20969500000000002,265.4006711
41,27,8,LT05_012031_19930103,0.18898750000000003,0.2104375,0.20826499999999998,0.218495,265.34256476
42,28,8,LT05_012031_19930103,0.18898750000000003,0.200455,0.2004825,0.20969500000000002,265.041779
1,13,0,LT05_012031_19930204,0.10274749999999999,0.10428749999999998,0.0926825,0.0844875,270.8011427
16,19,2,LT05_012031_19930204,0.1435575,0.1548875,0.15772000000000003,0.16982000000000003,272.22645704
18,20,2,LT05_012031_19930204,0.139515,0.1548875,0.1641825,0.16275250000000002,271.64197562
21,21,2,LT05_012031_19930204,0.16377000000000003,0.17160750000000002,0.177135,0.1910775,271.48816472
23,21,4,LT05_012031_19930204,0.1069,0.11281249999999998,0.11226249999999999,0.10588249999999999,270.8011427
1,13,0,LT05_012031_19930220,0.11869750000000001,0.12062250000000002,0.11704750000000003,0.10538750000000002,270.79772468
4,15,0,LT05_012031_19930220,0.12210749999999998,0.12062250000000002,0.11704750000000003,0.10538750000000002,270.79772468
21,21,2,LT05_012031_19930220,0.1559875,0.16904999999999998,0.17125,0.183185,272.07606416
1,13,0,LT05_012031_19930425,0.06050749999999999,0.07054500000000002,0.06694250000000002,0.07348749999999998,300.35334362000003
2,14,0,LT05_012031_19930425,0.07546750000000002,0.0922425,0.091115,0.10192250000000003,301.26937297999996
3,14,1,LT05_012031_19930425,0.07761249999999997,0.09653250000000002,0.10492000000000001,0.1140775,301.87436252
4,15,0,LT05_012031_19930425,0.07973000000000002,0.09653250000000002,0.10145500000000002,0.10596499999999998,302.47251602
5,15,1,LT05_012031_19930425,0.06479750000000001,0.07926250000000001,0.07730999999999999,0.08165499999999998,302.47251602
6,16,0,LT05_012031_19930425,0.07332250000000001,0.09653250000000002,0.09799000000000002,0.110035,303.07066952
7,16,1,LT05_012031_19930425,0.06479750000000001,0.07926250000000001,0.07730999999999999,0.08165499999999998,303.07066952
8,16,2,LT05_012031_19930425,0.06268000000000001,0.07491750000000003,0.0773375,0.08973999999999999,302.97496495999997
10,17,1,LT05_012031_19930425,0.06268000000000001,0.07491750000000003,0.073845,0.06944499999999998,303.66198698
11,17,2,LT05_012031_19930425,0.060535000000000005,0.07491750000000003,0.07387250000000001,0.0775575,303.56970044
12,18,1,LT05_012031_19930425,0.06479750000000001,0.07491750000000003,0.07730999999999999,0.08165499999999998,303.07066952
13,18,2,LT05_012031_19930425,0.07123249999999998,0.08792499999999998,0.09455249999999998,0.10192250000000003,302.97496495999997
14,18,3,LT05_012031_19930425,0.07763999999999999,0.09655999999999998,0.09455249999999998,0.10192250000000003,302.97496495999997
15,19,1,LT05_012031_19930425,0.07975749999999998,0.09655999999999998,0.09455249999999998,0.10192250000000003,302.47251602
16,19,2,LT05_012031_19930425,0.08613749999999998,0.109485,0.11861500000000003,0.13431749999999998,303.07066952
17,19,3,LT05_012031_19930425,0.08187499999999998,0.10087750000000001,0.10832999999999998,0.11812,302.38022948
18,20,2,LT05_012031_19930425,0.08399250000000003,0.10087750000000001,0.10492000000000001,0.12219000000000002,302.47251602
19,20,3,LT05_012031_19930425,0.07335000000000003,0.09227000000000002,0.09801749999999998,0.10596499999999998,302.38022948
20,20,4,LT05_012031_19930425,0.08613749999999998,0.10090500000000002,0.10832999999999998,0.1140775,301.78207598
21,21,2,LT05_012031_19930425,0.09249000000000002,0.109485,0.11861500000000003,0.12623250000000003,301.69662547999997
22,21,3,LT05_012031_19930425,0.08613749999999998,0.1052225,0.11176750000000002,0.11812,301.46078209999996
23,21,4,LT05_012031_19930425,0.07337749999999998,0.08792499999999998,0.09114250000000002,0.09383750000000002,301.46078209999996
25,22,3,LT05_012031_19930425,0.09675250000000002,0.12241000000000002,0.13577499999999998,0.146445,301.46078209999996
26,22,4,LT05_012031_19930425,0.08613749999999998,0.109485,0.11864249999999998,0.12623250000000003,301.46078209999996
27,22,5,LT05_012031_19930425,0.08828249999999999,0.10951250000000001,0.11523250000000002,0.13027499999999997,300.8626286
28,23,3,LT05_012031_19930425,0.08828249999999999,0.109485,0.11861500000000003,0.13027499999999997,300.8626286
29,23,4,LT05_012031_19930425,0.09037250000000002,0.11380249999999997,0.1255175,0.13835999999999998,300.8626286
30,23,5,LT05_012031_19930425,0.09037250000000002,0.11382999999999999,0.12208000000000002,0.13835999999999998,300.8626286
32,24,4,LT05_012031_19930425,0.0712875,0.08795249999999999,0.09458,0.10192250000000003,300.8626286
33,24,5,LT05_012031_19930425,0.08190249999999999,0.1052225,0.11179499999999998,0.12623250000000003,300.8626286
34,24,6,LT05_012031_19930425,0.103105,0.13528,0.146005,0.16255999999999998,300.8626286
35,25,5,LT05_012031_19930425,0.073405,0.09229749999999998,0.098045,0.10194999999999999,301.22493871999995
36,25,6,LT05_012031_19930425,0.09039999999999998,0.11814750000000002,0.12208000000000002,0.13835999999999998,301.22493871999995
37,25,7,LT05_012031_19930425,0.10943000000000003,0.13099,0.146005,0.16255999999999998,301.22493871999995
38,26,6,LT05_012031_19930425,0.07555,0.08363500000000001,0.09458,0.10194999999999999,301.82651024
39,26,7,LT05_012031_19930425,0.0904275,0.12669999999999998,0.13577499999999998,0.146445,301.82651024
40,27,7,LT05_012031_19930425,0.07557750000000002,0.096615,0.10148249999999998,0.11006250000000001,302.42466374
41,27,8,LT05_012031_19930425,0.08622000000000002,0.10954000000000003,0.11864249999999998,0.13431749999999998,302.95103882
42,28,8,LT05_012031_19930425,0.07560499999999998,0.096615,0.10494750000000003,0.11814750000000002,302.58531068
1,13,0,LT05_012031_19930511,0.066695,0.07390000000000002,0.07607249999999999,0.08935500000000002,310.4159945
2,14,0,LT05_012031_19930511,0.07684249999999998,0.09466249999999998,0.09920000000000001,0.11275750000000001,311.87548904
3,14,1,LT05_012031_19930511,0.078905,0.10291250000000002,0.10907250000000002,0.12441750000000001,311.87548904
4,15,0,LT05_012031_19930511,0.08294750000000001,0.09050999999999998,0.09260000000000002,0.10887999999999998,313.54690082
5,15,1,LT05_012031_19930511,0.07282749999999999,0.09050999999999998,0.09589999999999999,0.10887999999999998,313.54690082
6,16,0,LT05_012031_19930511,0.07687,0.09466249999999998,0.09589999999999999,0.10887999999999998,314.10062006
7,16,1,LT05_012031_19930511,0.06466,0.07807999999999998,0.07940000000000003,0.08935500000000002,314.10062006
8,16,2,LT05_012031_19930511,0.06061749999999999,0.07392749999999998,0.0761,0.08547749999999998,314.00149748
10,17,1,LT05_012031_19930511,0.056520000000000015,0.06980249999999999,0.06617250000000002,0.073735,313.54690082
11,17,2,LT05_012031_19930511,0.058555000000000024,0.07392749999999998,0.07277250000000002,0.08157249999999999,313.44777824
12,18,1,LT05_012031_19930511,0.06674999999999998,0.08226,0.0761,0.08547749999999998,312.99318158
13,18,2,LT05_012031_19930511,0.072855,0.09469,0.10249999999999998,0.11663499999999999,312.89064098
14,18,3,LT05_012031_19930511,0.0748625,0.09469,0.08929999999999999,0.11275750000000001,312.33350371999995
15,19,1,LT05_012031_19930511,0.08500999999999997,0.10291250000000002,0.10249999999999998,0.12053999999999998,311.87548904
16,19,2,LT05_012031_19930511,0.08905249999999998,0.1111625,0.1255175,0.14383249999999997,311.87548904
17,19,3,LT05_012031_19930511,0.07895999999999997,0.10293999999999998,0.10909999999999997,0.12441750000000001,311.77636645999996
18,20,2,LT05_012031_19930511,0.09309499999999998,0.1111625,0.11894500000000002,0.13605,310.74754243999996
19,20,3,LT05_012031_19930511,0.07689750000000001,0.09878749999999997,0.10249999999999998,0.11275750000000001,311.21239316000003
20,20,4,LT05_012031_19930511,0.08300249999999998,0.10706500000000002,0.11237249999999999,0.13217250000000003,311.21239316000003
21,21,2,LT05_012031_19930511,0.09713749999999999,0.11528749999999999,0.12881749999999997,0.14771,309.99557804
22,21,3,LT05_012031_19930511,0.08096750000000003,0.10293999999999998,0.10582750000000002,0.11663499999999999,310.3134539
23,21,4,LT05_012031_19930511,0.06677749999999999,0.0864125,0.08602749999999998,0.10107,310.3134539
25,22,3,LT05_012031_19930511,0.08905249999999998,0.11528749999999999,0.1255175,0.139955,310.3134539
26,22,4,LT05_012031_19930511,0.091115,0.1111625,0.11567250000000001,0.13605,310.3134539
27,22,5,LT05_012031_19930511,0.08907999999999999,0.1111625,0.1255175,0.139955,309.74606258
28,23,3,LT05_012031_19930511,0.08907999999999999,0.11938500000000002,0.12881749999999997,0.14771,309.74606258
29,23,4,LT05_012031_19930511,0.08300249999999998,0.1111625,0.11567250000000001,0.13605,310.3134539
30,23,5,LT05_012031_19930511,0.08099499999999998,0.1111625,0.10909999999999997,0.14383249999999997,309.74606258
32,24,4,LT05_012031_19930511,0.066805,0.07813500000000001,0.07942749999999998,0.10494750000000003,310.3134539
33,24,5,LT05_012031_19930511,0.07898749999999999,0.10709249999999998,0.11237249999999999,0.14383249999999997,309.74606258
34,24,6,LT05_012031_19930511,0.09719250000000001,0.13990000000000002,0.14517999999999998,0.17864750000000001,309.74606258
35,25,5,LT05_012031_19930511,0.07084750000000001,0.09471750000000001,0.0959275,0.1166625,311.26024544
36,25,6,LT05_012031_19930511,0.0951575,0.12760749999999998,0.138635,0.15931499999999998,311.26024544
37,25,7,LT05_012031_19930511,0.103215,0.1358025,0.15169749999999999,0.16704249999999998,311.26024544
38,26,6,LT05_012031_19930511,0.0810225,0.09881499999999999,0.1025275,0.12053999999999998,312.381356
39,26,7,LT05_012031_19930511,0.09315000000000001,0.127635,0.14188,0.15931499999999998,312.381356
40,27,7,LT05_012031_19930511,0.07697999999999999,0.09471750000000001,0.10582750000000002,0.12441750000000001,313.49563051999996
41,27,8,LT05_012031_19930511,0.07904250000000002,0.115315,0.12224499999999999,0.14383249999999997,313.41701606000004
42,28,8,LT05_012031_19930511,0.06886750000000003,0.0988425,0.10585499999999998,0.12441750000000001,313.02736178
1,13,0,LT05_012031_19930612,0.06542999999999999,0.073075,0.0841575,0.10783500000000001,305.08730132
2,14,0,LT05_012031_19930612,0.07697999999999999,0.08421250000000002,0.09942000000000001,0.1227125,305.41543124
3,14,1,LT05_012031_19930612,0.07697999999999999,0.09163749999999998,0.10247250000000002,0.126425,305.41543124
4,15,0,LT05_012031_19930612,0.07505499999999998,0.08050000000000002,0.08723750000000002,0.1227125,305.94522434
5,15,1,LT05_012031_19930612,0.07120500000000002,0.08421250000000002,0.09028999999999998,0.119,305.94522434
6,16,0,LT05_012031_19930612,0.07123249999999998,0.08423999999999998,0.0933425,0.119,305.94522434
7,16,1,LT05_012031_19930612,0.0596275,0.06933499999999998,0.0719475,0.09664250000000002,305.94522434
8,16,2,LT05_012031_19930612,0.0537975,0.06562249999999997,0.06889499999999998,0.08918999999999999,305.84951978000004
10,17,1,LT05_012031_19930612,0.057730000000000004,0.06188250000000001,0.06273499999999999,0.08173750000000002,305.94522434
11,17,2,LT05_012031_19930612,0.0596275,0.06562249999999997,0.06889499999999998,0.08545000000000003,306.37931288
12,18,1,LT05_012031_19930612,0.07123249999999998,0.073075,0.07807999999999998,0.09664250000000002,305.94522434
13,18,2,LT05_012031_19930612,0.07120500000000002,0.08050000000000002,0.09331499999999998,0.126425,306.37931288
14,18,3,LT05_012031_19930612,0.0750825,0.08423999999999998,0.09028999999999998,0.126425,306.37931288
15,19,1,LT05_012031_19930612,0.0770075,0.09163749999999998,0.09639500000000001,0.1227125,305.94522434
16,19,2,LT05_012031_19930612,0.0770075,0.09163749999999998,0.10552499999999998,0.13756249999999998,306.47501744
17,19,3,LT05_012031_19930612,0.0750825,0.08423999999999998,0.0963675,0.126425,306.37931288
18,20,2,LT05_012031_19930612,0.07893250000000002,0.09163749999999998,0.10247250000000002,0.126425,306.47501744
19,20,3,LT05_012031_19930612,0.073185,0.08423999999999998,0.0933425,0.119,306.37931288
20,20,4,LT05_012031_19930612,0.07893250000000002,0.09903499999999998,0.1146275,0.13385000000000002,305.84951978000004
21,21,2,LT05_012031_19930612,0.09427750000000001,0.10646,0.120705,0.1524125,305.76065126000003
22,21,3,LT05_012031_19930612,0.0866325,0.09534999999999999,0.1085775,0.13385000000000002,305.51455382
23,21,4,LT05_012031_19930612,0.06928000000000001,0.08423999999999998,0.09331499999999998,0.11528749999999999,305.51455382
25,22,3,LT05_012031_19930612,0.10002499999999998,0.1101725,0.12983499999999998,0.15981,305.51455382
26,22,4,LT05_012031_19930612,0.08470749999999999,0.10274749999999999,0.114655,0.14127499999999998,304.98476072
27,22,5,LT05_012031_19930612,0.09045500000000001,0.11011749999999998,0.12375750000000002,0.152385,304.45496762
28,23,3,LT05_012031_19930612,0.08470749999999999,0.09909000000000001,0.11163000000000001,0.1449875,304.98476072
29,23,4,LT05_012031_19930612,0.08470749999999999,0.10274749999999999,0.114655,0.1487,304.98476072
30,23,5,LT05_012031_19930612,0.0866325,0.09909000000000001,0.114655,0.156125,304.45496762
32,24,4,LT05_012031_19930612,0.06353249999999999,0.07681500000000002,0.08418500000000001,0.10783500000000001,304.98817873999997
33,24,5,LT05_012031_19930612,0.0770075,0.08423999999999998,0.0933425,0.13013750000000002,304.45496762
34,24,6,LT05_012031_19930612,0.10382000000000002,0.12485750000000001,0.13890999999999998,0.181975,303.9217565
35,25,5,LT05_012031_19930612,0.0654575,0.073075,0.08418500000000001,0.10783500000000001,305.36757896
36,25,6,LT05_012031_19930612,0.08470749999999999,0.10274749999999999,0.120705,0.1449875,304.83436784
37,25,7,LT05_012031_19930612,0.10382000000000002,0.1285425,0.14795750000000002,0.1745775,304.83436784
38,26,6,LT05_012031_19930612,0.0654575,0.08055499999999999,0.09028999999999998,0.11154750000000002,305.36757896
39,26,7,LT05_012031_19930612,0.08855750000000001,0.11382999999999999,0.12073250000000002,0.15981,305.36757896
40,27,7,LT05_012031_19930612,0.07125999999999999,0.08423999999999998,0.09639500000000001,0.1227125,305.36757896
41,27,8,LT05_012031_19930612,0.08467999999999998,0.09903499999999998,0.1116025,0.14495999999999998,305.82217562
42,28,8,LT05_012031_19930612,0.07125999999999999,0.08423999999999998,0.10247250000000002,0.13013750000000002,305.96915048
1,13,0,LT05_012031_19930714,0.05071749999999997,0.059709999999999985,0.07092999999999999,0.08613749999999998,318.6876029
2,14,0,LT05_012031_19930714,0.07244250000000002,0.08814499999999997,0.10005249999999999,0.11680000000000001,320.09582714
3,14,1,LT05_012031_19930714,0.06650250000000002,0.0962575,0.10651500000000003,0.12447249999999999,320.09582714
4,15,0,LT05_012031_19930714,0.06851000000000002,0.08410250000000002,0.08388250000000003,0.09766000000000002,320.6187842
5,15,1,LT05_012031_19930714,0.05863750000000001,0.08410250000000002,0.09037250000000002,0.11297750000000001,320.6187842
6,16,0,LT05_012031_19930714,0.06452249999999998,0.09218749999999998,0.09037250000000002,0.1053325,321.14174126
7,16,1,LT05_012031_19930714,0.04873749999999999,0.07189250000000003,0.07417499999999999,0.08613749999999998,321.14174126
8,16,2,LT05_012031_19930714,0.04274249999999999,0.05968249999999997,0.061195,0.0784375,321.03578264
10,17,1,LT05_012031_19930714,0.04274249999999999,0.05564000000000002,0.05795,0.06694250000000002,321.14174126
11,17,2,LT05_012031_19930714,0.04076250000000001,0.05968249999999997,0.061195,0.07079249999999998,321.03578264
12,18,1,LT05_012031_19930714,0.058609999999999995,0.07189250000000003,0.07090249999999998,0.08613749999999998,320.6187842
13,18,2,LT05_012031_19930714,0.06452249999999998,0.08814499999999997,0.09359,0.10912749999999999,321.03578264
14,18,3,LT05_012031_19930714,0.06058999999999998,0.0800325,0.08063749999999997,0.1053325,320.51282558
15,19,1,LT05_012031_19930714,0.08028000000000002,0.1043425,0.10329749999999999,0.12062250000000002,320.6187842
16,19,2,LT05_012031_19930714,0.08418500000000001,0.1083575,0.11941249999999998,0.1435575,320.6187842
17,19,3,LT05_012031_19930714,0.06452249999999998,0.08410250000000002,0.09037250000000002,0.11680000000000001,320.51282558
18,20,2,LT05_012031_19930714,0.08418500000000001,0.1043425,0.12263000000000002,0.139735,320.09582714
19,20,3,LT05_012031_19930714,0.066475,0.08814499999999997,0.09680749999999999,0.11297750000000001,319.98986851999996
20,20,4,LT05_012031_19930714,0.066475,0.0962575,0.10005249999999999,0.11680000000000001,319.98986851999996
21,21,2,LT05_012031_19930714,0.09790749999999998,0.12042999999999998,0.132255,0.14738,319.36778888000003
22,21,3,LT05_012031_19930714,0.07241500000000001,0.10027249999999999,0.10973250000000001,0.12062250000000002,319.10118332
23,21,4,LT05_012031_19930714,0.0566025,0.07596249999999999,0.08063749999999997,0.09381,319.10118332
25,22,3,LT05_012031_19930714,0.08811750000000002,0.12447249999999999,0.12903750000000003,0.15120250000000002,318.57480824
26,22,4,LT05_012031_19930714,0.066475,0.09216000000000002,0.10329749999999999,0.11680000000000001,318.57480824
27,22,5,LT05_012031_19930714,0.07436749999999998,0.1083575,0.11616749999999998,0.1321175,318.57480824
28,23,3,LT05_012031_19930714,0.09202250000000001,0.12042999999999998,0.1355,0.14738,318.57480824
29,23,4,LT05_012031_19930714,0.0783275,0.10431499999999999,0.11941249999999998,0.1435575,318.57480824
30,23,5,LT05_012031_19930714,0.0783275,0.1083575,0.11616749999999998,0.15120250000000002,318.57480824
32,24,4,LT05_012031_19930714,0.0625425,0.08000499999999999,0.09037250000000002,0.1053325,318.57480824
33,24,5,LT05_012031_19930714,0.07436749999999998,0.10431499999999999,0.11616749999999998,0.1435575,318.57480824
34,24,6,LT05_012031_19930714,0.09595500000000001,0.1365175,0.15472249999999999,0.18167250000000001,319.10118332
35,25,5,LT05_012031_19930714,0.06251499999999999,0.09216000000000002,0.09680749999999999,0.11297750000000001,319.51476374000003
36,25,6,LT05_012031_19930714,0.09006999999999998,0.12447249999999999,0.1355,0.15884749999999997,320.0377208
37,25,7,LT05_012031_19930714,0.09595500000000001,0.140505,0.15153250000000001,0.17026000000000002,320.0377208
38,26,6,LT05_012031_19930714,0.06449500000000002,0.09216000000000002,0.09680749999999999,0.11297750000000001,320.56409587999997
39,26,7,LT05_012031_19930714,0.09006999999999998,0.13250250000000002,0.15153250000000001,0.16643750000000002,320.56409587999997
40,27,7,LT05_012031_19930714,0.06644749999999999,0.09622999999999998,0.10002499999999998,0.12062250000000002,321.08363492
41,27,8,LT05_012031_19930714,0.07434000000000002,0.1083575,0.11616749999999998,0.13594,321.00502045999997
42,28,8,LT05_012031_19930714,0.06644749999999999,0.09622999999999998,0.10651500000000003,0.128295,320.58802202
1,13,0,LT05_012031_19930815,0.04904,0.06314750000000002,0.06831749999999998,0.07618249999999999,311.68749793999996
2,14,0,LT05_012031_19930815,0.053495000000000015,0.07213999999999998,0.07904250000000002,0.08894249999999998,313.34181962
3,14,1,LT05_012031_19930815,0.062350000000000017,0.07662249999999998,0.08259,0.10167500000000002,313.34181962
4,15,0,LT05_012031_19930815,0.062350000000000017,0.08110499999999998,0.07904250000000002,0.09741250000000001,314.00491550000004
5,15,1,LT05_012031_19930815,0.06014999999999998,0.07662249999999998,0.079015,0.09741250000000001,314.66117534
6,16,0,LT05_012031_19930815,0.06455,0.08558749999999998,0.08613749999999998,0.10167500000000002,314.66117534
7,16,1,LT05_012031_19930815,0.05126750000000002,0.06765749999999998,0.06477,0.08041749999999998,314.66117534
8,16,2,LT05_012031_19930815,0.05126750000000002,0.05866500000000002,0.06477,0.07618249999999999,314.56547078
10,17,1,LT05_012031_19930815,0.05126750000000002,0.05866500000000002,0.05404500000000001,0.06765749999999998,314.66459336
11,17,2,LT05_012031_19930815,0.053495000000000015,0.06314750000000002,0.06477,0.07191999999999998,314.56547078
12,18,1,LT05_012031_19930815,0.06014999999999998,0.06765749999999998,0.06831749999999998,0.08041749999999998,314.00491550000004
13,18,2,LT05_012031_19930815,0.062350000000000017,0.07662249999999998,0.08613749999999998,0.10588249999999999,314.56547078
14,18,3,LT05_012031_19930815,0.06014999999999998,0.08110499999999998,0.079015,0.10167500000000002,313.90921094
15,19,1,LT05_012031_19930815,0.06674999999999998,0.08110499999999998,0.07904250000000002,0.10167500000000002,313.34523764
16,19,2,LT05_012031_19930815,0.06895000000000001,0.08558749999999998,0.09328750000000002,0.11861500000000003,314.00491550000004
17,19,3,LT05_012031_19930815,0.06895000000000001,0.09004250000000003,0.09328750000000002,0.11437999999999998,313.90921094
18,20,2,LT05_012031_19930815,0.06895000000000001,0.08558749999999998,0.08971249999999997,0.11014499999999999,313.34523764
19,20,3,LT05_012031_19930815,0.06014999999999998,0.08110499999999998,0.079015,0.09741250000000001,313.24953308
20,20,4,LT05_012031_19930815,0.07114999999999999,0.09452500000000003,0.09680749999999999,0.11014499999999999,313.24953308
21,21,2,LT05_012031_19930815,0.07557750000000002,0.09898000000000001,0.11102499999999998,0.127085,313.16066456
22,21,3,LT05_012031_19930815,0.06452249999999998,0.08110499999999998,0.08613749999999998,0.10167500000000002,312.91798514
23,21,4,LT05_012031_19930815,0.055694999999999995,0.07662249999999998,0.07544000000000001,0.08894249999999998,312.25488926
25,22,3,LT05_012031_19930815,0.07774999999999999,0.09898000000000001,0.11102499999999998,0.13552750000000002,312.91798514
26,22,4,LT05_012031_19930815,0.07557750000000002,0.09452500000000003,0.10395749999999998,0.127085,312.91798514
27,22,5,LT05_012031_19930815,0.06674999999999998,0.09004250000000003,0.10038249999999999,0.11437999999999998,311.59179338
28,23,3,LT05_012031_19930815,0.08434999999999998,0.103435,0.11457250000000002,0.14397,312.91798514
29,23,4,LT05_012031_19930815,0.07557750000000002,0.09898000000000001,0.1074775,0.13129249999999998,312.91798514
30,23,5,LT05_012031_19930815,0.07774999999999999,0.103435,0.1074775,0.13552750000000002,311.59179338
32,24,4,LT05_012031_19930815,0.05126750000000002,0.07213999999999998,0.07544000000000001,0.09741250000000001,312.25488926
33,24,5,LT05_012031_19930815,0.07337749999999998,0.09898000000000001,0.10395749999999998,0.1397625,312.25488926
34,24,6,LT05_012031_19930815,0.08655000000000002,0.12119999999999997,0.12870749999999997,0.15661999999999998,312.25488926
35,25,5,LT05_012031_19930815,0.05792249999999999,0.07662249999999998,0.07544000000000001,0.09741250000000001,313.29396734
36,25,6,LT05_012031_19930815,0.08215,0.11231750000000001,0.12521500000000002,0.14820499999999998,313.29396734
37,25,7,LT05_012031_19930815,0.0952675,0.13005499999999998,0.14639000000000002,0.1650625,312.63087146
38,26,6,LT05_012031_19930815,0.062350000000000017,0.08110499999999998,0.08613749999999998,0.11014499999999999,313.95706322
39,26,7,LT05_012031_19930815,0.08872249999999998,0.1256275,0.1358025,0.1608275,313.29396734
40,27,7,LT05_012031_19930815,0.06674999999999998,0.09004250000000003,0.10038249999999999,0.12285000000000001,313.95706322
41,27,8,LT05_012031_19930815,0.08215,0.103435,0.11102499999999998,0.13552750000000002,313.88186678
42,28,8,LT05_012031_19930815,0.07114999999999999,0.08558749999999998,0.09680749999999999,0.11437999999999998,314.1587264
1,13,0,LT05_012031_19930831,0.08847500000000003,0.09653250000000002,0.08644000000000002,0.10035499999999997,308.6386241
2,14,0,LT05_012031_19930831,0.08844750000000001,0.09653250000000002,0.091335,0.11157499999999998,311.01072998
3,14,1,LT05_012031_19930831,0.08844750000000001,0.10291250000000002,0.09622999999999998,0.12276749999999997,311.01072998
4,15,0,LT05_012031_19930831,0.08844750000000001,0.102885,0.09622999999999998,0.12276749999999997,311.78662052
5,15,1,LT05_012031_19930831,0.07851999999999998,0.09006999999999998,0.0864125,0.11157499999999998,311.79003853999995
6,16,0,LT05_012031_19930831,0.08514749999999999,0.10929250000000001,0.09622999999999998,0.12276749999999997,311.79003853999995
7,16,1,LT05_012031_19930831,0.08182,0.102885,0.08149,0.10599249999999999,312.56251106
8,16,2,LT05_012031_19930831,0.07849250000000002,0.09006999999999998,0.0864125,0.10596499999999998,312.47022452
10,17,1,LT05_012031_19930831,0.08511999999999997,0.09650500000000001,0.0864125,0.10032750000000001,312.56251106
11,17,2,LT05_012031_19930831,0.08511999999999997,0.09006999999999998,0.07656750000000001,0.10032750000000001,312.47022452
12,18,1,LT05_012031_19930831,0.09172000000000002,0.09006999999999998,0.0864125,0.10596499999999998,311.79003853999995
13,18,2,LT05_012031_19930831,0.08179249999999999,0.09004250000000003,0.0864125,0.10596499999999998,311.69775200000004
14,18,3,LT05_012031_19930831,0.08509250000000002,0.09650500000000001,0.09620250000000002,0.11715750000000003,311.69775200000004
15,19,1,LT05_012031_19930831,0.08184750000000002,0.09653250000000002,0.09136250000000001,0.11718499999999998,311.01072998
16,19,2,LT05_012031_19930831,0.1015375,0.109265,0.11091499999999999,0.14504250000000002,311.79003853999995
17,19,3,LT05_012031_19930831,0.09169250000000001,0.109265,0.10604750000000002,0.1283225,311.69775200000004
18,20,2,LT05_012031_19930831,0.10156500000000002,0.11567250000000001,0.11097000000000001,0.139515,311.01072998
19,20,3,LT05_012031_19930831,0.09169250000000001,0.10285749999999999,0.10115249999999998,0.12276749999999997,310.91844344000003
20,20,4,LT05_012031_19930831,0.09493750000000001,0.109265,0.11091499999999999,0.1394875,310.91844344000003
21,21,2,LT05_012031_19930831,0.09499249999999998,0.11567250000000001,0.10602,0.14506999999999998,310.83641095999997
22,21,3,LT05_012031_19930831,0.08842,0.10931999999999997,0.10112500000000002,0.12837749999999998,310.60056757999996
23,21,4,LT05_012031_19930831,0.08836500000000003,0.10285749999999999,0.09620250000000002,0.12276749999999997,310.60056757999996
25,22,3,LT05_012031_19930831,0.09826499999999999,0.12835000000000002,0.1206775,0.15617999999999999,310.60056757999996
26,22,4,LT05_012031_19930831,0.091665,0.102885,0.10112500000000002,0.12276749999999997,309.82125901999996
27,22,5,LT05_012031_19930831,0.091665,0.10282999999999998,0.10602,0.12276749999999997,309.03853244
28,23,3,LT05_012031_19930831,0.09826499999999999,0.115645,0.1109425,0.150625,309.82125901999996
29,23,4,LT05_012031_19930831,0.09496500000000002,0.115645,0.1109425,0.14506999999999998,309.82125901999996
30,23,5,LT05_012031_19930831,0.09493750000000001,0.10929250000000001,0.1109425,0.150625,309.03853244
32,24,4,LT05_012031_19930831,0.08509250000000002,0.10285749999999999,0.09620250000000002,0.11715750000000003,309.03853244
33,24,5,LT05_012031_19930831,0.09163749999999998,0.10929250000000001,0.10599249999999999,0.14506999999999998,309.03853244
34,24,6,LT05_012031_19930831,0.10805500000000001,0.1283225,0.12554500000000002,0.17279,309.03853244
35,25,5,LT05_012031_19930831,0.08836500000000003,0.10285749999999999,0.09620250000000002,0.12274000000000002,309.39400652
36,25,6,LT05_012031_19930831,0.10475499999999999,0.12199749999999998,0.1255175,0.15617999999999999,309.39400652
37,25,7,LT05_012031_19930831,0.0981825,0.1283225,0.13528,0.1617075,309.39400652
38,26,6,LT05_012031_19930831,0.09488249999999998,0.109265,0.1010975,0.12835000000000002,309.39400652
39,26,7,LT05_012031_19930831,0.0981825,0.12199749999999998,0.1255175,0.16723500000000002,309.39400652
40,27,7,LT05_012031_19930831,0.08168249999999999,0.10282999999999998,0.10596499999999998,0.12835000000000002,310.18356914000003
41,27,8,LT05_012031_19930831,0.09485500000000002,0.10923749999999999,0.10596499999999998,0.14506999999999998,310.11179072
42,28,8,LT05_012031_19930831,0.09152749999999998,0.10920999999999997,0.10107,0.133905,309.75289862
1,13,0,LT05_012031_19931002,0.05674000000000001,0.056574999999999986,0.05165249999999999,0.049892500000000006,297.70779614
2,14,0,LT05_012031_19931002,0.059599999999999986,0.062350000000000017,0.05619000000000002,0.06570500000000001,298.62040748
3,14,1,LT05_012031_19931002,0.06526500000000002,0.08520250000000001,0.08773249999999999,0.09196749999999998,298.62040748
4,15,0,LT05_012031_19931002,0.0624325,0.062350000000000017,0.05619000000000002,0.06570500000000001,299.22539702
5,15,1,LT05_012031_19931002,0.059599999999999986,0.07376250000000001,0.07423000000000002,0.0814625,299.22539702
6,16,0,LT05_012031_19931002,0.07376250000000001,0.07951000000000003,0.08322249999999998,0.08671499999999999,299.82355052
7,16,1,LT05_012031_19931002,0.0624325,0.06807000000000002,0.06067250000000002,0.06570500000000001,299.82696854
8,16,2,LT05_012031_19931002,0.05674000000000001,0.06807000000000002,0.06067250000000002,0.06570500000000001,299.13311048
10,17,1,LT05_012031_19931002,0.05393500000000001,0.06807000000000002,0.05619000000000002,0.060425000000000006,299.82355052
11,17,2,LT05_012031_19931002,0.059599999999999986,0.062350000000000017,0.06067250000000002,0.06570500000000001,299.734682
12,18,1,LT05_012031_19931002,0.059599999999999986,0.062350000000000017,0.06067250000000002,0.06570500000000001,299.82355052
13,18,2,LT05_012031_19931002,0.07092999999999999,0.07376250000000001,0.07873999999999998,0.08671499999999999,299.734682
14,18,3,LT05_012031_19931002,0.07376250000000001,0.07951000000000003,0.07873999999999998,0.08671499999999999,299.13311048
15,19,1,LT05_012031_19931002,0.07654,0.090895,0.08322249999999998,0.09721999999999997,299.82355052
16,19,2,LT05_012031_19931002,0.08500999999999997,0.09658749999999999,0.10569,0.11292249999999998,299.22539702
17,19,3,LT05_012031_19931002,0.07937250000000001,0.090895,0.096725,0.1076975,299.13311048
18,20,2,LT05_012031_19931002,0.09342499999999998,0.1023075,0.11913750000000001,0.12340000000000001,299.22539702
19,20,3,LT05_012031_19931002,0.07654,0.07951000000000003,0.08322249999999998,0.0814625,299.13311048
20,20,4,LT05_012031_19931002,0.08217750000000001,0.1023075,0.10569,0.11292249999999998,299.13311048
21,21,2,LT05_012031_19931002,0.10739500000000002,0.12496750000000001,0.12804749999999998,0.14429999999999998,298.44608846
22,21,3,LT05_012031_19931002,0.07376250000000001,0.090895,0.08773249999999999,0.08671499999999999,298.21708112
23,21,4,LT05_012031_19931002,0.059599999999999986,0.062350000000000017,0.05619000000000002,0.060425000000000006,298.81865264
25,22,3,LT05_012031_19931002,0.09061999999999998,0.10797250000000003,0.1101725,0.12340000000000001,298.21708112
26,22,4,LT05_012031_19931002,0.07654,0.090895,0.10123500000000002,0.10247250000000002,298.21708112
27,22,5,LT05_012031_19931002,0.07092999999999999,0.07951000000000003,0.08322249999999998,0.08671499999999999,298.21708112
28,23,3,LT05_012031_19931002,0.09061999999999998,0.10797250000000003,0.1146275,0.128625,298.21708112
29,23,4,LT05_012031_19931002,0.08781499999999998,0.1023075,0.1101725,0.12340000000000001,298.21708112
30,23,5,LT05_012031_19931002,0.08781499999999998,0.1023075,0.11913750000000001,0.13385000000000002,298.21708112
32,24,4,LT05_012031_19931002,0.06529249999999998,0.06809749999999998,0.07425749999999998,0.08149,298.21708112
33,24,5,LT05_012031_19931002,0.07654,0.1023075,0.1101725,0.128625,298.21708112
34,24,6,LT05_012031_19931002,0.10181249999999997,0.11927500000000002,0.12804749999999998,0.14429999999999998,298.21708112
35,25,5,LT05_012031_19931002,0.0709575,0.07951000000000003,0.07425749999999998,0.0867425,298.5725552
36,25,6,LT05_012031_19931002,0.09061999999999998,0.1023075,0.1101725,0.12340000000000001,298.5725552
37,25,7,LT05_012031_19931002,0.08781499999999998,0.11360999999999999,0.12356499999999998,0.13385000000000002,297.96756566
38,26,6,LT05_012031_19931002,0.07379000000000002,0.09094999999999998,0.08778750000000002,0.09724749999999999,298.5725552
39,26,7,LT05_012031_19931002,0.09909000000000001,0.1193575,0.12364750000000002,0.13387749999999998,298.5725552
40,27,7,LT05_012031_19931002,0.06812499999999999,0.09094999999999998,0.0922425,0.09724749999999999,298.5725552
41,27,8,LT05_012031_19931002,0.090675,0.096615,0.10571750000000002,0.11817499999999997,298.5041948
42,28,8,LT05_012031_19931002,0.07940000000000003,0.09094999999999998,0.09675250000000002,0.1076975,298.75029224
1,13,0,LT05_012031_19940207,0.08223249999999999,0.0754125,0.06356,0.05137750000000002,274.73870174
2,14,0,LT05_012031_19940207,0.08600000000000002,0.0832775,0.07568750000000002,0.05803249999999999,274.17131042
3,14,1,LT05_012031_19940207,0.09342499999999998,0.0989525,0.08173750000000002,0.0713975,275.6205509
4,15,0,LT05_012031_19940207,0.08223249999999999,0.0832775,0.07568750000000002,0.06471500000000002,274.73870174
5,15,1,LT05_012031_19940207,0.09342499999999998,0.091115,0.07568750000000002,0.06471500000000002,274.73870174
6,16,0,LT05_012031_19940207,0.08968500000000001,0.091115,0.08781499999999998,0.0713975,276.7655876
7,16,1,LT05_012031_19940207,0.11193249999999999,0.1223825,0.11196,0.0980725,275.30609305999997
10,17,1,LT05_012031_19940207,0.09713749999999999,0.0989525,0.08781499999999998,0.07807999999999998,275.86664834
11,17,2,LT05_012031_19940207,0.08968500000000001,0.091115,0.08781499999999998,0.0713975,275.86664834
12,18,1,LT05_012031_19940207,0.08600000000000002,0.0832775,0.07568750000000002,0.05803249999999999,277.89695222
13,18,2,LT05_012031_19940207,0.08597250000000001,0.0832775,0.07568750000000002,0.06471500000000002,276.4237856
14,18,3,LT05_012031_19940207,0.07851999999999998,0.0754125,0.06963750000000002,0.05803249999999999,275.86664834
15,19,1,LT05_012031_19940207,0.09713749999999999,0.10676249999999998,0.09383750000000002,0.084735,277.89695222
16,19,2,LT05_012031_19940207,0.09342499999999998,0.0989525,0.09988750000000002,0.0980725,277.33297891999996
17,19,3,LT05_012031_19940207,0.09342499999999998,0.091115,0.08173750000000002,0.07807999999999998,277.25094644
18,20,2,LT05_012031_19940207,0.1082475,0.1223825,0.11801,0.13140249999999998,277.33297891999996
19,20,3,LT05_012031_19940207,0.08597250000000001,0.0832775,0.07568750000000002,0.06471500000000002,276.68355512
20,20,4,LT05_012031_19940207,0.09342499999999998,0.09892499999999999,0.10591,0.09141749999999998,276.11274578
21,21,2,LT05_012031_19940207,0.11932999999999999,0.13016499999999998,0.13002750000000002,0.138085,276.60494066
22,21,3,LT05_012031_19940207,0.08223249999999999,0.091115,0.08173750000000002,0.06471500000000002,274.73870174
23,21,4,LT05_012031_19940207,0.08223249999999999,0.06754749999999998,0.06356,0.0446675,274.17131042
26,22,4,LT05_012031_19940207,0.1045625,0.09892499999999999,0.09986,0.084735,274.17131042
27,22,5,LT05_012031_19940207,0.08968500000000001,0.0832775,0.08173750000000002,0.06471500000000002,274.67717738
32,24,4,LT05_012031_19940207,0.1082475,0.10676249999999998,0.09986,0.0980725,275.82221408
35,25,5,LT05_012031_19940207,0.08597250000000001,0.09892499999999999,0.09381,0.09141749999999998,275.57953466
36,25,6,LT05_012031_19940207,0.08968500000000001,0.0832775,0.06963750000000002,0.06471500000000002,274.17131042
37,25,7,LT05_012031_19940207,0.09710999999999997,0.09892499999999999,0.08781499999999998,0.06471500000000002,274.17131042
38,26,6,LT05_012031_19940207,0.08597250000000001,0.091115,0.08781499999999998,0.07136999999999999,275.57953466
39,26,7,LT05_012031_19940207,0.10082249999999998,0.10676249999999998,0.09986,0.084735,274.73870174
40,27,7,LT05_012031_19940207,0.09710999999999997,0.09892499999999999,0.09381,0.09141749999999998,276.15376202
41,27,8,LT05_012031_19940207,0.10453499999999999,0.09892499999999999,0.09381,0.09141749999999998,276.65962898
42,28,8,LT05_012031_19940207,0.09342499999999998,0.091115,0.08778750000000002,0.07807999999999998,276.32808104000003
1,13,0,LT05_012031_19940428,0.0502225,0.06845499999999999,0.06188250000000001,0.06743749999999998,300.71907176
2,14,0,LT05_012031_19940428,0.05597000000000002,0.08028000000000002,0.0777775,0.08239750000000001,302.04526352
3,14,1,LT05_012031_19940428,0.078905,0.09991499999999998,0.103105,0.11974249999999997,302.04526352
4,15,0,LT05_012031_19940428,0.06171749999999998,0.08028000000000002,0.08410250000000002,0.08984999999999999,303.03307129999996
5,15,1,LT05_012031_19940428,0.057894999999999974,0.07241500000000001,0.07461499999999999,0.08613749999999998,303.03307129999996
6,16,0,LT05_012031_19940428,0.0693625,0.08421250000000002,0.09045500000000001,0.09732999999999997,303.52184816
7,16,1,LT05_012031_19940428,0.04832500000000001,0.06058999999999998,0.058719999999999994,0.067465,304.01404304
8,16,2,LT05_012031_19940428,0.0464,0.06058999999999998,0.06509999999999999,0.0711775,304.40027929999997
10,17,1,LT05_012031_19940428,0.0502225,0.052669999999999995,0.05236750000000001,0.05247750000000001,304.49940188
11,17,2,LT05_012031_19940428,0.05217499999999997,0.0684825,0.06188250000000001,0.06372499999999998,304.88563813999997
12,18,1,LT05_012031_19940428,0.06171749999999998,0.07241500000000001,0.07461499999999999,0.07865749999999999,304.01062502
13,18,2,LT05_012031_19940428,0.06939000000000001,0.08817249999999999,0.09361750000000002,0.1047825,303.91492045999996
14,18,3,LT05_012031_19940428,0.06177250000000001,0.08423999999999998,0.08410250000000002,0.09359,304.40027929999997
15,19,1,LT05_012031_19940428,0.07511000000000001,0.08814499999999997,0.09675250000000002,0.1047825,303.03307129999996
16,19,2,LT05_012031_19940428,0.09221499999999999,0.10777999999999999,0.12208000000000002,0.13464749999999998,303.03307129999996
17,19,3,LT05_012031_19940428,0.07893250000000002,0.09600999999999998,0.10626750000000001,0.11974249999999997,303.4261436
18,20,2,LT05_012031_19940428,0.09411249999999999,0.11168499999999998,0.11889,0.13835999999999998,302.5374584
19,20,3,LT05_012031_19940428,0.06939000000000001,0.08817249999999999,0.09045500000000001,0.09732999999999997,302.93394872
20,20,4,LT05_012031_19940428,0.06941750000000002,0.0842675,0.0872925,0.09359,302.93394872
21,21,2,LT05_012031_19940428,0.09411249999999999,0.11168499999999998,0.12837749999999998,0.13835999999999998,301.85727241999996
22,21,3,LT05_012031_19940428,0.07321250000000001,0.09210499999999999,0.09997,0.1047825,301.61117498
23,21,4,LT05_012031_19940428,0.05795,0.07244250000000002,0.07145249999999997,0.08242500000000003,301.61117498
25,22,3,LT05_012031_19940428,0.09600999999999998,0.11561749999999998,0.12524249999999998,0.13835999999999998,301.61117498
26,22,4,LT05_012031_19940428,0.08465250000000002,0.103875,0.115755,0.12342750000000002,301.61117498
27,22,5,LT05_012031_19940428,0.07706249999999998,0.09210499999999999,0.10313250000000002,0.11226249999999999,301.61117498
28,23,3,LT05_012031_19940428,0.09414,0.11949500000000002,0.12524249999999998,0.1458125,301.11556208
29,23,4,LT05_012031_19940428,0.08275500000000002,0.10777999999999999,0.11891750000000001,0.1309075,301.11556208
30,23,5,LT05_012031_19940428,0.08657749999999997,0.1078075,0.12524249999999998,0.13835999999999998,301.11556208
32,24,4,LT05_012031_19940428,0.056052500000000005,0.06851000000000002,0.07780500000000001,0.08616499999999999,301.11556208
33,24,5,LT05_012031_19940428,0.07516499999999998,0.0960375,0.10626750000000001,0.12342750000000002,301.11556208
34,24,6,LT05_012031_19940428,0.09227000000000002,0.12342750000000002,0.1347025,0.15323750000000003,301.11556208
35,25,5,LT05_012031_19940428,0.059902500000000025,0.07637500000000003,0.07780500000000001,0.09361750000000002,301.49838032
36,25,6,LT05_012031_19940428,0.08847500000000003,0.11561749999999998,0.12524249999999998,0.1420725,301.49838032
37,25,7,LT05_012031_19940428,0.09416750000000002,0.12735999999999997,0.1378375,0.15323750000000003,300.9993494
38,26,6,LT05_012031_19940428,0.06944499999999998,0.0882,0.09048250000000002,0.1047825,301.49838032
39,26,7,LT05_012031_19940428,0.08467999999999998,0.11171249999999999,0.11891750000000001,0.13462000000000002,301.49838032
40,27,7,LT05_012031_19940428,0.06564999999999999,0.08429500000000001,0.09048250000000002,0.09735749999999999,301.49838032
41,27,8,LT05_012031_19940428,0.07522000000000001,0.10390250000000001,0.11262,0.12342750000000002,301.42318388
42,28,8,LT05_012031_19940428,0.0656775,0.08822750000000001,0.09048250000000002,0.09361750000000002,302.02817342000003
1,13,0,LT05_012031_19940514,0.054017499999999996,0.07191999999999998,0.073625,0.0802525,300.87288265999996
2,14,0,LT05_012031_19940514,0.06520999999999999,0.0872925,0.0951575,0.10148249999999998,302.59556474
3,14,1,LT05_012031_19940514,0.07818999999999998,0.09493750000000001,0.1074775,0.11913750000000001,302.59556474
4,15,0,LT05_012031_19940514,0.061470000000000025,0.08344249999999998,0.08283750000000001,0.09796250000000001,303.5115941
5,15,1,LT05_012031_19940514,0.06705250000000001,0.07959250000000001,0.08899750000000001,0.10148249999999998,303.96960878
6,16,0,LT05_012031_19940514,0.061470000000000025,0.08344249999999998,0.085945,0.10148249999999998,303.5115941
7,16,1,LT05_012031_19940514,0.050277499999999975,0.06424750000000001,0.06435750000000001,0.07673249999999998,303.96960878
8,16,2,LT05_012031_19940514,0.05214750000000001,0.06036999999999998,0.06743749999999998,0.0802525,304.32166484
10,17,1,LT05_012031_19940514,0.04653750000000001,0.06036999999999998,0.05819750000000001,0.06608999999999998,303.96960878
11,17,2,LT05_012031_19940514,0.05586000000000002,0.06424750000000001,0.06743749999999998,0.073185,304.32166484
12,18,1,LT05_012031_19940514,0.05775750000000002,0.07191999999999998,0.079785,0.09086749999999999,303.51501212
13,18,2,LT05_012031_19940514,0.06705250000000001,0.0872925,0.08899750000000001,0.10503000000000001,303.86706818
14,18,3,LT05_012031_19940514,0.07076500000000002,0.08726499999999998,0.08283750000000001,0.09438750000000001,303.86706818
15,19,1,LT05_012031_19940514,0.07260749999999999,0.09108749999999999,0.09821000000000002,0.11207,302.59556474
16,19,2,LT05_012031_19940514,0.07450499999999999,0.09876000000000001,0.11053000000000002,0.12623250000000003,303.05699744000003
17,19,3,LT05_012031_19940514,0.0689225,0.09493750000000001,0.1013175,0.11561749999999998,303.41247152
18,20,2,LT05_012031_19940514,0.08190249999999999,0.09876000000000001,0.10744999999999999,0.12265749999999997,302.59556474
19,20,3,LT05_012031_19940514,0.067025,0.08726499999999998,0.08899750000000001,0.10148249999999998,302.95445684000003
20,20,4,LT05_012031_19940514,0.07447749999999997,0.09876000000000001,0.1013175,0.11913750000000001,302.95445684000003
21,21,2,LT05_012031_19940514,0.08745750000000002,0.10640500000000003,0.1166625,0.1297525,301.94614093999996
22,21,3,LT05_012031_19940514,0.07076500000000002,0.08341500000000002,0.09210499999999999,0.10148249999999998,302.15122213999996
23,21,4,LT05_012031_19940514,0.06144250000000001,0.08341500000000002,0.0951575,0.10503000000000001,302.15122213999996
25,22,3,LT05_012031_19940514,0.08374500000000001,0.10255500000000001,0.1166625,0.1297525,301.69320746
26,22,4,LT05_012031_19940514,0.08374500000000001,0.11022749999999998,0.12279499999999999,0.13679249999999998,302.15122213999996
27,22,5,LT05_012031_19940514,0.08927249999999998,0.11402250000000003,0.12892750000000003,0.1403125,302.15122213999996
28,23,3,LT05_012031_19940514,0.08006000000000002,0.11022749999999998,0.11971500000000002,0.1403125,301.23177476
29,23,4,LT05_012031_19940514,0.08374500000000001,0.10640500000000003,0.11971500000000002,0.1403125,301.69320746
30,23,5,LT05_012031_19940514,0.08187499999999998,0.11402250000000003,0.12279499999999999,0.14738,301.69320746
32,24,4,LT05_012031_19940514,0.057730000000000004,0.07574249999999999,0.07975749999999998,0.09796250000000001,301.23177476
33,24,5,LT05_012031_19940514,0.07816250000000002,0.09876000000000001,0.10437000000000002,0.13327250000000002,301.69320746
34,24,6,LT05_012031_19940514,0.0985125,0.1331075,0.15034999999999998,0.1755675,301.23177476
35,25,5,LT05_012031_19940514,0.057730000000000004,0.07574249999999999,0.07975749999999998,0.09438750000000001,302.08286174
36,25,6,LT05_012031_19940514,0.08927249999999998,0.11022749999999998,0.12279499999999999,0.14386,302.08286174
37,25,7,LT05_012031_19940514,0.10588249999999999,0.13687500000000002,0.15034999999999998,0.1685275,301.62142904
38,26,6,LT05_012031_19940514,0.07073750000000001,0.08726499999999998,0.10128999999999999,0.11561749999999998,302.54429444
39,26,7,LT05_012031_19940514,0.08558749999999998,0.11784499999999998,0.13198,0.15089999999999998,302.54429444
40,27,7,LT05_012031_19940514,0.07073750000000001,0.09491,0.0951575,0.11207,303.00572714
41,27,8,LT05_012031_19940514,0.0800325,0.11402250000000003,0.1258475,0.14034000000000002,302.92711268
42,28,8,LT05_012031_19940514,0.07073750000000001,0.09105999999999997,0.10437000000000002,0.11913750000000001,302.98863703999996
1,13,0,LT05_012031_19940615,0.11069499999999999,0.1267275,0.1254075,0.15111999999999998,309.22652354
2,14,0,LT05_012031_19940615,0.10593750000000002,0.12199749999999998,0.12172250000000001,0.14248500000000003,311.00047592
3,14,1,LT05_012031_19940615,0.11306,0.140945,0.13654500000000003,0.15541,311.72509616
4,15,0,LT05_012031_19940615,0.10832999999999998,0.11726750000000002,0.12172250000000001,0.138195,312.44629838000003
5,15,1,LT05_012031_19940615,0.09881499999999999,0.11726750000000002,0.11798249999999999,0.1295325,312.44629838000003
6,16,0,LT05_012031_19940615,0.10832999999999998,0.12205250000000001,0.11801,0.13385000000000002,313.16408258
7,16,1,LT05_012031_19940615,0.09400249999999999,0.1076975,0.10681750000000001,0.12084250000000002,313.16408258
8,16,2,LT05_012031_19940615,0.09161000000000002,0.09812749999999998,0.09936499999999998,0.11218,313.06837801999995
10,17,1,LT05_012031_19940615,0.09161000000000002,0.09815499999999999,0.0993925,0.11218,313.16408258
11,17,2,LT05_012031_19940615,0.0892175,0.09812749999999998,0.09562500000000002,0.09914499999999998,313.06837801999995
12,18,1,LT05_012031_19940615,0.09642250000000002,0.1076975,0.0993925,0.12086999999999998,313.16066456
13,18,2,LT05_012031_19940615,0.09878749999999997,0.11245500000000003,0.11426999999999998,0.1251875,313.06837801999995
14,18,3,LT05_012031_19940615,0.0963675,0.1076975,0.103105,0.11652499999999999,313.06837801999995
15,19,1,LT05_012031_19940615,0.09403,0.11251,0.10687249999999998,0.12521500000000002,312.44288036
16,19,2,LT05_012031_19940615,0.11069499999999999,0.122025,0.12543500000000002,0.1468025,312.44288036
17,19,3,LT05_012031_19940615,0.0963675,0.1076975,0.10681750000000001,0.12084250000000002,312.35059382
18,20,2,LT05_012031_19940615,0.11311500000000002,0.12678250000000002,0.13285999999999998,0.1554375,312.44288036
19,20,3,LT05_012031_19940615,0.09878749999999997,0.10293999999999998,0.10687249999999998,0.12086999999999998,312.35059382
20,20,4,LT05_012031_19940615,0.0963675,0.10293999999999998,0.10681750000000001,0.12084250000000002,312.35059382
21,21,2,LT05_012031_19940615,0.10832999999999998,0.122025,0.12543500000000002,0.1468025,311.5439411
22,21,3,LT05_012031_19940615,0.09642250000000002,0.11251,0.11426999999999998,0.12521500000000002,312.02588191999996
23,21,4,LT05_012031_19940615,0.09397499999999998,0.10293999999999998,0.103105,0.11218,312.02588191999996
25,22,3,LT05_012031_19940615,0.09878749999999997,0.11724000000000001,0.11801,0.13385000000000002,311.3046797
26,22,4,LT05_012031_19940615,0.09878749999999997,0.11724000000000001,0.11426999999999998,0.12521500000000002,312.02588191999996
27,22,5,LT05_012031_19940615,0.09878749999999997,0.11245500000000003,0.11426999999999998,0.1251875,312.02588191999996
28,23,3,LT05_012031_19940615,0.11069499999999999,0.13151249999999998,0.13654500000000003,0.1640725,310.58347748
29,23,4,LT05_012031_19940615,0.09878749999999997,0.11724000000000001,0.12172250000000001,0.138195,311.3046797
30,23,5,LT05_012031_19940615,0.10115249999999998,0.122025,0.12172250000000001,0.1425125,312.02588191999996
32,24,4,LT05_012031_19940615,0.08198499999999997,0.0933425,0.09191250000000001,0.11218,311.3046797
33,24,5,LT05_012031_19940615,0.09878749999999997,0.11248249999999999,0.11801,0.1425125,312.02588191999996
34,24,6,LT05_012031_19940615,0.11306,0.140945,0.15131250000000002,0.17262500000000003,312.02588191999996
35,25,5,LT05_012031_19940615,0.09639500000000001,0.1076975,0.11426999999999998,0.12086999999999998,312.39502808
36,25,6,LT05_012031_19940615,0.11545250000000001,0.13627,0.14394250000000003,0.1640725,312.39502808
37,25,7,LT05_012031_19940615,0.11781750000000002,0.1551075,0.1586825,0.176915,312.39502808
38,26,6,LT05_012031_19940615,0.09878749999999997,0.11248249999999999,0.11055749999999998,0.12950499999999998,313.11281227999996
39,26,7,LT05_012031_19940615,0.10832999999999998,0.140945,0.14023000000000002,0.15972750000000002,313.11281227999996
40,27,7,LT05_012031_19940615,0.09403,0.11248249999999999,0.11801,0.12521500000000002,313.10939426
41,27,8,LT05_012031_19940615,0.10115249999999998,0.11245500000000003,0.12172250000000001,0.12950499999999998,313.03761584
42,28,8,LT05_012031_19940615,0.09161000000000002,0.11248249999999999,0.103105,0.12086999999999998,312.66505166
1,13,0,LT05_012031_19940701,0.05212,0.07964749999999998,0.0806925,0.09658749999999999,315.49517222
2,14,0,LT05_012031_19940701,0.06652999999999998,0.09218749999999998,0.097275,0.11237249999999999,315.82672016000004
3,14,1,LT05_012031_19940701,0.08286500000000002,0.10464499999999999,0.10722999999999999,0.12815749999999998,315.82672016000004
4,15,0,LT05_012031_19940701,0.07266250000000002,0.09218749999999998,0.097275,0.11237249999999999,316.51032416
5,15,1,LT05_012031_19940701,0.0562725,0.07549499999999998,0.07736500000000002,0.10054750000000001,316.51032416
6,16,0,LT05_012031_19940701,0.0685925,0.08385500000000001,0.09064749999999999,0.10448000000000002,317.18709212
7,16,1,LT05_012031_19940701,0.043897500000000006,0.06290000000000001,0.06067250000000002,0.07684249999999998,317.18709212
8,16,2,LT05_012031_19940701,0.050112500000000004,0.06710749999999999,0.07071,0.08077499999999999,317.09138756
10,17,1,LT05_012031_19940701,0.048022499999999996,0.06710749999999999,0.067355,0.08077499999999999,317.86386008
11,17,2,LT05_012031_19940701,0.06240499999999999,0.0712875,0.06402750000000001,0.08077499999999999,317.7647375
12,18,1,LT05_012031_19940701,0.0624325,0.07549499999999998,0.0806925,0.10054750000000001,317.86386008
13,18,2,LT05_012031_19940701,0.0706,0.08800750000000002,0.09064749999999999,0.12026500000000001,317.7647375
14,18,3,LT05_012031_19940701,0.06446750000000001,0.09633999999999998,0.097275,0.12422499999999997,317.7647375
15,19,1,LT05_012031_19940701,0.0706,0.08800750000000002,0.09064749999999999,0.1163325,317.18709212
16,19,2,LT05_012031_19940701,0.08492749999999999,0.1046725,0.11053000000000002,0.13992749999999998,317.18709212
17,19,3,LT05_012031_19940701,0.07882250000000002,0.09633999999999998,0.10390250000000001,0.12815749999999998,317.09138756
18,20,2,LT05_012031_19940701,0.0869625,0.11295,0.12702999999999998,0.1477925,316.51032416
19,20,3,LT05_012031_19940701,0.07882250000000002,0.08800750000000002,0.10060249999999998,0.12422499999999997,315.7310156
20,20,4,LT05_012031_19940701,0.06652999999999998,0.09633999999999998,0.10060249999999998,0.1163325,315.7310156
21,21,2,LT05_012031_19940701,0.09713749999999999,0.121255,0.13363000000000003,0.1595625,315.64214708
22,21,3,LT05_012031_19940701,0.07882250000000002,0.09218749999999998,0.09397499999999998,0.1163325,315.39263162
23,21,4,LT05_012031_19940701,0.06036999999999998,0.08800750000000002,0.09397499999999998,0.10843999999999998,315.39263162
25,22,3,LT05_012031_19940701,0.08289249999999998,0.1046725,0.11713000000000001,0.14386,314.70902762000003
26,22,4,LT05_012031_19940701,0.07882250000000002,0.1046725,0.11382999999999999,0.13992749999999998,315.39263162
27,22,5,LT05_012031_19940701,0.07882250000000002,0.1046725,0.11053000000000002,0.13208999999999999,315.39263162
28,23,3,LT05_012031_19940701,0.08289249999999998,0.108825,0.12042999999999998,0.14386,314.70902762000003
29,23,4,LT05_012031_19940701,0.07676,0.1046725,0.11382999999999999,0.13992749999999998,315.39263162
30,23,5,LT05_012031_19940701,0.08083000000000001,0.1046725,0.11713000000000001,0.14386,315.39263162
32,24,4,LT05_012031_19940701,0.0624325,0.0712875,0.07736500000000002,0.09658749999999999,316.0728176
33,24,5,LT05_012031_19940701,0.0685925,0.09218749999999998,0.10060249999999998,0.12815749999999998,316.0728176
34,24,6,LT05_012031_19940701,0.08492749999999999,0.11713000000000001,0.13035750000000002,0.1595625,315.39263162
35,25,5,LT05_012031_19940701,0.05420999999999998,0.07549499999999998,0.07736500000000002,0.09658749999999999,317.13923983999996
36,25,6,LT05_012031_19940701,0.08083000000000001,0.11297750000000001,0.12702999999999998,0.15169749999999999,316.45905386
37,25,7,LT05_012031_19940701,0.09713749999999999,0.13365749999999998,0.15334750000000003,0.1752375,315.77544986
38,26,6,LT05_012031_19940701,0.06036999999999998,0.08800750000000002,0.09064749999999999,0.1124,316.45905386
39,26,7,LT05_012031_19940701,0.08897,0.11713000000000001,0.13035750000000002,0.1595625,315.77544986
40,27,7,LT05_012031_19940701,0.06652999999999998,0.08800750000000002,0.097275,0.12026500000000001,315.77544986
41,27,8,LT05_012031_19940701,0.07472499999999999,0.10052,0.11053000000000002,0.13599499999999998,315.01664942
42,28,8,LT05_012031_19940701,0.06449500000000002,0.09218749999999998,0.10390250000000001,0.12026500000000001,315.3208532
1,13,0,LT05_012031_19940903,0.03925000000000001,0.042082499999999995,0.04441999999999999,0.05591499999999999,302.49644216
2,14,0,LT05_012031_19940903,0.05299999999999999,0.06526500000000002,0.06290000000000001,0.07310250000000001,303.8533961
3,14,1,LT05_012031_19940903,0.05987500000000001,0.0837175,0.08872249999999998,0.09458,304.3660991
4,15,0,LT05_012031_19940903,0.046125,0.06061749999999999,0.06290000000000001,0.07310250000000001,305.38466905999996
5,15,1,LT05_012031_19940903,0.03694,0.05137750000000002,0.051817500000000016,0.06452249999999998,305.38466905999996
6,16,0,LT05_012031_19940903,0.05071749999999997,0.06061749999999999,0.06661250000000002,0.07739249999999998,305.38466905999996
7,16,1,LT05_012031_19940903,0.048435000000000006,0.05599749999999998,0.059187500000000004,0.06884000000000001,305.38466905999996
8,16,2,LT05_012031_19940903,0.041559999999999986,0.05137750000000002,0.055530000000000024,0.07312999999999997,305.28554648
10,17,1,LT05_012031_19940903,0.046152499999999985,0.05599749999999998,0.055530000000000024,0.06023250000000002,305.38466905999996
11,17,2,LT05_012031_19940903,0.048435000000000006,0.05140499999999998,0.051817500000000016,0.05591499999999999,305.28554648
12,18,1,LT05_012031_19940903,0.046152499999999985,0.05137750000000002,0.055530000000000024,0.06452249999999998,304.87538408
13,18,2,LT05_012031_19940903,0.048435000000000006,0.05602499999999999,0.06290000000000001,0.07312999999999997,304.77967952
14,18,3,LT05_012031_19940903,0.059902500000000025,0.06988499999999997,0.0739825,0.09458,304.77967952
15,19,1,LT05_012031_19940903,0.06215749999999998,0.0745325,0.0739825,0.08600000000000002,303.8533961
16,19,2,LT05_012031_19940903,0.07357000000000002,0.09293000000000001,0.10340749999999999,0.12879000000000002,304.3660991
17,19,3,LT05_012031_19940903,0.06218499999999999,0.0745325,0.08503749999999999,0.0988425,304.77967952
18,20,2,LT05_012031_19940903,0.07131500000000002,0.0837175,0.09238000000000002,0.10742249999999998,303.8533961
19,20,3,LT05_012031_19940903,0.0507725,0.05602499999999999,0.055530000000000024,0.06884000000000001,304.27039454
20,20,4,LT05_012031_19940903,0.06674999999999998,0.09757749999999998,0.09975,0.115975,304.27039454
21,21,2,LT05_012031_19940903,0.07813500000000001,0.09755000000000003,0.10709249999999998,0.1202375,303.66882302
22,21,3,LT05_012031_19940903,0.0507725,0.0745325,0.07029750000000001,0.07739249999999998,303.93201056
23,21,4,LT05_012031_19940903,0.0507725,0.06991249999999999,0.07029750000000001,0.08171,303.93201056
25,22,3,LT05_012031_19940903,0.07585249999999999,0.09757749999999998,0.09975,0.115975,303.42272558
26,22,4,LT05_012031_19940903,0.06218499999999999,0.07915250000000001,0.08503749999999999,0.0988425,303.93201056
27,22,5,LT05_012031_19940903,0.062212500000000004,0.07915250000000001,0.08872249999999998,0.0988425,302.91002258000003
28,23,3,LT05_012031_19940903,0.07131500000000002,0.09757749999999998,0.10711999999999999,0.12026500000000001,303.42272558
29,23,4,LT05_012031_19940903,0.0690325,0.09295750000000003,0.09975,0.1245,303.42272558
30,23,5,LT05_012031_19940903,0.07359749999999998,0.09757749999999998,0.11077749999999997,0.13305250000000002,303.42272558
32,24,4,LT05_012031_19940903,0.05539250000000001,0.06994,0.07403749999999998,0.09028999999999998,303.93201056
33,24,5,LT05_012031_19940903,0.06908750000000002,0.08836500000000003,0.09611999999999998,0.12026500000000001,303.42272558
34,24,6,LT05_012031_19940903,0.07816250000000002,0.10216999999999998,0.1144075,0.13734249999999998,302.91002258000003
35,25,5,LT05_012031_19940903,0.057674999999999976,0.06996750000000002,0.07769500000000001,0.09028999999999998,304.3148288
36,25,6,LT05_012031_19940903,0.0804725,0.1021975,0.11077749999999997,0.12881749999999997,304.3148288
37,25,7,LT05_012031_19940903,0.07588,0.11589250000000001,0.12175000000000002,0.13734249999999998,303.80554382
38,26,6,LT05_012031_19940903,0.062267499999999976,0.07456000000000002,0.07769500000000001,0.09458,304.8275318
39,26,7,LT05_012031_19940903,0.07593499999999997,0.10676249999999998,0.12177749999999998,0.13734249999999998,304.8275318
40,27,7,LT05_012031_19940903,0.05770249999999999,0.07458749999999997,0.09243499999999999,0.09887000000000001,305.33339876
41,27,8,LT05_012031_19940903,0.07136999999999999,0.0930125,0.10711999999999999,0.12881749999999997,304.74891734
42,28,8,LT05_012031_19940903,0.05770249999999999,0.07920749999999999,0.09243499999999999,0.10315999999999997,304.87196606
1,13,0,LT05_012031_19940919,0.027590000000000003,0.03683,0.031962500000000005,0.03925000000000001,299.12969246
2,14,0,LT05_012031_19940919,0.04230249999999999,0.06677749999999999,0.06367,0.06685999999999998,300.54133472
3,14,1,LT05_012031_19940919,0.066695,0.08168249999999999,0.08344249999999998,0.09438750000000001,301.0847999
4,15,0,LT05_012031_19940919,0.044749999999999984,0.056794999999999984,0.059709999999999985,0.062267499999999976,301.62484706
5,15,1,LT05_012031_19940919,0.03495999999999999,0.04683999999999999,0.04783000000000001,0.062267499999999976,301.62484706
6,16,0,LT05_012031_19940919,0.05453999999999998,0.06182749999999998,0.07158999999999999,0.08066499999999999,301.62484706
7,16,1,LT05_012031_19940919,0.04230249999999999,0.051844999999999974,0.05179,0.062267499999999976,301.62484706
8,16,2,LT05_012031_19940919,0.04230249999999999,0.051844999999999974,0.05179,0.062267499999999976,301.53256052
10,17,1,LT05_012031_19940919,0.0447775,0.051844999999999974,0.04386999999999999,0.05770249999999999,301.62484706
11,17,2,LT05_012031_19940919,0.04230249999999999,0.051844999999999974,0.043842500000000006,0.04846249999999999,301.53256052
12,18,1,LT05_012031_19940919,0.04230249999999999,0.051844999999999974,0.04386999999999999,0.05308249999999998,301.0847999
13,18,2,LT05_012031_19940919,0.039855,0.051844999999999974,0.04783000000000001,0.06229499999999999,300.98909534
14,18,3,LT05_012031_19940919,0.0594075,0.07175500000000001,0.06367,0.08982249999999997,301.53256052
15,19,1,LT05_012031_19940919,0.05696000000000001,0.07175500000000001,0.07158999999999999,0.08066499999999999,299.99445152
16,19,2,LT05_012031_19940919,0.06911499999999998,0.09161000000000002,0.10709249999999998,0.121915,300.54133472
17,19,3,LT05_012031_19940919,0.0569325,0.07673249999999998,0.08344249999999998,0.09900750000000003,300.98909534
18,20,2,LT05_012031_19940919,0.07882250000000002,0.09655999999999998,0.10318749999999999,0.121915,300.54133472
19,20,3,LT05_012031_19940919,0.052092499999999986,0.06182749999999998,0.059709999999999985,0.06688749999999999,300.98909534
20,20,4,LT05_012031_19940919,0.06424750000000001,0.09161000000000002,0.09529500000000002,0.10357250000000001,301.53256052
21,21,2,LT05_012031_19940919,0.08366249999999997,0.09655999999999998,0.10709249999999998,0.121915,299.81671448
22,21,3,LT05_012031_19940919,0.04961750000000001,0.06182749999999998,0.06367,0.06688749999999999,300.66438344
23,21,4,LT05_012031_19940919,0.04716999999999999,0.06180000000000002,0.06763000000000002,0.07607249999999999,300.66438344
25,22,3,LT05_012031_19940919,0.07395499999999999,0.09655999999999998,0.10318749999999999,0.1173225,300.12433627999997
26,22,4,LT05_012031_19940919,0.0569325,0.06674999999999998,0.07158999999999999,0.08066499999999999,300.66438344
27,22,5,LT05_012031_19940919,0.05206499999999997,0.06180000000000002,0.06367,0.07147999999999999,300.66438344
28,23,3,LT05_012031_19940919,0.08366249999999997,0.10643249999999999,0.11495749999999999,0.13104500000000002,300.12091826
29,23,4,LT05_012031_19940919,0.078795,0.10148249999999998,0.10318749999999999,0.1173225,300.66438344
30,23,5,LT05_012031_19940919,0.07637500000000003,0.10643249999999999,0.11495749999999999,0.13104500000000002,300.66438344
32,24,4,LT05_012031_19940919,0.04716999999999999,0.07175500000000001,0.07158999999999999,0.08522999999999997,300.12091826
33,24,5,LT05_012031_19940919,0.06663999999999998,0.09655999999999998,0.10709249999999998,0.12647999999999998,300.66438344
34,24,6,LT05_012031_19940919,0.078795,0.10643249999999999,0.11495749999999999,0.13563750000000002,300.12091826
35,25,5,LT05_012031_19940919,0.049589999999999995,0.0717275,0.07158999999999999,0.08522999999999997,301.03694762
36,25,6,LT05_012031_19940919,0.078795,0.10643249999999999,0.11495749999999999,0.13563750000000002,300.49348244
37,25,7,LT05_012031_19940919,0.078795,0.10145500000000002,0.10709249999999998,0.1173225,299.94659923999995
38,26,6,LT05_012031_19940919,0.05937999999999999,0.08168249999999999,0.091335,0.09900750000000003,300.49348244
39,26,7,LT05_012031_19940919,0.07637500000000003,0.10640500000000003,0.11891750000000001,0.13104500000000002,300.49348244
40,27,7,LT05_012031_19940919,0.05690499999999998,0.07670500000000002,0.08341500000000002,0.09441500000000003,299.94659923999995
41,27,8,LT05_012031_19940919,0.06180000000000002,0.09158250000000001,0.091335,0.10357250000000001,299.87482081999997
42,28,8,LT05_012031_19940919,0.05445749999999999,0.07670500000000002,0.0874025,0.09441500000000003,300.05255786
10,17,1,LT05_012031_19941122,0.054705000000000004,0.054815,0.042935,0.05071749999999997,285.96689744
11,17,2,LT05_012031_19941122,0.05891249999999998,0.054815,0.042935,0.05071749999999997,284.96199956
12,18,1,LT05_012031_19941122,0.054705000000000004,0.054815,0.04950750000000001,0.043182499999999985,284.96199956
13,18,2,LT05_012031_19941122,0.03803999999999999,0.038067500000000004,0.03636249999999999,0.028167499999999984,284.96199956
14,18,3,LT05_012031_19941122,0.03388749999999999,0.04642750000000001,0.03636249999999999,0.035674999999999985,284.96199956
15,19,1,LT05_012031_19941122,0.058967500000000006,0.07158999999999999,0.0626525,0.05828,284.96199956
16,19,2,LT05_012031_19941122,0.06306499999999998,0.07153500000000002,0.08231499999999997,0.0808025,286.50352657999997
18,20,2,LT05_012031_19941122,0.06314750000000002,0.07995000000000002,0.08891500000000002,0.08833750000000001,286.50352657999997
21,21,2,LT05_012031_19941122,0.07555,0.096615,0.09545999999999999,0.09587250000000003,286.33604360000004
1,13,0,LT05_012031_19950226,0.03636249999999999,0.036197499999999994,0.034574999999999995,0.036445000000000005,270.6644219
2,14,0,LT05_012031_19950226,0.04277,0.036197499999999994,0.034574999999999995,0.04216500000000001,272.10340831999997
3,14,1,LT05_012031_19950226,0.05234,0.062460000000000016,0.06537500000000002,0.06504500000000002,272.10340831999997
4,15,0,LT05_012031_19950226,0.04598749999999999,0.04279749999999999,0.03971749999999999,0.04216500000000001,272.10340831999997
5,15,1,LT05_012031_19950226,0.04915,0.062460000000000016,0.06025999999999998,0.06504500000000002,272.10340831999997
33,24,5,LT05_012031_19950226,0.0682625,0.08858500000000002,0.10632249999999999,0.10503000000000001,271.1600348
35,25,5,LT05_012031_19950226,0.05234,0.05591499999999999,0.06023250000000002,0.05932500000000002,271.4847467
1,13,0,LT05_012031_19950618,0.06727250000000001,0.08800750000000002,0.0875125,0.12020999999999998,313.3384016
2,14,0,LT05_012031_19950618,0.07906999999999997,0.09746749999999998,0.0986225,0.1245,313.67336756
3,14,1,LT05_012031_19950618,0.07909749999999999,0.10216999999999998,0.10233500000000001,0.1287625,313.67336756
4,15,0,LT05_012031_19950618,0.07202999999999998,0.08803499999999997,0.09493750000000001,0.12020999999999998,314.28177512
5,15,1,LT05_012031_19950618,0.07202999999999998,0.08330500000000002,0.0838275,0.10744999999999999,314.28177512
6,16,0,LT05_012031_19950618,0.07673249999999998,0.08803499999999997,0.0838275,0.10744999999999999,314.88676466
7,16,1,LT05_012031_19950618,0.06732749999999998,0.08333249999999998,0.0838275,0.10744999999999999,314.88676466
8,16,2,LT05_012031_19950618,0.06496249999999998,0.08333249999999998,0.08017000000000002,0.10744999999999999,314.78764207999996
10,17,1,LT05_012031_19950618,0.067355,0.07860250000000002,0.072745,0.0903175,315.48833618000003
11,17,2,LT05_012031_19950618,0.06738250000000001,0.07860250000000002,0.07645750000000001,0.0903175,315.3892136
12,18,1,LT05_012031_19950618,0.06498999999999999,0.08806249999999999,0.08385500000000001,0.10315999999999997,315.48833618000003
13,18,2,LT05_012031_19950618,0.0744225,0.0927925,0.09496500000000002,0.1245,315.3892136
14,18,3,LT05_012031_19950618,0.0744225,0.10222500000000001,0.09867749999999997,0.1245,315.3892136
15,19,1,LT05_012031_19950618,0.07915250000000001,0.09752250000000001,0.09125250000000001,0.1202375,315.4917542
16,19,2,LT05_012031_19950618,0.07917999999999997,0.10692750000000001,0.11338999999999999,0.14575749999999998,315.48833618000003
17,19,3,LT05_012031_19950618,0.07445000000000002,0.09282000000000001,0.09867749999999997,0.1245,315.3892136
18,20,2,LT05_012031_19950618,0.07681500000000002,0.10222500000000001,0.10236250000000002,0.1245,315.4917542
19,20,3,LT05_012031_19950618,0.07445000000000002,0.0833875,0.08388250000000003,0.11171249999999999,314.78764207999996
20,20,4,LT05_012031_19950618,0.07684249999999998,0.11165750000000002,0.109705,0.1329975,314.18265254
21,21,2,LT05_012031_19950618,0.08151750000000002,0.11165750000000002,0.11338999999999999,0.1329975,314.09378402
22,21,3,LT05_012031_19950618,0.07684249999999998,0.09282000000000001,0.09499249999999998,0.1202375,313.84426856
23,21,4,LT05_012031_19950618,0.06977499999999998,0.09755000000000003,0.09499249999999998,0.11600250000000001,313.235861
25,22,3,LT05_012031_19950618,0.08858500000000002,0.11168499999999998,0.11338999999999999,0.15002,313.23927902
26,22,4,LT05_012031_19950618,0.07687,0.10225250000000002,0.10607499999999997,0.1329975,312.62745343999995
27,22,5,LT05_012031_19950618,0.08157249999999999,0.10695500000000002,0.10973250000000001,0.133025,312.62745343999995
28,23,3,LT05_012031_19950618,0.08154499999999998,0.10695500000000002,0.11338999999999999,0.1415225,313.23927902
29,23,4,LT05_012031_19950618,0.0839375,0.11168499999999998,0.11707499999999998,0.14575749999999998,312.62745343999995
30,23,5,LT05_012031_19950618,0.0839375,0.11168499999999998,0.11707499999999998,0.1415225,312.62745343999995
32,24,4,LT05_012031_19950618,0.0745325,0.09757749999999998,0.09870499999999999,0.1202375,313.23927902
33,24,5,LT05_012031_19950618,0.08157249999999999,0.10227999999999998,0.10973250000000001,0.133025,313.23927902
34,24,6,LT05_012031_19950618,0.09094999999999998,0.12106250000000002,0.1281025,0.1584625,313.23927902
35,25,5,LT05_012031_19950618,0.07456000000000002,0.08814499999999997,0.09502,0.11600250000000001,313.62209726000003
36,25,6,LT05_012031_19950618,0.09094999999999998,0.11638749999999998,0.1281025,0.1584625,313.62209726000003
37,25,7,LT05_012031_19950618,0.1003,0.13038499999999997,0.14270500000000003,0.175375,313.62209726000003
38,26,6,LT05_012031_19950618,0.07224999999999998,0.08817249999999999,0.09502,0.1202375,314.23050481999996
39,26,7,LT05_012031_19950618,0.08864,0.12106250000000002,0.1317875,0.1626975,314.23050481999996
40,27,7,LT05_012031_19950618,0.07458749999999997,0.0929025,0.10610249999999999,0.12879000000000002,314.23050481999996
41,27,8,LT05_012031_19950618,0.08866750000000001,0.11174,0.1171025,0.14999250000000003,314.15530838
42,28,8,LT05_012031_19950618,0.07461499999999999,0.0929025,0.10610249999999999,0.12879000000000002,313.76907212000003
1,13,0,LT05_012031_19950704,0.0563825,0.0682625,0.06809749999999998,0.09026250000000002,312.40870015999997
2,14,0,LT05_012031_19950704,0.06677749999999999,0.08951999999999999,0.09169250000000001,0.11380249999999997,312.7573382
3,14,1,LT05_012031_19950704,0.06262499999999999,0.08951999999999999,0.09504750000000001,0.10987000000000002,312.7573382
4,15,0,LT05_012031_19950704,0.052202499999999985,0.072525,0.07824500000000001,0.09416750000000002,313.75881805999995
5,15,1,LT05_012031_19950704,0.04799500000000001,0.07673249999999998,0.0816,0.10203250000000003,313.75881805999995
6,16,0,LT05_012031_19950704,0.060535000000000005,0.08525749999999999,0.084955,0.09812749999999998,314.7568799
7,16,1,LT05_012031_19950704,0.05426500000000001,0.0682625,0.07145249999999997,0.08633000000000002,314.7568799
8,16,2,LT05_012031_19950704,0.050112500000000004,0.06397249999999999,0.06809749999999998,0.07846500000000001,314.6543393
10,17,1,LT05_012031_19950704,0.050112500000000004,0.0597375,0.06133250000000001,0.0745325,315.2524928
11,17,2,LT05_012031_19950704,0.050112500000000004,0.06397249999999999,0.06471500000000002,0.0745325,315.64214708
12,18,1,LT05_012031_19950704,0.058445000000000025,0.072525,0.07483499999999998,0.08633000000000002,315.7481057
13,18,2,LT05_012031_19950704,0.06262499999999999,0.07673249999999998,0.0816,0.09416750000000002,315.64214708
14,18,3,LT05_012031_19950704,0.06259749999999997,0.08099499999999998,0.0816,0.09812749999999998,315.64214708
15,19,1,LT05_012031_19950704,0.06468750000000001,0.08949249999999997,0.08831,0.10593750000000002,314.7568799
16,19,2,LT05_012031_19950704,0.06468750000000001,0.08949249999999997,0.09843000000000002,0.12161250000000001,315.2524928
17,19,3,LT05_012031_19950704,0.06050749999999999,0.07673249999999998,0.084955,0.09812749999999998,315.14995220000003
18,20,2,LT05_012031_19950704,0.06050749999999999,0.08099499999999998,0.09169250000000001,0.10593750000000002,314.25784898
19,20,3,LT05_012031_19950704,0.05217499999999997,0.06397249999999999,0.06471500000000002,0.08242500000000003,314.6543393
20,20,4,LT05_012031_19950704,0.06259749999999997,0.097935,0.10514000000000001,0.11380249999999997,314.15530838
21,21,2,LT05_012031_19950704,0.06884000000000001,0.097935,0.10178500000000001,0.11770750000000002,313.56399092000004
22,21,3,LT05_012031_19950704,0.05841750000000001,0.07249749999999999,0.07483499999999998,0.09026250000000002,313.80325231999996
23,21,4,LT05_012031_19950704,0.06259749999999997,0.08522999999999997,0.091665,0.10593750000000002,313.80325231999996
25,22,3,LT05_012031_19950704,0.072965,0.097935,0.10849500000000001,0.133355,313.80325231999996
26,22,4,LT05_012031_19950704,0.0688125,0.0937,0.09843000000000002,0.11770750000000002,313.80325231999996
27,22,5,LT05_012031_19950704,0.0688125,0.08949249999999997,0.09843000000000002,0.11380249999999997,313.80325231999996
28,23,3,LT05_012031_19950704,0.07293749999999999,0.097935,0.10178500000000001,0.12161250000000001,313.80325231999996
29,23,4,LT05_012031_19950704,0.07505499999999998,0.097935,0.10849500000000001,0.1255175,314.29886522
30,23,5,LT05_012031_19950704,0.07502750000000002,0.10216999999999998,0.11182249999999999,0.12945,314.29886522
32,24,4,LT05_012031_19950704,0.05841750000000001,0.08096750000000003,0.08157249999999999,0.09812749999999998,314.79447812
33,24,5,LT05_012031_19950704,0.0688125,0.0937,0.10178500000000001,0.12161250000000001,314.29886522
34,24,6,LT05_012031_19950704,0.08949249999999997,0.12323499999999998,0.13528,0.16066249999999999,313.80325231999996
35,25,5,LT05_012031_19950704,0.056327499999999975,0.07670500000000002,0.08157249999999999,0.10203250000000003,315.2012225
36,25,6,LT05_012031_19950704,0.07915250000000001,0.11481999999999998,0.12857000000000002,0.14897500000000002,314.20657868
37,25,7,LT05_012031_19950704,0.08533999999999997,0.12323499999999998,0.138635,0.16066249999999999,313.20509882
38,26,6,LT05_012031_19950704,0.06463249999999998,0.08522999999999997,0.09502,0.10593750000000002,314.20657868
39,26,7,LT05_012031_19950704,0.08949249999999997,0.11058499999999999,0.12857000000000002,0.1528525,313.20509882
40,27,7,LT05_012031_19950704,0.066695,0.08520250000000001,0.091665,0.11380249999999997,313.20509882
41,27,8,LT05_012031_19950704,0.06878499999999999,0.09790749999999998,0.1017575,0.11770750000000002,313.12648436
42,28,8,LT05_012031_19950704,0.066695,0.08946500000000002,0.0984025,0.11380249999999997,312.72657602
1,13,0,LT05_012031_19950720,0.059545000000000015,0.07986749999999998,0.08085750000000003,0.08993250000000003,314.6885195
2,14,0,LT05_012031_19950720,0.06386249999999999,0.09306750000000003,0.09130749999999999,0.10635,315.62505697999995
3,14,1,LT05_012031_19950720,0.07032499999999997,0.08866750000000001,0.09826499999999999,0.11861500000000003,315.62505697999995
4,15,0,LT05_012031_19950720,0.05305500000000002,0.07986749999999998,0.08085750000000003,0.09403,315.62505697999995
5,15,1,LT05_012031_19950720,0.0595175,0.07544000000000001,0.08432250000000002,0.10225250000000002,316.21979246
6,16,0,LT05_012031_19950720,0.06386249999999999,0.07986749999999998,0.09130749999999999,0.10635,315.62505697999995
7,16,1,LT05_012031_19950720,0.05091000000000001,0.06218499999999999,0.06336750000000002,0.07761249999999997,316.21979246
8,16,2,LT05_012031_19950720,0.046564999999999995,0.057730000000000004,0.059819999999999984,0.07348749999999998,316.11725186
10,17,1,LT05_012031_19950720,0.05091000000000001,0.057730000000000004,0.05280750000000001,0.06529249999999998,315.62505697999995
11,17,2,LT05_012031_19950720,0.053027500000000005,0.066585,0.06683250000000002,0.07348749999999998,316.11725186
12,18,1,LT05_012031_19950720,0.0595175,0.07103999999999999,0.06683250000000002,0.08171,315.62505697999995
13,18,2,LT05_012031_19950720,0.0595175,0.0842675,0.08781499999999998,0.11044749999999998,316.11725186
14,18,3,LT05_012031_19950720,0.06383499999999998,0.0754125,0.08085750000000003,0.09815499999999999,316.11725186
15,19,1,LT05_012031_19950720,0.07029750000000001,0.09306750000000003,0.08781499999999998,0.10635,315.02690348
16,19,2,LT05_012031_19950720,0.07029750000000001,0.09744000000000003,0.11220750000000002,0.13497750000000003,315.62505697999995
17,19,3,LT05_012031_19950720,0.06595250000000002,0.0842675,0.09127999999999997,0.10635,315.5259344
18,20,2,LT05_012031_19950720,0.08525749999999999,0.10183999999999999,0.11913750000000001,0.13497750000000003,315.02690348
19,20,3,LT05_012031_19950720,0.05948999999999999,0.0754125,0.08432250000000002,0.09403,315.5259344
20,20,4,LT05_012031_19950720,0.07027,0.0842675,0.08781499999999998,0.10635,314.9277809
21,21,2,LT05_012031_19950720,0.091665,0.1106125,0.1226025,0.14721499999999998,314.24075888
22,21,3,LT05_012031_19950720,0.06595250000000002,0.08864,0.0948,0.10635,314.5859789
23,21,4,LT05_012031_19950720,0.05734499999999998,0.07101249999999998,0.0773375,0.08580749999999998,313.9878254
25,22,3,LT05_012031_19950720,0.08313999999999999,0.11495749999999999,0.115645,0.139075,313.9878254
26,22,4,LT05_012031_19950720,0.07670500000000002,0.09744000000000003,0.11220750000000002,0.12678250000000002,313.3896719
27,22,5,LT05_012031_19950720,0.07027,0.09741250000000001,0.1017575,0.11861500000000003,312.78468236000003
28,23,3,LT05_012031_19950720,0.0895475,0.11495749999999999,0.1260675,0.14314500000000002,312.78468236000003
29,23,4,LT05_012031_19950720,0.07670500000000002,0.10618499999999997,0.11220750000000002,0.12678250000000002,312.78468236000003
30,23,5,LT05_012031_19950720,0.07882250000000002,0.10618499999999997,0.11218,0.1309075,312.78468236000003
32,24,4,LT05_012031_19950720,0.050854999999999984,0.0754125,0.08083000000000001,0.09400249999999999,312.78468236000003
33,24,5,LT05_012031_19950720,0.06809749999999998,0.09304000000000001,0.10525000000000001,0.1227125,312.78468236000003
34,24,6,LT05_012031_19950720,0.08737499999999998,0.11495749999999999,0.1329975,0.15131250000000002,312.78468236000003
35,25,5,LT05_012031_19950720,0.05299999999999999,0.07981250000000001,0.08083000000000001,0.09400249999999999,313.77590816
36,25,6,LT05_012031_19950720,0.08096750000000003,0.11058499999999999,0.12257499999999999,0.14314500000000002,313.77590816
37,25,7,LT05_012031_19950720,0.09163749999999998,0.12367499999999998,0.13643500000000003,0.15538249999999998,313.77590816
38,26,6,LT05_012031_19950720,0.06380750000000002,0.08423999999999998,0.08781499999999998,0.10225250000000002,314.37747967999996
39,26,7,LT05_012031_19950720,0.08096750000000003,0.11058499999999999,0.1260675,0.14721499999999998,314.37747967999996
40,27,7,LT05_012031_19950720,0.06807000000000002,0.09304000000000001,0.10172999999999999,0.11861500000000003,314.37747967999996
41,27,8,LT05_012031_19950720,0.07024249999999999,0.09741250000000001,0.1052225,0.12678250000000002,314.30228324
42,28,8,LT05_012031_19950720,0.06378,0.08423999999999998,0.08778750000000002,0.10222500000000001,313.91262896
1,13,0,LT05_012031_19950821,0.056327499999999975,0.06922499999999998,0.05707000000000001,0.0683725,305.48720965999996
2,14,0,LT05_012031_19950821,0.06422,0.09039999999999998,0.08605499999999999,0.097055,305.81533958
3,14,1,LT05_012031_19950821,0.061580000000000024,0.06922499999999998,0.06537500000000002,0.07312999999999997,306.35880476
4,15,0,LT05_012031_19950821,0.06422,0.07981250000000001,0.08193,0.097055,306.89885191999997
5,15,1,LT05_012031_19950821,0.06419249999999999,0.06389,0.06122250000000001,0.07312999999999997,307.43889908
6,16,0,LT05_012031_19950821,0.05635499999999999,0.0745325,0.07780500000000001,0.0875125,307.97894624
7,16,1,LT05_012031_19950821,0.05893999999999999,0.0692525,0.06952750000000002,0.07794250000000003,308.51215736
8,16,2,LT05_012031_19950821,0.056327499999999975,0.07450499999999999,0.0695,0.07794250000000003,307.87982366
10,17,1,LT05_012031_19950821,0.05635499999999999,0.06391750000000002,0.06122250000000001,0.0683725,309.04536848
11,17,2,LT05_012031_19950821,0.061580000000000024,0.0745325,0.07365250000000001,0.08272750000000001,308.9462459
12,18,1,LT05_012031_19950821,0.06422,0.0745325,0.06537500000000002,0.07796999999999998,309.04536848
13,18,2,LT05_012031_19950821,0.07469749999999997,0.09039999999999998,0.07780500000000001,0.10181249999999997,308.9462459
14,18,3,LT05_012031_19950821,0.06944499999999998,0.10093249999999998,0.09430499999999997,0.12084250000000002,308.41303478
15,19,1,LT05_012031_19950821,0.06688749999999999,0.0957075,0.09433249999999999,0.13035750000000002,309.04536848
16,19,2,LT05_012031_19950821,0.06685999999999998,0.08511999999999997,0.08193,0.097055,309.04536848
17,19,3,LT05_012031_19950821,0.0720575,0.10093249999999998,0.09430499999999997,0.116085,308.4164528
18,20,2,LT05_012031_19950821,0.06947249999999999,0.08514749999999999,0.08193,0.0875125,308.51215736
19,20,3,LT05_012031_19950821,0.07992250000000001,0.10618499999999997,0.10665249999999998,0.13035750000000002,308.4164528
20,20,4,LT05_012031_19950821,0.07992250000000001,0.10618499999999997,0.10665249999999998,0.116085,307.87982366
21,21,2,LT05_012031_19950821,0.05899500000000002,0.07984000000000002,0.07368000000000002,0.08272750000000001,307.79437315999996
22,21,3,LT05_012031_19950821,0.06947249999999999,0.09039999999999998,0.09017999999999998,0.097055,307.54485769999997
23,21,4,LT05_012031_19950821,0.0720575,0.09567999999999999,0.09430499999999997,0.10657,307.54485769999997
25,22,3,LT05_012031_19950821,0.06424750000000001,0.08514749999999999,0.08193,0.09227000000000002,307.54485769999997
26,22,4,LT05_012031_19950821,0.06422,0.08511999999999997,0.07780500000000001,0.09227000000000002,307.54485769999997
27,22,5,LT05_012031_19950821,0.061580000000000024,0.0745325,0.06952750000000002,0.08272750000000001,307.00822856
28,23,3,LT05_012031_19950821,0.0773375,0.10096,0.10665249999999998,0.1256,308.07806882
29,23,4,LT05_012031_19950821,0.07995000000000002,0.10096,0.11075000000000002,0.1256,307.54485769999997
30,23,5,LT05_012031_19950821,0.06947249999999999,0.07981250000000001,0.08193,0.09227000000000002,306.47159941999996
32,24,4,LT05_012031_19950821,0.07730999999999999,0.10096,0.10665249999999998,0.1256,307.54485769999997
33,24,5,LT05_012031_19950821,0.08773249999999999,0.11146499999999998,0.114875,0.13981749999999998,306.47159941999996
34,24,6,LT05_012031_19950821,0.06422,0.0692525,0.07780500000000001,0.07315749999999999,305.3915051
35,25,5,LT05_012031_19950821,0.09293000000000001,0.11669000000000002,0.12713999999999998,0.15400750000000002,306.85099964
36,25,6,LT05_012031_19950821,0.08253500000000003,0.10093249999999998,0.10665249999999998,0.116085,305.76748729999997
37,25,7,LT05_012031_19950821,0.06685999999999998,0.07981250000000001,0.08193,0.097055,304.67372090000003
38,26,6,LT05_012031_19950821,0.09034500000000001,0.11146499999999998,0.1230425,0.13981749999999998,306.31095247999997
39,26,7,LT05_012031_19950821,0.08511999999999997,0.10618499999999997,0.11075000000000002,0.13035750000000002,305.2206041
40,27,7,LT05_012031_19950821,0.07730999999999999,0.10096,0.10665249999999998,0.1256,305.76748729999997
41,27,8,LT05_012031_19950821,0.06422,0.0745325,0.06537500000000002,0.08748499999999998,305.69229085999996
42,28,8,LT05_012031_19950821,0.07472499999999999,0.10096,0.09017999999999998,0.10181249999999997,305.85977384
1,13,0,LT05_012031_19950906,0.046097499999999986,0.060012500000000024,0.05806,0.061277499999999985,305.31289064
2,14,0,LT05_012031_19950906,0.04846249999999999,0.060012500000000024,0.0657875,0.07483499999999998,306.1263794
3,14,1,LT05_012031_19950906,0.05555749999999998,0.079455,0.073515,0.08390999999999998,306.1263794
4,15,0,LT05_012031_19950906,0.053192499999999976,0.06488,0.06963750000000002,0.08390999999999998,306.59806616000003
5,15,1,LT05_012031_19950906,0.046152499999999985,0.055145,0.05806,0.07032499999999997,306.59806616000003
6,16,0,LT05_012031_19950906,0.05795,0.06977499999999998,0.073515,0.08839249999999998,306.59806616000003
7,16,1,LT05_012031_19950906,0.046152499999999985,0.05517250000000001,0.050360000000000016,0.061305,306.59806616000003
8,16,2,LT05_012031_19950906,0.0414225,0.05517250000000001,0.058087500000000014,0.07032499999999997,306.49894358
10,17,1,LT05_012031_19950906,0.04851749999999999,0.0649075,0.05420999999999998,0.06584250000000003,307.06975292
11,17,2,LT05_012031_19950906,0.05091000000000001,0.060067499999999996,0.058087500000000014,0.06584250000000003,306.96721232
12,18,1,LT05_012031_19950906,0.048545000000000005,0.0649075,0.06196499999999999,0.0748625,307.06975292
13,18,2,LT05_012031_19950906,0.048545000000000005,0.05519999999999997,0.06581500000000001,0.0748625,306.96721232
14,18,3,LT05_012031_19950906,0.046207499999999985,0.07467000000000001,0.06969249999999999,0.08842,306.96721232
15,19,1,LT05_012031_19950906,0.05327500000000002,0.06980249999999999,0.07354250000000001,0.08842,306.59806616000003
16,19,2,LT05_012031_19950906,0.06738250000000001,0.0892175,0.08894249999999998,0.11548000000000003,307.06975292
17,19,3,LT05_012031_19950906,0.05803249999999999,0.07951000000000003,0.0812425,0.09744000000000003,306.96721232
18,20,2,LT05_012031_19950906,0.07211250000000002,0.09889750000000003,0.10428749999999998,0.11998999999999999,307.06975292
19,20,3,LT05_012031_19950906,0.05096499999999998,0.06012250000000002,0.06584250000000003,0.07035249999999998,306.96721232
20,20,4,LT05_012031_19950906,0.05332999999999999,0.07951000000000003,0.08127000000000001,0.08842,306.49552556000003
21,21,2,LT05_012031_19950906,0.07211250000000002,0.09405750000000002,0.10043750000000001,0.11548000000000003,306.40665704
22,21,3,LT05_012031_19950906,0.05332999999999999,0.06012250000000002,0.058142499999999986,0.07035249999999998,306.15030554
23,21,4,LT05_012031_19950906,0.04629,0.06496249999999998,0.06584250000000003,0.07489000000000001,305.67861877999997
25,22,3,LT05_012031_19950906,0.07678750000000001,0.09405750000000002,0.10043750000000001,0.11998999999999999,306.15030554
26,22,4,LT05_012031_19950906,0.06743749999999998,0.07953749999999998,0.08897,0.09293000000000001,305.67861877999997
27,22,5,LT05_012031_19950906,0.05572250000000001,0.07472499999999999,0.07357000000000002,0.0839375,305.67861877999997
28,23,3,LT05_012031_19950906,0.067465,0.10371000000000002,0.10046500000000003,0.12901,305.203514
29,23,4,LT05_012031_19950906,0.0721675,0.10371000000000002,0.10428749999999998,0.11998999999999999,305.203514
30,23,5,LT05_012031_19950906,0.0721675,0.09892499999999999,0.1081375,0.1245,305.203514
32,24,4,LT05_012031_19950906,0.05104750000000002,0.06498999999999999,0.06972,0.0839375,305.203514
33,24,5,LT05_012031_19950906,0.06515500000000002,0.08440500000000001,0.096615,0.11548000000000003,305.67861877999997
34,24,6,LT05_012031_19950906,0.07450499999999999,0.10854999999999998,0.11963249999999997,0.12901,305.203514
35,25,5,LT05_012031_19950906,0.05107499999999998,0.0650175,0.06202000000000002,0.07942749999999998,306.07169108
36,25,6,LT05_012031_19950906,0.07219500000000001,0.10373749999999998,0.11196,0.12901,306.07169108
37,25,7,LT05_012031_19950906,0.08385500000000001,0.11817499999999997,0.1272775,0.14248500000000003,305.5965863
38,26,6,LT05_012031_19950906,0.05343999999999999,0.0747525,0.07359749999999998,0.08844750000000001,306.07169108
39,26,7,LT05_012031_19950906,0.07687,0.11338999999999999,0.11963249999999997,0.14248500000000003,305.5965863
40,27,7,LT05_012031_19950906,0.05817,0.08443250000000002,0.08899750000000001,0.10648750000000001,305.5965863
41,27,8,LT05_012031_19950906,0.06754749999999998,0.08443250000000002,0.10046500000000003,0.11548000000000003,305.04286706
42,28,8,LT05_012031_19950906,0.060535000000000005,0.06504500000000002,0.07747500000000002,0.08844750000000001,305.12831756
1,13,0,LT05_012031_19951024,0.03606000000000001,0.03325500000000001,0.0323475,0.03372249999999999,290.30436482
2,14,0,LT05_012031_19951024,0.04574,0.046564999999999995,0.04279749999999999,0.04571249999999999,292.41328316
3,14,1,LT05_012031_19951024,0.055420000000000025,0.066475,0.06367,0.06369750000000002,292.41328316
4,15,0,LT05_012031_19951024,0.05223,0.05321999999999999,0.04799500000000001,0.05170750000000002,292.41328316
5,15,1,LT05_012031_19951024,0.042495000000000005,0.05321999999999999,0.0532475,0.04571249999999999,292.93624022
6,16,0,LT05_012031_19951024,0.05223,0.0598475,0.06367,0.06369750000000002,293.45577926
7,16,1,LT05_012031_19951024,0.04574,0.05321999999999999,0.04799500000000001,0.04571249999999999,293.45577926
8,16,2,LT05_012031_19951024,0.04895749999999999,0.05321999999999999,0.04799500000000001,0.05770249999999999,293.36691074
10,17,1,LT05_012031_19951024,0.05223,0.0598475,0.0532475,0.05170750000000002,293.9753183
11,17,2,LT05_012031_19951024,0.06188250000000001,0.0598475,0.058445000000000025,0.05770249999999999,294.40257080000003
12,18,1,LT05_012031_19951024,0.045795,0.05987500000000001,0.048022499999999996,0.04574,294.49485734
13,18,2,LT05_012031_19951024,0.05223,0.05321999999999999,0.0532475,0.05170750000000002,294.40257080000003
14,18,3,LT05_012031_19951024,0.05223,0.0598475,0.04799500000000001,0.06369750000000002,294.40257080000003
15,19,1,LT05_012031_19951024,0.058719999999999994,0.07312999999999997,0.06889499999999998,0.06369750000000002,294.49485734
16,19,2,LT05_012031_19951024,0.0651275,0.07312999999999997,0.07412000000000002,0.07568750000000002,294.49485734
17,19,3,LT05_012031_19951024,0.055475,0.06650250000000002,0.06369750000000002,0.06369750000000002,294.40257080000003
18,20,2,LT05_012031_19951024,0.07478000000000001,0.08635749999999998,0.0897675,0.09364499999999998,294.49485734
19,20,3,LT05_012031_19951024,0.055475,0.06650250000000002,0.06889499999999998,0.06369750000000002,294.40257080000003
20,20,4,LT05_012031_19951024,0.06191000000000002,0.06650250000000002,0.06889499999999998,0.06969249999999999,294.40257080000003
21,21,2,LT05_012031_19951024,0.08116000000000001,0.09955750000000002,0.11055749999999998,0.10560750000000002,293.80099928
22,21,3,LT05_012031_19951024,0.055475,0.05987500000000001,0.05847249999999998,0.05770249999999999,293.56515590000004
23,21,4,LT05_012031_19951024,0.036087499999999995,0.03325500000000001,0.0323475,0.03372249999999999,294.08127692
25,22,3,LT05_012031_19951024,0.06834499999999999,0.07975749999999998,0.0897675,0.09364499999999998,293.56515590000004
26,22,4,LT05_012031_19951024,0.06191000000000002,0.06650250000000002,0.05847249999999998,0.06369750000000002,293.56515590000004
27,22,5,LT05_012031_19951024,0.058719999999999994,0.06650250000000002,0.05847249999999998,0.05770249999999999,293.56515590000004
28,23,3,LT05_012031_19951024,0.0651275,0.08635749999999998,0.0897675,0.09961249999999999,293.56515590000004
29,23,4,LT05_012031_19951024,0.07478000000000001,0.09295750000000003,0.10016249999999999,0.11157499999999998,293.56515590000004
30,23,5,LT05_012031_19951024,0.08756750000000002,0.09295750000000003,0.10016249999999999,0.1175425,293.56515590000004
32,24,4,LT05_012031_19951024,0.04257749999999999,0.05987500000000001,0.06369750000000002,0.06369750000000002,293.56515590000004
33,24,5,LT05_012031_19951024,0.0651275,0.08635749999999998,0.09493750000000001,0.10560750000000002,293.56515590000004
34,24,6,LT05_012031_19951024,0.0651275,0.08635749999999998,0.08454250000000002,0.08765,292.52949584
35,25,5,LT05_012031_19951024,0.058719999999999994,0.05987500000000001,0.05847249999999998,0.06369750000000002,293.92746602
36,25,6,LT05_012031_19951024,0.05225750000000001,0.0532475,0.048022499999999996,0.051734999999999975,292.88838794000003
37,25,7,LT05_012031_19951024,0.04901249999999999,0.0532475,0.05327500000000002,0.051734999999999975,290.82390386
38,26,6,LT05_012031_19951024,0.058719999999999994,0.05987500000000001,0.05847249999999998,0.06369750000000002,293.411345
39,26,7,LT05_012031_19951024,0.055475,0.07312999999999997,0.07412000000000002,0.06969249999999999,292.36543087999996
40,27,7,LT05_012031_19951024,0.06191000000000002,0.06650250000000002,0.06369750000000002,0.06969249999999999,292.88838794000003
41,27,8,LT05_012031_19951024,0.058719999999999994,0.07312999999999997,0.07412000000000002,0.08168249999999999,292.81660952
42,28,8,LT05_012031_19951024,0.055475,0.07312999999999997,0.06889499999999998,0.06969249999999999,292.97725646000004
1,13,0,LT05_012031_19951109,0.03982749999999999,0.027645000000000003,0.03366749999999999,0.03215499999999999,276.01020518
2,14,0,LT05_012031_19951109,0.035977499999999996,0.0355375,0.03982749999999999,0.03897500000000001,277.47311774
1,13,0,LT05_012031_19960229,0.029817499999999997,0.02849750000000001,0.033695,0.02437249999999999,275.31976514
2,14,0,LT05_012031_19960229,0.042440000000000005,0.060699999999999976,0.05393500000000001,0.05819750000000001,275.60687882
3,14,1,LT05_012031_19960229,0.061360000000000026,0.067135,0.07414749999999998,0.06947249999999999,276.1674341
4,15,0,LT05_012031_19960229,0.04873749999999999,0.05429250000000002,0.05393500000000001,0.052559999999999996,276.72457136
5,15,1,LT05_012031_19960229,0.045630000000000004,0.0414225,0.043842500000000006,0.0413125,276.72457136
6,16,0,LT05_012031_19960229,0.05819750000000001,0.07354250000000001,0.06908750000000002,0.07511000000000001,277.28170862
7,16,1,LT05_012031_19960229,0.055062500000000014,0.060699999999999976,0.053962500000000024,0.05819750000000001,277.83200983999996
8,16,2,LT05_012031_19960229,0.048765,0.05429250000000002,0.053962500000000024,0.05819750000000001,277.74655934
10,17,1,LT05_012031_19960229,0.0519,0.05429250000000002,0.053962500000000024,0.046922500000000006,278.38231106
11,17,2,LT05_012031_19960229,0.051927500000000015,0.05429250000000002,0.053962500000000024,0.046922500000000006,278.29686056
12,18,1,LT05_012031_19960229,0.0519,0.05429250000000002,0.043842500000000006,0.0413125,278.38231106
13,18,2,LT05_012031_19960229,0.05822499999999997,0.060699999999999976,0.05902249999999998,0.05819750000000001,278.29686056
14,18,3,LT05_012031_19960229,0.048765,0.05431999999999998,0.04890249999999999,0.046922500000000006,277.74655934
15,19,1,LT05_012031_19960229,0.0801425,0.08635749999999998,0.07917999999999997,0.08635749999999998,278.38231106
16,19,2,LT05_012031_19960229,0.0832775,0.09914499999999998,0.10437000000000002,0.11448999999999998,277.83200983999996
17,19,3,LT05_012031_19960229,0.051927500000000015,0.06716250000000001,0.06911499999999998,0.07511000000000001,277.74655934
18,20,2,LT05_012031_19960229,0.0801425,0.09276499999999999,0.09936499999999998,0.10324250000000001,277.28170862
19,20,3,LT05_012031_19960229,0.058252499999999985,0.06716250000000001,0.06911499999999998,0.06947249999999999,277.19625812000004
20,20,4,LT05_012031_19960229,0.06765749999999998,0.07357000000000002,0.08423999999999998,0.08074749999999997,276.64253888
21,21,2,LT05_012031_19960229,0.0832775,0.10552499999999998,0.10940250000000001,0.1201275,276.56392442
22,21,3,LT05_012031_19960229,0.051927500000000015,0.04788500000000001,0.04890249999999999,0.046922500000000006,276.34858916
23,21,4,LT05_012031_19960229,0.03933249999999999,0.04144999999999999,0.04386999999999999,0.035674999999999985,275.79145189999997
25,22,3,LT05_012031_19960229,0.07079249999999998,0.07997749999999998,0.07917999999999997,0.08638499999999999,275.79145189999997
26,22,4,LT05_012031_19960229,0.05508999999999997,0.06716250000000001,0.06405499999999997,0.06947249999999999,275.79145189999997
27,22,5,LT05_012031_19960229,0.06765749999999998,0.06716250000000001,0.06408249999999999,0.06947249999999999,275.23431464
28,23,3,LT05_012031_19960229,0.0864125,0.09914499999999998,0.10940250000000001,0.1201275,275.79145189999997
29,23,4,LT05_012031_19960229,0.08330500000000002,0.10552499999999998,0.10940250000000001,0.1201275,275.23431464
30,23,5,LT05_012031_19960229,0.09265499999999999,0.09914499999999998,0.11443500000000001,0.1201275,275.23431464
32,24,4,LT05_012031_19960229,0.061415,0.07357000000000002,0.07917999999999997,0.08638499999999999,275.23431464
34,24,6,LT05_012031_19960229,0.055117499999999986,0.06718999999999997,0.06408249999999999,0.06386249999999999,274.67034134
35,25,5,LT05_012031_19960229,0.055117499999999986,0.06072749999999999,0.06408249999999999,0.06947249999999999,274.99847126
36,25,6,LT05_012031_19960229,0.055117499999999986,0.05434749999999999,0.06408249999999999,0.05822499999999997,274.99847126
37,25,7,LT05_012031_19960229,0.04882,0.04794000000000001,0.043897500000000006,0.04694999999999999,274.99847126
38,26,6,LT05_012031_19960229,0.05828,0.060755,0.06408249999999999,0.06947249999999999,274.99847126
39,26,7,LT05_012031_19960229,0.05828,0.06718999999999997,0.07417499999999999,0.07511000000000001,274.99847126
40,27,7,LT05_012031_19960229,0.06144250000000001,0.06718999999999997,0.07417499999999999,0.08074749999999997,275.56244456
41,27,8,LT05_012031_19960229,0.05830750000000001,0.06718999999999997,0.07417499999999999,0.07511000000000001,275.49750217999997
42,28,8,LT05_012031_19960229,0.06144250000000001,0.08000499999999999,0.07417499999999999,0.08074749999999997,275.72650952
1,13,0,LT05_012031_19960316,0.060067499999999996,0.060067499999999996,0.06229499999999999,0.05497999999999997,280.88088368
2,14,0,LT05_012031_19960316,0.07290999999999997,0.08121499999999998,0.079125,0.07884999999999998,281.17825142000004
3,14,1,LT05_012031_19960316,0.067795,0.07590750000000002,0.07494499999999998,0.0740925,281.17825142000004
4,15,0,LT05_012031_19960316,0.067795,0.07590750000000002,0.07494499999999998,0.0740925,281.17825142000004
5,15,1,LT05_012031_19960316,0.0626525,0.06537500000000002,0.06229499999999999,0.06455,281.17825142000004
6,16,0,LT05_012031_19960316,0.07290999999999997,0.08121499999999998,0.07494499999999998,0.07884999999999998,281.72171660000004
7,16,1,LT05_012031_19960316,0.06520999999999999,0.07065500000000002,0.06229499999999999,0.06930750000000002,281.72171660000004
8,16,2,LT05_012031_19960316,0.067795,0.06537500000000002,0.06650250000000002,0.06930750000000002,282.17631326000003
10,17,1,LT05_012031_19960316,0.0626525,0.06537500000000002,0.0623225,0.05979249999999997,282.26518178000003
11,17,2,LT05_012031_19960316,0.07035249999999998,0.07065500000000002,0.0623225,0.06455,282.71636042
12,18,1,LT05_012031_19960316,0.07035249999999998,0.08121499999999998,0.07073750000000001,0.06930750000000002,282.26518178000003
13,18,2,LT05_012031_19960316,0.08569749999999998,0.09702749999999999,0.10010750000000002,0.10269250000000002,282.71636042
14,18,3,LT05_012031_19960316,0.07290999999999997,0.07590750000000002,0.07073750000000001,0.0740925,282.71636042
16,19,2,LT05_012031_19960316,0.0985125,0.11801,0.1294225,0.13126500000000002,282.26518178000003
17,19,3,LT05_012031_19960316,0.07549499999999998,0.08649499999999999,0.08754,0.08839249999999998,282.17631326000003
18,20,2,LT05_012031_19960316,0.10104249999999998,0.11801,0.12106250000000002,0.12647999999999998,281.72171660000004
19,20,3,LT05_012031_19960316,0.07805250000000002,0.08649499999999999,0.08333249999999998,0.0836075,281.6362661
20,20,4,LT05_012031_19960316,0.07035249999999998,0.08649499999999999,0.08333249999999998,0.08839249999999998,281.09280092
21,21,2,LT05_012031_19960316,0.1137475,0.12848749999999998,0.1461425,0.14078000000000002,280.46730326
22,21,3,LT05_012031_19960316,0.08828249999999999,0.08649499999999999,0.09172000000000002,0.0836075,280.24513196
23,21,4,LT05_012031_19960316,0.067795,0.07065500000000002,0.07073750000000001,0.06455,280.24513196
25,22,3,LT05_012031_19960316,0.11121750000000002,0.1232625,0.13781,0.14078000000000002,279.69824875999996
26,22,4,LT05_012031_19960316,0.0985125,0.11278500000000002,0.1168825,0.1169925,279.69824875999996
27,22,5,LT05_012031_19960316,0.09339750000000002,0.10225250000000002,0.10849500000000001,0.11220750000000002,279.69824875999996
29,23,4,LT05_012031_19960316,0.10613,0.1232625,0.13781,0.1455375,279.69824875999996
30,23,5,LT05_012031_19960316,0.11880750000000001,0.13374000000000003,0.15032250000000003,0.15981,279.69824875999996
32,24,4,LT05_012031_19960316,0.07549499999999998,0.08121499999999998,0.08754,0.08839249999999998,280.24513196
33,24,5,LT05_012031_19960316,0.09081250000000002,0.09174749999999998,0.10431499999999999,0.10744999999999999,279.69824875999996
34,24,6,LT05_012031_19960316,0.08061000000000001,0.09174749999999998,0.09172000000000002,0.09315000000000001,279.69824875999996
35,25,5,LT05_012031_19960316,0.07549499999999998,0.08649499999999999,0.08333249999999998,0.0836075,280.58693396
36,25,6,LT05_012031_19960316,0.07805250000000002,0.09174749999999998,0.09172000000000002,0.10269250000000002,280.03663273999996
37,25,7,LT05_012031_19960316,0.0831675,0.11278500000000002,0.1168825,0.10744999999999999,278.92919426000003
38,26,6,LT05_012031_19960316,0.07549499999999998,0.07065500000000002,0.07494499999999998,0.0740925,280.58693396
39,26,7,LT05_012031_19960316,0.09339750000000002,0.1232625,0.13363000000000003,0.12647999999999998,279.4829135
40,27,7,LT05_012031_19960316,0.07549499999999998,0.09174749999999998,0.08754,0.08839249999999998,280.03663273999996
41,27,8,LT05_012031_19960316,0.07549499999999998,0.09174749999999998,0.09172000000000002,0.09315000000000001,279.97169036
42,28,8,LT05_012031_19960316,0.07549499999999998,0.08649499999999999,0.09172000000000002,0.09315000000000001,280.18018958
1,13,0,LT05_012031_19960401,0.06268000000000001,0.062212500000000004,0.06796000000000002,0.06364249999999999,293.46603332
2,14,0,LT05_012031_19960401,0.06509999999999999,0.07219500000000001,0.06796000000000002,0.072745,293.78049116
3,14,1,LT05_012031_19960401,0.07491750000000003,0.08220499999999997,0.08773249999999999,0.090895,293.78049116
4,15,0,LT05_012031_19960401,0.07244250000000002,0.07719999999999999,0.07981250000000001,0.08182,294.31028426
5,15,1,LT05_012031_19960401,0.06999499999999997,0.07719999999999999,0.07981250000000001,0.08182,294.31028426
6,16,0,LT05_012031_19960401,0.07244250000000002,0.08715499999999998,0.091665,0.09543249999999998,294.31028426
7,16,1,LT05_012031_19960401,0.06268000000000001,0.07219500000000001,0.06798749999999998,0.06820749999999998,294.31028426
8,16,2,LT05_012031_19960401,0.06754749999999998,0.07219500000000001,0.06798749999999998,0.072745,294.21799771999997
10,17,1,LT05_012031_19960401,0.06268000000000001,0.067245,0.06798749999999998,0.06367,294.31028426
11,17,2,LT05_012031_19960401,0.06754749999999998,0.07219500000000001,0.06798749999999998,0.06820749999999998,294.21799771999997
12,18,1,LT05_012031_19960401,0.06754749999999998,0.07719999999999999,0.07585249999999999,0.07730999999999999,294.31028426
13,18,2,LT05_012031_19960401,0.07002249999999999,0.08715499999999998,0.0955975,0.09543249999999998,294.21799771999997
14,18,3,LT05_012031_19960401,0.07002249999999999,0.07222250000000002,0.07984000000000002,0.08182,294.21799771999997
15,19,1,LT05_012031_19960401,0.07730999999999999,0.0921325,0.091665,0.09997,293.78049116
16,19,2,LT05_012031_19960401,0.08710000000000001,0.10205999999999998,0.11135499999999998,0.1226025,294.31028426
17,19,3,LT05_012031_19960401,0.08223249999999999,0.0921325,0.09169250000000001,0.09997,294.21799771999997
18,20,2,LT05_012031_19960401,0.08710000000000001,0.09710999999999997,0.11135499999999998,0.11355500000000002,293.78049116
19,20,3,LT05_012031_19960401,0.06270749999999997,0.07719999999999999,0.07984000000000002,0.07277250000000002,294.21799771999997
20,20,4,LT05_012031_19960401,0.07246999999999998,0.08715499999999998,0.08379999999999999,0.09543249999999998,294.21799771999997
21,21,2,LT05_012031_19960401,0.09194000000000002,0.10703750000000001,0.11528749999999999,0.1226025,293.07296102
22,21,3,LT05_012031_19960401,0.07002249999999999,0.08220499999999997,0.08377249999999997,0.08182,293.37032876
23,21,4,LT05_012031_19960401,0.067575,0.07222250000000002,0.0719475,0.07730999999999999,293.37032876
25,22,3,LT05_012031_19960401,0.08465250000000002,0.10205999999999998,0.11135499999999998,0.1226025,292.84053566
26,22,4,LT05_012031_19960401,0.0773375,0.09216000000000002,0.10349000000000003,0.10448000000000002,292.84053566
27,22,5,LT05_012031_19960401,0.07249749999999999,0.08220499999999997,0.09169250000000001,0.09543249999999998,292.84053566
28,23,3,LT05_012031_19960401,0.09194000000000002,0.11196,0.12312499999999998,0.13162249999999998,292.84053566
29,23,4,LT05_012031_19960401,0.08710000000000001,0.10703750000000001,0.11135499999999998,0.1226025,292.84053566
30,23,5,LT05_012031_19960401,0.09194000000000002,0.11196,0.11919249999999998,0.13162249999999998,292.84053566
32,24,4,LT05_012031_19960401,0.0773375,0.08220499999999997,0.09169250000000001,0.09543249999999998,293.37032876
33,24,5,LT05_012031_19960401,0.08712750000000002,0.10205999999999998,0.11135499999999998,0.1226025,293.90012186
34,24,6,LT05_012031_19960401,0.08951999999999999,0.11196,0.11919249999999998,0.127085,293.37032876
35,25,5,LT05_012031_19960401,0.07249749999999999,0.08223249999999999,0.07984000000000002,0.08182,294.78880705999995
36,25,6,LT05_012031_19960401,0.08467999999999998,0.1020875,0.11135499999999998,0.11806499999999998,294.26243198
37,25,7,LT05_012031_19960401,0.0895475,0.11693750000000003,0.11919249999999998,0.13162249999999998,293.73263887999997
38,26,6,LT05_012031_19960401,0.07981250000000001,0.0871825,0.08379999999999999,0.08635749999999998,294.78880705999995
39,26,7,LT05_012031_19960401,0.0895475,0.10703750000000001,0.1270575,0.1361325,294.26243198
40,27,7,LT05_012031_19960401,0.06763000000000002,0.0871825,0.09562500000000002,0.09997,294.78880705999995
41,27,8,LT05_012031_19960401,0.07739249999999998,0.09713749999999999,0.10349000000000003,0.11806499999999998,294.19065356
42,28,8,LT05_012031_19960401,0.07007750000000001,0.08721000000000001,0.09172000000000002,0.09997,293.82834344
1,13,0,LT05_012031_19960706,0.05926999999999999,0.08300249999999998,0.08657749999999997,0.10505750000000003,309.63668594
2,14,0,LT05_012031_19960706,0.06738250000000001,0.08712750000000002,0.09317750000000002,0.11281249999999998,310.52195312000003
3,14,1,LT05_012031_19960706,0.06529249999999998,0.08710000000000001,0.08984999999999999,0.11281249999999998,310.52195312000003
4,15,0,LT05_012031_19960706,0.06529249999999998,0.08297500000000002,0.08324999999999999,0.097275,311.62255556
5,15,1,LT05_012031_19960706,0.06325750000000002,0.08294750000000001,0.08322249999999998,0.10503000000000001,311.62255556
6,16,0,LT05_012031_19960706,0.06732749999999998,0.08294750000000001,0.08655000000000002,0.11281249999999998,312.16943876
7,16,1,LT05_012031_19960706,0.05712499999999998,0.0746425,0.07332250000000001,0.08949249999999997,312.16943876
8,16,2,LT05_012031_19960706,0.0652375,0.0870725,0.09315000000000001,0.11281249999999998,312.07031617999996
10,17,1,LT05_012031_19960706,0.04893,0.06213000000000002,0.06003999999999998,0.07387250000000001,312.16943876
11,17,2,LT05_012031_19960706,0.06520999999999999,0.08292,0.0865225,0.10115249999999998,311.52343298
12,18,1,LT05_012031_19960706,0.0632025,0.07461499999999999,0.079895,0.0933425,311.62255556
13,18,2,LT05_012031_19960706,0.07332250000000001,0.09116999999999997,0.102995,0.12059500000000001,310.97313176
14,18,3,LT05_012031_19960706,0.08344249999999998,0.11185,0.11286750000000001,0.1399825,310.97654978
15,19,1,LT05_012031_19960706,0.07332250000000001,0.09944750000000002,0.09639500000000001,0.12059500000000001,310.52195312000003
16,19,2,LT05_012031_19960706,0.08143499999999998,0.10357250000000001,0.11286750000000001,0.1399825,310.52195312000003
17,19,3,LT05_012031_19960706,0.07736500000000002,0.09529500000000002,0.09969499999999998,0.12835000000000002,310.42283054
18,20,2,LT05_012031_19960706,0.07736500000000002,0.09942000000000001,0.10629499999999997,0.12444500000000003,309.96823387999996
19,20,3,LT05_012031_19960706,0.06917000000000001,0.07871250000000002,0.07984000000000002,0.10115249999999998,309.8691113
20,20,4,LT05_012031_19960706,0.07321250000000001,0.10766999999999999,0.11284,0.12059500000000001,309.8691113
21,21,2,LT05_012031_19960706,0.08140750000000002,0.10766999999999999,0.11286750000000001,0.13610499999999998,309.22652354
22,21,3,LT05_012031_19960706,0.06509999999999999,0.08699000000000001,0.08646749999999997,0.10890749999999999,309.53414534
23,21,4,LT05_012031_19960706,0.06507249999999998,0.0869625,0.08644000000000002,0.10890749999999999,309.53414534
25,22,3,LT05_012031_19960706,0.0813525,0.10764249999999997,0.11284,0.13610499999999998,308.97700808
26,22,4,LT05_012031_19960706,0.08132499999999998,0.11179499999999998,0.11614000000000002,0.1399825,308.97700808
27,22,5,LT05_012031_19960706,0.08330500000000002,0.10349000000000003,0.11614000000000002,0.13219999999999998,308.97700808
28,23,3,LT05_012031_19960706,0.085395,0.11179499999999998,0.11943999999999999,0.1399825,308.42328884
29,23,4,LT05_012031_19960706,0.08940999999999999,0.11179499999999998,0.11614000000000002,0.1399825,308.97700808
30,23,5,LT05_012031_19960706,0.08734750000000002,0.11589250000000001,0.11614000000000002,0.1399825,308.97700808
32,24,4,LT05_012031_19960706,0.06498999999999999,0.08278249999999998,0.0864125,0.1050025,308.42328884
33,24,5,LT05_012031_19960706,0.08127000000000001,0.10761500000000002,0.11611250000000001,0.1399825,308.97700808
34,24,6,LT05_012031_19960706,0.09543249999999998,0.12824000000000002,0.14243,0.1670975,308.42328884
35,25,5,LT05_012031_19960706,0.06900499999999998,0.08690750000000003,0.08971249999999997,0.11275750000000001,309.35982632
36,25,6,LT05_012031_19960706,0.09337000000000001,0.12824000000000002,0.1391575,0.16321999999999998,309.35982632
37,25,7,LT05_012031_19960706,0.10346250000000001,0.13643500000000003,0.15224749999999998,0.17094749999999997,308.80268906000003
38,26,6,LT05_012031_19960706,0.06897750000000002,0.09931000000000001,0.10624,0.12444500000000003,309.35982632
39,26,7,LT05_012031_19960706,0.0953775,0.1282125,0.1391575,0.15937,309.35982632
40,27,7,LT05_012031_19960706,0.07505499999999998,0.0992825,0.10951250000000001,0.13610499999999998,309.91696358
41,27,8,LT05_012031_19960706,0.07909749999999999,0.10755999999999999,0.11941249999999998,0.14001000000000002,310.39548637999997
42,28,8,LT05_012031_19960706,0.072965,0.09512999999999999,0.10621249999999999,0.12835000000000002,310.00925012
1,13,0,LT05_012031_19960722,0.043704999999999994,0.05902249999999998,0.06652999999999998,0.08418500000000001,312.08740628
2,14,0,LT05_012031_19960722,0.0655675,0.08580749999999998,0.09493750000000001,0.119,313.45119625999996
3,14,1,LT05_012031_19960722,0.07739249999999998,0.08960249999999997,0.1012075,0.12669999999999998,313.45119625999996
4,15,0,LT05_012031_19960722,0.06754749999999998,0.08580749999999998,0.10123500000000002,0.12285000000000001,313.95706322
5,15,1,LT05_012031_19960722,0.05564000000000002,0.07049,0.07601750000000002,0.09966750000000002,313.95706322
6,16,0,LT05_012031_19960722,0.06358750000000002,0.08201249999999999,0.08864,0.10739500000000002,313.95706322
7,16,1,LT05_012031_19960722,0.05566749999999998,0.06666749999999999,0.06972,0.09196749999999998,313.95706322
8,16,2,LT05_012031_19960722,0.0695,0.07816250000000002,0.08864,0.1228225,313.85452262
10,17,1,LT05_012031_19960722,0.04571249999999999,0.05132249999999999,0.05707000000000001,0.07257999999999998,313.9536452
11,17,2,LT05_012031_19960722,0.057620000000000005,0.05902249999999998,0.06339499999999998,0.0958175,313.34865565999996
12,18,1,LT05_012031_19960722,0.053659999999999985,0.05902249999999998,0.06972,0.08809,313.45119625999996
13,18,2,LT05_012031_19960722,0.06952750000000002,0.07434000000000002,0.091775,0.119,313.34865565999996
14,18,3,LT05_012031_19960722,0.07346000000000003,0.08960249999999997,0.098045,0.1228225,312.3300857
15,19,1,LT05_012031_19960722,0.06952750000000002,0.08201249999999999,0.08864,0.119,312.94191128
16,19,2,LT05_012031_19960722,0.07937250000000001,0.10104249999999998,0.11377500000000002,0.15365,312.94191128
17,19,3,LT05_012031_19960722,0.06754749999999998,0.08201249999999999,0.09493750000000001,0.1112725,312.3300857
18,20,2,LT05_012031_19960722,0.07741999999999999,0.09342499999999998,0.11064000000000002,0.13824999999999998,312.43262630000004
19,20,3,LT05_012031_19960722,0.051680000000000004,0.07434000000000002,0.08231499999999997,0.10739500000000002,311.82080071999997
20,20,4,LT05_012031_19960722,0.06947249999999999,0.08195750000000002,0.09491,0.11512250000000002,311.30809772
21,21,2,LT05_012031_19960722,0.08723750000000002,0.10486499999999999,0.12318000000000001,0.14597749999999998,311.72851418
22,21,3,LT05_012031_19960722,0.06358750000000002,0.07816250000000002,0.08864,0.119,310.95945968
23,21,4,LT05_012031_19960722,0.059599999999999986,0.07434000000000002,0.08231499999999997,0.103545,310.44675668
25,22,3,LT05_012031_19960722,0.0813525,0.10104249999999998,0.11377500000000002,0.1498275,310.95945968
26,22,4,LT05_012031_19960722,0.07741999999999999,0.09724749999999999,0.1074775,0.13055,309.93063566
27,22,5,LT05_012031_19960722,0.07741999999999999,0.10486499999999999,0.126315,0.1498,309.41451464
28,23,3,LT05_012031_19960722,0.07346000000000003,0.09342499999999998,0.1043425,0.13440000000000002,309.41451464
29,23,4,LT05_012031_19960722,0.07741999999999999,0.10104249999999998,0.11064000000000002,0.13824999999999998,309.41451464
30,23,5,LT05_012031_19960722,0.08330500000000002,0.10486499999999999,0.12004500000000001,0.14597749999999998,309.41451464
32,24,4,LT05_012031_19960722,0.053659999999999985,0.06666749999999999,0.07599,0.09966750000000002,309.41451464
33,24,5,LT05_012031_19960722,0.06952750000000002,0.08580749999999998,0.10123500000000002,0.13055,309.93063566
34,24,6,LT05_012031_19960722,0.09510249999999998,0.1200175,0.14193499999999998,0.17287249999999998,309.93063566
35,25,5,LT05_012031_19960722,0.057620000000000005,0.0743125,0.08231499999999997,0.10739500000000002,310.83982898
36,25,6,LT05_012031_19960722,0.08132499999999998,0.10104249999999998,0.11377500000000002,0.14597749999999998,311.35595
37,25,7,LT05_012031_19960722,0.09507500000000002,0.12384,0.14193499999999998,0.1651725,311.35595
38,26,6,LT05_012031_19960722,0.06553999999999999,0.07816250000000002,0.07915250000000001,0.09966750000000002,311.868653
39,26,7,LT05_012031_19960722,0.085285,0.11245500000000003,0.12945,0.15365,312.37793797999996
40,27,7,LT05_012031_19960722,0.0695,0.08962999999999999,0.10123500000000002,0.12285000000000001,312.37793797999996
41,27,8,LT05_012031_19960722,0.0754125,0.09724749999999999,0.11691000000000001,0.13824999999999998,312.8086085
42,28,8,LT05_012031_19960722,0.06752000000000002,0.08580749999999998,0.1012075,0.12285000000000001,312.41211818
1,13,0,LT05_012031_19960807,0.07167249999999997,0.08754,0.09565249999999997,0.11891750000000001,312.50782274
2,14,0,LT05_012031_19960807,0.079015,0.08754,0.0993925,0.11891750000000001,313.45461428
3,14,1,LT05_012031_19960807,0.08151750000000002,0.09216000000000002,0.0993925,0.12340000000000001,313.45461428
4,15,0,LT05_012031_19960807,0.07904250000000002,0.10139999999999999,0.1106125,0.1278825,314.06985788
5,15,1,LT05_012031_19960807,0.07164500000000001,0.08754,0.08817249999999999,0.109925,314.06985788
6,16,0,LT05_012031_19960807,0.0839375,0.08754,0.09565249999999997,0.12340000000000001,314.68168346
7,16,1,LT05_012031_19960807,0.0740925,0.07359749999999998,0.0806925,0.10090500000000002,314.68168346
8,16,2,LT05_012031_19960807,0.07659500000000002,0.08289249999999998,0.08817249999999999,0.109925,314.58256087999996
10,17,1,LT05_012031_19960807,0.06672250000000002,0.07824500000000001,0.07692500000000002,0.091885,315.29350904
11,17,2,LT05_012031_19960807,0.06917000000000001,0.08289249999999998,0.08443250000000002,0.10090500000000002,315.19438646000003
12,18,1,LT05_012031_19960807,0.07659500000000002,0.08289249999999998,0.09191250000000001,0.1144075,315.29350904
13,18,2,LT05_012031_19960807,0.079015,0.08289249999999998,0.09565249999999997,0.12340000000000001,315.19438646000003
14,18,3,LT05_012031_19960807,0.08151750000000002,0.09677999999999998,0.10315999999999997,0.132365,314.58256087999996
15,19,1,LT05_012031_19960807,0.07659500000000002,0.09216000000000002,0.09191250000000001,0.12340000000000001,314.68168346
16,19,2,LT05_012031_19960807,0.09130749999999999,0.10599249999999999,0.1106125,0.15469500000000003,314.68168346
17,19,3,LT05_012031_19960807,0.08151750000000002,0.09677999999999998,0.10315999999999997,0.132365,314.58256087999996
18,20,2,LT05_012031_19960807,0.0864125,0.09677999999999998,0.11432500000000001,0.1413025,314.06985788
19,20,3,LT05_012031_19960807,0.079015,0.08754,0.08817249999999999,0.11891750000000001,314.58256087999996
20,20,4,LT05_012031_19960807,0.08149,0.08754,0.09565249999999997,0.12340000000000001,313.9707353
21,21,2,LT05_012031_19960807,0.0986225,0.10599249999999999,0.12175000000000002,0.15917750000000003,313.27004120000004
22,21,3,LT05_012031_19960807,0.08151750000000002,0.09216000000000002,0.09565249999999997,0.1278825,313.63576934
23,21,4,LT05_012031_19960807,0.079015,0.08754,0.09565249999999997,0.11891750000000001,313.02052574
25,22,3,LT05_012031_19960807,0.0864125,0.10599249999999999,0.11432500000000001,0.15023999999999998,313.02052574
26,22,4,LT05_012031_19960807,0.0864125,0.10139999999999999,0.1106125,0.13682,313.02052574
27,22,5,LT05_012031_19960807,0.09372750000000002,0.10139999999999999,0.11432500000000001,0.14575749999999998,313.02052574
28,23,3,LT05_012031_19960807,0.09130749999999999,0.09677999999999998,0.10687249999999998,0.13682,313.02052574
29,23,4,LT05_012031_19960807,0.08151750000000002,0.09677999999999998,0.10687249999999998,0.1413025,313.02052574
30,23,5,LT05_012031_19960807,0.09130749999999999,0.10139999999999999,0.11803750000000002,0.15023999999999998,313.02052574
32,24,4,LT05_012031_19960807,0.07164500000000001,0.08286500000000002,0.08443250000000002,0.109925,313.02052574
33,24,5,LT05_012031_19960807,0.07656750000000001,0.08754,0.10315999999999997,0.1278825,313.02052574
34,24,6,LT05_012031_19960807,0.08883249999999998,0.11523250000000002,0.13657249999999999,0.1680875,313.02052574
35,25,5,LT05_012031_19960807,0.07656750000000001,0.08754,0.09191250000000001,0.1144075,314.01858758000003
36,25,6,LT05_012031_19960807,0.08883249999999998,0.10599249999999999,0.11803750000000002,0.15023999999999998,313.40334398
37,25,7,LT05_012031_19960807,0.0986225,0.11064000000000002,0.12917499999999998,0.16363250000000001,313.40334398
38,26,6,LT05_012031_19960807,0.079015,0.09216000000000002,0.09936499999999998,0.12340000000000001,313.40334398
39,26,7,LT05_012031_19960807,0.09127999999999997,0.10137249999999998,0.11803750000000002,0.15469500000000003,313.40334398
40,27,7,LT05_012031_19960807,0.0814625,0.09216000000000002,0.09936499999999998,0.12340000000000001,313.40334398
41,27,8,LT05_012031_19960807,0.0814625,0.10137249999999998,0.11803750000000002,0.1413025,313.32814754000003
42,28,8,LT05_012031_19960807,0.0716175,0.0875125,0.10313250000000002,0.12340000000000001,313.5605729
26,22,4,LT05_012031_19961111,0.05811499999999997,0.053385000000000016,0.0534675,0.05599749999999998,281.95755998
27,22,5,LT05_012031_19961111,0.05811499999999997,0.053385000000000016,0.0534675,0.05599749999999998,281.40725876
28,23,3,LT05_012031_19961111,0.07689750000000001,0.09972249999999999,0.09551500000000002,0.10962250000000001,281.95755998
30,23,5,LT05_012031_19961111,0.08066499999999999,0.09205000000000002,0.10753249999999998,0.1163325,280.85353952
33,24,5,LT05_012031_19961111,0.073185,0.07662249999999998,0.08352500000000002,0.09622999999999998,280.85353952
34,24,6,LT05_012031_19961111,0.08066499999999999,0.09972249999999999,0.10753249999999998,0.12301499999999999,280.29982028
37,25,7,LT05_012031_19961111,0.058142499999999986,0.06113999999999997,0.04744499999999999,0.049287499999999984,278.07810728
39,26,7,LT05_012031_19961111,0.06191000000000002,0.06113999999999997,0.0534675,0.05599749999999998,279.51367568
1,13,0,LT05_012031_19970420,0.0475275,0.046564999999999995,0.05258750000000001,0.05937999999999999,298.28544152
2,14,0,LT05_012031_19970420,0.045575000000000004,0.050360000000000016,0.05885750000000001,0.06317499999999998,299.10918433999996
3,14,1,LT05_012031_19970420,0.06886750000000003,0.07288250000000002,0.0837175,0.09697250000000002,299.10918433999996
4,15,0,LT05_012031_19970420,0.05143249999999999,0.061634999999999995,0.06507249999999998,0.07818999999999998,299.60137922
5,15,1,LT05_012031_19970420,0.047554999999999986,0.050360000000000016,0.05885750000000001,0.066915,299.60137922
6,16,0,LT05_012031_19970420,0.053385000000000016,0.057867500000000016,0.07131500000000002,0.08195750000000002,299.60137922
7,16,1,LT05_012031_19970420,0.043649999999999994,0.04279749999999999,0.04637250000000001,0.05564000000000002,299.60137922
8,16,2,LT05_012031_19970420,0.057262499999999994,0.061634999999999995,0.06818000000000002,0.08195750000000002,299.50567465999995
10,17,1,LT05_012031_19970420,0.041724999999999984,0.042825,0.043265,0.04810500000000001,299.60137922
11,17,2,LT05_012031_19970420,0.05921500000000002,0.057867500000000016,0.06509999999999999,0.07071,299.50567465999995
12,18,1,LT05_012031_19970420,0.055365,0.050387499999999974,0.07131500000000002,0.07818999999999998,299.60137922
13,18,2,LT05_012031_19970420,0.05921500000000002,0.06542999999999999,0.0744225,0.08198499999999997,299.50567465999995
14,18,3,LT05_012031_19970420,0.06696999999999997,0.06917000000000001,0.07752999999999999,0.0932325,299.99445152
15,19,1,LT05_012031_19970420,0.07472499999999999,0.0841575,0.09925499999999998,0.11949500000000002,299.10918433999996
16,19,2,LT05_012031_19970420,0.07665,0.08789750000000002,0.10547000000000001,0.11949500000000002,299.60137922
17,19,3,LT05_012031_19970420,0.07279999999999998,0.07667750000000001,0.09306750000000003,0.10821999999999998,299.50567465999995
18,20,2,LT05_012031_19970420,0.08245249999999998,0.09911750000000003,0.11473749999999999,0.13074249999999998,298.61357144
19,20,3,LT05_012031_19970420,0.05731750000000002,0.06542999999999999,0.07131500000000002,0.07818999999999998,299.01347978
20,20,4,LT05_012031_19970420,0.059242499999999976,0.07290999999999997,0.08063749999999997,0.085725,298.51786688
21,21,2,LT05_012031_19970420,0.09785250000000001,0.11776249999999999,0.13022,0.14947,297.93680348
22,21,3,LT05_012031_19970420,0.06314750000000002,0.07667750000000001,0.08374500000000001,0.09697250000000002,297.69070604
23,21,4,LT05_012031_19970420,0.047609999999999986,0.050387499999999974,0.05261500000000002,0.06317499999999998,297.19509314
25,22,3,LT05_012031_19970420,0.0747525,0.09540500000000002,0.11168499999999998,0.126975,296.69606222
26,22,4,LT05_012031_19970420,0.08245249999999998,0.09911750000000003,0.11784499999999998,0.13074249999999998,296.69606222
27,22,5,LT05_012031_19970420,0.07862999999999998,0.091665,0.11473749999999999,0.126975,296.69606222
28,23,3,LT05_012031_19970420,0.06895000000000001,0.08792499999999998,0.10549750000000002,0.12323499999999998,296.69606222
29,23,4,LT05_012031_19970420,0.07667750000000001,0.08792499999999998,0.10549750000000002,0.12323499999999998,296.69606222
30,23,5,LT05_012031_19970420,0.08245249999999998,0.091665,0.10549750000000002,0.126975,296.69606222
32,24,4,LT05_012031_19970420,0.0476375,0.05041499999999999,0.061992500000000006,0.07071,296.69606222
33,24,5,LT05_012031_19970420,0.067025,0.07293749999999999,0.0899875,0.10821999999999998,297.19509314
34,24,6,LT05_012031_19970420,0.0843775,0.09911750000000003,0.11784499999999998,0.138195,297.19509314
35,25,5,LT05_012031_19970420,0.0418075,0.05420999999999998,0.05891249999999998,0.07071,298.07010626
36,25,6,LT05_012031_19970420,0.06895000000000001,0.091665,0.09925499999999998,0.11949500000000002,298.07010626
37,25,7,LT05_012031_19970420,0.08825499999999997,0.11033749999999998,0.12095250000000002,0.1419625,298.07010626
38,26,6,LT05_012031_19970420,0.05737249999999999,0.06922499999999998,0.07445000000000002,0.08946500000000002,298.56571915999996
39,26,7,LT05_012031_19970420,0.072855,0.08418500000000001,0.09617500000000001,0.11572749999999998,298.56571915999996
40,27,7,LT05_012031_19970420,0.0592975,0.0654575,0.0775575,0.085725,298.56571915999996
41,27,8,LT05_012031_19970420,0.06705250000000001,0.08792499999999998,0.10549750000000002,0.11572749999999998,298.49052272
42,28,8,LT05_012031_19970420,0.05932500000000002,0.072965,0.08377249999999997,0.0932325,298.6067354
1,13,0,LT05_012031_19970623,0.06240499999999999,0.08765,0.09265499999999999,0.103655,315.57378668
2,14,0,LT05_012031_19970623,0.06617250000000002,0.09152749999999998,0.09573500000000001,0.11091499999999999,317.68954106
3,14,1,LT05_012031_19970623,0.0718375,0.08765,0.09262749999999997,0.11454500000000001,317.68954106
4,15,0,LT05_012031_19970623,0.06807000000000002,0.08377249999999997,0.0895475,0.103655,319.44298532
5,15,1,LT05_012031_19970623,0.06240499999999999,0.07986749999999998,0.08335999999999999,0.103655,319.44298532
6,16,0,LT05_012031_19970623,0.06807000000000002,0.08377249999999997,0.08644000000000002,0.103655,320.60169410000003
7,16,1,LT05_012031_19970623,0.05294500000000002,0.06433,0.06471500000000002,0.07816250000000002,320.60169410000003
8,16,2,LT05_012031_19970623,0.06047999999999998,0.07601750000000002,0.0802525,0.09999750000000002,320.49915350000003
10,17,1,LT05_012031_19970623,0.05102000000000001,0.06047999999999998,0.06160749999999998,0.07087500000000002,320.02404872
11,17,2,LT05_012031_19970623,0.06994,0.07986749999999998,0.08335999999999999,0.09999750000000002,319.92150812
12,18,1,LT05_012031_19970623,0.06996750000000002,0.08765,0.09573500000000001,0.10728500000000002,318.86192192
13,18,2,LT05_012031_19970623,0.08311249999999998,0.0953775,0.10808250000000003,0.12906499999999999,318.75938132
14,18,3,LT05_012031_19970623,0.08688000000000001,0.10698249999999998,0.11426999999999998,0.12906499999999999,318.75938132
15,19,1,LT05_012031_19970623,0.09438750000000001,0.126205,0.13890999999999998,0.15444750000000002,317.10164162
16,19,2,LT05_012031_19970623,0.09061999999999998,0.114655,0.12967,0.15805000000000002,317.68954106
17,19,3,LT05_012031_19970623,0.08311249999999998,0.09922750000000002,0.1111625,0.132695,317.58700046
18,20,2,LT05_012031_19970623,0.08688000000000001,0.11080499999999999,0.13274999999999998,0.14358500000000002,316.51032416
19,20,3,LT05_012031_19970623,0.07557750000000002,0.09152749999999998,0.09262749999999997,0.11454500000000001,316.40778356
20,20,4,LT05_012031_19970623,0.07557750000000002,0.10698249999999998,0.1111625,0.12543500000000002,316.40778356
21,21,2,LT05_012031_19970623,0.09622999999999998,0.12235499999999999,0.13890999999999998,0.15805000000000002,315.72417956
22,21,3,LT05_012031_19970623,0.079345,0.09152749999999998,0.09881499999999999,0.121805,316.06256354
23,21,4,LT05_012031_19970623,0.05858249999999998,0.08374500000000001,0.0895475,0.103655,315.46782806
25,22,3,LT05_012031_19970623,0.09249000000000002,0.103105,0.11426999999999998,0.13992749999999998,315.47124608
26,22,4,LT05_012031_19970623,0.08688000000000001,0.10698249999999998,0.12351000000000001,0.13992749999999998,315.47124608
27,22,5,LT05_012031_19970623,0.0812425,0.09922750000000002,0.1111625,0.12906499999999999,314.87309258
28,23,3,LT05_012031_19970623,0.08311249999999998,0.11080499999999999,0.12042999999999998,0.132695,315.47124608
29,23,4,LT05_012031_19970623,0.09812749999999998,0.12232749999999998,0.13583,0.1508175,315.47124608
30,23,5,LT05_012031_19970623,0.0924625,0.11850500000000003,0.12042999999999998,0.13992749999999998,314.87651059999996
32,24,4,LT05_012031_19970623,0.06994,0.08765,0.09262749999999997,0.10728500000000002,315.47124608
33,24,5,LT05_012031_19970623,0.08500999999999997,0.10695500000000002,0.12042999999999998,0.13629750000000002,314.87651059999996
34,24,6,LT05_012031_19970623,0.09061999999999998,0.1261775,0.1419625,0.1652825,314.2783571
35,25,5,LT05_012031_19970623,0.062377499999999975,0.08374500000000001,0.09262749999999997,0.10728500000000002,315.26616488
36,25,6,LT05_012031_19970623,0.08308500000000002,0.12232749999999998,0.13583,0.15444750000000002,314.66801138
37,25,7,LT05_012031_19970623,0.09810000000000002,0.13387749999999998,0.14815,0.17251500000000003,314.66801138
38,26,6,LT05_012031_19970623,0.06991249999999999,0.09534999999999999,0.10497499999999998,0.11817499999999997,315.2695829
39,26,7,LT05_012031_19970623,0.0924625,0.11850500000000003,0.12967,0.1508175,315.26616488
40,27,7,LT05_012031_19970623,0.0774475,0.09922750000000002,0.1111625,0.12906499999999999,315.86431838
41,27,8,LT05_012031_19970623,0.0774475,0.10695500000000002,0.11735000000000001,0.13629750000000002,315.78570392
42,28,8,LT05_012031_19970623,0.07178249999999997,0.09922750000000002,0.10497499999999998,0.12543500000000002,315.98736710000003
1,13,0,LT05_012031_19970826,0.058967500000000006,0.06586999999999998,0.066695,0.07656750000000001,306.99455648
2,14,0,LT05_012031_19970826,0.06345,0.08401999999999998,0.0811325,0.08924500000000002,307.88324167999997
3,14,1,LT05_012031_19970826,0.07013249999999999,0.08401999999999998,0.08831,0.10610249999999999,307.88324167999997
4,15,0,LT05_012031_19970826,0.061195,0.07040750000000001,0.07750249999999997,0.08500999999999997,308.44037893999996
5,15,1,LT05_012031_19970826,0.06345,0.07948250000000001,0.0811325,0.09768749999999998,308.44037893999996
6,16,0,LT05_012031_19970826,0.06562249999999997,0.07948250000000001,0.08110499999999998,0.0934525,308.44037893999996
7,16,1,LT05_012031_19970826,0.056684999999999985,0.06584250000000003,0.07029750000000001,0.08500999999999997,308.44037893999996
8,16,2,LT05_012031_19970826,0.05893999999999999,0.07494499999999998,0.07390000000000002,0.08924500000000002,308.34467438
10,17,1,LT05_012031_19970826,0.054485000000000006,0.061305,0.06306499999999998,0.06386249999999999,308.44037893999996
11,17,2,LT05_012031_19970826,0.05893999999999999,0.07948250000000001,0.08110499999999998,0.0934525,308.34467438
12,18,1,LT05_012031_19970826,0.06785000000000002,0.07491750000000003,0.07747500000000002,0.08500999999999997,307.88324167999997
13,18,2,LT05_012031_19970826,0.06785000000000002,0.079455,0.08828249999999999,0.09768749999999998,308.34467438
14,18,3,LT05_012031_19970826,0.07676,0.08847500000000003,0.09185749999999998,0.11454500000000001,308.34467438
15,19,1,LT05_012031_19970826,0.08344249999999998,0.10203250000000003,0.10621249999999999,0.12713999999999998,307.3226864
16,19,2,LT05_012031_19970826,0.08344249999999998,0.09752250000000001,0.11338999999999999,0.1355825,307.88324167999997
17,19,3,LT05_012031_19970826,0.07673249999999998,0.08847500000000003,0.0954875,0.11454500000000001,308.34467438
18,20,2,LT05_012031_19970826,0.08341500000000002,0.09752250000000001,0.10621249999999999,0.12296000000000001,307.88324167999997
19,20,3,LT05_012031_19970826,0.06339499999999998,0.079455,0.07747500000000002,0.08924500000000002,307.78753712
20,20,4,LT05_012031_19970826,0.07007750000000001,0.09752250000000001,0.0990625,0.11454500000000001,308.34467438
21,21,2,LT05_012031_19970826,0.09004250000000003,0.10654249999999998,0.11696499999999999,0.1397625,307.14153134000003
22,21,3,LT05_012031_19970826,0.07005,0.09298499999999998,0.09185749999999998,0.10610249999999999,307.45257116
23,21,4,LT05_012031_19970826,0.06336750000000002,0.079455,0.08110499999999998,0.08924500000000002,307.45257116
25,22,3,LT05_012031_19970826,0.07895999999999997,0.10654249999999998,0.109815,0.1355825,306.8954339
26,22,4,LT05_012031_19970826,0.07670500000000002,0.10203250000000003,0.10263749999999999,0.12296000000000001,306.8954339
27,22,5,LT05_012031_19970826,0.07670500000000002,0.097495,0.10263749999999999,0.11454500000000001,306.33487862
28,23,3,LT05_012031_19970826,0.07893250000000002,0.10200500000000001,0.10621249999999999,0.12713999999999998,306.8954339
29,23,4,LT05_012031_19970826,0.0833875,0.10651500000000003,0.109815,0.13137500000000002,306.8954339
30,23,5,LT05_012031_19970826,0.0833875,0.10651500000000003,0.11338999999999999,0.1397625,306.33487862
32,24,4,LT05_012031_19970826,0.06553999999999999,0.07489000000000001,0.08107750000000002,0.09766000000000002,306.8954339
33,24,5,LT05_012031_19970826,0.0722775,0.09298499999999998,0.10260999999999998,0.12296000000000001,306.8954339
34,24,6,LT05_012031_19970826,0.0833875,0.115535,0.12411499999999998,0.14817750000000002,306.8954339
35,25,5,LT05_012031_19970826,0.06553999999999999,0.08396500000000001,0.08467999999999998,0.09766000000000002,307.8353894
36,25,6,LT05_012031_19970826,0.07667750000000001,0.10651500000000003,0.11336249999999998,0.1397625,307.83197138
37,25,7,LT05_012031_19970826,0.08116000000000001,0.11102499999999998,0.12411499999999998,0.14397,307.83197138
38,26,6,LT05_012031_19970826,0.06776749999999998,0.08844750000000001,0.09183000000000002,0.10610249999999999,308.38910864
39,26,7,LT05_012031_19970826,0.08335999999999999,0.10651500000000003,0.11336249999999998,0.13137500000000002,308.38910864
40,27,7,LT05_012031_19970826,0.06776749999999998,0.08842,0.08825499999999997,0.10189500000000001,308.9462459
41,27,8,LT05_012031_19970826,0.07665,0.10200500000000001,0.10978749999999998,0.12713999999999998,308.87104946
42,28,8,LT05_012031_19970826,0.0744225,0.1019775,0.10260999999999998,0.11454500000000001,308.48823122
1,13,0,LT05_012031_19970927,0.03523499999999999,0.04200000000000001,0.040075,0.0442825,297.53689513999996
2,14,0,LT05_012031_19970927,0.030257499999999993,0.04200000000000001,0.048132499999999995,0.053659999999999985,298.90752116
3,14,1,LT05_012031_19970927,0.05764750000000002,0.06224000000000002,0.06023250000000002,0.0770075,298.90752116
4,15,0,LT05_012031_19970927,0.050167499999999976,0.06732749999999998,0.06823499999999999,0.07233250000000002,299.95343528
5,15,1,LT05_012031_19970927,0.050167499999999976,0.05214750000000001,0.06023250000000002,0.067685,299.43047822
6,16,0,LT05_012031_19970927,0.06012250000000002,0.08245249999999998,0.08030749999999998,0.08633000000000002,299.95343528
7,16,1,LT05_012031_19970927,0.042715,0.04705999999999999,0.048132499999999995,0.05830750000000001,299.95343528
8,16,2,LT05_012031_19970927,0.055145,0.06224000000000002,0.06023250000000002,0.0770075,299.33819168
10,17,1,LT05_012031_19970927,0.04519000000000001,0.05214750000000001,0.048132499999999995,0.053659999999999985,299.43047822
11,17,2,LT05_012031_19970927,0.05764750000000002,0.07235999999999998,0.06424750000000001,0.067685,299.33819168
12,18,1,LT05_012031_19970927,0.05764750000000002,0.05718000000000001,0.05619000000000002,0.07233250000000002,298.90752116
13,18,2,LT05_012031_19970927,0.0476925,0.05214750000000001,0.05619000000000002,0.0770075,298.81523461999996
14,18,3,LT05_012031_19970927,0.05264249999999998,0.06732749999999998,0.06823499999999999,0.091005,298.81523461999996
15,19,1,LT05_012031_19970927,0.07002249999999999,0.07235999999999998,0.08030749999999998,0.10032750000000001,297.854771
16,19,2,LT05_012031_19970927,0.06754749999999998,0.09249000000000002,0.10032750000000001,0.11894500000000002,298.38456410000003
17,19,3,LT05_012031_19970927,0.06259749999999997,0.07739249999999998,0.08432250000000002,0.09567999999999999,298.81523461999996
18,20,2,LT05_012031_19970927,0.07002249999999999,0.09249000000000002,0.10032750000000001,0.11894500000000002,297.854771
19,20,3,LT05_012031_19970927,0.05264249999999998,0.07739249999999998,0.07224999999999998,0.091005,298.28885954
20,20,4,LT05_012031_19970927,0.06012250000000002,0.07235999999999998,0.07224999999999998,0.08168249999999999,298.28885954
21,21,2,LT05_012031_19970927,0.07986749999999998,0.1075875,0.11231750000000001,0.1328875,297.67703396
22,21,3,LT05_012031_19970927,0.05764750000000002,0.07739249999999998,0.07224999999999998,0.09567999999999999,297.96414763999996
23,21,4,LT05_012031_19970927,0.04268749999999999,0.05718000000000001,0.05217499999999997,0.06301000000000001,297.96414763999996
25,22,3,LT05_012031_19970927,0.06754749999999998,0.09249000000000002,0.10032750000000001,0.11894500000000002,297.43777256
26,22,4,LT05_012031_19970927,0.06012250000000002,0.07739249999999998,0.08432250000000002,0.08633000000000002,297.96414763999996
27,22,5,LT05_012031_19970927,0.06012250000000002,0.07235999999999998,0.07224999999999998,0.08168249999999999,297.43777256
28,23,3,LT05_012031_19970927,0.08478999999999998,0.10255500000000001,0.11231750000000001,0.1328875,297.43777256
29,23,4,LT05_012031_19970927,0.07986749999999998,0.1075875,0.11231750000000001,0.1328875,297.96414763999996
30,23,5,LT05_012031_19970927,0.08973999999999999,0.11259249999999998,0.12031999999999998,0.14221,296.38160438
32,24,4,LT05_012031_19970927,0.047664999999999985,0.06729999999999997,0.06424750000000001,0.08168249999999999,296.91139748
33,24,5,LT05_012031_19970927,0.06999499999999997,0.09249000000000002,0.09631250000000002,0.12362000000000001,296.38160438
34,24,6,LT05_012031_19970927,0.07739249999999998,0.09752250000000001,0.10832999999999998,0.12362000000000001,296.38160438
35,25,5,LT05_012031_19970927,0.05014000000000002,0.05718000000000001,0.06020500000000001,0.07233250000000002,297.27712562
36,25,6,LT05_012031_19970927,0.06752000000000002,0.09249000000000002,0.09631250000000002,0.10965000000000003,297.27712562
37,25,7,LT05_012031_19970927,0.08478999999999998,0.1075875,0.12031999999999998,0.1328875,297.27712562
38,26,6,LT05_012031_19970927,0.05261500000000002,0.062212500000000004,0.06424750000000001,0.07233250000000002,297.80691872
39,26,7,LT05_012031_19970927,0.07494499999999998,0.1025275,0.1163325,0.1328875,297.80691872
40,27,7,LT05_012031_19970927,0.055117499999999986,0.06729999999999997,0.07626499999999997,0.091005,298.3332938
41,27,8,LT05_012031_19970927,0.07246999999999998,0.08745750000000002,0.10032750000000001,0.11894500000000002,298.78789045999997
42,28,8,LT05_012031_19970927,0.06257000000000001,0.07736500000000002,0.08028000000000002,0.09567999999999999,298.41532628
27,22,5,LT05_012031_19980202,0.06460500000000002,0.05462250000000002,0.055062500000000014,0.05135000000000001,278.3378768
28,23,3,LT05_012031_19980202,0.079345,0.09958499999999998,0.09037250000000002,0.09812749999999998,278.3378768
29,23,4,LT05_012031_19980202,0.08666000000000001,0.09958499999999998,0.10211500000000001,0.10481000000000001,278.3378768
30,23,5,LT05_012031_19980202,0.08666000000000001,0.09958499999999998,0.10794500000000001,0.10481000000000001,278.3378768
32,24,4,LT05_012031_19980202,0.05723499999999998,0.062102500000000005,0.060975,0.05803249999999999,278.3378768
33,24,5,LT05_012031_19980202,0.07566,0.08459749999999999,0.08445999999999998,0.091445,277.76364944
34,24,6,LT05_012031_19980202,0.06831749999999998,0.08459749999999999,0.07860250000000002,0.0781075,277.76364944
35,25,5,LT05_012031_19980202,0.06831749999999998,0.06963750000000002,0.06683250000000002,0.06474249999999998,278.09177936000003
36,25,6,LT05_012031_19980202,0.06460500000000002,0.06963750000000002,0.060975,0.05135000000000001,278.09177936000003
37,25,7,LT05_012031_19980202,0.06094749999999999,0.05462250000000002,0.043265,0.03798499999999999,277.25094644
38,26,6,LT05_012031_19980202,0.06460500000000002,0.062102500000000005,0.055062500000000014,0.05135000000000001,278.66942474
39,26,7,LT05_012031_19980202,0.05723499999999998,0.05462250000000002,0.043265,0.044694999999999985,278.66942474
40,27,7,LT05_012031_19980202,0.06460500000000002,0.062102500000000005,0.049177499999999985,0.05135000000000001,278.66942474
41,27,8,LT05_012031_19980202,0.06094749999999999,0.062102500000000005,0.060975,0.05803249999999999,278.60448236
42,28,8,LT05_012031_19980202,0.06460500000000002,0.06963750000000002,0.060975,0.05803249999999999,278.84374376
1,13,0,LT05_012031_19980407,0.049754999999999994,0.054952500000000015,0.0568225,0.06185499999999999,296.28589982
2,14,0,LT05_012031_19980407,0.057977500000000015,0.05921500000000002,0.06023250000000002,0.06573249999999997,296.61061172
3,14,1,LT05_012031_19980407,0.06207499999999999,0.07197500000000001,0.07719999999999999,0.07728249999999998,296.61061172
4,15,0,LT05_012031_19980407,0.06003999999999998,0.07197500000000001,0.07379000000000002,0.07728249999999998,296.61061172
5,15,1,LT05_012031_19980407,0.06003999999999998,0.06347750000000002,0.067025,0.073405,296.61061172
6,16,0,LT05_012031_19980407,0.07230500000000001,0.08470749999999999,0.08734750000000002,0.09265499999999999,296.61061172
7,16,1,LT05_012031_19980407,0.057977500000000015,0.06347750000000002,0.06023250000000002,0.06185499999999999,297.1028066
8,16,2,LT05_012031_19980407,0.057977500000000015,0.06771250000000001,0.07040750000000001,0.073405,297.49929692
10,17,1,LT05_012031_19980407,0.049754999999999994,0.054952500000000015,0.05003000000000002,0.046454999999999996,297.59500148
11,17,2,LT05_012031_19980407,0.057977500000000015,0.06347750000000002,0.06361499999999998,0.06955499999999998,297.98807378000004
12,18,1,LT05_012031_19980407,0.051844999999999974,0.054952500000000015,0.0568225,0.06185499999999999,298.08377834
13,18,2,LT05_012031_19980407,0.06207499999999999,0.06771250000000001,0.07719999999999999,0.0811325,298.47685064
14,18,3,LT05_012031_19980407,0.06617250000000002,0.08044499999999999,0.0805825,0.08880500000000002,297.98807378000004
15,19,1,LT05_012031_19980407,0.090675,0.11011749999999998,0.12793749999999998,0.1311275,297.59500148
16,19,2,LT05_012031_19980407,0.08657749999999997,0.1016475,0.11781750000000002,0.1272775,298.08377834
17,19,3,LT05_012031_19980407,0.07637500000000003,0.08044499999999999,0.08734750000000002,0.09653250000000002,297.98807378000004
18,20,2,LT05_012031_19980407,0.0804725,0.1016475,0.10764249999999997,0.1195775,297.59500148
19,20,3,LT05_012031_19980407,0.06411,0.07623750000000001,0.0805825,0.0811325,297.49929692
20,20,4,LT05_012031_19980407,0.07637500000000003,0.08894249999999998,0.097495,0.10805500000000001,297.00710204
21,21,2,LT05_012031_19980407,0.09471750000000001,0.10588249999999999,0.11102499999999998,0.115755,296.92165153999997
22,21,3,LT05_012031_19980407,0.06411,0.08470749999999999,0.08734750000000002,0.084955,296.67897212
23,21,4,LT05_012031_19980407,0.045630000000000004,0.054925,0.0568225,0.05415500000000001,296.18677723999997
25,22,3,LT05_012031_19980407,0.08657749999999997,0.11435250000000002,0.11443500000000001,0.1195775,296.18677723999997
26,22,4,LT05_012031_19980407,0.08657749999999997,0.1016475,0.10426000000000002,0.10805500000000001,295.69116434
27,22,5,LT05_012031_19980407,0.07840999999999998,0.09317750000000002,0.09411249999999999,0.10420499999999999,295.19555144000003
28,23,3,LT05_012031_19980407,0.0804725,0.10588249999999999,0.11102499999999998,0.12342750000000002,295.69116434
29,23,4,LT05_012031_19980407,0.090675,0.11011749999999998,0.12455500000000003,0.1311275,295.19555144000003
30,23,5,LT05_012031_19980407,0.09675250000000002,0.11856,0.13129249999999998,0.1464725,294.1974896
32,24,4,LT05_012031_19980407,0.06207499999999999,0.07623750000000001,0.0805825,0.084955,295.19555144000003
33,24,5,LT05_012031_19980407,0.08861249999999998,0.10588249999999999,0.11443500000000001,0.1272775,293.69504066
34,24,6,LT05_012031_19980407,0.07637500000000003,0.1016475,0.11443500000000001,0.12342750000000002,292.68330674000003
35,25,5,LT05_012031_19980407,0.06204749999999998,0.07197500000000001,0.07719999999999999,0.08880500000000002,293.55831986
36,25,6,LT05_012031_19980407,0.06818000000000002,0.08894249999999998,0.10087750000000001,0.11190499999999998,292.5397499
37,25,7,LT05_012031_19980407,0.09064749999999999,0.11011749999999998,0.11102499999999998,0.1272775,291.5143439
38,26,6,LT05_012031_19980407,0.07434000000000002,0.08044499999999999,0.0805825,0.084955,292.5397499
39,26,7,LT05_012031_19980407,0.11091499999999999,0.13121,0.12117250000000002,0.115755,292.02704689999996
40,27,7,LT05_012031_19980407,0.07840999999999998,0.08044499999999999,0.08396500000000001,0.07728249999999998,293.04903488
41,27,8,LT05_012031_19980407,0.09265499999999999,0.11856,0.11781750000000002,0.115755,293.48654144
42,28,8,LT05_012031_19980407,0.060012500000000024,0.08897,0.09075749999999999,0.10038249999999999,294.6247421
1,13,0,LT05_012031_19980610,0.051624999999999976,0.06466,0.06488,0.08627499999999999,314.02542361999997
2,14,0,LT05_012031_19980610,0.07257999999999998,0.09966750000000002,0.10519499999999998,0.11512250000000002,314.37406166
3,14,1,LT05_012031_19980610,0.07827250000000002,0.09966750000000002,0.10519499999999998,0.11875249999999998,314.88676466
4,15,0,LT05_012031_19980610,0.06685999999999998,0.09191250000000001,0.08971249999999997,0.10431499999999999,314.88676466
5,15,1,LT05_012031_19980610,0.06498999999999999,0.08412999999999998,0.0834975,0.10071249999999998,314.88676466
6,16,0,LT05_012031_19980610,0.06878499999999999,0.08803499999999997,0.0927925,0.1079175,314.88676466
7,16,1,LT05_012031_19980610,0.05926999999999999,0.07244250000000002,0.07109500000000002,0.08624749999999998,314.88676466
8,16,2,LT05_012031_19980610,0.06498999999999999,0.0802525,0.0834975,0.10431499999999999,315.29692706000003
10,17,1,LT05_012031_19980610,0.04972750000000001,0.060755,0.05555749999999998,0.07180999999999998,314.88676466
11,17,2,LT05_012031_19980610,0.06498999999999999,0.07634750000000001,0.07423000000000002,0.0898775,315.29350904
12,18,1,LT05_012031_19980610,0.06878499999999999,0.08803499999999997,0.08660499999999999,0.09710999999999997,314.88676466
13,18,2,LT05_012031_19980610,0.07637500000000003,0.09966750000000002,0.10519499999999998,0.12956,315.29350904
14,18,3,LT05_012031_19980610,0.07257999999999998,0.09191250000000001,0.1020875,0.11152000000000001,315.29350904
15,19,1,LT05_012031_19980610,0.0952675,0.12669999999999998,0.139075,0.15827000000000002,313.85794064000004
16,19,2,LT05_012031_19980610,0.097165,0.13442749999999998,0.15442,0.18335,314.88676466
17,19,3,LT05_012031_19980610,0.08204,0.1112725,0.12062250000000002,0.1367375,314.78422406
18,20,2,LT05_012031_19980610,0.1046725,0.14595000000000002,0.16971000000000003,0.194075,313.3384016
19,20,3,LT05_012031_19980610,0.07637500000000003,0.11512250000000002,0.126755,0.14034000000000002,313.75540004
20,20,4,LT05_012031_19980610,0.07447749999999997,0.09578999999999999,0.1020875,0.11152000000000001,313.75540004
21,21,2,LT05_012031_19980610,0.10093249999999998,0.1382775,0.163605,0.18695250000000002,312.1079144
22,21,3,LT05_012031_19980610,0.085835,0.12285000000000001,0.132915,0.14751750000000002,312.36768392
23,21,4,LT05_012031_19980610,0.06685999999999998,0.08412999999999998,0.08971249999999997,0.09710999999999997,312.36768392
25,22,3,LT05_012031_19980610,0.11218,0.14977249999999998,0.163605,0.18695250000000002,311.32860584
26,22,4,LT05_012031_19980610,0.10090500000000002,0.12669999999999998,0.139075,0.15469500000000003,311.84814488
27,22,5,LT05_012031_19980610,0.085835,0.09966750000000002,0.11446250000000002,0.12956,311.32860584
28,23,3,LT05_012031_19980610,0.1046725,0.1305775,0.1452075,0.16904999999999998,310.80564877999996
29,23,4,LT05_012031_19980610,0.1046725,0.1305775,0.15133999999999997,0.16904999999999998,310.80564877999996
30,23,5,LT05_012031_19980610,0.11218,0.13442749999999998,0.15133999999999997,0.16547499999999998,309.75289862
32,24,4,LT05_012031_19980610,0.07068249999999998,0.0802525,0.10519499999999998,0.11512250000000002,310.2792737
33,24,5,LT05_012031_19980610,0.1475725,0.168885,0.17889500000000003,0.20479999999999998,308.15668328000004
34,24,6,LT05_012031_19980610,0.32541499999999995,0.4350025,0.44438000000000005,0.48263249999999996,304.9129823
35,25,5,LT05_012031_19980610,0.102775,0.103545,0.10519499999999998,0.12956,308.0062904
36,25,6,LT05_012031_19980610,0.2921125,0.39540250000000005,0.4297775,0.46181500000000003,304.7420813
37,25,7,LT05_012031_19980610,0.34802000000000005,0.42782500000000007,0.490855,0.503395,301.3924217
38,26,6,LT05_012031_19980610,0.1457025,0.218165,0.22751500000000002,0.24398750000000002,305.2889645
39,26,7,LT05_012031_19980610,0.30443250000000005,0.3444725,0.36804,0.3815975,301.956395
40,27,7,LT05_012031_19980610,0.18986750000000002,0.21062999999999998,0.2244625,0.2617525,305.83926571999996
41,27,8,LT05_012031_19980610,0.18436750000000002,0.2332075,0.2576825,0.2617525,305.76406928
42,28,8,LT05_012031_19980610,0.07257999999999998,0.08803499999999997,0.10519499999999998,0.12232749999999998,309.14790908
1,13,0,LT05_012031_19980728,0.2608725,0.2497625,0.2206125,0.2326025,306.34171466
2,14,0,LT05_012031_19980728,0.2894175,0.2834225,0.2553725,0.2718175,305.8358477
3,14,1,LT05_012031_19980728,0.2893625,0.2833675,0.2596625,0.27179000000000003,304.20203414
4,15,0,LT05_012031_19980728,0.31194000000000005,0.31106000000000006,0.289665,0.310675,305.02235894
5,15,1,LT05_012031_19980728,0.311885,0.316505,0.28961000000000003,0.3009675,303.37829132
6,16,0,LT05_012031_19980728,0.35357500000000003,0.360065,0.344555,0.3634475,303.37829132
7,16,1,LT05_012031_19980728,0.3479925,0.34378500000000006,0.327725,0.349065,301.7171336
8,16,2,LT05_012031_19980728,0.36710499999999996,0.37067999999999995,0.35275000000000006,0.37755500000000003,300.79085018
1,13,0,LT05_012031_19990205,0.030120000000000008,0.03630749999999999,0.028717500000000007,0.028744999999999993,280.23829592
2,14,0,LT05_012031_19990205,0.030120000000000008,0.03630749999999999,0.028717500000000007,0.028744999999999993,281.73197066
3,14,1,LT05_012031_19990205,0.044639999999999985,0.043704999999999994,0.03449250000000001,0.03523499999999999,281.73197066
4,15,0,LT05_012031_19990205,0.044639999999999985,0.043704999999999994,0.04607,0.041724999999999984,280.23829592
5,15,1,LT05_012031_19990205,0.04100999999999999,0.03630749999999999,0.040295,0.041724999999999984,281.73197066
6,16,0,LT05_012031_19990205,0.055475,0.058499999999999996,0.057620000000000005,0.054705000000000004,281.73197066
7,16,1,LT05_012031_19990205,0.044639999999999985,0.043704999999999994,0.040295,0.041724999999999984,281.73197066
8,16,2,LT05_012031_19990205,0.044639999999999985,0.043704999999999994,0.051844999999999974,0.04821500000000001,281.64652016
10,17,1,LT05_012031_19990205,0.04827000000000001,0.051102499999999995,0.04607,0.041724999999999984,281.16799735999996
11,17,2,LT05_012031_19990205,0.04827000000000001,0.043704999999999994,0.04607,0.04821500000000001,281.08254686
12,18,1,LT05_012031_19990205,0.04827000000000001,0.058499999999999996,0.051844999999999974,0.041724999999999984,280.60060604
13,18,2,LT05_012031_19990205,0.044639999999999985,0.043704999999999994,0.04607,0.041724999999999984,279.68115866
14,18,3,LT05_012031_19990205,0.0519,0.051102499999999995,0.04607,0.04821500000000001,279.68115866
15,19,1,LT05_012031_19990205,0.06268000000000001,0.08063749999999997,0.0864125,0.08061000000000001,280.60060604
16,19,2,LT05_012031_19990205,0.05187249999999999,0.06586999999999998,0.06911499999999998,0.06765749999999998,280.60060604
17,19,3,LT05_012031_19990205,0.0519,0.051102499999999995,0.057620000000000005,0.061167499999999986,281.08254686
18,20,2,LT05_012031_19990205,0.06628250000000002,0.08800750000000002,0.09216000000000002,0.09353499999999998,280.60060604
19,20,3,LT05_012031_19990205,0.044639999999999985,0.058499999999999996,0.06336750000000002,0.054705000000000004,280.51515554
20,20,4,LT05_012031_19990205,0.059077500000000005,0.06586999999999998,0.07489000000000001,0.06765749999999998,281.08254686
21,21,2,LT05_012031_19990205,0.059077500000000005,0.08063749999999997,0.0864125,0.0870725,280.43654108
22,21,3,LT05_012031_19990205,0.04100999999999999,0.043704999999999994,0.040295,0.03523499999999999,279.12060338000003
23,21,4,LT05_012031_19990205,0.04100999999999999,0.028882500000000005,0.03449250000000001,0.028744999999999993,279.12060338000003
25,22,3,LT05_012031_19990205,0.055475,0.06586999999999998,0.06336750000000002,0.06765749999999998,280.22120582
26,22,4,LT05_012031_19990205,0.055475,0.051102499999999995,0.051844999999999974,0.041724999999999984,279.12060338000003
27,22,5,LT05_012031_19990205,0.04827000000000001,0.03630749999999999,0.040295,0.03523499999999999,280.22120582
28,23,3,LT05_012031_19990205,0.055475,0.06586999999999998,0.06911499999999998,0.08061000000000001,280.22120582
29,23,4,LT05_012031_19990205,0.06988499999999997,0.08800750000000002,0.0864125,0.09353499999999998,280.22120582
32,24,4,LT05_012031_19990205,0.055475,0.06586999999999998,0.06336750000000002,0.06765749999999998,280.78859714
33,24,5,LT05_012031_19990205,0.06268000000000001,0.07326749999999999,0.07489000000000001,0.07412000000000002,280.22120582
34,24,6,LT05_012031_19990205,0.07708999999999999,0.06586999999999998,0.06911499999999998,0.061167499999999986,280.22120582
35,25,5,LT05_012031_19990205,0.0519,0.051102499999999995,0.051844999999999974,0.054705000000000004,281.12356309999996
36,25,6,LT05_012031_19990205,0.04827000000000001,0.06586999999999998,0.06336750000000002,0.054705000000000004,279.12060338000003
37,25,7,LT05_012031_19990205,0.07348749999999998,0.06586999999999998,0.06336750000000002,0.054705000000000004,279.98536244
38,26,6,LT05_012031_19990205,0.0519,0.05852750000000001,0.057620000000000005,0.054705000000000004,279.12060338000003
39,26,7,LT05_012031_19990205,0.059077500000000005,0.05852750000000001,0.057620000000000005,0.04821500000000001,279.98536244
40,27,7,LT05_012031_19990205,0.0519,0.051102499999999995,0.04607,0.04821500000000001,280.55617178
41,27,8,LT05_012031_19990205,0.04827000000000001,0.05852750000000001,0.057620000000000005,0.04821500000000001,279.92042005999997
42,28,8,LT05_012031_19990205,0.04827000000000001,0.05852750000000001,0.057620000000000005,0.054705000000000004,280.15626344
23,21,4,LT05_012031_19990309,0.1058,0.11360999999999999,0.10909999999999997,0.08017000000000002,272.27430932
1,13,0,LT05_012031_19990325,0.056574999999999986,0.06625500000000001,0.06295499999999998,0.061634999999999995,289.71304736
2,14,0,LT05_012031_19990325,0.058967500000000006,0.07112249999999998,0.0706,0.07035249999999998,290.0275052
3,14,1,LT05_012031_19990325,0.07082,0.07593499999999997,0.08209499999999997,0.08341500000000002,290.53337216
4,15,0,LT05_012031_19990325,0.07555,0.085615,0.08973999999999999,0.09210499999999999,290.53337216
5,15,1,LT05_012031_19990325,0.05899500000000002,0.06628250000000002,0.06295499999999998,0.07035249999999998,291.03923912
6,16,0,LT05_012031_19990325,0.0778875,0.085615,0.0897675,0.09210499999999999,291.54168805999996
7,16,1,LT05_012031_19990325,0.05899500000000002,0.06628250000000002,0.06295499999999998,0.0660075,291.54168805999996
8,16,2,LT05_012031_19990325,0.06608999999999998,0.07112249999999998,0.07445000000000002,0.08341500000000002,291.44940152000004
10,17,1,LT05_012031_19990325,0.061360000000000026,0.07112249999999998,0.06295499999999998,0.061634999999999995,292.044137
11,17,2,LT05_012031_19990325,0.073185,0.085615,0.07827250000000002,0.07906999999999997,291.95185046
12,18,1,LT05_012031_19990325,0.06375249999999999,0.07596249999999999,0.07062750000000001,0.0660075,292.044137
13,18,2,LT05_012031_19990325,0.06845499999999999,0.0808025,0.085945,0.08776,291.95185046
14,18,3,LT05_012031_19990325,0.073185,0.0808025,0.08209499999999997,0.07906999999999997,291.44940152000004
15,19,1,LT05_012031_19990325,0.07791500000000001,0.0904275,0.09356249999999999,0.09644999999999998,291.54168805999996
16,19,2,LT05_012031_19990325,0.07791500000000001,0.10008,0.1012075,0.10945749999999999,291.03923912
17,19,3,LT05_012031_19990325,0.0684825,0.08564250000000001,0.0897675,0.09210499999999999,290.94695258
18,20,2,LT05_012031_19990325,0.07321250000000001,0.0904275,0.09741250000000001,0.10079500000000002,290.02408718000004
19,20,3,LT05_012031_19990325,0.05904999999999999,0.07596249999999999,0.08212249999999999,0.08776,289.93521866000003
20,20,4,LT05_012031_19990325,0.07557750000000002,0.0904275,0.0897675,0.08776,289.42251566
21,21,2,LT05_012031_19990325,0.07321250000000001,0.08564250000000001,0.09741250000000001,0.10514000000000001,288.31507718
22,21,3,LT05_012031_19990325,0.06614500000000001,0.0808025,0.08212249999999999,0.07906999999999997,288.59535482
23,21,4,LT05_012031_19990325,0.0684825,0.07596249999999999,0.07829999999999998,0.07038,288.59535482
25,22,3,LT05_012031_19990325,0.09207749999999998,0.1048925,0.10885250000000002,0.11380249999999997,288.08265182
26,22,4,LT05_012031_19990325,0.08500999999999997,0.10008,0.10123500000000002,0.10079500000000002,288.59535482
27,22,5,LT05_012031_19990325,0.07087500000000002,0.07596249999999999,0.07829999999999998,0.07909749999999999,289.10805782
28,23,3,LT05_012031_19990325,0.09207749999999998,0.1048925,0.11267500000000003,0.12246499999999999,288.59535482
29,23,4,LT05_012031_19990325,0.09909000000000001,0.11927500000000002,0.1354725,0.1397625,289.61734279999996
30,23,5,LT05_012031_19990325,0.09909000000000001,0.11446250000000002,0.12408750000000002,0.12680999999999998,290.62565870000003
32,24,4,LT05_012031_19990325,0.07090249999999998,0.08564250000000001,0.08597250000000001,0.08344249999999998,290.62565870000003
33,24,5,LT05_012031_19990325,0.08267249999999998,0.09045500000000001,0.09359,0.09644999999999998,292.12616948
34,24,6,LT05_012031_19990325,0.09909000000000001,0.10967749999999998,0.10503000000000001,0.10514000000000001,292.12616948
35,25,5,LT05_012031_19990325,0.059077500000000005,0.0711775,0.06301000000000001,0.06166250000000001,293.48654144
36,25,6,LT05_012031_19990325,0.06853749999999997,0.08083000000000001,0.0783275,0.07909749999999999,293.48654144
37,25,7,LT05_012031_19990325,0.0874025,0.0952675,0.09744000000000003,0.09210499999999999,292.99092854
38,26,6,LT05_012031_19990325,0.06383499999999998,0.07599,0.06683250000000002,0.0747525,293.48654144
39,26,7,LT05_012031_19990325,0.08503749999999999,0.09045500000000001,0.08597250000000001,0.08344249999999998,292.99092854
40,27,7,LT05_012031_19990325,0.07326749999999999,0.07599,0.0783275,0.07909749999999999,292.49531564
41,27,8,LT05_012031_19990325,0.0827,0.10010750000000002,0.10503000000000001,0.10079500000000002,291.92450629999996
42,28,8,LT05_012031_19990325,0.06856499999999999,0.08567000000000002,0.08979500000000001,0.08776,291.05974724
1,13,0,LT05_012031_19990512,0.067575,0.07527499999999998,0.07940000000000003,0.09565249999999997,306.66984458
2,14,0,LT05_012031_19990512,0.07125999999999999,0.08278249999999998,0.08245249999999998,0.0991725,308.38227259999996
3,14,1,LT05_012031_19990512,0.07310250000000001,0.0903175,0.09447,0.10613,308.83345124
4,15,0,LT05_012031_19990512,0.06944499999999998,0.08281,0.08542250000000001,0.09567999999999999,309.7323905
5,15,1,LT05_012031_19990512,0.06218499999999999,0.0753025,0.07640249999999998,0.08520250000000001,310.1767331
6,16,0,LT05_012031_19990512,0.06947249999999999,0.0903175,0.08844750000000001,0.0991725,309.28121186
7,16,1,LT05_012031_19990512,0.06581500000000001,0.07909749999999999,0.07942749999999998,0.09218749999999998,309.7323905
8,16,2,LT05_012031_19990512,0.064,0.08281,0.08545000000000003,0.102665,309.62643188
10,17,1,LT05_012031_19990512,0.058555000000000024,0.06405499999999997,0.061360000000000026,0.07123249999999998,308.83345124
11,17,2,LT05_012031_19990512,0.06584250000000003,0.07909749999999999,0.08248,0.09218749999999998,308.72749262
12,18,1,LT05_012031_19990512,0.07134249999999998,0.09034500000000001,0.09449750000000001,0.09567999999999999,307.47307928
13,18,2,LT05_012031_19990512,0.08223249999999999,0.097825,0.10052,0.10962250000000001,307.82513534
14,18,3,LT05_012031_19990512,0.08226,0.1015375,0.10351749999999998,0.11311500000000002,307.82513534
15,19,1,LT05_012031_19990512,0.09496500000000002,0.13132,0.139515,0.1583525,305.64102056
16,19,2,LT05_012031_19990512,0.09315000000000001,0.12020999999999998,0.13052249999999999,0.1548875,306.56046793999997
17,19,3,LT05_012031_19990512,0.08407500000000001,0.109045,0.11853249999999999,0.1375075,306.91594202
18,20,2,LT05_012031_19990512,0.09856749999999997,0.13506,0.15444750000000002,0.1791975,305.64102056
19,20,3,LT05_012031_19990512,0.07684249999999998,0.09785250000000001,0.115535,0.134015,306.45792733999997
20,20,4,LT05_012031_19990512,0.0804725,0.10530499999999998,0.11856,0.12356499999999998,306.91594202
21,21,2,LT05_012031_19990512,0.12381249999999999,0.175705,0.1931675,0.21731250000000002,304.98817873999997
22,21,3,LT05_012031_19990512,0.10041,0.14245750000000001,0.15145000000000003,0.1618175,306.10587128
23,21,4,LT05_012031_19990512,0.085945,0.10530499999999998,0.11556250000000001,0.12009999999999998,306.56388596
25,22,3,LT05_012031_19990512,0.12020999999999998,0.1609375,0.18123250000000002,0.1930575,306.10587128
26,22,4,LT05_012031_19990512,0.11124499999999998,0.13506,0.145455,0.1583525,306.56388596
27,22,5,LT05_012031_19990512,0.09139000000000003,0.11275750000000001,0.11856,0.13052249999999999,306.56388596
28,23,3,LT05_012031_19990512,0.10222500000000001,0.13506,0.15444750000000002,0.1652825,306.10587128
29,23,4,LT05_012031_19990512,0.10222500000000001,0.13877250000000002,0.145455,0.1583525,307.01848262
30,23,5,LT05_012031_19990512,0.10585499999999998,0.127635,0.145455,0.1583525,306.56388596
32,24,4,LT05_012031_19990512,0.06963750000000002,0.08666000000000001,0.09455249999999998,0.10615750000000002,307.01848262
33,24,5,LT05_012031_19990512,0.0932325,0.10907250000000002,0.11856,0.13052249999999999,307.01848262
34,24,6,LT05_012031_19990512,0.10043750000000001,0.11275750000000001,0.11856,0.12356499999999998,306.56388596
35,25,5,LT05_012031_19990512,0.06416499999999997,0.0717275,0.067465,0.07827250000000002,307.87640564000003
36,25,6,LT05_012031_19990512,0.08781499999999998,0.09788000000000002,0.09757749999999998,0.10615750000000002,307.87640564000003
37,25,7,LT05_012031_19990512,0.12205250000000001,0.14617000000000002,0.14248500000000003,0.151395,307.87298762
38,26,6,LT05_012031_19990512,0.0715075,0.07920749999999999,0.08256249999999998,0.08525749999999999,308.77876291999996
39,26,7,LT05_012031_19990512,0.09326000000000001,0.11278500000000002,0.10956749999999998,0.11314249999999998,308.77876291999996
40,27,7,LT05_012031_19990512,0.06969249999999999,0.08294750000000001,0.08256249999999998,0.08875,309.22652354
41,27,8,LT05_012031_19990512,0.09147250000000001,0.1202375,0.127525,0.1444375,309.14790908
42,28,8,LT05_012031_19990512,0.08423999999999998,0.10536000000000001,0.11556250000000001,0.1270575,308.7411647
1,13,0,LT05_012031_19990528,0.056794999999999984,0.06405499999999997,0.07038,0.08699000000000001,309.55807147999997
2,14,0,LT05_012031_19990528,0.06782250000000001,0.07917999999999997,0.079455,0.09400249999999999,311.35253198
3,14,1,LT05_012031_19990528,0.0715075,0.08671499999999999,0.08850249999999998,0.10104249999999998,311.35253198
4,15,0,LT05_012031_19990528,0.07516499999999998,0.07917999999999997,0.09152749999999998,0.10104249999999998,312.78468236000003
5,15,1,LT05_012031_19990528,0.06047999999999998,0.0716175,0.073405,0.08346999999999999,312.78468236000003
6,16,0,LT05_012031_19990528,0.06782250000000001,0.09045500000000001,0.09152749999999998,0.10104249999999998,313.73147389999997
7,16,1,LT05_012031_19990528,0.06047999999999998,0.07538499999999998,0.073405,0.08346999999999999,313.73147389999997
8,16,2,LT05_012031_19990528,0.056794999999999984,0.07917999999999997,0.085505,0.1045625,312.68214176000004
10,17,1,LT05_012031_19990528,0.05863750000000001,0.060287499999999994,0.058252499999999985,0.06939000000000001,313.25978713999996
11,17,2,LT05_012031_19990528,0.06047999999999998,0.07538499999999998,0.073405,0.09048250000000002,312.20703698
12,18,1,LT05_012031_19990528,0.07882250000000002,0.09425,0.10360000000000003,0.11157499999999998,310.87059116
13,18,2,LT05_012031_19990528,0.08432250000000002,0.11300500000000002,0.12466500000000003,0.1361325,310.28610974000003
14,18,3,LT05_012031_19990528,0.08066499999999999,0.10549750000000002,0.11262,0.1256,310.28610974000003
15,19,1,LT05_012031_19990528,0.10437000000000002,0.15409,0.1666025,0.18854749999999998,308.44037893999996
16,19,2,LT05_012031_19990528,0.12612250000000003,0.17262500000000003,0.193415,0.22338999999999998,308.9291558
17,19,3,LT05_012031_19990528,0.09892499999999999,0.12425249999999999,0.1426775,0.15714250000000002,308.83003322
18,20,2,LT05_012031_19990528,0.1206775,0.1652,0.187475,0.21640500000000001,306.96037628
19,20,3,LT05_012031_19990528,0.09161000000000002,0.12425249999999999,0.13668249999999998,0.15012999999999999,308.33783833999996
20,20,4,LT05_012031_19990528,0.07516499999999998,0.109265,0.11567250000000001,0.13261250000000002,308.83003322
21,21,2,LT05_012031_19990528,0.145895,0.1910775,0.22011750000000002,0.25463,306.77238518
22,21,3,LT05_012031_19990528,0.109815,0.15409,0.16957250000000001,0.18505500000000003,307.50384146
23,21,4,LT05_012031_19990528,0.08066499999999999,0.1017575,0.10962250000000001,0.12210749999999998,307.99261832
25,22,3,LT05_012031_19990528,0.11523250000000002,0.157775,0.17257,0.18854749999999998,307.50384146
26,22,4,LT05_012031_19990528,0.10437000000000002,0.139185,0.145675,0.16410000000000002,308.48139518
27,22,5,LT05_012031_19990528,0.09161000000000002,0.12048500000000001,0.12166749999999998,0.1431175,309.45211286
28,23,3,LT05_012031_19990528,0.08795249999999999,0.13173249999999997,0.13968000000000003,0.15714250000000002,308.48139518
29,23,4,LT05_012031_19990528,0.10074,0.139185,0.145675,0.16410000000000002,309.45211286
30,23,5,LT05_012031_19990528,0.109815,0.139185,0.14867249999999999,0.1711125,309.93405368000003
32,24,4,LT05_012031_19990528,0.06966499999999998,0.09045500000000001,0.09152749999999998,0.10805500000000001,310.4159945
33,24,5,LT05_012031_19990528,0.08795249999999999,0.11300500000000002,0.11867,0.12912,310.89451729999996
34,24,6,LT05_012031_19990528,0.11163000000000001,0.13544499999999998,0.12466500000000003,0.12912,310.89451729999996
35,25,5,LT05_012031_19990528,0.06047999999999998,0.07917999999999997,0.079455,0.08699000000000001,311.29784366
36,25,6,LT05_012031_19990528,0.08979500000000001,0.10549750000000002,0.10360000000000003,0.11157499999999998,311.77636645999996
37,25,7,LT05_012031_19990528,0.12969750000000002,0.1652,0.163605,0.174605,311.29784366
38,26,6,LT05_012031_19990528,0.06597999999999998,0.07917999999999997,0.07643,0.08346999999999999,311.77636645999996
39,26,7,LT05_012031_19990528,0.11523250000000002,0.1428975,0.145675,0.15012999999999999,311.77636645999996
40,27,7,LT05_012031_19990528,0.08066499999999999,0.09799000000000002,0.10360000000000003,0.115095,312.25488926
41,27,8,LT05_012031_19990528,0.08979500000000001,0.1167725,0.12466500000000003,0.1396525,312.65137958
42,28,8,LT05_012031_19990528,0.07697999999999999,0.09799000000000002,0.10659750000000001,0.12912,312.71632195999996
1,13,0,LT05_012031_19990613,0.1329975,0.14515250000000002,0.14639000000000002,0.17476999999999998,304.90614626
2,14,0,LT05_012031_19990613,0.10940250000000001,0.12452750000000001,0.1226025,0.13890999999999998,305.20693201999995
3,14,1,LT05_012031_19990613,0.114655,0.13486749999999997,0.12656250000000002,0.15235749999999998,305.20693201999995
4,15,0,LT05_012031_19990613,0.10415000000000002,0.1193575,0.11861500000000003,0.1343725,305.20693201999995
5,15,1,LT05_012031_19990613,0.11729499999999998,0.14001000000000002,0.13055,0.16135,305.20693201999995
6,16,0,LT05_012031_19990613,0.1173225,0.13486749999999997,0.13055,0.15235749999999998,305.98624057999996
7,16,1,LT05_012031_19990613,0.12780000000000002,0.14001000000000002,0.13846999999999998,0.16580499999999998,305.20693201999995
8,16,2,LT05_012031_19990613,0.12780000000000002,0.14001000000000002,0.13846999999999998,0.16580499999999998,305.1180635
10,17,1,LT05_012031_19990613,0.12254749999999998,0.12969750000000002,0.13055,0.1568675,305.20693201999995
11,17,2,LT05_012031_19990613,0.13038499999999997,0.14001000000000002,0.14639000000000002,0.17476999999999998,305.1180635
12,18,1,LT05_012031_19990613,0.12521500000000002,0.14515250000000002,0.14639000000000002,0.170315,305.20693201999995
13,18,2,LT05_012031_19990613,0.1511475,0.17578749999999999,0.17776750000000002,0.2103275,305.1180635
14,18,3,LT05_012031_19990613,0.156345,0.17576000000000003,0.17776750000000002,0.2014725,305.1180635
15,19,1,LT05_012031_19990613,0.15120250000000002,0.17578749999999999,0.18560500000000002,0.21921000000000002,305.20693201999995
16,19,2,LT05_012031_19990613,0.16665750000000001,0.1909675,0.20119750000000003,0.24120999999999998,305.20693201999995
17,19,3,LT05_012031_19990613,0.156345,0.17576000000000003,0.18560500000000002,0.2191825,305.1180635
18,20,2,LT05_012031_19990613,0.1614875,0.1909675,0.19729249999999998,0.24120999999999998,305.20693201999995
19,20,3,LT05_012031_19990613,0.13824999999999998,0.16049750000000002,0.1700125,0.2014725,305.1180635
20,20,4,LT05_012031_19990613,0.11729499999999998,0.13486749999999997,0.13453749999999998,0.15235749999999998,305.89395404
21,21,2,LT05_012031_19990613,0.1691875,0.21106999999999998,0.2205025,0.25001,305.03603102
22,21,3,LT05_012031_19990613,0.14342,0.16049750000000002,0.16212,0.188135,304.81044169999996
23,21,4,LT05_012031_19990613,0.10150999999999999,0.12452750000000001,0.11861500000000003,0.14339249999999998,305.58633224
25,22,3,LT05_012031_19990613,0.11470999999999998,0.13486749999999997,0.1384975,0.1568675,304.81044169999996
26,22,4,LT05_012031_19990613,0.109485,0.12452750000000001,0.12263000000000002,0.13890999999999998,305.58633224
27,22,5,LT05_012031_19990613,0.10150999999999999,0.1193575,0.11066749999999997,0.12989,306.35538674
28,23,3,LT05_012031_19990613,0.10156500000000002,0.1193575,0.11867,0.13890999999999998,304.81044169999996
29,23,4,LT05_012031_19990613,0.09889750000000003,0.11415999999999998,0.11069499999999999,0.12989,305.58633224
30,23,5,LT05_012031_19990613,0.09889750000000003,0.10896250000000002,0.10269250000000002,0.12086999999999998,306.35538674
32,24,4,LT05_012031_19990613,0.08564250000000001,0.09331499999999998,0.08261750000000001,0.10728500000000002,306.35538674
33,24,5,LT05_012031_19990613,0.08831,0.08809,0.07860250000000002,0.09364499999999998,307.12102322
34,24,6,LT05_012031_19990613,0.09361750000000002,0.09331499999999998,0.08261750000000001,0.0981825,307.87982366
35,25,5,LT05_012031_19990613,0.08294750000000001,0.08283750000000001,0.07456000000000002,0.084515,308.23871576
36,25,6,LT05_012031_19990613,0.09094999999999998,0.09331499999999998,0.07456000000000002,0.0891075,307.45598917999996
38,26,6,LT05_012031_19990613,0.07230500000000001,0.07230500000000001,0.0624325,0.0754125,307.45598917999996
40,27,7,LT05_012031_19990629,0.2959625,0.31048250000000005,0.2919475,0.29318500000000003,301.70687954
41,27,8,LT05_012031_19990629,0.3038825,0.31048250000000005,0.2959625,0.30261750000000004,302.95445684000003
42,28,8,LT05_012031_19990629,0.2505875,0.24714999999999998,0.2306225,0.231255,305.20693201999995
1,13,0,LT05_012031_19990715,0.04486000000000001,0.06105749999999999,0.06581500000000001,0.07035249999999998,313.3213115
2,14,0,LT05_012031_19990715,0.06479750000000001,0.08525749999999999,0.08509250000000002,0.09686250000000002,314.77055198
3,14,1,LT05_012031_19990715,0.07073750000000001,0.08525749999999999,0.09474500000000002,0.10816500000000001,314.77055198
4,15,0,LT05_012031_19990715,0.054842500000000016,0.07717249999999998,0.08509250000000002,0.09306750000000003,315.32427122
5,15,1,LT05_012031_19990715,0.0568225,0.07717249999999998,0.08187499999999998,0.09306750000000003,315.87457244
6,16,0,LT05_012031_19990715,0.06875749999999997,0.09326000000000001,0.09474500000000002,0.11196,316.42145564
7,16,1,LT05_012031_19990715,0.05283500000000002,0.06911499999999998,0.07224999999999998,0.08929999999999999,316.96833884
8,16,2,LT05_012031_19990715,0.06083749999999999,0.07717249999999998,0.08187499999999998,0.10063,316.31891504
10,17,1,LT05_012031_19990715,0.048875,0.056987500000000024,0.05937999999999999,0.07035249999999998,316.96833884
11,17,2,LT05_012031_19990715,0.06281749999999997,0.07717249999999998,0.078685,0.08929999999999999,316.31891504
12,18,1,LT05_012031_19990715,0.06674999999999998,0.08924500000000002,0.09474500000000002,0.10439749999999998,316.42145564
13,18,2,LT05_012031_19990715,0.07865749999999999,0.10525000000000001,0.11393999999999999,0.13451000000000002,315.77203183999995
14,18,3,LT05_012031_19990715,0.07271749999999999,0.08924500000000002,0.09790749999999998,0.11196,315.22173062
15,19,1,LT05_012031_19990715,0.10621249999999999,0.14903,0.16476000000000002,0.19074750000000001,315.3208532
16,19,2,LT05_012031_19990715,0.11594749999999998,0.15692250000000002,0.17741,0.20568000000000003,314.77055198
17,19,3,LT05_012031_19990715,0.08259,0.11724000000000001,0.1234825,0.14204499999999998,314.11771016
18,20,2,LT05_012031_19990715,0.11792750000000002,0.16088249999999998,0.18686999999999998,0.22058500000000003,312.53858492
19,20,3,LT05_012031_19990715,0.08066499999999999,0.12122749999999999,0.133025,0.14955249999999998,312.44288036
20,20,4,LT05_012031_19990715,0.07469749999999997,0.09724749999999999,0.10431499999999999,0.11196,313.00343564
21,21,2,LT05_012031_19990715,0.10621249999999999,0.14504250000000002,0.171085,0.20942,311.22606524
22,21,3,LT05_012031_19990715,0.09050999999999998,0.12521500000000002,0.1425675,0.15705999999999998,311.54052307999996
23,21,4,LT05_012031_19990715,0.07073750000000001,0.08121499999999998,0.08187499999999998,0.10063,312.10107836
25,22,3,LT05_012031_19990715,0.09050999999999998,0.121255,0.13621499999999997,0.15705999999999998,310.97654978
26,22,4,LT05_012031_19990715,0.08853,0.11327999999999999,0.1234825,0.145785,312.10107836
27,22,5,LT05_012031_19990715,0.08259,0.109265,0.11393999999999999,0.13074249999999998,313.21535287999995
28,23,3,LT05_012031_19990715,0.07271749999999999,0.09326000000000001,0.10753249999999998,0.12702999999999998,311.53710506
29,23,4,LT05_012031_19990715,0.09050999999999998,0.11724000000000001,0.13621499999999997,0.1532925,313.21535287999995
30,23,5,LT05_012031_19990715,0.09642250000000002,0.12521500000000002,0.1425675,0.15705999999999998,313.76907212000003
32,24,4,LT05_012031_19990715,0.06677749999999999,0.08121499999999998,0.09152749999999998,0.10439749999999998,313.76907212000003
33,24,5,LT05_012031_19990715,0.08066499999999999,0.09724749999999999,0.10753249999999998,0.11949500000000002,314.87309258
34,24,6,LT05_012031_19990715,0.09834749999999998,0.11327999999999999,0.12667250000000002,0.14204499999999998,315.41997577999996
35,25,5,LT05_012031_19990715,0.05882999999999999,0.073185,0.07549499999999998,0.07794250000000003,315.2695829
36,25,6,LT05_012031_19990715,0.08655000000000002,0.10525000000000001,0.11393999999999999,0.12702999999999998,315.81988412
37,25,7,LT05_012031_19990715,0.1257375,0.15692250000000002,0.171085,0.1870075,315.2695829
38,26,6,LT05_012031_19990715,0.06281749999999997,0.08121499999999998,0.08187499999999998,0.08929999999999999,315.2695829
39,26,7,LT05_012031_19990715,0.09050999999999998,0.109265,0.10753249999999998,0.11949500000000002,315.2695829
40,27,7,LT05_012031_19990715,0.07472499999999999,0.08121499999999998,0.09152749999999998,0.10439749999999998,314.71928168
41,27,8,LT05_012031_19990715,0.09050999999999998,0.11724000000000001,0.12667250000000002,0.1382775,314.64066721999995
42,28,8,LT05_012031_19990715,0.072745,0.10128999999999999,0.10431499999999999,0.11949500000000002,314.24417689999996
1,13,0,LT05_012031_19990731,0.06754749999999998,0.08344249999999998,0.08055499999999999,0.1042325,313.84426856
2,14,0,LT05_012031_19990731,0.07208500000000001,0.09260000000000002,0.09493750000000001,0.10843999999999998,315.71392549999996
3,14,1,LT05_012031_19990731,0.07665,0.0925725,0.09136250000000001,0.1042325,316.48639802
4,15,0,LT05_012031_19990731,0.06754749999999998,0.08803499999999997,0.08055499999999999,0.09999750000000002,317.25203450000004
5,15,1,LT05_012031_19990731,0.07208500000000001,0.08344249999999998,0.08052749999999997,0.09573500000000001,318.01425296
6,16,0,LT05_012031_19990731,0.07665,0.097165,0.10214250000000002,0.11267500000000003,318.01425296
7,16,1,LT05_012031_19990731,0.06754749999999998,0.08344249999999998,0.07695249999999998,0.09150000000000003,318.76963537999995
8,16,2,LT05_012031_19990731,0.0720575,0.07887749999999999,0.08052749999999997,0.09573500000000001,317.91513038
10,17,1,LT05_012031_19990731,0.06067250000000002,0.07428499999999999,0.06608999999999998,0.07447749999999997,318.01425296
11,17,2,LT05_012031_19990731,0.06980249999999999,0.08341500000000002,0.07332250000000001,0.09150000000000003,317.91513038
12,18,1,LT05_012031_19990731,0.07662249999999998,0.097165,0.09856749999999997,0.11267500000000003,316.48639802
13,18,2,LT05_012031_19990731,0.0924625,0.11077749999999997,0.1200175,0.13800250000000003,316.39069345999997
14,18,3,LT05_012031_19990731,0.0833875,0.10167500000000002,0.10571750000000002,0.12111749999999999,316.39069345999997
15,19,1,LT05_012031_19990731,0.11044749999999998,0.14243,0.15211000000000002,0.18417499999999998,314.94145298
16,19,2,LT05_012031_19990731,0.1283225,0.169325,0.1839,0.21340750000000003,314.94145298
17,19,3,LT05_012031_19990731,0.09922750000000002,0.1334375,0.14144,0.163275,315.62163896
18,20,2,LT05_012031_19990731,0.15054250000000002,0.204855,0.222455,0.2507525,314.16214442
19,20,3,LT05_012031_19990731,0.11273,0.14243,0.15211000000000002,0.175815,314.84574842
20,20,4,LT05_012031_19990731,0.0833875,0.10167500000000002,0.10571750000000002,0.12111749999999999,315.61822094
21,21,2,LT05_012031_19990731,0.13943250000000001,0.1916,0.21197749999999999,0.24244749999999998,313.98440738
22,21,3,LT05_012031_19990731,0.10596499999999998,0.14243,0.14853500000000003,0.17999500000000002,314.52103652
23,21,4,LT05_012031_19990731,0.07884999999999998,0.09254499999999999,0.09491,0.10420499999999999,314.52103652
25,22,3,LT05_012031_19990731,0.11495749999999999,0.16487000000000002,0.18037999999999998,0.20925500000000002,314.52103652
26,22,4,LT05_012031_19990731,0.09697250000000002,0.12439,0.13074249999999998,0.15486,315.29009102
27,22,5,LT05_012031_19990731,0.08792499999999998,0.11077749999999997,0.1200175,0.13800250000000003,315.29009102
28,23,3,LT05_012031_19990731,0.10596499999999998,0.14694000000000002,0.15917750000000003,0.1883825,314.52103652
29,23,4,LT05_012031_19990731,0.09471750000000001,0.12439,0.13429000000000002,0.163275,315.29009102
30,23,5,LT05_012031_19990731,0.09017999999999998,0.11534250000000001,0.13074249999999998,0.15065250000000002,315.29009102
32,24,4,LT05_012031_19990731,0.07200250000000002,0.08798,0.08773249999999999,0.10841250000000002,315.29009102
33,24,5,LT05_012031_19990731,0.08567000000000002,0.10624,0.11289500000000002,0.133795,316.05914552
34,24,6,LT05_012031_19990731,0.09920000000000001,0.11985249999999997,0.1271675,0.13800250000000003,316.05914552
35,25,5,LT05_012031_19990731,0.07200250000000002,0.0833875,0.08050000000000002,0.09147250000000001,316.43512771999997
36,25,6,LT05_012031_19990731,0.08564250000000001,0.09710999999999997,0.09854000000000002,0.11264750000000001,316.43512771999997
37,25,7,LT05_012031_19990731,0.10371000000000002,0.11985249999999997,0.12362000000000001,0.13800250000000003,316.43512771999997
38,26,6,LT05_012031_19990731,0.06972,0.07882250000000002,0.08412999999999998,0.09147250000000001,317.2007642
39,26,7,LT05_012031_19990731,0.09015250000000002,0.09710999999999997,0.10569,0.11264750000000001,317.2007642
40,27,7,LT05_012031_19990731,0.07654,0.08798,0.08773249999999999,0.10420499999999999,317.2007642
41,27,8,LT05_012031_19990731,0.09012500000000001,0.12439,0.13074249999999998,0.146445,317.12556775999997
42,28,8,LT05_012031_19990731,0.085615,0.1016475,0.10569,0.133795,317.508386
1,13,0,LT05_012031_19990816,0.05253249999999998,0.06749250000000001,0.07120500000000002,0.08206750000000002,307.4764973
2,14,0,LT05_012031_19990816,0.05866500000000002,0.06749250000000001,0.07120500000000002,0.08206750000000002,310.0058321
3,14,1,LT05_012031_19990816,0.06273499999999999,0.07167249999999997,0.07456000000000002,0.08206750000000002,310.0058321
4,15,0,LT05_012031_19990816,0.060699999999999976,0.07582499999999998,0.0778875,0.08995999999999998,311.63280962
5,15,1,LT05_012031_19990816,0.05866500000000002,0.06749250000000001,0.06787749999999998,0.07807999999999998,312.17285677999996
6,16,0,LT05_012031_19990816,0.07092999999999999,0.08828249999999999,0.09119749999999999,0.109705,312.70948592
7,16,1,LT05_012031_19990816,0.05253249999999998,0.05913249999999998,0.061195,0.07016,312.70948592
8,16,2,LT05_012031_19990816,0.05866500000000002,0.06749250000000001,0.07120500000000002,0.08600000000000002,312.07031617999996
10,17,1,LT05_012031_19990816,0.0443375,0.05080000000000001,0.0445025,0.05429250000000002,311.63280962
11,17,2,LT05_012031_19990816,0.060699999999999976,0.07167249999999997,0.07120500000000002,0.07412000000000002,311.53368704
12,18,1,LT05_012031_19990816,0.07092999999999999,0.08412999999999998,0.08454250000000002,0.09392,310.0058321
13,18,2,LT05_012031_19990816,0.08514749999999999,0.10898999999999998,0.11110750000000003,0.1255175,309.90670952
14,18,3,LT05_012031_19990816,0.06886750000000003,0.08412999999999998,0.09119749999999999,0.09392,309.35982632
15,19,1,LT05_012031_19990816,0.11536999999999997,0.13781,0.15078999999999998,0.15703250000000002,307.80462722
16,19,2,LT05_012031_19990816,0.11536999999999997,0.15010250000000003,0.163935,0.17273500000000003,307.80462722
17,19,3,LT05_012031_19990816,0.08308500000000002,0.10898999999999998,0.12106250000000002,0.12945,308.2626419
18,20,2,LT05_012031_19990816,0.14339249999999998,0.18684250000000002,0.2032875,0.21195000000000003,307.25090797999997
19,20,3,LT05_012031_19990816,0.08308500000000002,0.11311500000000002,0.11443500000000001,0.12945,307.70892266
20,20,4,LT05_012031_19990816,0.05866500000000002,0.07997749999999998,0.08787,0.09392,308.2626419
21,21,2,LT05_012031_19990816,0.127415,0.17463250000000002,0.1934975,0.20804499999999998,307.0663349
22,21,3,LT05_012031_19990816,0.0749725,0.10486499999999999,0.10777999999999999,0.12945,307.3739567
23,21,4,LT05_012031_19990816,0.04637250000000001,0.0633125,0.06787749999999998,0.07412000000000002,307.92767594
25,22,3,LT05_012031_19990816,0.07904250000000002,0.10898999999999998,0.11443500000000001,0.13338250000000001,307.92767594
26,22,4,LT05_012031_19990816,0.09523999999999999,0.11724000000000001,0.13429000000000002,0.14914,308.47455914
27,22,5,LT05_012031_19990816,0.08511999999999997,0.10898999999999998,0.11773499999999998,0.12945,309.02144234
28,23,3,LT05_012031_19990816,0.0749725,0.10486499999999999,0.11110750000000003,0.12945,308.47455914
29,23,4,LT05_012031_19990816,0.08916249999999998,0.11724000000000001,0.1276625,0.14127499999999998,309.02144234
30,23,5,LT05_012031_19990816,0.1053325,0.12549,0.13759,0.1530725,309.02144234
32,24,4,LT05_012031_19990816,0.060699999999999976,0.07167249999999997,0.0778875,0.09392,309.56832554
33,24,5,LT05_012031_19990816,0.08511999999999997,0.10486499999999999,0.11110750000000003,0.1255175,309.56832554
34,24,6,LT05_012031_19990816,0.09119749999999999,0.11724000000000001,0.12106250000000002,0.1255175,309.56832554
35,25,5,LT05_012031_19990816,0.050470000000000015,0.05913249999999998,0.06452249999999998,0.07016,310.49802697999996
36,25,6,LT05_012031_19990816,0.07293749999999999,0.08412999999999998,0.08121499999999998,0.08600000000000002,310.49802697999996
37,25,7,LT05_012031_19990816,0.10128999999999999,0.121365,0.12436249999999999,0.12945,311.04149215999996
38,26,6,LT05_012031_19990816,0.05866500000000002,0.07582499999999998,0.0778875,0.07807999999999998,311.04149215999996
39,26,7,LT05_012031_19990816,0.08715499999999998,0.09655999999999998,0.09785250000000001,0.09785250000000001,311.58153932
40,27,7,LT05_012031_19990816,0.08105000000000001,0.09655999999999998,0.09452500000000003,0.10183999999999999,312.11816846
41,27,8,LT05_012031_19990816,0.0932325,0.11724000000000001,0.13099,0.14127499999999998,312.57960116000004
42,28,8,LT05_012031_19990816,0.07494499999999998,0.10486499999999999,0.11443500000000001,0.12945,312.18652886
1,13,0,LT05_012031_19990901,0.067025,0.08085750000000003,0.08248,0.1107225,303.56970044
2,14,0,LT05_012031_19990901,0.08234249999999999,0.085285,0.09309499999999998,0.10657,304.9129823
3,14,1,LT05_012031_19990901,0.08234249999999999,0.08971249999999997,0.09309499999999998,0.1024175,305.41884926
4,15,0,LT05_012031_19990901,0.07796999999999998,0.09856749999999997,0.10016249999999999,0.11905500000000002,305.91788018
5,15,1,LT05_012031_19990901,0.08671499999999999,0.09856749999999997,0.09309499999999998,0.11905500000000002,306.4169111
6,16,0,LT05_012031_19990901,0.0932325,0.1073675,0.11075000000000002,0.1314575,306.42032912
7,16,1,LT05_012031_19990901,0.08454250000000002,0.09856749999999997,0.10016249999999999,0.127305,306.42032912
8,16,2,LT05_012031_19990901,0.08671499999999999,0.09414,0.10368250000000001,0.1314575,305.82217562
10,17,1,LT05_012031_19990901,0.08231499999999997,0.08968500000000001,0.0895475,0.114875,305.41884926
11,17,2,LT05_012031_19990901,0.09105999999999997,0.09856749999999997,0.1072575,0.1314575,304.81727774
12,18,1,LT05_012031_19990901,0.09757749999999998,0.1073675,0.10368250000000001,0.1314575,303.90124837999997
13,18,2,LT05_012031_19990901,0.104095,0.1205675,0.12133749999999999,0.1521925,303.80554382
14,18,3,LT05_012031_19990901,0.09975,0.11176750000000002,0.11075000000000002,0.1397625,303.80554382
15,19,1,LT05_012031_19990901,0.15356750000000002,0.1773,0.18090250000000002,0.21404,301.8538544
16,19,2,LT05_012031_19990901,0.15783000000000003,0.19896999999999998,0.2052675,0.23045749999999998,302.36997542
17,19,3,LT05_012031_19990901,0.1192475,0.15122999999999998,0.156455,0.17284500000000003,302.78697386
18,20,2,LT05_012031_19990901,0.18964750000000002,0.2247925,0.2433825,0.2714325,301.33773338000003
19,20,3,LT05_012031_19990901,0.11921999999999999,0.15557500000000002,0.156455,0.181095,302.27427086
20,20,4,LT05_012031_19990901,0.10626750000000001,0.12494,0.12485750000000001,0.1521925,302.78697386
21,21,2,LT05_012031_19990901,0.16209250000000003,0.2032875,0.2226475,0.2591675,301.15316029999997
22,21,3,LT05_012031_19990901,0.11921999999999999,0.14248500000000003,0.14944249999999998,0.181095,301.42660190000004
23,21,4,LT05_012031_19990901,0.09975,0.1205675,0.11426999999999998,0.14804,301.94272292
25,22,3,LT05_012031_19990901,0.13429000000000002,0.1773,0.18439499999999998,0.218165,301.94272292
26,22,4,LT05_012031_19990901,0.11921999999999999,0.14248500000000003,0.14243,0.17284500000000003,301.94272292
27,22,5,LT05_012031_19990901,0.11275750000000001,0.12934,0.13539,0.1604425,302.4520079
28,23,3,LT05_012031_19990901,0.1428975,0.17298249999999998,0.18439499999999998,0.23458250000000003,301.94272292
29,23,4,LT05_012031_19990901,0.12356499999999998,0.15122999999999998,0.156455,0.1975675,301.94272292
30,23,5,LT05_012031_19990901,0.132145,0.15557500000000002,0.16343999999999997,0.1975675,302.4520079
32,24,4,LT05_012031_19990901,0.10189500000000001,0.11616749999999998,0.11426999999999998,0.1521925,301.94272292
33,24,5,LT05_012031_19990901,0.11058499999999999,0.12934,0.1318975,0.16456749999999998,302.4520079
34,24,6,LT05_012031_19990901,0.11921999999999999,0.1337125,0.13890999999999998,0.1604425,302.96129288
35,25,5,LT05_012031_19990901,0.0953775,0.1073675,0.10368250000000001,0.13561,302.83140812
36,25,6,LT05_012031_19990901,0.11490250000000002,0.12494,0.12485750000000001,0.14804,303.34411112
37,25,7,LT05_012031_19990901,0.12782749999999998,0.15122999999999998,0.1459225,0.16869250000000002,303.8533961
38,26,6,LT05_012031_19990901,0.104095,0.11176750000000002,0.11075000000000002,0.13561,303.8533961
39,26,7,LT05_012031_19990901,0.121365,0.1337125,0.1318975,0.1521925,304.35926306
40,27,7,LT05_012031_19990901,0.09757749999999998,0.11176750000000002,0.10722999999999999,0.1314575,303.8533961
41,27,8,LT05_012031_19990901,0.11707499999999998,0.12934,0.12485750000000001,0.1521925,304.28406662
42,28,8,LT05_012031_19990901,0.11707499999999998,0.138085,0.14243,0.181095,303.90124837999997
1,13,0,LT05_012031_19991019,0.040185,0.04076250000000001,0.034574999999999995,0.03325500000000001,287.30676128
2,14,0,LT05_012031_19991019,0.040185,0.04076250000000001,0.034574999999999995,0.03325500000000001,287.61438308000004
3,14,1,LT05_012031_19991019,0.053962500000000024,0.05753750000000002,0.05685000000000001,0.05371500000000001,287.61438308000004
4,15,0,LT05_012031_19991019,0.04846249999999999,0.05195499999999997,0.043484999999999996,0.04862749999999999,288.14417618
5,15,1,LT05_012031_19991019,0.056684999999999985,0.06314750000000002,0.06573249999999997,0.06908750000000002,288.14417618
6,16,0,LT05_012031_19991019,0.06496249999999998,0.0687025,0.07018750000000001,0.06908750000000002,288.67055126
7,16,1,LT05_012031_19991019,0.056684999999999985,0.06314750000000002,0.05685000000000001,0.06908750000000002,288.67055126
8,16,2,LT05_012031_19991019,0.059435000000000016,0.07425749999999998,0.07461499999999999,0.07931749999999999,289.10805782
10,17,1,LT05_012031_19991019,0.053962500000000024,0.05753750000000002,0.05685000000000001,0.05374249999999997,289.19692634
11,17,2,LT05_012031_19991019,0.062212500000000004,0.07986749999999998,0.07461499999999999,0.07417499999999999,289.10805782
12,18,1,LT05_012031_19991019,0.05118499999999998,0.06314750000000002,0.06575999999999999,0.06397249999999999,289.19692634
13,18,2,LT05_012031_19991019,0.045685,0.05195499999999997,0.052395000000000025,0.05371500000000001,289.10805782
14,18,3,LT05_012031_19991019,0.05665749999999997,0.0687025,0.07461499999999999,0.07931749999999999,289.10805782
15,19,1,LT05_012031_19991019,0.06771250000000001,0.08542250000000001,0.09238000000000002,0.10486499999999999,288.67055126
16,19,2,LT05_012031_19991019,0.067685,0.07986749999999998,0.09238000000000002,0.10486499999999999,288.67055126
17,19,3,LT05_012031_19991019,0.067685,0.07984000000000002,0.09238000000000002,0.10486499999999999,288.58168274
18,20,2,LT05_012031_19991019,0.056684999999999985,0.09653250000000002,0.11014499999999999,0.1252975,287.61438308000004
19,20,3,LT05_012031_19991019,0.05393500000000001,0.0687025,0.07461499999999999,0.08440500000000001,287.52209654
20,20,4,LT05_012031_19991019,0.067685,0.07984000000000002,0.0834975,0.0895475,287.52209654
21,21,2,LT05_012031_19991019,0.06493500000000002,0.10205999999999998,0.11454500000000001,0.13038499999999997,286.37364182
22,21,3,LT05_012031_19991019,0.05393500000000001,0.0687025,0.07016,0.07417499999999999,286.1480525
23,21,4,LT05_012031_19991019,0.05115750000000002,0.05195499999999997,0.05236750000000001,0.05882999999999999,286.68126362
25,22,3,LT05_012031_19991019,0.06493500000000002,0.07986749999999998,0.08795249999999999,0.09975,285.61142336
26,22,4,LT05_012031_19991019,0.06218499999999999,0.0687025,0.07016,0.07417499999999999,286.1480525
28,23,3,LT05_012031_19991019,0.067685,0.09653250000000002,0.11014499999999999,0.13038499999999997,286.68126362
29,23,4,LT05_012031_19991019,0.08407500000000001,0.10205999999999998,0.11454500000000001,0.12018250000000003,287.21447474
30,23,5,LT05_012031_19991019,0.09227000000000002,0.1075875,0.11454500000000001,0.12018250000000003,287.74426784
32,24,4,LT05_012031_19991019,0.059435000000000016,0.07425749999999998,0.07906999999999997,0.08440500000000001,288.79359998
33,24,5,LT05_012031_19991019,0.07040750000000001,0.07425749999999998,0.07906999999999997,0.08440500000000001,288.79359998
34,24,6,LT05_012031_19991019,0.0813525,0.09650500000000001,0.08795249999999999,0.09463500000000002,288.79359998
35,25,5,LT05_012031_19991019,0.05665749999999997,0.06312000000000001,0.061277499999999985,0.06397249999999999,290.19498818
36,25,6,LT05_012031_19991019,0.0594075,0.07984000000000002,0.07461499999999999,0.07417499999999999,289.67544913999996
37,25,7,LT05_012031_19991019,0.07860250000000002,0.09094999999999998,0.08795249999999999,0.08440500000000001,288.626117
38,26,6,LT05_012031_19991019,0.059435000000000016,0.06312000000000001,0.05685000000000001,0.06397249999999999,289.67544913999996
39,26,7,LT05_012031_19991019,0.06218499999999999,0.07425749999999998,0.07016,0.06906000000000001,288.626117
40,27,7,LT05_012031_19991019,0.05665749999999997,0.06312000000000001,0.061277499999999985,0.06906000000000001,288.626117
41,27,8,LT05_012031_19991019,0.056630000000000014,0.06867499999999999,0.07016,0.06397249999999999,288.0279635
42,28,8,LT05_012031_19991019,0.056630000000000014,0.06312000000000001,0.06573249999999997,0.06906000000000001,287.67590744
17,19,3,LT05_012031_19991104,0.052037500000000014,0.06509999999999999,0.08855750000000001,0.08567000000000002,284.53816508
19,20,3,LT05_012031_19991104,0.052037500000000014,0.0716175,0.07827250000000002,0.09152749999999998,283.99128188
20,20,4,LT05_012031_19991104,0.06807000000000002,0.0781075,0.08855750000000001,0.08567000000000002,284.53816508
21,21,2,LT05_012031_19991104,0.06488,0.08465250000000002,0.0937,0.103215,283.3623662
22,21,3,LT05_012031_19991104,0.04560249999999999,0.058555000000000024,0.05764750000000002,0.0563825,283.1401949
23,21,4,LT05_012031_19991104,0.04882,0.045520000000000005,0.04733499999999999,0.0446675,283.6870781
25,22,3,LT05_012031_19991104,0.058445000000000025,0.0716175,0.08341500000000002,0.09152749999999998,283.1401949
28,23,3,LT05_012031_19991104,0.07125999999999999,0.1041225,0.1193575,0.1382775,283.1401949
29,23,4,LT05_012031_19991104,0.08083000000000001,0.1041225,0.11421500000000001,0.12658999999999998,283.6870781
30,23,5,LT05_012031_19991104,0.09353499999999998,0.11058499999999999,0.1193575,0.12075999999999998,284.23396130000003
32,24,4,LT05_012031_19991104,0.06488,0.0716175,0.08341500000000002,0.07984000000000002,284.23396130000003
35,25,5,LT05_012031_19991104,0.05201,0.058555000000000024,0.05764750000000002,0.05052499999999999,285.66611168
41,27,8,LT05_012031_19991104,0.04879249999999999,0.05852750000000001,0.05247750000000001,0.05052499999999999,285.59775128
42,28,8,LT05_012031_19991104,0.05201,0.05852750000000001,0.05764750000000002,0.05052499999999999,285.25253125999996
1,13,0,LT05_012031_19991120,0.07235999999999998,0.07381749999999998,0.07741999999999999,0.06617250000000002,285.22518709999997
2,14,0,LT05_012031_19991120,0.08033499999999999,0.08184750000000002,0.07741999999999999,0.073515,284.70906607999996
3,14,1,LT05_012031_19991120,0.08831,0.07379000000000002,0.07741999999999999,0.073515,285.50546474
4,15,0,LT05_012031_19991120,0.08831,0.08984999999999999,0.07112249999999998,0.073515,286.1480525
5,15,1,LT05_012031_19991120,0.09229749999999998,0.08184750000000002,0.07741999999999999,0.0882,285.50546474
6,16,0,LT05_012031_19991120,0.10417749999999998,0.08984999999999999,0.09631250000000002,0.102885,286.1480525
7,16,1,LT05_012031_19991120,0.0962575,0.09788000000000002,0.09631250000000002,0.102885,285.50546474
8,16,2,LT05_012031_19991120,0.10019,0.09788000000000002,0.10260999999999998,0.11020000000000002,285.42343226
10,17,1,LT05_012031_19991120,0.09229749999999998,0.09788000000000002,0.09004250000000003,0.09554249999999997,285.50546474
11,17,2,LT05_012031_19991120,0.10019,0.10588249999999999,0.10260999999999998,0.102885,284.77742648000003
12,18,1,LT05_012031_19991120,0.09227000000000002,0.09788000000000002,0.10260999999999998,0.102885,284.85945896
13,18,2,LT05_012031_19991120,0.0962575,0.09788000000000002,0.10887999999999998,0.11020000000000002,284.77742648000003
14,18,3,LT05_012031_19991120,0.0962575,0.10588249999999999,0.10260999999999998,0.11020000000000002,284.77742648000003
19,20,3,LT05_012031_19991120,0.0962575,0.09788000000000002,0.10260999999999998,0.11020000000000002,284.12800268
22,21,3,LT05_012031_19991120,0.0923525,0.08990500000000001,0.0963675,0.10291250000000002,283.84772504
23,21,4,LT05_012031_19991120,0.0843775,0.08187499999999998,0.08377249999999997,0.0809125,283.84772504
26,22,4,LT05_012031_19991120,0.1003,0.10593750000000002,0.102665,0.09556999999999999,283.84772504
27,22,5,LT05_012031_19991120,0.08836500000000003,0.08990500000000001,0.08377249999999997,0.07354250000000001,283.84772504
34,24,6,LT05_012031_19991120,0.11611250000000001,0.12989,0.11523250000000002,0.11025499999999999,283.84772504
35,25,5,LT05_012031_19991120,0.1042325,0.09790749999999998,0.09006999999999998,0.10291250000000002,284.16901892
36,25,6,LT05_012031_19991120,0.09633999999999998,0.10593750000000002,0.0963675,0.08825499999999997,284.16901892
37,25,7,LT05_012031_19991120,0.10819250000000002,0.10593750000000002,0.0963675,0.08825499999999997,284.16901892
38,26,6,LT05_012031_19991120,0.1042325,0.09790749999999998,0.0963675,0.09556999999999999,284.16901892
39,26,7,LT05_012031_19991120,0.1003,0.09790749999999998,0.0963675,0.09556999999999999,284.16901892
40,27,7,LT05_012031_19991120,0.09631250000000002,0.09790749999999998,0.102665,0.10291250000000002,284.16901892
41,27,8,LT05_012031_19991120,0.09631250000000002,0.09790749999999998,0.09006999999999998,0.09556999999999999,284.10407654
42,28,8,LT05_012031_19991120,0.09631250000000002,0.09790749999999998,0.0963675,0.10291250000000002,283.78620068
3,14,1,LT05_012031_20000123,0.08946500000000002,0.09037250000000002,0.08242500000000003,0.06342249999999999,265.4861216
22,21,3,LT05_012031_20000123,0.08531250000000001,0.09037250000000002,0.09562500000000002,0.08533999999999997,263.64380882
23,21,4,LT05_012031_20000123,0.08118750000000002,0.07332250000000001,0.06922499999999998,0.05610749999999998,264.26247044
1,13,0,LT05_012031_20000327,0.05393500000000001,0.0504425,0.05374249999999997,0.05371500000000001,291.11785358
2,14,0,LT05_012031_20000327,0.05170750000000002,0.05508999999999997,0.061085,0.057867500000000016,291.93817837999995
3,14,1,LT05_012031_20000327,0.06295499999999998,0.06897750000000002,0.07211250000000002,0.0745325,292.44746336000003
4,15,0,LT05_012031_20000327,0.07189250000000003,0.07824500000000001,0.07579750000000002,0.07871250000000002,292.9499123
5,15,1,LT05_012031_20000327,0.0629825,0.06897750000000002,0.06845499999999999,0.0662275,292.9499123
6,16,0,LT05_012031_20000327,0.06966499999999998,0.07824500000000001,0.07582499999999998,0.07871250000000002,293.95139215999995
7,16,1,LT05_012031_20000327,0.07191999999999998,0.07824500000000001,0.08682499999999999,0.09532249999999998,293.95139215999995
8,16,2,LT05_012031_20000327,0.067465,0.08286500000000002,0.08682499999999999,0.09532249999999998,293.3600747
10,17,1,LT05_012031_20000327,0.06303750000000002,0.06441249999999998,0.06482500000000002,0.06207499999999999,293.95139215999995
11,17,2,LT05_012031_20000327,0.06749250000000001,0.07365250000000001,0.07948250000000001,0.07873999999999998,293.3600747
12,18,1,LT05_012031_20000327,0.060809999999999975,0.0690325,0.07951000000000003,0.07873999999999998,293.45236123999996
13,18,2,LT05_012031_20000327,0.060809999999999975,0.07365250000000001,0.0868525,0.08704499999999998,293.3600747
14,18,3,LT05_012031_20000327,0.06531999999999999,0.08289249999999998,0.0868525,0.09119749999999999,292.85762576
15,19,1,LT05_012031_20000327,0.06752000000000002,0.08748499999999998,0.10148249999999998,0.1078075,291.93817837999995
16,19,2,LT05_012031_20000327,0.058609999999999995,0.09207749999999998,0.12342750000000002,0.1326675,291.93817837999995
17,19,3,LT05_012031_20000327,0.0630925,0.08289249999999998,0.097825,0.10362749999999998,291.84589184000004
18,20,2,LT05_012031_20000327,0.058609999999999995,0.0875125,0.11245500000000003,0.128515,289.89078440000003
19,20,3,LT05_012031_20000327,0.060865,0.06906000000000001,0.07951000000000003,0.08704499999999998,289.80191588
20,20,4,LT05_012031_20000327,0.06980249999999999,0.0875125,0.09419499999999997,0.10362749999999998,290.31461888
21,21,2,LT05_012031_20000327,0.06980249999999999,0.09210499999999999,0.10516750000000002,0.11196,288.16126628
22,21,3,LT05_012031_20000327,0.07428499999999999,0.09210499999999999,0.09785250000000001,0.10362749999999998,287.93225894
23,21,4,LT05_012031_20000327,0.060919999999999974,0.07370749999999998,0.07588,0.08289249999999998,288.97133701999996
25,22,3,LT05_012031_20000327,0.09867749999999997,0.12417,0.14160499999999998,0.15750000000000003,287.93225894
26,22,4,LT05_012031_20000327,0.08319500000000002,0.10128999999999999,0.11611250000000001,0.1202375,288.97133701999996
27,22,5,LT05_012031_20000327,0.0743125,0.08754,0.09053749999999999,0.0995025,290.51286403999995
28,23,3,LT05_012031_20000327,0.08319500000000002,0.10128999999999999,0.11245500000000003,0.140945,288.97133701999996
29,23,4,LT05_012031_20000327,0.09870499999999999,0.12419750000000002,0.134345,0.14919500000000002,290.00016103999997
30,23,5,LT05_012031_20000327,0.10755999999999999,0.1287625,0.134345,0.14506999999999998,291.52801597999996
32,24,4,LT05_012031_20000327,0.06988499999999997,0.08294750000000001,0.08322249999999998,0.09534999999999999,291.52801597999996
33,24,5,LT05_012031_20000327,0.08767750000000002,0.1013175,0.10516750000000002,0.11196,292.53633188000003
34,24,6,LT05_012031_20000327,0.08322249999999998,0.09675250000000002,0.09422249999999999,0.0995025,293.53439372
35,25,5,LT05_012031_20000327,0.061002500000000015,0.06455,0.0685925,0.06630999999999998,293.90353988
36,25,6,LT05_012031_20000327,0.06991249999999999,0.08759499999999998,0.079565,0.07876749999999999,293.90353988
37,25,7,LT05_012031_20000327,0.08993250000000003,0.10591,0.108825,0.10362749999999998,293.90353988
38,26,6,LT05_012031_20000327,0.06325750000000002,0.07840999999999998,0.07224999999999998,0.07461499999999999,293.90353988
39,26,7,LT05_012031_20000327,0.08993250000000003,0.10134500000000002,0.10150999999999999,0.0995025,293.40450896
40,27,7,LT05_012031_20000327,0.07219500000000001,0.08759499999999998,0.090565,0.091225,292.90206002
41,27,8,LT05_012031_20000327,0.1426775,0.15604250000000003,0.15975499999999998,0.16157,292.32783266
42,28,8,LT05_012031_20000327,0.11204249999999999,0.11965999999999999,0.11976999999999999,0.12436249999999999,290.9503706
1,13,0,LT05_012031_20000514,0.0592975,0.06531999999999999,0.07703500000000002,0.08553250000000001,306.0921992
2,14,0,LT05_012031_20000514,0.05371500000000001,0.06531999999999999,0.0681525,0.08193,308.85737738
3,14,1,LT05_012031_20000514,0.06666749999999999,0.07246999999999998,0.07997749999999998,0.09273749999999997,308.85737738
4,15,0,LT05_012031_20000514,0.07590750000000002,0.0867425,0.09471750000000001,0.10346250000000001,310.76805056
5,15,1,LT05_012031_20000514,0.06666749999999999,0.07607249999999999,0.08292,0.09631250000000002,310.29294577999997
6,16,0,LT05_012031_20000514,0.07590750000000002,0.0867425,0.09471750000000001,0.10706500000000002,310.76805056
7,16,1,LT05_012031_20000514,0.07038,0.07246999999999998,0.07997749999999998,0.09273749999999997,310.29294577999997
8,16,2,LT05_012031_20000514,0.07224999999999998,0.07962000000000002,0.091775,0.11424250000000002,309.7153004
10,17,1,LT05_012031_20000514,0.055584999999999996,0.058142499999999986,0.05926999999999999,0.07114999999999999,308.85737738
11,17,2,LT05_012031_20000514,0.066695,0.07246999999999998,0.0740925,0.08913500000000002,308.27631398
12,18,1,LT05_012031_20000514,0.07590750000000002,0.08677000000000001,0.09768749999999998,0.11424250000000002,306.4340012
13,18,2,LT05_012031_20000514,0.07038,0.09034500000000001,0.10651500000000003,0.12499500000000002,306.33487862
14,18,3,LT05_012031_20000514,0.06853749999999997,0.07962000000000002,0.091775,0.11064000000000002,306.82023746
15,19,1,LT05_012031_20000514,0.08511999999999997,0.1081375,0.12119999999999997,0.12857000000000002,303.96277274
16,19,2,LT05_012031_20000514,0.0832775,0.1081375,0.127085,0.1428975,304.95741655999996
17,19,3,LT05_012031_20000514,0.07959250000000001,0.09389249999999999,0.10945749999999999,0.12499500000000002,305.84268374
18,20,2,LT05_012031_20000514,0.0629825,0.08677000000000001,0.11534250000000001,0.1464725,303.96277274
19,20,3,LT05_012031_20000514,0.0444475,0.07246999999999998,0.09768749999999998,0.11424250000000002,304.85829398
20,20,4,LT05_012031_20000514,0.066695,0.07962000000000002,0.08886,0.11064000000000002,305.35048886
21,21,2,LT05_012031_20000514,0.050002500000000005,0.07607249999999999,0.10063,0.12142000000000003,303.27916874
22,21,3,LT05_012031_20000514,0.055584999999999996,0.08677000000000001,0.09768749999999998,0.12142000000000003,304.0242971
23,21,4,LT05_012031_20000514,0.0629825,0.08322249999999998,0.08886,0.11064000000000002,305.01210488000004
25,22,3,LT05_012031_20000514,0.09061999999999998,0.11523250000000002,0.1388275,0.16789500000000002,304.0242971
26,22,4,LT05_012031_20000514,0.0961475,0.11875249999999998,0.13294250000000002,0.15716999999999998,305.01210488000004
27,22,5,LT05_012031_20000514,0.08877750000000001,0.11523250000000002,0.12414249999999999,0.1428975,305.50088173999995
28,23,3,LT05_012031_20000514,0.06485249999999998,0.08677000000000001,0.10360000000000003,0.1500475,304.51991
29,23,4,LT05_012031_20000514,0.10159249999999997,0.11875249999999998,0.13588499999999998,0.16432000000000002,305.50088173999995
30,23,5,LT05_012031_20000514,0.10527750000000002,0.132915,0.1476,0.1750175,305.9896586
32,24,4,LT05_012031_20000514,0.066695,0.07962000000000002,0.08886,0.10706500000000002,305.9896586
33,24,5,LT05_012031_20000514,0.08699000000000001,0.10104249999999998,0.1124,0.132145,306.47843546
34,24,6,LT05_012031_20000514,0.09796250000000001,0.11523250000000002,0.12119999999999997,0.13932250000000002,307.44573512
35,25,5,LT05_012031_20000514,0.061167499999999986,0.0689225,0.06520999999999999,0.08195750000000002,307.84222544
36,25,6,LT05_012031_20000514,0.0777775,0.09034500000000001,0.091775,0.09991499999999998,308.80610708
37,25,7,LT05_012031_20000514,0.11437999999999998,0.11523250000000002,0.12122749999999999,0.13932250000000002,309.28804790000004
38,26,6,LT05_012031_20000514,0.06856499999999999,0.07607249999999999,0.07997749999999998,0.08553250000000001,309.7665707
39,26,7,LT05_012031_20000514,0.09977750000000002,0.11168499999999998,0.11536999999999997,0.12857000000000002,310.71678026
40,27,7,LT05_012031_20000514,0.07040750000000001,0.08677000000000001,0.09474500000000002,0.09991499999999998,311.18846701999996
41,27,8,LT05_012031_20000514,0.09061999999999998,0.09746749999999998,0.10360000000000003,0.11781750000000002,311.10985256000004
42,28,8,LT05_012031_20000514,0.07040750000000001,0.0689225,0.0740925,0.08913500000000002,311.17821296
1,13,0,LT05_012031_20000530,0.06290000000000001,0.06284499999999998,0.057262499999999994,0.05586000000000002,302.16489422
2,14,0,LT05_012031_20000530,0.06685999999999998,0.06284499999999998,0.05407250000000002,0.05586000000000002,301.84701836
3,14,1,LT05_012031_20000530,0.06685999999999998,0.06284499999999998,0.05407250000000002,0.052202499999999985,303.53210221999996
4,15,0,LT05_012031_20000530,0.06488,0.0628725,0.05729000000000001,0.05586000000000002,302.86558832000003
5,15,1,LT05_012031_20000530,0.0688125,0.06284499999999998,0.057262499999999994,0.05586000000000002,302.35630333999995
6,16,0,LT05_012031_20000530,0.06488,0.0628725,0.0508825,0.052202499999999985,302.35630333999995
7,16,1,LT05_012031_20000530,0.06295499999999998,0.05885750000000001,0.0508825,0.052202499999999985,304.04822323999997
8,16,2,LT05_012031_20000530,0.06884000000000001,0.06284499999999998,0.060425000000000006,0.0595175,303.95251868
10,17,1,LT05_012031_20000530,0.06295499999999998,0.0628725,0.0508825,0.048545000000000005,301.84701836
11,17,2,LT05_012031_20000530,0.07079249999999998,0.07087500000000002,0.06683250000000002,0.07049,303.43639766
12,18,1,LT05_012031_20000530,0.10205999999999998,0.11861500000000003,0.11746000000000001,0.121475,301.97006708000004
13,18,2,LT05_012031_20000530,0.14831499999999997,0.15794000000000002,0.1707825,0.186595,301.87436252
14,18,3,LT05_012031_20000530,0.11757000000000001,0.13833250000000002,0.1394875,0.1504875,301.87436252
15,19,1,LT05_012031_20000530,0.10788999999999999,0.1343725,0.1332175,0.132365,299.85773072
16,19,2,LT05_012031_20000530,0.13682,0.14617000000000002,0.15516249999999998,0.17215750000000002,300.38752381999996
17,19,3,LT05_012031_20000530,0.12334499999999998,0.14223750000000002,0.15202749999999998,0.164925,300.29523728000004
18,20,2,LT05_012031_20000530,0.10401250000000001,0.1265075,0.145785,0.164925,298.2478433
19,20,3,LT05_012031_20000530,0.10205999999999998,0.1304125,0.14889249999999998,0.164925,299.22881504
20,20,4,LT05_012031_20000530,0.11176750000000002,0.1304125,0.1332175,0.1504875,300.29523728000004
21,21,2,LT05_012031_20000530,0.12142000000000003,0.15400750000000002,0.177025,0.20097749999999998,296.99001194
22,21,3,LT05_012031_20000530,0.11759750000000002,0.14617000000000002,0.16140500000000002,0.17576000000000003,297.83426288
23,21,4,LT05_012031_20000530,0.11759750000000002,0.1343725,0.1394875,0.15411750000000002,299.43731426
25,22,3,LT05_012031_20000530,0.16547499999999998,0.189125,0.1987775,0.22614,296.75416856
26,22,4,LT05_012031_20000530,0.15403499999999998,0.17356,0.18324000000000001,0.19737500000000002,298.90410313999996
27,22,5,LT05_012031_20000530,0.14259500000000003,0.15400750000000002,0.1707825,0.17215750000000002,301.54281458
28,23,3,LT05_012031_20000530,0.182525,0.204635,0.2080725,0.24759000000000003,295.66382018
29,23,4,LT05_012031_20000530,0.1768325,0.19688,0.20188499999999998,0.229715,298.37089202
30,23,5,LT05_012031_20000530,0.1597825,0.17356,0.1863475,0.20457999999999998,301.01985751999996
32,24,4,LT05_012031_20000530,0.1768325,0.189125,0.19258999999999998,0.22614,297.83426288
33,24,5,LT05_012031_20000530,0.14259500000000003,0.16575,0.16767500000000002,0.17576000000000003,301.01985751999996
34,24,6,LT05_012031_20000530,0.15403499999999998,0.15010250000000003,0.15516249999999998,0.15411750000000002,303.61755272
35,25,5,LT05_012031_20000530,0.14259500000000003,0.1618175,0.16140500000000002,0.17576000000000003,301.9222148
36,25,6,LT05_012031_20000530,0.14259500000000003,0.14223750000000002,0.145785,0.15411750000000002,304.00037096
37,25,7,LT05_012031_20000530,0.15596,0.17746499999999998,0.1894825,0.19017,306.04434692
38,26,6,LT05_012031_20000530,0.13877250000000002,0.14617000000000002,0.14889249999999998,0.16135,304.51307396
39,26,7,LT05_012031_20000530,0.1349225,0.1343725,0.1394875,0.139625,306.04434692
40,27,7,LT05_012031_20000530,0.115645,0.11861500000000003,0.11432500000000001,0.11421500000000001,306.55021388
41,27,8,LT05_012031_20000530,0.13877250000000002,0.15010250000000003,0.14889249999999998,0.14685749999999997,306.98088440000004
42,28,8,LT05_012031_20000530,0.10401250000000001,0.11066749999999997,0.11119000000000001,0.11058499999999999,307.09026104
1,13,0,LT05_012031_20000701,0.05764750000000002,0.07131500000000002,0.07951000000000003,0.08803499999999997,317.79549968000003
2,14,0,LT05_012031_20000701,0.05198249999999999,0.06743749999999998,0.07024249999999999,0.0808025,318.6705128
3,14,1,LT05_012031_20000701,0.06518249999999998,0.08286500000000002,0.08259,0.09887000000000001,318.6705128
4,15,0,LT05_012031_20000701,0.061415,0.079015,0.08259,0.09523999999999999,318.6705128
5,15,1,LT05_012031_20000701,0.05764750000000002,0.07516499999999998,0.07640249999999998,0.08803499999999997,318.6705128
6,16,0,LT05_012031_20000701,0.07082,0.09059250000000002,0.09799000000000002,0.10965000000000003,318.6705128
7,16,1,LT05_012031_20000701,0.05577749999999998,0.07516499999999998,0.07951000000000003,0.08803499999999997,318.6705128
8,16,2,LT05_012031_20000701,0.061415,0.07516499999999998,0.07640249999999998,0.08803499999999997,318.56455417999996
10,17,1,LT05_012031_20000701,0.05198249999999999,0.05968249999999997,0.06094749999999999,0.06996750000000002,318.6705128
11,17,2,LT05_012031_20000701,0.05764750000000002,0.06743749999999998,0.06716250000000001,0.0808025,318.56455417999996
12,18,1,LT05_012031_20000701,0.07271749999999999,0.09444249999999998,0.09799000000000002,0.10965000000000003,318.15097376
13,18,2,LT05_012031_20000701,0.0951575,0.121255,0.12868000000000002,0.1491675,318.04501514000003
14,18,3,LT05_012031_20000701,0.07645750000000001,0.09444249999999998,0.1041225,0.11325249999999998,318.04501514000003
15,19,1,LT05_012031_20000701,0.09328750000000002,0.14034000000000002,0.1500475,0.1670975,316.57868456
16,19,2,LT05_012031_20000701,0.10074,0.14034000000000002,0.168335,0.19569750000000002,316.57868456
17,19,3,LT05_012031_20000701,0.08019749999999998,0.1174325,0.13786500000000002,0.156345,316.47614396
18,20,2,LT05_012031_20000701,0.07271749999999999,0.10211500000000001,0.1256,0.1455925,314.45609414
19,20,3,LT05_012031_20000701,0.07645750000000001,0.10596499999999998,0.12868000000000002,0.15277000000000002,314.35697156000003
20,20,4,LT05_012031_20000701,0.07082,0.09059250000000002,0.10104249999999998,0.11325249999999998,314.88676466
21,21,2,LT05_012031_20000701,0.09699999999999998,0.12892750000000003,0.14091749999999997,0.15994750000000002,312.11475043999997
22,21,3,LT05_012031_20000701,0.0951575,0.12892750000000003,0.1500475,0.1706725,312.3984461
23,21,4,LT05_012031_20000701,0.06707999999999997,0.08286500000000002,0.09491,0.10244500000000001,313.47170438
25,22,3,LT05_012031_20000701,0.11371999999999999,0.1555475,0.1805175,0.22066750000000002,311.85839894000003
26,22,4,LT05_012031_20000701,0.11371999999999999,0.144135,0.16531,0.18497249999999998,313.47170438
27,22,5,LT05_012031_20000701,0.09699999999999998,0.13272250000000002,0.1470225,0.1670975,314.53812661999996
28,23,3,LT05_012031_20000701,0.08209499999999997,0.10978749999999998,0.12868000000000002,0.1670975,312.93849326
29,23,4,LT05_012031_20000701,0.10816500000000001,0.13654500000000003,0.15617999999999999,0.18497249999999998,314.53812661999996
30,23,5,LT05_012031_20000701,0.11740499999999998,0.14795750000000002,0.1622575,0.1813975,316.12066988000004
32,24,4,LT05_012031_20000701,0.06520999999999999,0.079015,0.08567000000000002,0.10244500000000001,316.64362694
33,24,5,LT05_012031_20000701,0.08580749999999998,0.10211500000000001,0.1102825,0.127635,317.68612304
34,24,6,LT05_012031_20000701,0.09699999999999998,0.1250775,0.12868000000000002,0.1383875,318.7217831
35,25,5,LT05_012031_20000701,0.05198249999999999,0.05195499999999997,0.060975,0.06996750000000002,319.65148453999996
36,25,6,LT05_012031_20000701,0.07458749999999997,0.09059250000000002,0.09491,0.09523999999999999,320.16418754
37,25,7,LT05_012031_20000701,0.11371999999999999,0.144135,0.14397,0.15277000000000002,319.64806652
38,26,6,LT05_012031_20000701,0.0633125,0.07516499999999998,0.07640249999999998,0.08083000000000001,320.16418754
39,26,7,LT05_012031_20000701,0.09699999999999998,0.1250775,0.12254749999999998,0.13121,320.16418754
40,27,7,LT05_012031_20000701,0.06707999999999997,0.09444249999999998,0.09799000000000002,0.10244500000000001,320.16418754
41,27,8,LT05_012031_20000701,0.09699999999999998,0.10211500000000001,0.1041225,0.11682749999999997,319.56945206
42,28,8,LT05_012031_20000701,0.06707999999999997,0.079015,0.07640249999999998,0.08443250000000002,318.63975062
1,13,0,LT05_012031_20000818,0.06058999999999998,0.06559500000000001,0.06674999999999998,0.08869500000000002,308.49506726
2,14,0,LT05_012031_20000818,0.0651275,0.07478000000000001,0.07761249999999997,0.08869500000000002,309.37691642
3,14,1,LT05_012031_20000818,0.06743749999999998,0.08390999999999998,0.08847500000000003,0.1014275,309.37691642
4,15,0,LT05_012031_20000818,0.0651275,0.07931749999999999,0.0739825,0.09293000000000001,309.37691642
5,15,1,LT05_012031_20000818,0.06743749999999998,0.08844750000000001,0.084845,0.1014275,309.37691642
6,16,0,LT05_012031_20000818,0.06741000000000003,0.08844750000000001,0.08847500000000003,0.10566249999999999,308.8266152
7,16,1,LT05_012031_20000818,0.06515500000000002,0.08390999999999998,0.08847500000000003,0.109925,309.37691642
8,16,2,LT05_012031_20000818,0.06518249999999998,0.0839375,0.08847500000000003,0.10566249999999999,309.27779383999996
10,17,1,LT05_012031_20000818,0.05148750000000002,0.06105749999999999,0.05586000000000002,0.06743749999999998,308.8266152
11,17,2,LT05_012031_20000818,0.060645000000000004,0.07937250000000001,0.07763999999999999,0.09293000000000001,308.72749262
12,18,1,LT05_012031_20000818,0.06743749999999998,0.079345,0.084845,0.09293000000000001,307.71917672
13,18,2,LT05_012031_20000818,0.07202999999999998,0.10211500000000001,0.11009000000000002,0.1268375,308.17719139999997
14,18,3,LT05_012031_20000818,0.06749250000000001,0.08847500000000003,0.08850249999999998,0.1014275,308.17719139999997
15,19,1,LT05_012031_20000818,0.08781499999999998,0.1202375,0.13159500000000002,0.15211000000000002,306.60148418
16,19,2,LT05_012031_20000818,0.08105000000000001,0.12477500000000002,0.14586749999999998,0.1731475,306.60148418
17,19,3,LT05_012031_20000818,0.07202999999999998,0.09304000000000001,0.102885,0.1226025,306.50577962
18,20,2,LT05_012031_20000818,0.067465,0.10211500000000001,0.11726750000000002,0.14793,304.90614626
19,20,3,LT05_012031_20000818,0.06520999999999999,0.09304000000000001,0.102885,0.11836750000000001,304.81385972
20,20,4,LT05_012031_20000818,0.0743125,0.09763250000000001,0.102885,0.1226025,305.37783302
21,21,2,LT05_012031_20000818,0.06295499999999998,0.08847500000000003,0.09931000000000001,0.1226025,302.43833582
22,21,3,LT05_012031_20000818,0.06977499999999998,0.09306750000000003,0.102885,0.1226025,302.7767198
23,21,4,LT05_012031_20000818,0.05841750000000001,0.07940000000000003,0.08127000000000001,0.09721999999999997,303.91833848
25,22,3,LT05_012031_20000818,0.1102825,0.1517525,0.163715,0.18571500000000002,302.20249244
26,22,4,LT05_012031_20000818,0.09909000000000001,0.12477500000000002,0.138745,0.1605525,303.34752914
27,22,5,LT05_012031_20000818,0.08789750000000002,0.10214250000000002,0.12086999999999998,0.13528,305.0497031
28,23,3,LT05_012031_20000818,0.09911750000000003,0.1293125,0.13879999999999998,0.156345,302.20249244
29,23,4,LT05_012031_20000818,0.10360000000000003,0.12925750000000003,0.14234750000000002,0.16893999999999998,303.91833848
30,23,5,LT05_012031_20000818,0.10808250000000003,0.12928499999999998,0.14586749999999998,0.1647325,305.61025838
32,24,4,LT05_012031_20000818,0.06980249999999999,0.08855750000000001,0.08850249999999998,0.10145500000000002,305.61025838
33,24,5,LT05_012031_20000818,0.07659500000000002,0.10670750000000001,0.10651500000000003,0.1226025,306.72795092
34,24,6,LT05_012031_20000818,0.09914499999999998,0.10670750000000001,0.11369249999999997,0.1226025,307.83880741999997
35,25,5,LT05_012031_20000818,0.0539075,0.07029750000000001,0.07046249999999998,0.0802525,308.77192688
36,25,6,LT05_012031_20000818,0.0811325,0.09309499999999998,0.09210499999999999,0.10145500000000002,309.32222809999996
37,25,7,LT05_012031_20000818,0.09469,0.12480249999999998,0.12804749999999998,0.14372249999999998,309.87252932
38,26,6,LT05_012031_20000818,0.07213999999999998,0.08401999999999998,0.08132499999999998,0.09298499999999998,309.87252932
39,26,7,LT05_012031_20000818,0.08795249999999999,0.1112725,0.10651500000000003,0.11839499999999997,309.87252932
40,27,7,LT05_012031_20000818,0.07893250000000002,0.08858500000000002,0.08853,0.09724749999999999,309.32222809999996
41,27,8,LT05_012031_20000818,0.08344249999999998,0.10673500000000002,0.10654249999999998,0.11839499999999997,309.24703166
42,28,8,LT05_012031_20000818,0.06312000000000001,0.07951000000000003,0.08855750000000001,0.10571750000000002,308.3139122
1,13,0,LT05_012031_20000919,0.03966249999999999,0.05041499999999999,0.04321,0.05811499999999997,301.46420012
2,14,0,LT05_012031_20000919,0.0472525,0.05550250000000001,0.05129499999999998,0.06292750000000003,300.72248978
3,14,1,LT05_012031_20000919,0.04216500000000001,0.05041499999999999,0.05129499999999998,0.06290000000000001,302.90660456
4,15,0,LT05_012031_20000919,0.042192499999999994,0.05550250000000001,0.055337499999999984,0.067685,303.46715984
5,15,1,LT05_012031_20000919,0.0472525,0.05041499999999999,0.05129499999999998,0.06292750000000003,304.0242971
6,16,0,LT05_012031_20000919,0.05225750000000001,0.0656775,0.07136999999999999,0.08198499999999997,304.57801634
7,16,1,LT05_012031_20000919,0.05225750000000001,0.0656775,0.06336750000000002,0.0772275,305.13173558
8,16,2,LT05_012031_20000919,0.04972750000000001,0.06058999999999998,0.06336750000000002,0.07244250000000002,305.03603102
10,17,1,LT05_012031_20000919,0.03966249999999999,0.05041499999999999,0.05126750000000002,0.06292750000000003,304.57801634
11,17,2,LT05_012031_20000919,0.044694999999999985,0.05550250000000001,0.06336750000000002,0.07244250000000002,304.4857298
12,18,1,LT05_012031_20000919,0.042192499999999994,0.05550250000000001,0.055337499999999984,0.067685,303.46715984
13,18,2,LT05_012031_20000919,0.05729000000000001,0.07577,0.07940000000000003,0.09628500000000001,302.81431802
14,18,3,LT05_012031_20000919,0.05729000000000001,0.07577,0.07940000000000003,0.09150000000000003,302.81431802
15,19,1,LT05_012031_20000919,0.04722499999999999,0.07068249999999998,0.0754125,0.0867425,301.21810268
16,19,2,LT05_012031_20000919,0.07975749999999998,0.11600250000000001,0.13522499999999998,0.157885,301.21810268
17,19,3,LT05_012031_20000919,0.06477,0.09092250000000002,0.10739500000000002,0.11528749999999999,301.12581614
18,20,2,LT05_012031_20000919,0.05976500000000001,0.0808025,0.09540500000000002,0.12477500000000002,299.50225664
19,20,3,LT05_012031_20000919,0.05225750000000001,0.09595500000000001,0.10340749999999999,0.11528749999999999,299.98419746
20,20,4,LT05_012031_20000919,0.05729000000000001,0.0808025,0.07940000000000003,0.09150000000000003,300.5550068
21,21,2,LT05_012031_20000919,0.044694999999999985,0.05550250000000001,0.05530999999999997,0.067685,298.75371026
22,21,3,LT05_012031_20000919,0.054759999999999975,0.0808025,0.091445,0.09628500000000001,299.09551225999996
23,21,4,LT05_012031_20000919,0.04972750000000001,0.06058999999999998,0.06336750000000002,0.08198499999999997,300.23713094
25,22,3,LT05_012031_20000919,0.09216000000000002,0.13596750000000002,0.14716,0.16734500000000002,299.66973962
26,22,4,LT05_012031_20000919,0.07224999999999998,0.09595500000000001,0.09942000000000001,0.11528749999999999,300.80452226
27,22,5,LT05_012031_20000919,0.06477,0.08586250000000001,0.091445,0.10577249999999999,301.36849556
28,23,3,LT05_012031_20000919,0.06229499999999999,0.08586250000000001,0.09540500000000002,0.10577249999999999,300.23713094
29,23,4,LT05_012031_20000919,0.07975749999999998,0.10093249999999998,0.1113825,0.1295325,301.36849556
30,23,5,LT05_012031_20000919,0.08971249999999997,0.12100749999999999,0.127305,0.162615,301.93246886
32,24,4,LT05_012031_20000919,0.04972750000000001,0.06058999999999998,0.06336750000000002,0.08198499999999997,301.93246886
33,24,5,LT05_012031_20000919,0.06729999999999997,0.08586250000000001,0.0874025,0.11053000000000002,302.49302414
34,24,6,LT05_012031_20000919,0.06477,0.08586250000000001,0.0874025,0.09150000000000003,302.49302414
35,25,5,LT05_012031_20000919,0.044694999999999985,0.05041499999999999,0.05530999999999997,0.06292750000000003,302.8621703
36,25,6,LT05_012031_20000919,0.05976500000000001,0.06564999999999999,0.06738250000000001,0.0772275,302.8621703
37,25,7,LT05_012031_20000919,0.07224999999999998,0.09595500000000001,0.09540500000000002,0.10104249999999998,302.8621703
38,26,6,LT05_012031_20000919,0.04722499999999999,0.06058999999999998,0.05932500000000002,0.067685,302.8621703
39,26,7,LT05_012031_20000919,0.05976500000000001,0.07574249999999999,0.0754125,0.08198499999999997,302.8621703
40,27,7,LT05_012031_20000919,0.044694999999999985,0.05041499999999999,0.05126750000000002,0.06292750000000003,302.8621703
41,27,8,LT05_012031_20000919,0.06229499999999999,0.07068249999999998,0.0754125,0.0867425,302.2298366
42,28,8,LT05_012031_20000919,0.0446675,0.06564999999999999,0.06738250000000001,0.07244250000000002,302.42124572
1,13,0,LT05_012031_20001021,0.036087499999999995,0.0413675,0.03476750000000001,0.030752499999999988,293.59933609999996
2,14,0,LT05_012031_20001021,0.04519000000000001,0.0413675,0.03476750000000001,0.04194500000000001,294.71702863999997
3,14,1,LT05_012031_20001021,0.042137499999999994,0.0474725,0.04441999999999999,0.04194500000000001,296.29273586
4,15,0,LT05_012031_20001021,0.04216500000000001,0.0413675,0.03960749999999999,0.04194500000000001,297.41726444
5,15,1,LT05_012031_20001021,0.04821500000000001,0.0474725,0.039580000000000004,0.0475275,297.41726444
6,16,0,LT05_012031_20001021,0.060287499999999994,0.06573249999999997,0.06851000000000002,0.06983,297.41726444
7,16,1,LT05_012031_20001021,0.060287499999999994,0.07180999999999998,0.06851000000000002,0.06983,296.85670916000004
8,16,2,LT05_012031_20001021,0.05426500000000001,0.059655000000000014,0.06372499999999998,0.06427499999999997,296.76442262
10,17,1,LT05_012031_20001021,0.05124000000000001,0.053549999999999986,0.05404500000000001,0.0475275,296.29273586
11,17,2,LT05_012031_20001021,0.05729000000000001,0.06573249999999997,0.06851000000000002,0.06983,296.20386734
12,18,1,LT05_012031_20001021,0.05729000000000001,0.053549999999999986,0.05404500000000001,0.05869249999999998,295.15795321999997
13,18,2,LT05_012031_20001021,0.07533000000000001,0.0839375,0.08292,0.0921325,295.63647602000003
14,18,3,LT05_012031_20001021,0.06630999999999998,0.07180999999999998,0.07332250000000001,0.07544000000000001,295.63647602000003
15,19,1,LT05_012031_20001021,0.07835500000000001,0.09600999999999998,0.10687249999999998,0.11996250000000003,294.01291652
16,19,2,LT05_012031_20001021,0.09628500000000001,0.12614999999999998,0.14506999999999998,0.16432000000000002,294.58714388
17,19,3,LT05_012031_20001021,0.07533000000000001,0.0899875,0.1020875,0.11437999999999998,295.06908469999996
18,20,2,LT05_012031_20001021,0.060287499999999994,0.0899875,0.1020875,0.108825,294.01291652
19,20,3,LT05_012031_20001021,0.06630999999999998,0.0839375,0.1020875,0.11437999999999998,294.49827536
20,20,4,LT05_012031_20001021,0.06630999999999998,0.0778875,0.07813500000000001,0.0921325,295.06908469999996
21,21,2,LT05_012031_20001021,0.05124000000000001,0.06573249999999997,0.05891249999999998,0.05869249999999998,292.69014278
22,21,3,LT05_012031_20001021,0.057262499999999994,0.059655000000000014,0.06372499999999998,0.06427499999999997,293.6164262
23,21,4,LT05_012031_20001021,0.039112499999999994,0.0413675,0.03476750000000001,0.04194500000000001,294.19065356
25,22,3,LT05_012031_20001021,0.08132499999999998,0.0839375,0.09251749999999997,0.09768749999999998,292.46455346
26,22,4,LT05_012031_20001021,0.06630999999999998,0.0778875,0.07813500000000001,0.08657749999999997,293.6164262
27,22,5,LT05_012031_20001021,0.0633125,0.0778875,0.07813500000000001,0.0921325,294.19065356
28,23,3,LT05_012031_20001021,0.08132499999999998,0.0839375,0.09730250000000001,0.10326999999999997,292.46455346
29,23,4,LT05_012031_20001021,0.09331499999999998,0.10810999999999998,0.125985,0.14212750000000002,293.04219883999997
30,23,5,LT05_012031_20001021,0.1052225,0.12614999999999998,0.14506999999999998,0.16432000000000002,294.19065356
32,24,4,LT05_012031_20001021,0.06630999999999998,0.0778875,0.08773249999999999,0.0921325,293.04219883999997
33,24,5,LT05_012031_20001021,0.0903175,0.1020875,0.1164425,0.12549,294.19065356
34,24,6,LT05_012031_20001021,0.08432250000000002,0.0899875,0.09730250000000001,0.0921325,294.75804488
35,25,5,LT05_012031_20001021,0.0633125,0.059655000000000014,0.05891249999999998,0.06427499999999997,295.11351895999996
36,25,6,LT05_012031_20001021,0.0633125,0.07178249999999997,0.06851000000000002,0.06983,295.68091028000003
37,25,7,LT05_012031_20001021,0.08732000000000001,0.09600999999999998,0.09251749999999997,0.08657749999999997,295.68091028000003
38,26,6,LT05_012031_20001021,0.048187499999999994,0.059655000000000014,0.05404500000000001,0.05310999999999999,296.24488357999996
39,26,7,LT05_012031_20001021,0.07233250000000002,0.0899875,0.08292,0.08099499999999998,296.24488357999996
40,27,7,LT05_012031_20001021,0.051212499999999994,0.059655000000000014,0.05404500000000001,0.05310999999999999,296.24488357999996
41,27,8,LT05_012031_20001021,0.060287499999999994,0.06573249999999997,0.06369750000000002,0.05869249999999998,295.61254987999996
42,28,8,LT05_012031_20001021,0.045162499999999994,0.059655000000000014,0.05404500000000001,0.05869249999999998,295.8210491
1,13,0,LT05_012031_20010125,0.1422925,0.132805,0.12826749999999998,0.102665,274.77629996
2,14,0,LT05_012031_20010125,0.14619749999999998,0.12483,0.115755,0.102665,274.77629996
12,18,1,LT05_012031_20010125,0.13844250000000002,0.132805,0.12826749999999998,0.10965000000000003,275.9110826
16,19,2,LT05_012031_20010125,0.16542,0.18057250000000002,0.1843125,0.1932775,277.37399516
17,19,3,LT05_012031_20010125,0.18070999999999998,0.22014499999999998,0.22152,0.234995,277.28854465999996
20,20,4,LT05_012031_20010125,0.13074249999999998,0.132805,0.12199749999999998,0.102665,277.28854465999996
21,21,2,LT05_012031_20010125,0.11908249999999998,0.10876999999999998,0.09697250000000002,0.07469749999999997,274.77629996
22,21,3,LT05_012031_20010125,0.1268375,0.11682749999999997,0.109485,0.09567999999999999,275.34369128000003
23,21,4,LT05_012031_20010125,0.11908249999999998,0.10076750000000001,0.09697250000000002,0.07469749999999997,275.34369128000003
25,22,3,LT05_012031_20010125,0.13074249999999998,0.12483,0.109485,0.102665,274.77629996
26,22,4,LT05_012031_20010125,0.1345925,0.12483,0.115755,0.102665,274.77629996
27,22,5,LT05_012031_20010125,0.12296000000000001,0.11682749999999997,0.115755,0.09567999999999999,275.34369128000003
28,23,3,LT05_012031_20010125,0.13074249999999998,0.12483,0.109485,0.09567999999999999,274.20549062
42,28,8,LT05_012031_20010125,0.15387,0.14078000000000002,0.1344825,0.10965000000000003,274.77629996
1,13,0,LT05_012031_20010210,0.0416975,0.034574999999999995,0.02772749999999999,0.03443750000000001,281.51321738
2,14,0,LT05_012031_20010210,0.04508000000000001,0.0414775,0.043952500000000005,0.04059750000000001,282.05668256
3,14,1,LT05_012031_20010210,0.05176249999999999,0.04835249999999999,0.04934250000000001,0.04681250000000001,282.05668256
4,15,0,LT05_012031_20010210,0.04840749999999999,0.055227499999999985,0.04934250000000001,0.04681250000000001,282.59672972
5,15,1,LT05_012031_20010210,0.05176249999999999,0.055227499999999985,0.04934250000000001,0.04681250000000001,284.11774862
6,16,0,LT05_012031_20010210,0.07175500000000001,0.07582499999999998,0.0709575,0.0715075,284.11774862
7,16,1,LT05_012031_20010210,0.06177250000000001,0.06213000000000002,0.06014999999999998,0.05915999999999999,284.11774862
8,16,2,LT05_012031_20010210,0.06509999999999999,0.06895000000000001,0.06014999999999998,0.06531999999999999,284.02888010000004
10,17,1,LT05_012031_20010210,0.05176249999999999,0.055227499999999985,0.0385625,0.04681250000000001,284.11774862
11,17,2,LT05_012031_20010210,0.05841750000000001,0.055227499999999985,0.04397999999999999,0.05297249999999998,284.02888010000004
12,18,1,LT05_012031_20010210,0.06177250000000001,0.06213000000000002,0.06014999999999998,0.06531999999999999,284.11774862
13,18,2,LT05_012031_20010210,0.09823749999999998,0.10318749999999999,0.09785250000000001,0.12089749999999999,284.02888010000004
14,18,3,LT05_012031_20010210,0.08831,0.11682749999999997,0.1139675,0.1085775,284.5757633
15,19,1,LT05_012031_20010210,0.07175500000000001,0.0827,0.08173750000000002,0.09004250000000003,283.57086542
16,19,2,LT05_012031_20010210,0.12782749999999998,0.13720500000000002,0.146115,0.17015000000000002,284.11774862
17,19,3,LT05_012031_20010210,0.12128250000000002,0.171085,0.18351499999999998,0.1886025,284.5757633
18,20,2,LT05_012031_20010210,0.09823749999999998,0.110035,0.1085775,0.12089749999999999,283.57086542
19,20,3,LT05_012031_20010210,0.09163749999999998,0.11682749999999997,0.12469249999999998,0.1270575,284.02888010000004
20,20,4,LT05_012031_20010210,0.07175500000000001,0.0895475,0.09249000000000002,0.09004250000000003,284.5757633
21,21,2,LT05_012031_20010210,0.04840749999999999,0.04835249999999999,0.04397999999999999,0.04681250000000001,282.85308122000004
22,21,3,LT05_012031_20010210,0.055117499999999986,0.055255,0.054759999999999975,0.04681250000000001,283.18462916
23,21,4,LT05_012031_20010210,0.04508000000000001,0.041504999999999986,0.04934250000000001,0.040624999999999994,282.05668256
25,22,3,LT05_012031_20010210,0.07175500000000001,0.07582499999999998,0.07632,0.07772249999999997,282.08402672
26,22,4,LT05_012031_20010210,0.06177250000000001,0.06213000000000002,0.0655675,0.06531999999999999,282.63432794
27,22,5,LT05_012031_20010210,0.05841750000000001,0.06897750000000002,0.06553999999999999,0.07772249999999997,282.63432794
28,23,3,LT05_012031_20010210,0.045107499999999995,0.03460250000000001,0.04937,0.04681250000000001,281.52688946
29,23,4,LT05_012031_20010210,0.07838250000000002,0.10318749999999999,0.10324250000000001,0.1085775,282.08402672
30,23,5,LT05_012031_20010210,0.09493750000000001,0.110035,0.11930249999999998,0.1332175,282.63432794
32,24,4,LT05_012031_20010210,0.055117499999999986,0.06213000000000002,0.0655675,0.06531999999999999,282.08402672
33,24,5,LT05_012031_20010210,0.06842749999999997,0.07585249999999999,0.08173750000000002,0.08385500000000001,282.63432794
34,24,6,LT05_012031_20010210,0.07175500000000001,0.07582499999999998,0.0709575,0.05915999999999999,282.63432794
35,25,5,LT05_012031_20010210,0.055117499999999986,0.055255,0.06014999999999998,0.05297249999999998,283.52643116
36,25,6,LT05_012031_20010210,0.07175500000000001,0.06897750000000002,0.0709575,0.05915999999999999,283.52643116
37,25,7,LT05_012031_20010210,0.08171,0.0895475,0.08710000000000001,0.07772249999999997,283.52643116
38,26,6,LT05_012031_20010210,0.058445000000000025,0.06897750000000002,0.0655675,0.05915999999999999,284.07331436
39,26,7,LT05_012031_20010210,0.0651275,0.07585249999999999,0.0655675,0.06531999999999999,283.52643116
40,27,7,LT05_012031_20010210,0.05176249999999999,0.055255,0.0655675,0.05297249999999998,282.60014774
41,27,8,LT05_012031_20010210,0.055117499999999986,0.06897750000000002,0.0709575,0.06531999999999999,283.45807076
42,28,8,LT05_012031_20010210,0.04840749999999999,0.055255,0.05478749999999999,0.05297249999999998,283.11626876
1,13,0,LT05_012031_20010226,0.05937999999999999,0.06061749999999999,0.049644999999999995,0.0443375,281.3286443
2,14,0,LT05_012031_20010226,0.0594075,0.06630999999999998,0.05415500000000001,0.04950750000000001,282.4224107
3,14,1,LT05_012031_20010226,0.07049,0.06630999999999998,0.0632025,0.05467749999999999,283.94001158000003
4,15,0,LT05_012031_20010226,0.06771250000000001,0.06630999999999998,0.0632025,0.05987500000000001,284.49031279999997
5,15,1,LT05_012031_20010226,0.073295,0.07774999999999999,0.07224999999999998,0.07021499999999997,284.49031279999997
6,16,0,LT05_012031_20010226,0.07882250000000002,0.07774999999999999,0.07681500000000002,0.0805825,285.037196
7,16,1,LT05_012031_20010226,0.07049,0.0720575,0.0632025,0.06504500000000002,285.037196
8,16,2,LT05_012031_20010226,0.07882250000000002,0.07774999999999999,0.08132499999999998,0.07021499999999997,284.40144427999996
10,17,1,LT05_012031_20010226,0.06771250000000001,0.06630999999999998,0.05869249999999998,0.05467749999999999,284.49031279999997
11,17,2,LT05_012031_20010226,0.073295,0.07774999999999999,0.07224999999999998,0.0754125,284.40144427999996
12,18,1,LT05_012031_20010226,0.07882250000000002,0.0720575,0.07224999999999998,0.07021499999999997,283.38971036
13,18,2,LT05_012031_20010226,0.0898775,0.09485500000000002,0.09942000000000001,0.10123500000000002,283.30425986
14,18,3,LT05_012031_20010226,0.08157249999999999,0.08913500000000002,0.085835,0.085725,283.30425986
15,19,1,LT05_012031_20010226,0.0898775,0.09485500000000002,0.09488249999999998,0.09092250000000002,282.27885386
16,19,2,LT05_012031_20010226,0.15007500000000001,0.15714250000000002,0.17141499999999998,0.17867500000000003,282.27885386
17,19,3,LT05_012031_20010226,0.139185,0.17966500000000002,0.18037999999999998,0.19927250000000002,282.7471226
18,20,2,LT05_012031_20010226,0.11187750000000002,0.12323499999999998,0.12197000000000002,0.12194250000000001,281.71829858
19,20,3,LT05_012031_20010226,0.11187750000000002,0.12323499999999998,0.13096249999999998,0.132255,282.75054062000004
20,20,4,LT05_012031_20010226,0.08710000000000001,0.09485500000000002,0.09488249999999998,0.085725,283.30425986
21,21,2,LT05_012031_20010226,0.07604499999999997,0.0720575,0.07224999999999998,0.07021499999999997,280.99026032
22,21,3,LT05_012031_20010226,0.07882250000000002,0.0720575,0.07681500000000002,0.0754125,281.89603562
23,21,4,LT05_012031_20010226,0.06493500000000002,0.06058999999999998,0.05869249999999998,0.05467749999999999,282.44975486
25,22,3,LT05_012031_20010226,0.10362749999999998,0.10052,0.10843999999999998,0.1116025,281.33548034
26,22,4,LT05_012031_20010226,0.09260000000000002,0.09485500000000002,0.10393000000000002,0.10643249999999999,281.89603562
28,23,3,LT05_012031_20010226,0.08157249999999999,0.08344249999999998,0.08132499999999998,0.0805825,281.33548034
29,23,4,LT05_012031_20010226,0.10909999999999997,0.1288725,0.13096249999999998,0.1425675,281.89603562
32,24,4,LT05_012031_20010226,0.08157249999999999,0.08913500000000002,0.085835,0.09092250000000002,281.89603562
1,13,0,LT05_012031_20010415,0.05998500000000001,0.06251499999999999,0.06617250000000002,0.06996750000000002,296.62086578000003
2,14,0,LT05_012031_20010415,0.06193749999999998,0.066585,0.06617250000000002,0.06996750000000002,297.43435453999996
3,14,1,LT05_012031_20010415,0.07167249999999997,0.07467000000000001,0.08877750000000001,0.08844750000000001,297.91629536
4,15,0,LT05_012031_20010415,0.073625,0.078685,0.08877750000000001,0.08842,298.39481816
5,15,1,LT05_012031_20010415,0.06193749999999998,0.07467000000000001,0.07909749999999999,0.0810225,298.87334096
6,16,0,LT05_012031_20010415,0.07167249999999997,0.090785,0.09843000000000002,0.09947499999999998,299.34844574
7,16,1,LT05_012031_20010415,0.07948250000000001,0.08272750000000001,0.08877750000000001,0.0958175,299.82355052
8,16,2,LT05_012031_20010415,0.07752999999999999,0.0867425,0.09202250000000001,0.0995025,300.19953272
10,17,1,LT05_012031_20010415,0.05998500000000001,0.066585,0.06617250000000002,0.06628250000000002,300.2986553
11,17,2,LT05_012031_20010415,0.073625,0.078685,0.07909749999999999,0.084735,300.67121948
12,18,1,LT05_012031_20010415,0.073625,0.0867425,0.08556000000000002,0.084735,299.34844574
13,18,2,LT05_012031_20010415,0.08140750000000002,0.0867425,0.10167500000000002,0.10315999999999997,299.72784595999997
14,18,3,LT05_012031_20010415,0.07948250000000001,0.090785,0.09845749999999998,0.0995025,299.72784595999997
15,19,1,LT05_012031_20010415,0.085285,0.10687249999999998,0.1081375,0.11792750000000002,296.94899569999995
16,19,2,LT05_012031_20010415,0.12199749999999998,0.13888250000000002,0.1499375,0.15840749999999998,297.43435453999996
17,19,3,LT05_012031_20010415,0.09887000000000001,0.11889,0.12744250000000001,0.13632499999999997,297.81717277999996
18,20,2,LT05_012031_20010415,0.13923999999999997,0.15486,0.16913250000000002,0.187805,294.50169338
19,20,3,LT05_012031_20010415,0.10079500000000002,0.13093500000000002,0.140285,0.151065,295.39037858
20,20,4,LT05_012031_20010415,0.08335999999999999,0.10687249999999998,0.11135499999999998,0.1252975,296.3679323
21,21,2,LT05_012031_20010415,0.07948250000000001,0.0867425,0.08556000000000002,0.09578999999999999,292.83028160000003
22,21,3,LT05_012031_20010415,0.08723750000000002,0.11490250000000002,0.11454500000000001,0.1252975,293.58566401999997
23,21,4,LT05_012031_20010415,0.073625,0.0948,0.09845749999999998,0.10684500000000002,295.06224866
25,22,3,LT05_012031_20010415,0.11044749999999998,0.146885,0.15312750000000003,0.16575,293.58566401999997
26,22,4,LT05_012031_20010415,0.10464499999999999,0.12689250000000002,0.14350249999999998,0.15840749999999998,295.06224866
27,22,5,LT05_012031_20010415,0.09306750000000003,0.11086000000000001,0.11779,0.14001000000000002,296.03638436
28,23,3,LT05_012031_20010415,0.09691749999999999,0.11889,0.11779,0.1252975,294.08127692
29,23,4,LT05_012031_20010415,0.1162225,0.1428975,0.162725,0.17677749999999998,295.55102552
30,23,5,LT05_012031_20010415,0.11814750000000002,0.1428975,0.1563175,0.169435,297.00368402000004
32,24,4,LT05_012031_20010415,0.073625,0.090785,0.09845749999999998,0.10315999999999997,297.00368402000004
33,24,5,LT05_012031_20010415,0.09306750000000003,0.10687249999999998,0.11454500000000001,0.11792750000000002,297.96414763999996
34,24,6,LT05_012031_20010415,0.10659750000000001,0.11086000000000001,0.11454500000000001,0.11792750000000002,298.43925242
35,25,5,LT05_012031_20010415,0.06584250000000003,0.07467000000000001,0.07588,0.0773375,299.30059345999996
36,25,6,LT05_012031_20010415,0.09499249999999998,0.10282999999999998,0.10170249999999997,0.10315999999999997,299.77569824
37,25,7,LT05_012031_20010415,0.10852250000000002,0.12290499999999999,0.12744250000000001,0.128955,299.30059345999996
38,26,6,LT05_012031_20010415,0.07560499999999998,0.08272750000000001,0.08234249999999999,0.084735,299.77569824
39,26,7,LT05_012031_20010415,0.09499249999999998,0.10282999999999998,0.1048925,0.10684500000000002,299.30059345999996
40,27,7,LT05_012031_20010415,0.073625,0.078685,0.07909749999999999,0.084735,298.82207066
41,27,8,LT05_012031_20010415,0.08335999999999999,0.0988425,0.10170249999999997,0.0995025,298.27176943999996
42,28,8,LT05_012031_20010415,0.067795,0.078685,0.07909749999999999,0.0810225,297.8889512
1,13,0,LT05_012031_20010501,0.06597999999999998,0.072525,0.07758500000000002,0.08074749999999997,308.53950152
2,14,0,LT05_012031_20010501,0.07763999999999999,0.08445999999999998,0.08396500000000001,0.08443250000000002,309.92721764
3,14,1,LT05_012031_20010501,0.07571499999999998,0.08844750000000001,0.0903175,0.09185749999999998,310.4501747
4,15,0,LT05_012031_20010501,0.07571499999999998,0.0844875,0.09350750000000002,0.09185749999999998,311.48925278
5,15,1,LT05_012031_20010501,0.07379000000000002,0.0844875,0.0808025,0.08443250000000002,312.00537380000003
6,16,0,LT05_012031_20010501,0.0776675,0.09243499999999999,0.09669749999999999,0.10296749999999999,312.5180768
7,16,1,LT05_012031_20010501,0.0776675,0.09243499999999999,0.102995,0.10668,313.5434828
8,16,2,LT05_012031_20010501,0.0776675,0.08844750000000001,0.09034500000000001,0.0992825,313.95022717999996
10,17,1,LT05_012031_20010501,0.06603500000000001,0.07255250000000002,0.07761249999999997,0.07703500000000002,313.5434828
11,17,2,LT05_012031_20010501,0.07186500000000001,0.07654,0.0808025,0.08817249999999999,313.95022717999996
12,18,1,LT05_012031_20010501,0.06798749999999998,0.08052749999999997,0.0808025,0.08445999999999998,312.5180768
13,18,2,LT05_012031_20010501,0.08154499999999998,0.09243499999999999,0.09983249999999999,0.0992825,312.9282392
14,18,3,LT05_012031_20010501,0.085395,0.10035499999999997,0.10934749999999999,0.11410500000000001,312.9282392
15,19,1,LT05_012031_20010501,0.07962000000000002,0.10038249999999999,0.09983249999999999,0.11036499999999999,310.44675668
16,19,2,LT05_012031_20010501,0.10651500000000003,0.13585750000000002,0.14091749999999997,0.15469500000000003,310.96971374
17,19,3,LT05_012031_20010501,0.10648750000000001,0.1279925,0.14405250000000003,0.1620375,310.86717314
18,20,2,LT05_012031_20010501,0.11223499999999997,0.13979000000000003,0.15348499999999998,0.17677749999999998,308.87446748
19,20,3,LT05_012031_20010501,0.10076750000000001,0.13979000000000003,0.15034999999999998,0.1620375,309.82467704
20,20,4,LT05_012031_20010501,0.08346999999999999,0.1043425,0.11567250000000001,0.12516,310.3476341
21,21,2,LT05_012031_20010501,0.07579750000000002,0.09642250000000002,0.09669749999999999,0.11410500000000001,307.6303082
22,21,3,LT05_012031_20010501,0.0834975,0.10830250000000002,0.11570000000000003,0.128845,308.95991798
23,21,4,LT05_012031_20010501,0.073845,0.09642250000000002,0.10302250000000002,0.10670750000000001,309.48287503999995
25,22,3,LT05_012031_20010501,0.12177749999999998,0.15937,0.1754575,0.19146249999999998,308.95991798
26,22,4,LT05_012031_20010501,0.10651500000000003,0.13195250000000003,0.14718750000000003,0.1694075,310.00241408
27,22,5,LT05_012031_20010501,0.09119749999999999,0.10830250000000002,0.128295,0.139955,310.52195312000003
28,23,3,LT05_012031_20010501,0.08545000000000003,0.10830250000000002,0.109375,0.12150250000000001,309.48287503999995
29,23,4,LT05_012031_20010501,0.10461749999999997,0.13195250000000003,0.15034999999999998,0.1694075,310.52195312000003
30,23,5,LT05_012031_20010501,0.09887000000000001,0.13195250000000003,0.14091749999999997,0.15838000000000002,311.03807414
32,24,4,LT05_012031_20010501,0.0661175,0.08850249999999998,0.09037250000000002,0.102995,311.03807414
33,24,5,LT05_012031_20010501,0.08737499999999998,0.1043425,0.11253750000000001,0.12516,311.55419516
34,24,6,LT05_012031_20010501,0.09504750000000001,0.1043425,0.11570000000000003,0.11779,311.03807414
35,25,5,LT05_012031_20010501,0.062267499999999976,0.07662249999999998,0.0745325,0.07337749999999998,311.95068548
36,25,6,LT05_012031_20010501,0.079675,0.08853,0.09037250000000002,0.091885,311.95068548
37,25,7,LT05_012031_20010501,0.10079500000000002,0.12408750000000002,0.1314575,0.1325575,310.91502542
38,26,6,LT05_012031_20010501,0.07197500000000001,0.08456999999999998,0.0840475,0.0844875,312.46680649999996
39,26,7,LT05_012031_20010501,0.09507500000000002,0.10437000000000002,0.109375,0.1103925,311.43456446
40,27,7,LT05_012031_20010501,0.07585249999999999,0.07662249999999998,0.07769500000000001,0.0808025,311.95068548
41,27,8,LT05_012031_20010501,0.08355249999999997,0.10437000000000002,0.11253750000000001,0.11410500000000001,310.83982898
42,28,8,LT05_012031_20010501,0.07392749999999998,0.08853,0.09039999999999998,0.091885,311.9882837
1,13,0,LT05_012031_20010618,0.05201,0.061277499999999985,0.062487499999999974,0.08281,314.93803496
2,14,0,LT05_012031_20010618,0.0630925,0.08006000000000002,0.0805825,0.0898775,316.26422672
3,14,1,LT05_012031_20010618,0.06677749999999999,0.0838275,0.0836075,0.09339750000000002,316.74616754
4,15,0,LT05_012031_20010618,0.06496249999999998,0.0838275,0.0836075,0.09339750000000002,316.74616754
5,15,1,LT05_012031_20010618,0.07599,0.09504750000000001,0.09565249999999997,0.10750500000000002,317.22810835999996
6,16,0,LT05_012031_20010618,0.07964749999999998,0.09878749999999997,0.1046725,0.11457250000000002,316.74958556
7,16,1,LT05_012031_20010618,0.07046249999999998,0.08754,0.0836075,0.09691749999999999,317.22810835999996
8,16,2,LT05_012031_20010618,0.06677749999999999,0.08754,0.08660499999999999,0.103985,317.12214974
10,17,1,LT05_012031_20010618,0.05756499999999998,0.072525,0.07153500000000002,0.08281,316.74616754
11,17,2,LT05_012031_20010618,0.06493500000000002,0.08006000000000002,0.0805825,0.103985,317.12214974
12,18,1,LT05_012031_20010618,0.08333249999999998,0.11371999999999999,0.1196875,0.13219999999999998,316.26422672
13,18,2,LT05_012031_20010618,0.09064749999999999,0.11746000000000001,0.13162249999999998,0.1532925,316.1582681
14,18,3,LT05_012031_20010618,0.0814625,0.10249999999999998,0.1016475,0.12161250000000001,316.64362694
15,19,1,LT05_012031_20010618,0.097935,0.11371999999999999,0.1196875,0.14628000000000002,314.80473218
16,19,2,LT05_012031_20010618,0.11432500000000001,0.1434475,0.1614875,0.18486249999999999,315.29350904
17,19,3,LT05_012031_20010618,0.097935,0.13230999999999998,0.14058749999999998,0.15681250000000002,315.18755042
18,20,2,LT05_012031_20010618,0.12521500000000002,0.1434475,0.14361249999999998,0.15681250000000002,312.83595266
19,20,3,LT05_012031_20010618,0.11614000000000002,0.158215,0.1674275,0.18136999999999998,313.22902496
20,20,4,LT05_012031_20010618,0.07596249999999999,0.10249999999999998,0.11366500000000002,0.1286525,313.72121984
21,21,2,LT05_012031_20010618,0.097935,0.121145,0.13162249999999998,0.13572,310.14597091999997
22,21,3,LT05_012031_20010618,0.11432500000000001,0.139735,0.14958,0.1743575,310.89109928
23,21,4,LT05_012031_20010618,0.06862000000000001,0.10249999999999998,0.10766999999999999,0.12161250000000001,311.3901302
25,22,3,LT05_012031_20010618,0.15043250000000002,0.17664000000000002,0.194185,0.2163775,308.88130351999996
26,22,4,LT05_012031_20010618,0.10340749999999999,0.13599499999999998,0.14361249999999998,0.1743575,310.39206836
27,22,5,LT05_012031_20010618,0.10156500000000002,0.12859749999999998,0.14058749999999998,0.163825,311.8857431
28,23,3,LT05_012031_20010618,0.11248249999999999,0.13230999999999998,0.14361249999999998,0.1498,308.88130351999996
29,23,4,LT05_012031_20010618,0.11611250000000001,0.1471325,0.1614875,0.18841000000000002,310.89109928
30,23,5,LT05_012031_20010618,0.11795499999999998,0.14342,0.15851749999999998,0.18486249999999999,312.87355088
32,24,4,LT05_012031_20010618,0.0722775,0.09504750000000001,0.1016475,0.11457250000000002,312.381356
33,24,5,LT05_012031_20010618,0.097935,0.11371999999999999,0.11965999999999999,0.13572,314.34329948
34,24,6,LT05_012031_20010618,0.10340749999999999,0.13599499999999998,0.14361249999999998,0.1498,315.799376
35,25,5,LT05_012031_20010618,0.06122250000000001,0.07249749999999999,0.07153500000000002,0.07926250000000001,316.2095384
36,25,6,LT05_012031_20010618,0.09606500000000001,0.121145,0.12265749999999997,0.12513249999999998,317.17342004
37,25,7,LT05_012031_20010618,0.13781,0.17295500000000003,0.17339500000000002,0.19190249999999998,317.65194284
38,26,6,LT05_012031_20010618,0.06303750000000002,0.07626499999999997,0.0775575,0.07926250000000001,318.13388366000004
39,26,7,LT05_012031_20010618,0.09790749999999998,0.121145,0.12265749999999997,0.12513249999999998,318.13388366000004
40,27,7,LT05_012031_20010618,0.08143499999999998,0.10247250000000002,0.10764249999999997,0.11457250000000002,317.65536086
41,27,8,LT05_012031_20010618,0.10156500000000002,0.11369249999999997,0.11965999999999999,0.12513249999999998,317.09138756
42,28,8,LT05_012031_20010618,0.07406499999999999,0.08377249999999997,0.08957500000000002,0.103985,316.19928433999996
1,13,0,LT05_012031_20010704,0.0770075,0.09381,0.08833750000000001,0.10879749999999999,309.63326792
2,14,0,LT05_012031_20010704,0.08638499999999999,0.10318749999999999,0.102995,0.12155749999999999,311.35253198
3,14,1,LT05_012031_20010704,0.08638499999999999,0.10318749999999999,0.102995,0.11729499999999998,312.04639004
4,15,0,LT05_012031_20010704,0.08872249999999998,0.1172125,0.11031000000000002,0.1300825,312.73683008
5,15,1,LT05_012031_20010704,0.09108749999999999,0.10318749999999999,0.102995,0.11729499999999998,313.4238521
6,16,0,LT05_012031_20010704,0.08875,0.11253750000000001,0.1175425,0.13431749999999998,313.4238521
7,16,1,LT05_012031_20010704,0.0840475,0.09381,0.09202250000000001,0.10453499999999999,313.4238521
8,16,2,LT05_012031_20010704,0.08875,0.10318749999999999,0.102995,0.12155749999999999,313.32814754000003
10,17,1,LT05_012031_20010704,0.06994,0.07973000000000002,0.07365250000000001,0.08743000000000001,312.73341206
11,17,2,LT05_012031_20010704,0.079345,0.10318749999999999,0.09933750000000002,0.12155749999999999,312.63770750000003
12,18,1,LT05_012031_20010704,0.079345,0.09381,0.09567999999999999,0.10453499999999999,311.34911395999995
13,18,2,LT05_012031_20010704,0.11209750000000002,0.13574750000000002,0.14295249999999998,0.16390749999999998,311.2534094
14,18,3,LT05_012031_20010704,0.10744999999999999,0.12186000000000002,0.12846000000000002,0.1512575,311.2534094
15,19,1,LT05_012031_20010704,0.09342499999999998,0.11253750000000001,0.11031000000000002,0.1258475,308.5360835
16,19,2,LT05_012031_20010704,0.146665,0.163385,0.17531999999999998,0.20174750000000002,309.24703166
17,19,3,LT05_012031_20010704,0.1259575,0.15422750000000002,0.16456749999999998,0.1933875,309.85543922
18,20,2,LT05_012031_20010704,0.14438250000000002,0.163385,0.16456749999999998,0.1975675,307.82513534
19,20,3,LT05_012031_20010704,0.13517,0.177135,0.1895925,0.21431499999999998,308.44379696
20,20,4,LT05_012031_20010704,0.10744999999999999,0.13574750000000002,0.13572,0.16390749999999998,309.85543922
21,21,2,LT05_012031_20010704,0.13517,0.1587925,0.1609375,0.1933875,306.93303212
22,21,3,LT05_012031_20010704,0.13517,0.18170000000000003,0.19313999999999998,0.2226475,308.1259211
23,21,4,LT05_012031_20010704,0.1051125,0.1311275,0.13208999999999999,0.1597,308.83003322
25,22,3,LT05_012031_20010704,0.1603325,0.1953125,0.1967425,0.2268,308.12250308
26,22,4,LT05_012031_20010704,0.146665,0.1725425,0.1824425,0.2268,308.83003322
27,22,5,LT05_012031_20010704,0.11902750000000001,0.14963500000000002,0.15736250000000002,0.1933875,309.53072732
28,23,3,LT05_012031_20010704,0.11209750000000002,0.13574750000000002,0.13572,0.16390749999999998,308.12250308
29,23,4,LT05_012031_20010704,0.12364750000000002,0.14963500000000002,0.1609375,0.1933875,308.83003322
30,23,5,LT05_012031_20010704,0.12826749999999998,0.163385,0.17171750000000002,0.20592749999999999,310.23142142
32,24,4,LT05_012031_20010704,0.08171,0.09381,0.09567999999999999,0.11306,309.53072732
33,24,5,LT05_012031_20010704,0.10514000000000001,0.12647999999999998,0.13572,0.15549249999999998,310.22800340000003
34,24,6,LT05_012031_20010704,0.1259575,0.145015,0.15376,0.16390749999999998,310.92527948
35,25,5,LT05_012031_20010704,0.07467000000000001,0.08916249999999998,0.08833750000000001,0.10453499999999999,311.29784366
36,25,6,LT05_012031_20010704,0.0958175,0.11256500000000003,0.11031000000000002,0.12155749999999999,311.29784366
37,25,7,LT05_012031_20010704,0.1328875,0.1679775,0.17171750000000002,0.180765,311.99170172000004
38,26,6,LT05_012031_20010704,0.08171,0.0985125,0.09202250000000001,0.10024499999999997,311.9882837
39,26,7,LT05_012031_20010704,0.11905500000000002,0.13577499999999998,0.12846000000000002,0.13855250000000002,312.68214176000004
40,27,7,LT05_012031_20010704,0.09815499999999999,0.10788999999999999,0.102995,0.12155749999999999,312.67872374
41,27,8,LT05_012031_20010704,0.10978749999999998,0.1311275,0.13208999999999999,0.1427875,313.29396734
42,28,8,LT05_012031_20010704,0.08875,0.103215,0.09567999999999999,0.11306,312.91456712
1,13,0,LT05_012031_20010906,0.060535000000000005,0.06509999999999999,0.06996750000000002,0.07873999999999998,303.81579788
2,14,0,LT05_012031_20010906,0.060535000000000005,0.0742025,0.07719999999999999,0.09141749999999998,302.65025305999995
3,14,1,LT05_012031_20010906,0.07401000000000002,0.08778750000000002,0.0952675,0.12095250000000002,304.14734582
4,15,0,LT05_012031_20010906,0.049287499999999984,0.06056250000000002,0.05910500000000002,0.08297500000000002,301.64193716
5,15,1,LT05_012031_20010906,0.06504500000000002,0.07873999999999998,0.07719999999999999,0.10830250000000002,303.65173292
6,16,0,LT05_012031_20010906,0.060535000000000005,0.07873999999999998,0.08443250000000002,0.11674499999999999,302.14780412
7,16,1,LT05_012031_20010906,0.05154249999999999,0.060535000000000005,0.059077500000000005,0.07027,303.152702
8,16,2,LT05_012031_20010906,0.040212499999999984,0.04689499999999999,0.044529999999999986,0.049067499999999986,304.05164126
10,17,1,LT05_012031_20010906,0.05828,0.07873999999999998,0.08443250000000002,0.09986,303.65173292
11,17,2,LT05_012031_20010906,0.05151499999999998,0.05599749999999998,0.059077500000000005,0.07027,304.54725415999997
12,18,1,LT05_012031_20010906,0.07623750000000001,0.10134500000000002,0.1133075,0.16299999999999998,304.14734582
13,18,2,LT05_012031_20010906,0.0739825,0.096835,0.10249999999999998,0.10830250000000002,305.03944904
14,18,3,LT05_012031_20010906,0.067245,0.06963750000000002,0.07357000000000002,0.0871825,306.50919764
15,19,1,LT05_012031_20010906,0.06050749999999999,0.07871250000000002,0.07357000000000002,0.13778249999999997,304.14734582
16,19,2,LT05_012031_20010906,0.06279000000000001,0.07871250000000002,0.08443250000000002,0.1881625,305.13857162
17,19,3,LT05_012031_20010906,0.042495000000000005,0.04227500000000001,0.0445025,0.0871825,306.02042078
18,20,2,LT05_012031_20010906,0.0265725,0.03768250000000001,0.02995500000000001,0.20073000000000002,304.64295872
19,20,3,LT05_012031_20010906,0.024317499999999992,0.033117499999999994,0.02995500000000001,0.175595,305.53164391999996
20,20,4,LT05_012031_20010906,0.067245,0.07871250000000002,0.0808025,0.13781,306.02042078
21,21,2,LT05_012031_20010906,0.0265725,0.04224749999999999,0.033585000000000004,0.2591125,303.96277274
22,21,3,LT05_012031_20010906,0.022035,0.03768250000000001,0.033585000000000004,0.20909,303.71325728
23,21,4,LT05_012031_20010906,0.046977500000000005,0.06050749999999999,0.06270749999999997,0.14199,304.69764704
25,22,3,LT05_012031_20010906,0.06498999999999999,0.07417499999999999,0.07357000000000002,0.17977500000000002,302.71861346000003
26,22,4,LT05_012031_20010906,0.058252499999999985,0.07417499999999999,0.07357000000000002,0.10830250000000002,303.21764438
27,22,5,LT05_012031_20010906,0.0717275,0.08324999999999999,0.08803499999999997,0.09562500000000002,303.71325728
28,23,3,LT05_012031_20010906,0.09628500000000001,0.10585499999999998,0.1133075,0.12516,301.7171336
29,23,4,LT05_012031_20010906,0.05599749999999998,0.06504500000000002,0.06994,0.07447749999999997,302.21958254000003
30,23,5,LT05_012031_20010906,0.04694999999999999,0.04683999999999999,0.05176249999999999,0.05753750000000002,303.21764438
32,24,4,LT05_012031_20010906,0.05599749999999998,0.06504500000000002,0.07354250000000001,0.08294750000000001,301.7171336
33,24,5,LT05_012031_20010906,0.08063749999999997,0.11932999999999999,0.13126500000000002,0.150405,302.21958254000003
34,24,6,LT05_012031_20010906,0.06947249999999999,0.10134500000000002,0.1168825,0.1672075,302.71861346000003
35,25,5,LT05_012031_20010906,0.06947249999999999,0.09680749999999999,0.10610249999999999,0.12095250000000002,301.59066686
36,25,6,LT05_012031_20010906,0.06718999999999997,0.08776,0.09887000000000001,0.15461249999999999,302.09653382
37,25,7,LT05_012031_20010906,0.05597000000000002,0.07414749999999998,0.07354250000000001,0.12095250000000002,302.59898276
38,26,6,LT05_012031_20010906,0.05597000000000002,0.07414749999999998,0.08440500000000001,0.11674499999999999,301.59066686
39,26,7,LT05_012031_20010906,0.05819750000000001,0.07414749999999998,0.08077499999999999,0.09139000000000003,301.59066686
40,27,7,LT05_012031_20010906,0.06270749999999997,0.06047999999999998,0.06628250000000002,0.07871250000000002,301.59066686
41,27,8,LT05_012031_20010906,0.04241249999999999,0.0650175,0.05902249999999998,0.07024249999999999,301.51888843999996
42,28,8,LT05_012031_20010906,0.04689499999999999,0.06955499999999998,0.07354250000000001,0.08715499999999998,301.64193716
1,13,0,LT05_012031_20011125,0.033805,0.03176999999999999,0.03163250000000001,0.03611500000000001,285.77890634
2,14,0,LT05_012031_20011125,0.03814999999999999,0.04054250000000001,0.0384525,0.036087499999999995,285.77890634
3,14,1,LT05_012031_20011125,0.033805,0.040569999999999995,0.0384525,0.03611500000000001,286.39756796
4,15,0,LT05_012031_20011125,0.04246749999999999,0.04054250000000001,0.03842499999999999,0.044007500000000005,286.39756796
5,15,1,LT05_012031_20011125,0.042495000000000005,0.04937,0.0384525,0.0519,286.39756796
6,16,0,LT05_012031_20011125,0.05992999999999998,0.058142499999999986,0.05888500000000002,0.06765749999999998,288.4893962
7,16,1,LT05_012031_20011125,0.046867500000000006,0.058142499999999986,0.05206499999999997,0.05976500000000001,288.4893962
8,16,2,LT05_012031_20011125,0.04689499999999999,0.05817,0.05891249999999998,0.0519,289.02602534
10,17,1,LT05_012031_20011125,0.046867500000000006,0.04934250000000001,0.05206499999999997,0.044007500000000005,289.11147584
11,17,2,LT05_012031_20011125,0.042495000000000005,0.04934250000000001,0.05206499999999997,0.05976500000000001,289.02602534
12,18,1,LT05_012031_20011125,0.072965,0.07563249999999999,0.07249749999999999,0.09130749999999999,289.11147584
13,18,2,LT05_012031_20011125,0.09458,0.11053000000000002,0.1267275,0.13060500000000003,289.02602534
14,18,3,LT05_012031_20011125,0.06864749999999997,0.0843775,0.0929025,0.08344249999999998,289.02602534
15,19,1,LT05_012031_20011125,0.08157249999999999,0.09309499999999998,0.09287499999999999,0.14628000000000002,288.4893962
16,19,2,LT05_012031_20011125,0.128845,0.14517999999999998,0.1537325,0.169765,288.4893962
17,19,3,LT05_012031_20011125,0.12031999999999998,0.162395,0.17386249999999998,0.169765,288.4039457
18,20,2,LT05_012031_20011125,0.09023500000000001,0.09309499999999998,0.09287499999999999,0.09914499999999998,287.86731656
19,20,3,LT05_012031_20011125,0.10318749999999999,0.10183999999999999,0.10646,0.114875,287.78186605999997
20,20,4,LT05_012031_20011125,0.06864749999999997,0.07566,0.07931749999999999,0.08344249999999998,287.78186605999997
21,21,2,LT05_012031_20011125,0.0599575,0.07566,0.072525,0.067685,286.44883826
22,21,3,LT05_012031_20011125,0.07304749999999999,0.07568750000000002,0.072525,0.07555,286.8658367
23,21,4,LT05_012031_20011125,0.03375,0.040569999999999995,0.03842499999999999,0.03611500000000001,287.49133436
25,22,3,LT05_012031_20011125,0.0773375,0.07566,0.072525,0.08346999999999999,286.23692101999995
26,22,4,LT05_012031_20011125,0.05998500000000001,0.058142499999999986,0.05206499999999997,0.05979249999999997,286.8658367
27,22,5,LT05_012031_20011125,0.05126750000000002,0.04937,0.052092499999999986,0.05979249999999997,287.49133436
28,23,3,LT05_012031_20011125,0.051212499999999994,0.05811499999999997,0.052037500000000014,0.05187249999999999,286.23692101999995
29,23,4,LT05_012031_20011125,0.07301999999999997,0.08443250000000002,0.09293000000000001,0.09920000000000001,286.8658367
30,23,5,LT05_012031_20011125,0.09034500000000001,0.1018675,0.1200175,0.13066,288.11341400000003
32,24,4,LT05_012031_20011125,0.051212499999999994,0.05811499999999997,0.05888500000000002,0.067685,287.49133436
33,24,5,LT05_012031_20011125,0.06867499999999999,0.07566,0.072525,0.08346999999999999,288.11341400000003
34,24,6,LT05_012031_20011125,0.07304749999999999,0.08443250000000002,0.079345,0.08346999999999999,288.11341400000003
35,25,5,LT05_012031_20011125,0.046867500000000006,0.05811499999999997,0.06570500000000001,0.067685,288.44496194
36,25,6,LT05_012031_20011125,0.05124000000000001,0.058142499999999986,0.05888500000000002,0.0519,287.8228823
37,25,7,LT05_012031_20011125,0.05998500000000001,0.06694250000000002,0.05891249999999998,0.0519,288.44496194
38,26,6,LT05_012031_20011125,0.051212499999999994,0.05811499999999997,0.05888500000000002,0.0519,287.8228823
39,26,7,LT05_012031_20011125,0.05564000000000002,0.06694250000000002,0.06570500000000001,0.05979249999999997,288.44496194
40,27,7,LT05_012031_20011125,0.051212499999999994,0.066915,0.05888500000000002,0.05976500000000001,287.8228823
41,27,8,LT05_012031_20011125,0.05564000000000002,0.06694250000000002,0.05206499999999997,0.05979249999999997,288.38001956
42,28,8,LT05_012031_20011125,0.05124000000000001,0.049315,0.045217499999999994,0.0519,287.42639198
1,13,0,LT05_012031_20020504,0.05409999999999998,0.07962000000000002,0.07046249999999998,0.08624749999999998,301.15999634
2,14,0,LT05_012031_20020504,0.052312499999999984,0.06831749999999998,0.06441249999999998,0.07588,302.8963505
3,14,1,LT05_012031_20020504,0.066915,0.07964749999999998,0.08261750000000001,0.079345,302.8963505
4,15,0,LT05_012031_20020504,0.0687025,0.09094999999999998,0.08564250000000001,0.10008,304.2806486
5,15,1,LT05_012031_20020504,0.066915,0.07585249999999999,0.079565,0.079345,304.7420813
6,16,0,LT05_012031_20020504,0.07235999999999998,0.07964749999999998,0.09469,0.09664250000000002,305.19667796
7,16,1,LT05_012031_20020504,0.0687025,0.08715499999999998,0.08261750000000001,0.08973999999999999,305.65127462
8,16,2,LT05_012031_20020504,0.07599,0.09094999999999998,0.097715,0.10008,306.00333068
10,17,1,LT05_012031_20020504,0.057784999999999975,0.06831749999999998,0.06444,0.06897750000000002,305.65127462
11,17,2,LT05_012031_20020504,0.07417499999999999,0.08715499999999998,0.08864,0.09664250000000002,306.00333068
12,18,1,LT05_012031_20020504,0.07417499999999999,0.09094999999999998,0.10076750000000001,0.09664250000000002,303.82263392
13,18,2,LT05_012031_20020504,0.0814625,0.11347249999999998,0.11883500000000002,0.12425249999999999,303.72351133999996
14,18,3,LT05_012031_20020504,0.0832775,0.10599249999999999,0.10679,0.11042000000000002,303.72351133999996
15,19,1,LT05_012031_20020504,0.08503749999999999,0.09471750000000001,0.109815,0.120815,301.02669356
16,19,2,LT05_012031_20020504,0.14080749999999997,0.18436750000000002,0.1789775,0.19660500000000003,301.02669356
17,19,3,LT05_012031_20020504,0.13723249999999998,0.1695175,0.19094,0.200015,300.93098899999995
18,20,2,LT05_012031_20020504,0.11033749999999998,0.14342,0.1309075,0.1690775,298.65458767999996
19,20,3,LT05_012031_20020504,0.13723249999999998,0.16209250000000003,0.18797000000000003,0.162175,299.0339879
20,20,4,LT05_012031_20020504,0.07964749999999998,0.10976000000000002,0.103765,0.120815,299.98419746
21,21,2,LT05_012031_20020504,0.06509999999999999,0.07964749999999998,0.07049,0.08973999999999999,297.50613296
22,21,3,LT05_012031_20020504,0.10673500000000002,0.11347249999999998,0.133905,0.11735000000000001,298.22049914
23,21,4,LT05_012031_20020504,0.07601750000000002,0.09848499999999999,0.10076750000000001,0.11391250000000003,299.6492315
25,22,3,LT05_012031_20020504,0.14969,0.180655,0.1759525,0.18973,299.17412672
26,22,4,LT05_012031_20020504,0.11036499999999999,0.1322275,0.14897500000000002,0.1656125,300.58918700000004
27,22,5,LT05_012031_20020504,0.10313250000000002,0.12848749999999998,0.13693,0.151835,301.52572448
28,23,3,LT05_012031_20020504,0.07783249999999997,0.0871825,0.08564250000000001,0.09317750000000002,301.05745574
29,23,4,LT05_012031_20020504,0.0959275,0.12474750000000001,0.1278825,0.14839750000000002,301.99057519999997
30,23,5,LT05_012031_20020504,0.115755,0.14342,0.15497,0.16904999999999998,302.4520079
32,24,4,LT05_012031_20020504,0.06694250000000002,0.07964749999999998,0.079565,0.08973999999999999,303.3748733
33,24,5,LT05_012031_20020504,0.08869500000000002,0.10599249999999999,0.10679,0.12425249999999999,303.83288798
34,24,6,LT05_012031_20020504,0.09955750000000002,0.10599249999999999,0.11883500000000002,0.12078749999999999,303.3748733
35,25,5,LT05_012031_20020504,0.05597000000000002,0.06834499999999999,0.061415,0.06553999999999999,304.68739298
36,25,6,LT05_012031_20020504,0.07235999999999998,0.0871825,0.08564250000000001,0.09317750000000002,304.2293783
37,25,7,LT05_012031_20020504,0.12472,0.13596750000000002,0.14292500000000002,0.1380575,303.30993092
38,26,6,LT05_012031_20020504,0.0596275,0.07211250000000002,0.06749250000000001,0.079345,304.2293783
39,26,7,LT05_012031_20020504,0.08869500000000002,0.09848499999999999,0.109815,0.103545,303.77136362
40,27,7,LT05_012031_20020504,0.06694250000000002,0.06834499999999999,0.08261750000000001,0.07588,303.77136362
41,27,8,LT05_012031_20020504,0.08869500000000002,0.10976000000000002,0.09469,0.10698249999999998,303.23131646
42,28,8,LT05_012031_20020504,0.0723875,0.08344249999999998,0.08261750000000001,0.079345,303.29967686
1,13,0,LT05_012031_20020520,0.10068500000000002,0.1258475,0.12892750000000003,0.14528999999999997,305.15907974000004
2,14,0,LT05_012031_20020520,0.08597250000000001,0.10703750000000001,0.10475499999999999,0.12106250000000002,306.88517984
3,14,1,LT05_012031_20020520,0.09150000000000003,0.10324250000000001,0.10777999999999999,0.12452750000000001,307.33977649999997
4,15,0,LT05_012031_20020520,0.09699999999999998,0.11831249999999999,0.11685499999999999,0.1383875,307.34319452
5,15,1,LT05_012031_20020520,0.0841575,0.09567999999999999,0.10475499999999999,0.12106250000000002,307.33977649999997
6,16,0,LT05_012031_20020520,0.10068500000000002,0.12210749999999998,0.12287749999999997,0.14875500000000003,306.42716515999996
7,16,1,LT05_012031_20020520,0.08781499999999998,0.09567999999999999,0.10475499999999999,0.11759750000000002,305.96573246
8,16,2,LT05_012031_20020520,0.10249999999999998,0.1258475,0.12590249999999997,0.14875500000000003,304.94032646
10,17,1,LT05_012031_20020520,0.07676,0.08811750000000002,0.08960249999999997,0.09677999999999998,303.64147886
11,17,2,LT05_012031_20020520,0.09699999999999998,0.11457250000000002,0.11685499999999999,0.1349225,302.127296
12,18,1,LT05_012031_20020520,0.10437000000000002,0.1258475,0.13195250000000003,0.14528999999999997,301.7513138
13,18,2,LT05_012031_20020520,0.11713000000000001,0.14462999999999998,0.15301750000000003,0.176365,300.22004084
14,18,3,LT05_012031_20020520,0.11713000000000001,0.15582249999999997,0.15301750000000003,0.17983,298.28202350000004
15,19,1,LT05_012031_20020520,0.14438250000000002,0.15959,0.165035,0.20392,300.31574539999997
16,19,2,LT05_012031_20020520,0.180325,0.2189625,0.22185,0.2623025,298.8630869
17,19,3,LT05_012031_20020520,0.17851,0.20790750000000002,0.212885,0.2520175,296.80885688
18,20,2,LT05_012031_20020520,0.16960000000000003,0.20419500000000002,0.19798,0.24517,297.8889512
19,20,3,LT05_012031_20020520,0.19280999999999998,0.2189625,0.22185,0.26915,296.31324398000004
20,20,4,LT05_012031_20020520,0.1999325,0.222675,0.22482000000000002,0.27256,295.81421306
21,21,2,LT05_012031_20020520,0.13712249999999998,0.15582249999999997,0.1590125,0.2004825,296.71998836
22,21,3,LT05_012031_20020520,0.162395,0.1893725,0.18302000000000002,0.2348575,295.98511406
23,21,4,LT05_012031_20020520,0.16778500000000002,0.1893725,0.19198500000000002,0.2348575,295.98511406
25,22,3,LT05_012031_20020520,0.1731475,0.19677,0.20097749999999998,0.24858000000000002,295.98511406
26,22,4,LT05_012031_20020520,0.16060750000000001,0.1893725,0.19198500000000002,0.23142000000000001,296.47730894
27,22,5,LT05_012031_20020520,0.1407525,0.16704249999999998,0.16803250000000003,0.20392,297.94705754
28,23,3,LT05_012031_20020520,0.11713000000000001,0.133355,0.14100000000000001,0.16602499999999998,296.47730894
29,23,4,LT05_012031_20020520,0.1389375,0.16330250000000002,0.1740275,0.20735750000000003,297.45828068000003
30,23,5,LT05_012031_20020520,0.1389375,0.170755,0.1740275,0.20735750000000003,298.91777522
32,24,4,LT05_012031_20020520,0.1025275,0.11457250000000002,0.12892750000000003,0.14528999999999997,299.39971604
33,24,5,LT05_012031_20020520,0.11715750000000003,0.1408625,0.1439975,0.16946250000000002,300.83528444
34,24,6,LT05_012031_20020520,0.14617000000000002,0.170755,0.1740275,0.2004825,302.25718076
35,25,5,LT05_012031_20020520,0.1025275,0.11457250000000002,0.12287749999999997,0.1383875,303.1185218
36,25,6,LT05_012031_20020520,0.14438250000000002,0.16330250000000002,0.1620375,0.1936075,304.0584773
37,25,7,LT05_012031_20020520,0.16778500000000002,0.18934499999999999,0.18898750000000003,0.224545,304.52332802
38,26,6,LT05_012031_20020520,0.13170500000000002,0.1483425,0.1470225,0.17980249999999998,305.45302946
39,26,7,LT05_012031_20020520,0.14438250000000002,0.170755,0.17103000000000002,0.200455,305.45302946
40,27,7,LT05_012031_20020520,0.1389375,0.15959,0.1590125,0.17980249999999998,305.91446215999997
41,27,8,LT05_012031_20020520,0.12804749999999998,0.13712249999999998,0.14100000000000001,0.1556575,305.8358477
42,28,8,LT05_012031_20020520,0.10071249999999998,0.12210749999999998,0.1138575,0.1383875,305.43593936
1,13,0,LT05_012031_20020621,0.06413750000000001,0.07706249999999998,0.08478999999999998,0.09686250000000002,312.82911662000004
2,14,0,LT05_012031_20020621,0.06614500000000001,0.08520250000000001,0.08478999999999998,0.09686250000000002,315.26616488
3,14,1,LT05_012031_20020621,0.06411,0.085175,0.08478999999999998,0.10060249999999998,315.78570392
4,15,0,LT05_012031_20020621,0.0721675,0.0892175,0.091225,0.09686250000000002,317.33064895999996
5,15,1,LT05_012031_20020621,0.07213999999999998,0.0892175,0.08157249999999999,0.10060249999999998,317.33064895999996
6,16,0,LT05_012031_20020621,0.07813500000000001,0.10137249999999998,0.10731249999999998,0.11927500000000002,317.83993394000004
7,16,1,LT05_012031_20020621,0.06812499999999999,0.08110499999999998,0.08478999999999998,0.10060249999999998,317.83993394000004
8,16,2,LT05_012031_20020621,0.07211250000000002,0.08918999999999999,0.08476250000000002,0.11179499999999998,317.73739334
10,17,1,LT05_012031_20020621,0.06207499999999999,0.072965,0.07511000000000001,0.08190249999999999,316.81794596
11,17,2,LT05_012031_20020621,0.06809749999999998,0.08918999999999999,0.08798,0.1043425,316.71198734
12,18,1,LT05_012031_20020621,0.08215,0.10943000000000003,0.10731249999999998,0.1230425,314.74662584
13,18,2,LT05_012031_20020621,0.09405750000000002,0.1255175,0.12969750000000002,0.15279749999999998,314.64408524
14,18,3,LT05_012031_20020621,0.08206750000000002,0.097275,0.1105025,0.11927500000000002,314.64408524
15,19,1,LT05_012031_20020621,0.0900975,0.12153000000000003,0.12015500000000001,0.152825,312.11475043999997
16,19,2,LT05_012031_20020621,0.12571,0.1614875,0.19638499999999998,0.2230875,312.64454354
17,19,3,LT05_012031_20020621,0.11581000000000002,0.15750000000000003,0.164705,0.1713325,313.59817111999996
18,20,2,LT05_012031_20020621,0.12373,0.14157750000000002,0.1742475,0.18249749999999998,311.0483282
19,20,3,LT05_012031_20020621,0.12370249999999999,0.17342249999999998,0.164705,0.18986750000000002,312.54542096
20,20,4,LT05_012031_20020621,0.07805250000000002,0.10536000000000001,0.11369249999999997,0.13046750000000001,313.59817111999996
21,21,2,LT05_012031_20020621,0.1079175,0.11746000000000001,0.132915,0.13420749999999998,310.86033710000004
22,21,3,LT05_012031_20020621,0.10596499999999998,0.1455375,0.139295,0.17138750000000003,312.20020094
23,21,4,LT05_012031_20020621,0.07805250000000002,0.08916249999999998,0.10728500000000002,0.11179499999999998,313.77249014
25,22,3,LT05_012031_20020621,0.12373,0.1614875,0.16476000000000002,0.19358000000000003,312.72657602
26,22,4,LT05_012031_20020621,0.10987000000000002,0.1455375,0.1552175,0.18618250000000003,314.29202918
27,22,5,LT05_012031_20020621,0.09796250000000001,0.1295325,0.14564749999999999,0.17878500000000003,314.81156822
28,23,3,LT05_012031_20020621,0.09205000000000002,0.12150250000000001,0.132915,0.152825,313.24953308
29,23,4,LT05_012031_20020621,0.09999750000000002,0.1295325,0.1488375,0.17509999999999998,314.81156822
30,23,5,LT05_012031_20020621,0.09600999999999998,0.1295325,0.139295,0.17138750000000003,315.32768924
32,24,4,LT05_012031_20020621,0.06202000000000002,0.07697999999999999,0.08154499999999998,0.096835,314.81156822
33,24,5,LT05_012031_20020621,0.08006000000000002,0.1013175,0.10728500000000002,0.13046750000000001,315.84381026
34,24,6,LT05_012031_20020621,0.097935,0.12144749999999999,0.12647999999999998,0.14537250000000002,315.84381026
35,25,5,LT05_012031_20020621,0.055942500000000006,0.07288250000000002,0.0718375,0.08187499999999998,316.24713662
36,25,6,LT05_012031_20020621,0.07200250000000002,0.09320499999999998,0.09119749999999999,0.1043425,316.76325764
37,25,7,LT05_012031_20020621,0.10786249999999997,0.13349250000000001,0.14564749999999999,0.15279749999999998,316.24713662
38,26,6,LT05_012031_20020621,0.07401000000000002,0.08099499999999998,0.08798,0.085615,316.76325764
39,26,7,LT05_012031_20020621,0.09994249999999999,0.12950499999999998,0.11691000000000001,0.14166,316.76325764
40,27,7,LT05_012031_20020621,0.07599,0.09724749999999999,0.084735,0.10431499999999999,317.27596064
41,27,8,LT05_012031_20020621,0.09194000000000002,0.10934749999999999,0.12009999999999998,0.1267275,316.68464317999997
42,28,8,LT05_012031_20020621,0.06191000000000002,0.07692500000000002,0.07824500000000001,0.096835,316.2778988
1,13,0,LT05_012031_20020707,0.28713500000000003,0.318155,0.34042999999999995,0.34095250000000005,302.38706551999996
2,14,0,LT05_012031_20020707,0.28713500000000003,0.318155,0.337625,0.34095250000000005,303.35094716000003
3,14,1,LT05_012031_20020707,0.285485,0.318155,0.34042999999999995,0.33746000000000004,304.00378897999997
4,15,0,LT05_012031_20020707,0.285485,0.318155,0.34042999999999995,0.34095250000000005,304.00378897999997
5,15,1,LT05_012031_20020707,0.288785,0.318155,0.337625,0.34095250000000005,304.00378897999997
6,16,0,LT05_012031_20020707,0.285485,0.318155,0.34042999999999995,0.34444500000000006,303.35094716000003
7,16,1,LT05_012031_20020707,0.28389000000000003,0.318155,0.337625,0.33746000000000004,303.35094716000003
8,16,2,LT05_012031_20020707,0.2806175,0.318155,0.337625,0.33746000000000004,303.26207864
10,17,1,LT05_012031_20020707,0.2806175,0.321455,0.337625,0.33746000000000004,302.03159144
11,17,2,LT05_012031_20020707,0.2789675,0.321455,0.337625,0.33746000000000004,301.94272292
12,18,1,LT05_012031_20020707,0.28713500000000003,0.318155,0.337625,0.34095250000000005,301.36849556
13,18,2,LT05_012031_20020707,0.28713500000000003,0.31485500000000005,0.337625,0.33746000000000004,301.27962704000004
14,18,3,LT05_012031_20020707,0.285485,0.31158250000000004,0.337625,0.34095250000000005,301.27962704000004
15,19,1,LT05_012031_20020707,0.28389000000000003,0.31485500000000005,0.32934749999999996,0.34095250000000005,300.70198166
16,19,2,LT05_012031_20020707,0.2806175,0.31485500000000005,0.334875,0.34444500000000006,300.70198166
17,19,3,LT05_012031_20020707,0.285485,0.321455,0.337625,0.34095250000000005,301.27962704000004
18,20,2,LT05_012031_20020707,0.28389000000000003,0.31158250000000004,0.334875,0.34095250000000005,300.70198166
19,20,3,LT05_012031_20020707,0.285485,0.31485500000000005,0.334875,0.33746000000000004,300.61311314
20,20,4,LT05_012031_20020707,0.28713500000000003,0.31485500000000005,0.334875,0.33746000000000004,301.27962704000004
21,21,2,LT05_012031_20020707,0.28224,0.318155,0.337625,0.34095250000000005,300.53449867999996
22,21,3,LT05_012031_20020707,0.28389000000000003,0.318155,0.337625,0.33746000000000004,300.30890936000003
23,21,4,LT05_012031_20020707,0.28713500000000003,0.318155,0.337625,0.33746000000000004,300.30890936000003
25,22,3,LT05_012031_20020707,0.2806175,0.318155,0.337625,0.34444500000000006,300.30890936000003
26,22,4,LT05_012031_20020707,0.28713500000000003,0.318155,0.334875,0.34095250000000005,300.97542325999996
27,22,5,LT05_012031_20020707,0.28389000000000003,0.31485500000000005,0.334875,0.34095250000000005,300.97542325999996
28,23,3,LT05_012031_20020707,0.28389000000000003,0.318155,0.32934749999999996,0.33746000000000004,300.30890936000003
29,23,4,LT05_012031_20020707,0.28389000000000003,0.31485500000000005,0.334875,0.33746000000000004,300.97542325999996
30,23,5,LT05_012031_20020707,0.285485,0.318155,0.34042999999999995,0.34095250000000005,301.63510112
32,24,4,LT05_012031_20020707,0.28389000000000003,0.321455,0.334875,0.33746000000000004,301.63510112
33,24,5,LT05_012031_20020707,0.285485,0.318155,0.337625,0.34095250000000005,302.29477898
34,24,6,LT05_012031_20020707,0.28389000000000003,0.318155,0.337625,0.34095250000000005,302.29477898
35,25,5,LT05_012031_20020707,0.28389000000000003,0.31485500000000005,0.337625,0.33746000000000004,303.30651290000003
36,25,6,LT05_012031_20020707,0.285485,0.31485500000000005,0.337625,0.33746000000000004,303.30651290000003
37,25,7,LT05_012031_20020707,0.28713500000000003,0.31485500000000005,0.337625,0.34444500000000006,302.65025305999995
38,26,6,LT05_012031_20020707,0.2806175,0.31485500000000005,0.337625,0.34095250000000005,302.65025305999995
39,26,7,LT05_012031_20020707,0.28389000000000003,0.31485500000000005,0.334875,0.33746000000000004,302.65025305999995
40,27,7,LT05_012031_20020707,0.28713500000000003,0.318155,0.334875,0.33746000000000004,302.65025305999995
41,27,8,LT05_012031_20020707,0.28224,0.318155,0.34042999999999995,0.33746000000000004,301.9222148
42,28,8,LT05_012031_20020707,0.28224,0.31485500000000005,0.334875,0.33746000000000004,301.57015874
1,13,0,LT05_012031_20020723,0.07505499999999998,0.08847500000000003,0.08085750000000003,0.11179499999999998,316.37360336
2,14,0,LT05_012031_20020723,0.07271749999999999,0.07909749999999999,0.07719999999999999,0.09876000000000001,317.39900936000004
3,14,1,LT05_012031_20020723,0.06807000000000002,0.07909749999999999,0.084515,0.09006999999999998,317.39900936000004
4,15,0,LT05_012031_20020723,0.07739249999999998,0.09315000000000001,0.08822750000000001,0.11179499999999998,318.09628544
5,15,1,LT05_012031_20020723,0.07973000000000002,0.08377249999999997,0.08822750000000001,0.09876000000000001,318.09628544
6,16,0,LT05_012031_20020723,0.07739249999999998,0.08847500000000003,0.08822750000000001,0.11179499999999998,318.78672548
7,16,1,LT05_012031_20020723,0.07739249999999998,0.08847500000000003,0.084515,0.10744999999999999,318.78672548
8,16,2,LT05_012031_20020723,0.08204,0.08847500000000003,0.08822750000000001,0.10744999999999999,318.69102092
10,17,1,LT05_012031_20020723,0.06807000000000002,0.0744225,0.07348749999999998,0.08569749999999998,318.78672548
11,17,2,LT05_012031_20020723,0.07271749999999999,0.09315000000000001,0.084515,0.103105,318.69102092
12,18,1,LT05_012031_20020723,0.0843775,0.10247250000000002,0.1101725,0.13340999999999997,318.09628544
13,18,2,LT05_012031_20020723,0.08899750000000001,0.10247250000000002,0.1101725,0.1377,317.99716286
14,18,3,LT05_012031_20020723,0.07739249999999998,0.09779749999999998,0.091885,0.116085,317.3033048
15,19,1,LT05_012031_20020723,0.09364499999999998,0.1256275,0.13198,0.16784,316.70173328
16,19,2,LT05_012031_20020723,0.13946000000000003,0.17152499999999998,0.2003725,0.21912750000000003,316.69831525999996
17,19,3,LT05_012031_20020723,0.09823749999999998,0.1394875,0.13198,0.16784,315.9019166
18,20,2,LT05_012031_20020723,0.12579249999999997,0.14867249999999999,0.1645125,0.18068250000000002,314.58256087999996
19,20,3,LT05_012031_20020723,0.102885,0.1394875,0.14284249999999998,0.1892625,314.48685632
20,20,4,LT05_012031_20020723,0.0843775,0.10711999999999999,0.11380249999999997,0.12477500000000002,315.19780448
21,21,2,LT05_012031_20020723,0.102885,0.13027499999999997,0.12111749999999999,0.1377,312.97609148000004
22,21,3,LT05_012031_20020723,0.10744999999999999,0.12100749999999999,0.14284249999999998,0.15065250000000002,313.45119625999996
23,21,4,LT05_012031_20020723,0.08204,0.10711999999999999,0.10651500000000003,0.13340999999999997,314.16214442
25,22,3,LT05_012031_20020723,0.121255,0.14407999999999999,0.16091,0.18068250000000002,313.45119625999996
26,22,4,LT05_012031_20020723,0.09823749999999998,0.12100749999999999,0.13198,0.1592325,314.86967456
27,22,5,LT05_012031_20020723,0.09130749999999999,0.10711999999999999,0.12111749999999999,0.146335,315.57378668
28,23,3,LT05_012031_20020723,0.08899750000000001,0.11174,0.1101725,0.13340999999999997,314.16214442
29,23,4,LT05_012031_20020723,0.10054750000000001,0.12100749999999999,0.12835000000000002,0.16355000000000003,315.57378668
30,23,5,LT05_012031_20020723,0.102885,0.12100749999999999,0.13198,0.16784,316.96833884
32,24,4,LT05_012031_20020723,0.07505499999999998,0.08377249999999997,0.091885,0.11179499999999998,316.27106276
33,24,5,LT05_012031_20020723,0.09130749999999999,0.10711999999999999,0.1101725,0.13340999999999997,317.6621969
34,24,6,LT05_012031_20020723,0.09364499999999998,0.11641499999999999,0.1174325,0.146335,318.35263694
35,25,5,LT05_012031_20020723,0.07271749999999999,0.07909749999999999,0.08085750000000003,0.09438750000000001,318.73545518000003
36,25,6,LT05_012031_20020723,0.09364499999999998,0.11174,0.10651500000000003,0.12477500000000002,318.73545518000003
37,25,7,LT05_012031_20020723,0.11435250000000002,0.13486749999999997,0.14650000000000002,0.16355000000000003,318.73545518000003
38,26,6,LT05_012031_20020723,0.07975749999999998,0.08847500000000003,0.08822750000000001,0.09876000000000001,318.73545518000003
39,26,7,LT05_012031_20020723,0.09595500000000001,0.10711999999999999,0.11380249999999997,0.116085,318.73545518000003
40,27,7,LT05_012031_20020723,0.07741999999999999,0.08377249999999997,0.08454250000000002,0.09438750000000001,318.73545518000003
41,27,8,LT05_012031_20020723,0.08671499999999999,0.10711999999999999,0.09922750000000002,0.11179499999999998,317.96640068
42,28,8,LT05_012031_20020723,0.07271749999999999,0.08850249999999998,0.08085750000000003,0.09006999999999998,317.58700046
1,13,0,LT05_012031_20020909,0.04403499999999999,0.05913249999999998,0.046509999999999996,0.06323000000000001,313.96389926
2,14,0,LT05_012031_20020909,0.053769999999999984,0.06402750000000001,0.05431999999999998,0.06782250000000001,315.6455651
3,14,1,LT05_012031_20020909,0.05866500000000002,0.0689225,0.07376250000000001,0.07246999999999998,316.31891504
4,15,0,LT05_012031_20020909,0.053769999999999984,0.06889499999999998,0.06985750000000002,0.08162750000000002,316.98884696
5,15,1,LT05_012031_20020909,0.053769999999999984,0.05910500000000002,0.06985750000000002,0.06782250000000001,317.65536086
6,16,0,LT05_012031_20020909,0.06347750000000002,0.07381749999999998,0.07761249999999997,0.09540500000000002,318.32187476
7,16,1,LT05_012031_20020909,0.06102999999999997,0.07871250000000002,0.07761249999999997,0.08622000000000002,318.32187476
8,16,2,LT05_012031_20020909,0.0658975,0.07871250000000002,0.07761249999999997,0.08622000000000002,318.22275218
10,17,1,LT05_012031_20020909,0.05619000000000002,0.064,0.06207499999999999,0.06323000000000001,318.32187476
11,17,2,LT05_012031_20020909,0.06102999999999997,0.07381749999999998,0.06985750000000002,0.07703500000000002,318.22275218
12,18,1,LT05_012031_20020909,0.061002500000000015,0.07381749999999998,0.06985750000000002,0.08162750000000002,316.31891504
13,18,2,LT05_012031_20020909,0.07796999999999998,0.09815499999999999,0.10082249999999998,0.10912749999999999,316.8931424
14,18,3,LT05_012031_20020909,0.07071,0.09331499999999998,0.0892175,0.0953775,316.8931424
15,19,1,LT05_012031_20020909,0.09243499999999999,0.12722250000000002,0.13162249999999998,0.1547775,314.28861115999996
16,19,2,LT05_012031_20020909,0.13775500000000002,0.17994,0.20403,0.20468999999999998,314.96879714
17,19,3,LT05_012031_20020909,0.09243499999999999,0.1368475,0.1277725,0.14111,314.87309258
18,20,2,LT05_012031_20020909,0.10920999999999997,0.14166,0.15840749999999998,0.14111,312.92140315999995
19,20,3,LT05_012031_20020909,0.09243499999999999,0.12722250000000002,0.13162249999999998,0.1684175,313.51272062
20,20,4,LT05_012031_20020909,0.07312999999999997,0.09815499999999999,0.10464499999999999,0.10453499999999999,314.87309258
21,21,2,LT05_012031_20020909,0.08278249999999998,0.08355249999999997,0.09309499999999998,0.0953775,312.05322608
22,21,3,LT05_012031_20020909,0.07794250000000003,0.102995,0.10082249999999998,0.10912749999999999,313.1845907
23,21,4,LT05_012031_20020909,0.06342249999999999,0.08355249999999997,0.0814625,0.09081250000000002,313.86477668
25,22,3,LT05_012031_20020909,0.09001500000000001,0.1223825,0.1162225,0.1320075,313.1845907
26,22,4,LT05_012031_20020909,0.07068249999999998,0.09328750000000002,0.09309499999999998,0.10453499999999999,314.54154464
27,22,5,LT05_012031_20020909,0.07312999999999997,0.102995,0.10079500000000002,0.127415,315.21489457999996
28,23,3,LT05_012031_20020909,0.06584250000000003,0.08842,0.07370749999999998,0.08162750000000002,313.86477668
29,23,4,LT05_012031_20020909,0.08520250000000001,0.11757000000000001,0.12007250000000003,0.145675,315.21489457999996
30,23,5,LT05_012031_20020909,0.09482750000000001,0.12722250000000002,0.14309,0.17295500000000003,315.88824452
32,24,4,LT05_012031_20020909,0.051212499999999994,0.06884000000000001,0.0775575,0.0953775,315.88824452
33,24,5,LT05_012031_20020909,0.07065500000000002,0.09326000000000001,0.09691749999999999,0.11825750000000002,315.88824452
34,24,6,LT05_012031_20020909,0.08520250000000001,0.102995,0.10852250000000002,0.10912749999999999,315.88824452
35,25,5,LT05_012031_20020909,0.043897500000000006,0.06394499999999997,0.05426500000000001,0.067795,316.94099468
36,25,6,LT05_012031_20020909,0.06823499999999999,0.07865749999999999,0.09306750000000003,0.090785,316.27106276
37,25,7,LT05_012031_20020909,0.0948,0.1175425,0.1162225,0.11825750000000002,316.27106276
38,26,6,LT05_012031_20020909,0.05363249999999997,0.06394499999999997,0.06204749999999998,0.067795,316.94099468
39,26,7,LT05_012031_20020909,0.07065500000000002,0.09326000000000001,0.0814625,0.0816,316.27106276
40,27,7,LT05_012031_20020909,0.05363249999999997,0.0688125,0.06202000000000002,0.06317499999999998,316.27106276
41,27,8,LT05_012031_20020909,0.073075,0.08839249999999998,0.08918999999999999,0.10453499999999999,315.52251637999996
42,28,8,LT05_012031_20020909,0.05118499999999998,0.073735,0.0658975,0.0770075,315.81304808
1,13,0,LT05_012031_20021027,0.03658249999999999,0.028717500000000007,0.02901999999999999,0.025252499999999983,285.88486495999996
2,14,0,LT05_012031_20021027,0.03658249999999999,0.028717500000000007,0.033915,0.030835,287.96985716
3,14,1,LT05_012031_20021027,0.04565749999999999,0.04716999999999999,0.04362250000000001,0.05310999999999999,289.04311544
4,15,0,LT05_012031_20021027,0.048655000000000004,0.041037500000000005,0.048490000000000005,0.041972499999999996,289.57974458
5,15,1,LT05_012031_20021027,0.051680000000000004,0.05332999999999999,0.0533575,0.05310999999999999,290.10953768
6,16,0,LT05_012031_20021027,0.06369750000000002,0.06559500000000001,0.0679325,0.06424750000000001,290.10953768
7,16,1,LT05_012031_20021027,0.04565749999999999,0.059435000000000016,0.05819750000000001,0.05869249999999998,291.16912388000003
8,16,2,LT05_012031_20021027,0.054705000000000004,0.06559500000000001,0.06306499999999998,0.06424750000000001,291.5997944
10,17,1,LT05_012031_20021027,0.048655000000000004,0.05332999999999999,0.048490000000000005,0.0475275,290.63933078
11,17,2,LT05_012031_20021027,0.05770249999999999,0.06559500000000001,0.05819750000000001,0.06980249999999999,290.55046226
12,18,1,LT05_012031_20021027,0.06369750000000002,0.0717275,0.07761249999999997,0.0809125,290.10953768
13,18,2,LT05_012031_20021027,0.07268999999999998,0.08396500000000001,0.08732000000000001,0.097605,290.02066916
14,18,3,LT05_012031_20021027,0.07568750000000002,0.08396500000000001,0.08732000000000001,0.09205000000000002,290.02066916
15,19,1,LT05_012031_20021027,0.07268999999999998,0.07783249999999997,0.08732000000000001,0.13093500000000002,288.5064863
16,19,2,LT05_012031_20021027,0.12914750000000003,0.16286250000000002,0.1453175,0.175265,288.5064863
17,19,3,LT05_012031_20021027,0.12323499999999998,0.1447675,0.17419250000000003,0.16973749999999999,288.95424692
18,20,2,LT05_012031_20021027,0.08765,0.10222500000000001,0.08732000000000001,0.12538,287.42639198
20,20,4,LT05_012031_20021027,0.06369750000000002,0.08396500000000001,0.07761249999999997,0.08646749999999997,288.41761778
21,21,2,LT05_012031_20021027,0.048655000000000004,0.04716999999999999,0.04362250000000001,0.05310999999999999,286.16856062
22,21,3,LT05_012031_20021027,0.07568750000000002,0.06559500000000001,0.0679325,0.05869249999999998,286.4898545
23,21,4,LT05_012031_20021027,0.048655000000000004,0.05332999999999999,0.048490000000000005,0.05310999999999999,287.57336684
26,22,4,LT05_012031_20021027,0.06072749999999999,0.06559500000000001,0.0679325,0.06980249999999999,287.57336684
27,22,5,LT05_012031_20021027,0.054705000000000004,0.06559500000000001,0.0679325,0.0809125,288.64662512
28,23,3,LT05_012031_20021027,0.054705000000000004,0.059435000000000016,0.05819750000000001,0.05869249999999998,286.4898545
29,23,4,LT05_012031_20021027,0.08765,0.0961475,0.11638749999999998,0.12538,287.57336684
30,23,5,LT05_012031_20021027,0.09953000000000001,0.12656250000000002,0.1356925,0.158655,288.64662512
32,24,4,LT05_012031_20021027,0.051680000000000004,0.06559500000000001,0.0679325,0.06980249999999999,287.57336684
33,24,5,LT05_012031_20021027,0.066695,0.08396500000000001,0.09218749999999998,0.10315999999999997,288.64662512
34,24,6,LT05_012031_20021027,0.06969249999999999,0.07783249999999997,0.07761249999999997,0.0809125,289.17983624
35,25,5,LT05_012031_20021027,0.04565749999999999,0.05332999999999999,0.0533575,0.0475275,288.46205204
36,25,6,LT05_012031_20021027,0.05770249999999999,0.06559500000000001,0.06306499999999998,0.06424750000000001,289.5318923
37,25,7,LT05_012031_20021027,0.09655999999999998,0.09004250000000003,0.09218749999999998,0.07535750000000002,289.5318923
38,26,6,LT05_012031_20021027,0.054705000000000004,0.06559500000000001,0.06306499999999998,0.05869249999999998,288.99868118
39,26,7,LT05_012031_20021027,0.07568750000000002,0.0717275,0.07761249999999997,0.07535750000000002,288.99868118
40,27,7,LT05_012031_20021027,0.051680000000000004,0.05332999999999999,0.0533575,0.05310999999999999,288.46205204
41,27,8,LT05_012031_20021027,0.06369750000000002,0.0717275,0.06306499999999998,0.05869249999999998,288.39369164
42,28,8,LT05_012031_20021027,0.048655000000000004,0.05332999999999999,0.0533575,0.0475275,288.04163558
21,21,2,LT05_012031_20021128,0.0993925,0.08107750000000002,0.06262499999999999,0.05564000000000002,269.0237723
23,21,4,LT05_012031_20021128,0.10755999999999999,0.10624,0.09532249999999998,0.0772275,269.60825372
28,23,3,LT05_012031_20021128,0.1279925,0.11459999999999998,0.11490250000000002,0.10599249999999999,269.0237723
1,13,0,LT05_012031_20030304,-0.012725000000000014,0.008037500000000003,-0.0011200000000000099,0.00946749999999999,274.42424389999996
2,14,0,LT05_012031_20030304,0.005039999999999989,0.025169999999999998,0.024620000000000003,0.036500000000000005,275.85297626
3,14,1,LT05_012031_20030304,0.009440000000000004,0.033695,0.04381499999999999,0.043237499999999984,276.42036758
4,15,0,LT05_012031_20030304,0.02704000000000001,0.067575,0.056574999999999986,0.06342249999999999,276.42036758
5,15,1,LT05_012031_20030304,0.031439999999999996,0.05069000000000001,0.0692525,0.0567125,276.42036758
6,16,0,LT05_012031_20030304,0.040157499999999985,0.0843775,0.08190249999999999,0.096835,276.42036758
7,16,1,LT05_012031_20030304,0.053192499999999976,0.07599,0.08190249999999999,0.07684249999999998,276.42036758
8,16,2,LT05_012031_20030304,0.040157499999999985,0.05913249999999998,0.07560499999999998,0.07684249999999998,276.33491707999997
10,17,1,LT05_012031_20030304,0.02704000000000001,0.05913249999999998,0.0502225,0.0567125,276.42036758
11,17,2,LT05_012031_20030304,0.02704000000000001,0.04222000000000001,0.0502225,0.0567125,276.33491707999997
13,18,2,LT05_012031_20030304,0.07906999999999997,0.12593,0.13206250000000003,0.14985500000000002,275.76752576
14,18,3,LT05_012031_20030304,0.06185499999999999,0.0843775,0.10706500000000002,0.08352500000000002,275.76752576
15,19,1,LT05_012031_20030304,0.048875,0.09273749999999997,0.10076750000000001,0.13668249999999998,274.70793956
16,19,2,LT05_012031_20030304,0.10041,0.158765,0.1815075,0.22179500000000002,275.28216692
17,19,3,LT05_012031_20030304,0.12155749999999999,0.17498999999999998,0.18761250000000002,0.18269000000000002,275.20013444
18,20,2,LT05_012031_20030304,0.06185499999999999,0.0843775,0.11333500000000002,0.11680000000000001,274.1337122
19,20,3,LT05_012031_20030304,0.07906999999999997,0.13418000000000002,0.11960500000000002,0.13005499999999998,274.62590708
20,20,4,LT05_012031_20030304,0.05753750000000002,0.07599,0.10706500000000002,0.096835,275.20013444
25,22,3,LT05_012031_20030304,0.07049,0.10107,0.10076750000000001,0.12342750000000002,272.60243923999997
26,22,4,LT05_012031_20030304,0.07478000000000001,0.10107,0.11960500000000002,0.14985500000000002,273.76456604
27,22,5,LT05_012031_20030304,0.06617250000000002,0.0843775,0.11333500000000002,0.14328249999999998,274.3387934
29,23,4,LT05_012031_20030304,0.08762249999999999,0.13418000000000002,0.1382775,0.14985500000000002,272.60243923999997
30,23,5,LT05_012031_20030304,0.0961475,0.1424025,0.15067999999999998,0.18269000000000002,273.76456604
34,24,6,LT05_012031_20030304,0.07049,0.09273749999999997,0.09452500000000003,0.0902075,274.90960273999997
35,25,5,LT05_012031_20030304,0.018267499999999992,0.05069000000000001,0.0502225,0.06342249999999999,275.23773266
36,25,6,LT05_012031_20030304,0.044529999999999986,0.05913249999999998,0.0692525,0.07013249999999999,275.808542
38,26,6,LT05_012031_20030304,0.022667500000000007,0.04222000000000001,0.0502225,0.0567125,275.808542
1,13,0,LT05_012031_20030421,0.049644999999999995,0.060067499999999996,0.05187249999999999,0.055804999999999993,300.49006442
2,14,0,LT05_012031_20030421,0.06122250000000001,0.06798749999999998,0.06463249999999998,0.07079249999999998,301.86752648000004
3,14,1,LT05_012031_20030421,0.067025,0.0719475,0.08055499999999999,0.07827250000000002,302.39390156
4,15,0,LT05_012031_20030421,0.07082,0.0838275,0.07736500000000002,0.08575250000000001,302.91685861999997
5,15,1,LT05_012031_20030421,0.0689225,0.07986749999999998,0.08690750000000003,0.07827250000000002,302.91685861999997
6,16,0,LT05_012031_20030421,0.08234249999999999,0.09964,0.10282999999999998,0.11196,302.39390156
7,16,1,LT05_012031_20030421,0.067025,0.079895,0.08374500000000001,0.08575250000000001,302.39390156
8,16,2,LT05_012031_20030421,0.067025,0.079895,0.08055499999999999,0.08201249999999999,302.29819699999996
10,17,1,LT05_012031_20030421,0.053549999999999986,0.06402750000000001,0.06144250000000001,0.059545000000000015,301.3411514
11,17,2,LT05_012031_20030421,0.06317499999999998,0.07593499999999997,0.07101249999999998,0.0745325,301.77182192
12,18,1,LT05_012031_20030421,0.07851999999999998,0.08778750000000002,0.0900975,0.09326000000000001,300.2815652
13,18,2,LT05_012031_20030421,0.0957075,0.11927500000000002,0.12183250000000001,0.1231525,300.71907176
14,18,3,LT05_012031_20030421,0.07662249999999998,0.09567999999999999,0.09326000000000001,0.09699999999999998,301.24544684
15,19,1,LT05_012031_20030421,0.1071475,0.13104500000000002,0.140835,0.1455375,299.21514296
16,19,2,LT05_012031_20030421,0.1392675,0.19344250000000002,0.20073000000000002,0.20144499999999999,299.74835408
17,19,3,LT05_012031_20030421,0.11091499999999999,0.13104500000000002,0.150295,0.1716625,300.71907176
18,20,2,LT05_012031_20030421,0.11091499999999999,0.1545025,0.140835,0.138085,299.21514296
19,20,3,LT05_012031_20030421,0.12040250000000002,0.12713999999999998,0.15981,0.16421000000000002,299.65606754
20,20,4,LT05_012031_20030421,0.07279999999999998,0.09964,0.10282999999999998,0.10448000000000002,301.24544684
21,21,2,LT05_012031_20030421,0.0899875,0.1074775,0.10282999999999998,0.10821999999999998,297.9573116
22,21,3,LT05_012031_20030421,0.109045,0.11534250000000001,0.13767249999999998,0.11943999999999999,298.7947265
23,21,4,LT05_012031_20030421,0.05742750000000002,0.07197500000000001,0.07101249999999998,0.07829999999999998,299.86114874
25,22,3,LT05_012031_20030421,0.12230000000000002,0.13497750000000003,0.1471325,0.138085,298.7947265
26,22,4,LT05_012031_20030421,0.0957075,0.11927500000000002,0.1313475,0.16047,299.86114874
27,22,5,LT05_012031_20030421,0.09953000000000001,0.12713999999999998,0.13767249999999998,0.1567575,300.91731691999996
28,23,3,LT05_012031_20030421,0.08809,0.11141000000000001,0.10918250000000002,0.10448000000000002,298.25809735999997
29,23,4,LT05_012031_20030421,0.09763250000000001,0.12713999999999998,0.13767249999999998,0.1455375,299.86114874
30,23,5,LT05_012031_20030421,0.1071475,0.13497750000000003,0.150295,0.15299000000000001,301.443692
32,24,4,LT05_012031_20030421,0.0651275,0.079895,0.08374500000000001,0.08578000000000002,300.91731691999996
33,24,5,LT05_012031_20030421,0.09001500000000001,0.103545,0.10599249999999999,0.10448000000000002,301.96664906
34,24,6,LT05_012031_20030421,0.1071475,0.1074775,0.11867,0.11567250000000001,303.00572714
35,25,5,LT05_012031_20030421,0.05550250000000001,0.06408249999999999,0.06785000000000002,0.06705250000000001,303.9046664
36,25,6,LT05_012031_20030421,0.07472499999999999,0.08781499999999998,0.08693499999999998,0.08201249999999999,304.93349042
37,25,7,LT05_012031_20030421,0.10525000000000001,0.12320750000000003,0.128185,0.138085,305.44619342
38,26,6,LT05_012031_20030421,0.06323000000000001,0.07200250000000002,0.07103999999999999,0.07829999999999998,305.44619342
39,26,7,LT05_012031_20030421,0.09383750000000002,0.103545,0.10918250000000002,0.10074,305.95889642
40,27,7,LT05_012031_20030421,0.07282749999999999,0.07200250000000002,0.08693499999999998,0.08201249999999999,305.95889642
41,27,8,LT05_012031_20030421,0.09383750000000002,0.11536999999999997,0.10918250000000002,0.10448000000000002,305.37099698
42,28,8,LT05_012031_20030421,0.06900499999999998,0.07992250000000001,0.0805825,0.07082,304.47547574
1,13,0,LT05_012031_20030507,0.058967500000000006,0.07268999999999998,0.07445000000000002,0.08770499999999998,310.94920562
2,14,0,LT05_012031_20030507,0.0627625,0.07659500000000002,0.0775575,0.0840475,313.38625388
3,14,1,LT05_012031_20030507,0.07412000000000002,0.08440500000000001,0.08693499999999998,0.0840475,313.90921094
4,15,0,LT05_012031_20030507,0.07601750000000002,0.09221499999999999,0.1025275,0.109595,314.94145298
5,15,1,LT05_012031_20030507,0.06466,0.08440500000000001,0.0806925,0.08039000000000002,315.457574
6,16,0,LT05_012031_20030507,0.08171,0.09609250000000003,0.10566249999999999,0.10596499999999998,315.457574
7,16,1,LT05_012031_20030507,0.07035249999999998,0.09221499999999999,0.08693499999999998,0.09865000000000002,315.457574
8,16,2,LT05_012031_20030507,0.07794250000000003,0.09221499999999999,0.09942000000000001,0.09499249999999998,314.83891238
10,17,1,LT05_012031_20030507,0.060865,0.06878499999999999,0.0712875,0.073075,313.3896719
11,17,2,LT05_012031_20030507,0.06655749999999999,0.08052749999999997,0.07445000000000002,0.0840475,313.2871313
12,18,1,LT05_012031_20030507,0.0836075,0.09997,0.1025275,0.109595,310.7577965
13,18,2,LT05_012031_20030507,0.09491,0.115535,0.11812,0.12417,311.18846701999996
14,18,3,LT05_012031_20030507,0.0930125,0.115535,0.11812,0.12417,311.7148421
15,19,1,LT05_012031_20030507,0.09870499999999999,0.1232625,0.13055,0.13508750000000003,308.621534
16,19,2,LT05_012031_20030507,0.1527425,0.19633,0.20777,0.21126250000000002,309.15816314
17,19,3,LT05_012031_20030507,0.126755,0.1695175,0.17699750000000003,0.20042749999999998,310.12888082
18,20,2,LT05_012031_20030507,0.1174325,0.15414499999999998,0.13676500000000003,0.1532925,308.621534
19,20,3,LT05_012031_20030507,0.1230425,0.15414499999999998,0.1800775,0.1931675,309.59566970000003
20,20,4,LT05_012031_20030507,0.085505,0.11163000000000001,0.11501250000000002,0.12417,310.65867391999996
21,21,2,LT05_012031_20030507,0.07794250000000003,0.10390250000000001,0.08693499999999998,0.09865000000000002,307.89349574
22,21,3,LT05_012031_20030507,0.1174325,0.1271675,0.15224749999999998,0.14234750000000002,308.72065657999997
23,21,4,LT05_012031_20030507,0.07791500000000001,0.103875,0.1025275,0.12053999999999998,309.78707882000003
25,22,3,LT05_012031_20030507,0.13049500000000003,0.14259500000000003,0.1646225,0.16052500000000003,308.72065657999997
26,22,4,LT05_012031_20030507,0.0930125,0.1232625,0.12744250000000001,0.14963500000000002,309.78707882000003
27,22,5,LT05_012031_20030507,0.09677999999999998,0.1232625,0.139845,0.156895,310.843247
28,23,3,LT05_012031_20030507,0.07794250000000003,0.09221499999999999,0.09631250000000002,0.09499249999999998,309.2538677
29,23,4,LT05_012031_20030507,0.09114250000000002,0.115535,0.13055,0.14234750000000002,310.31687192
30,23,5,LT05_012031_20030507,0.109925,0.138745,0.1491675,0.1714425,310.843247
32,24,4,LT05_012031_20030507,0.06655749999999999,0.08440500000000001,0.09004250000000003,0.09865000000000002,310.843247
33,24,5,LT05_012031_20030507,0.08924500000000002,0.103875,0.10876999999999998,0.1168825,311.89599716
34,24,6,LT05_012031_20030507,0.10431499999999999,0.11938500000000002,0.12744250000000001,0.1314575,312.4155362
35,25,5,LT05_012031_20030507,0.06273499999999999,0.08050000000000002,0.0712875,0.073075,313.3384016
36,25,6,LT05_012031_20030507,0.10052,0.09997,0.11501250000000002,0.109595,313.85794064000004
37,25,7,LT05_012031_20030507,0.115535,0.15032250000000003,0.13676500000000003,0.146005,313.85794064000004
38,26,6,LT05_012031_20030507,0.07412000000000002,0.07268999999999998,0.08066499999999999,0.0840475,314.89018268
39,26,7,LT05_012031_20030507,0.10052,0.11938500000000002,0.11812,0.10596499999999998,314.89018268
40,27,7,LT05_012031_20030507,0.07981250000000001,0.08828249999999999,0.09004250000000003,0.0803625,314.89018268
41,27,8,LT05_012031_20030507,0.09488249999999998,0.11163000000000001,0.10876999999999998,0.12417,314.81156822
42,28,8,LT05_012031_20030507,0.06463249999999998,0.08828249999999999,0.0775575,0.09136250000000001,313.89553886
1,13,0,LT05_012031_20030624,0.06749250000000001,0.08635749999999998,0.08622000000000002,0.10002499999999998,314.81840425999997
2,14,0,LT05_012031_20030624,0.07651249999999998,0.09086749999999999,0.08973999999999999,0.1082475,315.81304808
3,14,1,LT05_012031_20030624,0.07651249999999998,0.08638499999999999,0.08973999999999999,0.10415000000000002,315.81304808
4,15,0,LT05_012031_20030624,0.07202999999999998,0.09532249999999998,0.09326000000000001,0.1164425,315.81304808
5,15,1,LT05_012031_20030624,0.07428499999999999,0.08638499999999999,0.08973999999999999,0.1082475,315.81304808
6,16,0,LT05_012031_20030624,0.07876749999999999,0.09983249999999999,0.1003,0.128735,315.81304808
7,16,1,LT05_012031_20030624,0.07654,0.09086749999999999,0.09680749999999999,0.1082475,315.81304808
8,16,2,LT05_012031_20030624,0.07428499999999999,0.09086749999999999,0.08973999999999999,0.11234499999999997,315.71734352
10,17,1,LT05_012031_20030624,0.0652375,0.07288250000000002,0.07208500000000001,0.07948250000000001,315.81304808
11,17,2,LT05_012031_20030624,0.06526500000000002,0.08187499999999998,0.0827,0.10002499999999998,315.71734352
12,18,1,LT05_012031_20030624,0.0810225,0.09983249999999999,0.10382000000000002,0.1164425,315.14995220000003
13,18,2,LT05_012031_20030624,0.09666999999999998,0.11768,0.13184249999999997,0.16132249999999998,315.05424763999997
14,18,3,LT05_012031_20030624,0.08776,0.11322500000000002,0.11784499999999998,0.13690249999999998,315.71734352
15,19,1,LT05_012031_20030624,0.08553250000000001,0.122135,0.12483,0.15725250000000002,313.81350638000004
16,19,2,LT05_012031_20030624,0.13654500000000003,0.17061749999999998,0.20097749999999998,0.2299075,314.4834383
17,19,3,LT05_012031_20030624,0.1078075,0.1530725,0.15268749999999998,0.18156250000000002,315.05424763999997
18,20,2,LT05_012031_20030624,0.110035,0.13981749999999998,0.16310999999999998,0.16536499999999998,312.46338848
19,20,3,LT05_012031_20030624,0.1078075,0.157445,0.14922249999999998,0.18964750000000002,313.71780182
20,20,4,LT05_012031_20030624,0.0832775,0.10431499999999999,0.11435250000000002,0.12463750000000001,314.38773374
21,21,2,LT05_012031_20030624,0.09666999999999998,0.126535,0.13184249999999997,0.128735,310.92186146
22,21,3,LT05_012031_20030624,0.10335250000000001,0.13981749999999998,0.13879999999999998,0.1734775,312.039554
23,21,4,LT05_012031_20030624,0.0832775,0.09983249999999999,0.10733999999999999,0.1164425,313.38625388
25,22,3,LT05_012031_20030624,0.1078075,0.13981749999999998,0.14922249999999998,0.18560500000000002,311.36278604
26,22,4,LT05_012031_20030624,0.09221499999999999,0.126535,0.13879999999999998,0.169435,312.71632195999996
27,22,5,LT05_012031_20030624,0.08776,0.11768,0.12133749999999999,0.1531825,314.71928168
28,23,3,LT05_012031_20030624,0.09444249999999998,0.11768,0.12133749999999999,0.1409725,311.36278604
29,23,4,LT05_012031_20030624,0.09444249999999998,0.12656250000000002,0.13184249999999997,0.16129500000000002,313.38625388
30,23,5,LT05_012031_20030624,0.09666999999999998,0.122135,0.13184249999999997,0.16129500000000002,315.37895954
32,24,4,LT05_012031_20030624,0.07202999999999998,0.090895,0.08622000000000002,0.1082475,314.71928168
33,24,5,LT05_012031_20030624,0.09444249999999998,0.10431499999999999,0.1108325,0.12463750000000001,316.69489724
34,24,6,LT05_012031_20030624,0.10335250000000001,0.12656250000000002,0.12133749999999999,0.14911249999999998,317.99716286
35,25,5,LT05_012031_20030624,0.06977499999999998,0.08187499999999998,0.0827,0.09183000000000002,318.39023516
36,25,6,LT05_012031_20030624,0.08776,0.09983249999999999,0.10032750000000001,0.1164425,319.03965896
37,25,7,LT05_012031_20030624,0.10335250000000001,0.13544499999999998,0.14226499999999997,0.1734775,319.68566474
38,26,6,LT05_012031_20030624,0.0720575,0.090895,0.07915250000000001,0.0959275,319.03965896
39,26,7,LT05_012031_20030624,0.09444249999999998,0.10874250000000002,0.1108325,0.128735,319.03965896
40,27,7,LT05_012031_20030624,0.08105000000000001,0.09983249999999999,0.10032750000000001,0.12466500000000003,318.39023516
41,27,8,LT05_012031_20030624,0.10335250000000001,0.122135,0.12133749999999999,0.128735,317.6621969
42,28,8,LT05_012031_20030624,0.08105000000000001,0.08638499999999999,0.10032750000000001,0.10415000000000002,315.96685898
1,13,0,LT05_012031_20030710,0.08877750000000001,0.10976000000000002,0.10475499999999999,0.152495,294.15305534000004
2,14,0,LT05_012031_20030710,0.08443250000000002,0.10107,0.10134500000000002,0.140395,296.2483016
3,14,1,LT05_012031_20030710,0.08660499999999999,0.10107,0.10134500000000002,0.140395,296.2483016
4,15,0,LT05_012031_20030710,0.09521249999999998,0.11842249999999999,0.11163000000000001,0.16052500000000003,297.43093652
5,15,1,LT05_012031_20030710,0.08877750000000001,0.1054425,0.10821999999999998,0.1444375,297.43093652
6,16,0,LT05_012031_20030710,0.09306750000000003,0.10976000000000002,0.11163000000000001,0.15648250000000002,297.43093652
7,16,1,LT05_012031_20030710,0.09306750000000003,0.1054425,0.10475499999999999,0.1484525,297.43093652
8,16,2,LT05_012031_20030710,0.09306750000000003,0.1054425,0.11163000000000001,0.152495,297.33864998
10,17,1,LT05_012031_20030710,0.0801425,0.09238000000000002,0.09790749999999998,0.13638,296.24488357999996
11,17,2,LT05_012031_20030710,0.08443250000000002,0.1054425,0.10475499999999999,0.140395,296.15601505999996
12,18,1,LT05_012031_20030710,0.09306750000000003,0.11410500000000001,0.12186000000000002,0.16052500000000003,295.0519946
13,18,2,LT05_012031_20030710,0.10379250000000001,0.1227125,0.12870749999999997,0.17655749999999998,294.96312608
14,18,3,LT05_012031_20030710,0.10379250000000001,0.1227125,0.1252975,0.16052500000000003,295.56127958
15,19,1,LT05_012031_20030710,0.10379250000000001,0.139955,0.1321175,0.18059999999999998,293.23702598
16,19,2,LT05_012031_20030710,0.14837,0.18260749999999998,0.20309500000000003,0.2323825,293.84543354
17,19,3,LT05_012031_20030710,0.12936750000000002,0.1613775,0.1660525,0.200565,294.96312608
18,20,2,LT05_012031_20030710,0.13363000000000003,0.15279749999999998,0.1660525,0.19256250000000003,293.23702598
19,20,3,LT05_012031_20030710,0.12298750000000003,0.169875,0.1626975,0.21252749999999998,293.75656502
20,20,4,LT05_012031_20030710,0.0995025,0.12274000000000002,0.13552750000000002,0.1645125,294.36155456
21,21,2,LT05_012031_20030710,0.11020000000000002,0.13566499999999998,0.13552750000000002,0.1645125,293.069543
22,21,3,LT05_012031_20030710,0.11448999999999998,0.144245,0.152495,0.1886025,293.45577926
23,21,4,LT05_012031_20030710,0.09735749999999999,0.12274000000000002,0.1252975,0.168555,294.05735078
25,22,3,LT05_012031_20030710,0.12513249999999998,0.14853500000000003,0.15590500000000002,0.200565,293.45577926
26,22,4,LT05_012031_20030710,0.11234499999999997,0.139955,0.1389375,0.1886025,294.05735078
27,22,5,LT05_012031_20030710,0.11234499999999997,0.139955,0.14575749999999998,0.1886025,294.65550428
28,23,3,LT05_012031_20030710,0.10593750000000002,0.1227125,0.1252975,0.1645125,293.45236123999996
29,23,4,LT05_012031_20030710,0.10808250000000003,0.13566499999999998,0.1389375,0.18456,294.05735078
30,23,5,LT05_012031_20030710,0.11234499999999997,0.13566499999999998,0.14575749999999998,0.1886025,294.65550428
32,24,4,LT05_012031_20030710,0.0801425,0.10107,0.10821999999999998,0.1444375,294.65550428
33,24,5,LT05_012031_20030710,0.10379250000000001,0.11842249999999999,0.12188749999999998,0.16052500000000003,295.25023976
34,24,6,LT05_012031_20030710,0.11237249999999999,0.13137500000000002,0.13552750000000002,0.17257,295.25365778
35,25,5,LT05_012031_20030710,0.0866325,0.1010975,0.1047825,0.1323375,295.60229582
36,25,6,LT05_012031_20030710,0.09953000000000001,0.11842249999999999,0.12532500000000002,0.15648250000000002,296.1970313
37,25,7,LT05_012031_20030710,0.13151249999999998,0.15279749999999998,0.152495,0.18057250000000002,296.1970313
38,26,6,LT05_012031_20030710,0.08017000000000002,0.09240749999999998,0.1047825,0.1323375,296.78834875999996
39,26,7,LT05_012031_20030710,0.10596499999999998,0.11842249999999999,0.12870749999999997,0.152495,296.78834875999996
40,27,7,LT05_012031_20030710,0.0952675,0.10978749999999998,0.11503999999999998,0.1444375,296.78834875999996
41,27,8,LT05_012031_20030710,0.10596499999999998,0.1270575,0.12532500000000002,0.1645125,296.71998836
42,28,8,LT05_012031_20030710,0.08883249999999998,0.10547000000000001,0.10137249999999998,0.1323375,296.3679323
1,13,0,LT05_012031_20030726,0.066695,0.07772249999999997,0.08275500000000002,0.0870725,315.46782806
2,14,0,LT05_012031_20030726,0.06672250000000002,0.07772249999999997,0.07604499999999997,0.09103250000000002,316.35993127999996
3,14,1,LT05_012031_20030726,0.06463249999999998,0.07348749999999998,0.07940000000000003,0.08313999999999999,316.90339645999995
4,15,0,LT05_012031_20030726,0.07087500000000002,0.08616499999999999,0.08611000000000002,0.10681750000000001,316.90339645999995
5,15,1,LT05_012031_20030726,0.0625425,0.08193,0.07940000000000003,0.08710000000000001,317.44686164
6,16,0,LT05_012031_20030726,0.072965,0.08193,0.08946500000000002,0.09889750000000003,317.44686164
7,16,1,LT05_012031_20030726,0.0625425,0.073515,0.07268999999999998,0.09103250000000002,317.98690880000004
8,16,2,LT05_012031_20030726,0.06674999999999998,0.0861925,0.08949249999999997,0.09892499999999999,318.42099734
10,17,1,LT05_012031_20030726,0.05201,0.06504500000000002,0.05921500000000002,0.0712875,317.98690880000004
11,17,2,LT05_012031_20030726,0.0625425,0.08195750000000002,0.08278249999999998,0.09103250000000002,317.8843682
12,18,1,LT05_012031_20030726,0.08547749999999998,0.10720249999999998,0.11954999999999999,0.12254749999999998,316.35993127999996
13,18,2,LT05_012031_20030726,0.0833875,0.11561749999999998,0.11954999999999999,0.13822250000000003,316.80427388
14,18,3,LT05_012031_20030726,0.0688125,0.0904275,0.08949249999999997,0.10285749999999999,317.34432103999995
15,19,1,LT05_012031_20030726,0.09378249999999999,0.11141000000000001,0.1295325,0.14215499999999998,314.16556244000003
16,19,2,LT05_012031_20030726,0.13698500000000002,0.19019750000000002,0.19561499999999998,0.20848499999999998,315.26616488
17,19,3,LT05_012031_20030726,0.10205999999999998,0.1489475,0.15937,0.18516500000000002,315.71392549999996
18,20,2,LT05_012031_20030726,0.12265749999999997,0.17785,0.15937,0.19682500000000003,313.60842518
19,20,3,LT05_012031_20030726,0.12059500000000001,0.13228250000000003,0.15607,0.17732750000000003,314.61674108
20,20,4,LT05_012031_20030726,0.06884000000000001,0.10722999999999999,0.09955750000000002,0.11075000000000002,315.71392549999996
21,21,2,LT05_012031_20030726,0.0813525,0.11561749999999998,0.10285749999999999,0.12254749999999998,311.74560428
22,21,3,LT05_012031_20030726,0.09999750000000002,0.11561749999999998,0.13618750000000002,0.12645250000000002,313.72121984
23,21,4,LT05_012031_20030726,0.06468750000000001,0.0904275,0.09282000000000001,0.11468250000000002,314.81840425999997
25,22,3,LT05_012031_20030726,0.1267275,0.16547499999999998,0.1692975,0.17732750000000003,313.1675006
26,22,4,LT05_012031_20030726,0.09174749999999998,0.12397750000000002,0.13618750000000002,0.16564,315.36528746
27,22,5,LT05_012031_20030726,0.08553250000000001,0.11561749999999998,0.126205,0.14212750000000002,316.45221782
28,23,3,LT05_012031_20030726,0.0896575,0.11561749999999998,0.11289500000000002,0.12254749999999998,313.1675006
29,23,4,LT05_012031_20030726,0.09174749999999998,0.12397750000000002,0.13285999999999998,0.15783000000000003,315.91217066
30,23,5,LT05_012031_20030726,0.10002499999999998,0.13230999999999998,0.1461425,0.1656125,316.995683
32,24,4,LT05_012031_20030726,0.06259749999999997,0.08622000000000002,0.09282000000000001,0.10285749999999999,315.91217066
33,24,5,LT05_012031_20030726,0.08759499999999998,0.11143750000000002,0.11954999999999999,0.13431749999999998,316.995683
34,24,6,LT05_012031_20030726,0.10002499999999998,0.11143750000000002,0.12290499999999999,0.12647999999999998,316.995683
35,25,5,LT05_012031_20030726,0.05630000000000002,0.07354250000000001,0.06933499999999998,0.07131500000000002,317.39900936000004
36,25,6,LT05_012031_20030726,0.08762249999999999,0.10304999999999997,0.10624,0.11468250000000002,317.93905652
37,25,7,LT05_012031_20030726,0.11858750000000001,0.13649,0.14281500000000003,0.14999250000000003,317.39900936000004
38,26,6,LT05_012031_20030726,0.06471500000000002,0.08622000000000002,0.08281,0.09105999999999997,317.93905652
39,26,7,LT05_012031_20030726,0.10211500000000001,0.1197975,0.12290499999999999,0.12647999999999998,317.93905652
40,27,7,LT05_012031_20030726,0.07931749999999999,0.08622000000000002,0.09620250000000002,0.10684500000000002,317.93905652
41,27,8,LT05_012031_20030726,0.08762249999999999,0.115645,0.10624,0.11077749999999997,317.3203949
42,28,8,LT05_012031_20030726,0.06474249999999998,0.08201249999999999,0.079455,0.0831675,317.45711570000003
1,13,0,LT05_012031_20030827,0.048380000000000006,0.05212,0.055804999999999993,0.07268999999999998,311.16795890000003
2,14,0,LT05_012031_20030827,0.05280750000000001,0.0566025,0.06644749999999999,0.06845499999999999,312.63770750000003
3,14,1,LT05_012031_20030827,0.05280750000000001,0.06553999999999999,0.07002249999999999,0.07692500000000002,313.20168079999996
4,15,0,LT05_012031_20030827,0.06155250000000001,0.06999499999999997,0.07714500000000002,0.08533999999999997,313.76223608
5,15,1,LT05_012031_20030827,0.05497999999999997,0.06553999999999999,0.06292750000000003,0.08110499999999998,314.87992862
6,16,0,LT05_012031_20030827,0.05937999999999999,0.07887749999999999,0.08066499999999999,0.08951999999999999,314.87992862
7,16,1,LT05_012031_20030827,0.05497999999999997,0.06553999999999999,0.06644749999999999,0.08533999999999997,315.43706588
8,16,2,LT05_012031_20030827,0.052779999999999994,0.06553999999999999,0.07002249999999999,0.08110499999999998,315.89166253999997
10,17,1,LT05_012031_20030827,0.04397999999999999,0.05212,0.045107499999999995,0.055804999999999993,314.87992862
11,17,2,LT05_012031_20030827,0.04618,0.0566025,0.05225750000000001,0.06845499999999999,314.78080604
12,18,1,LT05_012031_20030827,0.06155250000000001,0.06553999999999999,0.0771175,0.08533999999999997,312.63770750000003
13,18,2,LT05_012031_20030827,0.0833875,0.10107,0.10541499999999998,0.11897249999999998,312.53858492
14,18,3,LT05_012031_20030827,0.06155250000000001,0.07887749999999999,0.08776,0.09375499999999998,312.53858492
15,19,1,LT05_012031_20030827,0.08118750000000002,0.10549750000000002,0.11954999999999999,0.13992749999999998,310.35447014
16,19,2,LT05_012031_20030827,0.12444500000000003,0.17565000000000003,0.17565000000000003,0.194185,310.35447014
17,19,3,LT05_012031_20030827,0.109375,0.127525,0.1511475,0.18170000000000003,310.83299294
18,20,2,LT05_012031_20030827,0.09859499999999999,0.13632499999999997,0.1230425,0.14828750000000002,309.2025974
19,20,3,LT05_012031_20030827,0.109375,0.12312499999999998,0.15816000000000002,0.1608275,309.68453822000004
20,20,4,LT05_012031_20030827,0.06372499999999998,0.09218749999999998,0.09482750000000001,0.11058499999999999,310.25876558
21,21,2,LT05_012031_20030827,0.07467000000000001,0.09218749999999998,0.08773249999999999,0.11058499999999999,308.44037893999996
22,21,3,LT05_012031_20030827,0.09207749999999998,0.109925,0.12658999999999998,0.11897249999999998,308.7753449
23,21,4,LT05_012031_20030827,0.050580000000000014,0.06551249999999997,0.06644749999999999,0.08110499999999998,309.92721764
25,22,3,LT05_012031_20030827,0.10722999999999999,0.13192500000000001,0.13363000000000003,0.13992749999999998,308.7753449
26,22,4,LT05_012031_20030827,0.09207749999999998,0.10549750000000002,0.12658999999999998,0.14828750000000002,309.92721764
27,22,5,LT05_012031_20030827,0.08990500000000001,0.12312499999999998,0.1300825,0.1566475,311.06883632
28,23,3,LT05_012031_20030827,0.08118750000000002,0.10107,0.09834749999999998,0.11055749999999998,309.35299028
29,23,4,LT05_012031_20030827,0.09639500000000001,0.11432500000000001,0.1300825,0.15246749999999998,310.49802697999996
30,23,5,LT05_012031_20030827,0.09856749999999997,0.127525,0.1300825,0.1608275,311.06883632
32,24,4,LT05_012031_20030827,0.05712499999999998,0.06996750000000002,0.0771175,0.09372750000000002,310.49802697999996
33,24,5,LT05_012031_20030827,0.07684249999999998,0.096615,0.10541499999999998,0.11897249999999998,311.63622764
34,24,6,LT05_012031_20030827,0.09639500000000001,0.10549750000000002,0.11600250000000001,0.12733250000000002,312.20020094
35,25,5,LT05_012031_20030827,0.0416975,0.05654749999999997,0.05577749999999998,0.06424750000000001,312.5864372
36,25,6,LT05_012031_20030827,0.06369750000000002,0.06996750000000002,0.08063749999999997,0.08110499999999998,313.1504105
37,25,7,LT05_012031_20030827,0.0963675,0.10549750000000002,0.1230425,0.12733250000000002,313.1504105
38,26,6,LT05_012031_20030827,0.04832500000000001,0.06102999999999997,0.0592975,0.07266250000000002,313.71096578000004
39,26,7,LT05_012031_20030827,0.08990500000000001,0.10104249999999998,0.10189500000000001,0.09796250000000001,313.71096578000004
40,27,7,LT05_012031_20030827,0.07027,0.07439499999999999,0.0841575,0.08531250000000001,314.27152106
41,27,8,LT05_012031_20030827,0.07898749999999999,0.10547000000000001,0.10189500000000001,0.10635,314.19632462
42,28,8,LT05_012031_20030827,0.06149749999999998,0.06996750000000002,0.07708999999999999,0.08531250000000001,313.80667034
23,21,4,LT05_012031_20031115,0.040102499999999985,0.0385625,0.035784999999999983,0.0352075,278.33445878
26,22,4,LT05_012031_20031115,0.050992499999999996,0.05352249999999997,0.0474175,0.05437500000000001,278.33445878
27,22,5,LT05_012031_20031115,0.04738999999999999,0.046015,0.0474175,0.05437500000000001,278.88134198
29,23,4,LT05_012031_20031115,0.058252499999999985,0.06094749999999999,0.07065500000000002,0.08622000000000002,278.88134198
30,23,5,LT05_012031_20031115,0.09075749999999999,0.1055525,0.1111625,0.1307975,279.42480716
33,24,5,LT05_012031_20031115,0.05830750000000001,0.07593499999999997,0.07645750000000001,0.07354250000000001,279.96485432
34,24,6,LT05_012031_20031115,0.06919750000000002,0.08335999999999999,0.07068249999999998,0.07992250000000001,279.96485432
1,13,0,LT05_012031_20040219,0.04194500000000001,0.0382325,0.040514999999999995,0.025279999999999997,277.03561118
2,14,0,LT05_012031_20040219,0.04502500000000001,0.0446125,0.040514999999999995,0.03630749999999999,277.5859124
3,14,1,LT05_012031_20040219,0.05723499999999998,0.05734499999999998,0.05049749999999997,0.05286249999999998,279.0727511
4,15,0,LT05_012031_20040219,0.060287499999999994,0.05734499999999998,0.05049749999999997,0.04733499999999999,279.0727511
5,15,1,LT05_012031_20040219,0.06639250000000002,0.06372499999999998,0.06045250000000002,0.05839,279.0727511
6,16,0,LT05_012031_20040219,0.07549499999999998,0.07637500000000003,0.07035249999999998,0.07489000000000001,279.0727511
7,16,1,LT05_012031_20040219,0.084625,0.08905249999999998,0.08522999999999997,0.07489000000000001,279.62988836
8,16,2,LT05_012031_20040219,0.07549499999999998,0.07005,0.08028000000000002,0.08591749999999998,279.54443786
10,17,1,LT05_012031_20040219,0.06639250000000002,0.07005,0.06540249999999997,0.06389,279.62988836
11,17,2,LT05_012031_20040219,0.06944499999999998,0.07637500000000003,0.08028000000000002,0.07489000000000001,279.54443786
12,18,1,LT05_012031_20040219,0.07549499999999998,0.08905249999999998,0.08522999999999997,0.09141749999999998,279.62988836
13,18,2,LT05_012031_20040219,0.084625,0.09540500000000002,0.10508499999999998,0.1024175,279.54443786
14,18,3,LT05_012031_20040219,0.07246999999999998,0.07637500000000003,0.08522999999999997,0.07489000000000001,280.0981571
15,19,1,LT05_012031_20040219,0.07854749999999999,0.10170249999999997,0.10508499999999998,0.11891750000000001,279.0727511
16,19,2,LT05_012031_20040219,0.1327775,0.145785,0.14460250000000002,0.17383500000000002,279.62988836
17,19,3,LT05_012031_20040219,0.10274749999999999,0.1332175,0.15447500000000003,0.12991750000000002,279.54443786
18,20,2,LT05_012031_20040219,0.10274749999999999,0.10799999999999998,0.1199075,0.11338999999999999,278.51561384
19,20,3,LT05_012031_20040219,0.09367249999999999,0.12062250000000002,0.114985,0.11338999999999999,278.9873006
20,20,4,LT05_012031_20040219,0.07854749999999999,0.08272750000000001,0.08522999999999997,0.08039000000000002,278.9873006
21,21,2,LT05_012031_20040219,0.07246999999999998,0.06372499999999998,0.06045250000000002,0.05839,277.2270203
22,21,3,LT05_012031_20040219,0.07549499999999998,0.08272750000000001,0.07035249999999998,0.0693625,277.57565834
23,21,4,LT05_012031_20040219,0.06639250000000002,0.05734499999999998,0.06045250000000002,0.04733499999999999,277.57565834
25,22,3,LT05_012031_20040219,0.09367249999999999,0.09540500000000002,0.0951575,0.10788999999999999,276.44429372
26,22,4,LT05_012031_20040219,0.07246999999999998,0.08272750000000001,0.07035249999999998,0.07489000000000001,277.01168504
27,22,5,LT05_012031_20040219,0.07854749999999999,0.08272750000000001,0.08028000000000002,0.09141749999999998,278.13621362000004
28,23,3,LT05_012031_20040219,0.06639250000000002,0.07637500000000003,0.06540249999999997,0.0693625,276.44429372
29,23,4,LT05_012031_20040219,0.09972249999999999,0.10799999999999998,0.1199075,0.12441750000000001,277.57565834
30,23,5,LT05_012031_20040219,0.10876999999999998,0.12062250000000002,0.13473000000000002,0.1518625,278.13621362000004
32,24,4,LT05_012031_20040219,0.07854749999999999,0.07637500000000003,0.08028000000000002,0.08591749999999998,278.13621362000004
33,24,5,LT05_012031_20040219,0.084625,0.08272750000000001,0.0902075,0.09691749999999999,279.24707012
34,24,6,LT05_012031_20040219,0.08157249999999999,0.07637500000000003,0.08028000000000002,0.0693625,279.24707012
35,25,5,LT05_012031_20040219,0.06334000000000001,0.06372499999999998,0.06045250000000002,0.05286249999999998,280.13917333999996
36,25,6,LT05_012031_20040219,0.07854749999999999,0.07637500000000003,0.07533000000000001,0.06389,280.13917333999996
37,25,7,LT05_012031_20040219,0.08762249999999999,0.10799999999999998,0.08522999999999997,0.08591749999999998,280.13917333999996
38,26,6,LT05_012031_20040219,0.07246999999999998,0.07005,0.07035249999999998,0.06389,280.68947456
39,26,7,LT05_012031_20040219,0.07854749999999999,0.08905249999999998,0.07533000000000001,0.0693625,280.13917333999996
40,27,7,LT05_012031_20040219,0.06944499999999998,0.07005,0.06540249999999997,0.04733499999999999,280.13917333999996
41,27,8,LT05_012031_20040219,0.07549499999999998,0.08272750000000001,0.07035249999999998,0.07489000000000001,279.52051172
42,28,8,LT05_012031_20040219,0.06639250000000002,0.07005,0.06045250000000002,0.05286249999999998,279.18212774
1,13,0,LT05_012031_20040322,0.04560249999999999,0.05124000000000001,0.046235,0.0386175,280.19386166000004
2,14,0,LT05_012031_20040322,0.0478575,0.05599749999999998,0.04997499999999999,0.05107499999999998,280.02296065999997
3,14,1,LT05_012031_20040322,0.05690499999999998,0.05599749999999998,0.06122250000000001,0.05937999999999999,281.55423362
4,15,0,LT05_012031_20040322,0.05008499999999999,0.07024249999999999,0.05374249999999997,0.05937999999999999,281.55423362
5,15,1,LT05_012031_20040322,0.061387499999999984,0.06072749999999999,0.0687025,0.06765749999999998,281.55423362
6,16,0,LT05_012031_20040322,0.06592500000000001,0.07494499999999998,0.07618249999999999,0.0842675,282.08060869999997
7,16,1,LT05_012031_20040322,0.05690499999999998,0.07024249999999999,0.0687025,0.06765749999999998,282.08060869999997
8,16,2,LT05_012031_20040322,0.06367,0.07494499999999998,0.07618249999999999,0.08011499999999999,282.51811526
10,17,1,LT05_012031_20040322,0.05236750000000001,0.06072749999999999,0.05374249999999997,0.05937999999999999,282.60698378
11,17,2,LT05_012031_20040322,0.06367,0.07494499999999998,0.07992250000000001,0.07596249999999999,283.04107232
12,18,1,LT05_012031_20040322,0.07489000000000001,0.08443250000000002,0.08363500000000001,0.09254499999999999,282.08060869999997
13,18,2,LT05_012031_20040322,0.08839249999999998,0.11275750000000001,0.10976000000000002,0.12153000000000003,282.51811526
14,18,3,LT05_012031_20040322,0.07266250000000002,0.07970250000000001,0.08363500000000001,0.08011499999999999,282.51811526
15,19,1,LT05_012031_20040322,0.09953000000000001,0.11275750000000001,0.12463750000000001,0.13396000000000002,281.55423362
16,19,2,LT05_012031_20040322,0.11514999999999997,0.150295,0.16179,0.1629175,282.08060869999997
17,19,3,LT05_012031_20040322,0.09061999999999998,0.12216250000000001,0.10976000000000002,0.13811250000000003,281.99174017999997
18,20,2,LT05_012031_20040322,0.09732999999999997,0.11746000000000001,0.120925,0.1174325,280.4912294
19,20,3,LT05_012031_20040322,0.09284749999999997,0.1080275,0.11347249999999998,0.12153000000000003,280.40236088
20,20,4,LT05_012031_20040322,0.07266250000000002,0.0986225,0.09485500000000002,0.10085,280.935572
21,21,2,LT05_012031_20040322,0.07043500000000003,0.07970250000000001,0.07244250000000002,0.08842,278.71044098
22,21,3,LT05_012031_20040322,0.08388250000000003,0.08913500000000002,0.1023075,0.08842,279.03173486000003
23,21,4,LT05_012031_20040322,0.05008499999999999,0.06072749999999999,0.05374249999999997,0.055227499999999985,279.568364
25,22,3,LT05_012031_20040322,0.09953000000000001,0.1080275,0.1172125,0.11327999999999999,278.4916877
26,22,4,LT05_012031_20040322,0.08839249999999998,0.11275750000000001,0.12463750000000001,0.13811250000000003,279.568364
27,22,5,LT05_012031_20040322,0.08839249999999998,0.10329749999999999,0.120925,0.13396000000000002,280.63136822
28,23,3,LT05_012031_20040322,0.09284749999999997,0.09386499999999998,0.09856749999999997,0.09669749999999999,279.03173486000003
29,23,4,LT05_012031_20040322,0.11069499999999999,0.1315675,0.139515,0.15464,280.63136822
30,23,5,LT05_012031_20040322,0.11289500000000002,0.1362425,0.1432275,0.158765,281.6875364
32,24,4,LT05_012031_20040322,0.07940000000000003,0.09386499999999998,0.091115,0.10497499999999998,282.21391148
33,24,5,LT05_012031_20040322,0.08613749999999998,0.08913500000000002,0.09485500000000002,0.09254499999999999,282.73345052
34,24,6,LT05_012031_20040322,0.09061999999999998,0.0986225,0.09485500000000002,0.10085,283.25298956
35,25,5,LT05_012031_20040322,0.05690499999999998,0.06072749999999999,0.06122250000000001,0.05937999999999999,284.63728765999997
36,25,6,LT05_012031_20040322,0.07043500000000003,0.08443250000000002,0.07244250000000002,0.0842675,284.12116663999996
37,25,7,LT05_012031_20040322,0.08839249999999998,0.08913500000000002,0.09856749999999997,0.0842675,283.60504562
38,26,6,LT05_012031_20040322,0.05915999999999999,0.06548500000000002,0.05748249999999999,0.06356,284.63728765999997
39,26,7,LT05_012031_20040322,0.08613749999999998,0.08443250000000002,0.08363500000000001,0.0842675,283.60504562
40,27,7,LT05_012031_20040322,0.06592500000000001,0.06548500000000002,0.0687025,0.07180999999999998,283.08550658
41,27,8,LT05_012031_20040322,0.08162750000000002,0.09386499999999998,0.08737499999999998,0.08011499999999999,282.49418912
42,28,8,LT05_012031_20040322,0.06367,0.06548500000000002,0.0687025,0.055227499999999985,281.62259402
1,13,0,LT05_012031_20040407,0.06996750000000002,0.073845,0.07522000000000001,0.06867499999999999,290.43424958
2,14,0,LT05_012031_20040407,0.07213999999999998,0.0827,0.08223249999999999,0.07667750000000001,290.7452894
3,14,1,LT05_012031_20040407,0.07425749999999998,0.0827,0.08575250000000001,0.08861249999999998,290.7452894
4,15,0,LT05_012031_20040407,0.084845,0.10038249999999999,0.10673500000000002,0.10060249999999998,291.26824646
5,15,1,LT05_012031_20040407,0.07637500000000003,0.091555,0.08924500000000002,0.09262749999999997,291.26824646
6,16,0,LT05_012031_20040407,0.0891075,0.10918250000000002,0.10673500000000002,0.10852250000000002,291.26824646
7,16,1,LT05_012031_20040407,0.07851999999999998,0.09595500000000001,0.0962575,0.09260000000000002,291.7877855
8,16,2,LT05_012031_20040407,0.08063749999999997,0.09595500000000001,0.09276499999999999,0.10060249999999998,291.69549896
10,17,1,LT05_012031_20040407,0.07425749999999998,0.0827,0.08223249999999999,0.08066499999999999,291.7877855
11,17,2,LT05_012031_20040407,0.07634750000000001,0.08712750000000002,0.08924500000000002,0.08861249999999998,292.215038
12,18,1,LT05_012031_20040407,0.0891075,0.10038249999999999,0.103215,0.10852250000000002,291.26824646
13,18,2,LT05_012031_20040407,0.10810999999999998,0.13115500000000002,0.13811250000000003,0.14034000000000002,291.69549896
14,18,3,LT05_012031_20040407,0.09964,0.11358249999999998,0.11369249999999997,0.12048500000000001,292.215038
15,19,1,LT05_012031_20040407,0.103875,0.1223825,0.1345925,0.13638,290.21891432
16,19,2,LT05_012031_20040407,0.12912,0.16173500000000002,0.162395,0.17600749999999998,290.7452894
17,19,3,LT05_012031_20040407,0.1228225,0.15301750000000003,0.14850750000000001,0.16016750000000002,291.17595991999997
18,20,2,LT05_012031_20040407,0.11020000000000002,0.13552750000000002,0.1276625,0.14429999999999998,289.16274613999997
19,20,3,LT05_012031_20040407,0.11229,0.126755,0.13811250000000003,0.13239250000000002,290.12662778000004
20,20,4,LT05_012031_20040407,0.08699000000000001,0.10918250000000002,0.11369249999999997,0.12048500000000001,290.65300286
21,21,2,LT05_012031_20040407,0.0891075,0.10918250000000002,0.103215,0.12048500000000001,287.38537574
22,21,3,LT05_012031_20040407,0.10599249999999999,0.1223825,0.12417,0.12048500000000001,288.22620866
23,21,4,LT05_012031_20040407,0.06996750000000002,0.08712750000000002,0.08223249999999999,0.09260000000000002,289.28579486
25,22,3,LT05_012031_20040407,0.11861500000000003,0.13990000000000002,0.1345925,0.14034000000000002,287.69299753999996
26,22,4,LT05_012031_20040407,0.103875,0.126755,0.1276625,0.15224749999999998,289.28579486
27,22,5,LT05_012031_20040407,0.10810999999999998,0.11798249999999999,0.1311275,0.14429999999999998,290.33854501999997
28,23,3,LT05_012031_20040407,0.0933425,0.1047825,0.103215,0.10852250000000002,288.22620866
29,23,4,LT05_012031_20040407,0.10599249999999999,0.126755,0.1311275,0.14034000000000002,290.33854501999997
30,23,5,LT05_012031_20040407,0.11229,0.13552750000000002,0.14157750000000002,0.15224749999999998,291.3776231
32,24,4,LT05_012031_20040407,0.08907999999999999,0.10038249999999999,0.10673500000000002,0.10852250000000002,291.89374412
33,24,5,LT05_012031_20040407,0.09543249999999998,0.11798249999999999,0.11022749999999998,0.11649749999999998,292.92256814
34,24,6,LT05_012031_20040407,0.10596499999999998,0.11798249999999999,0.12417,0.12048500000000001,293.43185312
35,25,5,LT05_012031_20040407,0.06996750000000002,0.07827250000000002,0.08223249999999999,0.07667750000000001,294.81615122
36,25,6,LT05_012031_20040407,0.08699000000000001,0.091555,0.0962575,0.10060249999999998,294.81615122
37,25,7,LT05_012031_20040407,0.11229,0.11798249999999999,0.12417,0.12444500000000003,294.31028426
38,26,6,LT05_012031_20040407,0.07423000000000002,0.08712750000000002,0.085725,0.08861249999999998,294.81615122
39,26,7,LT05_012031_20040407,0.10596499999999998,0.10918250000000002,0.11022749999999998,0.10453499999999999,294.31028426
40,27,7,LT05_012031_20040407,0.084845,0.08712750000000002,0.09276499999999999,0.08861249999999998,293.80099928
41,27,8,LT05_012031_20040407,0.09755000000000003,0.10918250000000002,0.10673500000000002,0.10453499999999999,292.70381485999997
42,28,8,LT05_012031_20040407,0.07634750000000001,0.08712750000000002,0.08223249999999999,0.08066499999999999,292.33808672
1,13,0,LT05_012031_20040829,0.07634750000000001,0.07851999999999998,0.0773375,0.0869625,314.00833352
2,14,0,LT05_012031_20040829,0.08204,0.0841575,0.0773375,0.0869625,314.59281494
3,14,1,LT05_012031_20040829,0.07632,0.08412999999999998,0.072965,0.09202250000000001,316.20612038
4,15,0,LT05_012031_20040829,0.07917999999999997,0.0897675,0.08605499999999999,0.09202250000000001,317.13923983999996
5,15,1,LT05_012031_20040829,0.07917999999999997,0.08973999999999999,0.07730999999999999,0.09702749999999999,317.13923983999996
6,16,0,LT05_012031_20040829,0.08489999999999998,0.0953775,0.09474500000000002,0.1071475,317.14265786
7,16,1,LT05_012031_20040829,0.08204,0.08979500000000001,0.0860825,0.1071475,317.14265786
8,16,2,LT05_012031_20040829,0.07915250000000001,0.08973999999999999,0.08602749999999998,0.1020875,317.0469533
10,17,1,LT05_012031_20040829,0.07062750000000001,0.07288250000000002,0.07736500000000002,0.07687,316.2095384
11,17,2,LT05_012031_20040829,0.07634750000000001,0.0841575,0.0773375,0.10711999999999999,316.11383384
12,18,1,LT05_012031_20040829,0.07637500000000003,0.0841575,0.09039999999999998,0.09708250000000002,315.2695829
13,18,2,LT05_012031_20040829,0.08487250000000002,0.09534999999999999,0.10338000000000003,0.127195,315.17729636
14,18,3,LT05_012031_20040829,0.09053749999999999,0.10093249999999998,0.10338000000000003,0.127195,315.17729636
15,19,1,LT05_012031_20040829,0.09622999999999998,0.12320750000000003,0.12064999999999998,0.14718750000000003,313.37258180000003
16,19,2,LT05_012031_20040829,0.12153000000000003,0.15078999999999998,0.16767500000000002,0.211565,314.32279136
17,19,3,LT05_012031_20040829,0.1102825,0.12318000000000001,0.1421,0.17204750000000002,314.23050481999996
18,20,2,LT05_012031_20040829,0.10750500000000002,0.1287625,0.12496750000000001,0.15714250000000002,313.37258180000003
19,20,3,LT05_012031_20040829,0.11314249999999998,0.12318000000000001,0.1421,0.17204750000000002,314.23392284
20,20,4,LT05_012031_20040829,0.08481749999999999,0.10090500000000002,0.09469,0.127195,314.23050481999996
21,21,2,LT05_012031_20040829,0.090565,0.09534999999999999,0.09039999999999998,0.11212499999999997,312.2446352
22,21,3,LT05_012031_20040829,0.09617500000000001,0.11209750000000002,0.1163325,0.12216250000000001,313.91604698000003
23,21,4,LT05_012031_20040829,0.07629249999999999,0.08410250000000002,0.08165499999999998,0.10205999999999998,314.8594205
25,22,3,LT05_012031_20040829,0.09617500000000001,0.12318000000000001,0.12062250000000002,0.1421825,313.919465
26,22,4,LT05_012031_20040829,0.079125,0.08973999999999999,0.08602749999999998,0.11212499999999997,314.8594205
27,22,5,LT05_012031_20040829,0.07626499999999997,0.08971249999999997,0.08602749999999998,0.097055,315.79595798
28,23,3,LT05_012031_20040829,0.09053749999999999,0.10651500000000003,0.09037250000000002,0.10205999999999998,312.96925544
29,23,4,LT05_012031_20040829,0.08767750000000002,0.10090500000000002,0.10335250000000001,0.13217250000000003,314.8594205
30,23,5,LT05_012031_20040829,0.08478999999999998,0.10648750000000001,0.10766999999999999,0.13720500000000002,315.79595798
32,24,4,LT05_012031_20040829,0.08195750000000002,0.08973999999999999,0.08602749999999998,0.10205999999999998,314.86283851999997
33,24,5,LT05_012031_20040829,0.08765,0.10648750000000001,0.09903499999999998,0.11715750000000003,316.72907743999997
34,24,6,LT05_012031_20040829,0.11022749999999998,0.11207,0.11630499999999999,0.127195,316.72565942
35,25,5,LT05_012031_20040829,0.07626499999999997,0.08407500000000001,0.07728249999999998,0.08693499999999998,317.0982236
36,25,6,LT05_012031_20040829,0.09328750000000002,0.10087750000000001,0.0903175,0.10709249999999998,318.02450702
37,25,7,LT05_012031_20040829,0.10178500000000001,0.1231525,0.12059500000000001,0.13720500000000002,318.02450702
38,26,6,LT05_012031_20040829,0.07906999999999997,0.0784375,0.07288250000000002,0.09196749999999998,318.02450702
39,26,7,LT05_012031_20040829,0.0904275,0.10085,0.09463500000000002,0.10709249999999998,318.02450702
40,27,7,LT05_012031_20040829,0.084735,0.0840475,0.0816,0.09196749999999998,318.02450702
41,27,8,LT05_012031_20040829,0.08759499999999998,0.11201499999999998,0.09463500000000002,0.11715750000000003,317.9527286
42,28,8,LT05_012031_20040829,0.079015,0.0896575,0.08157249999999999,0.08690750000000003,317.58358244
1,13,0,LT05_012031_20040914,0.037654999999999994,0.03064249999999999,0.042440000000000005,0.040459999999999996,302.15805818
2,14,0,LT05_012031_20040914,0.0354275,0.03977249999999999,0.042440000000000005,0.03617000000000001,303.53893826
3,14,1,LT05_012031_20040914,0.051102499999999995,0.057977500000000015,0.05701499999999998,0.06625500000000001,304.06531334
4,15,0,LT05_012031_20040914,0.05332999999999999,0.07158999999999999,0.07516499999999998,0.07054500000000002,304.06531334
5,15,1,LT05_012031_20040914,0.048875,0.06251499999999999,0.05701499999999998,0.07054500000000002,304.06531334
6,16,0,LT05_012031_20040914,0.07112249999999998,0.09422249999999999,0.09328750000000002,0.10054750000000001,304.06531334
7,16,1,LT05_012031_20040914,0.066695,0.0761,0.07516499999999998,0.0833875,304.06531334
8,16,2,LT05_012031_20040914,0.06224000000000002,0.0761,0.07513750000000002,0.09196749999999998,303.96619076
10,17,1,LT05_012031_20040914,0.057784999999999975,0.06251499999999999,0.06427499999999997,0.06625500000000001,303.53893826
11,17,2,LT05_012031_20040914,0.057784999999999975,0.07158999999999999,0.07153500000000002,0.0833875,303.4432337
12,18,1,LT05_012031_20040914,0.062212500000000004,0.08514749999999999,0.08605499999999999,0.08767750000000002,303.01256318000003
13,18,2,LT05_012031_20040914,0.08220499999999997,0.10772500000000002,0.11135499999999998,0.126205,302.91685861999997
14,18,3,LT05_012031_20040914,0.07332250000000001,0.08063749999999997,0.09328750000000002,0.10054750000000001,303.4432337
15,19,1,LT05_012031_20040914,0.06889499999999998,0.09870499999999999,0.10052,0.14331,301.95297698
16,19,2,LT05_012031_20040914,0.1261775,0.1614875,0.16531,0.198695,302.48277008
17,19,3,LT05_012031_20040914,0.11306,0.14364,0.16176249999999998,0.16891250000000002,302.91685861999997
18,20,2,LT05_012031_20040914,0.11306,0.12122749999999999,0.1329975,0.1560975,301.41976586
19,20,3,LT05_012031_20040914,0.09766000000000002,0.134675,0.1402025,0.13049500000000003,301.85727241999996
20,20,4,LT05_012031_20040914,0.06441249999999998,0.0761,0.08239750000000001,0.10054750000000001,302.38706551999996
21,21,2,LT05_012031_20040914,0.05107499999999998,0.053385000000000016,0.0533575,0.07051750000000001,300.16877053999997
22,21,3,LT05_012031_20040914,0.06666749999999999,0.09870499999999999,0.08962999999999999,0.0833875,300.99593138
23,21,4,LT05_012031_20040914,0.05104750000000002,0.05795,0.06424750000000001,0.07480749999999997,301.52914250000003
25,22,3,LT05_012031_20040914,0.10863250000000002,0.13912999999999998,0.13657249999999999,0.16036,299.92950914
26,22,4,LT05_012031_20040914,0.06666749999999999,0.0761,0.08962999999999999,0.0962575,300.99593138
27,22,5,LT05_012031_20040914,0.05327500000000002,0.067025,0.06787749999999998,0.07480749999999997,302.0589356
28,23,3,LT05_012031_20040914,0.05327500000000002,0.0761,0.06787749999999998,0.07480749999999997,299.92950914
29,23,4,LT05_012031_20040914,0.08217750000000001,0.1076975,0.11135499999999998,0.126205,301.52914250000003
30,23,5,LT05_012031_20040914,0.091005,0.11220750000000002,0.114985,0.1390475,302.0589356
32,24,4,LT05_012031_20040914,0.0599575,0.07156249999999997,0.07513750000000002,0.09194000000000002,302.58531068
33,24,5,LT05_012031_20040914,0.07774999999999999,0.09419499999999997,0.10052,0.10481000000000001,303.10826774
34,24,6,LT05_012031_20040914,0.07995000000000002,0.09419499999999997,0.09688999999999998,0.10054750000000001,303.6312248
35,25,5,LT05_012031_20040914,0.04430999999999999,0.03969,0.049699999999999994,0.04901249999999999,305.05653914
36,25,6,LT05_012031_20040914,0.06438500000000003,0.08061000000000001,0.0715075,0.07480749999999997,305.05653914
37,25,7,LT05_012031_20040914,0.08434999999999998,0.09870499999999999,0.10052,0.10481000000000001,305.05653914
38,26,6,LT05_012031_20040914,0.0532475,0.06699749999999999,0.05696000000000001,0.0662275,306.0921992
39,26,7,LT05_012031_20040914,0.08434999999999998,0.09870499999999999,0.09686250000000002,0.10481000000000001,305.05653914
40,27,7,LT05_012031_20040914,0.048765,0.06699749999999999,0.06058999999999998,0.07480749999999997,305.57607817999997
41,27,8,LT05_012031_20040914,0.08657749999999997,0.0805825,0.09686250000000002,0.08335999999999999,304.46180366
42,28,8,LT05_012031_20040914,0.05544749999999998,0.05332999999999999,0.06422,0.06193749999999998,304.07898542
8,16,2,LT05_012031_20040930,0.056574999999999986,0.0717275,0.07233250000000002,0.08602749999999998,299.88507488
11,17,2,LT05_012031_20040930,0.067355,0.07714500000000002,0.08514749999999999,0.08605499999999999,300.9480791
12,18,1,LT05_012031_20040930,0.06207499999999999,0.07719999999999999,0.0809125,0.0960375,301.57015874
13,18,2,LT05_012031_20040930,0.07807999999999998,0.10404000000000002,0.1106125,0.13082500000000002,300.41828599999997
14,18,3,LT05_012031_20040930,0.08074749999999997,0.09867749999999997,0.1106125,0.11592000000000002,299.88507488
15,19,1,LT05_012031_20040930,0.08611000000000002,0.1254075,0.11908249999999998,0.18516500000000002,299.98077944
16,19,2,LT05_012031_20040930,0.15167000000000003,0.1939925,0.2279,0.2636775,299.98077944
17,19,3,LT05_012031_20040930,0.11776249999999999,0.1571975,0.16957250000000001,0.17037000000000002,299.35186376
18,20,2,LT05_012031_20040930,0.12826749999999998,0.14133,0.16957250000000001,0.18021500000000001,297.82742684
19,20,3,LT05_012031_20040930,0.09408499999999997,0.14133,0.13596750000000002,0.1505975,298.27518746
20,20,4,LT05_012031_20040930,0.07021499999999997,0.08264500000000002,0.10643249999999999,0.10599249999999999,298.81523461999996
21,21,2,LT05_012031_20040930,0.06493500000000002,0.0719475,0.07676,0.08611000000000002,295.46557501999996
22,21,3,LT05_012031_20040930,0.062267499999999976,0.08803499999999997,0.07676,0.09606500000000001,296.33033408
23,21,4,LT05_012031_20040930,0.04890249999999999,0.05575000000000002,0.06397249999999999,0.06619999999999998,297.95389358
25,22,3,LT05_012031_20040930,0.096835,0.12009999999999998,0.1233725,0.1505975,296.87379926
26,22,4,LT05_012031_20040930,0.067685,0.061195,0.072525,0.08118750000000002,297.95389358
27,22,5,LT05_012031_20040930,0.05165249999999999,0.066585,0.064,0.08613749999999998,299.02715186
28,23,3,LT05_012031_20040930,0.06507249999999998,0.07202999999999998,0.07257999999999998,0.09114250000000002,297.41384642
29,23,4,LT05_012031_20040930,0.08366249999999997,0.0988425,0.10648750000000001,0.11594749999999998,298.49052272
30,23,5,LT05_012031_20040930,0.09422249999999999,0.1201275,0.1317875,0.16047,299.56036298000004
32,24,4,LT05_012031_20040930,0.05976500000000001,0.06663999999999998,0.07257999999999998,0.08616499999999999,299.56036298000004
33,24,5,LT05_012031_20040930,0.07838250000000002,0.0988425,0.09801749999999998,0.11594749999999998,300.61653116
34,24,6,LT05_012031_20040930,0.0810225,0.09348000000000001,0.08531250000000001,0.09609250000000003,300.61653116
35,25,5,LT05_012031_20040930,0.04106499999999999,0.045107499999999995,0.047032500000000005,0.0562725,301.51888843999996
36,25,6,LT05_012031_20040930,0.06776749999999998,0.08278249999999998,0.07684249999999998,0.07621,301.51888843999996
37,25,7,LT05_012031_20040930,0.08368999999999999,0.10951250000000001,0.10648750000000001,0.11099750000000003,300.99251336
38,26,6,LT05_012031_20040930,0.05445749999999999,0.06666749999999999,0.0598475,0.06124999999999997,301.51888843999996
39,26,7,LT05_012031_20040930,0.08107750000000002,0.08814499999999997,0.08957500000000002,0.09114250000000002,300.99251336
40,27,7,LT05_012031_20040930,0.04378750000000001,0.05591499999999999,0.05132249999999999,0.05129499999999998,298.8630869
41,27,8,LT05_012031_20040930,0.062487499999999974,0.066695,0.0598475,0.061277499999999985,299.85773072
42,28,8,LT05_012031_20040930,0.0357575,0.03971749999999999,0.04279749999999999,0.0413125,298.95537344
1,13,0,LT05_012031_20041016,0.028579999999999994,0.0323475,0.03465750000000001,0.03465750000000001,294.09836701999996
2,14,0,LT05_012031_20041016,0.036995,0.03237499999999999,0.034684999999999994,0.034684999999999994,294.96654409999996
3,14,1,LT05_012031_20041016,0.04538249999999999,0.043045,0.047774999999999984,0.061167499999999986,295.52709938
4,15,0,LT05_012031_20041016,0.04538249999999999,0.043045,0.047774999999999984,0.050580000000000014,296.08423664
5,15,1,LT05_012031_20041016,0.05374249999999997,0.04835249999999999,0.05646499999999999,0.07178249999999997,296.08423664
6,16,0,LT05_012031_20041016,0.06488,0.06961,0.073845,0.08762249999999999,296.08423664
7,16,1,LT05_012031_20041016,0.062102500000000005,0.05899500000000002,0.0695,0.07178249999999997,296.08423664
8,16,2,LT05_012031_20041016,0.056520000000000015,0.05899500000000002,0.05646499999999999,0.07706249999999998,295.99536811999997
10,17,1,LT05_012031_20041016,0.05096499999999998,0.0536875,0.05646499999999999,0.066475,296.08423664
11,17,2,LT05_012031_20041016,0.056520000000000015,0.05899500000000002,0.06515500000000002,0.07706249999999998,296.54908736
12,18,1,LT05_012031_20041016,0.0592975,0.06961,0.073845,0.0929025,296.08423664
13,18,2,LT05_012031_20041016,0.07871250000000002,0.09075749999999999,0.09988750000000002,0.11932999999999999,295.99536811999997
14,18,3,LT05_012031_20041016,0.06488,0.06430249999999998,0.0782175,0.08762249999999999,295.9919501
15,19,1,LT05_012031_20041016,0.07040750000000001,0.08547749999999998,0.091225,0.14564749999999999,295.52709938
16,19,2,LT05_012031_20041016,0.11171249999999999,0.1380575,0.14303500000000002,0.1929475,296.08423664
17,19,3,LT05_012031_20041016,0.10621249999999999,0.12235499999999999,0.14303500000000002,0.14564749999999999,295.9919501
18,20,2,LT05_012031_20041016,0.08973999999999999,0.0960375,0.10420499999999999,0.13511499999999999,294.96654409999996
19,20,3,LT05_012031_20041016,0.08423999999999998,0.10128999999999999,0.10852250000000002,0.12461,294.87767557999996
20,20,4,LT05_012031_20041016,0.062102500000000005,0.06961,0.08690750000000003,0.08762249999999999,294.87767557999996
21,21,2,LT05_012031_20041016,0.0592975,0.06961,0.060809999999999975,0.061167499999999986,293.1037232
22,21,3,LT05_012031_20041016,0.06765749999999998,0.06430249999999998,0.073845,0.09821000000000002,292.87471586000004
23,21,4,LT05_012031_20041016,0.036995,0.037709999999999994,0.039057499999999995,0.034684999999999994,293.44210718
25,22,3,LT05_012031_20041016,0.08423999999999998,0.08547749999999998,0.09556999999999999,0.11404999999999998,291.7365152
26,22,4,LT05_012031_20041016,0.04538249999999999,0.06430249999999998,0.06515500000000002,0.07178249999999997,292.30732453999997
27,22,5,LT05_012031_20041016,0.04538249999999999,0.037709999999999994,0.047774999999999984,0.05588749999999998,293.44210718
28,23,3,LT05_012031_20041016,0.05371500000000001,0.0536875,0.05646499999999999,0.07178249999999997,290.58464246
29,23,4,LT05_012031_20041016,0.07040750000000001,0.08019749999999998,0.09556999999999999,0.11404999999999998,291.7365152
30,23,5,LT05_012031_20041016,0.09523999999999999,0.10128999999999999,0.11718499999999998,0.1509275,292.87471586000004
32,24,4,LT05_012031_20041016,0.08423999999999998,0.09075749999999999,0.10420499999999999,0.12989,292.30732453999997
33,24,5,LT05_012031_20041016,0.09799000000000002,0.0960375,0.10852250000000002,0.140395,293.44210718
34,24,6,LT05_012031_20041016,0.07871250000000002,0.08547749999999998,0.08256249999999998,0.0929025,294.56321774
35,25,5,LT05_012031_20041016,0.06488,0.05899500000000002,0.0695,0.08237,294.35813654000003
36,25,6,LT05_012031_20041016,0.062102500000000005,0.06961,0.060809999999999975,0.07178249999999997,295.4792471
37,25,7,LT05_012031_20041016,0.07871250000000002,0.07489000000000001,0.08256249999999998,0.08762249999999999,295.4792471
38,26,6,LT05_012031_20041016,0.050937500000000024,0.05899500000000002,0.05646499999999999,0.066475,295.4792471
39,26,7,LT05_012031_20041016,0.073185,0.06958249999999999,0.073845,0.08762249999999999,295.4792471
40,27,7,LT05_012031_20041016,0.050937500000000024,0.04835249999999999,0.05212,0.061167499999999986,295.4792471
41,27,8,LT05_012031_20041016,0.0592975,0.06430249999999998,0.0695,0.07178249999999997,295.40746867999997
42,28,8,LT05_012031_20041016,0.045355000000000006,0.043017499999999986,0.0477475,0.05586000000000002,295.0519946
1,13,0,LT05_012031_20041101,0.029734999999999984,0.023299999999999987,0.025087499999999985,0.0324025,290.78972366
2,14,0,LT05_012031_20041101,0.038947499999999996,0.029514999999999986,0.030037499999999995,0.03814999999999999,291.09050942
3,14,1,LT05_012031_20041101,0.03589500000000001,0.04810500000000001,0.03991,0.03814999999999999,290.1129557
4,15,0,LT05_012031_20041101,0.038947499999999996,0.029514999999999986,0.025087499999999985,0.0266275,292.22871008
5,15,1,LT05_012031_20041101,0.045107499999999995,0.05431999999999998,0.0448325,0.043897500000000006,292.22871008
6,16,0,LT05_012031_20041101,0.06952750000000002,0.06663999999999998,0.06944499999999998,0.0784375,292.7961014
7,16,1,LT05_012031_20041101,0.066475,0.07279999999999998,0.07436749999999998,0.0784375,293.35665668
8,16,2,LT05_012031_20041101,0.06036999999999998,0.06663999999999998,0.06944499999999998,0.07268999999999998,293.26778816
10,17,1,LT05_012031_20041101,0.05734499999999998,0.06047999999999998,0.06452249999999998,0.066915,293.91721196000003
11,17,2,LT05_012031_20041101,0.05734499999999998,0.06047999999999998,0.059599999999999986,0.066915,293.82834344
12,18,1,LT05_012031_20041101,0.06342249999999999,0.06047999999999998,0.05467749999999999,0.05544749999999998,293.35665668
13,18,2,LT05_012031_20041101,0.07560499999999998,0.09127999999999997,0.0891075,0.09567999999999999,293.26778816
14,18,3,LT05_012031_20041101,0.06036999999999998,0.08511999999999997,0.09400249999999999,0.08421250000000002,292.70381485999997
15,19,1,LT05_012031_20041101,0.08470749999999999,0.09744000000000003,0.09400249999999999,0.13013750000000002,291.66131876
16,19,2,LT05_012031_20041101,0.12389499999999998,0.140285,0.15268749999999998,0.17028749999999998,291.66131876
17,19,3,LT05_012031_20041101,0.09072999999999998,0.1341525,0.13318999999999998,0.11864249999999998,291.57245023999997
18,20,2,LT05_012031_20041101,0.09072999999999998,0.09127999999999997,0.10382000000000002,0.12439,290.51628206
19,20,3,LT05_012031_20041101,0.08470749999999999,0.109705,0.108715,0.11292249999999998,290.42741354
20,20,4,LT05_012031_20041101,0.06952750000000002,0.07279999999999998,0.08418500000000001,0.08993250000000003,291.0016409
21,21,2,LT05_012031_20041101,0.051212499999999994,0.05431999999999998,0.049754999999999994,0.043897500000000006,288.61244492000003
22,21,3,LT05_012031_20041101,0.06036999999999998,0.06047999999999998,0.059599999999999986,0.0784375,288.97133701999996
23,21,4,LT05_012031_20041101,0.03589500000000001,0.035729999999999984,0.03991,0.043897500000000006,290.12320976
25,22,3,LT05_012031_20041101,0.07255250000000002,0.07279999999999998,0.07436749999999998,0.08993250000000003,288.97133701999996
26,22,4,LT05_012031_20041101,0.05426500000000001,0.05431999999999998,0.059599999999999986,0.066915,290.12320976
27,22,5,LT05_012031_20041101,0.042027499999999995,0.05431999999999998,0.049754999999999994,0.04967250000000001,291.26482844
28,23,3,LT05_012031_20041101,0.051212499999999994,0.04810500000000001,0.0448325,0.043897500000000006,289.5489824
29,23,4,LT05_012031_20041101,0.07560499999999998,0.07898749999999999,0.08418500000000001,0.09567999999999999,290.69743712
30,23,5,LT05_012031_20041101,0.08773249999999999,0.109705,0.12340000000000001,0.13588499999999998,291.83221976
32,24,4,LT05_012031_20041101,0.05734499999999998,0.06047999999999998,0.059599999999999986,0.07268999999999998,291.26482844
33,24,5,LT05_012031_20041101,0.066475,0.07279999999999998,0.07926250000000001,0.08993250000000003,291.83221976
34,24,6,LT05_012031_20041101,0.06952750000000002,0.08514749999999999,0.07926250000000001,0.0784375,292.95674834
35,25,5,LT05_012031_20041101,0.05426500000000001,0.05431999999999998,0.05467749999999999,0.05544749999999998,292.18427582000004
36,25,6,LT05_012031_20041101,0.066475,0.06663999999999998,0.06944499999999998,0.061195,292.74824911999997
37,25,7,LT05_012031_20041101,0.07865749999999999,0.08514749999999999,0.08418500000000001,0.08421250000000002,292.74824911999997
38,26,6,LT05_012031_20041101,0.04816000000000001,0.05431999999999998,0.05467749999999999,0.05544749999999998,292.18427582000004
39,26,7,LT05_012031_20041101,0.06036999999999998,0.06663999999999998,0.059599999999999986,0.061195,292.74824911999997
40,27,7,LT05_012031_20041101,0.04816000000000001,0.04810500000000001,0.03991,0.043897500000000006,291.61688449999997
41,27,8,LT05_012031_20041101,0.06342249999999999,0.06047999999999998,0.059599999999999986,0.061195,291.5485241
42,28,8,LT05_012031_20041101,0.04816000000000001,0.05431999999999998,0.03991,0.061195,291.19646804
1,13,0,LT05_012031_20041117,0.04585,0.024785,0.029459999999999986,0.03146750000000001,283.04790836
2,14,0,LT05_012031_20041117,0.04983750000000001,0.0321825,0.035454999999999987,0.0386175,283.6187177
3,14,1,LT05_012031_20041117,0.05374249999999997,0.04694999999999999,0.0473625,0.05294500000000002,284.18952704000003
4,15,0,LT05_012031_20041117,0.04983750000000001,0.039580000000000004,0.0414225,0.0386175,284.75350033999996
5,15,1,LT05_012031_20041117,0.04983750000000001,0.05431999999999998,0.0473625,0.060067499999999996,286.26768319999996
16,19,2,LT05_012031_20041203,0.1258475,0.1485625,0.1418525,0.15563,277.98582074
23,21,4,LT05_012031_20050120,0.144465,0.11548000000000003,0.11468250000000002,0.10326999999999997,267.84797342
26,22,4,LT05_012031_20050120,0.1290925,0.10093249999999998,0.108715,0.10326999999999997,267.84797342
27,22,5,LT05_012031_20050120,0.1136375,0.09364499999999998,0.09086749999999999,0.0751925,267.84797342
1,13,0,LT05_012031_20050205,0.12848749999999998,0.10610249999999999,0.1113825,0.10931999999999997,277.01168504
2,14,0,LT05_012031_20050205,0.12513249999999998,0.09207749999999998,0.1113825,0.10313250000000002,277.01168504
16,19,2,LT05_012031_20050205,0.16209250000000003,0.1687475,0.188025,0.15884749999999997,279.04198892
18,20,2,LT05_012031_20050205,0.09460750000000001,0.10610249999999999,0.08940999999999999,0.084515,279.04198892
19,20,3,LT05_012031_20050205,0.10139999999999999,0.10610249999999999,0.1113825,0.10313250000000002,279.52051172
20,20,4,LT05_012031_20050205,0.10139999999999999,0.10610249999999999,0.10041,0.09691749999999999,278.12595955999996
21,21,2,LT05_012031_20050205,0.07412000000000002,0.07805250000000002,0.056327499999999975,0.05352249999999997,278.31736867999996
22,21,3,LT05_012031_20050205,0.09116999999999997,0.07805250000000002,0.08940999999999999,0.07211250000000002,278.66600672
23,21,4,LT05_012031_20050205,0.0775575,0.0569325,0.06182749999999998,0.05352249999999997,277.56882229999997
25,22,3,LT05_012031_20050205,0.09801749999999998,0.085065,0.08390999999999998,0.084515,278.10203342
26,22,4,LT05_012031_20050205,0.08778750000000002,0.085065,0.08390999999999998,0.09072999999999998,278.66600672
27,22,5,LT05_012031_20050205,0.07412000000000002,0.085065,0.07838250000000002,0.09072999999999998,278.66600672
28,23,3,LT05_012031_20050205,0.08096750000000003,0.064,0.056327499999999975,0.05352249999999997,277.01168504
1,13,0,LT05_012031_20050309,0.09477249999999998,0.07282749999999999,0.0715075,0.0693625,267.87531758
2,14,0,LT05_012031_20050309,0.11660749999999998,0.10326999999999997,0.0957075,0.08726499999999998,268.46321702
18,20,2,LT05_012031_20050309,0.18370750000000002,0.18381750000000002,0.2117575,0.234665,268.6819703
23,21,4,LT05_012031_20050309,0.10450749999999998,0.10326999999999997,0.09972249999999999,0.09622999999999998,268.46321702
1,13,0,LT05_012031_20050410,0.054925,0.06380750000000002,0.0712875,0.073735,296.46021884000004
2,14,0,LT05_012031_20050410,0.06727250000000001,0.07219500000000001,0.08465250000000002,0.07758500000000002,297.78299258
3,14,1,LT05_012031_20050410,0.0713975,0.08476250000000002,0.08800750000000002,0.08907999999999999,297.78299258
4,15,0,LT05_012031_20050410,0.085725,0.09309499999999998,0.1046725,0.10054750000000001,298.27860548
5,15,1,LT05_012031_20050410,0.06325750000000002,0.07643,0.07802500000000001,0.08907999999999999,298.27860548
6,16,0,LT05_012031_20050410,0.08781499999999998,0.1055525,0.11132750000000002,0.11583749999999998,298.27860548
7,16,1,LT05_012031_20050410,0.07557750000000002,0.08894249999999998,0.09471750000000001,0.11201499999999998,298.27860548
8,16,2,LT05_012031_20050410,0.07354250000000001,0.08897,0.08470749999999999,0.09675250000000002,297.68728802
10,17,1,LT05_012031_20050410,0.07563249999999999,0.08066499999999999,0.08138000000000001,0.085285,297.28396166
11,17,2,LT05_012031_20050410,0.06339499999999998,0.06818000000000002,0.0680425,0.07763999999999999,297.1882571
12,18,1,LT05_012031_20050410,0.06955499999999998,0.0806925,0.08809,0.0891075,296.27906378
13,18,2,LT05_012031_20050410,0.09196749999999998,0.10976000000000002,0.11135499999999998,0.12345499999999998,296.68580815999997
14,18,3,LT05_012031_20050410,0.08792499999999998,0.09732999999999997,0.10472749999999997,0.11201499999999998,296.68580815999997
15,19,1,LT05_012031_20050410,0.091995,0.11391250000000003,0.1113825,0.12724999999999997,295.26732986
16,19,2,LT05_012031_20050410,0.1222725,0.15917750000000003,0.16099249999999998,0.18425750000000002,295.77319682
17,19,3,LT05_012031_20050410,0.12425249999999999,0.1427875,0.1642925,0.17666749999999998,296.18335922
18,20,2,LT05_012031_20050410,0.08798,0.10563499999999998,0.10472749999999997,0.12724999999999997,294.75804488
19,20,3,LT05_012031_20050410,0.11825750000000002,0.126315,0.1477925,0.14628000000000002,295.68091028000003
20,20,4,LT05_012031_20050410,0.0839375,0.10566249999999999,0.10805500000000001,0.12345499999999998,296.18335922
21,21,2,LT05_012031_20050410,0.07376250000000001,0.07662249999999998,0.08149,0.08913500000000002,294.07102285999997
22,21,3,LT05_012031_20050410,0.10417749999999998,0.1139675,0.12130999999999997,0.11963249999999997,294.85033142
23,21,4,LT05_012031_20050410,0.0656775,0.08498250000000002,0.08149,0.09677999999999998,295.85864732
25,22,3,LT05_012031_20050410,0.10222500000000001,0.1304125,0.12133749999999999,0.12724999999999997,294.34104644
26,22,4,LT05_012031_20050410,0.09210499999999999,0.10984250000000001,0.11803750000000002,0.13486749999999997,295.85864732
27,22,5,LT05_012031_20050410,0.08401999999999998,0.09744000000000003,0.11141000000000001,0.12345499999999998,296.36109625999995
28,23,3,LT05_012031_20050410,0.07387250000000001,0.09328750000000002,0.084845,0.09295750000000003,293.32247648
29,23,4,LT05_012031_20050410,0.08811750000000002,0.10571750000000002,0.11470999999999998,0.13104500000000002,294.85033142
30,23,5,LT05_012031_20050410,0.10024499999999997,0.12634250000000002,0.134565,0.1538425,296.36109625999995
32,24,4,LT05_012031_20050410,0.06988499999999997,0.0809125,0.08154499999999998,0.09298499999999998,295.35619838
33,24,5,LT05_012031_20050410,0.07596249999999999,0.0933425,0.10148249999999998,0.10821999999999998,296.86012718
34,24,6,LT05_012031_20050410,0.10629499999999997,0.10987000000000002,0.12133749999999999,0.12345499999999998,297.85135298
35,25,5,LT05_012031_20050410,0.06383499999999998,0.07260749999999999,0.0716175,0.08154499999999998,298.22733517999995
36,25,6,LT05_012031_20050410,0.0658975,0.08094000000000001,0.07827250000000002,0.085395,299.21514296
37,25,7,LT05_012031_20050410,0.1003,0.11402250000000003,0.11803750000000002,0.11963249999999997,299.70733784000004
38,26,6,LT05_012031_20050410,0.06592500000000001,0.06853749999999997,0.07494499999999998,0.08157249999999999,300.1961147
39,26,7,LT05_012031_20050410,0.09023500000000001,0.09752250000000001,0.0981825,0.09680749999999999,300.1961147
40,27,7,LT05_012031_20050410,0.0720575,0.07684249999999998,0.0749725,0.08157249999999999,300.68147353999996
41,27,8,LT05_012031_20050410,0.09229749999999998,0.09755000000000003,0.09821000000000002,0.10063,300.12091826
42,28,8,LT05_012031_20050410,0.07007750000000001,0.0810225,0.08165499999999998,0.08542250000000001,299.25274118
1,13,0,LT05_012031_20050426,0.06383499999999998,0.061470000000000025,0.07109500000000002,0.06988499999999997,303.77478164
2,14,0,LT05_012031_20050426,0.061992500000000006,0.05784,0.06504500000000002,0.0625425,305.11122746
3,14,1,LT05_012031_20050426,0.0657875,0.07246999999999998,0.0801425,0.09551500000000002,305.11122746
4,15,0,LT05_012031_20050426,0.08272750000000001,0.09070250000000002,0.10123500000000002,0.10651500000000003,306.1092893
5,15,1,LT05_012031_20050426,0.06389,0.07612750000000001,0.0861925,0.09185749999999998,305.61025838
6,16,0,LT05_012031_20050426,0.084625,0.09433249999999999,0.1072575,0.12474750000000001,306.60490219999997
7,16,1,LT05_012031_20050426,0.07524750000000002,0.0870725,0.09823749999999998,0.11382999999999999,306.1092893
8,16,2,LT05_012031_20050426,0.06961,0.0870725,0.0861925,0.10651500000000003,305.51113580000003
10,17,1,LT05_012031_20050426,0.06586999999999998,0.06886750000000003,0.08319500000000002,0.0882,306.60490219999997
11,17,2,LT05_012031_20050426,0.06020500000000001,0.06886750000000003,0.06812499999999999,0.06991249999999999,306.01016672000003
12,18,1,LT05_012031_20050426,0.07714500000000002,0.08710000000000001,0.09221499999999999,0.10651500000000003,305.61025838
13,18,2,LT05_012031_20050426,0.08281,0.09436,0.1072575,0.11746000000000001,305.51113580000003
14,18,3,LT05_012031_20050426,0.0753025,0.08346999999999999,0.09826499999999999,0.09920000000000001,305.01210488000004
15,19,1,LT05_012031_20050426,0.08281,0.10525000000000001,0.10426000000000002,0.14298,304.1097476
16,19,2,LT05_012031_20050426,0.12936750000000002,0.15213749999999998,0.16704249999999998,0.2011425,303.60388064
17,19,3,LT05_012031_20050426,0.1201275,0.13775500000000002,0.158105,0.168445,304.01062502
18,20,2,LT05_012031_20050426,0.11270249999999998,0.11614000000000002,0.1432,0.168445,302.07944372
19,20,3,LT05_012031_20050426,0.10711999999999999,0.13418000000000002,0.13720500000000002,0.14663749999999998,302.99889110000004
20,20,4,LT05_012031_20050426,0.0772275,0.0834975,0.10126249999999998,0.11746000000000001,304.01062502
21,21,2,LT05_012031_20050426,0.06595250000000002,0.061634999999999995,0.07719999999999999,0.0809125,300.86946464
22,21,3,LT05_012031_20050426,0.08099499999999998,0.1016475,0.10126249999999998,0.10651500000000003,302.15805818
23,21,4,LT05_012031_20050426,0.07158999999999999,0.07986749999999998,0.08624749999999998,0.10285749999999999,303.67224104
25,22,3,LT05_012031_20050426,0.1108325,0.1305775,0.134235,0.157555,302.15805818
26,22,4,LT05_012031_20050426,0.0922425,0.09441500000000003,0.1102825,0.12474750000000001,304.17127196
27,22,5,LT05_012031_20050426,0.0810225,0.08355249999999997,0.09529500000000002,0.10285749999999999,305.1693338
28,23,3,LT05_012031_20050426,0.06411,0.079895,0.0832775,0.08459749999999999,302.15805818
29,23,4,LT05_012031_20050426,0.0922425,0.10167500000000002,0.11627749999999998,0.13932250000000002,304.17468998
30,23,5,LT05_012031_20050426,0.10901749999999999,0.1233725,0.134235,0.15389750000000002,306.15714158000003
32,24,4,LT05_012031_20050426,0.062267499999999976,0.07629249999999999,0.07725500000000002,0.08825499999999997,304.67372090000003
33,24,5,LT05_012031_20050426,0.08666000000000001,0.10170249999999997,0.10731249999999998,0.12474750000000001,306.64933646
34,24,6,LT05_012031_20050426,0.09972249999999999,0.09810000000000002,0.11627749999999998,0.11746000000000001,307.6303082
35,25,5,LT05_012031_20050426,0.05665749999999997,0.06171749999999998,0.05921500000000002,0.0626525,307.04582677999997
36,25,6,LT05_012031_20050426,0.0773375,0.07266250000000002,0.08028000000000002,0.08459749999999999,308.02679852
37,25,7,LT05_012031_20050426,0.1053325,0.11616749999999998,0.12824000000000002,0.12837749999999998,308.02679852
38,26,6,LT05_012031_20050426,0.06608999999999998,0.061744999999999994,0.06823499999999999,0.07728249999999998,308.02679852
39,26,7,LT05_012031_20050426,0.09232499999999999,0.09810000000000002,0.10731249999999998,0.09922750000000002,308.02679852
40,27,7,LT05_012031_20050426,0.0661175,0.06542999999999999,0.07728249999999998,0.08096750000000003,308.02679852
41,27,8,LT05_012031_20050426,0.0811325,0.09086749999999999,0.08633000000000002,0.09556999999999999,307.4594072
42,28,8,LT05_012031_20050426,0.06050749999999999,0.06908750000000002,0.0682625,0.07002249999999999,307.55169374
1,13,0,LT05_012031_20050512,0.07293749999999999,0.07895999999999997,0.08569749999999998,0.10954000000000003,297.91287734
2,14,0,LT05_012031_20050512,0.08234249999999999,0.09050999999999998,0.10104249999999998,0.11671749999999997,299.75860814
3,14,1,LT05_012031_20050512,0.08234249999999999,0.0981825,0.104095,0.11314249999999998,300.26105708
4,15,0,LT05_012031_20050512,0.08611000000000002,0.0981825,0.11022749999999998,0.12389499999999998,300.760088
5,15,1,LT05_012031_20050512,0.08421250000000002,0.10588249999999999,0.104095,0.12749749999999999,301.25911892
6,16,0,LT05_012031_20050512,0.10285749999999999,0.1287625,0.140835,0.163275,300.26105708
7,16,1,LT05_012031_20050512,0.09169250000000001,0.109705,0.1224925,0.14897500000000002,300.760088
8,16,2,LT05_012031_20050512,0.07862999999999998,0.09821000000000002,0.09799000000000002,0.11671749999999997,300.16193450000003
10,17,1,LT05_012031_20050512,0.0748625,0.09053749999999999,0.09799000000000002,0.11671749999999997,299.25274118
11,17,2,LT05_012031_20050512,0.07114999999999999,0.08671499999999999,0.08261750000000001,0.09878749999999997,298.65116966
12,18,1,LT05_012031_20050512,0.09732999999999997,0.1173225,0.1224925,0.13822250000000003,297.21218324
13,18,2,LT05_012031_20050512,0.1084675,0.1287625,0.1316775,0.156125,297.1198967
14,18,3,LT05_012031_20050512,0.0898775,0.10203250000000003,0.1041225,0.12031999999999998,297.1198967
15,19,1,LT05_012031_20050512,0.1084675,0.14773750000000002,0.15299000000000001,0.17039749999999998,295.66040216
16,19,2,LT05_012031_20050512,0.13981749999999998,0.1817275,0.18640250000000003,0.21316000000000002,296.17994120000003
17,19,3,LT05_012031_20050512,0.12323499999999998,0.14394250000000003,0.15604250000000003,0.19534,296.60377568
18,20,2,LT05_012031_20050512,0.12142000000000003,0.15156000000000003,0.14386,0.17039749999999998,295.66040216
19,20,3,LT05_012031_20050512,0.12513249999999998,0.140175,0.16212,0.181095,296.08765466
20,20,4,LT05_012031_20050512,0.08803499999999997,0.1135275,0.11638749999999998,0.13822250000000003,296.60377568
21,21,2,LT05_012031_20050512,0.09920000000000001,0.121145,0.11333500000000002,0.13822250000000003,294.96312608
22,21,3,LT05_012031_20050512,0.10662500000000003,0.132585,0.140835,0.14537250000000002,295.76294276
23,21,4,LT05_012031_20050512,0.08242500000000003,0.09441500000000003,0.1041225,0.12031999999999998,296.27906378
25,22,3,LT05_012031_20050512,0.11589250000000001,0.15156000000000003,0.15299000000000001,0.16679500000000003,295.76294276
26,22,4,LT05_012031_20050512,0.10849500000000001,0.121145,0.1347025,0.17039749999999998,296.27906378
27,22,5,LT05_012031_20050512,0.10291250000000002,0.121145,0.1316775,0.1560975,297.30446978
28,23,3,LT05_012031_20050512,0.10107,0.12496750000000001,0.12252000000000002,0.14179750000000002,295.76294276
29,23,4,LT05_012031_20050512,0.11402250000000003,0.13638,0.14386,0.17039749999999998,296.79176678
30,23,5,LT05_012031_20050512,0.11404999999999998,0.132585,0.140835,0.17039749999999998,297.30446978
32,24,4,LT05_012031_20050512,0.08993250000000003,0.10593750000000002,0.10722999999999999,0.13104500000000002,297.30105176
33,24,5,LT05_012031_20050512,0.11036499999999999,0.12879000000000002,0.128625,0.1489475,298.31962172
34,24,6,LT05_012031_20050512,0.12144749999999999,0.132585,0.13778249999999997,0.14537250000000002,298.82548868000003
35,25,5,LT05_012031_20050512,0.07500000000000001,0.09061999999999998,0.09191250000000001,0.10599249999999999,299.70391982
36,25,6,LT05_012031_20050512,0.08434999999999998,0.09826499999999999,0.09496500000000002,0.10954000000000003,299.70391982
37,25,7,LT05_012031_20050512,0.11960500000000002,0.140175,0.14386,0.1632475,299.70391982
38,26,6,LT05_012031_20050512,0.08250750000000001,0.09061999999999998,0.09496500000000002,0.10599249999999999,300.20636876000003
39,26,7,LT05_012031_20050512,0.10296749999999999,0.12879000000000002,0.11943999999999999,0.13104500000000002,300.20636876000003
40,27,7,LT05_012031_20050512,0.0899875,0.0982925,0.10112500000000002,0.10956749999999998,300.20636876000003
41,27,8,LT05_012031_20050512,0.10112500000000002,0.132585,0.12252000000000002,0.1489475,300.13117232
42,28,8,LT05_012031_20050512,0.07505499999999998,0.10211500000000001,0.09191250000000001,0.11316999999999999,299.75519012
1,13,0,LT05_012031_20050528,0.05811499999999997,0.07794250000000003,0.07851999999999998,0.08907999999999999,310.05710239999996
2,14,0,LT05_012031_20050528,0.05992999999999998,0.07090249999999998,0.07271749999999999,0.08553250000000001,311.42431039999997
3,14,1,LT05_012031_20050528,0.07266250000000002,0.07090249999999998,0.0930125,0.09966750000000002,311.93701339999996
4,15,0,LT05_012031_20050528,0.07445000000000002,0.08847500000000003,0.09012500000000001,0.10673500000000002,311.93701339999996
5,15,1,LT05_012031_20050528,0.072635,0.07791500000000001,0.0930125,0.09966750000000002,312.44288036
6,16,0,LT05_012031_20050528,0.09075749999999999,0.10951250000000001,0.1305775,0.1525225,311.42431039999997
7,16,1,LT05_012031_20050528,0.0744225,0.08492749999999999,0.10750500000000002,0.14199,311.42431039999997
8,16,2,LT05_012031_20050528,0.06897750000000002,0.0778875,0.09298499999999998,0.10673500000000002,311.32176979999997
10,17,1,LT05_012031_20050528,0.06529249999999998,0.0778875,0.09298499999999998,0.12436249999999999,310.3989044
11,17,2,LT05_012031_20050528,0.06347750000000002,0.06025999999999998,0.07846500000000001,0.085505,310.2963638
12,18,1,LT05_012031_20050528,0.07986749999999998,0.09543249999999998,0.11036499999999999,0.1278825,309.36324434
13,18,2,LT05_012031_20050528,0.09977750000000002,0.11647000000000002,0.13923999999999997,0.14900249999999998,309.26412175999997
14,18,3,LT05_012031_20050528,0.07805250000000002,0.09194000000000002,0.09295750000000003,0.10670750000000001,309.26412175999997
15,19,1,LT05_012031_20050528,0.09072999999999998,0.0989525,0.11905500000000002,0.14548250000000001,308.32074824
16,19,2,LT05_012031_20050528,0.13208999999999999,0.15475,0.1851375,0.20163750000000003,308.8437053
17,19,3,LT05_012031_20050528,0.12848749999999998,0.158215,0.17083749999999998,0.20512999999999998,308.74458272
18,20,2,LT05_012031_20050528,0.11594749999999998,0.13737,0.13923999999999997,0.15604250000000003,307.79437315999996
19,20,3,LT05_012031_20050528,0.12669999999999998,0.13737,0.15937,0.19814500000000002,308.22162566
20,20,4,LT05_012031_20050528,0.085285,0.1024175,0.1074775,0.120815,308.74458272
21,21,2,LT05_012031_20050528,0.07434000000000002,0.08839249999999998,0.08423999999999998,0.09611999999999998,307.08342500000003
22,21,3,LT05_012031_20050528,0.10335250000000001,0.10596499999999998,0.12483,0.14900249999999998,307.3568666
23,21,4,LT05_012031_20050528,0.0743125,0.0813525,0.09006999999999998,0.11022749999999998,308.3993627
25,22,3,LT05_012031_20050528,0.13742500000000002,0.13734249999999998,0.16222999999999999,0.177135,307.3568666
26,22,4,LT05_012031_20050528,0.08704499999999998,0.10593750000000002,0.11614000000000002,0.14900249999999998,308.3993627
27,22,5,LT05_012031_20050528,0.07975749999999998,0.091885,0.10744999999999999,0.1278825,309.43502276000004
28,23,3,LT05_012031_20050528,0.0833875,0.084845,0.1016475,0.11377500000000002,307.87982366
29,23,4,LT05_012031_20050528,0.09788000000000002,0.10943000000000003,0.11902750000000001,0.14551000000000003,308.91890174
30,23,5,LT05_012031_20050528,0.10692750000000001,0.11641499999999999,0.13923999999999997,0.1666025,310.46384678
32,24,4,LT05_012031_20050528,0.07612750000000001,0.07425749999999998,0.08421250000000002,0.10315999999999997,310.46384678
33,24,5,LT05_012031_20050528,0.09966750000000002,0.10238999999999998,0.11611250000000001,0.13844250000000002,311.48241673999996
34,24,6,LT05_012031_20050528,0.10329749999999999,0.10943000000000003,0.11902750000000001,0.14551000000000003,312.49415066
35,25,5,LT05_012031_20050528,0.05781249999999999,0.06009500000000001,0.06380750000000002,0.06774000000000002,313.40334398
36,25,6,LT05_012031_20050528,0.07241500000000001,0.08127000000000001,0.08129750000000002,0.09961249999999999,313.90579291999995
37,25,7,LT05_012031_20050528,0.11768,0.12340000000000001,0.133465,0.14551000000000003,313.90579291999995
38,26,6,LT05_012031_20050528,0.06144250000000001,0.0742025,0.06672250000000002,0.08545000000000003,314.40482384
39,26,7,LT05_012031_20050528,0.10145500000000002,0.10940250000000001,0.11611250000000001,0.13140249999999998,314.90727277999997
40,27,7,LT05_012031_20050528,0.06504500000000002,0.07065500000000002,0.07835500000000001,0.09606500000000001,314.90727277999997
41,27,8,LT05_012031_20050528,0.09961249999999999,0.10233500000000001,0.1131975,0.11020000000000002,314.32620938
42,28,8,LT05_012031_20050528,0.0687025,0.07417499999999999,0.0841575,0.08897,313.42043408
1,13,0,LT05_012031_20050715,0.08806249999999999,0.09826499999999999,0.09595500000000001,0.12199749999999998,316.9444127
2,14,0,LT05_012031_20050715,0.08811750000000002,0.0982925,0.09958499999999998,0.11355500000000002,318.13730168
3,14,1,LT05_012031_20050715,0.09730250000000001,0.102885,0.10315999999999997,0.11776249999999999,318.13730168
4,15,0,LT05_012031_20050715,0.09732999999999997,0.11204249999999999,0.1139675,0.126205,318.13388366000004
5,15,1,LT05_012031_20050715,0.09732999999999997,0.1074775,0.10318749999999999,0.12199749999999998,318.13388366000004
6,16,0,LT05_012031_20050715,0.10654249999999998,0.12571,0.13184249999999997,0.15975499999999998,318.13388366000004
7,16,1,LT05_012031_20050715,0.09966750000000002,0.12117250000000002,0.13184249999999997,0.16811500000000001,318.13388366000004
8,16,2,LT05_012031_20050715,0.09048250000000002,0.11207,0.10681750000000001,0.126205,318.0381791
10,17,1,LT05_012031_20050715,0.09512999999999999,0.10753249999999998,0.1103925,0.13462000000000002,318.13388366000004
11,17,2,LT05_012031_20050715,0.08589000000000002,0.09381,0.0924625,0.10514000000000001,317.17000201999997
12,18,1,LT05_012031_20050715,0.10890749999999999,0.13027499999999997,0.128295,0.151395,317.26570658
13,18,2,LT05_012031_20050715,0.10428749999999998,0.13027499999999997,0.13184249999999997,0.15975499999999998,317.17000201999997
14,18,3,LT05_012031_20050715,0.09287499999999999,0.102995,0.09966750000000002,0.10940250000000001,317.17000201999997
15,19,1,LT05_012031_20050715,0.10665249999999998,0.12576500000000002,0.12117250000000002,0.15560249999999998,316.39069345999997
16,19,2,LT05_012031_20050715,0.12254749999999998,0.16184500000000002,0.16025,0.2013625,316.39069345999997
17,19,3,LT05_012031_20050715,0.11347249999999998,0.14837,0.16377000000000003,0.18059999999999998,317.17000201999997
18,20,2,LT05_012031_20050715,0.11578250000000001,0.13484000000000002,0.13544499999999998,0.17226750000000002,316.39069345999997
19,20,3,LT05_012031_20050715,0.11578250000000001,0.14837,0.15670250000000002,0.17226750000000002,316.2949889
20,20,4,LT05_012031_20050715,0.10437000000000002,0.11671749999999997,0.11759750000000002,0.14303500000000002,317.166584
21,21,2,LT05_012031_20050715,0.10898999999999998,0.11218,0.12474750000000001,0.1388275,315.33110725999995
22,21,3,LT05_012031_20050715,0.10673500000000002,0.13033,0.12835000000000002,0.14721499999999998,315.96685898
23,21,4,LT05_012031_20050715,0.0930125,0.0985125,0.10329749999999999,0.12205250000000001,316.83845408
25,22,3,LT05_012031_20050715,0.12263000000000002,0.1438875,0.14608749999999998,0.1763925,315.96685898
26,22,4,LT05_012031_20050715,0.10676249999999998,0.12582,0.1354725,0.15975499999999998,316.83845408
27,22,5,LT05_012031_20050715,0.10216999999999998,0.11674499999999999,0.1140775,0.14303500000000002,317.70321314
28,23,3,LT05_012031_20050715,0.10448000000000002,0.1167725,0.1176525,0.14303500000000002,315.96685898
29,23,4,LT05_012031_20050715,0.10679,0.12130999999999997,0.12835000000000002,0.15557500000000002,317.70321314
30,23,5,LT05_012031_20050715,0.10679,0.1258475,0.12835000000000002,0.15975499999999998,318.56113616
32,24,4,LT05_012031_20050715,0.0931225,0.1076975,0.10695500000000002,0.11784499999999998,318.56113616
33,24,5,LT05_012031_20050715,0.1113825,0.12133749999999999,0.12480249999999998,0.14721499999999998,320.26672814
34,24,6,LT05_012031_20050715,0.1136375,0.13038499999999997,0.12837749999999998,0.14303500000000002,321.11097908
35,25,5,LT05_012031_20050715,0.08858500000000002,0.08949249999999997,0.08902500000000002,0.10104249999999998,322.34146627999996
36,25,6,LT05_012031_20050715,0.09999750000000002,0.11229,0.10698249999999998,0.11784499999999998,322.34146627999996
37,25,7,LT05_012031_20050715,0.1204575,0.13943250000000001,0.13901999999999998,0.15972750000000002,322.34146627999996
38,26,6,LT05_012031_20050715,0.09777000000000002,0.10775249999999997,0.10698249999999998,0.10525000000000001,323.17888117999996
39,26,7,LT05_012031_20050715,0.11823,0.1349225,0.12837749999999998,0.14306249999999998,323.17888117999996
40,27,7,LT05_012031_20050715,0.09326000000000001,0.11231750000000001,0.10701,0.11369249999999997,323.17888117999996
41,27,8,LT05_012031_20050715,0.11825750000000002,0.12139250000000001,0.12128250000000002,0.138855,322.26285182000004
42,28,8,LT05_012031_20050715,0.09328750000000002,0.09870499999999999,0.09628500000000001,0.11787249999999999,321.03236461999995
1,13,0,LT05_012031_20050901,0.043045,0.049892500000000006,0.049479999999999996,0.05602499999999999,308.80610708
2,14,0,LT05_012031_20050901,0.049534999999999996,0.062377499999999975,0.059709999999999985,0.06444,310.96971374
3,14,1,LT05_012031_20050901,0.0624325,0.062377499999999975,0.07673249999999998,0.08542250000000001,310.96629572
4,15,0,LT05_012031_20050901,0.05599749999999998,0.07065500000000002,0.06991249999999999,0.07703500000000002,312.78468236000003
5,15,1,LT05_012031_20050901,0.06674999999999998,0.06650250000000002,0.07673249999999998,0.09381,312.78468236000003
6,16,0,LT05_012031_20050901,0.0753025,0.09545999999999999,0.11058499999999999,0.1355825,313.38625388
7,16,1,LT05_012031_20050901,0.06674999999999998,0.08308500000000002,0.0937,0.12307000000000001,313.38625388
8,16,2,LT05_012031_20050901,0.05811499999999997,0.05819750000000001,0.06991249999999999,0.09381,312.6889778
10,17,1,LT05_012031_20050901,0.06460500000000002,0.07478000000000001,0.08688000000000001,0.11470999999999998,312.78468236000003
11,17,2,LT05_012031_20050901,0.0473625,0.04574,0.05288999999999999,0.07703500000000002,312.08398825999996
12,18,1,LT05_012031_20050901,0.06460500000000002,0.07895999999999997,0.0801425,0.09381,310.96971374
13,18,2,LT05_012031_20050901,0.06460500000000002,0.062350000000000017,0.07332250000000001,0.08962999999999999,310.26218359999996
14,18,3,LT05_012031_20050901,0.03652749999999999,0.03322749999999999,0.028937500000000005,0.030780000000000002,308.0917409
15,19,1,LT05_012031_20050901,0.08602749999999998,0.11193249999999999,0.11737750000000002,0.16060750000000001,308.50873934000003
16,19,2,LT05_012031_20050901,0.11578250000000001,0.1283225,0.14771,0.17724499999999999,308.50873934000003
17,19,3,LT05_012031_20050901,0.0753025,0.09958499999999998,0.11058499999999999,0.11470999999999998,308.4164528
18,20,2,LT05_012031_20050901,0.11578250000000001,0.11603000000000002,0.134235,0.16478749999999998,306.63566438
19,20,3,LT05_012031_20050901,0.08602749999999998,0.11603000000000002,0.12414249999999999,0.13143,307.1688755
20,20,4,LT05_012031_20050901,0.07321250000000001,0.07895999999999997,0.0903175,0.11055749999999998,308.4164528
21,21,2,LT05_012031_20050901,0.08176499999999998,0.08721000000000001,0.08352500000000002,0.11055749999999998,305.82901166
22,21,3,LT05_012031_20050901,0.07533000000000001,0.091335,0.09710999999999997,0.11055749999999998,306.84758162
23,21,4,LT05_012031_20050901,0.051680000000000004,0.06652999999999998,0.07335000000000003,0.0812425,308.0917409
25,22,3,LT05_012031_20050901,0.08173750000000002,0.09545999999999999,0.10046500000000003,0.11891750000000001,307.46966126
26,22,4,LT05_012031_20050901,0.08173750000000002,0.09545999999999999,0.103875,0.12724999999999997,308.7069845
27,22,5,LT05_012031_20050901,0.07747500000000002,0.08721000000000001,0.1072575,0.12724999999999997,309.93405368000003
1,13,0,LT05_012031_20051003,0.035454999999999987,0.031192499999999984,0.034272499999999984,0.033365000000000006,299.0681681
2,14,0,LT05_012031_20051003,0.038012500000000005,0.041037500000000005,0.02615999999999999,0.043182499999999985,301.75814984
3,14,1,LT05_012031_20051003,0.053549999999999986,0.050937500000000024,0.058445000000000025,0.06281749999999997,301.75814984
4,15,0,LT05_012031_20051003,0.06389,0.07555,0.06652999999999998,0.08245249999999998,302.78355583999996
5,15,1,LT05_012031_20051003,0.05352249999999997,0.04596,0.05440250000000002,0.06281749999999997,303.29625884
6,16,0,LT05_012031_20051003,0.06900499999999998,0.09023500000000001,0.0986225,0.12155749999999999,303.80554382
7,16,1,LT05_012031_20051003,0.06639250000000002,0.08044499999999999,0.10260999999999998,0.126425,303.80554382
8,16,2,LT05_012031_20051003,0.06124999999999997,0.0706,0.08256249999999998,0.1019775,303.70642124
10,17,1,LT05_012031_20051003,0.06895000000000001,0.08531250000000001,0.10659750000000001,0.12155749999999999,303.80554382
11,17,2,LT05_012031_20051003,0.06380750000000002,0.07549499999999998,0.08657749999999997,0.10687249999999998,303.20055428
12,18,1,LT05_012031_20051003,0.04821500000000001,0.05577749999999998,0.058362499999999984,0.0627625,302.78355583999996
13,18,2,LT05_012031_20051003,0.04821500000000001,0.05080000000000001,0.046262499999999984,0.0627625,302.17514828000003
14,18,3,LT05_012031_20051003,0.027370000000000005,0.02599499999999999,0.03006500000000001,0.02833250000000001,302.17514828000003
15,19,1,LT05_012031_20051003,0.07406499999999999,0.09999750000000002,0.10258250000000002,0.14595000000000002,300.72248978
16,19,2,LT05_012031_20051003,0.11495749999999999,0.11952249999999998,0.13855250000000002,0.1653925,300.71907176
17,19,3,LT05_012031_20051003,0.0507725,0.0655675,0.07046249999999998,0.06765749999999998,300.62678522
18,20,2,LT05_012031_20051003,0.10475499999999999,0.09507500000000002,0.10657,0.14595000000000002,299.15020058
19,20,3,LT05_012031_20051003,0.0662275,0.09507500000000002,0.10657,0.10684500000000002,299.58087109999997
20,20,4,LT05_012031_20051003,0.05847249999999998,0.06553999999999999,0.07445000000000002,0.09708250000000002,300.62678522
21,21,2,LT05_012031_20051003,0.0532475,0.05071749999999997,0.05830750000000001,0.06763000000000002,298.44608846
22,21,3,LT05_012031_20051003,0.058445000000000025,0.08033499999999999,0.07445000000000002,0.0872925,299.25615919999996
23,21,4,LT05_012031_20051003,0.042825,0.04574,0.054237499999999994,0.06273499999999999,300.2986553
25,22,3,LT05_012031_20051003,0.07648500000000003,0.08520250000000001,0.09452500000000003,0.1166625,300.2986553
26,22,4,LT05_012031_20051003,0.05577749999999998,0.05561250000000001,0.06636500000000001,0.07741999999999999,301.33089734
27,22,5,LT05_012031_20051003,0.05060749999999997,0.060535000000000005,0.0623225,0.072525,302.35630333999995
28,23,3,LT05_012031_20051003,0.060975,0.06050749999999999,0.0623225,0.06760250000000001,300.81477631999996
29,23,4,LT05_012031_20051003,0.07643,0.09006999999999998,0.1025275,0.126425,302.35630333999995
30,23,5,LT05_012031_20051003,0.0841575,0.09988750000000002,0.11053000000000002,0.14597749999999998,303.37145527999996
32,24,4,LT05_012031_20051003,0.05830750000000001,0.06542999999999999,0.07035249999999998,0.08723750000000002,302.86558832000003
33,24,5,LT05_012031_20051003,0.07123249999999998,0.08022499999999999,0.08242500000000003,0.10684500000000002,303.87732224
34,24,6,LT05_012031_20051003,0.07381749999999998,0.08022499999999999,0.08242500000000003,0.08723750000000002,303.87732224
35,25,5,LT05_012031_20051003,0.050470000000000015,0.0505525,0.05008499999999999,0.057730000000000004,304.2635585
36,25,6,LT05_012031_20051003,0.07376250000000001,0.07524750000000002,0.08239750000000001,0.08234249999999999,304.2635585
37,25,7,LT05_012031_20051003,0.08407500000000001,0.09001500000000001,0.0864125,0.09702749999999999,303.75427351999997
38,26,6,LT05_012031_20051003,0.05297249999999998,0.05049749999999997,0.058142499999999986,0.06262499999999999,304.2635585
39,26,7,LT05_012031_20051003,0.06592500000000001,0.07027,0.07027,0.07736500000000002,303.75427351999997
40,27,7,LT05_012031_20051003,0.04508000000000001,0.055420000000000025,0.050002500000000005,0.05770249999999999,303.75427351999997
41,27,8,LT05_012031_20051003,0.0710675,0.06529249999999998,0.06619999999999998,0.08721000000000001,302.66050712000003
42,28,8,LT05_012031_20051003,0.0476375,0.055365,0.0418625,0.06752000000000002,302.28452491999997
26,22,4,LT05_012031_20060208,0.040982500000000005,0.04816000000000001,0.05280750000000001,0.06782250000000001,275.90424656
29,23,4,LT05_012031_20060208,0.06741000000000003,0.07920749999999999,0.08833750000000001,0.09774250000000001,276.46480184
30,23,5,LT05_012031_20060208,0.0838275,0.09777000000000002,0.1085775,0.1276625,276.46480184
1,13,0,LT05_012031_20060429,0.049095,0.06295499999999998,0.06039749999999999,0.07513750000000002,300.31916342
2,14,0,LT05_012031_20060429,0.0599575,0.066695,0.07538499999999998,0.08198499999999997,302.4861881
3,14,1,LT05_012031_20060429,0.07436749999999998,0.08525749999999999,0.09028999999999998,0.08886,302.93736674
4,15,0,LT05_012031_20060429,0.07615499999999997,0.08897,0.0962575,0.109375,304.28748464
5,15,1,LT05_012031_20060429,0.06895000000000001,0.08525749999999999,0.08732000000000001,0.09227000000000002,304.73524526
6,16,0,LT05_012031_20060429,0.09229749999999998,0.11484749999999999,0.1289825,0.13668249999999998,305.17958785999997
7,16,1,LT05_012031_20060429,0.09229749999999998,0.12221749999999998,0.1468025,0.17081000000000002,305.17958785999997
8,16,2,LT05_012031_20060429,0.09050999999999998,0.10744999999999999,0.1289825,0.14694000000000002,305.07704726
10,17,1,LT05_012031_20060429,0.07436749999999998,0.10005249999999999,0.11413250000000003,0.13668249999999998,304.28748464
11,17,2,LT05_012031_20060429,0.07076500000000002,0.08154499999999998,0.09028999999999998,0.09227000000000002,303.73718342
12,18,1,LT05_012031_20060429,0.07975749999999998,0.08897,0.10222500000000001,0.109375,302.4861881
13,18,2,LT05_012031_20060429,0.08693499999999998,0.10744999999999999,0.10519499999999998,0.09909000000000001,301.93246886
14,18,3,LT05_012031_20060429,0.045465000000000005,0.05179,0.05143249999999999,0.05115750000000002,301.47445418
15,19,1,LT05_012031_20060429,0.09229749999999998,0.103765,0.12007250000000003,0.1400925,300.19953272
16,19,2,LT05_012031_20060429,0.12436249999999999,0.15895750000000003,0.16165249999999998,0.17081000000000002,300.19953272
17,19,3,LT05_012031_20060429,0.11193249999999999,0.14427250000000003,0.14977249999999998,0.17421999999999999,300.55842482
18,20,2,LT05_012031_20060429,0.09944750000000002,0.13327250000000002,0.12007250000000003,0.1298625,299.734682
19,20,3,LT05_012031_20060429,0.11724000000000001,0.1369575,0.14977249999999998,0.17081000000000002,300.10041014
20,20,4,LT05_012031_20060429,0.07794250000000003,0.103765,0.09922750000000002,0.10593750000000002,301.01985751999996
21,21,2,LT05_012031_20060429,0.056327499999999975,0.0740925,0.06639250000000002,0.07513750000000002,299.5466909
22,21,3,LT05_012031_20060429,0.09587250000000003,0.103765,0.12603999999999999,0.1230425,300.21662282
23,21,4,LT05_012031_20060429,0.061744999999999994,0.08897,0.0783275,0.08886,301.58724884000003
25,22,3,LT05_012031_20060429,0.12612250000000003,0.14058749999999998,0.15571249999999998,0.15714250000000002,301.58724884000003
26,22,4,LT05_012031_20060429,0.08693499999999998,0.11853249999999999,0.12307000000000001,0.14353,302.94078476
27,22,5,LT05_012031_20060429,0.07615499999999997,0.10005249999999999,0.1111625,0.1230425,303.83630600000004
28,23,3,LT05_012031_20060429,0.07436749999999998,0.08154499999999998,0.08732000000000001,0.08886,302.94078476
29,23,4,LT05_012031_20060429,0.08693499999999998,0.11484749999999999,0.12007250000000003,0.1298625,304.2806486
30,23,5,LT05_012031_20060429,0.09763250000000001,0.11853249999999999,0.13792,0.14694000000000002,305.16591578
32,24,4,LT05_012031_20060429,0.06716250000000001,0.07783249999999997,0.0783275,0.08886,305.16591578
33,24,5,LT05_012031_20060429,0.08693499999999998,0.0963675,0.10519499999999998,0.11619499999999999,306.04776494
34,24,6,LT05_012031_20060429,0.1047825,0.11484749999999999,0.12007250000000003,0.1230425,306.48527149999995
35,25,5,LT05_012031_20060429,0.05272500000000002,0.059242499999999976,0.06639250000000002,0.06485249999999998,306.89201588000003
36,25,6,LT05_012031_20060429,0.07255250000000002,0.07783249999999997,0.08432250000000002,0.08198499999999997,307.32952244
37,25,7,LT05_012031_20060429,0.1047825,0.12221749999999998,0.1171025,0.1230425,307.32952244
38,26,6,LT05_012031_20060429,0.061744999999999994,0.07783249999999997,0.07835500000000001,0.06829000000000002,307.767029
39,26,7,LT05_012031_20060429,0.1083575,0.11113499999999998,0.1111625,0.11960500000000002,307.767029
40,27,7,LT05_012031_20060429,0.07436749999999998,0.09265499999999999,0.08132499999999998,0.08886,307.767029
41,27,8,LT05_012031_20060429,0.09766000000000002,0.10008,0.10819250000000002,0.109375,307.25090797999997
42,28,8,LT05_012031_20060429,0.06718999999999997,0.066695,0.06939000000000001,0.078575,306.8441636
1,13,0,LT05_012031_20060531,0.07824500000000001,0.09282000000000001,0.10049249999999998,0.11512250000000002,314.45267612
2,14,0,LT05_012031_20060531,0.07219500000000001,0.0927925,0.09405750000000002,0.09983249999999999,316.16168612
3,14,1,LT05_012031_20060531,0.0782175,0.08869500000000002,0.097275,0.1074775,316.16510414
4,15,0,LT05_012031_20060531,0.08220499999999997,0.10494750000000003,0.10371000000000002,0.1112725,316.16168612
5,15,1,LT05_012031_20060531,0.0782175,0.096835,0.10049249999999998,0.1112725,316.16168612
6,16,0,LT05_012031_20060531,0.10013499999999997,0.12513249999999998,0.13572,0.17204750000000002,316.16168612
7,16,1,LT05_012031_20060531,0.10013499999999997,0.13316250000000002,0.1580225,0.18340499999999998,316.16168612
8,16,2,LT05_012031_20060531,0.09015250000000002,0.11704750000000003,0.12296000000000001,0.14933249999999998,316.06598155999995
10,17,1,LT05_012031_20060531,0.08622000000000002,0.10898999999999998,0.12934,0.15312750000000003,314.78422406
11,17,2,LT05_012031_20060531,0.07016,0.096835,0.09083999999999998,0.1074775,314.68510147999996
12,18,1,LT05_012031_20060531,0.08421250000000002,0.11704750000000003,0.1165525,0.1265075,314.08694798
13,18,2,LT05_012031_20060531,0.08418500000000001,0.096835,0.10368250000000001,0.13033,313.99124342
14,18,3,LT05_012031_20060531,0.058087500000000014,0.07648500000000003,0.06820749999999998,0.06531999999999999,313.99124342
15,19,1,LT05_012031_20060531,0.09416750000000002,0.12914750000000003,0.12934,0.14933249999999998,312.6889778
16,19,2,LT05_012031_20060531,0.12386750000000002,0.165145,0.17389,0.2097775,313.3896719
17,19,3,LT05_012031_20060531,0.104095,0.1411925,0.16118500000000002,0.164485,313.29396734
18,20,2,LT05_012031_20060531,0.1277725,0.15315499999999999,0.17072749999999998,0.2022425,311.98486568
19,20,3,LT05_012031_20060531,0.10010750000000002,0.15315499999999999,0.14848,0.156895,312.59327324000003
20,20,4,LT05_012031_20060531,0.0841575,0.10085,0.11333500000000002,0.134125,313.29396734
21,21,2,LT05_012031_20060531,0.09216000000000002,0.10087750000000001,0.11333500000000002,0.13033,311.09618048
22,21,3,LT05_012031_20060531,0.0921325,0.12513249999999998,0.11974249999999997,0.134125,311.5610312
23,21,4,LT05_012031_20060531,0.0841575,0.09680749999999999,0.1069,0.1227125,312.26514332
25,22,3,LT05_012031_20060531,0.1179,0.14517999999999998,0.14848,0.18717250000000002,310.85691908
26,22,4,LT05_012031_20060531,0.10008,0.12510500000000002,0.13572,0.1607175,312.26514332
27,22,5,LT05_012031_20060531,0.09611999999999998,0.11300500000000002,0.11974249999999997,0.14171499999999998,313.65969548
28,23,3,LT05_012031_20060531,0.09012500000000001,0.11300500000000002,0.11333500000000002,0.134125,310.85350106
29,23,4,LT05_012031_20060531,0.09611999999999998,0.12510500000000002,0.12934,0.156895,312.26514332
30,23,5,LT05_012031_20060531,0.10205999999999998,0.12510500000000002,0.13572,0.1607175,313.65969548
32,24,4,LT05_012031_20060531,0.07414749999999998,0.09276499999999999,0.09403,0.1227125,313.65627745999996
33,24,5,LT05_012031_20060531,0.09810000000000002,0.11702000000000001,0.11974249999999997,0.14933249999999998,315.03715754
34,24,6,LT05_012031_20060531,0.09810000000000002,0.12510500000000002,0.12612250000000003,0.134125,315.72417956
35,25,5,LT05_012031_20060531,0.07612750000000001,0.08459749999999999,0.08432250000000002,0.08833750000000001,316.79401982
36,25,6,LT05_012031_20060531,0.0900975,0.10896250000000002,0.11009000000000002,0.11124499999999998,317.47762381999996
37,25,7,LT05_012031_20060531,0.10998000000000002,0.13712249999999998,0.1389375,0.156895,318.15439177999997
38,26,6,LT05_012031_20060531,0.07813500000000001,0.08864,0.09721999999999997,0.10362749999999998,318.15439177999997
39,26,7,LT05_012031_20060531,0.10995250000000001,0.13712249999999998,0.13250250000000002,0.1379475,318.83115974
40,27,7,LT05_012031_20060531,0.08410250000000002,0.10896250000000002,0.10687249999999998,0.11124499999999998,318.15439177999997
41,27,8,LT05_012031_20060531,0.10002499999999998,0.11297750000000001,0.11006250000000001,0.1265075,318.07919533999996
42,28,8,LT05_012031_20060531,0.08006000000000002,0.09271000000000001,0.09400249999999999,0.10360000000000003,316.33258711999997
1,13,0,LT05_012031_20060616,0.06427499999999997,0.06760250000000001,0.08190249999999999,0.1054425,314.82182228
2,14,0,LT05_012031_20060616,0.06798749999999998,0.07829999999999998,0.09361750000000002,0.10183999999999999,316.76325764
3,14,1,LT05_012031_20060616,0.07535750000000002,0.08184750000000002,0.08776,0.11253750000000001,317.29305074
4,15,0,LT05_012031_20060616,0.062460000000000016,0.08187499999999998,0.09070250000000002,0.1018675,318.34238288
5,15,1,LT05_012031_20060616,0.06801499999999999,0.0711775,0.07898749999999999,0.0982925,318.86533994
6,16,0,LT05_012031_20060616,0.0864125,0.09961249999999999,0.11693750000000003,0.1515875,318.86533994
7,16,1,LT05_012031_20060616,0.0864125,0.10315999999999997,0.1343725,0.16575,319.38487898
8,16,2,LT05_012031_20060616,0.07169999999999999,0.09606500000000001,0.11113499999999998,0.1409725,319.27892036000003
10,17,1,LT05_012031_20060616,0.07725500000000002,0.09254499999999999,0.12276749999999997,0.14451999999999998,317.81942582
11,17,2,LT05_012031_20060616,0.060645000000000004,0.07120500000000002,0.07898749999999999,0.1054425,317.71346719999997
12,18,1,LT05_012031_20060616,0.0717275,0.09254499999999999,0.09944750000000002,0.11611250000000001,315.70367144
13,18,2,LT05_012031_20060616,0.09012500000000001,0.09254499999999999,0.11113499999999998,0.1409725,315.60113084
14,18,3,LT05_012031_20060616,0.05140499999999998,0.06050749999999999,0.06435750000000001,0.07335000000000003,315.60113084
15,19,1,LT05_012031_20060616,0.079125,0.10668,0.11113499999999998,0.1409725,313.01710772
16,19,2,LT05_012031_20060616,0.1283225,0.14537250000000002,0.17196499999999998,0.21159250000000002,313.55715488
17,19,3,LT05_012031_20060616,0.09378249999999999,0.1313475,0.14886500000000003,0.1586825,313.99466143999996
18,20,2,LT05_012031_20060616,0.11927500000000002,0.12078749999999999,0.14309,0.1798575,312.47364254
19,20,3,LT05_012031_20060616,0.10654249999999998,0.14889249999999998,0.16041499999999997,0.17633749999999998,313.4580323
20,20,4,LT05_012031_20060616,0.079125,0.07835500000000001,0.09364499999999998,0.13033,314.53129058
21,21,2,LT05_012031_20060616,0.08281,0.08545000000000003,0.09947499999999998,0.11611250000000001,312.28223342
22,21,3,LT05_012031_20060616,0.08646749999999997,0.11726750000000002,0.11987999999999999,0.14451999999999998,313.10939426
23,21,4,LT05_012031_20060616,0.06435750000000001,0.07123249999999998,0.09072999999999998,0.11256500000000003,314.71586365999997
25,22,3,LT05_012031_20060616,0.11022749999999998,0.13486749999999997,0.1372875,0.17633749999999998,314.18265254
26,22,4,LT05_012031_20060616,0.08096750000000003,0.09964,0.11987999999999999,0.1409725,315.77886788
27,22,5,LT05_012031_20060616,0.07544000000000001,0.09964,0.10530499999999998,0.13033,316.83161803999997
28,23,3,LT05_012031_20060616,0.08096750000000003,0.09611999999999998,0.09947499999999998,0.13742500000000002,315.24907478
29,23,4,LT05_012031_20060616,0.08831,0.10318749999999999,0.11987999999999999,0.1515875,316.83161803999997
30,23,5,LT05_012031_20060616,0.09015250000000002,0.10670750000000001,0.11696499999999999,0.15513500000000002,317.87753216
32,24,4,LT05_012031_20060616,0.06257000000000001,0.07125999999999999,0.0761,0.09832000000000002,317.35799312
33,24,5,LT05_012031_20060616,0.08649499999999999,0.09611999999999998,0.10238999999999998,0.13385000000000002,318.40048922
34,24,6,LT05_012031_20060616,0.09931000000000001,0.1137475,0.12565500000000002,0.13742500000000002,319.43614928
35,25,5,LT05_012031_20060616,0.06072749999999999,0.06056250000000002,0.07027,0.08407500000000001,319.33019065999997
36,25,6,LT05_012031_20060616,0.08099499999999998,0.08902500000000002,0.09367249999999999,0.09832000000000002,319.8497297
37,25,7,LT05_012031_20060616,0.10657,0.11377500000000002,0.12857000000000002,0.14804,319.8497297
38,26,6,LT05_012031_20060616,0.06996750000000002,0.07125999999999999,0.08198499999999997,0.08407500000000001,319.8497297
39,26,7,LT05_012031_20060616,0.10293999999999998,0.11022749999999998,0.11696499999999999,0.14449250000000002,319.8497297
40,27,7,LT05_012031_20060616,0.0681525,0.08195750000000002,0.08489999999999998,0.11256500000000003,320.36585072
41,27,8,LT05_012031_20060616,0.1047825,0.103215,0.12279499999999999,0.12678250000000002,319.76769722
42,28,8,LT05_012031_20060616,0.0718375,0.0712875,0.08489999999999998,0.10189500000000001,319.87023782
1,13,0,LT05_012031_20060718,0.07112249999999998,0.07417499999999999,0.07975749999999998,0.11424250000000002,318.09286742
2,14,0,LT05_012031_20060718,0.06895000000000001,0.07005,0.07975749999999998,0.09801749999999998,319.10460134
3,14,1,LT05_012031_20060718,0.066805,0.08638499999999999,0.0830575,0.10613,319.10460134
4,15,0,LT05_012031_20060718,0.08597250000000001,0.09045500000000001,0.10282999999999998,0.12232749999999998,319.10460134
5,15,1,LT05_012031_20060718,0.0689225,0.0782175,0.08302999999999999,0.10205999999999998,319.10460134
6,16,0,LT05_012031_20060718,0.0902075,0.10662500000000003,0.11927500000000002,0.15458500000000003,319.10460134
7,16,1,LT05_012031_20060718,0.10082249999999998,0.11069499999999999,0.1323375,0.17862,319.10460134
8,16,2,LT05_012031_20060718,0.08168249999999999,0.09854000000000002,0.10613,0.13442749999999998,319.00547875999996
10,17,1,LT05_012031_20060718,0.08806249999999999,0.09854000000000002,0.11927500000000002,0.1625875,318.42441536
11,17,2,LT05_012031_20060718,0.07101249999999998,0.0904275,0.09622999999999998,0.1101725,318.32529278
12,18,1,LT05_012031_20060718,0.07312999999999997,0.08633000000000002,0.09953000000000001,0.12230000000000002,318.42441536
13,18,2,LT05_012031_20060718,0.066695,0.07816250000000002,0.07970250000000001,0.10203250000000003,318.32529278
14,18,3,LT05_012031_20060718,0.055942500000000006,0.05770249999999999,0.0630925,0.07359749999999998,317.64168878
15,19,1,LT05_012031_20060718,0.08162750000000002,0.1025275,0.11267500000000003,0.14652749999999998,317.05378934
16,19,2,LT05_012031_20060718,0.11130000000000001,0.1388275,0.15191749999999998,0.18664999999999998,316.3633493
17,19,3,LT05_012031_20060718,0.10076750000000001,0.11066749999999997,0.12252000000000002,0.15860000000000002,316.95466676
18,20,2,LT05_012031_20060718,0.10497499999999998,0.1307975,0.14212750000000002,0.17061749999999998,314.97221516
19,20,3,LT05_012031_20060718,0.11338999999999999,0.11872500000000002,0.14867249999999999,0.1946525,315.57378668
20,20,4,LT05_012031_20060718,0.0688125,0.09037250000000002,0.08957500000000002,0.11825750000000002,316.26764474000004
21,21,2,LT05_012031_20060718,0.079455,0.09037250000000002,0.09287499999999999,0.11825750000000002,312.68214176000004
22,21,3,LT05_012031_20060718,0.08586250000000001,0.09441500000000003,0.12252000000000002,0.14652749999999998,313.8511046
23,21,4,LT05_012031_20060718,0.07092999999999999,0.07813500000000001,0.08627499999999999,0.11825750000000002,315.24223874
25,22,3,LT05_012031_20060718,0.10071249999999998,0.134785,0.14867249999999999,0.17463250000000002,313.8511046
26,22,4,LT05_012031_20060718,0.0900975,0.09845749999999998,0.11592000000000002,0.15860000000000002,315.24223874
27,22,5,LT05_012031_20060718,0.07942749999999998,0.09438750000000001,0.10607499999999997,0.13846999999999998,317.30672282
28,23,3,LT05_012031_20060718,0.08154499999999998,0.09845749999999998,0.102775,0.12230000000000002,314.54838068000004
29,23,4,LT05_012031_20060718,0.08795249999999999,0.10654249999999998,0.1224925,0.15860000000000002,316.62311882
30,23,5,LT05_012031_20060718,0.09218749999999998,0.1106125,0.1224925,0.15860000000000002,317.98690880000004
32,24,4,LT05_012031_20060718,0.0687025,0.07807999999999998,0.08294750000000001,0.10607499999999997,317.98690880000004
33,24,5,LT05_012031_20060718,0.08151750000000002,0.09436,0.102775,0.13038499999999997,319.34044472
34,24,6,LT05_012031_20060718,0.09854000000000002,0.09843000000000002,0.11589250000000001,0.14248500000000003,320.68372658
35,25,5,LT05_012031_20060718,0.06652999999999998,0.07395499999999999,0.07299250000000002,0.08578000000000002,320.40344894
36,25,6,LT05_012031_20060718,0.08575250000000001,0.08622000000000002,0.09282000000000001,0.11823,321.74331278
37,25,7,LT05_012031_20060718,0.102775,0.11867,0.13230999999999998,0.15056999999999998,321.74331278
38,26,6,LT05_012031_20060718,0.072965,0.06983,0.06961,0.097935,321.07679887999996
39,26,7,LT05_012031_20060718,0.0985125,0.10244500000000001,0.11921999999999999,0.13442749999999998,321.07679887999996
40,27,7,LT05_012031_20060718,0.07293749999999999,0.07392749999999998,0.0861925,0.10604750000000002,320.40344894
41,27,8,LT05_012031_20060718,0.0899875,0.10244500000000001,0.09944750000000002,0.11823,320.32825249999996
42,28,8,LT05_012031_20060718,0.0685925,0.07390000000000002,0.079565,0.09383750000000002,319.26524828000004
1,13,0,LT05_012031_20060904,0.0355375,0.049287499999999984,0.039415000000000006,0.052395000000000025,305.70254492000004
2,14,0,LT05_012031_20060904,0.052917500000000006,0.06688749999999999,0.057042499999999996,0.06908750000000002,307.92767594
3,14,1,LT05_012031_20060904,0.07450499999999999,0.07125999999999999,0.0816,0.08157249999999999,307.92767594
4,15,0,LT05_012031_20060904,0.06586999999999998,0.08880500000000002,0.07807999999999998,0.0981825,308.56000964
5,15,1,LT05_012031_20060904,0.07233250000000002,0.07566,0.0816,0.08157249999999999,308.56000964
6,16,0,LT05_012031_20060904,0.08520250000000001,0.10624,0.11998999999999999,0.1313475,307.92767594
7,16,1,LT05_012031_20060904,0.08520250000000001,0.10624,0.11652499999999999,0.139625,307.92767594
8,16,2,LT05_012031_20060904,0.07450499999999999,0.08880500000000002,0.0990625,0.11064000000000002,307.8353894
10,17,1,LT05_012031_20060904,0.078795,0.09752250000000001,0.10604750000000002,0.1313475,307.29534223999997
11,17,2,LT05_012031_20060904,0.06369750000000002,0.07125999999999999,0.08509250000000002,0.0981825,307.2030557
12,18,1,LT05_012031_20060904,0.06801499999999999,0.07566,0.07461499999999999,0.09403,306.02042078
13,18,2,LT05_012031_20060904,0.07450499999999999,0.08440500000000001,0.09210499999999999,0.0981825,305.92813423999996
14,18,3,LT05_012031_20060904,0.03988249999999999,0.04486000000000001,0.039415000000000006,0.04821500000000001,305.92813423999996
15,19,1,LT05_012031_20060904,0.091665,0.11495749999999999,0.1234825,0.168555,304.08582146000003
16,19,2,LT05_012031_20060904,0.11932999999999999,0.14958,0.168555,0.18092999999999998,304.73182724000003
17,19,3,LT05_012031_20060904,0.09378249999999999,0.1279925,0.11998999999999999,0.1437775,304.64295872
18,20,2,LT05_012031_20060904,0.09378249999999999,0.11930249999999998,0.140835,0.168555,303.43297964
19,20,3,LT05_012031_20060904,0.1108325,0.1366275,0.13044,0.1479025,303.99353492
20,20,4,LT05_012031_20060904,0.07233250000000002,0.09752250000000001,0.10604750000000002,0.11064000000000002,304.64295872
21,21,2,LT05_012031_20060904,0.06369750000000002,0.08880500000000002,0.09210499999999999,0.09403,302.6058188
22,21,3,LT05_012031_20060904,0.09378249999999999,0.10624,0.10255500000000001,0.12307000000000001,303.02965328
23,21,4,LT05_012031_20060904,0.052917500000000006,0.06688749999999999,0.067575,0.06908750000000002,303.67907707999996
25,22,3,LT05_012031_20060904,0.10657,0.11495749999999999,0.11998999999999999,0.1437775,302.37681146
26,22,4,LT05_012031_20060904,0.07450499999999999,0.10624,0.10604750000000002,0.12307000000000001,303.67907707999996
27,22,5,LT05_012031_20060904,0.08520250000000001,0.09752250000000001,0.10255500000000001,0.12307000000000001,304.96767062000004
28,23,3,LT05_012031_20060904,0.08308500000000002,0.08880500000000002,0.09210499999999999,0.10651500000000003,301.72055162000004
29,23,4,LT05_012031_20060904,0.09378249999999999,0.11930249999999998,0.13044,0.152055,303.67907707999996
30,23,5,LT05_012031_20060904,0.0959275,0.1279925,0.13044,0.16030499999999998,304.96767062000004
32,24,4,LT05_012031_20060904,0.07233250000000002,0.08440500000000001,0.08858500000000002,0.09403,304.32508286
33,24,5,LT05_012031_20060904,0.098045,0.10189500000000001,0.10954000000000003,0.11894500000000002,305.60684036
34,24,6,LT05_012031_20060904,0.10019,0.12362000000000001,0.11998999999999999,0.11479250000000002,306.8783438
35,25,5,LT05_012031_20060904,0.07018750000000001,0.06688749999999999,0.07461499999999999,0.07739249999999998,307.24748996
36,25,6,LT05_012031_20060904,0.08520250000000001,0.08880500000000002,0.0955975,0.0898775,307.87982366
37,25,7,LT05_012031_20060904,0.11297750000000001,0.13230999999999998,0.1269475,0.12722250000000002,308.50873934000003
38,26,6,LT05_012031_20060904,0.06369750000000002,0.0800325,0.07461499999999999,0.06908750000000002,308.50873934000003
39,26,7,LT05_012031_20060904,0.098045,0.10189500000000001,0.0990625,0.09403,308.50873934000003
40,27,7,LT05_012031_20060904,0.07233250000000002,0.0800325,0.07109500000000002,0.08157249999999999,308.50873934000003
41,27,8,LT05_012031_20060904,0.098045,0.09752250000000001,0.10954000000000003,0.10236250000000002,308.43696092
42,28,8,LT05_012031_20060904,0.06586999999999998,0.06688749999999999,0.07109500000000002,0.08157249999999999,307.43548106000003
1,13,0,LT05_012031_20060920,0.02896499999999999,0.02615999999999999,0.0295975,0.03204499999999999,302.3152871
2,14,0,LT05_012031_20060920,0.035729999999999984,0.03484999999999999,0.033172499999999994,0.049589999999999995,303.1697921
3,14,1,LT05_012031_20060920,0.055942500000000006,0.0478575,0.06169000000000002,0.06710749999999999,303.1697921
4,15,0,LT05_012031_20060920,0.05819750000000001,0.06947249999999999,0.0688125,0.07582499999999998,303.6995852
5,15,1,LT05_012031_20060920,0.0536875,0.05217499999999997,0.0652375,0.07147999999999999,303.6995852
6,16,0,LT05_012031_20060920,0.07604499999999997,0.0781075,0.09719250000000001,0.11952249999999998,303.6995852
7,16,1,LT05_012031_20060920,0.07158999999999999,0.08239750000000001,0.09361750000000002,0.11514999999999997,303.6995852
8,16,2,LT05_012031_20060920,0.05817,0.06515500000000002,0.07588,0.09768749999999998,303.07408754
10,17,1,LT05_012031_20060920,0.060425000000000006,0.0781075,0.09006999999999998,0.11952249999999998,303.1697921
11,17,2,LT05_012031_20060920,0.049205,0.0564925,0.0688125,0.10205999999999998,303.07408754
12,18,1,LT05_012031_20060920,0.0447225,0.05217499999999997,0.05453999999999998,0.06710749999999999,302.639999
13,18,2,LT05_012031_20060920,0.055942500000000006,0.0564925,0.0652375,0.08022499999999999,302.54429444
14,18,3,LT05_012031_20060920,0.037957500000000005,0.026132500000000003,0.029569999999999985,0.03641749999999999,302.54429444
15,19,1,LT05_012031_20060920,0.07604499999999997,0.103875,0.10426000000000002,0.14127499999999998,301.57015874
16,19,2,LT05_012031_20060920,0.10703750000000001,0.11671749999999997,0.13957000000000003,0.16737249999999998,301.57015874
17,19,3,LT05_012031_20060920,0.07381749999999998,0.08237,0.09006999999999998,0.10205999999999998,302.01108332
18,20,2,LT05_012031_20060920,0.0893275,0.09529500000000002,0.12194250000000001,0.1630275,300.49348244
19,20,3,LT05_012031_20060920,0.08267249999999998,0.11242750000000001,0.11132750000000002,0.11952249999999998,300.94124306000003
20,20,4,LT05_012031_20060920,0.06039749999999999,0.07376250000000001,0.08655000000000002,0.10643249999999999,301.4778722
21,21,2,LT05_012031_20060920,0.0536875,0.0564925,0.05811499999999997,0.07582499999999998,298.68534986
22,21,3,LT05_012031_20060920,0.06488,0.08668749999999997,0.09006999999999998,0.09768749999999998,299.53985486
23,21,4,LT05_012031_20060920,0.040185,0.03914000000000001,0.043842500000000006,0.053962500000000024,300.61653116
25,22,3,LT05_012031_20060920,0.08489999999999998,0.091005,0.10071249999999998,0.1282125,298.4529245
26,22,4,LT05_012031_20060920,0.07379000000000002,0.07807999999999998,0.09361750000000002,0.11514999999999997,300.61653116
27,22,5,LT05_012031_20060920,0.06262499999999999,0.07376250000000001,0.08655000000000002,0.10643249999999999,301.6829534
28,23,3,LT05_012031_20060920,0.06488,0.07376250000000001,0.06878499999999999,0.08019749999999998,298.99638968
29,23,4,LT05_012031_20060920,0.091555,0.103875,0.114875,0.14999250000000003,301.14974228
30,23,5,LT05_012031_20060920,0.0893275,0.10816500000000001,0.11839499999999997,0.158655,302.74595762
32,24,4,LT05_012031_20060920,0.053659999999999985,0.06515500000000002,0.06878499999999999,0.08459749999999999,302.21616452
33,24,5,LT05_012031_20060920,0.07379000000000002,0.07376250000000001,0.08300249999999998,0.10205999999999998,303.79528976
34,24,6,LT05_012031_20060920,0.07824500000000001,0.09529500000000002,0.10071249999999998,0.09768749999999998,304.83778586
35,25,5,LT05_012031_20060920,0.05143249999999999,0.05214750000000001,0.058087500000000014,0.06707999999999997,305.74014314
36,25,6,LT05_012031_20060920,0.07379000000000002,0.07807999999999998,0.08300249999999998,0.08459749999999999,306.25968218
37,25,7,LT05_012031_20060920,0.08710000000000001,0.09955750000000002,0.09361750000000002,0.10643249999999999,306.25968218
38,26,6,LT05_012031_20060920,0.046922500000000006,0.05214750000000001,0.058087500000000014,0.058335000000000026,306.7758032
39,26,7,LT05_012031_20060920,0.06707999999999997,0.07376250000000001,0.07230500000000001,0.07582499999999998,306.25968218
40,27,7,LT05_012031_20060920,0.058142499999999986,0.060809999999999975,0.05451250000000002,0.06270749999999997,305.74014314
41,27,8,LT05_012031_20060920,0.08041749999999998,0.06944499999999998,0.08655000000000002,0.09331499999999998,305.14540766
42,28,8,LT05_012031_20060920,0.046922500000000006,0.04783000000000001,0.043842500000000006,0.06270749999999997,304.2464684
1,13,0,LT05_012031_20061006,0.08918999999999999,0.09719250000000001,0.09265499999999999,0.1021975,289.14565604
2,14,0,LT05_012031_20061006,0.11259249999999998,0.10772500000000002,0.10943000000000003,0.11196,289.993325
3,14,1,LT05_012031_20061006,0.115205,0.11297750000000001,0.10943000000000003,0.121695,289.993325
4,15,0,LT05_012031_20061006,0.11779,0.11823,0.12612250000000003,0.13143,290.53679018
5,15,1,LT05_012031_20061006,0.12296000000000001,0.12345499999999998,0.12194250000000001,0.13627,291.07341931999997
6,16,0,LT05_012031_20061006,0.133245,0.14963500000000002,0.14694000000000002,0.1653925,291.61004846000003
7,16,1,LT05_012031_20061006,0.138415,0.14963500000000002,0.15524500000000002,0.17509999999999998,291.61004846000003
8,16,2,LT05_012031_20061006,0.1255175,0.1391575,0.138635,0.15571249999999998,291.52117994
10,17,1,LT05_012031_20061006,0.12813000000000002,0.1391575,0.15109250000000002,0.1702325,292.1466776
11,17,2,LT05_012031_20061006,0.1203475,0.12870749999999997,0.12612250000000003,0.14597749999999998,292.05439106
12,18,1,LT05_012031_20061006,0.12296000000000001,0.12870749999999997,0.13027499999999997,0.14597749999999998,291.61004846000003
13,18,2,LT05_012031_20061006,0.12813000000000002,0.12870749999999997,0.13027499999999997,0.14113750000000003,291.52117994
14,18,3,LT05_012031_20061006,0.09964,0.09719250000000001,0.09265499999999999,0.09730250000000001,291.52117994
15,19,1,LT05_012031_20061006,0.1409725,0.16522750000000003,0.15939750000000003,0.20411250000000003,290.53679018
16,19,2,LT05_012031_20061006,0.16143249999999998,0.170425,0.17598000000000003,0.20411250000000003,290.53679018
17,19,3,LT05_012031_20061006,0.1306875,0.14438250000000002,0.134455,0.14113750000000003,290.44450364
18,20,2,LT05_012031_20061006,0.156345,0.15483249999999998,0.16355000000000003,0.19927250000000002,289.44985982000003
19,20,3,LT05_012031_20061006,0.13585750000000002,0.16003,0.14694000000000002,0.16052500000000003,289.3609913
20,20,4,LT05_012031_20061006,0.1255175,0.1391575,0.138635,0.15571249999999998,290.44450364
21,21,2,LT05_012031_20061006,0.12813000000000002,0.12345499999999998,0.12612250000000003,0.14597749999999998,288.18519242
22,21,3,LT05_012031_20061006,0.1306875,0.1391575,0.13027499999999997,0.14597749999999998,289.05336950000003
23,21,4,LT05_012031_20061006,0.11000749999999998,0.10772500000000002,0.1052225,0.11680000000000001,289.59341666
25,22,3,LT05_012031_20061006,0.14608749999999998,0.15483249999999998,0.14694000000000002,0.17509999999999998,289.05336950000003
26,22,4,LT05_012031_20061006,0.133245,0.1339325,0.138635,0.15571249999999998,290.13346382
27,22,5,LT05_012031_20061006,0.12296000000000001,0.12345499999999998,0.13027499999999997,0.14113750000000003,291.2067221
28,23,3,LT05_012031_20061006,0.1255175,0.12870749999999997,0.12612250000000003,0.14597749999999998,289.59341666
29,23,4,LT05_012031_20061006,0.1383875,0.15483249999999998,0.15109250000000002,0.18478,290.67009296000003
30,23,5,LT05_012031_20061006,0.1383875,0.16522750000000003,0.16355000000000003,0.19927250000000002,291.2067221
32,24,4,LT05_012031_20061006,0.1203475,0.12870749999999997,0.12612250000000003,0.14113750000000003,291.2067221
33,24,5,LT05_012031_20061006,0.133245,0.14438250000000002,0.138635,0.1653925,291.73993322
34,24,6,LT05_012031_20061006,0.15122999999999998,0.15483249999999998,0.15939750000000003,0.15571249999999998,291.73993322
35,25,5,LT05_012031_20061006,0.10742249999999998,0.12870749999999997,0.11779,0.13143,292.09882532
36,25,6,LT05_012031_20061006,0.133245,0.12870749999999997,0.134455,0.13627,292.09882532
37,25,7,LT05_012031_20061006,0.1383875,0.15483249999999998,0.138635,0.14597749999999998,292.09882532
38,26,6,LT05_012031_20061006,0.115205,0.11823,0.12194250000000001,0.126535,292.09882532
39,26,7,LT05_012031_20061006,0.13583,0.15483249999999998,0.138635,0.14597749999999998,292.09882532
40,27,7,LT05_012031_20061006,0.11256500000000003,0.12870749999999997,0.11776249999999999,0.126535,292.09540730000003
41,27,8,LT05_012031_20061006,0.1383875,0.1391575,0.138635,0.15087250000000002,292.02704689999996
42,28,8,LT05_012031_20061006,0.11517749999999999,0.12345499999999998,0.11360999999999999,0.13143,291.1383617
1,13,0,LT05_012031_20061022,0.043429999999999996,0.03204499999999999,0.03438250000000001,0.042715,289.23110654
2,14,0,LT05_012031_20061022,0.037902500000000006,0.026737499999999997,0.03001000000000001,0.03220999999999999,290.07193946
3,14,1,LT05_012031_20061022,0.046207499999999985,0.04263249999999999,0.043045,0.0532475,290.60515058
4,15,0,LT05_012031_20061022,0.043429999999999996,0.04263249999999999,0.043045,0.047967499999999996,291.13494368
5,15,1,LT05_012031_20061022,0.04618,0.0479125,0.04738999999999999,0.058499999999999996,291.13494368
6,16,0,LT05_012031_20061022,0.06553999999999999,0.07428499999999999,0.07772249999999997,0.10574499999999998,291.13494368
7,16,1,LT05_012031_20061022,0.07103999999999999,0.07953749999999998,0.10362749999999998,0.11625000000000002,291.66131876
8,16,2,LT05_012031_20061022,0.06829000000000002,0.06900499999999998,0.08201249999999999,0.0952675,291.56903222
10,17,1,LT05_012031_20061022,0.06279000000000001,0.06375249999999999,0.07337749999999998,0.09001500000000001,291.13494368
11,17,2,LT05_012031_20061022,0.060012500000000024,0.06900499999999998,0.06474249999999998,0.06900499999999998,291.04265713999996
12,18,1,LT05_012031_20061022,0.06279000000000001,0.05847249999999998,0.06474249999999998,0.07428499999999999,289.53872834000003
13,18,2,LT05_012031_20061022,0.05451250000000002,0.05321999999999999,0.06039749999999999,0.07428499999999999,289.4464418
14,18,3,LT05_012031_20061022,0.03787499999999999,0.026737499999999997,0.034355,0.026902499999999996,289.98307094
15,19,1,LT05_012031_20061022,0.06829000000000002,0.07953749999999998,0.08201249999999999,0.13720500000000002,288.46205204
16,19,2,LT05_012031_20061022,0.10115249999999998,0.10574499999999998,0.1165525,0.15288000000000002,289.0020992
17,19,3,LT05_012031_20061022,0.06553999999999999,0.06375249999999999,0.06474249999999998,0.058499999999999996,288.90981266
18,20,2,LT05_012031_20061022,0.07926250000000001,0.07953749999999998,0.08635749999999998,0.11625000000000002,287.91858686
20,20,4,LT05_012031_20061022,0.05451250000000002,0.05321999999999999,0.06039749999999999,0.06900499999999998,288.90981266
21,21,2,LT05_012031_20061022,0.04618,0.0479125,0.0387275,0.06375249999999999,287.20763869999996
23,21,4,LT05_012031_20061022,0.05451250000000002,0.04263249999999999,0.056052500000000005,0.058499999999999996,288.60219086
26,22,4,LT05_012031_20061022,0.054485000000000006,0.0479125,0.056052500000000005,0.06375249999999999,289.13540198
27,22,5,LT05_012031_20061022,0.04618,0.053192499999999976,0.056052500000000005,0.058499999999999996,289.6686131
28,23,3,LT05_012031_20061022,0.057262499999999994,0.05847249999999998,0.06474249999999998,0.07428499999999999,287.52209654
29,23,4,LT05_012031_20061022,0.08198499999999997,0.0952675,0.10362749999999998,0.13195250000000003,289.13540198
30,23,5,LT05_012031_20061022,0.08748499999999998,0.10049249999999998,0.12084250000000002,0.1476825,290.1984062
32,24,4,LT05_012031_20061022,0.057262499999999994,0.06372499999999998,0.0690325,0.07951000000000003,288.60219086
33,24,5,LT05_012031_20061022,0.07651249999999998,0.07953749999999998,0.090675,0.10574499999999998,290.1984062
34,24,6,LT05_012031_20061022,0.079235,0.07428499999999999,0.08201249999999999,0.09001500000000001,290.7281993
35,25,5,LT05_012031_20061022,0.054485000000000006,0.053192499999999976,0.056052500000000005,0.0532475,290.55729829999996
36,25,6,LT05_012031_20061022,0.0627625,0.06372499999999998,0.06471500000000002,0.06900499999999998,291.08709139999996
37,25,7,LT05_012031_20061022,0.079235,0.08476250000000002,0.090675,0.07951000000000003,290.55729829999996
38,26,6,LT05_012031_20061022,0.057262499999999994,0.05847249999999998,0.051734999999999975,0.06375249999999999,291.08709139999996
39,26,7,LT05_012031_20061022,0.08198499999999997,0.07428499999999999,0.08201249999999999,0.08476250000000002,291.08709139999996
40,27,7,LT05_012031_20061022,0.057262499999999994,0.04788500000000001,0.056052500000000005,0.058499999999999996,291.08709139999996
41,27,8,LT05_012031_20061022,0.0627625,0.06897750000000002,0.0690325,0.06375249999999999,290.4889379
42,28,8,LT05_012031_20061022,0.04893,0.04788500000000001,0.051734999999999975,0.047967499999999996,289.6002527
12,18,1,LT05_012031_20061225,0.059819999999999984,0.054017499999999996,0.06732749999999998,0.08833750000000001,279.29834042
13,18,2,LT05_012031_20061225,0.05508999999999997,0.05398999999999998,0.060287499999999994,0.0718375,279.21288992
14,18,3,LT05_012031_20061225,0.045575000000000004,0.036445000000000005,0.04618,0.055255,279.21288992
15,19,1,LT05_012031_20061225,0.06930750000000002,0.06279000000000001,0.08140750000000002,0.12133749999999999,278.73778514
16,19,2,LT05_012031_20061225,0.0882,0.08897,0.09545999999999999,0.10486499999999999,278.73778514
17,19,3,LT05_012031_20061225,0.0503325,0.054017499999999996,0.0532475,0.06356,279.21288992
18,20,2,LT05_012031_20061225,0.06933499999999998,0.06279000000000001,0.06732749999999998,0.0718375,278.73778514
19,20,3,LT05_012031_20061225,0.050360000000000016,0.04530000000000001,0.046207499999999985,0.05528250000000001,278.65575265999996
20,20,4,LT05_012031_20061225,0.045630000000000004,0.036500000000000005,0.03914000000000001,0.04700499999999999,278.65575265999996
21,21,2,LT05_012031_20061225,0.05041499999999999,0.036555000000000004,0.053302499999999975,0.06358750000000002,278.0131649
22,21,3,LT05_012031_20061225,0.050387499999999974,0.03652749999999999,0.05327500000000002,0.06358750000000002,277.80124766
23,21,4,LT05_012031_20061225,0.040872500000000006,0.02772749999999999,0.032072500000000004,0.04700499999999999,277.26461852
26,22,4,LT05_012031_20061225,0.05041499999999999,0.036555000000000004,0.046235,0.047032500000000005,277.80124766
27,22,5,LT05_012031_20061225,0.04565749999999999,0.02772749999999999,0.046235,0.05528250000000001,278.36180293999996
28,23,3,LT05_012031_20061225,0.04571249999999999,0.03658249999999999,0.03919500000000001,0.05530999999999997,277.80124766
29,23,4,LT05_012031_20061225,0.06468750000000001,0.05409999999999998,0.06036999999999998,0.08011499999999999,277.80124766
30,23,5,LT05_012031_20061225,0.0693625,0.07156249999999997,0.08143499999999998,0.09664250000000002,278.36180293999996
32,24,4,LT05_012031_20061225,0.055227499999999985,0.054127499999999995,0.06036999999999998,0.06361499999999998,277.80124766
33,24,5,LT05_012031_20061225,0.055227499999999985,0.04538249999999999,0.06036999999999998,0.07186500000000001,278.36180293999996
34,24,6,LT05_012031_20061225,0.0504425,0.06284499999999998,0.053302499999999975,0.06361499999999998,278.36180293999996
35,25,5,LT05_012031_20061225,0.04576749999999999,0.045410000000000006,0.06039749999999999,0.06361499999999998,278.6967689
36,25,6,LT05_012031_20061225,0.04576749999999999,0.036610000000000004,0.05332999999999999,0.055337499999999984,278.6967689
37,25,7,LT05_012031_20061225,0.0599575,0.036610000000000004,0.046262499999999984,0.05530999999999997,278.1327956
38,26,6,LT05_012031_20061225,0.05052499999999999,0.045410000000000006,0.0533575,0.055337499999999984,278.1327956
39,26,7,LT05_012031_20061225,0.05528250000000001,0.045410000000000006,0.0533575,0.06361499999999998,278.1327956
40,27,7,LT05_012031_20061225,0.0505525,0.036665,0.04631750000000001,0.047087500000000004,278.1327956
41,27,8,LT05_012031_20061225,0.05528250000000001,0.03663749999999999,0.03925000000000001,0.047087500000000004,278.06785321999996
42,28,8,LT05_012031_20061225,0.04582249999999999,0.04543749999999999,0.053385000000000016,0.055365,278.29686056
1,13,0,LT05_012031_20070331,0.05269750000000001,0.04629,0.05275249999999998,0.06207499999999999,289.60708874
2,14,0,LT05_012031_20070331,0.06295499999999998,0.05420999999999998,0.05602499999999999,0.07376250000000001,290.42399552
3,14,1,LT05_012031_20070331,0.07114999999999999,0.07395499999999999,0.08215,0.08938249999999998,290.42399552
4,15,0,LT05_012031_20070331,0.08138000000000001,0.08580749999999998,0.08869500000000002,0.10885250000000002,289.92154658
5,15,1,LT05_012031_20070331,0.08138000000000001,0.08973999999999999,0.10170249999999997,0.11275750000000001,289.92154658
6,16,0,LT05_012031_20070331,0.10577249999999999,0.12505,0.14718750000000003,0.1749075,289.41909764
7,16,1,LT05_012031_20070331,0.13,0.17565000000000003,0.20854,0.2639525,289.41909764
8,16,2,LT05_012031_20070331,0.115865,0.1445475,0.18920750000000003,0.23692000000000002,289.3268111
10,17,1,LT05_012031_20070331,0.09359,0.12111749999999999,0.13096249999999998,0.15939750000000003,288.40736372000003
11,17,2,LT05_012031_20070331,0.08138000000000001,0.08578000000000002,0.09521249999999998,0.11275750000000001,287.8057922
12,18,1,LT05_012031_20070331,0.07730999999999999,0.08580749999999998,0.09521249999999998,0.10885250000000002,287.38537574
13,18,2,LT05_012031_20070331,0.06707999999999997,0.07791500000000001,0.08215,0.085505,286.7803862
14,18,3,LT05_012031_20070331,0.06498999999999999,0.05817,0.05926999999999999,0.06597999999999998,286.7803862
15,19,1,LT05_012031_20070331,0.09562500000000002,0.1054425,0.1114925,0.13610499999999998,286.35655171999997
16,19,2,LT05_012031_20070331,0.1138575,0.13285999999999998,0.14069749999999998,0.15939750000000003,286.35655171999997
17,19,3,LT05_012031_20070331,0.09766000000000002,0.10934749999999999,0.1114925,0.13219999999999998,286.26426518
18,20,2,LT05_012031_20070331,0.10574499999999998,0.12111749999999999,0.12122749999999999,0.1283225,285.83701268
19,20,3,LT05_012031_20070331,0.109815,0.1054425,0.11473749999999999,0.14386,285.74814416000004
20,20,4,LT05_012031_20070331,0.0833875,0.097605,0.10494750000000003,0.10885250000000002,286.26426518
21,21,2,LT05_012031_20070331,0.06707999999999997,0.07791500000000001,0.07887749999999999,0.085505,284.62019756
22,21,3,LT05_012031_20070331,0.0955975,0.09367249999999999,0.09843000000000002,0.11663499999999999,285.43710434
23,21,4,LT05_012031_20070331,0.073185,0.08578000000000002,0.09194000000000002,0.10104249999999998,285.95322536000003
25,22,3,LT05_012031_20070331,0.1078075,0.12111749999999999,0.12771749999999998,0.1516425,284.9175653
26,22,4,LT05_012031_20070331,0.0833875,0.09367249999999999,0.09843000000000002,0.11663499999999999,286.46934638
27,22,5,LT05_012031_20070331,0.08542250000000001,0.08971249999999997,0.10170249999999997,0.11663499999999999,287.49133436
28,23,3,LT05_012031_20070331,0.08748499999999998,0.08578000000000002,0.08215,0.09719250000000001,284.9175653
29,23,4,LT05_012031_20070331,0.0955975,0.10150999999999999,0.1114925,0.13610499999999998,286.46934638
30,23,5,LT05_012031_20070331,0.1078075,0.11327999999999999,0.12771749999999998,0.1516425,288.00061933999996
32,24,4,LT05_012031_20070331,0.08542250000000001,0.08578000000000002,0.09194000000000002,0.11275750000000001,287.49133436
33,24,5,LT05_012031_20070331,0.09766000000000002,0.10148249999999998,0.10821999999999998,0.12444500000000003,289.00893524
34,24,6,LT05_012031_20070331,0.09966750000000002,0.10148249999999998,0.10821999999999998,0.11275750000000001,289.51138418
35,25,5,LT05_012031_20070331,0.07315749999999999,0.07392749999999998,0.07884999999999998,0.08547749999999998,290.87517416000003
36,25,6,LT05_012031_20070331,0.085395,0.08575250000000001,0.09194000000000002,0.097165,291.37078706
37,25,7,LT05_012031_20070331,0.10167500000000002,0.10934749999999999,0.11146499999999998,0.12444500000000003,290.87517416000003
38,26,6,LT05_012031_20070331,0.07725500000000002,0.07785999999999998,0.07884999999999998,0.08547749999999998,292.35517682
39,26,7,LT05_012031_20070331,0.09763250000000001,0.10148249999999998,0.10494750000000003,0.11663499999999999,291.86298194
40,27,7,LT05_012031_20070331,0.06699749999999999,0.07785999999999998,0.07560499999999998,0.08157249999999999,292.35517682
41,27,8,LT05_012031_20070331,0.09150000000000003,0.08575250000000001,0.09518500000000002,0.10494750000000003,291.29900864
42,28,8,LT05_012031_20070331,0.0690325,0.06994,0.07233250000000002,0.08157249999999999,290.9332805
1,13,0,LT05_012031_20070619,0.07544000000000001,0.08883249999999998,0.09449750000000001,0.12488500000000002,312.61378135999996
2,14,0,LT05_012031_20070619,0.07752999999999999,0.0930125,0.09119749999999999,0.11322500000000002,314.28177512
3,14,1,LT05_012031_20070619,0.0754125,0.09719250000000001,0.09119749999999999,0.11322500000000002,314.94828902
4,15,0,LT05_012031_20070619,0.08789750000000002,0.10965000000000003,0.11426999999999998,0.1287625,316.26764474000004
5,15,1,LT05_012031_20070619,0.08377249999999997,0.11380249999999997,0.1273875,0.14809499999999998,316.26764474000004
6,16,0,LT05_012031_20070619,0.10236250000000002,0.1344825,0.1535125,0.19044499999999998,316.92390458
7,16,1,LT05_012031_20070619,0.11470999999999998,0.18359750000000002,0.22773500000000002,0.2893075,316.92390458
8,16,2,LT05_012031_20070619,0.10032750000000001,0.16729,0.19561499999999998,0.23626000000000003,316.824782
10,17,1,LT05_012031_20070619,0.09411249999999999,0.1386075,0.16652,0.2095575,316.26764474000004
11,17,2,LT05_012031_20070619,0.08168249999999999,0.10549750000000002,0.11426999999999998,0.14036749999999998,315.50884429999996
12,18,1,LT05_012031_20070619,0.08377249999999997,0.11380249999999997,0.11426999999999998,0.13263999999999998,314.28177512
13,18,2,LT05_012031_20070619,0.09411249999999999,0.11380249999999997,0.12408750000000002,0.14809499999999998,314.18265254
14,18,3,LT05_012031_20070619,0.06917000000000001,0.08883249999999998,0.08787,0.10159249999999997,314.18265254
15,19,1,LT05_012031_20070619,0.09202250000000001,0.12210749999999998,0.12084250000000002,0.151945,311.58837536
16,19,2,LT05_012031_20070619,0.12084250000000002,0.15505249999999998,0.163275,0.2095575,312.26514332
17,19,3,LT05_012031_20070619,0.09202250000000001,0.14683000000000002,0.1502675,0.17507250000000002,313.51613864
18,20,2,LT05_012031_20070619,0.11470999999999998,0.1386075,0.14045000000000002,0.17507250000000002,311.58837536
19,20,3,LT05_012031_20070619,0.10032750000000001,0.150955,0.1600025,0.17507250000000002,312.16943876
20,20,4,LT05_012031_20070619,0.08377249999999997,0.10549750000000002,0.10439749999999998,0.13649,313.51613864
21,21,2,LT05_012031_20070619,0.08789750000000002,0.10549750000000002,0.10766999999999999,0.13263999999999998,310.72703432000003
22,21,3,LT05_012031_20070619,0.0899875,0.13038499999999997,0.1273875,0.14809499999999998,311.83789082
23,21,4,LT05_012031_20070619,0.0754125,0.09719250000000001,0.10439749999999998,0.13263999999999998,313.18117268000003
25,22,3,LT05_012031_20070619,0.11470999999999998,0.150955,0.1502675,0.1865675,311.83789082
26,22,4,LT05_012031_20070619,0.09823749999999998,0.13038499999999997,0.14045000000000002,0.1712225,313.84426856
27,22,5,LT05_012031_20070619,0.09202250000000001,0.11795499999999998,0.12084250000000002,0.14809499999999998,315.1670423
28,23,3,LT05_012031_20070619,0.08789750000000002,0.10965000000000003,0.11097000000000001,0.13649,311.83789082
29,23,4,LT05_012031_20070619,0.09823749999999998,0.12210749999999998,0.13066,0.1596725,313.84426856
30,23,5,LT05_012031_20070619,0.10032750000000001,0.12623250000000003,0.1273875,0.16352250000000002,315.1670423
32,24,4,LT05_012031_20070619,0.07962000000000002,0.1013175,0.09779749999999998,0.121035,313.84426856
33,24,5,LT05_012031_20070619,0.09823749999999998,0.11795499999999998,0.1175425,0.151945,315.1670423
34,24,6,LT05_012031_20070619,0.10236250000000002,0.13038499999999997,0.1339325,0.14809499999999998,315.82330214
35,25,5,LT05_012031_20070619,0.07962000000000002,0.08883249999999998,0.08787,0.10159249999999997,315.55327855999997
36,25,6,LT05_012031_20070619,0.0961475,0.11380249999999997,0.11097000000000001,0.12488500000000002,316.21295641999995
37,25,7,LT05_012031_20070619,0.1106125,0.14270500000000003,0.14372249999999998,0.1596725,316.86921626000003
38,26,6,LT05_012031_20070619,0.08580749999999998,0.09719250000000001,0.09779749999999998,0.11322500000000002,316.86921626000003
39,26,7,LT05_012031_20070619,0.1106125,0.14270500000000003,0.13066,0.14036749999999998,316.86921626000003
40,27,7,LT05_012031_20070619,0.08580749999999998,0.10965000000000003,0.1010975,0.1171025,316.86921626000003
41,27,8,LT05_012031_20070619,0.10032750000000001,0.11380249999999997,0.1175425,0.13649,316.7906018
42,28,8,LT05_012031_20070619,0.07962000000000002,0.0930125,0.09449750000000001,0.11322500000000002,316.40094752
1,13,0,LT05_012031_20070907,0.05393500000000001,0.05245,0.04835249999999999,0.06988499999999997,311.98144765999996
2,14,0,LT05_012031_20070907,0.061415,0.057152499999999995,0.06361499999999998,0.06988499999999997,313.58791706
3,14,1,LT05_012031_20070907,0.06389,0.07131500000000002,0.07123249999999998,0.0838275,313.58791706
4,15,0,LT05_012031_20070907,0.06389,0.066585,0.07502750000000002,0.0838275,314.86283851999997
5,15,1,LT05_012031_20070907,0.06636500000000001,0.07601750000000002,0.07882250000000002,0.0931225,314.86283851999997
6,16,0,LT05_012031_20070907,0.08861249999999998,0.12276749999999997,0.14306249999999998,0.180655,314.86283851999997
7,16,1,LT05_012031_20070907,0.11559000000000003,0.1642925,0.21002500000000002,0.294065,314.86283851999997
8,16,2,LT05_012031_20070907,0.09356249999999999,0.127415,0.16176249999999998,0.22174,314.13138224
10,17,1,LT05_012031_20070907,0.08613749999999998,0.10876999999999998,0.13552750000000002,0.2035075,313.58791706
11,17,2,LT05_012031_20070907,0.07131500000000002,0.08536749999999999,0.10159249999999997,0.13013750000000002,312.85304276
12,18,1,LT05_012031_20070907,0.06133250000000001,0.0712875,0.07120500000000002,0.08847500000000003,312.30615955999997
13,18,2,LT05_012031_20070907,0.06133250000000001,0.06652999999999998,0.06356,0.07450499999999999,312.210455
14,18,3,LT05_012031_20070907,0.046345,0.047609999999999986,0.03674749999999999,0.04648250000000001,310.01266813999996
15,19,1,LT05_012031_20070907,0.08858500000000002,0.10876999999999998,0.1279925,0.16696,311.01072998
16,19,2,LT05_012031_20070907,0.1058,0.1273875,0.139295,0.17152499999999998,311.00731196000004
17,19,3,LT05_012031_20070907,0.07621,0.07596249999999999,0.0864125,0.11163000000000001,310.91502542
18,20,2,LT05_012031_20070907,0.09350750000000002,0.11806499999999998,0.11292249999999998,0.13473000000000002,310.35788816
19,20,3,LT05_012031_20070907,0.08855750000000001,0.09942000000000001,0.13552750000000002,0.16696,310.26218359999996
20,20,4,LT05_012031_20070907,0.06875749999999997,0.08533999999999997,0.0902075,0.1116025,310.91502542
21,21,2,LT05_012031_20070907,0.07618249999999999,0.07593499999999997,0.0749725,0.09309499999999998,309.52389128
22,21,3,LT05_012031_20070907,0.0811325,0.09001500000000001,0.10536000000000001,0.12089749999999999,309.94088972
23,21,4,LT05_012031_20070907,0.06372499999999998,0.07120500000000002,0.07114999999999999,0.09306750000000003,310.59031352
25,22,3,LT05_012031_20070907,0.08850249999999998,0.104095,0.10912749999999999,0.13934999999999997,309.94088972
26,22,4,LT05_012031_20070907,0.07860250000000002,0.08061000000000001,0.09397499999999998,0.12089749999999999,311.2363193
27,22,5,LT05_012031_20070907,0.07860250000000002,0.08531250000000001,0.09397499999999998,0.12549,311.88232508
28,23,3,LT05_012031_20070907,0.06619999999999998,0.08531250000000001,0.07494499999999998,0.09306750000000003,309.28804790000004
29,23,4,LT05_012031_20070907,0.07860250000000002,0.0899875,0.1053325,0.13934999999999997,311.2363193
30,23,5,LT05_012031_20070907,0.09094999999999998,0.0993925,0.1166625,0.15774749999999998,311.88232508
32,24,4,LT05_012031_20070907,0.061195,0.06644749999999999,0.07491750000000003,0.09306750000000003,311.2363193
33,24,5,LT05_012031_20070907,0.078575,0.085285,0.08635749999999998,0.1116025,312.52149482
34,24,6,LT05_012031_20070907,0.09092250000000002,0.09466249999999998,0.1053325,0.12089749999999999,313.16066456
35,25,5,LT05_012031_20070907,0.0661175,0.06641999999999998,0.06727250000000001,0.07909749999999999,313.54006477999997
36,25,6,LT05_012031_20070907,0.08105000000000001,0.08055499999999999,0.07489000000000001,0.097715,314.1758165
37,25,7,LT05_012031_20070907,0.0982925,0.10868749999999999,0.12042999999999998,0.13934999999999997,314.1758165
38,26,6,LT05_012031_20070907,0.06614500000000001,0.06169000000000002,0.0596275,0.06980249999999999,314.81156822
39,26,7,LT05_012031_20070907,0.0810225,0.08052749999999997,0.08250750000000001,0.08842,314.81156822
40,27,7,LT05_012031_20070907,0.0685925,0.05217499999999997,0.06345,0.0744225,314.81156822
41,27,8,LT05_012031_20070907,0.08099499999999998,0.08993250000000003,0.078685,0.1023075,314.73637178
42,28,8,LT05_012031_20070907,0.0535775,0.0710675,0.06345,0.0744225,314.35697156000003
1,13,0,LT05_012031_20070923,0.033062499999999995,0.039525000000000005,0.0384525,0.04252249999999999,303.76110956
2,14,0,LT05_012031_20070923,0.03528999999999999,0.04868249999999999,0.0384525,0.0382325,304.09607552
3,14,1,LT05_012031_20070923,0.05104750000000002,0.05784,0.05676749999999997,0.0683725,304.5882704
4,15,0,LT05_012031_20070923,0.05104750000000002,0.07607249999999999,0.06776749999999998,0.07266250000000002,305.07704726
5,15,1,LT05_012031_20070923,0.06672250000000002,0.085175,0.09337000000000001,0.11132750000000002,304.5882704
6,16,0,LT05_012031_20070923,0.08237,0.11237249999999999,0.12978,0.158435,305.07704726
7,16,1,LT05_012031_20070923,0.10453499999999999,0.16643750000000002,0.19135249999999998,0.2395875,305.07704726
8,16,2,LT05_012031_20070923,0.09348000000000001,0.16643750000000002,0.1587925,0.20545999999999998,304.9813427
10,17,1,LT05_012031_20070923,0.08011499999999999,0.1259575,0.14429999999999998,0.192645,305.07704726
11,17,2,LT05_012031_20070923,0.05775750000000002,0.08971249999999997,0.09337000000000001,0.12419750000000002,304.9813427
12,18,1,LT05_012031_20070923,0.05104750000000002,0.0715075,0.06776749999999998,0.07695249999999998,304.5882704
13,18,2,LT05_012031_20070923,0.05327500000000002,0.06240499999999999,0.06776749999999998,0.07695249999999998,304.48914781999997
14,18,3,LT05_012031_20070923,0.030780000000000002,0.034932500000000005,0.023712499999999997,0.033915,304.48914781999997
15,19,1,LT05_012031_20070923,0.073405,0.085175,0.09337000000000001,0.13704,304.09607552
16,19,2,LT05_012031_20070923,0.09125250000000001,0.11691000000000001,0.13701249999999998,0.1541725,304.09607552
17,19,3,LT05_012031_20070923,0.06895000000000001,0.09881499999999999,0.08602749999999998,0.09416750000000002,303.99695294
18,20,2,LT05_012031_20070923,0.08902500000000002,0.10783500000000001,0.115205,0.13274999999999998,302.6058188
19,20,3,LT05_012031_20070923,0.08456999999999998,0.10783500000000001,0.10426000000000002,0.11561749999999998,303.00914516
20,20,4,LT05_012031_20070923,0.060012500000000024,0.085175,0.08968500000000001,0.08984999999999999,303.50475806
21,21,2,LT05_012031_20070923,0.04879249999999999,0.06694250000000002,0.06408249999999999,0.06834499999999999,300.91731691999996
22,21,3,LT05_012031_20070923,0.073405,0.08061000000000001,0.08602749999999998,0.10274749999999999,301.67611736000003
23,21,4,LT05_012031_20070923,0.03303500000000001,0.04868249999999999,0.05308249999999998,0.05113000000000001,302.67076118
25,22,3,LT05_012031_20070923,0.09125250000000001,0.10335250000000001,0.115205,0.13704,301.17708644
26,22,4,LT05_012031_20070923,0.066695,0.09425,0.09697250000000002,0.1199075,302.67076118
27,22,5,LT05_012031_20070923,0.05775750000000002,0.0715075,0.07142500000000002,0.08556000000000002,303.65856896
28,23,3,LT05_012031_20070923,0.06224000000000002,0.07604499999999997,0.07873999999999998,0.08984999999999999,301.67611736000003
29,23,4,LT05_012031_20070923,0.08679749999999997,0.10783500000000001,0.11886249999999998,0.13704,303.16637407999997
30,23,5,LT05_012031_20070923,0.08902500000000002,0.11237249999999999,0.1224925,0.1541725,304.15076383999997
32,24,4,LT05_012031_20070923,0.05550250000000001,0.07604499999999997,0.07505499999999998,0.08127000000000001,304.6395407
33,24,5,LT05_012031_20070923,0.0711775,0.085175,0.08602749999999998,0.10274749999999999,305.61367640000003
34,24,6,LT05_012031_20070923,0.08008749999999998,0.10335250000000001,0.0933425,0.09845749999999998,306.09561722
35,25,5,LT05_012031_20070923,0.05550250000000001,0.0532475,0.060425000000000006,0.07266250000000002,306.97063033999996
36,25,6,LT05_012031_20070923,0.05775750000000002,0.07604499999999997,0.07505499999999998,0.07695249999999998,306.97063033999996
37,25,7,LT05_012031_20070923,0.08679749999999997,0.08971249999999997,0.08968500000000001,0.09845749999999998,306.48868952
38,26,6,LT05_012031_20070923,0.04653750000000001,0.05781249999999999,0.049425,0.05113000000000001,307.45257116
39,26,7,LT05_012031_20070923,0.08456999999999998,0.085175,0.07873999999999998,0.08984999999999999,306.48868952
40,27,7,LT05_012031_20070923,0.057730000000000004,0.05781249999999999,0.060425000000000006,0.06834499999999999,306.00333068
41,27,8,LT05_012031_20070923,0.0689225,0.08061000000000001,0.07873999999999998,0.08127000000000001,304.95058052
42,28,8,LT05_012031_20070923,0.042027499999999995,0.0532475,0.05308249999999998,0.0597375,304.07556739999995
1,13,0,LT05_012031_20080214,0.026324999999999987,0.02401500000000001,0.028112499999999985,0.02313499999999999,276.28022876
2,14,0,LT05_012031_20080214,0.035977499999999996,0.02401500000000001,0.028112499999999985,0.02313499999999999,277.38766724
3,14,1,LT05_012031_20080214,0.042385000000000006,0.036142499999999994,0.038012500000000005,0.034932500000000005,278.87108792000004
4,15,0,LT05_012031_20080214,0.04879249999999999,0.048242499999999994,0.04788500000000001,0.046729999999999994,278.87108792000004
5,15,1,LT05_012031_20080214,0.05517250000000001,0.05429250000000002,0.06268000000000001,0.07615499999999997,278.87108792000004
6,16,0,LT05_012031_20080214,0.0679325,0.07835500000000001,0.0774475,0.09378249999999999,278.87108792000004
7,16,1,LT05_012031_20080214,0.09012500000000001,0.1142975,0.14597749999999998,0.18753000000000003,278.87108792000004
8,16,2,LT05_012031_20080214,0.0869625,0.1142975,0.14111,0.164155,278.78563742
10,17,1,LT05_012031_20080214,0.06474249999999998,0.07835500000000001,0.1019775,0.1231525,278.31053264
11,17,2,LT05_012031_20080214,0.05517250000000001,0.06031500000000001,0.06760250000000001,0.08204,278.22850016
12,18,1,LT05_012031_20080214,0.058362499999999984,0.07233250000000002,0.06268000000000001,0.06438500000000003,277.74997736
13,18,2,LT05_012031_20080214,0.06155250000000001,0.05429250000000002,0.05280750000000001,0.07615499999999997,277.66452686
14,18,3,LT05_012031_20080214,0.0295425,0.02401500000000001,0.018240000000000006,0.02313499999999999,276.27681074
15,19,1,LT05_012031_20080214,0.0679325,0.07835500000000001,0.08234249999999999,0.11726750000000002,277.18600405999996
16,19,2,LT05_012031_20080214,0.07428499999999999,0.07233250000000002,0.072525,0.07615499999999997,277.18600405999996
17,19,3,LT05_012031_20080214,0.039167499999999994,0.042192499999999994,0.04788500000000001,0.046729999999999994,277.10055356
18,20,2,LT05_012031_20080214,0.0679325,0.06031500000000001,0.06268000000000001,0.06438500000000003,276.61519472
19,20,3,LT05_012031_20080214,0.07109500000000002,0.07835500000000001,0.072525,0.08204,276.53316224
20,20,4,LT05_012031_20080214,0.058362499999999984,0.048242499999999994,0.06268000000000001,0.07615499999999997,276.53316224
23,21,4,LT05_012031_20080214,0.042385000000000006,0.030092499999999994,0.03309000000000001,0.04081750000000001,276.24263054
26,22,4,LT05_012031_20080214,0.06474249999999998,0.06031500000000001,0.06268000000000001,0.08204,275.67523922
27,22,5,LT05_012031_20080214,0.05198249999999999,0.06031500000000001,0.057730000000000004,0.07615499999999997,276.81002186
28,23,3,LT05_012031_20080214,0.042385000000000006,0.048242499999999994,0.04788500000000001,0.046729999999999994,275.10101185999997
29,23,4,LT05_012031_20080214,0.07109500000000002,0.08434999999999998,0.08726499999999998,0.11143750000000002,275.67523922
30,23,5,LT05_012031_20080214,0.09012500000000001,0.10233500000000001,0.1166625,0.140725,276.81002186
32,24,4,LT05_012031_20080214,0.05517250000000001,0.06031500000000001,0.06268000000000001,0.07615499999999997,276.24263054
33,24,5,LT05_012031_20080214,0.06155250000000001,0.0663375,0.06268000000000001,0.08792499999999998,276.81002186
34,24,6,LT05_012031_20080214,0.07109500000000002,0.06031500000000001,0.072525,0.07615499999999997,277.37399516
35,25,5,LT05_012031_20080214,0.045575000000000004,0.048242499999999994,0.05280750000000001,0.05261500000000002,277.7055431
36,25,6,LT05_012031_20080214,0.05517250000000001,0.048242499999999994,0.05280750000000001,0.05852750000000001,278.2695164
37,25,7,LT05_012031_20080214,0.07109500000000002,0.07233250000000002,0.072525,0.06438500000000003,278.2695164
38,26,6,LT05_012031_20080214,0.05198249999999999,0.048242499999999994,0.04788500000000001,0.05261500000000002,278.2695164
39,26,7,LT05_012031_20080214,0.0679325,0.06031500000000001,0.06760250000000001,0.06438500000000003,278.2695164
40,27,7,LT05_012031_20080214,0.04879249999999999,0.048242499999999994,0.05280750000000001,0.05261500000000002,276.83394799999996
41,27,8,LT05_012031_20080214,0.05198249999999999,0.05429250000000002,0.057730000000000004,0.05852750000000001,278.20115599999997
42,28,8,LT05_012031_20080214,0.042385000000000006,0.042192499999999994,0.04788500000000001,0.046729999999999994,277.86960806
1,13,0,LT05_012031_20080317,0.03982749999999999,0.03685749999999999,0.045520000000000005,0.0474175,283.5161771
2,14,0,LT05_012031_20080317,0.03982749999999999,0.03685749999999999,0.04194500000000001,0.043155,283.82038088
3,14,1,LT05_012031_20080317,0.05118499999999998,0.05426500000000001,0.05269750000000001,0.05591499999999999,283.82038088
4,15,0,LT05_012031_20080317,0.05572250000000001,0.06292750000000003,0.07062750000000001,0.07288250000000002,284.34675596
5,15,1,LT05_012031_20080317,0.04893,0.05858249999999998,0.067025,0.07714500000000002,284.34675596
6,16,0,LT05_012031_20080317,0.07601750000000002,0.10613,0.12414249999999999,0.132255,284.86971302
7,16,1,LT05_012031_20080317,0.12078749999999999,0.1703425,0.2092,0.2883175,284.86971302
8,16,2,LT05_012031_20080317,0.10293999999999998,0.14903,0.18799749999999998,0.22097,285.30380156
10,17,1,LT05_012031_20080317,0.07601750000000002,0.08888750000000001,0.10989749999999998,0.14495999999999998,285.39267008
11,17,2,LT05_012031_20080317,0.0534675,0.06727250000000001,0.07062750000000001,0.07714500000000002,285.30380156
12,18,1,LT05_012031_20080317,0.05115750000000002,0.06727250000000001,0.067025,0.07288250000000002,285.39267008
13,18,2,LT05_012031_20080317,0.0443925,0.045575000000000004,0.04194500000000001,0.05165249999999999,285.30380156
14,18,3,LT05_012031_20080317,0.028469999999999995,0.0325125,0.027590000000000003,0.030395000000000005,283.83063494
15,19,1,LT05_012031_20080317,0.06928000000000001,0.08022499999999999,0.07417499999999999,0.10260999999999998,283.82038088
16,19,2,LT05_012031_20080317,0.08500999999999997,0.09317750000000002,0.09922750000000002,0.11108000000000001,284.34675596
17,19,3,LT05_012031_20080317,0.05572250000000001,0.06727250000000001,0.0777775,0.07714500000000002,284.25788744
18,20,2,LT05_012031_20080317,0.08726499999999998,0.08022499999999999,0.09207749999999998,0.10681750000000001,282.22416554
19,20,3,LT05_012031_20080317,0.07601750000000002,0.09317750000000002,0.09207749999999998,0.09408499999999997,282.66850814
20,20,4,LT05_012031_20080317,0.06705250000000001,0.06727250000000001,0.0813525,0.0898775,283.20171926
21,21,2,LT05_012031_20080317,0.0534675,0.049892500000000006,0.05987500000000001,0.06864749999999997,280.43654108
22,21,3,LT05_012031_20080317,0.062487499999999974,0.06727250000000001,0.067025,0.07714500000000002,280.75783495999997
23,21,4,LT05_012031_20080317,0.05118499999999998,0.045575000000000004,0.05630000000000002,0.05591499999999999,281.83109324
25,22,3,LT05_012031_20080317,0.09400249999999999,0.09752250000000001,0.10989749999999998,0.132255,280.2177878
26,22,4,LT05_012031_20080317,0.08055499999999999,0.08888750000000001,0.09922750000000002,0.115315,281.83109324
27,22,5,LT05_012031_20080317,0.06477,0.07158999999999999,0.0813525,0.09408499999999997,283.42389056
28,23,3,LT05_012031_20080317,0.06474249999999998,0.05858249999999998,0.05987500000000001,0.06438500000000003,281.29788212
29,23,4,LT05_012031_20080317,0.08503749999999999,0.08888750000000001,0.09922750000000002,0.12378499999999998,282.89751548000004
30,23,5,LT05_012031_20080317,0.10071249999999998,0.11044749999999998,0.12769000000000003,0.1534025,284.4732227
32,24,4,LT05_012031_20080317,0.0534675,0.05858249999999998,0.067025,0.085615,284.4732227
33,24,5,LT05_012031_20080317,0.06930750000000002,0.0802525,0.08492749999999999,0.09834749999999998,285.51230078000003
34,24,6,LT05_012031_20080317,0.0872925,0.08459749999999999,0.09207749999999998,0.09408499999999997,286.0284218
35,25,5,LT05_012031_20080317,0.05124000000000001,0.045630000000000004,0.04915,0.051680000000000004,286.89659888
36,25,6,LT05_012031_20080317,0.06479750000000001,0.058609999999999995,0.06705250000000001,0.06864749999999997,286.89659888
37,25,7,LT05_012031_20080317,0.07607249999999999,0.08459749999999999,0.07780500000000001,0.08140750000000002,286.89659888
38,26,6,LT05_012031_20080317,0.05352249999999997,0.045630000000000004,0.056327499999999975,0.060177499999999995,286.89659888
39,26,7,LT05_012031_20080317,0.07158999999999999,0.08459749999999999,0.07780500000000001,0.08140750000000002,286.38389587999995
40,27,7,LT05_012031_20080317,0.04675750000000001,0.05431999999999998,0.052779999999999994,0.060177499999999995,285.86777486
41,27,8,LT05_012031_20080317,0.06939000000000001,0.067355,0.06710749999999999,0.08140750000000002,285.2764574
42,28,8,LT05_012031_20080317,0.04904,0.050002500000000005,0.049177499999999985,0.060177499999999995,284.92440134000003
1,13,0,LT05_012031_20080402,0.052202499999999985,0.058609999999999995,0.05008499999999999,0.06570500000000001,289.0020992
2,14,0,LT05_012031_20080402,0.052202499999999985,0.058609999999999995,0.05343999999999999,0.06188250000000001,289.31655704
3,14,1,LT05_012031_20080402,0.05828,0.07112249999999998,0.073515,0.07714500000000002,289.31655704
4,15,0,LT05_012031_20080402,0.07651249999999998,0.0836075,0.08017000000000002,0.08094000000000001,289.81900598
5,15,1,LT05_012031_20080402,0.0562725,0.07112249999999998,0.073515,0.0695,289.81900598
6,16,0,LT05_012031_20080402,0.09260000000000002,0.12505,0.13682,0.1531825,289.81900598
7,16,1,LT05_012031_20080402,0.10863250000000002,0.1826625,0.199795,0.2365625,290.31803690000004
8,16,2,LT05_012031_20080402,0.10464499999999999,0.1498275,0.17664000000000002,0.21764250000000002,290.22575036
10,17,1,LT05_012031_20080402,0.08052749999999997,0.10849500000000001,0.1168825,0.13038499999999997,290.31803690000004
11,17,2,LT05_012031_20080402,0.0623225,0.07112249999999998,0.0902075,0.0961475,290.22575036
12,18,1,LT05_012031_20080402,0.0623225,0.079455,0.06683250000000002,0.08853,289.81900598
13,18,2,LT05_012031_20080402,0.054237499999999994,0.06279000000000001,0.06347750000000002,0.06188250000000001,289.72671944
14,18,3,LT05_012031_20080402,0.039965,0.03768250000000001,0.03333749999999999,0.03141250000000001,289.72671944
15,19,1,LT05_012031_20080402,0.08855750000000001,0.10021750000000001,0.10687249999999998,0.12276749999999997,288.30482312000004
16,19,2,LT05_012031_20080402,0.10662500000000003,0.14157750000000002,0.15672999999999998,0.16077249999999998,288.30482312000004
17,19,3,LT05_012031_20080402,0.08052749999999997,0.09191250000000001,0.09356249999999999,0.09997,288.21253658
18,20,2,LT05_012031_20080402,0.09463500000000002,0.12917499999999998,0.1168825,0.11897249999999998,286.77013214
19,20,3,LT05_012031_20080402,0.10063,0.1167725,0.1168825,0.13038499999999997,287.19396661999997
20,20,4,LT05_012031_20080402,0.06435750000000001,0.08776,0.09356249999999999,0.0923525,287.19396661999997
21,21,2,LT05_012031_20080402,0.06031500000000001,0.07112249999999998,0.06347750000000002,0.06570500000000001,285.5669891
22,21,3,LT05_012031_20080402,0.08052749999999997,0.0836075,0.0902075,0.103765,285.85410278
23,21,4,LT05_012031_20080402,0.0562725,0.07112249999999998,0.073515,0.07714500000000002,286.37022379999996
25,22,3,LT05_012031_20080402,0.10464499999999999,0.12505,0.14014749999999998,0.1531825,285.85410278
26,22,4,LT05_012031_20080402,0.07244250000000002,0.08776,0.09356249999999999,0.0923525,286.87950878000004
27,22,5,LT05_012031_20080402,0.07043500000000003,0.07527499999999998,0.08352500000000002,0.0961475,288.4039457
28,23,3,LT05_012031_20080402,0.08052749999999997,0.0836075,0.08017000000000002,0.08094000000000001,286.37022379999996
29,23,4,LT05_012031_20080402,0.09260000000000002,0.10849500000000001,0.1135275,0.12276749999999997,287.39221178
30,23,5,LT05_012031_20080402,0.0986225,0.120925,0.13349250000000001,0.145565,288.90639464000003
32,24,4,LT05_012031_20080402,0.06840000000000002,0.079455,0.08688000000000001,0.08853,288.90639464000003
33,24,5,LT05_012031_20080402,0.07849250000000002,0.10021750000000001,0.10687249999999998,0.103765,290.4034874
34,24,6,LT05_012031_20080402,0.09460750000000001,0.10437000000000002,0.10021750000000001,0.09997,291.39129518
35,25,5,LT05_012031_20080402,0.0562725,0.06694250000000002,0.07016,0.06570500000000001,291.26482844
36,25,6,LT05_012031_20080402,0.07651249999999998,0.09191250000000001,0.08352500000000002,0.07714500000000002,292.2492182
37,25,7,LT05_012031_20080402,0.10863250000000002,0.1167725,0.12020999999999998,0.11897249999999998,292.74141308000003
38,26,6,LT05_012031_20080402,0.0562725,0.06694250000000002,0.06347750000000002,0.058087500000000014,291.76044134
39,26,7,LT05_012031_20080402,0.08655000000000002,0.08776,0.08688000000000001,0.08853,292.2492182
40,27,7,LT05_012031_20080402,0.060287499999999994,0.058609999999999995,0.06014999999999998,0.06188250000000001,291.76044134
41,27,8,LT05_012031_20080402,0.07651249999999998,0.09191250000000001,0.0902075,0.08094000000000001,291.6852449
42,28,8,LT05_012031_20080402,0.0562725,0.06694250000000002,0.07016,0.06570500000000001,290.82732188
1,13,0,LT05_012031_20080520,0.08190249999999999,0.08756750000000002,0.08633000000000002,0.10797250000000003,297.98465576
2,14,0,LT05_012031_20080520,0.08899750000000001,0.09444249999999998,0.10060249999999998,0.12543500000000002,299.34844574
3,14,1,LT05_012031_20080520,0.09251749999999997,0.10134500000000002,0.109155,0.13588499999999998,299.86798478000003
4,15,0,LT05_012031_20080520,0.0960375,0.1013175,0.109155,0.1393775,300.3841058
5,15,1,LT05_012031_20080520,0.103105,0.11853249999999999,0.12342750000000002,0.146335,300.90022682
6,16,0,LT05_012031_20080520,0.11891750000000001,0.13563750000000002,0.14617000000000002,0.18114999999999998,300.90022682
7,16,1,LT05_012031_20080520,0.1503775,0.16973749999999999,0.1801875,0.21239000000000002,300.90022682
8,16,2,LT05_012031_20080520,0.14342,0.1527425,0.163165,0.20196750000000002,300.80452226
10,17,1,LT05_012031_20080520,0.12593,0.1425125,0.1546675,0.18810749999999998,300.3841058
11,17,2,LT05_012031_20080520,0.11011749999999998,0.11853249999999999,0.1262875,0.15681250000000002,299.77228021999997
12,18,1,LT05_012031_20080520,0.09070250000000002,0.09788000000000002,0.109155,0.13588499999999998,299.34844574
13,18,2,LT05_012031_20080520,0.09249000000000002,0.10821999999999998,0.11773499999999998,0.13588499999999998,299.25615919999996
14,18,3,LT05_012031_20080520,0.07293749999999999,0.07714500000000002,0.07769500000000001,0.09746749999999998,298.73320214
15,19,1,LT05_012031_20080520,0.10128999999999999,0.11506749999999999,0.1348125,0.16726249999999998,298.8289067
16,19,2,LT05_012031_20080520,0.12414249999999999,0.14930500000000002,0.16602499999999998,0.195065,298.8289067
17,19,3,LT05_012031_20080520,0.11539749999999999,0.1322275,0.14047749999999998,0.16726249999999998,298.21024508
18,20,2,LT05_012031_20080520,0.11185,0.14248500000000003,0.14617000000000002,0.16030499999999998,298.30594964
19,20,3,LT05_012031_20080520,0.12241000000000002,0.12879000000000002,0.14617000000000002,0.1916,298.21024508
20,20,4,LT05_012031_20080520,0.08536749999999999,0.11165750000000002,0.11773499999999998,0.13241999999999998,298.21024508
21,21,2,LT05_012031_20080520,0.09064749999999999,0.11506749999999999,0.10912749999999999,0.12892750000000003,297.60183752
22,21,3,LT05_012031_20080520,0.11006250000000001,0.11506749999999999,0.13195250000000003,0.17072749999999998,297.88553318000004
23,21,4,LT05_012031_20080520,0.08179249999999999,0.10128999999999999,0.10057500000000003,0.12892750000000003,298.40849024
25,22,3,LT05_012031_20080520,0.11889,0.13563750000000002,0.1433375,0.17421999999999999,297.88553318000004
26,22,4,LT05_012031_20080520,0.1047825,0.12194250000000001,0.1348125,0.17421999999999999,298.92802928000003
27,22,5,LT05_012031_20080520,0.10654249999999998,0.11503999999999998,0.1348125,0.16726249999999998,299.96027132
28,23,3,LT05_012031_20080520,0.097715,0.11503999999999998,0.12340000000000001,0.14985500000000002,297.88553318000004
29,23,4,LT05_012031_20080520,0.10302250000000002,0.12194250000000001,0.1348125,0.170755,299.4441503
30,23,5,LT05_012031_20080520,0.11006250000000001,0.11850500000000003,0.1348125,0.17421999999999999,300.98567732000004
32,24,4,LT05_012031_20080520,0.09768749999999998,0.10470000000000002,0.11198750000000002,0.14287,300.98567732000004
33,24,5,LT05_012031_20080520,0.097715,0.11847750000000001,0.12340000000000001,0.15334750000000003,302.50669622
34,24,6,LT05_012031_20080520,0.11358249999999998,0.11847750000000001,0.1290925,0.15681250000000002,303.5115941
35,25,5,LT05_012031_20080520,0.0656775,0.07706249999999998,0.08050000000000002,0.09744000000000003,304.89931021999996
36,25,6,LT05_012031_20080520,0.08173750000000002,0.090895,0.10054750000000001,0.11492999999999998,305.39492312
37,25,7,LT05_012031_20080520,0.10830250000000002,0.12879000000000002,0.1348125,0.15681250000000002,305.89053602
38,26,6,LT05_012031_20080520,0.07816250000000002,0.08745750000000002,0.08335999999999999,0.10794500000000001,307.36712065999996
39,26,7,LT05_012031_20080520,0.11182249999999999,0.121915,0.13192500000000001,0.1359125,306.8783438
40,27,7,LT05_012031_20080520,0.08346999999999999,0.08050000000000002,0.10052,0.11842249999999999,307.85589752
41,27,8,LT05_012031_20080520,0.09766000000000002,0.121915,0.11770750000000002,0.12892750000000003,306.79972934
42,28,8,LT05_012031_20080520,0.06919750000000002,0.08396500000000001,0.08622000000000002,0.09744000000000003,306.40665704
1,13,0,LT05_012031_20080621,0.06482500000000002,0.073075,0.08644000000000002,0.11853249999999999,313.99124342
2,14,0,LT05_012031_20080621,0.07403749999999998,0.08019749999999998,0.08935500000000002,0.11135499999999998,314.91752684
3,14,1,LT05_012031_20080621,0.07403749999999998,0.08732000000000001,0.09229749999999998,0.11135499999999998,314.91752684
4,15,0,LT05_012031_20080621,0.08324999999999999,0.09444249999999998,0.10404000000000002,0.11492999999999998,315.50200826
5,15,1,LT05_012031_20080621,0.07772249999999997,0.08734750000000002,0.08938249999999998,0.10775249999999997,314.91752684
6,16,0,LT05_012031_20080621,0.09788000000000002,0.11570000000000003,0.1273875,0.15444750000000002,316.08648968
7,16,1,LT05_012031_20080621,0.14493250000000002,0.16838999999999998,0.17958249999999998,0.204525,315.50542628
8,16,2,LT05_012031_20080621,0.14493250000000002,0.1788675,0.1853575,0.19737500000000002,314.81840425999997
10,17,1,LT05_012031_20080621,0.11245500000000003,0.133355,0.14773750000000002,0.168775,316.08648968
11,17,2,LT05_012031_20080621,0.09240749999999998,0.10508499999999998,0.10404000000000002,0.1293125,315.40288568
12,18,1,LT05_012031_20080621,0.08690750000000003,0.10156500000000002,0.11281249999999998,0.12934,316.08648968
13,18,2,LT05_012031_20080621,0.09059250000000002,0.09799000000000002,0.11572749999999998,0.14369500000000002,314.81840425999997
14,18,3,LT05_012031_20080621,0.06672250000000002,0.07312999999999997,0.08352500000000002,0.08971249999999997,314.23392284
15,19,1,LT05_012031_20080621,0.09059250000000002,0.11218,0.11572749999999998,0.15087250000000002,314.92094485999996
16,19,2,LT05_012031_20080621,0.13959749999999999,0.1579125,0.1738075,0.22234500000000001,314.33304541999996
17,19,3,LT05_012031_20080621,0.116085,0.14386,0.16222999999999999,0.1795275,314.23392284
18,20,2,LT05_012031_20080621,0.12516,0.133355,0.15065250000000002,0.183075,313.1504105
19,20,3,LT05_012031_20080621,0.1142975,0.1579125,0.165145,0.1759525,313.64260537999996
20,20,4,LT05_012031_20080621,0.09425,0.10156500000000002,0.11572749999999998,0.14369500000000002,314.23392284
21,21,2,LT05_012031_20080621,0.08693499999999998,0.08737499999999998,0.10112500000000002,0.122135,311.17479493999997
22,21,3,LT05_012031_20080621,0.09975,0.1298625,0.1273875,0.14369500000000002,312.11816846
23,21,4,LT05_012031_20080621,0.0869625,0.098045,0.11572749999999998,0.13294250000000002,313.88870282
25,22,3,LT05_012031_20080621,0.12155749999999999,0.15444750000000002,0.1593425,0.21162000000000003,310.9286975
26,22,4,LT05_012031_20080621,0.09975,0.11572749999999998,0.1361325,0.16880250000000002,313.30422139999996
27,22,5,LT05_012031_20080621,0.09243499999999999,0.10514000000000001,0.11864249999999998,0.14729750000000003,314.47660226
28,23,3,LT05_012031_20080621,0.10340749999999999,0.10865999999999998,0.10989749999999998,0.1365175,310.32712598
29,23,4,LT05_012031_20080621,0.10885250000000002,0.12634250000000002,0.14193499999999998,0.17237750000000002,312.71290394
30,23,5,LT05_012031_20080621,0.11432500000000001,0.1298625,0.14193499999999998,0.175925,314.47660226
32,24,4,LT05_012031_20080621,0.1233725,0.14391500000000002,0.1622575,0.183075,311.52685099999997
33,24,5,LT05_012031_20080621,0.10340749999999999,0.11220750000000002,0.12447249999999999,0.16162500000000002,313.89212083999996
34,24,6,LT05_012031_20080621,0.11432500000000001,0.1298625,0.1361325,0.14727,315.05766566
35,25,5,LT05_012031_20080621,0.10340749999999999,0.10159249999999997,0.11284,0.14012000000000002,312.50782274
36,25,6,LT05_012031_20080621,0.12516,0.133355,0.1390475,0.16162500000000002,314.28177512
37,25,7,LT05_012031_20080621,0.152165,0.17191,0.176695,0.21519500000000003,314.86967456
38,26,6,LT05_012031_20080621,0.1700125,0.1788675,0.18821749999999998,0.23650749999999998,311.31151574
39,26,7,LT05_012031_20080621,0.20367249999999998,0.23076000000000002,0.23703000000000002,0.2790775,311.90966923999997
40,27,7,LT05_012031_20080621,0.18777749999999999,0.21008,0.2141225,0.268435,307.66107037999996
41,27,8,LT05_012031_20080621,0.212445,0.223885,0.22845,0.29318500000000003,308.81294312
42,28,8,LT05_012031_20080621,0.2159375,0.22735,0.23703000000000002,0.29318500000000003,304.1097476
1,13,0,LT05_012031_20080707,0.07412000000000002,0.08756750000000002,0.08379999999999999,0.109925,312.67872374
2,14,0,LT05_012031_20080707,0.08272750000000001,0.10060249999999998,0.08723750000000002,0.10989749999999998,314.53129058
3,14,1,LT05_012031_20080707,0.08492749999999999,0.0962575,0.097495,0.11399500000000001,315.29350904
4,15,0,LT05_012031_20080707,0.09562500000000002,0.10920999999999997,0.1111625,0.12614999999999998,316.04889146
5,15,1,LT05_012031_20080707,0.08487250000000002,0.10057500000000003,0.10093249999999998,0.11399500000000001,316.80427388
6,16,0,LT05_012031_20080707,0.10849500000000001,0.13077,0.14179750000000002,0.16253250000000002,316.80427388
7,16,1,LT05_012031_20080707,0.12342750000000002,0.156455,0.16209250000000003,0.186705,316.80427388
8,16,2,LT05_012031_20080707,0.11275750000000001,0.14793,0.15535500000000002,0.17465999999999998,316.70856932000004
10,17,1,LT05_012031_20080707,0.10417749999999998,0.13077,0.135005,0.17061749999999998,315.29009102
11,17,2,LT05_012031_20080707,0.0869625,0.11349999999999999,0.12139250000000001,0.14234750000000002,315.19438646000003
12,18,1,LT05_012031_20080707,0.08690750000000003,0.10483749999999997,0.121365,0.13833250000000002,313.76223608
13,18,2,LT05_012031_20080707,0.08044499999999999,0.09617500000000001,0.10428749999999998,0.11801,312.90089504
14,18,3,LT05_012031_20080707,0.07395499999999999,0.08311249999999998,0.07681500000000002,0.09356249999999999,313.66994954
15,19,1,LT05_012031_20080707,0.091225,0.12645250000000002,0.12477500000000002,0.1545025,311.43798247999996
16,19,2,LT05_012031_20080707,0.12122749999999999,0.16924250000000002,0.17218499999999998,0.20276500000000003,311.43798247999996
17,19,3,LT05_012031_20080707,0.1041225,0.12645250000000002,0.13497750000000003,0.1666025,312.1250045
18,20,2,LT05_012031_20080707,0.11055749999999998,0.14364,0.14517999999999998,0.158545,310.6552559
19,20,3,LT05_012031_20080707,0.11053000000000002,0.1350325,0.1485625,0.18673250000000002,311.34569594
20,20,4,LT05_012031_20080707,0.0782175,0.11347249999999998,0.1076975,0.12612250000000003,312.89747702
21,21,2,LT05_012031_20080707,0.09116999999999997,0.109155,0.09741250000000001,0.12208000000000002,310.48093688
22,21,3,LT05_012031_20080707,0.10192250000000003,0.12210749999999998,0.13497750000000003,0.158545,311.02782007999997
23,21,4,LT05_012031_20080707,0.0803625,0.1047825,0.1042325,0.1301925,312.57618314
25,22,3,LT05_012031_20080707,0.104095,0.13932250000000002,0.14859,0.1867875,311.80371062
26,22,4,LT05_012031_20080707,0.09114250000000002,0.11779,0.12133749999999999,0.158545,313.34181962
27,22,5,LT05_012031_20080707,0.08467999999999998,0.1134175,0.12133749999999999,0.1545025,314.10403808
28,23,3,LT05_012031_20080707,0.09328750000000002,0.1263975,0.121365,0.14641749999999998,312.57276512
29,23,4,LT05_012031_20080707,0.10406749999999998,0.1350325,0.14177,0.17873,314.10403808
30,23,5,LT05_012031_20080707,0.09757749999999998,0.12208000000000002,0.13154,0.16663,314.86283851999997
32,24,4,LT05_012031_20080707,0.1018675,0.12208000000000002,0.12474750000000001,0.14641749999999998,314.10403808
33,24,5,LT05_012031_20080707,0.09108749999999999,0.11776249999999999,0.11792750000000002,0.1342625,315.61822094
34,24,6,LT05_012031_20080707,0.11044749999999998,0.12208000000000002,0.12815749999999998,0.15045999999999998,316.37018534000003
35,25,5,LT05_012031_20080707,0.07588,0.10038249999999999,0.09389249999999999,0.10577249999999999,316.74958556
36,25,6,LT05_012031_20080707,0.10830250000000002,0.12205250000000001,0.11792750000000002,0.1301925,317.49813194
37,25,7,LT05_012031_20080707,0.1232625,0.14787499999999998,0.16209250000000003,0.1746875,317.49813194
38,26,6,LT05_012031_20080707,0.08454250000000002,0.091665,0.08701750000000003,0.09757749999999998,318.2432603
39,26,7,LT05_012031_20080707,0.10183999999999999,0.11773499999999998,0.12815749999999998,0.138305,317.49813194
40,27,7,LT05_012031_20080707,0.084515,0.10472749999999997,0.10420499999999999,0.12205250000000001,318.2432603
41,27,8,LT05_012031_20080707,0.11256500000000003,0.139295,0.12813000000000002,0.138305,318.16806385999996
42,28,8,LT05_012031_20080707,0.08017000000000002,0.109045,0.10074,0.10984250000000001,317.04011726
1,13,0,LT05_012031_20080824,0.03881000000000001,0.037077499999999985,0.03919500000000001,0.05701499999999998,308.88130351999996
2,14,0,LT05_012031_20080824,0.043127499999999985,0.04538249999999999,0.04937,0.06526500000000002,309.74264456000003
3,14,1,LT05_012031_20080824,0.04530000000000001,0.053605000000000014,0.0628725,0.07348749999999998,310.26218359999996
4,15,0,LT05_012031_20080824,0.06031500000000001,0.06597999999999998,0.0662275,0.08580749999999998,309.74264456000003
5,15,1,LT05_012031_20080824,0.06460500000000002,0.07829999999999998,0.08973999999999999,0.10629499999999997,310.26218359999996
6,16,0,LT05_012031_20080824,0.08171,0.0987325,0.10984250000000001,0.13901999999999998,310.26218359999996
7,16,1,LT05_012031_20080824,0.10923749999999999,0.14339249999999998,0.1464725,0.1837625,310.26218359999996
8,16,2,LT05_012031_20080824,0.11344500000000002,0.127195,0.13649,0.1715525,310.16306102
10,17,1,LT05_012031_20080824,0.08597250000000001,0.1069,0.10984250000000001,0.14716,310.26218359999996
11,17,2,LT05_012031_20080824,0.07741999999999999,0.0742025,0.08638499999999999,0.1021975,310.16306102
12,18,1,LT05_012031_20080824,0.06460500000000002,0.07007750000000001,0.079675,0.10629499999999997,309.74264456000003
13,18,2,LT05_012031_20080824,0.06034250000000002,0.06188250000000001,0.079675,0.08171,309.64352198
14,18,3,LT05_012031_20080824,0.02803,0.02464749999999999,0.02228250000000001,0.036390000000000006,309.64352198
15,19,1,LT05_012031_20080824,0.07741999999999999,0.08649499999999999,0.09980499999999998,0.15120250000000002,309.21968749999996
16,19,2,LT05_012031_20080824,0.10503000000000001,0.127195,0.14314500000000002,0.1715525,309.21968749999996
17,19,3,LT05_012031_20080824,0.08171,0.11097000000000001,0.10984250000000001,0.13085249999999998,309.12056492
18,20,2,LT05_012031_20080824,0.09232499999999999,0.11097000000000001,0.11982500000000001,0.13899250000000002,308.16351932
19,20,3,LT05_012031_20080824,0.09655999999999998,0.11097000000000001,0.11316999999999999,0.13899250000000002,308.59418984
20,20,4,LT05_012031_20080824,0.06674999999999998,0.08649499999999999,0.09644999999999998,0.1021975,309.12056492
21,21,2,LT05_012031_20080824,0.0539075,0.06597999999999998,0.0662275,0.07761249999999997,306.91936004
22,21,3,LT05_012031_20080824,0.0753025,0.07829999999999998,0.08973999999999999,0.11448999999999998,307.2030557
23,21,4,LT05_012031_20080824,0.04530000000000001,0.05775750000000002,0.0662275,0.07348749999999998,308.25580586
25,22,3,LT05_012031_20080824,0.10711999999999999,0.10282999999999998,0.11985249999999997,0.15527249999999998,307.2030557
26,22,4,LT05_012031_20080824,0.07741999999999999,0.0987325,0.10648750000000001,0.13899250000000002,308.25580586
27,22,5,LT05_012031_20080824,0.06889499999999998,0.08239750000000001,0.09980499999999998,0.13085249999999998,309.82125901999996
28,23,3,LT05_012031_20080824,0.07103999999999999,0.07007750000000001,0.079675,0.10629499999999997,307.72943078000003
29,23,4,LT05_012031_20080824,0.07741999999999999,0.09466249999999998,0.10648750000000001,0.1349225,308.77876291999996
30,23,5,LT05_012031_20080824,0.08385500000000001,0.0987325,0.11316999999999999,0.15527249999999998,310.34079806
32,24,4,LT05_012031_20080824,0.07103999999999999,0.08649499999999999,0.08638499999999999,0.1021975,309.82125901999996
33,24,5,LT05_012031_20080824,0.0753025,0.07829999999999998,0.09644999999999998,0.12265749999999997,311.36962208
34,24,6,LT05_012031_20080824,0.08809,0.10282999999999998,0.10313250000000002,0.11858750000000001,312.39161006
35,25,5,LT05_012031_20080824,0.04961750000000001,0.04538249999999999,0.05610749999999998,0.06113999999999997,312.2788154
36,25,6,LT05_012031_20080824,0.06463249999999998,0.07007750000000001,0.06958249999999999,0.08171,312.7915184
37,25,7,LT05_012031_20080824,0.09232499999999999,0.1069,0.10648750000000001,0.12265749999999997,313.30080338
38,26,6,LT05_012031_20080824,0.04530000000000001,0.06188250000000001,0.05610749999999998,0.06526500000000002,312.7915184
39,26,7,LT05_012031_20080824,0.09232499999999999,0.09466249999999998,0.09980499999999998,0.11448999999999998,312.7915184
40,27,7,LT05_012031_20080824,0.056052500000000005,0.06188250000000001,0.059462499999999974,0.07761249999999997,312.2788154
41,27,8,LT05_012031_20080824,0.08385500000000001,0.09059250000000002,0.09980499999999998,0.1021975,311.68749793999996
42,28,8,LT05_012031_20080824,0.0539075,0.057784999999999975,0.0662275,0.07348749999999998,310.26560162
1,13,0,LT05_012031_20081011,0.024675000000000002,0.024565000000000003,0.0264075,0.02599499999999999,294.61790606
2,14,0,LT05_012031_20081011,0.029872499999999996,0.04024,0.03058749999999999,0.030917499999999987,295.16137124
3,14,1,LT05_012031_20081011,0.04274249999999999,0.04024,0.03476750000000001,0.04073499999999999,297.31130582000003
4,15,0,LT05_012031_20081011,0.0479125,0.05586000000000002,0.05979249999999997,0.06034250000000002,298.93828334
5,15,1,LT05_012031_20081011,0.040185,0.0506625,0.0473075,0.04565749999999999,299.47491248
6,16,0,LT05_012031_20081011,0.0837175,0.10258250000000002,0.09306750000000003,0.10934749999999999,300.01154162
7,16,1,LT05_012031_20081011,0.10657,0.13866250000000002,0.151065,0.16803250000000003,300.54475274000004
8,16,2,LT05_012031_20081011,0.0863025,0.11806499999999998,0.11382999999999999,0.12892750000000003,300.97884128
10,17,1,LT05_012031_20081011,0.08118750000000002,0.09221499999999999,0.09306750000000003,0.12403249999999999,301.07454584
11,17,2,LT05_012031_20081011,0.06078250000000002,0.07670500000000002,0.08063749999999997,0.09466249999999998,300.97884128
12,18,1,LT05_012031_20081011,0.045355000000000006,0.05586000000000002,0.05564000000000002,0.06526500000000002,300.01154162
13,18,2,LT05_012031_20081011,0.03762750000000001,0.0506625,0.043127499999999985,0.05052499999999999,299.91583706
14,18,3,LT05_012031_20081011,0.027315000000000006,0.02979000000000001,0.022254999999999997,0.02599499999999999,298.367474
15,19,1,LT05_012031_20081011,0.06586999999999998,0.08187499999999998,0.08478999999999998,0.12403249999999999,297.854771
16,19,2,LT05_012031_20081011,0.0837175,0.11292249999999998,0.1055525,0.11913750000000001,298.39823618
17,19,3,LT05_012031_20081011,0.05308249999999998,0.05588749999999998,0.059819999999999984,0.05544749999999998,298.30594964
18,20,2,LT05_012031_20081011,0.07865749999999999,0.09741250000000001,0.09306750000000003,0.1044525,296.21412139999995
19,20,3,LT05_012031_20081011,0.07101249999999998,0.08187499999999998,0.09306750000000003,0.09466249999999998,297.21901928
20,20,4,LT05_012031_20081011,0.05049749999999997,0.07147999999999999,0.0722775,0.07997749999999998,297.76248446
21,21,2,LT05_012031_20081011,0.037654999999999994,0.05069000000000001,0.038947499999999996,0.05544749999999998,295.48950116000003
22,21,3,LT05_012031_20081011,0.05819750000000001,0.061112500000000014,0.06397249999999999,0.07016,296.35426022
23,21,4,LT05_012031_20081011,0.040212499999999984,0.05069000000000001,0.0473075,0.05544749999999998,297.44119058
25,22,3,LT05_012031_20081011,0.07101249999999998,0.08704499999999998,0.09306750000000003,0.09955750000000002,296.35426022
26,22,4,LT05_012031_20081011,0.05308249999999998,0.061112500000000014,0.059819999999999984,0.07016,297.44119058
27,22,5,LT05_012031_20081011,0.05308249999999998,0.06630999999999998,0.0722775,0.08487250000000002,298.52128489999996
28,23,3,LT05_012031_20081011,0.05049749999999997,0.05588749999999998,0.059819999999999984,0.06526500000000002,296.8977254
29,23,4,LT05_012031_20081011,0.0761,0.10775249999999997,0.10967749999999998,0.12403249999999999,297.98123774
30,23,5,LT05_012031_20081011,0.08883249999999998,0.11292249999999998,0.12625999999999998,0.14848,299.05791404
32,24,4,LT05_012031_20081011,0.07101249999999998,0.08704499999999998,0.08478999999999998,0.09466249999999998,298.52128489999996
33,24,5,LT05_012031_20081011,0.07101249999999998,0.08704499999999998,0.08894249999999998,0.09466249999999998,299.05791404
34,24,6,LT05_012031_20081011,0.0761,0.07670500000000002,0.07648500000000003,0.08487250000000002,299.59112516
35,25,5,LT05_012031_20081011,0.04538249999999999,0.05588749999999998,0.05148750000000002,0.0505525,299.4270602
36,25,6,LT05_012031_20081011,0.07101249999999998,0.07147999999999999,0.06397249999999999,0.07505499999999998,299.96368934
37,25,7,LT05_012031_20081011,0.0863025,0.09221499999999999,0.10139999999999999,0.09466249999999998,299.96368934
38,26,6,LT05_012031_20081011,0.05566749999999998,0.061112500000000014,0.05566749999999998,0.05544749999999998,299.4270602
39,26,7,LT05_012031_20081011,0.078685,0.0715075,0.08063749999999997,0.07997749999999998,299.4270602
40,27,7,LT05_012031_20081011,0.04538249999999999,0.04549249999999999,0.04733499999999999,0.05544749999999998,299.4270602
41,27,8,LT05_012031_20081011,0.060809999999999975,0.08190249999999999,0.0681525,0.06526500000000002,299.35528178
42,28,8,LT05_012031_20081011,0.045410000000000006,0.05588749999999998,0.05566749999999998,0.0505525,298.98613562
1,13,0,LT05_012031_20081027,0.03716,0.031797500000000006,0.029514999999999986,0.030120000000000008,291.40838528
2,14,0,LT05_012031_20081027,0.043072499999999986,0.03740750000000001,0.0387275,0.04133999999999999,291.96552254
3,14,1,LT05_012031_20081027,0.04598749999999999,0.04299,0.034107499999999985,0.04133999999999999,292.51924178
4,15,0,LT05_012031_20081027,0.04013,0.03740750000000001,0.034107499999999985,0.0357575,294.64525022
5,15,1,LT05_012031_20081027,0.051844999999999974,0.048600000000000004,0.0387275,0.04133999999999999,293.07296102
6,16,0,LT05_012031_20081027,0.06644749999999999,0.08209499999999997,0.08456999999999998,0.097385,295.20238747999997
7,16,1,LT05_012031_20081027,0.09260000000000002,0.10428749999999998,0.10744999999999999,0.13093500000000002,295.20238747999997
8,16,2,LT05_012031_20081027,0.07807999999999998,0.08209499999999997,0.09372750000000002,0.10296749999999999,295.11010094
10,17,1,LT05_012031_20081027,0.0722775,0.08209499999999997,0.0754125,0.11413250000000003,294.64525022
11,17,2,LT05_012031_20081027,0.057674999999999976,0.0653475,0.07082,0.0861925,294.5563817
12,18,1,LT05_012031_20081027,0.057674999999999976,0.0653475,0.06166250000000001,0.05817,294.08811296
13,18,2,LT05_012031_20081027,0.054759999999999975,0.05420999999999998,0.05247750000000001,0.052559999999999996,293.99582641999996
14,18,3,LT05_012031_20081027,0.04013,0.0205775,0.029514999999999986,0.030120000000000008,293.07296102
15,19,1,LT05_012031_20081027,0.0751925,0.09317750000000002,0.0982925,0.12532500000000002,293.52413966
16,19,2,LT05_012031_20081027,0.08390999999999998,0.08765,0.08456999999999998,0.097385,293.52413966
17,19,3,LT05_012031_20081027,0.054759999999999975,0.03738,0.0387275,0.046977500000000005,293.99582641999996
18,20,2,LT05_012031_20081027,0.0751925,0.07092999999999999,0.06166250000000001,0.0749725,292.96016636
19,20,3,LT05_012031_20081027,0.060645000000000004,0.05976500000000001,0.06166250000000001,0.0749725,293.43527114
20,20,4,LT05_012031_20081027,0.057674999999999976,0.05976500000000001,0.05247750000000001,0.06378,293.99582641999996
21,21,2,LT05_012031_20081027,0.054759999999999975,0.048600000000000004,0.0479125,0.05817,292.22529206
22,21,3,LT05_012031_20081027,0.060645000000000004,0.07092999999999999,0.06625500000000001,0.0749725,292.56367604
23,21,4,LT05_012031_20081027,0.054759999999999975,0.05420999999999998,0.05247750000000001,0.06378,291.96552254
25,22,3,LT05_012031_20081027,0.06939000000000001,0.08209499999999997,0.0754125,0.0861925,291.99628472
26,22,4,LT05_012031_20081027,0.06353249999999999,0.05976500000000001,0.06625500000000001,0.0749725,293.12423132000004
27,22,5,LT05_012031_20081027,0.06061749999999999,0.07092999999999999,0.0754125,0.0805825,293.6847866
28,23,3,LT05_012031_20081027,0.060645000000000004,0.0653475,0.06166250000000001,0.05817,291.99628472
29,23,4,LT05_012031_20081027,0.09260000000000002,0.08765,0.11201499999999998,0.13093500000000002,292.56367604
30,23,5,LT05_012031_20081027,0.0810225,0.10426000000000002,0.1165525,0.1420725,293.6847866
32,24,4,LT05_012031_20081027,0.09260000000000002,0.09317750000000002,0.1165525,0.11974249999999997,293.12423132000004
33,24,5,LT05_012031_20081027,0.06939000000000001,0.07648500000000003,0.08000499999999999,0.097385,293.6847866
34,24,6,LT05_012031_20081027,0.0751925,0.07092999999999999,0.0754125,0.0805825,294.24192386
35,25,5,LT05_012031_20081027,0.054759999999999975,0.05976500000000001,0.05707000000000001,0.05817,294.60081596
36,25,6,LT05_012031_20081027,0.06353249999999999,0.05976500000000001,0.06166250000000001,0.0693625,295.1545352
37,25,7,LT05_012031_20081027,0.08390999999999998,0.09317750000000002,0.09372750000000002,0.0861925,294.60081596
38,26,6,LT05_012031_20081027,0.04598749999999999,0.05418250000000002,0.05247750000000001,0.052559999999999996,293.62326224000003
39,26,7,LT05_012031_20081027,0.06939000000000001,0.07648500000000003,0.0754125,0.0693625,295.1545352
40,27,7,LT05_012031_20081027,0.051844999999999974,0.04299,0.0479125,0.046977500000000005,295.1545352
41,27,8,LT05_012031_20081027,0.057674999999999976,0.05976500000000001,0.05707000000000001,0.05817,294.52903754
42,28,8,LT05_012031_20081027,0.054759999999999975,0.05976500000000001,0.06166250000000001,0.052559999999999996,294.17356345999997
1,13,0,LE07_012031_19990707,0.0626525,0.07500000000000001,0.08204,0.0962575,315.95660492
2,14,0,LE07_012031_19990707,0.0661175,0.07692500000000002,0.08374500000000001,0.09383750000000002,319.7130089
3,14,1,LE07_012031_19990707,0.06952750000000002,0.07884999999999998,0.08545000000000003,0.09867749999999997,321.23402780000004
4,15,0,LE07_012031_19990707,0.06262499999999999,0.08072000000000001,0.08715499999999998,0.09381,321.53823158
5,15,1,LE07_012031_19990707,0.06435750000000001,0.07310250000000001,0.08028000000000002,0.09136250000000001,322.44058886
6,16,0,LE07_012031_19990707,0.06782250000000001,0.0864125,0.09567999999999999,0.10602,323.03874236
7,16,1,LE07_012031_19990707,0.048765,0.06356,0.06999499999999997,0.07915250000000001,322.44058886
8,16,2,LE07_012031_19990707,0.06608999999999998,0.07882250000000002,0.08886,0.10112500000000002,321.10414304
10,17,1,LE07_012031_19990707,0.05049749999999997,0.059709999999999985,0.06485249999999998,0.0693625,321.83901734
11,17,2,LE07_012031_19990707,0.06606250000000002,0.08072000000000001,0.08542250000000001,0.09381,320.49915350000003
12,18,1,LE07_012031_19990707,0.0781075,0.0921325,0.10593750000000002,0.11091499999999999,319.7130089
13,18,2,LE07_012031_19990707,0.08498250000000002,0.10538750000000002,0.1195775,0.1377,319.27892036000003
14,18,3,LE07_012031_19990707,0.08498250000000002,0.10538750000000002,0.11619499999999999,0.12793749999999998,319.27892036000003
15,19,1,LE07_012031_19990707,0.10384749999999998,0.13187,0.1553,0.169325,317.24861648
16,19,2,LE07_012031_19990707,0.11234499999999997,0.14881,0.1688575,0.196,317.24861648
17,19,3,LE07_012031_19990707,0.10041,0.12433499999999997,0.138305,0.14988249999999997,316.8076919
18,20,2,LE07_012031_19990707,0.12086999999999998,0.163825,0.19589,0.22751500000000002,314.42191393999997
19,20,3,LE07_012031_19990707,0.09699999999999998,0.11864249999999998,0.1366,0.14988249999999997,314.2954472
20,20,4,LE07_012031_19990707,0.07637500000000003,0.09969499999999998,0.11787249999999999,0.1255175,315.24223874
21,21,2,LE07_012031_19990707,0.11913750000000001,0.16008499999999998,0.192535,0.222675,312.70264987999997
22,21,3,LE07_012031_19990707,0.09867749999999997,0.11864249999999998,0.14168750000000002,0.15716999999999998,313.05812396
23,21,4,LE07_012031_19990707,0.0625425,0.0806925,0.09909000000000001,0.10843999999999998,314.32620938
25,22,3,LE07_012031_19990707,0.0952675,0.126205,0.1468025,0.1620375,313.06154198
26,22,4,LE07_012031_19990707,0.10552499999999998,0.1281025,0.1450975,0.15716999999999998,314.95854308
27,22,5,LE07_012031_19990707,0.10552499999999998,0.12241000000000002,0.14001000000000002,0.14988249999999997,315.27300091999996
28,23,3,LE07_012031_19990707,0.08151750000000002,0.11295,0.13148500000000002,0.1425675,314.3296274
29,23,4,LE07_012031_19990707,0.10549750000000002,0.13374000000000003,0.15021250000000003,0.1620375,316.83161803999997
30,23,5,LE07_012031_19990707,0.108935,0.13561,0.1468025,0.1620375,318.06552325999996
32,24,4,LE07_012031_19990707,0.07290999999999997,0.09015250000000002,0.10079500000000002,0.11333500000000002,318.68076686
33,24,5,LE07_012031_19990707,0.10038249999999999,0.12241000000000002,0.13148500000000002,0.1377275,319.59679622
34,24,6,LE07_012031_19990707,0.11404999999999998,0.128075,0.1332175,0.1352525,319.90099999999995
35,25,5,LE07_012031_19990707,0.05212,0.06919750000000002,0.07678750000000001,0.08644000000000002,319.70959088
36,25,6,LE07_012031_19990707,0.08839249999999998,0.09966750000000002,0.10591,0.10843999999999998,320.32141646
37,25,7,LE07_012031_19990707,0.139515,0.163825,0.18070999999999998,0.18145250000000002,320.32141646
38,26,6,LE07_012031_19990707,0.07802500000000001,0.09207749999999998,0.09732999999999997,0.09865000000000002,319.7130089
39,26,7,LE07_012031_19990707,0.11231750000000001,0.126205,0.13148500000000002,0.13283250000000002,320.01721268
40,27,7,LE07_012031_19990707,0.07802500000000001,0.09397499999999998,0.10420499999999999,0.10599249999999999,318.7901435
41,27,8,LE07_012031_19990707,0.096945,0.1223825,0.1366,0.1474625,317.88095018
42,28,8,LE07_012031_19990707,0.07458749999999997,0.09964,0.11273,0.1304125,316.75300358
1,13,0,LE07_012031_19990824,0.023629999999999984,0.03792999999999999,0.04205500000000001,0.059462499999999974,302.84166217999996
2,14,0,LE07_012031_19990824,0.02599499999999999,0.040459999999999996,0.03988249999999999,0.0564925,305.10780944
3,14,1,LE07_012031_19990824,0.0353175,0.04543749999999999,0.048600000000000004,0.06551249999999997,305.88028196
4,15,0,LE07_012031_19990824,0.03303500000000001,0.038012500000000005,0.04205500000000001,0.062487499999999974,306.64933646
5,15,1,LE07_012031_19990824,0.03303500000000001,0.04048750000000001,0.048600000000000004,0.06551249999999997,307.02873668
6,16,0,LE07_012031_19990824,0.03069749999999999,0.043017499999999986,0.04862749999999999,0.06853749999999997,307.79095514
7,16,1,LE07_012031_19990824,0.03303500000000001,0.04048750000000001,0.0507725,0.06251499999999999,307.79095514
8,16,2,LE07_012031_19990824,0.03069749999999999,0.0504425,0.05294500000000002,0.07156249999999997,307.29534223999997
10,17,1,LE07_012031_19990824,0.023739999999999983,0.035509999999999986,0.03991,0.053495000000000015,307.79095514
11,17,2,LE07_012031_19990824,0.03069749999999999,0.045465000000000005,0.055145,0.06853749999999997,306.91594202
12,18,1,LE07_012031_19990824,0.03309000000000001,0.043017499999999986,0.05517250000000001,0.06853749999999997,305.88028196
13,18,2,LE07_012031_19990824,0.040075,0.055420000000000025,0.0660075,0.08055499999999999,305.76406928
14,18,3,LE07_012031_19990824,0.040047499999999986,0.055420000000000025,0.0681525,0.08355249999999997,306.15030554
15,19,1,LE07_012031_19990824,0.06551249999999997,0.08267249999999998,0.09837499999999999,0.11349999999999999,304.32850088
16,19,2,LE07_012031_19990824,0.07010499999999997,0.09496500000000002,0.1134175,0.13140249999999998,304.71815516000004
17,19,3,LE07_012031_19990824,0.04934250000000001,0.07035249999999998,0.0811325,0.1015375,305.38125104
18,20,2,LE07_012031_19990824,0.09072999999999998,0.11702000000000001,0.1411925,0.1581325,303.5457743
19,20,3,LE07_012031_19990824,0.04937,0.07279999999999998,0.0897675,0.10750500000000002,304.60536049999996
20,20,4,LE07_012031_19990824,0.04934250000000001,0.06540249999999997,0.07898749999999999,0.09554249999999997,306.15030554
21,21,2,LE07_012031_19990824,0.0816,0.10967749999999998,0.134785,0.15513500000000002,303.04332536
22,21,3,LE07_012031_19990824,0.04937,0.07035249999999998,0.09194000000000002,0.10750500000000002,303.95935471999996
23,21,4,LE07_012031_19990824,0.03776499999999999,0.05544749999999998,0.06386249999999999,0.08055499999999999,304.73524526
25,22,3,LE07_012031_19990824,0.058609999999999995,0.08765,0.109155,0.128405,304.349009
26,22,4,LE07_012031_19990824,0.04705999999999999,0.07035249999999998,0.08547749999999998,0.10156500000000002,304.73524526
27,22,5,LE07_012031_19990824,0.04937,0.07035249999999998,0.08333249999999998,0.09554249999999997,304.73524526
28,23,3,LE07_012031_19990824,0.06787749999999998,0.0900975,0.11556250000000001,0.13737,305.12148152
29,23,4,LE07_012031_19990824,0.051680000000000004,0.0753025,0.09411249999999999,0.1105025,305.89053602
30,23,5,LE07_012031_19990824,0.04939750000000001,0.0753025,0.0897675,0.10750500000000002,306.27335426
32,24,4,LE07_012031_19990824,0.03779250000000001,0.055475,0.06603500000000001,0.08357999999999999,307.79095514
33,24,5,LE07_012031_19990824,0.04939750000000001,0.06292750000000003,0.07035249999999998,0.0925725,308.54291953999996
34,24,6,LE07_012031_19990824,0.04939750000000001,0.06787749999999998,0.07898749999999999,0.08960249999999997,308.54291953999996
35,25,5,LE07_012031_19990824,0.035454999999999987,0.04554749999999999,0.050854999999999984,0.06856499999999999,309.29830196
36,25,6,LE07_012031_19990824,0.0447775,0.057977500000000015,0.06389,0.0775575,308.92231976
37,25,7,LE07_012031_19990824,0.054017499999999996,0.07038,0.07898749999999999,0.08960249999999997,308.54291953999996
38,26,6,LE07_012031_19990824,0.0354825,0.045575000000000004,0.046509999999999996,0.0625425,308.54291953999996
39,26,7,LE07_012031_19990824,0.049425,0.06295499999999998,0.06603500000000001,0.0805825,308.92231976
40,27,7,LE07_012031_19990824,0.033172499999999994,0.048077499999999995,0.05737249999999999,0.07158999999999999,307.78753712
41,27,8,LE07_012031_19990824,0.0563825,0.072855,0.079015,0.09856749999999997,307.8012092
42,28,8,LE07_012031_19990824,0.04246749999999999,0.06295499999999998,0.072525,0.09556999999999999,306.58097606
1,13,0,LE07_012031_19990909,0.0740925,0.08226,0.078795,0.08489999999999998,308.59077182
2,14,0,LE07_012031_19990909,0.07684249999999998,0.07940000000000003,0.07629249999999999,0.0814625,310.2450935
3,14,1,LE07_012031_19990909,0.07962000000000002,0.08522999999999997,0.07882250000000002,0.08492749999999999,312.01562786
4,15,0,LE07_012031_19990909,0.07687,0.08806249999999999,0.08379999999999999,0.09180250000000001,312.45313441999997
5,15,1,LE07_012031_19990909,0.07964749999999998,0.08231499999999997,0.0838275,0.09183000000000002,313.76223608
6,16,0,LE07_012031_19990909,0.07687,0.08806249999999999,0.0863025,0.09523999999999999,314.62699513999996
7,16,1,LE07_012031_19990909,0.07964749999999998,0.09097749999999999,0.08880500000000002,0.09870499999999999,315.05766566
8,16,2,LE07_012031_19990909,0.08514749999999999,0.09103250000000002,0.08883249999999998,0.10898999999999998,314.94145298
10,17,1,LE07_012031_19990909,0.07695249999999998,0.07368000000000002,0.07136999999999999,0.07805250000000002,315.05766566
11,17,2,LE07_012031_19990909,0.08514749999999999,0.08531250000000001,0.08883249999999998,0.10214250000000002,314.07669392
12,18,1,LE07_012031_19990909,0.08511999999999997,0.09389249999999999,0.09878749999999997,0.09870499999999999,312.01220983999997
13,18,2,LE07_012031_19990909,0.09598250000000003,0.09680749999999999,0.10621249999999999,0.11583749999999998,311.4584906
14,18,3,LE07_012031_19990909,0.09061999999999998,0.09969499999999998,0.10624,0.115865,311.01756602
15,19,1,LE07_012031_19990909,0.10670750000000001,0.1282125,0.140725,0.16016750000000002,308.90181164
16,19,2,LE07_012031_19990909,0.128075,0.14804,0.1651725,0.19061,308.90181164
17,19,3,LE07_012031_19990909,0.09064749999999999,0.10827500000000001,0.11858750000000001,0.126095,309.68453822000004
18,20,2,LE07_012031_19990909,0.13340999999999997,0.1621475,0.17977500000000002,0.20408500000000002,307.99603634
19,20,3,LE07_012031_19990909,0.08525749999999999,0.10830250000000002,0.11369249999999997,0.12956,308.78901698
20,20,4,LE07_012031_19990909,0.09878749999999997,0.10547000000000001,0.10874250000000002,0.12612250000000003,309.68453822000004
21,21,2,LE07_012031_19990909,0.11748750000000002,0.13957000000000003,0.157885,0.19061,307.8866597
22,21,3,LE07_012031_19990909,0.090675,0.10830250000000002,0.11858750000000001,0.13638,308.08490486
23,21,4,LE07_012031_19990909,0.09342499999999998,0.09688999999999998,0.1013175,0.11245500000000003,308.53266548
25,22,3,LE07_012031_19990909,0.09337000000000001,0.11119000000000001,0.12848749999999998,0.15337499999999998,308.53266548
26,22,4,LE07_012031_19990909,0.09881499999999999,0.11121750000000002,0.12356499999999998,0.13638,308.9804261
27,22,5,LE07_012031_19990909,0.1015375,0.11124499999999998,0.11864249999999998,0.12956,308.9804261
28,23,3,LE07_012031_19990909,0.10145500000000002,0.11402250000000003,0.1407525,0.16693249999999998,309.42818672
29,23,4,LE07_012031_19990909,0.10687249999999998,0.12543500000000002,0.13338250000000001,0.15337499999999998,309.87252932
30,23,5,LE07_012031_19990909,0.11226249999999999,0.1283225,0.138305,0.1567575,310.7577965
32,24,4,LE07_012031_19990909,0.08806249999999999,0.09977750000000002,0.10134500000000002,0.11589250000000001,312.0737342
33,24,5,LE07_012031_19990909,0.10156500000000002,0.10838500000000001,0.1112725,0.12956,312.50782274
34,24,6,LE07_012031_19990909,0.114985,0.13398749999999998,0.128515,0.13979000000000003,312.94191128
35,25,5,LE07_012031_19990909,0.10156500000000002,0.10838500000000001,0.10879749999999999,0.1227125,312.88038692
36,25,6,LE07_012031_19990909,0.1388275,0.14528999999999997,0.15299000000000001,0.16690500000000003,313.31789348
37,25,7,LE07_012031_19990909,0.14941500000000002,0.156565,0.1724325,0.18717250000000002,312.88038692
38,26,6,LE07_012031_19990909,0.138855,0.14245750000000001,0.14809499999999998,0.16690500000000003,312.44288036
39,26,7,LE07_012031_19990909,0.14149499999999998,0.1509275,0.16030499999999998,0.17028749999999998,312.44288036
40,27,7,LE07_012031_19990909,0.10167500000000002,0.10843999999999998,0.11132750000000002,0.12274000000000002,312.00537380000003
41,27,8,LE07_012031_19990909,0.09903499999999998,0.10563499999999998,0.10390250000000001,0.11932999999999999,312.01904588
42,28,8,LE07_012031_19990909,0.09097749999999999,0.09425,0.09900750000000003,0.11592000000000002,311.12352464
1,13,0,LE07_012031_19991011,0.03842499999999999,0.034135,0.03182499999999999,0.036032499999999995,292.68330674000003
2,14,0,LE07_012031_19991011,0.0384525,0.039635000000000004,0.03182499999999999,0.036032499999999995,293.73263887999997
3,14,1,LE07_012031_19991011,0.04851749999999999,0.042385000000000006,0.044062500000000004,0.04978250000000001,296.80202083999995
4,15,0,LE07_012031_19991011,0.04851749999999999,0.056162500000000004,0.05382500000000001,0.06009500000000001,297.84109892000004
5,15,1,LE07_012031_19991011,0.04851749999999999,0.053385000000000016,0.05382500000000001,0.06009500000000001,298.53153896000003
6,16,0,LE07_012031_19991011,0.061112500000000014,0.07260749999999999,0.07579750000000002,0.08412999999999998,300.23713094
7,16,1,LE07_012031_19991011,0.05608000000000002,0.06438500000000003,0.061167499999999986,0.07040750000000001,299.55694496
8,16,2,LE07_012031_19991011,0.061112500000000014,0.067135,0.07092999999999999,0.0806925,298.41874429999996
10,17,1,LE07_012031_19991011,0.058609999999999995,0.06438500000000003,0.058719999999999994,0.06012250000000002,299.21514296
11,17,2,LE07_012031_19991011,0.06864749999999997,0.07260749999999999,0.07579750000000002,0.08756750000000002,298.41532628
12,18,1,LE07_012031_19991011,0.053605000000000014,0.06438500000000003,0.061167499999999986,0.07040750000000001,297.49246088
13,18,2,LE07_012031_19991011,0.06361499999999998,0.07260749999999999,0.0782175,0.09441500000000003,297.0344462
14,18,3,LE07_012031_19991011,0.07365250000000001,0.08627499999999999,0.09039999999999998,0.09785250000000001,296.33717012
15,19,1,LE07_012031_19991011,0.091115,0.10263749999999999,0.109815,0.121805,293.97873632
16,19,2,LE07_012031_19991011,0.091115,0.11349999999999999,0.13162249999999998,0.15257749999999998,293.61984422
17,19,3,LE07_012031_19991011,0.07615499999999997,0.08355249999999997,0.1025275,0.11495749999999999,293.86935968
18,20,2,LE07_012031_19991011,0.07365250000000001,0.10536000000000001,0.134015,0.15257749999999998,291.81512966
19,20,3,LE07_012031_19991011,0.06364249999999999,0.0808025,0.1025275,0.121805,292.79268337999997
20,20,4,LE07_012031_19991011,0.06614500000000001,0.07535750000000002,0.0806925,0.091005,294.22483376
21,21,2,LE07_012031_19991011,0.06364249999999999,0.08627499999999999,0.11226249999999999,0.1286525,291.70917104
22,21,3,LE07_012031_19991011,0.06364249999999999,0.08083000000000001,0.08798,0.10470000000000002,292.18427582000004
23,21,4,LE07_012031_19991011,0.046097499999999986,0.05619000000000002,0.053852500000000025,0.06012250000000002,291.62372054
25,22,3,LE07_012031_19991011,0.07865749999999999,0.09719250000000001,0.126755,0.14573000000000003,293.26095211999996
26,22,4,LE07_012031_19991011,0.061167499999999986,0.06169000000000002,0.06606250000000002,0.07730999999999999,293.26095211999996
27,22,5,LE07_012031_19991011,0.05113000000000001,0.056217499999999976,0.056327499999999975,0.06699749999999999,293.6164262
28,23,3,LE07_012031_19991011,0.08116000000000001,0.10538750000000002,0.1171025,0.14232,294.67943042
29,23,4,LE07_012031_19991011,0.09359,0.10538750000000002,0.11952249999999998,0.13206250000000003,295.73218058
30,23,5,LE07_012031_19991011,0.09609250000000003,0.10808250000000003,0.11952249999999998,0.12521500000000002,295.73218058
32,24,4,LE07_012031_19991011,0.06367,0.07266250000000002,0.07824500000000001,0.08759499999999998,297.12331472
33,24,5,LE07_012031_19991011,0.08118750000000002,0.0863025,0.09284749999999997,0.09785250000000001,297.12331472
34,24,6,LE07_012031_19991011,0.0687025,0.06991249999999999,0.0709575,0.07043500000000003,296.77467667999997
35,25,5,LE07_012031_19991011,0.046125,0.050744999999999985,0.05143249999999999,0.0532475,297.83426288
36,25,6,LE07_012031_19991011,0.056162500000000004,0.0534675,0.05143249999999999,0.0532475,297.83426288
37,25,7,LE07_012031_19991011,0.061195,0.06444,0.06367,0.06012250000000002,296.79176678
38,26,6,LE07_012031_19991011,0.0536875,0.047967499999999996,0.04659250000000001,0.0567125,297.48904286
39,26,7,LE07_012031_19991011,0.06619999999999998,0.06718999999999997,0.07098500000000002,0.067025,296.79176678
40,27,7,LE07_012031_19991011,0.05115750000000002,0.050744999999999985,0.05387999999999998,0.06014999999999998,296.0944907
41,27,8,LE07_012031_19991011,0.05619000000000002,0.04799500000000001,0.04901249999999999,0.04642750000000001,294.69652052000004
42,28,8,LE07_012031_19991011,0.046152499999999985,0.04799500000000001,0.05387999999999998,0.05327500000000002,294.95970806
1,13,0,LE07_012031_19991027,0.048545000000000005,0.05148750000000002,0.042715,0.045795,288.82094414
2,14,0,LE07_012031_19991027,0.048545000000000005,0.048380000000000006,0.039965,0.03825999999999999,289.87027628
3,14,1,LE07_012031_19991027,0.05420999999999998,0.054595000000000005,0.050937500000000024,0.049589999999999995,292.21161998
4,15,0,LE07_012031_19991027,0.05987500000000001,0.054595000000000005,0.050937500000000024,0.045795,291.93817837999995
5,15,1,LE07_012031_19991027,0.0626525,0.06696999999999997,0.056410000000000016,0.060892500000000016,293.2575341
6,16,0,LE07_012031_19991027,0.06831749999999998,0.06696999999999997,0.07010499999999997,0.06466,295.32201818
7,16,1,LE07_012031_19991027,0.0626525,0.06696999999999997,0.05913249999999998,0.060892500000000016,294.63841418
8,16,2,LE07_012031_19991027,0.057042499999999996,0.06696999999999997,0.06463249999999998,0.06842749999999997,294.52561951999996
10,17,1,LE07_012031_19991027,0.05987500000000001,0.06078250000000002,0.0536875,0.0533575,295.66382018
11,17,2,LE07_012031_19991027,0.06548500000000002,0.06386249999999999,0.06463249999999998,0.06466,294.86742152
12,18,1,LE07_012031_19991027,0.05987500000000001,0.06386249999999999,0.06463249999999998,0.06466,292.90889605999996
13,18,2,LE07_012031_19991027,0.0626525,0.07310250000000001,0.08099499999999998,0.07973000000000002,291.40154924
14,18,3,LE07_012031_19991027,0.06548500000000002,0.07005,0.07555,0.07599,292.45088138
15,19,1,LE07_012031_19991027,0.06548500000000002,0.08237,0.09194000000000002,0.0948,288.29456905999996
16,19,2,LE07_012031_19991027,0.06831749999999998,0.09161000000000002,0.10830250000000002,0.11737750000000002,286.83507452000003
17,19,3,LE07_012031_19991027,0.07112249999999998,0.08237,0.10285749999999999,0.10987000000000002,289.98307094
18,20,2,LE07_012031_19991027,0.07112249999999998,0.08545000000000003,0.10558000000000001,0.11360999999999999,285.35507186
19,20,3,LE07_012031_19991027,0.0626525,0.08545000000000003,0.09194000000000002,0.09856749999999997,288.18861044
20,20,4,LE07_012031_19991027,0.07395499999999999,0.07928999999999997,0.07827250000000002,0.0834975,291.40154924
21,21,2,LE07_012031_19991027,0.06831749999999998,0.07928999999999997,0.09466249999999998,0.10987000000000002,286.36338776
22,21,3,LE07_012031_19991027,0.06548500000000002,0.07005,0.08377249999999997,0.0834975,287.58020288
23,21,4,LE07_012031_19991027,0.04851749999999999,0.05456749999999999,0.04821500000000001,0.0533575,290.79997772
25,22,3,LE07_012031_19991027,0.07959250000000001,0.08853,0.10013499999999997,0.11360999999999999,290.44450364
26,22,4,LE07_012031_19991027,0.06831749999999998,0.06696999999999997,0.067355,0.07222250000000002,291.84930986
27,22,5,LE07_012031_19991027,0.06548500000000002,0.06386249999999999,0.06463249999999998,0.06466,292.54658594
28,23,3,LE07_012031_19991027,0.07395499999999999,0.08853,0.097385,0.11360999999999999,293.58566401999997
29,23,4,LE07_012031_19991027,0.08800750000000002,0.10698249999999998,0.11647000000000002,0.12491249999999998,293.92746602
30,23,5,LE07_012031_19991027,0.09639500000000001,0.11921999999999999,0.13005499999999998,0.13618750000000002,293.58566401999997
32,24,4,LE07_012031_19991027,0.05701499999999998,0.07005,0.07282749999999999,0.07973000000000002,295.291256
33,24,5,LE07_012031_19991027,0.08239750000000001,0.09469,0.097385,0.09856749999999997,295.62963998
34,24,6,LE07_012031_19991027,0.08239750000000001,0.08545000000000003,0.08649499999999999,0.0872925,294.26926802
35,25,5,LE07_012031_19991027,0.04851749999999999,0.06078250000000002,0.06463249999999998,0.05712499999999998,296.6755541
36,25,6,LE07_012031_19991027,0.06831749999999998,0.07005,0.067355,0.06842749999999997,295.31860015999996
37,25,7,LE07_012031_19991027,0.08520250000000001,0.08545000000000003,0.08649499999999999,0.07599,293.25411608
38,26,6,LE07_012031_19991027,0.0626525,0.06386249999999999,0.05913249999999998,0.06466,294.28977613999996
39,26,7,LE07_012031_19991027,0.07676,0.08545000000000003,0.08377249999999997,0.07599,293.25411608
40,27,7,LE07_012031_19991027,0.0626525,0.07005,0.06463249999999998,0.06466,292.90547804
41,27,8,LE07_012031_19991027,0.06831749999999998,0.07005,0.067355,0.06466,291.86981798
42,28,8,LE07_012031_19991027,0.06548500000000002,0.06696999999999997,0.06463249999999998,0.06842749999999997,291.43231142
1,13,0,LE07_012031_20000115,0.06166250000000001,0.05602499999999999,0.03969,0.043072499999999986,261.88694654
2,14,0,LE07_012031_20000115,0.10148249999999998,0.08715499999999998,0.07035249999999998,0.06765749999999998,261.88694654
3,14,1,LE07_012031_20000115,0.12912,0.11812,0.11234499999999997,0.10211500000000001,261.47678414
4,15,0,LE07_012031_20000115,0.11333500000000002,0.11812,0.10472749999999997,0.09227000000000002,261.47678414
23,21,4,LE07_012031_20000115,0.09356249999999999,0.07381749999999998,0.07414749999999998,0.06765749999999998,261.06320372
27,22,5,LE07_012031_20000115,0.09752250000000001,0.09158250000000001,0.07414749999999998,0.07752999999999999,261.88694654
37,25,7,LE07_012031_20000115,0.13305250000000002,0.11371999999999999,0.10090500000000002,0.08734750000000002,259.39179193999996
41,27,8,LE07_012031_20000115,0.121255,0.10486499999999999,0.09328750000000002,0.08734750000000002,260.64620528
1,13,0,LE07_012031_20000506,0.06273499999999999,0.07057249999999998,0.07552249999999999,0.08412999999999998,307.76361098
2,14,0,LE07_012031_20000506,0.06666749999999999,0.07057249999999998,0.07741999999999999,0.08817249999999999,310.52537114
3,14,1,LE07_012031_20000506,0.07447749999999997,0.08759499999999998,0.09436,0.0961475,312.52491283999996
4,15,0,LE07_012031_20000506,0.07447749999999997,0.08762249999999999,0.0962575,0.10417749999999998,312.52491283999996
5,15,1,LE07_012031_20000506,0.07447749999999997,0.079125,0.08682499999999999,0.09617500000000001,314.10403808
6,16,0,LE07_012031_20000506,0.08033499999999999,0.09611999999999998,0.103765,0.11220750000000002,314.10403808
7,16,1,LE07_012031_20000506,0.07838250000000002,0.08762249999999999,0.09061999999999998,0.10016249999999999,314.49711038
8,16,2,LE07_012031_20000506,0.07447749999999997,0.09397499999999998,0.10189500000000001,0.11220750000000002,313.58791706
10,17,1,LE07_012031_20000506,0.06474249999999998,0.0706,0.06988499999999997,0.07615499999999997,313.31447546
11,17,2,LE07_012031_20000506,0.07450499999999999,0.085505,0.08118750000000002,0.09617500000000001,312.40528214
12,18,1,LE07_012031_20000506,0.08613749999999998,0.0961475,0.103765,0.11220750000000002,310.52195312000003
13,18,2,LE07_012031_20000506,0.08613749999999998,0.10459000000000002,0.11875249999999998,0.12417,310.00241408
14,18,3,LE07_012031_20000506,0.08033499999999999,0.09400249999999999,0.09999750000000002,0.10819250000000002,310.00241408
15,19,1,LE07_012031_20000506,0.0958175,0.1235925,0.14113750000000003,0.14809499999999998,306.43058318
16,19,2,LE07_012031_20000506,0.08809,0.121475,0.14859,0.16795,304.7591714
17,19,3,LE07_012031_20000506,0.08226,0.10459000000000002,0.12436249999999999,0.1361325,305.90079008
18,20,2,LE07_012031_20000506,0.0784375,0.11306,0.1373975,0.1600025,301.34798744
19,20,3,LE07_012031_20000506,0.07257999999999998,0.09400249999999999,0.1224925,0.1361325,302.95445684000003
20,20,4,LE07_012031_20000506,0.0803625,0.09191250000000001,0.09999750000000002,0.11616749999999998,307.96527416000004
21,21,2,LE07_012031_20000506,0.06674999999999998,0.09826499999999999,0.12436249999999999,0.1361325,301.66928132
22,21,3,LE07_012031_20000506,0.08421250000000002,0.10673500000000002,0.12436249999999999,0.1361325,303.12535784
23,21,4,LE07_012031_20000506,0.07648500000000003,0.09191250000000001,0.09628500000000001,0.10819250000000002,306.47159941999996
25,22,3,LE07_012031_20000506,0.11886249999999998,0.14878249999999998,0.1727075,0.18777749999999999,305.64102056
26,22,4,LE07_012031_20000506,0.09584500000000001,0.11729499999999998,0.1337125,0.14809499999999998,307.70208662
27,22,5,LE07_012031_20000506,0.09196749999999998,0.1109425,0.1281025,0.1361325,309.32906414
28,23,3,LE07_012031_20000506,0.09006999999999998,0.11729499999999998,0.1299725,0.1639625,308.5189934
29,23,4,LE07_012031_20000506,0.10929250000000001,0.1235925,0.14674749999999998,0.1600025,310.93553354
30,23,5,LE07_012031_20000506,0.11696499999999999,0.13618750000000002,0.15045999999999998,0.16399000000000002,312.12842251999996
32,24,4,LE07_012031_20000506,0.07654,0.08982249999999997,0.09815499999999999,0.10821999999999998,312.91798514
33,24,5,LE07_012031_20000506,0.09587250000000003,0.1109425,0.11503999999999998,0.12815749999999998,314.4834383
34,24,6,LE07_012031_20000506,0.09779749999999998,0.11729499999999998,0.1224925,0.12815749999999998,313.70071171999996
35,25,5,LE07_012031_20000506,0.066805,0.07920749999999999,0.07937250000000001,0.0882,316.04205542
36,25,6,LE07_012031_20000506,0.0861925,0.09617500000000001,0.10002499999999998,0.10420499999999999,316.42829168000003
37,25,7,LE07_012031_20000506,0.11506749999999999,0.13198,0.139295,0.1441075,315.65581915999996
38,26,6,LE07_012031_20000506,0.07849250000000002,0.08558749999999998,0.08877750000000001,0.09620250000000002,316.42829168000003
39,26,7,LE07_012031_20000506,0.09972249999999999,0.10885250000000002,0.11314249999999998,0.11616749999999998,315.65581915999996
40,27,7,LE07_012031_20000506,0.07656750000000001,0.08770499999999998,0.09254499999999999,0.09620250000000002,314.09378402
41,27,8,LE07_012031_20000506,0.0900975,0.10461749999999997,0.10566249999999999,0.11220750000000002,313.7143838
42,28,8,LE07_012031_20000506,0.07656750000000001,0.08344249999999998,0.090675,0.09620250000000002,312.04980806000003
1,13,0,LE07_012031_20000709,0.06160749999999998,0.07153500000000002,0.07937250000000001,0.09488249999999998,314.00149748
2,14,0,LE07_012031_20000709,0.05800499999999997,0.06559500000000001,0.07054500000000002,0.07973000000000002,317.08113349999996
3,14,1,LE07_012031_20000709,0.0706,0.0774475,0.08465250000000002,0.09108749999999999,318.42783338000004
4,15,0,LE07_012031_20000709,0.06699749999999999,0.08732000000000001,0.09699999999999998,0.10626750000000001,318.76279934
5,15,1,LE07_012031_20000709,0.06520999999999999,0.0774475,0.08993250000000003,0.10244500000000001,320.09582714
6,16,0,LE07_012031_20000709,0.06878499999999999,0.08732000000000001,0.09699999999999998,0.10626750000000001,320.09582714
7,16,1,LE07_012031_20000709,0.07417499999999999,0.09125250000000001,0.10052,0.10244500000000001,320.42737508
8,16,2,LE07_012031_20000709,0.06878499999999999,0.08335999999999999,0.08993250000000003,0.10626750000000001,320.29749032
10,17,1,LE07_012031_20000709,0.0507725,0.06160749999999998,0.06169000000000002,0.07213999999999998,320.09582714
11,17,2,LE07_012031_20000709,0.05800499999999997,0.07153500000000002,0.07230500000000001,0.0834975,319.63439444
12,18,1,LE07_012031_20000709,0.06518249999999998,0.07942749999999998,0.08995999999999998,0.10247250000000002,317.75448344
13,18,2,LE07_012031_20000709,0.06878499999999999,0.08929999999999999,0.10227999999999998,0.1251875,317.29305074
14,18,3,LE07_012031_20000709,0.07057249999999998,0.08531250000000001,0.09523999999999999,0.11382999999999999,317.29305074
15,19,1,LE07_012031_20000709,0.09381,0.11479250000000002,0.13387749999999998,0.1365175,311.90966923999997
16,19,2,LE07_012031_20000709,0.12568249999999997,0.163495,0.187915,0.20430500000000001,311.90966923999997
17,19,3,LE07_012031_20000709,0.08666000000000001,0.108935,0.13734249999999998,0.1515875,313.1845907
18,20,2,LE07_012031_20000709,0.097385,0.13044,0.158325,0.181755,307.6303082
19,20,3,LE07_012031_20000709,0.06696999999999997,0.08929999999999999,0.11809249999999999,0.1403125,310.37839628
20,20,4,LE07_012031_20000709,0.07414749999999998,0.0951575,0.11457250000000002,0.12139250000000001,315.2524928
21,21,2,LE07_012031_20000709,0.07953749999999998,0.10304999999999997,0.11985249999999997,0.1365175,307.5106775
22,21,3,LE07_012031_20000709,0.07414749999999998,0.09713749999999999,0.11636000000000002,0.13274999999999998,309.39400652
23,21,4,LE07_012031_20000709,0.07057249999999998,0.09518500000000002,0.10582750000000002,0.11762499999999998,313.59817111999996
25,22,3,LE07_012031_20000709,0.1080275,0.1402025,0.170535,0.1930575,310.8090668
26,22,4,LE07_012031_20000709,0.09735749999999999,0.12263000000000002,0.13912999999999998,0.15917750000000003,313.93997312
27,22,5,LE07_012031_20000709,0.08668749999999997,0.11091499999999999,0.1233725,0.1365175,315.99078512
28,23,3,LE07_012031_20000709,0.10093249999999998,0.13241999999999998,0.15659250000000002,0.18929,312.90431306
29,23,4,LE07_012031_20000709,0.11157499999999998,0.13629750000000002,0.15659250000000002,0.17798750000000002,315.65240114
30,23,5,LE07_012031_20000709,0.1080275,0.134345,0.15133999999999997,0.162945,317.34090302
32,24,4,LE07_012031_20000709,0.06875749999999997,0.08929999999999999,0.09699999999999998,0.11006250000000001,317.67586898
33,24,5,LE07_012031_20000709,0.09202250000000001,0.10497499999999998,0.11636000000000002,0.128955,319.34386273999996
34,24,6,LE07_012031_20000709,0.10269250000000002,0.11872500000000002,0.13035750000000002,0.13274999999999998,320.0035406
35,25,5,LE07_012031_20000709,0.05434749999999999,0.067575,0.07054500000000002,0.07970250000000001,321.40834682
36,25,6,LE07_012031_20000709,0.09202250000000001,0.10107,0.1058,0.10624,322.71744848000003
37,25,7,LE07_012031_20000709,0.122135,0.1460325,0.15133999999999997,0.15538249999999998,322.06460666
38,26,6,LE07_012031_20000709,0.06515500000000002,0.07741999999999999,0.07937250000000001,0.0834975,322.39273658
39,26,7,LE07_012031_20000709,0.08844750000000001,0.10890749999999999,0.11985249999999997,0.1138575,322.39273658
40,27,7,LE07_012031_20000709,0.07054500000000002,0.07741999999999999,0.0811325,0.0872925,321.0802169
41,27,8,LE07_012031_20000709,0.10090500000000002,0.11088750000000003,0.11985249999999997,0.11762499999999998,321.42543692
42,28,8,LE07_012031_20000709,0.07593499999999997,0.08333249999999998,0.08995999999999998,0.09867749999999997,318.59873438
38,26,6,LE07_012031_20000810,0.1703425,0.18764000000000003,0.19490000000000002,0.23791,304.99501478
39,26,7,LE07_012031_20000810,0.1589025,0.17081000000000002,0.1760625,0.217505,305.887118
40,27,7,LE07_012031_20000810,0.12433499999999997,0.13690249999999998,0.145785,0.17653000000000002,308.5360835
41,27,8,LE07_012031_20000810,0.1378375,0.1559875,0.15906750000000003,0.18885000000000002,309.41793266
42,28,8,LE07_012031_20000810,0.11275750000000001,0.12199749999999998,0.12488500000000002,0.1559875,309.83151308000004
1,13,0,LE07_012031_20000826,0.03528999999999999,0.045630000000000004,0.04873749999999999,0.06391750000000002,311.36278604
2,14,0,LE07_012031_20000826,0.0476925,0.05913249999999998,0.05473250000000002,0.0681525,313.47512240000003
3,14,1,LE07_012031_20000826,0.05795,0.061387499999999984,0.07068249999999998,0.0723875,315.23198468
4,15,0,LE07_012031_20000826,0.045575000000000004,0.061387499999999984,0.06471500000000002,0.0723875,316.27448078
5,15,1,LE07_012031_20000826,0.05176249999999999,0.061387499999999984,0.058719999999999994,0.06389,317.99716286
6,16,0,LE07_012031_20000826,0.06614500000000001,0.08379999999999999,0.08660499999999999,0.09779749999999998,318.33896486000003
7,16,1,LE07_012031_20000826,0.05998500000000001,0.06812499999999999,0.06867499999999999,0.07662249999999998,318.68076686
8,16,2,LE07_012031_20000826,0.0537975,0.06584250000000003,0.06666749999999999,0.07662249999999998,318.8926841
10,17,1,LE07_012031_20000826,0.047664999999999985,0.05008499999999999,0.05071749999999997,0.059655000000000014,317.65536086
11,17,2,LE07_012031_20000826,0.04351250000000001,0.05913249999999998,0.060699999999999976,0.0723875,317.52889412
12,18,1,LE07_012031_20000826,0.0537975,0.061360000000000026,0.06666749999999999,0.07662249999999998,315.58062272
13,18,2,LE07_012031_20000826,0.0599575,0.07480749999999997,0.08459749999999999,0.09356249999999999,314.76029791999997
14,18,3,LE07_012031_20000826,0.06202000000000002,0.07706249999999998,0.08261750000000001,0.09356249999999999,315.10893596
15,19,1,LE07_012031_20000826,0.0844875,0.10610249999999999,0.12029250000000002,0.13162249999999998,310.25876558
16,19,2,LE07_012031_20000826,0.08855750000000001,0.11718499999999998,0.1380575,0.15268749999999998,310.25876558
17,19,3,LE07_012031_20000826,0.0661175,0.09271000000000001,0.1103925,0.11891750000000001,312.64796156
18,20,2,LE07_012031_20000826,0.049699999999999994,0.07706249999999998,0.10052,0.11473749999999999,306.21866594
19,20,3,LE07_012031_20000826,0.0661175,0.09493750000000001,0.11435250000000002,0.13162249999999998,310.501445
20,20,4,LE07_012031_20000826,0.053769999999999984,0.07706249999999998,0.08459749999999999,0.09356249999999999,313.70754776
21,21,2,LE07_012031_20000826,0.0352625,0.050112500000000004,0.060699999999999976,0.06812499999999999,305.7333071
22,21,3,LE07_012031_20000826,0.07428499999999999,0.09271000000000001,0.10646,0.11473749999999999,308.41987082
23,21,4,LE07_012031_20000826,0.05176249999999999,0.07032499999999997,0.07268999999999998,0.08509250000000002,312.01562786
25,22,3,LE07_012031_20000826,0.11286750000000001,0.1437775,0.1695175,0.1821125,308.41987082
26,22,4,LE07_012031_20000826,0.07838250000000002,0.0993925,0.11237249999999999,0.13162249999999998,312.01904588
27,22,5,LE07_012031_20000826,0.07428499999999999,0.09491,0.11237249999999999,0.12318000000000001,313.43068814000003
28,23,3,LE07_012031_20000826,0.09669749999999999,0.12164000000000003,0.1380575,0.14848,310.23142142
29,23,4,LE07_012031_20000826,0.10274749999999999,0.13049500000000003,0.1518625,0.16533750000000003,313.7827442
30,23,5,LE07_012031_20000826,0.10274749999999999,0.13049500000000003,0.1479025,0.16113,315.17729636
32,24,4,LE07_012031_20000826,0.05992999999999998,0.07926250000000001,0.08459749999999999,0.097825,314.82865832
33,24,5,LE07_012031_20000826,0.08245249999999998,0.097165,0.10448000000000002,0.11473749999999999,316.21637444
34,24,6,LE07_012031_20000826,0.0865225,0.10161999999999999,0.10646,0.1105025,316.90339645999995
35,25,5,LE07_012031_20000826,0.0537975,0.059077500000000005,0.05869249999999998,0.06812499999999999,317.65194284
36,25,6,LE07_012031_20000826,0.06812499999999999,0.08377249999999997,0.08459749999999999,0.08509250000000002,318.33554684
37,25,7,LE07_012031_20000826,0.10071249999999998,0.11941249999999998,0.13217250000000003,0.127415,319.01915084
38,26,6,LE07_012031_20000826,0.053769999999999984,0.05685000000000001,0.06867499999999999,0.06389,317.65194284
39,26,7,LE07_012031_20000826,0.07629249999999999,0.09045500000000001,0.09653250000000002,0.09359,317.99374484
40,27,7,LE07_012031_20000826,0.059902500000000025,0.06584250000000003,0.06867499999999999,0.07235999999999998,316.61970080000003
41,27,8,LE07_012031_20000826,0.07425749999999998,0.08374500000000001,0.08657749999999997,0.08935500000000002,315.94293284
42,28,8,LE07_012031_20000826,0.057867500000000016,0.07029750000000001,0.07860250000000002,0.08509250000000002,314.0561858
1,13,0,LE07_012031_20000911,0.05734499999999998,0.06058999999999998,0.05863750000000001,0.06586999999999998,302.96812892
2,14,0,LE07_012031_20000911,0.054925,0.057977500000000015,0.05179,0.06105749999999999,305.48720965999996
3,14,1,LE07_012031_20000911,0.06215749999999998,0.0683725,0.0654575,0.07544000000000001,307.65765236
4,15,0,LE07_012031_20000911,0.06218499999999999,0.0683725,0.0654575,0.07544000000000001,307.65765236
5,15,1,LE07_012031_20000911,0.06696999999999997,0.07357000000000002,0.0722775,0.08503749999999999,309.0829667
6,16,0,LE07_012031_20000911,0.06696999999999997,0.08129750000000002,0.08138000000000001,0.08979500000000001,310.1425529
7,16,1,LE07_012031_20000911,0.06696999999999997,0.07612750000000001,0.07230500000000001,0.08503749999999999,310.1425529
8,16,2,LE07_012031_20000911,0.06696999999999997,0.07612750000000001,0.07456000000000002,0.08503749999999999,309.31881008
10,17,1,LE07_012031_20000911,0.054925,0.0632025,0.060919999999999974,0.07068249999999998,310.1425529
11,17,2,LE07_012031_20000911,0.06218499999999999,0.07357000000000002,0.06774000000000002,0.08022499999999999,308.25580586
12,18,1,LE07_012031_20000911,0.06939000000000001,0.08129750000000002,0.08363500000000001,0.08979500000000001,306.93986816
13,18,2,LE07_012031_20000911,0.0813525,0.09931000000000001,0.103985,0.12318000000000001,306.46134536
14,18,3,LE07_012031_20000911,0.0693625,0.07871250000000002,0.08814499999999997,0.09936499999999998,306.46134536
15,19,1,LE07_012031_20000911,0.08616499999999999,0.1044525,0.11300500000000002,0.12793749999999998,303.65515094
16,19,2,LE07_012031_20000911,0.09331499999999998,0.1197975,0.133245,0.16110249999999998,303.65515094
17,19,3,LE07_012031_20000911,0.07659500000000002,0.08902500000000002,0.10626750000000001,0.12318000000000001,305.374415
18,20,2,LE07_012031_20000911,0.0813525,0.09675250000000002,0.1175425,0.1326675,301.04378366000003
19,20,3,LE07_012031_20000911,0.0813525,0.09931000000000001,0.11300500000000002,0.1326675,303.17321012
20,20,4,LE07_012031_20000911,0.06696999999999997,0.08129750000000002,0.09271000000000001,0.1041225,306.10245326
21,21,2,LE07_012031_20000911,0.05976500000000001,0.07357000000000002,0.08363500000000001,0.1041225,299.41680614
22,21,3,LE07_012031_20000911,0.08616499999999999,0.1044525,0.11300500000000002,0.12793749999999998,301.42660190000004
23,21,4,LE07_012031_20000911,0.054925,0.0632025,0.07002249999999999,0.0802525,304.3831892
25,22,3,LE07_012031_20000911,0.1052225,0.12491249999999998,0.1444375,0.15639999999999998,301.05403772
26,22,4,LE07_012031_20000911,0.08616499999999999,0.09931000000000001,0.11300500000000002,0.12793749999999998,303.28258675999996
27,22,5,LE07_012031_20000911,0.08374500000000001,0.09675250000000002,0.10852250000000002,0.12318000000000001,304.3831892
28,23,3,LE07_012031_20000911,0.0933425,0.11212499999999997,0.1197975,0.1421825,302.54429444
29,23,4,LE07_012031_20000911,0.09810000000000002,0.11724000000000001,0.133245,0.1516425,304.74891734
30,23,5,LE07_012031_20000911,0.10043750000000001,0.11724000000000001,0.1310175,0.1516425,306.19815782
32,24,4,LE07_012031_20000911,0.07178249999999997,0.07871250000000002,0.08138000000000001,0.09458,307.6303082
33,24,5,LE07_012031_20000911,0.0813525,0.09416750000000002,0.09724749999999999,0.10887999999999998,308.34125636
34,24,6,LE07_012031_20000911,0.08855750000000001,0.09931000000000001,0.10852250000000002,0.11366500000000002,307.98578227999997
35,25,5,LE07_012031_20000911,0.06218499999999999,0.06840000000000002,0.0632025,0.07544000000000001,308.72749262
36,25,6,LE07_012031_20000911,0.06696999999999997,0.08388250000000003,0.08138000000000001,0.08503749999999999,308.7240746
37,25,7,LE07_012031_20000911,0.10043750000000001,0.109595,0.11300500000000002,0.11366500000000002,308.7240746
38,26,6,LE07_012031_20000911,0.06455,0.0709575,0.07002249999999999,0.07544000000000001,308.01312644
39,26,7,LE07_012031_20000911,0.0813525,0.08905249999999998,0.08591749999999998,0.09458,308.7240746
40,27,7,LE07_012031_20000911,0.06939000000000001,0.07871250000000002,0.07458749999999997,0.0802525,307.65423434
41,27,8,LE07_012031_20000911,0.07659500000000002,0.08644000000000002,0.08591749999999998,0.08979500000000001,306.95012222
42,28,8,LE07_012031_20000911,0.06457750000000001,0.0709575,0.07230500000000001,0.08503749999999999,306.1263794
1,13,0,LE07_012031_20000927,0.030917499999999987,0.03512499999999999,0.03364,0.04397999999999999,293.82834344
2,14,0,LE07_012031_20000927,0.030917499999999987,0.0325675,0.03135750000000001,0.031439999999999996,295.45873898
3,14,1,LE07_012031_20000927,0.0448875,0.05539250000000001,0.05841750000000001,0.06279000000000001,299.12969246
4,15,0,LE07_012031_20000927,0.04024,0.042715,0.04263249999999999,0.053385000000000016,301.05061969999997
5,15,1,LE07_012031_20000927,0.0448875,0.0503325,0.051680000000000004,0.0596275,302.3152871
6,16,0,LE07_012031_20000927,0.051817500000000016,0.06548500000000002,0.06738250000000001,0.0721675,303.56628242
7,16,1,LE07_012031_20000927,0.061112500000000014,0.06295499999999998,0.06515500000000002,0.0753025,303.87732224
8,16,2,LE07_012031_20000927,0.051844999999999974,0.05792249999999999,0.0628725,0.06592500000000001,303.13561189999996
10,17,1,LE07_012031_20000927,0.037902500000000006,0.0478025,0.04263249999999999,0.050277499999999975,303.56628242
11,17,2,LE07_012031_20000927,0.0471975,0.060425000000000006,0.05613499999999999,0.06592500000000001,302.51011424
12,18,1,LE07_012031_20000927,0.042550000000000004,0.05283500000000002,0.05613499999999999,0.0627625,301.36849556
13,18,2,LE07_012031_20000927,0.051844999999999974,0.06295499999999998,0.07189250000000003,0.08467999999999998,300.61311314
14,18,3,LE07_012031_20000927,0.05882999999999999,0.06801499999999999,0.07637500000000003,0.08154499999999998,300.29523728000004
15,19,1,LE07_012031_20000927,0.06342249999999999,0.08814499999999997,0.09653250000000002,0.10651500000000003,297.83084485999996
16,19,2,LE07_012031_20000927,0.07725500000000002,0.11069499999999999,0.1433375,0.15637250000000003,297.50613296
17,19,3,LE07_012031_20000927,0.05882999999999999,0.07555,0.08756750000000002,0.103435,297.71463217999997
18,20,2,LE07_012031_20000927,0.0564925,0.09064749999999999,0.12108999999999998,0.1345925,294.19065356
19,20,3,LE07_012031_20000927,0.0471975,0.06801499999999999,0.08311249999999998,0.103435,295.41430472
20,20,4,LE07_012031_20000927,0.05882999999999999,0.07555,0.08083000000000001,0.09092250000000002,298.0427621
21,21,2,LE07_012031_20000927,0.03792999999999999,0.050360000000000016,0.04491500000000001,0.059655000000000014,292.385939
22,21,3,LE07_012031_20000927,0.04024,0.05539250000000001,0.06515500000000002,0.0753025,293.8215074
23,21,4,LE07_012031_20000927,0.042550000000000004,0.05539250000000001,0.05841750000000001,0.06592500000000001,295.48608314
25,22,3,LE07_012031_20000927,0.06809749999999998,0.08564250000000001,0.09655999999999998,0.10967749999999998,293.8215074
26,22,4,LE07_012031_20000927,0.061167499999999986,0.073075,0.08088499999999998,0.09405750000000002,296.145761
27,22,5,LE07_012031_20000927,0.06345,0.07051750000000001,0.08083000000000001,0.09092250000000002,298.10086844
28,23,3,LE07_012031_20000927,0.0657875,0.08564250000000001,0.09430499999999997,0.09719250000000001,295.48608314
29,23,4,LE07_012031_20000927,0.07959250000000001,0.10819250000000002,0.12780000000000002,0.1377275,298.42558034
30,23,5,LE07_012031_20000927,0.10024499999999997,0.120705,0.1344825,0.1532925,300.66438344
32,24,4,LE07_012031_20000927,0.04956250000000001,0.06548500000000002,0.07189250000000003,0.08157249999999999,299.38946197999996
33,24,5,LE07_012031_20000927,0.07268999999999998,0.090675,0.09430499999999997,0.10657,302.23667264
34,24,6,LE07_012031_20000927,0.07959250000000001,0.08814499999999997,0.09430499999999997,0.09405750000000002,302.23667264
35,25,5,LE07_012031_20000927,0.037957500000000005,0.04527249999999999,0.04491500000000001,0.053412499999999974,302.93736674
36,25,6,LE07_012031_20000927,0.06809749999999998,0.08063749999999997,0.08088499999999998,0.0753025,303.87390422
37,25,7,LE07_012031_20000927,0.07959250000000001,0.08814499999999997,0.08088499999999998,0.08157249999999999,301.67953538
38,26,6,LE07_012031_20000927,0.04956250000000001,0.06047999999999998,0.060645000000000004,0.05968249999999997,302.62632692
39,26,7,LE07_012031_20000927,0.06809749999999998,0.07807999999999998,0.07637500000000003,0.07219500000000001,301.36507754
40,27,7,LE07_012031_20000927,0.04956250000000001,0.050360000000000016,0.0539075,0.053412499999999974,299.7688622
41,27,8,LE07_012031_20000927,0.05882999999999999,0.07057249999999998,0.06743749999999998,0.06906000000000001,299.78253428
42,28,8,LE07_012031_20000927,0.040295,0.0478025,0.049425,0.06281749999999997,297.70437812
1,13,0,LE07_012031_20001013,0.03691249999999999,0.034162499999999985,0.033805,0.04054250000000001,294.93578191999995
2,14,0,LE07_012031_20001013,0.042027499999999995,0.03977249999999999,0.033805,0.037077499999999985,294.93919994
3,14,1,LE07_012031_20001013,0.04716999999999999,0.04538249999999999,0.048765,0.05091000000000001,297.98807378000004
4,15,0,LE07_012031_20001013,0.044639999999999985,0.04538249999999999,0.046262499999999984,0.044007500000000005,298.32987578
5,15,1,LE07_012031_20001013,0.04716999999999999,0.04538249999999999,0.0413125,0.05434749999999999,299.67315764
6,16,0,LE07_012031_20001013,0.06763000000000002,0.0706,0.07114999999999999,0.0716175,301.66586329999996
7,16,1,LE07_012031_20001013,0.05998500000000001,0.062212500000000004,0.06367,0.06471500000000002,302.32212314000003
8,16,2,LE07_012031_20001013,0.05745499999999998,0.0594075,0.058719999999999994,0.0681525,302.20591046
10,17,1,LE07_012031_20001013,0.044639999999999985,0.05102000000000001,0.04629,0.05091000000000001,302.65025305999995
11,17,2,LE07_012031_20001013,0.054869999999999974,0.056630000000000014,0.06367,0.0681525,301.54965061999997
12,18,1,LE07_012031_20001013,0.0471975,0.0594075,0.061195,0.0681525,300.34308956
13,18,2,LE07_012031_20001013,0.07527499999999998,0.08456999999999998,0.09589999999999999,0.10263749999999999,299.89191092
14,18,3,LE07_012031_20001013,0.05998500000000001,0.073405,0.08105000000000001,0.07851999999999998,299.56036298000004
15,19,1,LE07_012031_20001013,0.08041749999999998,0.10684500000000002,0.1256,0.14394250000000003,297.31130582000003
16,19,2,LE07_012031_20001013,0.103215,0.13453749999999998,0.16498000000000002,0.17829,297.64968980000003
17,19,3,LE07_012031_20001013,0.072745,0.0929025,0.10827500000000001,0.10951250000000001,297.87869714
18,20,2,LE07_012031_20001013,0.0778875,0.10128999999999999,0.12312499999999998,0.13709500000000002,295.24682174
19,20,3,LE07_012031_20001013,0.07277250000000002,0.0957075,0.11572749999999998,0.12331750000000002,296.16968714
20,20,4,LE07_012031_20001013,0.0651275,0.07621,0.08602749999999998,0.0923525,298.21708112
21,21,2,LE07_012031_20001013,0.05489749999999999,0.05665749999999997,0.05624499999999999,0.06474249999999998,293.39083688
22,21,3,LE07_012031_20001013,0.06257000000000001,0.07898749999999999,0.08602749999999998,0.08888750000000001,294.8810936
23,21,4,LE07_012031_20001013,0.04978250000000001,0.05104750000000002,0.05624499999999999,0.061277499999999985,296.93874164
25,22,3,LE07_012031_20001013,0.08806249999999999,0.10128999999999999,0.11325249999999998,0.11987999999999999,294.53587358
26,22,4,LE07_012031_20001013,0.06515500000000002,0.073405,0.07612750000000001,0.08198499999999997,296.60035766
27,22,5,LE07_012031_20001013,0.06003999999999998,0.07062750000000001,0.08107750000000002,0.08542250000000001,296.93874164
28,23,3,LE07_012031_20001013,0.08041749999999998,0.08179249999999999,0.091005,0.102665,295.22631362
29,23,4,LE07_012031_20001013,0.08806249999999999,0.10406749999999998,0.11820249999999999,0.12678250000000002,297.61892762
30,23,5,LE07_012031_20001013,0.09565249999999997,0.1124,0.13055,0.140505,298.62724352
32,24,4,LE07_012031_20001013,0.05748249999999999,0.06504500000000002,0.07114999999999999,0.08198499999999997,300.29523728000004
33,24,5,LE07_012031_20001013,0.07535750000000002,0.08737499999999998,0.09348000000000001,0.102665,301.61117498
34,24,6,LE07_012031_20001013,0.07024249999999999,0.07898749999999999,0.091005,0.08542250000000001,301.28304506
35,25,5,LE07_012031_20001013,0.05236750000000001,0.053852500000000025,0.05624499999999999,0.061305,301.99057519999997
36,25,6,LE07_012031_20001013,0.067685,0.073405,0.06867499999999999,0.06818000000000002,301.99057519999997
37,25,7,LE07_012031_20001013,0.08297500000000002,0.09295750000000003,0.08853,0.08542250000000001,300.33967154
38,26,6,LE07_012031_20001013,0.05489749999999999,0.059435000000000016,0.058719999999999994,0.061305,301.00276742
39,26,7,LE07_012031_20001013,0.06515500000000002,0.06504500000000002,0.07114999999999999,0.07164500000000001,300.67121948
40,27,7,LE07_012031_20001013,0.0446675,0.05104750000000002,0.04631750000000001,0.050937500000000024,298.9998077
41,27,8,LE07_012031_20001013,0.06257000000000001,0.07062750000000001,0.07114999999999999,0.06818000000000002,298.00174586
42,28,8,LE07_012031_20001013,0.05489749999999999,0.062267499999999976,0.06124999999999997,0.06474249999999998,296.52857924
1,13,0,LE07_012031_20010407,0.08297500000000002,0.085945,0.08940999999999999,0.09471750000000001,283.62897176
2,14,0,LE07_012031_20010407,0.08297500000000002,0.08811750000000002,0.091335,0.090675,285.67636574
3,14,1,LE07_012031_20010407,0.08886,0.09460750000000001,0.09326000000000001,0.09471750000000001,287.0538278
4,15,0,LE07_012031_20010407,0.09471750000000001,0.1010975,0.10681750000000001,0.11097000000000001,287.73401378
5,15,1,LE07_012031_20010407,0.084955,0.09028999999999998,0.091335,0.09471750000000001,288.41419976
6,16,0,LE07_012031_20010407,0.09666999999999998,0.10324250000000001,0.10681750000000001,0.11501250000000002,289.08754969999995
7,16,1,LE07_012031_20010407,0.09083999999999998,0.09677999999999998,0.09713749999999999,0.10282999999999998,289.42251566
8,16,2,LE07_012031_20010407,0.09471750000000001,0.09892499999999999,0.10293999999999998,0.1069,288.97817306
10,17,1,LE07_012031_20010407,0.08297500000000002,0.08165499999999998,0.08745750000000002,0.090675,289.42251566
11,17,2,LE07_012031_20010407,0.08297500000000002,0.09460750000000001,0.08940999999999999,0.10282999999999998,288.63978908
12,18,1,LE07_012031_20010407,0.084955,0.085945,0.091335,0.09471750000000001,287.73401378
13,18,2,LE07_012031_20010407,0.09083999999999998,0.09677999999999998,0.1048925,0.1069,286.94445115999997
14,18,3,LE07_012031_20010407,0.10057500000000003,0.10538750000000002,0.1145175,0.11501250000000002,286.25742914
15,19,1,LE07_012031_20010407,0.09471750000000001,0.10324250000000001,0.1048925,0.11097000000000001,285.32772769999997
16,19,2,LE07_012031_20010407,0.121915,0.13767249999999998,0.15109250000000002,0.15959,285.32772769999997
17,19,3,LE07_012031_20010407,0.121915,0.1419625,0.1607175,0.17171750000000002,285.22176908
18,20,2,LE07_012031_20010407,0.12194250000000001,0.1419625,0.145345,0.1555475,283.22222738
19,20,3,LE07_012031_20010407,0.121915,0.14407999999999999,0.1587925,0.17171750000000002,283.82038088
20,20,4,LE07_012031_20010407,0.0986225,0.10973250000000001,0.1145175,0.12312499999999998,284.87313104
21,21,2,LE07_012031_20010407,0.084955,0.09028999999999998,0.09326000000000001,0.09471750000000001,281.69095442
22,21,3,LE07_012031_20010407,0.0986225,0.10973250000000001,0.11259249999999998,0.12312499999999998,282.51811526
23,21,4,LE07_012031_20010407,0.09666999999999998,0.09892499999999999,0.108715,0.11501250000000002,284.27839556000004
25,22,3,LE07_012031_20010407,0.10640500000000003,0.12048500000000001,0.12802000000000002,0.13530750000000002,282.16264118000004
26,22,4,LE07_012031_20010407,0.11223499999999997,0.11834,0.1318975,0.14339249999999998,283.92975752
27,22,5,LE07_012031_20010407,0.1141875,0.12477500000000002,0.13572,0.151505,284.6270336
28,23,3,LE07_012031_20010407,0.10640500000000003,0.11402250000000003,0.1145175,0.11501250000000002,282.87358933999997
29,23,4,LE07_012031_20010407,0.121915,0.13767249999999998,0.1472425,0.15959,284.97567164
30,23,5,LE07_012031_20010407,0.127745,0.14407999999999999,0.1587925,0.17171750000000002,286.3531337
32,24,4,LE07_012031_20010407,0.09666999999999998,0.1010975,0.10681750000000001,0.11501250000000002,287.0367377
33,24,5,LE07_012031_20010407,0.1102825,0.11834,0.12802000000000002,0.1312375,288.72523958
34,24,6,LE07_012031_20010407,0.1141875,0.12048500000000001,0.12802000000000002,0.127195,288.72523958
35,25,5,LE07_012031_20010407,0.08297500000000002,0.08597250000000001,0.0836075,0.090675,289.7540636
36,25,6,LE07_012031_20010407,0.10057500000000003,0.10538750000000002,0.1048925,0.10282999999999998,290.08561154
37,25,7,LE07_012031_20010407,0.11996250000000003,0.12265749999999997,0.12994499999999998,0.12312499999999998,289.41909764
38,26,6,LE07_012031_20010407,0.08886,0.09460750000000001,0.09521249999999998,0.09471750000000001,289.41909764
39,26,7,LE07_012031_20010407,0.10640500000000003,0.10755999999999999,0.11259249999999998,0.1069,289.7540636
40,27,7,LE07_012031_20010407,0.084955,0.08811750000000002,0.09326000000000001,0.09471750000000001,288.40736372000003
41,27,8,LE07_012031_20010407,0.09664250000000002,0.10538750000000002,0.11259249999999998,0.1069,288.08265182
42,28,8,LE07_012031_20010407,0.084955,0.09028999999999998,0.09713749999999999,0.09471750000000001,286.2847733
1,13,0,LE07_012031_20010423,0.0464,0.055804999999999993,0.055530000000000024,0.05932500000000002,302.83482614
2,14,0,LE07_012031_20010423,0.059077500000000005,0.06380750000000002,0.07348749999999998,0.07092999999999999,306.11954335999997
3,14,1,LE07_012031_20010423,0.0753025,0.08171,0.08778750000000002,0.0864125,307.57561988
4,15,0,LE07_012031_20010423,0.06628250000000002,0.07574249999999999,0.07884999999999998,0.0864125,308.65913222
5,15,1,LE07_012031_20010423,0.07169999999999999,0.07574249999999999,0.07706249999999998,0.07865749999999999,309.37691642
6,16,0,LE07_012031_20010423,0.07348749999999998,0.08567000000000002,0.09493750000000001,0.09796250000000001,310.0912826
7,16,1,LE07_012031_20010423,0.06988499999999997,0.07973000000000002,0.08242500000000003,0.09023500000000001,310.44675668
8,16,2,LE07_012031_20010423,0.06988499999999997,0.07973000000000002,0.08421250000000002,0.0864125,309.9716519
10,17,1,LE07_012031_20010423,0.057262499999999994,0.06180000000000002,0.06449500000000002,0.06707999999999997,310.44675668
11,17,2,LE07_012031_20010423,0.0626525,0.06977499999999998,0.07706249999999998,0.07865749999999999,309.6127598
12,18,1,LE07_012031_20010423,0.06446750000000001,0.073735,0.07706249999999998,0.08253500000000003,308.30024012
13,18,2,LE07_012031_20010423,0.07708999999999999,0.08968500000000001,0.09493750000000001,0.10183999999999999,308.18060942
14,18,3,LE07_012031_20010423,0.0806925,0.09364499999999998,0.10390250000000001,0.10571750000000002,308.18060942
15,19,1,LE07_012031_20010423,0.07708999999999999,0.09958499999999998,0.10569,0.1134175,304.64637674
16,19,2,LE07_012031_20010423,0.11823,0.1332175,0.15381499999999998,0.15964499999999998,305.7503972
17,19,3,LE07_012031_20010423,0.103985,0.1272775,0.14135750000000002,0.151945,307.09709708
18,20,2,LE07_012031_20010423,0.11823,0.13712249999999998,0.16266999999999998,0.15964499999999998,302.0247554
19,20,3,LE07_012031_20010423,0.114655,0.1332175,0.15023999999999998,0.15964499999999998,305.26845638
20,20,4,LE07_012031_20010423,0.08611000000000002,0.10552499999999998,0.11638749999999998,0.12111749999999999,307.81829930000004
21,21,2,LE07_012031_20010423,0.0806925,0.09757749999999998,0.10032750000000001,0.10183999999999999,298.84941482
22,21,3,LE07_012031_20010423,0.1021975,0.11938500000000002,0.134235,0.140395,302.40415562
23,21,4,LE07_012031_20010423,0.07348749999999998,0.0837175,0.09675250000000002,0.10183999999999999,305.73672511999996
25,22,3,LE07_012031_20010423,0.1164425,0.13712249999999998,0.15202749999999998,0.15582249999999997,300.13459034
26,22,4,LE07_012031_20010423,0.10755999999999999,0.13121,0.14493250000000002,0.15964499999999998,303.52526618
27,22,5,LE07_012031_20010423,0.091445,0.109485,0.12711250000000002,0.144245,304.63612267999997
28,23,3,LE07_012031_20010423,0.1021975,0.11740499999999998,0.12711250000000002,0.12111749999999999,300.51399056
29,23,4,LE07_012031_20010423,0.10934749999999999,0.13712249999999998,0.15560249999999998,0.15964499999999998,303.89441234000003
30,23,5,LE07_012031_20010423,0.10934749999999999,0.13121,0.15202749999999998,0.15964499999999998,305.73672511999996
32,24,4,LE07_012031_20010423,0.0753025,0.08767750000000002,0.09854000000000002,0.09796250000000001,306.46476338
33,24,5,LE07_012031_20010423,0.08072000000000001,0.09562500000000002,0.109265,0.10954000000000003,308.62495202
34,24,6,LE07_012031_20010423,0.103985,0.11344500000000002,0.11996250000000003,0.11726750000000002,308.62495202
35,25,5,LE07_012031_20010423,0.059077500000000005,0.0657875,0.06809749999999998,0.07092999999999999,309.01118828
36,25,6,LE07_012031_20010423,0.0753025,0.08767750000000002,0.09317750000000002,0.09411249999999999,309.37008038
37,25,7,LE07_012031_20010423,0.11468250000000002,0.1272775,0.13599499999999998,0.132695,309.72555446
38,26,6,LE07_012031_20010423,0.06268000000000001,0.07175500000000001,0.07348749999999998,0.07092999999999999,308.65229618
39,26,7,LE07_012031_20010423,0.0896575,0.097605,0.10211500000000001,0.09796250000000001,310.08444656
40,27,7,LE07_012031_20010423,0.06991249999999999,0.0777775,0.08242500000000003,0.07865749999999999,308.65229618
41,27,8,LE07_012031_20010423,0.08611000000000002,0.09364499999999998,0.09675250000000002,0.09796250000000001,308.30707616
42,28,8,LE07_012031_20010423,0.06812499999999999,0.07577,0.07348749999999998,0.07865749999999999,306.75187705999997
1,13,0,LE07_012031_20010509,0.05091000000000001,0.05753750000000002,0.0628725,0.07656750000000001,308.47797716
2,14,0,LE07_012031_20010509,0.06685999999999998,0.07692500000000002,0.08201249999999999,0.091335,312.1250045
3,14,1,LE07_012031_20010509,0.0633125,0.07887749999999999,0.08726499999999998,0.091335,313.59817111999996
4,15,0,LE07_012031_20010509,0.06862000000000001,0.078905,0.08899750000000001,0.09502,314.76713396
5,15,1,LE07_012031_20010509,0.0633125,0.07692500000000002,0.08374500000000001,0.08762249999999999,315.63872906
6,16,0,LE07_012031_20010509,0.07568750000000002,0.09438750000000001,0.10115249999999998,0.10973250000000001,316.50348812
7,16,1,LE07_012031_20010509,0.06334000000000001,0.07692500000000002,0.085505,0.091335,316.50348812
8,16,2,LE07_012031_20010509,0.06507249999999998,0.07692500000000002,0.08204,0.091335,315.799376
10,17,1,LE07_012031_20010509,0.0508825,0.06336750000000002,0.06809749999999998,0.07288250000000002,316.21637444
11,17,2,LE07_012031_20010509,0.05976500000000001,0.06919750000000002,0.07332250000000001,0.0839375,315.2183126
12,18,1,LE07_012031_20010509,0.06507249999999998,0.07887749999999999,0.08723750000000002,0.091335,313.59817111999996
13,18,2,LE07_012031_20010509,0.07390000000000002,0.09240749999999998,0.10291250000000002,0.10973250000000001,313.7656541
14,18,3,LE07_012031_20010509,0.07213999999999998,0.08855750000000001,0.09422249999999999,0.1024175,313.7656541
15,19,1,LE07_012031_20010509,0.0897675,0.10593750000000002,0.11850500000000003,0.13181500000000002,310.33396202
16,19,2,LE07_012031_20010509,0.10203250000000003,0.12903750000000003,0.1461425,0.16121249999999998,311.53026902
17,19,3,LE07_012031_20010509,0.09326000000000001,0.11556250000000001,0.13407000000000002,0.14652749999999998,313.17775466
18,20,2,LE07_012031_20010509,0.11251,0.13285999999999998,0.1496075,0.16487000000000002,308.21478962000003
19,20,3,LE07_012031_20010509,0.11077749999999997,0.14243,0.15997499999999998,0.17589749999999998,311.70117002
20,20,4,LE07_012031_20010509,0.0774475,0.1020875,0.11327999999999999,0.12815749999999998,314.35013552
21,21,2,LE07_012031_20010509,0.08272750000000001,0.10013499999999997,0.109815,0.13181500000000002,305.6307665
22,21,3,LE07_012031_20010509,0.09677999999999998,0.1251875,0.1461425,0.1575275,309.32222809999996
23,21,4,LE07_012031_20010509,0.06504500000000002,0.0808025,0.09419499999999997,0.10238999999999998,311.1166886
25,22,3,LE07_012031_20010509,0.12119999999999997,0.1596725,0.17028749999999998,0.18686999999999998,307.81146326
26,22,4,LE07_012031_20010509,0.10200500000000001,0.1232625,0.1461425,0.1575275,309.62301386
27,22,5,LE07_012031_20010509,0.09675250000000002,0.1232625,0.13407000000000002,0.15387,310.52195312000003
28,23,3,LE07_012031_20010509,0.09675250000000002,0.11943999999999999,0.13407000000000002,0.150185,309.32222809999996
29,23,4,LE07_012031_20010509,0.10552499999999998,0.13093500000000002,0.15133999999999997,0.16487000000000002,312.00537380000003
30,23,5,LE07_012031_20010509,0.1072575,0.13285999999999998,0.1496075,0.16487000000000002,313.47170438
32,24,4,LE07_012031_20010509,0.0685925,0.0808025,0.0924625,0.10607499999999997,313.7656541
33,24,5,LE07_012031_20010509,0.0932325,0.10786249999999997,0.1167725,0.12447249999999999,314.92436288
34,24,6,LE07_012031_20010509,0.0985125,0.11748750000000002,0.12543500000000002,0.12815749999999998,315.21489457999996
35,25,5,LE07_012031_20010509,0.050854999999999984,0.061415,0.0663375,0.07656750000000001,315.92242472
36,25,6,LE07_012031_20010509,0.07390000000000002,0.08465250000000002,0.09070250000000002,0.09502,317.07087944
37,25,7,LE07_012031_20010509,0.10552499999999998,0.1232625,0.13577499999999998,0.139185,316.49665208
38,26,6,LE07_012031_20010509,0.06504500000000002,0.06917000000000001,0.07505499999999998,0.0839375,316.78718377999996
39,26,7,LE07_012031_20010509,0.10552499999999998,0.1232625,0.12367499999999998,0.120815,316.78376576
40,27,7,LE07_012031_20010509,0.0774475,0.09048250000000002,0.09766000000000002,0.10238999999999998,314.17923452
41,27,8,LE07_012031_20010509,0.09150000000000003,0.11174,0.1167725,0.1171025,312.43262630000004
42,28,8,LE07_012031_20010509,0.07390000000000002,0.09048250000000002,0.09766000000000002,0.10607499999999997,310.44333866
1,13,0,LE07_012031_20010525,0.07741999999999999,0.09081250000000002,0.09697250000000002,0.11619499999999999,300.82161236
2,14,0,LE07_012031_20010525,0.07741999999999999,0.08880500000000002,0.09161000000000002,0.10854999999999998,304.12000165999996
3,14,1,LE07_012031_20010525,0.08110499999999998,0.09282000000000001,0.10233500000000001,0.11998999999999999,305.95206038000003
4,15,0,LE07_012031_20010525,0.08655000000000002,0.09881499999999999,0.10591,0.11237249999999999,305.95206038000003
5,15,1,LE07_012031_20010525,0.08839249999999998,0.0948,0.10054750000000001,0.11619499999999999,307.03899074000003
6,16,0,LE07_012031_20010525,0.0902075,0.10483749999999997,0.11300500000000002,0.12760749999999998,307.03899074000003
7,16,1,LE07_012031_20010525,0.08289249999999998,0.0927925,0.10052,0.11619499999999999,307.39788283999997
8,16,2,LE07_012031_20010525,0.08836500000000003,0.09881499999999999,0.1023075,0.12378499999999998,306.56046793999997
10,17,1,LE07_012031_20010525,0.07002249999999999,0.08272750000000001,0.08440500000000001,0.10087750000000001,306.31778852
11,17,2,LE07_012031_20010525,0.08286500000000002,0.08875,0.096945,0.11619499999999999,305.8358477
12,18,1,LE07_012031_20010525,0.0773375,0.09477249999999998,0.0951575,0.10852250000000002,304.12341968
13,18,2,LE07_012031_20010525,0.08649499999999999,0.09878749999999997,0.10766999999999999,0.12760749999999998,304.37635316
14,18,3,LE07_012031_20010525,0.08649499999999999,0.10079500000000002,0.10766999999999999,0.12378499999999998,304.7420813
15,19,1,LE07_012031_20010525,0.09565249999999997,0.11680000000000001,0.12367499999999998,0.1390475,301.51547042
16,19,2,LE07_012031_20010525,0.12469249999999998,0.140725,0.15920499999999999,0.1770525,301.89145262
17,19,3,LE07_012031_20010525,0.10475499999999999,0.12678250000000002,0.14146750000000002,0.15807749999999998,303.63806084
18,20,2,LE07_012031_20010525,0.14270500000000003,0.1645125,0.17864750000000001,0.1997675,298.85283284
19,20,3,LE07_012031_20010525,0.11198750000000002,0.1367375,0.1485625,0.16946250000000002,301.02669356
20,20,4,LE07_012031_20010525,0.09196749999999998,0.11479250000000002,0.1307975,0.14284249999999998,303.26891467999997
21,21,2,LE07_012031_20010525,0.10472749999999997,0.13274999999999998,0.13968000000000003,0.16187249999999997,296.4192026
22,21,3,LE07_012031_20010525,0.102885,0.12279499999999999,0.13968000000000003,0.15807749999999998,298.87334096
23,21,4,LE07_012031_20010525,0.08644000000000002,0.1047825,0.1165525,0.13143,301.14290624
25,22,3,LE07_012031_20010525,0.14630749999999998,0.1664925,0.17864750000000001,0.196,297.72146822
26,22,4,LE07_012031_20010525,0.12826749999999998,0.14867249999999999,0.16806,0.19220500000000001,300.39094184
27,22,5,LE07_012031_20010525,0.11380249999999997,0.13274999999999998,0.15034999999999998,0.16566750000000002,301.51888843999996
28,23,3,LE07_012031_20010525,0.11921999999999999,0.14270500000000003,0.15211000000000002,0.16946250000000002,298.87334096
29,23,4,LE07_012031_20010525,0.12106250000000002,0.15065250000000002,0.17160750000000002,0.19220500000000001,301.89487064
30,23,5,LE07_012031_20010525,0.11561749999999998,0.14270500000000003,0.16099249999999998,0.18467,303.74401946
32,24,4,LE07_012031_20010525,0.0864125,0.10074,0.11295,0.12760749999999998,303.74743748000003
33,24,5,LE07_012031_20010525,0.11014499999999999,0.12477500000000002,0.1361325,0.1619,305.56924214000003
34,24,6,LE07_012031_20010525,0.11740499999999998,0.13473000000000002,0.13968000000000003,0.15045999999999998,307.01164658
35,25,5,LE07_012031_20010525,0.06988499999999997,0.08261750000000001,0.08792499999999998,0.1046725,306.67668061999996
36,25,6,LE07_012031_20010525,0.091885,0.10274749999999999,0.1111625,0.11616749999999998,309.53756336000004
37,25,7,LE07_012031_20010525,0.12826749999999998,0.15065250000000002,0.16275250000000002,0.16946250000000002,310.24167548
38,26,6,LE07_012031_20010525,0.09006999999999998,0.09870499999999999,0.10404000000000002,0.11234499999999997,308.8266152
39,26,7,LE07_012031_20010525,0.1228225,0.13274999999999998,0.13792,0.14284249999999998,309.88961942000003
40,27,7,LE07_012031_20010525,0.09004250000000003,0.09870499999999999,0.10940250000000001,0.11996250000000003,307.03557272
41,27,8,LE07_012031_20010525,0.11919249999999998,0.13274999999999998,0.14146750000000002,0.15045999999999998,305.60000432
42,28,8,LE07_012031_20010525,0.09004250000000003,0.10271999999999998,0.11652499999999999,0.13143,303.67224104
1,13,0,LE07_012031_20010610,0.06625500000000001,0.0834975,0.09444249999999998,0.1071475,315.87799046
2,14,0,LE07_012031_20010610,0.06446750000000001,0.079565,0.08578000000000002,0.10346250000000001,319.06358509999995
3,14,1,LE07_012031_20010610,0.07153500000000002,0.085395,0.09790749999999998,0.11080499999999999,320.91956996
4,15,0,LE07_012031_20010610,0.07326749999999999,0.085395,0.09273749999999997,0.09977750000000002,321.22719176
5,15,1,LE07_012031_20010610,0.07502750000000002,0.08737499999999998,0.09444249999999998,0.10346250000000001,322.7550467
6,16,0,LE07_012031_20010610,0.08028000000000002,0.09708250000000002,0.10659750000000001,0.11814750000000002,323.66424001999997
7,16,1,LE07_012031_20010610,0.07851999999999998,0.09125250000000001,0.09620250000000002,0.10346250000000001,324.26581153999996
8,16,2,LE07_012031_20010610,0.07326749999999999,0.09320499999999998,0.09620250000000002,0.1071475,323.22673346
10,17,1,LE07_012031_20010610,0.06446750000000001,0.06980249999999999,0.07533000000000001,0.08875,323.96502578
11,17,2,LE07_012031_20010610,0.0662275,0.08151750000000002,0.08578000000000002,0.09977750000000002,322.62174392
12,18,1,LE07_012031_20010610,0.06972,0.085395,0.08924500000000002,0.10346250000000001,321.53481356
13,18,2,LE07_012031_20010610,0.07678750000000001,0.09320499999999998,0.10139999999999999,0.1255175,320.4820634
14,18,3,LE07_012031_20010610,0.07851999999999998,0.09317750000000002,0.10139999999999999,0.11814750000000002,320.1744416
15,19,1,LE07_012031_20010610,0.085505,0.11064000000000002,0.11869750000000001,0.12917499999999998,317.81258978
16,19,2,LE07_012031_20010610,0.11685499999999999,0.14155,0.15315499999999999,0.16580499999999998,318.12704762
17,19,3,LE07_012031_20010610,0.1012075,0.12224499999999999,0.13767249999999998,0.15483249999999998,318.93370034
18,20,2,LE07_012031_20010610,0.156455,0.18560500000000002,0.1994375,0.1986675,313.66994954
19,20,3,LE07_012031_20010610,0.12724999999999997,0.15884749999999997,0.17551250000000002,0.187695,317.3716652
20,20,4,LE07_012031_20010610,0.07323999999999997,0.097055,0.11174,0.11814750000000002,319.86681980000003
21,21,2,LE07_012031_20010610,0.13241999999999998,0.15692250000000002,0.17204750000000002,0.17675000000000002,310.60740362
22,21,3,LE07_012031_20010610,0.12029250000000002,0.1511475,0.17204750000000002,0.18406499999999998,315.18413239999995
23,21,4,LE07_012031_20010610,0.07147999999999999,0.091225,0.10659750000000001,0.1255175,318.01767098
25,22,3,LE07_012031_20010610,0.134125,0.16266999999999998,0.1806275,0.19138,314.54496266
26,22,4,LE07_012031_20010610,0.11685499999999999,0.14732499999999998,0.1652,0.187695,317.39217332
27,22,5,LE07_012031_20010610,0.10293999999999998,0.12804749999999998,0.14287,0.15483249999999998,317.70663116000003
28,23,3,LE07_012031_20010610,0.12375750000000002,0.14732499999999998,0.163495,0.16580499999999998,315.50200826
29,23,4,LE07_012031_20010610,0.12722250000000002,0.16074500000000003,0.1806275,0.1986675,318.95079044
30,23,5,LE07_012031_20010610,0.115095,0.14537250000000002,0.16179,0.1804075,320.18469566
32,24,4,LE07_012031_20010610,0.07849250000000002,0.09898000000000001,0.11349999999999999,0.1255175,320.79993926
33,24,5,LE07_012031_20010610,0.097715,0.12029250000000002,0.134235,0.14383249999999997,322.62516194
34,24,6,LE07_012031_20010610,0.12029250000000002,0.14347500000000002,0.14804,0.151175,322.9259477
35,25,5,LE07_012031_20010610,0.05030499999999999,0.06974750000000002,0.07359749999999998,0.08138000000000001,323.05583246000003
36,25,6,LE07_012031_20010610,0.08547749999999998,0.09898000000000001,0.110035,0.10711999999999999,324.26239352
37,25,7,LE07_012031_20010610,0.11856,0.1415225,0.16005750000000002,0.1621475,323.660822
38,26,6,LE07_012031_20010610,0.07147999999999999,0.08927249999999998,0.09444249999999998,0.09977750000000002,323.660822
39,26,7,LE07_012031_20010610,0.115095,0.12804749999999998,0.13250250000000002,0.13285999999999998,323.660822
40,27,7,LE07_012031_20010610,0.08374500000000001,0.09510249999999998,0.10137249999999998,0.10711999999999999,320.91615193999996
41,27,8,LE07_012031_20010610,0.10816500000000001,0.12417,0.13250250000000002,0.1365175,320.93324204
42,28,8,LE07_012031_20010610,0.07676,0.08536749999999999,0.10137249999999998,0.11080499999999999,319.17979778
1,13,0,LE07_012031_20010626,0.05685000000000001,0.07123249999999998,0.08165499999999998,0.09664250000000002,318.05868722
2,14,0,LE07_012031_20010626,0.0624325,0.0753025,0.07984000000000002,0.08894249999999998,320.584604
3,14,1,LE07_012031_20010626,0.07175500000000001,0.07736500000000002,0.08891500000000002,0.09282000000000001,321.6612803
4,15,0,LE07_012031_20010626,0.0624325,0.07736500000000002,0.08710000000000001,0.09664250000000002,322.3790645
5,15,1,LE07_012031_20010626,0.07175500000000001,0.07940000000000003,0.08888750000000001,0.09664250000000002,323.09001265999996
6,16,0,LE07_012031_20010626,0.0773375,0.09158250000000001,0.09972249999999999,0.11207,323.44548674
7,16,1,LE07_012031_20010626,0.07917999999999997,0.09766000000000002,0.103325,0.11207,323.7975428
8,16,2,LE07_012031_20010626,0.073625,0.0895475,0.09427750000000001,0.10821999999999998,323.66765804
10,17,1,LE07_012031_20010626,0.05308249999999998,0.06509999999999999,0.06716250000000001,0.08121499999999998,323.7975428
11,17,2,LE07_012031_20010626,0.06430249999999998,0.08346999999999999,0.0870725,0.10052,322.96354592
12,18,1,LE07_012031_20010626,0.07175500000000001,0.08346999999999999,0.09070250000000002,0.10821999999999998,322.3790645
13,18,2,LE07_012031_20010626,0.0773375,0.09359,0.09972249999999999,0.11594749999999998,322.25259775999996
14,18,3,LE07_012031_20010626,0.07730999999999999,0.091555,0.09790749999999998,0.11207,321.53823158
15,19,1,LE07_012031_20010626,0.08660499999999999,0.11382999999999999,0.13206250000000003,0.13899250000000002,318.7730534
16,19,2,LE07_012031_20010626,0.121585,0.14201750000000002,0.157115,0.169655,320.22571189999996
17,19,3,LE07_012031_20010626,0.0921325,0.10775249999999997,0.12491249999999998,0.14281500000000003,321.17933947999995
18,20,2,LE07_012031_20010626,0.13252999999999998,0.1580225,0.1731475,0.1772725,316.93415863999996
19,20,3,LE07_012031_20010626,0.11974249999999997,0.1460325,0.16423749999999998,0.1772725,319.74035305999996
20,20,4,LE07_012031_20010626,0.0810225,0.10775249999999997,0.12309750000000003,0.1351425,321.53823158
21,21,2,LE07_012031_20010626,0.1179,0.14402500000000001,0.15354,0.16201,314.20316066
22,21,3,LE07_012031_20010626,0.11787249999999999,0.15002,0.16957250000000001,0.18112250000000002,316.90339645999995
23,21,4,LE07_012031_20010626,0.08657749999999997,0.11382999999999999,0.12669999999999998,0.13899250000000002,319.8155495
25,22,3,LE07_012031_20010626,0.12524249999999998,0.16003,0.187365,0.20782499999999998,315.42681182
26,22,4,LE07_012031_20010626,0.10503000000000001,0.1259575,0.14817750000000002,0.16580499999999998,319.09434727999997
27,22,5,LE07_012031_20010626,0.09397499999999998,0.11787249999999999,0.12846000000000002,0.146665,320.89564382000003
28,23,3,LE07_012031_20010626,0.11605749999999998,0.14001000000000002,0.16069,0.16201,316.53766831999997
29,23,4,LE07_012031_20010626,0.11421500000000001,0.13800250000000003,0.1624775,0.1773,319.4566574
30,23,5,LE07_012031_20010626,0.10687249999999998,0.13599499999999998,0.14996500000000001,0.1734775,321.25453591999997
32,24,4,LE07_012031_20010626,0.08099499999999998,0.10574499999999998,0.11410500000000001,0.12362000000000001,320.53675172
33,24,5,LE07_012031_20010626,0.0995025,0.121915,0.13206250000000003,0.14281500000000003,321.96548408
34,24,6,LE07_012031_20010626,0.10318749999999999,0.12392249999999999,0.13563750000000002,0.14281500000000003,322.32095816000003
35,25,5,LE07_012031_20010626,0.06608999999999998,0.07730999999999999,0.08162750000000002,0.08891500000000002,323.09001265999996
36,25,6,LE07_012031_20010626,0.09763250000000001,0.11784499999999998,0.11949500000000002,0.12362000000000001,324.14959885999997
37,25,7,LE07_012031_20010626,0.1233725,0.14201750000000002,0.1589025,0.1658325,324.85371097999996
38,26,6,LE07_012031_20010626,0.06983,0.08138000000000001,0.0816,0.08891500000000002,323.09001265999996
39,26,7,LE07_012031_20010626,0.1105025,0.13195250000000003,0.14639000000000002,0.146665,323.7975428
40,27,7,LE07_012031_20010626,0.09947499999999998,0.11176750000000002,0.11589250000000001,0.11976999999999999,322.02359042
41,27,8,LE07_012031_20010626,0.0902075,0.10772500000000002,0.11047499999999999,0.11592000000000002,321.68178842
42,28,8,LE07_012031_20010626,0.08094000000000001,0.097605,0.10329749999999999,0.11207,319.38146096
1,13,0,LE07_012031_20010728,0.04629,0.05049749999999997,0.05742750000000002,0.06542999999999999,310.37839628
2,14,0,LE07_012031_20010728,0.052037500000000014,0.05882999999999999,0.066695,0.07717249999999998,313.53664676
3,14,1,LE07_012031_20010728,0.06347750000000002,0.07546750000000002,0.0740925,0.08897,315.38237756
4,15,0,LE07_012031_20010728,0.06922499999999998,0.08168249999999999,0.09438750000000001,0.10461749999999997,315.68658134
5,15,1,LE07_012031_20010728,0.06542999999999999,0.0775575,0.08333249999999998,0.09287499999999999,316.89997844
6,16,0,LE07_012031_20010728,0.07871250000000002,0.10032750000000001,0.10912749999999999,0.1202375,316.89997844
7,16,1,LE07_012031_20010728,0.06542999999999999,0.073405,0.08149,0.08897,317.80575374
8,16,2,LE07_012031_20010728,0.07112249999999998,0.085835,0.08704499999999998,0.10071249999999998,317.07429746
10,17,1,LE07_012031_20010728,0.05588749999999998,0.06094749999999999,0.06113999999999997,0.0693625,316.89997844
11,17,2,LE07_012031_20010728,0.06542999999999999,0.07549499999999998,0.07780500000000001,0.08897,316.46930792
12,18,1,LE07_012031_20010728,0.0692525,0.07964749999999998,0.08335999999999999,0.09677999999999998,314.77055198
13,18,2,LE07_012031_20010728,0.07681500000000002,0.09622999999999998,0.10731249999999998,0.12417,314.64408524
14,18,3,LE07_012031_20010728,0.0692525,0.08586250000000001,0.0962575,0.10854999999999998,314.64408524
15,19,1,LE07_012031_20010728,0.08250750000000001,0.10035499999999997,0.109155,0.1202375,311.04149215999996
16,19,2,LE07_012031_20010728,0.10137249999999998,0.12298750000000003,0.1329975,0.139735,312.2959055
17,19,3,LE07_012031_20010728,0.097605,0.114765,0.12749749999999999,0.13585750000000002,313.72121984
18,20,2,LE07_012031_20010728,0.11638749999999998,0.13530750000000002,0.1384975,0.1436675,309.45553087999997
19,20,3,LE07_012031_20010728,0.1201275,0.14551000000000003,0.16586,0.15920499999999999,311.85839894000003
20,20,4,LE07_012031_20010728,0.073075,0.09004250000000003,0.10362749999999998,0.1163325,314.64408524
21,21,2,LE07_012031_20010728,0.07681500000000002,0.08379999999999999,0.08888750000000001,0.10074,306.76213112
22,21,3,LE07_012031_20010728,0.10514000000000001,0.13121,0.1476,0.15145000000000003,309.05220452000003
23,21,4,LE07_012031_20010728,0.07114999999999999,0.09210499999999999,0.10547000000000001,0.1202375,311.57470328
25,22,3,LE07_012031_20010728,0.1480125,0.18618250000000003,0.1967425,0.21733999999999998,307.77728306
26,22,4,LE07_012031_20010728,0.10324250000000001,0.13121,0.15672999999999998,0.17474250000000002,310.63474778
27,22,5,LE07_012031_20010728,0.09196749999999998,0.11889,0.1329975,0.15145000000000003,313.12648436
28,23,3,LE07_012031_20010728,0.10139999999999999,0.11682749999999997,0.12199749999999998,0.13195250000000003,309.37008038
29,23,4,LE07_012031_20010728,0.11077749999999997,0.13734249999999998,0.1585725,0.17474250000000002,312.19678292000003
30,23,5,LE07_012031_20010728,0.10890749999999999,0.13734249999999998,0.15672999999999998,0.17474250000000002,314.96537911999997
32,24,4,LE07_012031_20010728,0.073075,0.08586250000000001,0.10178500000000001,0.10854999999999998,313.74172796
33,24,5,LE07_012031_20010728,0.09196749999999998,0.10860500000000001,0.12015500000000001,0.13195250000000003,315.2695829
34,24,6,LE07_012031_20010728,0.0995025,0.11889,0.12934,0.13585750000000002,315.57378668
35,25,5,LE07_012031_20010728,0.057867500000000016,0.06515500000000002,0.06674999999999998,0.07719999999999999,316.59577465999996
36,25,6,LE07_012031_20010728,0.07876749999999999,0.09004250000000003,0.09075749999999999,0.09680749999999999,317.80233572
37,25,7,LE07_012031_20010728,0.12199749999999998,0.139405,0.1458125,0.14754499999999998,317.50154996000003
38,26,6,LE07_012031_20010728,0.06738250000000001,0.07761249999999997,0.079675,0.08897,317.50154996000003
39,26,7,LE07_012031_20010728,0.10139999999999999,0.11273,0.11834,0.1202375,317.2007642
40,27,7,LE07_012031_20010728,0.06551249999999997,0.07761249999999997,0.0870725,0.08897,314.76713396
41,27,8,LE07_012031_20010728,0.1014275,0.11066749999999997,0.11099750000000003,0.1202375,314.47660226
42,28,8,LE07_012031_20010728,0.07500000000000001,0.0838275,0.0870725,0.09680749999999999,313.0478699
1,13,0,LE07_012031_20010829,0.037215,0.04532749999999999,0.04598749999999999,0.05321999999999999,310.19724122
2,14,0,LE07_012031_20010829,0.03925000000000001,0.043127499999999985,0.04598749999999999,0.04901249999999999,313.63918736
3,14,1,LE07_012031_20010829,0.055365,0.06295499999999998,0.06760250000000001,0.07412000000000002,315.67290926
4,15,0,LE07_012031_20010829,0.05132249999999999,0.060755,0.06369750000000002,0.06994,315.67290926
5,15,1,LE07_012031_20010829,0.055365,0.06515500000000002,0.07348749999999998,0.07829999999999998,317.679287
6,16,0,LE07_012031_20010829,0.06738250000000001,0.0783275,0.08330500000000002,0.09499249999999998,317.679287
7,16,1,LE07_012031_20010829,0.05332999999999999,0.06295499999999998,0.06562249999999997,0.07412000000000002,318.6705128
8,16,2,LE07_012031_20010829,0.061360000000000026,0.07392749999999998,0.08132499999999998,0.0866325,318.21591614
10,17,1,LE07_012031_20010829,0.04530000000000001,0.051927500000000015,0.05187249999999999,0.061580000000000024,317.679287
11,17,2,LE07_012031_20010829,0.059352499999999975,0.06515500000000002,0.06958249999999999,0.07412000000000002,317.55282026
12,18,1,LE07_012031_20010829,0.055337499999999984,0.06515500000000002,0.06562249999999997,0.08248,315.67290926
13,18,2,LE07_012031_20010829,0.06537500000000002,0.07392749999999998,0.08330500000000002,0.0991725,315.88482650000003
14,18,3,LE07_012031_20010829,0.059352499999999975,0.07612750000000001,0.08522999999999997,0.09499249999999998,316.21979246
15,19,1,LE07_012031_20010829,0.07337749999999998,0.08489999999999998,0.09114250000000002,0.11168499999999998,312.26856134
16,19,2,LE07_012031_20010829,0.119,0.1371775,0.14375,0.15326499999999998,312.95558336
17,19,3,LE07_012031_20010829,0.09326000000000001,0.108935,0.128185,0.13665500000000003,314.53812661999996
18,20,2,LE07_012031_20010829,0.11702000000000001,0.1350325,0.13596750000000002,0.13665500000000003,309.12740096
19,20,3,LE07_012031_20010829,0.0872925,0.10676249999999998,0.12235499999999999,0.12417,312.14551262
20,20,4,LE07_012031_20010829,0.0693625,0.08927249999999998,0.1047825,0.10750500000000002,314.53812661999996
21,21,2,LE07_012031_20010829,0.08330500000000002,0.09364499999999998,0.09502,0.103325,306.5194517
22,21,3,LE07_012031_20010829,0.07337749999999998,0.08927249999999998,0.09892499999999999,0.10750500000000002,309.4418588
23,21,4,LE07_012031_20010829,0.061360000000000026,0.08052749999999997,0.091115,0.0991725,312.55567501999997
25,22,3,LE07_012031_20010829,0.1012075,0.12414249999999999,0.128185,0.13665500000000003,308.03363456
26,22,4,LE07_012031_20010829,0.09721999999999997,0.11762499999999998,0.128185,0.14495999999999998,311.17821296
27,22,5,LE07_012031_20010829,0.08132499999999998,0.10019,0.10868749999999999,0.13250250000000002,313.23927902
28,23,3,LE07_012031_20010829,0.08330500000000002,0.10676249999999998,0.11842249999999999,0.12417,309.79049684
29,23,4,LE07_012031_20010829,0.10516750000000002,0.128515,0.145675,0.157445,313.23927902
30,23,5,LE07_012031_20010829,0.10516750000000002,0.128515,0.14762750000000002,0.16157,315.60113084
32,24,4,LE07_012031_20010829,0.059352499999999975,0.07829999999999998,0.08916249999999998,0.09499249999999998,315.60113084
33,24,5,LE07_012031_20010829,0.08330500000000002,0.09801749999999998,0.11454500000000001,0.11583749999999998,317.26570658
34,24,6,LE07_012031_20010829,0.09326000000000001,0.108935,0.10868749999999999,0.11168499999999998,316.6026107
35,25,5,LE07_012031_20010829,0.04122999999999999,0.04749999999999999,0.055804999999999993,0.061580000000000024,317.00935508
36,25,6,LE07_012031_20010829,0.067355,0.08052749999999997,0.0871825,0.08248,317.34432103999995
37,25,7,LE07_012031_20010829,0.09920000000000001,0.1197975,0.128185,0.1283225,317.34432103999995
38,26,6,LE07_012031_20010829,0.05530999999999997,0.06952750000000002,0.0715075,0.06991249999999999,316.34284118
39,26,7,LE07_012031_20010829,0.0872925,0.0958175,0.09697250000000002,0.09081250000000002,317.00935508
40,27,7,LE07_012031_20010829,0.067355,0.07390000000000002,0.079345,0.07829999999999998,314.9961413
41,27,8,LE07_012031_20010829,0.079345,0.08489999999999998,0.091115,0.09081250000000002,314.67142939999997
42,28,8,LE07_012031_20010829,0.05129499999999998,0.05630000000000002,0.06559500000000001,0.06991249999999999,313.50246656
1,13,0,LE07_012031_20011016,0.0324575,0.03803999999999999,0.034464999999999996,0.0327875,291.85956392
2,14,0,LE07_012031_20011016,0.03501499999999999,0.03523499999999999,0.027012499999999995,0.029267500000000002,292.53633188000003
3,14,1,LE07_012031_20011016,0.050360000000000016,0.05473250000000002,0.04689499999999999,0.05371500000000001,295.22631362
4,15,0,LE07_012031_20011016,0.0478025,0.0464,0.04939750000000001,0.046729999999999994,294.54270962
5,15,1,LE07_012031_20011016,0.0478025,0.05473250000000002,0.05187249999999999,0.06067250000000002,296.90797946
6,16,0,LE07_012031_20011016,0.060535000000000005,0.0630925,0.06928000000000001,0.0746425,298.23758924000003
7,16,1,LE07_012031_20011016,0.0630925,0.0630925,0.05932500000000002,0.06765749999999998,298.23758924000003
8,16,2,LE07_012031_20011016,0.05544749999999998,0.0630925,0.06182749999999998,0.07114999999999999,298.12479457999996
10,17,1,LE07_012031_20011016,0.04524500000000001,0.05195499999999997,0.04689499999999999,0.0502225,297.90604129999997
11,17,2,LE07_012031_20011016,0.05800499999999997,0.06586999999999998,0.06928000000000001,0.06765749999999998,297.79324664
12,18,1,LE07_012031_20011016,0.05544749999999998,0.0630925,0.066805,0.07114999999999999,296.90797946
13,18,2,LE07_012031_20011016,0.0630925,0.07417499999999999,0.07670500000000002,0.08855750000000001,296.7951848
14,18,3,LE07_012031_20011016,0.07068249999999998,0.07142500000000002,0.0866325,0.08855750000000001,297.13015076
15,19,1,LE07_012031_20011016,0.07323999999999997,0.09633999999999998,0.09158250000000001,0.13376749999999998,295.22631362
16,19,2,LE07_012031_20011016,0.13855250000000002,0.1623675,0.16555750000000002,0.18588,295.5646976
17,19,3,LE07_012031_20011016,0.10604750000000002,0.12669999999999998,0.14342,0.151175,296.46021884000004
18,20,2,LE07_012031_20011016,0.1110525,0.12669999999999998,0.133575,0.14771,293.86594166
19,20,3,LE07_012031_20011016,0.10349000000000003,0.12117250000000002,0.128625,0.13376749999999998,295.45190293999997
20,20,4,LE07_012031_20011016,0.07577,0.09081250000000002,0.09898000000000001,0.10596499999999998,297.4616987
21,21,2,LE07_012031_20011016,0.0681525,0.07142500000000002,0.06433,0.0781075,292.03046492
22,21,3,LE07_012031_20011016,0.07323999999999997,0.085285,0.0866325,0.08855750000000001,293.15841151999996
23,21,4,LE07_012031_20011016,0.05544749999999998,0.0630925,0.06433,0.07114999999999999,294.51878348
25,22,3,LE07_012031_20011016,0.10604750000000002,0.11292249999999998,0.11627749999999998,0.11638749999999998,292.4713895
26,22,4,LE07_012031_20011016,0.05800499999999997,0.07417499999999999,0.07670500000000002,0.08855750000000001,293.84201552
27,22,5,LE07_012031_20011016,0.05800499999999997,0.05473250000000002,0.06182749999999998,0.07114999999999999,294.85716746
28,23,3,LE07_012031_20011016,0.06562249999999997,0.07417499999999999,0.08165499999999998,0.0816,293.50021352
29,23,4,LE07_012031_20011016,0.08842,0.10739500000000002,0.12122749999999999,0.13033,296.20386734
30,23,5,LE07_012031_20011016,0.09848499999999999,0.12392249999999999,0.1409725,0.158105,297.5300591
32,24,4,LE07_012031_20011016,0.05544749999999998,0.06864749999999997,0.07423000000000002,0.0781075,297.86160703999997
33,24,5,LE07_012031_20011016,0.07829999999999998,0.09359,0.10145500000000002,0.10596499999999998,298.84599679999997
34,24,6,LE07_012031_20011016,0.08335999999999999,0.085285,0.09158250000000001,0.09551500000000002,298.84599679999997
35,25,5,LE07_012031_20011016,0.0478025,0.04915,0.05187249999999999,0.05371500000000001,299.5466909
36,25,6,LE07_012031_20011016,0.06562249999999997,0.0630925,0.06182749999999998,0.06067250000000002,299.5466909
37,25,7,LE07_012031_20011016,0.07829999999999998,0.085285,0.08165499999999998,0.0781075,298.23417122
38,26,6,LE07_012031_20011016,0.050360000000000016,0.05753750000000002,0.05187249999999999,0.05718000000000001,298.89384908
39,26,7,LE07_012031_20011016,0.07829999999999998,0.085285,0.0841575,0.0781075,297.90262328
40,27,7,LE07_012031_20011016,0.05288999999999999,0.05473250000000002,0.05932500000000002,0.06067250000000002,296.23462952
41,27,8,LE07_012031_20011016,0.06562249999999997,0.07142500000000002,0.07423000000000002,0.07114999999999999,295.23656768
42,28,8,LE07_012031_20011016,0.05288999999999999,0.05753750000000002,0.05685000000000001,0.05718000000000001,294.78880705999995
2,14,0,LE07_012031_20011101,0.09293000000000001,0.09053749999999999,0.0802525,0.08072000000000001,286.23008498
3,14,1,LE07_012031_20011101,0.0961475,0.09752250000000001,0.08333249999999998,0.08929999999999999,286.23008498
4,15,0,LE07_012031_20011101,0.0961475,0.09053749999999999,0.08333249999999998,0.08072000000000001,287.01622957999996
5,15,1,LE07_012031_20011101,0.0993925,0.10101500000000002,0.08949249999999997,0.09359,287.40930188
6,16,0,LE07_012031_20011101,0.09936499999999998,0.10101500000000002,0.10178500000000001,0.10214250000000002,288.57484669999997
7,16,1,LE07_012031_20011101,0.10258250000000002,0.10450749999999998,0.09870499999999999,0.10214250000000002,288.96108296
8,16,2,LE07_012031_20011101,0.10577249999999999,0.10450749999999998,0.09562500000000002,0.09788000000000002,288.85512434
10,17,1,LE07_012031_20011101,0.0961475,0.09752250000000001,0.08946500000000002,0.09788000000000002,288.57484669999997
11,17,2,LE07_012031_20011101,0.10258250000000002,0.09752250000000001,0.09254499999999999,0.10643249999999999,288.47230609999997
12,18,1,LE07_012031_20011101,0.10898999999999998,0.1114925,0.10486499999999999,0.11503999999999998,287.01622957999996
13,18,2,LE07_012031_20011101,0.12177749999999998,0.132365,0.1262875,0.13640750000000001,286.91368897999996
23,21,4,LE07_012031_20011101,0.0993925,0.09403,0.08949249999999997,0.08929999999999999,285.4986287
29,23,4,LE07_012031_20011101,0.11536999999999997,0.11845,0.11402250000000003,0.132145,285.4986287
30,23,5,LE07_012031_20011101,0.12499500000000002,0.12890000000000001,0.1354725,0.14495999999999998,286.2847733
32,24,4,LE07_012031_20011101,0.10258250000000002,0.10101500000000002,0.09562500000000002,0.10643249999999999,286.67784559999996
33,24,5,LE07_012031_20011101,0.10898999999999998,0.11845,0.11402250000000003,0.11927500000000002,287.84680844
35,25,5,LE07_012031_20011101,0.09622999999999998,0.1010975,0.09565249999999997,0.10216999999999998,287.79553813999996
36,25,6,LE07_012031_20011101,0.11545250000000001,0.10805500000000001,0.1048925,0.10216999999999998,287.40588386
38,26,6,LE07_012031_20011101,0.11226249999999999,0.1010975,0.0987325,0.10216999999999998,286.61973925999996
39,26,7,LE07_012031_20011101,0.11867,0.11501250000000002,0.1048925,0.10648750000000001,286.61973925999996
1,13,0,LE07_012031_20020325,0.05992999999999998,0.0650175,0.060067499999999996,0.06328499999999998,282.89409746
2,14,0,LE07_012031_20020325,0.06213000000000002,0.06504500000000002,0.06218499999999999,0.06328499999999998,285.29696551999996
3,14,1,LE07_012031_20020325,0.07736500000000002,0.08184750000000002,0.08357999999999999,0.08556000000000002,286.33604360000004
4,15,0,LE07_012031_20020325,0.07304749999999999,0.079455,0.08357999999999999,0.08556000000000002,287.7032516
5,15,1,LE07_012031_20020325,0.07736500000000002,0.08184750000000002,0.08781499999999998,0.09001500000000001,288.38343757999996
6,16,0,LE07_012031_20020325,0.079565,0.08907999999999999,0.0963675,0.10340749999999999,289.39175348000003
7,16,1,LE07_012031_20020325,0.07953749999999998,0.0842675,0.0899875,0.09001500000000001,289.05678752
8,16,2,LE07_012031_20020325,0.08390999999999998,0.08907999999999999,0.09210499999999999,0.0989525,288.27064292
10,17,1,LE07_012031_20020325,0.07522000000000001,0.0722775,0.07076500000000002,0.0811325,289.05678752
11,17,2,LE07_012031_20020325,0.07953749999999998,0.08187499999999998,0.0899875,0.09449750000000001,288.27064292
12,18,1,LE07_012031_20020325,0.08390999999999998,0.08668749999999997,0.09425,0.10340749999999999,287.0196476
13,18,2,LE07_012031_20020325,0.10764249999999997,0.11303249999999998,0.121915,0.13005499999999998,286.22666696
14,18,3,LE07_012031_20020325,0.09254499999999999,0.10346250000000001,0.1112725,0.11229,285.88144694
15,19,1,LE07_012031_20020325,0.09471750000000001,0.1010975,0.115535,0.1256275,283.54352126000003
16,19,2,LE07_012031_20020325,0.14405250000000003,0.16297250000000002,0.1747975,0.18326750000000003,283.54352126000003
17,19,3,LE07_012031_20020325,0.12053999999999998,0.1439975,0.15367750000000002,0.16113,284.14167476
18,20,2,LE07_012031_20020325,0.126975,0.13208999999999999,0.13888250000000002,0.14339249999999998,281.76273284
19,20,3,LE07_012031_20020325,0.11625000000000002,0.1297525,0.13888250000000002,0.14339249999999998,282.72661447999997
20,20,4,LE07_012031_20020325,0.09039999999999998,0.10585499999999998,0.109155,0.11229,283.7896187
21,21,2,LE07_012031_20020325,0.08611000000000002,0.09150000000000003,0.0963675,0.0989525,280.21095176
22,21,3,LE07_012031_20020325,0.09039999999999998,0.10349000000000003,0.109155,0.11674499999999999,281.7729869
23,21,4,LE07_012031_20020325,0.079565,0.08429500000000001,0.085725,0.08558749999999998,283.19488322
25,22,3,LE07_012031_20020325,0.12912,0.1463625,0.15156000000000003,0.152275,282.131879
26,22,4,LE07_012031_20020325,0.0990625,0.10588249999999999,0.1176525,0.13005499999999998,283.89557732000003
27,22,5,LE07_012031_20020325,0.09039999999999998,0.10346250000000001,0.109155,0.1256275,285.28671146
28,23,3,LE07_012031_20020325,0.08828249999999999,0.09389249999999999,0.0985125,0.10786249999999997,282.83940914
29,23,4,LE07_012031_20020325,0.1012075,0.12020999999999998,0.13462000000000002,0.14782,284.94149144
30,23,5,LE07_012031_20020325,0.12053999999999998,0.13923999999999997,0.15367750000000002,0.16113,286.3189535
32,24,4,LE07_012031_20020325,0.08173750000000002,0.08429500000000001,0.09425,0.0989525,286.3189535
33,24,5,LE07_012031_20020325,0.09691749999999999,0.10588249999999999,0.115535,0.12117250000000002,288.01770944
34,24,6,LE07_012031_20020325,0.10549750000000002,0.10346250000000001,0.11338999999999999,0.11229,288.01770944
35,25,5,LE07_012031_20020325,0.073075,0.0771175,0.07293749999999999,0.0811325,288.71498552
36,25,6,LE07_012031_20020325,0.09039999999999998,0.08907999999999999,0.09210499999999999,0.09004250000000003,288.71498552
37,25,7,LE07_012031_20020325,0.10764249999999997,0.11303249999999998,0.11338999999999999,0.10786249999999997,287.35803158
38,26,6,LE07_012031_20020325,0.08173750000000002,0.08187499999999998,0.0814625,0.0811325,287.69983358
39,26,7,LE07_012031_20020325,0.09688999999999998,0.10107,0.10274749999999999,0.0989525,287.69983358
40,27,7,LE07_012031_20020325,0.07304749999999999,0.07469749999999997,0.07931749999999999,0.0811325,286.67442758
41,27,8,LE07_012031_20020325,0.09254499999999999,0.10107,0.09422249999999999,0.0989525,285.99765962000004
42,28,8,LE07_012031_20020325,0.07087500000000002,0.07469749999999997,0.07928999999999997,0.0811325,284.52791102000003
1,13,0,LE07_012031_20020410,0.04441999999999999,0.04527249999999999,0.04530000000000001,0.054595000000000005,297.78982862
2,14,0,LE07_012031_20020410,0.048242499999999994,0.049534999999999996,0.04716999999999999,0.054595000000000005,300.3328355
3,14,1,LE07_012031_20020410,0.061580000000000024,0.0684825,0.06798749999999998,0.06663999999999998,301.89145262
4,15,0,LE07_012031_20020410,0.06729999999999997,0.0706,0.07552249999999999,0.08267249999999998,304.04480522
5,15,1,LE07_012031_20020410,0.061580000000000024,0.06427499999999997,0.06608999999999998,0.07065500000000002,305.26162034000004
6,16,0,LE07_012031_20020410,0.07676,0.08322249999999998,0.09061999999999998,0.09870499999999999,305.86319186000003
7,16,1,LE07_012031_20020410,0.06350499999999998,0.0684825,0.06798749999999998,0.0746425,306.46134536
8,16,2,LE07_012031_20020410,0.06917000000000001,0.07480749999999997,0.07931749999999999,0.07865749999999999,306.0409289
10,17,1,LE07_012031_20020410,0.053962500000000024,0.06218499999999999,0.0623225,0.06663999999999998,305.86319186000003
11,17,2,LE07_012031_20020410,0.061580000000000024,0.06639250000000002,0.07175500000000001,0.0746425,305.43935738
12,18,1,LE07_012031_20020410,0.0710675,0.08110499999999998,0.08682499999999999,0.090675,302.82115406
13,18,2,LE07_012031_20020410,0.09191250000000001,0.10417749999999998,0.11693750000000003,0.11869750000000001,302.39048354
14,18,3,LE07_012031_20020410,0.07865749999999999,0.08531250000000001,0.09438750000000001,0.09870499999999999,302.69810534
15,19,1,LE07_012031_20020410,0.08811750000000002,0.10417749999999998,0.11130000000000001,0.1306875,298.11454052
16,19,2,LE07_012031_20020410,0.13690249999999998,0.1583525,0.176915,0.186595,298.11454052
17,19,3,LE07_012031_20020410,0.12197000000000002,0.14795750000000002,0.16756500000000002,0.16665750000000001,300.21320479999997
18,20,2,LE07_012031_20020410,0.12009999999999998,0.13756249999999998,0.14325500000000002,0.15067999999999998,295.8552293
19,20,3,LE07_012031_20020410,0.1294225,0.14380500000000002,0.15447500000000003,0.1546675,297.99832784
20,20,4,LE07_012031_20020410,0.072965,0.08951999999999999,0.103765,0.10670750000000001,299.58428912
21,21,2,LE07_012031_20020410,0.08055499999999999,0.08951999999999999,0.0962575,0.09870499999999999,294.43333298
22,21,3,LE07_012031_20020410,0.09381,0.10417749999999998,0.10755999999999999,0.11069499999999999,296.77125866
23,21,4,LE07_012031_20020410,0.05968249999999997,0.0706,0.08118750000000002,0.08267249999999998,298.9998077
25,22,3,LE07_012031_20020410,0.12197000000000002,0.13340999999999997,0.14696750000000003,0.1466925,297.09255254
26,22,4,LE07_012031_20020410,0.10508499999999998,0.11880750000000001,0.13011,0.1426775,300.8797187
27,22,5,LE07_012031_20020410,0.08811750000000002,0.09788000000000002,0.10755999999999999,0.1227125,301.50179834
28,23,3,LE07_012031_20020410,0.07865749999999999,0.08743000000000001,0.09812749999999998,0.10269250000000002,297.73172228
29,23,4,LE07_012031_20020410,0.09191250000000001,0.11253750000000001,0.1282125,0.1387175,302.42466374
30,23,5,LE07_012031_20020410,0.10508499999999998,0.1250775,0.13572,0.1466925,303.34411112
32,24,4,LE07_012031_20020410,0.06917000000000001,0.0684825,0.07931749999999999,0.08666000000000001,303.03648932
33,24,5,LE07_012031_20020410,0.08434999999999998,0.0937,0.10566249999999999,0.11069499999999999,304.85829398
34,24,6,LE07_012031_20020410,0.09755000000000003,0.10417749999999998,0.1131975,0.11069499999999999,305.76065126000003
35,25,5,LE07_012031_20020410,0.05586000000000002,0.05374249999999997,0.05852750000000001,0.06262499999999999,305.2547843
36,25,6,LE07_012031_20020410,0.0710675,0.07689750000000001,0.08118750000000002,0.07865749999999999,306.7587131
37,25,7,LE07_012031_20020410,0.10508499999999998,0.11674499999999999,0.12447249999999999,0.11869750000000001,305.55557006000004
38,26,6,LE07_012031_20020410,0.061580000000000024,0.06427499999999997,0.07552249999999999,0.07065500000000002,304.64979475999996
39,26,7,LE07_012031_20020410,0.09191250000000001,0.09999750000000002,0.10566249999999999,0.09870499999999999,305.2547843
40,27,7,LE07_012031_20020410,0.06347750000000002,0.0684825,0.07552249999999999,0.0746425,303.73718342
41,27,8,LE07_012031_20020410,0.08434999999999998,0.08743000000000001,0.09061999999999998,0.090675,302.83140812
42,28,8,LE07_012031_20020410,0.05968249999999997,0.06427499999999997,0.06985750000000002,0.07065500000000002,300.80452226
1,13,0,LE07_012031_20020426,0.055227499999999985,0.06468750000000001,0.06270749999999997,0.06834499999999999,294.42991496
2,14,0,LE07_012031_20020426,0.0624325,0.066695,0.06628250000000002,0.07579750000000002,296.66530004000003
3,14,1,LE07_012031_20020426,0.06424750000000001,0.07073750000000001,0.07343250000000001,0.07579750000000002,297.9231314
4,15,0,LE07_012031_20020426,0.078575,0.08470749999999999,0.08597250000000001,0.09070250000000002,299.78937032
5,15,1,LE07_012031_20020426,0.06606250000000002,0.07271749999999999,0.07346000000000003,0.07579750000000002,300.40461392
6,16,0,LE07_012031_20020426,0.08754,0.09867749999999997,0.10382000000000002,0.10931999999999997,301.32064328
7,16,1,LE07_012031_20020426,0.06785000000000002,0.07673249999999998,0.07706249999999998,0.08324999999999999,301.92905084
8,16,2,LE07_012031_20020426,0.07323999999999997,0.07873999999999998,0.08063749999999997,0.0869625,301.50521635999996
10,17,1,LE07_012031_20020426,0.060699999999999976,0.06873000000000001,0.0663375,0.0720575,301.62484706
11,17,2,LE07_012031_20020426,0.06787749999999998,0.07673249999999998,0.07524750000000002,0.0832775,300.89680880000003
12,18,1,LE07_012031_20020426,0.067905,0.07673249999999998,0.07884999999999998,0.0832775,299.1707087
13,18,2,LE07_012031_20020426,0.091115,0.102665,0.10739500000000002,0.11674499999999999,298.74345619999997
14,18,3,LE07_012031_20020426,0.08578000000000002,0.10068500000000002,0.10560750000000002,0.10931999999999997,298.11795854
15,19,1,LE07_012031_20020426,0.09293000000000001,0.11262,0.11982500000000001,0.13899250000000002,293.78390918
16,19,2,LE07_012031_20020426,0.1459225,0.16795,0.18362499999999998,0.19831,294.42991496
17,19,3,LE07_012031_20020426,0.12130999999999997,0.15021250000000003,0.1641825,0.16869250000000002,295.59545978
18,20,2,LE07_012031_20020426,0.13187,0.14427250000000003,0.15356750000000002,0.168665,291.49383578
19,20,3,LE07_012031_20020426,0.12658999999999998,0.152165,0.1695175,0.1649525,293.34640262
20,20,4,LE07_012031_20020426,0.08756750000000002,0.1046725,0.11627749999999998,0.1204575,295.91675366
21,21,2,LE07_012031_20020426,0.09471750000000001,0.10071249999999998,0.10205999999999998,0.10558000000000001,290.05143134
22,21,3,LE07_012031_20020426,0.108935,0.12252000000000002,0.13228250000000003,0.13159500000000002,292.43379128000004
23,21,4,LE07_012031_20020426,0.07332250000000001,0.08476250000000002,0.10027249999999999,0.1018675,294.37522664
25,22,3,LE07_012031_20020426,0.11600250000000001,0.13044,0.1393775,0.14270500000000003,292.10907938
26,22,4,LE07_012031_20020426,0.10360000000000003,0.11459999999999998,0.13052249999999999,0.14270500000000003,294.69652052000004
27,22,5,LE07_012031_20020426,0.09650500000000001,0.11064000000000002,0.128735,0.14270500000000003,296.59693963999996
28,23,3,LE07_012031_20020426,0.09474500000000002,0.10271999999999998,0.11097000000000001,0.11300500000000002,292.76192119999996
29,23,4,LE07_012031_20020426,0.10541499999999998,0.11858750000000001,0.13583,0.14641749999999998,295.6501481
30,23,5,LE07_012031_20020426,0.11426999999999998,0.12846000000000002,0.14826,0.157555,298.1623928
32,24,4,LE07_012031_20020426,0.06619999999999998,0.07681500000000002,0.08248,0.09072999999999998,297.85135298
33,24,5,LE07_012031_20020426,0.09119749999999999,0.0987325,0.11097000000000001,0.11300500000000002,300.31916342
34,24,6,LE07_012031_20020426,0.11426999999999998,0.12452750000000001,0.1251875,0.1204575,300.62336719999996
35,25,5,LE07_012031_20020426,0.05902249999999998,0.06884000000000001,0.06460500000000002,0.07582499999999998,301.92563282000003
36,25,6,LE07_012031_20020426,0.08050000000000002,0.07681500000000002,0.08781499999999998,0.08699000000000001,302.22641858
37,25,7,LE07_012031_20020426,0.11069499999999999,0.13044,0.1393775,0.13530750000000002,300.70539968
38,26,6,LE07_012031_20020426,0.07516499999999998,0.07483499999999998,0.07354250000000001,0.079565,300.4011959
39,26,7,LE07_012031_20020426,0.09653250000000002,0.10074,0.1020875,0.1018675,300.4011959
40,27,7,LE07_012031_20020426,0.073405,0.07884999999999998,0.0806925,0.079565,299.16729068
41,27,8,LE07_012031_20020426,0.09474500000000002,0.10868749999999999,0.10918250000000002,0.10931999999999997,299.18096276
42,28,8,LE07_012031_20020426,0.060865,0.07087500000000002,0.07533000000000001,0.07585249999999999,296.83961906
1,13,0,LE07_012031_20020629,0.0562725,0.07005,0.072635,0.08949249999999997,314.33988146
2,14,0,LE07_012031_20020629,0.06180000000000002,0.07208500000000001,0.08162750000000002,0.09331499999999998,318.29111258
3,14,1,LE07_012031_20020629,0.0654575,0.08017000000000002,0.08341500000000002,0.09713749999999999,320.41712101999997
4,15,0,LE07_012031_20020629,0.05992999999999998,0.0740925,0.07802500000000001,0.09331499999999998,320.76575906
5,15,1,LE07_012031_20020629,0.06177250000000001,0.07813500000000001,0.08162750000000002,0.08949249999999997,322.16372924
6,16,0,LE07_012031_20020629,0.07648500000000003,0.08822750000000001,0.09958499999999998,0.10854999999999998,321.8150912
7,16,1,LE07_012031_20020629,0.0691425,0.08217750000000001,0.08701750000000003,0.10093249999999998,322.50894926
8,16,2,LE07_012031_20020629,0.06542999999999999,0.07813500000000001,0.08520250000000001,0.09713749999999999,322.38248252
10,17,1,LE07_012031_20020629,0.05624499999999999,0.06391750000000002,0.06540249999999997,0.08184750000000002,321.81167317999996
11,17,2,LE07_012031_20020629,0.05992999999999998,0.0720575,0.07802500000000001,0.09331499999999998,321.68520644
12,18,1,LE07_012031_20020629,0.0709575,0.08622000000000002,0.09059250000000002,0.10093249999999998,319.70959088
13,18,2,LE07_012031_20020629,0.08377249999999997,0.10841250000000002,0.1192475,0.13517,319.58312414
14,18,3,LE07_012031_20020629,0.07461499999999999,0.08822750000000001,0.10137249999999998,0.11616749999999998,319.9351802
15,19,1,LE07_012031_20020629,0.09653250000000002,0.12246499999999999,0.14418999999999998,0.15414499999999998,316.13434196000003
16,19,2,LE07_012031_20020629,0.14168750000000002,0.17823499999999998,0.20435999999999999,0.21835749999999998,316.85554418000004
17,19,3,LE07_012031_20020629,0.11468250000000002,0.1364625,0.15483249999999998,0.1692975,318.875594
18,20,2,LE07_012031_20020629,0.1434475,0.174275,0.19204,0.19198500000000002,312.83595266
19,20,3,LE07_012031_20020629,0.132695,0.16038750000000002,0.17611749999999998,0.1844225,316.73249546
20,20,4,LE07_012031_20020629,0.08008749999999998,0.10637750000000001,0.11746000000000001,0.13137500000000002,319.9351802
21,21,2,LE07_012031_20020629,0.10382000000000002,0.12246499999999999,0.1299725,0.13137500000000002,310.47751886000003
22,21,3,LE07_012031_20020629,0.11468250000000002,0.14045000000000002,0.15483249999999998,0.16553,315.7310156
23,21,4,LE07_012031_20020629,0.072745,0.09430499999999997,0.10494750000000003,0.11996250000000003,318.58848032000003
25,22,3,LE07_012031_20020629,0.127305,0.15639999999999998,0.16904999999999998,0.17686000000000002,316.0899077
26,22,4,LE07_012031_20020629,0.10013499999999997,0.12447249999999999,0.14418999999999998,0.16173500000000002,318.58848032000003
27,22,5,LE07_012031_20020629,0.08556000000000002,0.1124,0.1299725,0.15414499999999998,317.88095018
28,23,3,LE07_012031_20020629,0.11825750000000002,0.14045000000000002,0.1530725,0.16173500000000002,317.166584
29,23,4,LE07_012031_20020629,0.10742249999999998,0.13046750000000001,0.151285,0.1692975,319.99670456
30,23,5,LE07_012031_20020629,0.1019775,0.12645250000000002,0.14773750000000002,0.16553,319.99670456
32,24,4,LE07_012031_20020629,0.07458749999999997,0.0841575,0.09416750000000002,0.10854999999999998,321.39125672
33,24,5,LE07_012031_20020629,0.0892175,0.10236250000000002,0.1174325,0.12758000000000003,322.77555482
34,24,6,LE07_012031_20020629,0.10739500000000002,0.12447249999999999,0.13352000000000003,0.13517,322.77555482
35,25,5,LE07_012031_20020629,0.05987500000000001,0.06999499999999997,0.07439499999999999,0.08949249999999997,323.53777328
36,25,6,LE07_012031_20020629,0.0892175,0.10233500000000001,0.10849500000000001,0.11237249999999999,324.2247953
37,25,7,LE07_012031_20020629,0.12546249999999998,0.146445,0.16019499999999998,0.16173500000000002,323.53777328
38,26,6,LE07_012031_20020629,0.06906000000000001,0.08011499999999999,0.0833875,0.08946500000000002,323.53777328
39,26,7,LE07_012031_20020629,0.09650500000000001,0.1103925,0.1174325,0.12378499999999998,323.53777328
40,27,7,LE07_012031_20020629,0.08006000000000002,0.0882,0.090565,0.09710999999999997,321.4561991
41,27,8,LE07_012031_20020629,0.10920999999999997,0.12444500000000003,0.12813000000000002,0.13137500000000002,320.7725951
42,28,8,LE07_012031_20020629,0.06906000000000001,0.08212249999999999,0.0923525,0.10093249999999998,318.86192192
1,13,0,LE07_012031_20020715,0.037957500000000005,0.037709999999999994,0.04263249999999999,0.05352249999999997,306.53995982000004
2,14,0,LE07_012031_20020715,0.035784999999999983,0.040102499999999985,0.040569999999999995,0.057894999999999974,307.39446482
3,14,1,LE07_012031_20020715,0.035784999999999983,0.040102499999999985,0.040569999999999995,0.053549999999999986,309.95456179999996
4,15,0,LE07_012031_20020715,0.040212499999999984,0.042440000000000005,0.0447225,0.053549999999999986,310.39206836
5,15,1,LE07_012031_20020715,0.03798499999999999,0.04246749999999999,0.040569999999999995,0.049177499999999985,310.82957492
6,16,0,LE07_012031_20020715,0.04241249999999999,0.05195499999999997,0.05091000000000001,0.06224000000000002,311.69775200000004
7,16,1,LE07_012031_20020715,0.0358125,0.04246749999999999,0.042660000000000003,0.053549999999999986,311.69775200000004
8,16,2,LE07_012031_20020715,0.033585000000000004,0.04246749999999999,0.04059750000000001,0.049205,311.14745078
10,17,1,LE07_012031_20020715,0.033585000000000004,0.0353725,0.0385075,0.049205,311.26366346
11,17,2,LE07_012031_20020715,0.03584000000000001,0.03776499999999999,0.036445000000000005,0.053549999999999986,311.1508688
12,18,1,LE07_012031_20020715,0.04024,0.04961750000000001,0.05091000000000001,0.06655749999999999,310.39206836
13,18,2,LE07_012031_20020715,0.04246749999999999,0.05674000000000001,0.05712499999999998,0.07524750000000002,310.71336224000004
14,18,3,LE07_012031_20020715,0.038067500000000004,0.0472525,0.04890249999999999,0.062267499999999976,310.2792737
15,19,1,LE07_012031_20020715,0.05126750000000002,0.061470000000000025,0.06743749999999998,0.08390999999999998,308.63178805999996
16,19,2,LE07_012031_20020715,0.06666749999999999,0.08503749999999999,0.09001500000000001,0.10547000000000001,309.07271263999996
17,19,3,LE07_012031_20020715,0.05129499999999998,0.06386249999999999,0.07359749999999998,0.08390999999999998,309.40084256
18,20,2,LE07_012031_20020715,0.07103999999999999,0.08033499999999999,0.07975749999999998,0.0925725,306.399821
19,20,3,LE07_012031_20020715,0.06229499999999999,0.0779975,0.08182,0.09688999999999998,308.07806882
20,20,4,LE07_012031_20020715,0.03809499999999999,0.052037500000000014,0.057152499999999995,0.066585,310.2792737
21,21,2,LE07_012031_20020715,0.060067499999999996,0.06619999999999998,0.067465,0.07959250000000001,304.93349042
22,21,3,LE07_012031_20020715,0.055694999999999995,0.0662275,0.06952750000000002,0.07959250000000001,306.93303212
23,21,4,LE07_012031_20020715,0.04252249999999999,0.052037500000000014,0.057152499999999995,0.066585,309.58199762000004
25,22,3,LE07_012031_20020715,0.053549999999999986,0.06386249999999999,0.067465,0.07524750000000002,307.38079274
26,22,4,LE07_012031_20020715,0.04915,0.05915999999999999,0.06336750000000002,0.07527499999999998,309.58199762000004
27,22,5,LE07_012031_20020715,0.042550000000000004,0.05206499999999997,0.059242499999999976,0.07527499999999998,310.45359271999996
28,23,3,LE07_012031_20020715,0.05132249999999999,0.06149749999999998,0.06334000000000001,0.07092999999999999,308.26605992
29,23,4,LE07_012031_20020715,0.05135000000000001,0.06389,0.06542999999999999,0.07959250000000001,310.45359271999996
30,23,5,LE07_012031_20020715,0.05135000000000001,0.056794999999999984,0.06336750000000002,0.07527499999999998,311.32176979999997
32,24,4,LE07_012031_20020715,0.038122500000000004,0.042550000000000004,0.046867500000000006,0.05795,311.75244032
33,24,5,LE07_012031_20020715,0.046977500000000005,0.049699999999999994,0.05305500000000002,0.06661250000000002,312.61036334
34,24,6,LE07_012031_20020715,0.05137750000000002,0.06155250000000001,0.05926999999999999,0.06661250000000002,312.17969282
35,25,5,LE07_012031_20020715,0.03372249999999999,0.03787499999999999,0.038589999999999985,0.04926,313.41359804
36,25,6,LE07_012031_20020715,0.049232499999999985,0.04972750000000001,0.048985,0.05795,313.41359804
37,25,7,LE07_012031_20020715,0.05143249999999999,0.061580000000000024,0.06339499999999998,0.0709575,313.84085054
38,26,6,LE07_012031_20020715,0.03377749999999999,0.0473625,0.0448325,0.04926,313.41359804
39,26,7,LE07_012031_20020715,0.053659999999999985,0.05685000000000001,0.055145,0.0623225,313.84085054
40,27,7,LE07_012031_20020715,0.040459999999999996,0.044997499999999996,0.04486000000000001,0.057977500000000015,312.55567501999997
41,27,8,LE07_012031_20020715,0.051460000000000006,0.056877500000000025,0.0592975,0.0623225,311.70800606
42,28,8,LE07_012031_20020715,0.03606000000000001,0.042660000000000003,0.04073499999999999,0.05363249999999997,310.38523232
1,13,0,LE07_012031_20020731,0.052505000000000024,0.06268000000000001,0.06798749999999998,0.08311249999999998,316.66413506000004
2,14,0,LE07_012031_20020731,0.05442999999999998,0.07101249999999998,0.0717275,0.079125,320.50940756
3,14,1,LE07_012031_20020731,0.06966499999999998,0.07730999999999999,0.08105000000000001,0.08710000000000001,322.04409854
4,15,0,LE07_012031_20020731,0.06014999999999998,0.07101249999999998,0.08476250000000002,0.09510249999999998,323.56511744
5,15,1,LE07_012031_20020731,0.06014999999999998,0.06895000000000001,0.07546750000000002,0.08311249999999998,324.31708184
6,16,0,LE07_012031_20020731,0.067795,0.08773249999999999,0.09405750000000002,0.10307749999999999,324.69306403999997
7,16,1,LE07_012031_20020731,0.0658975,0.07940000000000003,0.08292,0.09108749999999999,325.06562822
8,16,2,LE07_012031_20020731,0.0658975,0.08149,0.08105000000000001,0.09510249999999998,324.1906151
10,17,1,LE07_012031_20020731,0.05442999999999998,0.06056250000000002,0.060535000000000005,0.07112249999999998,323.94109964
11,17,2,LE07_012031_20020731,0.06397249999999999,0.07730999999999999,0.07917999999999997,0.09108749999999999,323.05925048
12,18,1,LE07_012031_20020731,0.067795,0.07940000000000003,0.08850249999999998,0.09510249999999998,321.28188008
13,18,2,LE07_012031_20020731,0.07917999999999997,0.10019,0.10887999999999998,0.119,320.7725951
14,18,3,LE07_012031_20020731,0.07538499999999998,0.09191250000000001,0.09961249999999999,0.11102499999999998,321.53823158
15,19,1,LE07_012031_20020731,0.08869500000000002,0.10852250000000002,0.11998999999999999,0.13093500000000002,316.99910102
16,19,2,LE07_012031_20020731,0.1448775,0.18258000000000002,0.20444250000000003,0.21005250000000003,318.18173593999995
17,19,3,LE07_012031_20020731,0.09997,0.1333275,0.14212750000000002,0.15871000000000002,320.0035406
18,20,2,LE07_012031_20020731,0.1597,0.18258000000000002,0.20075749999999998,0.20218750000000002,315.80963006
19,20,3,LE07_012031_20020731,0.11503999999999998,0.1395425,0.1549975,0.15871000000000002,318.05868722
20,20,4,LE07_012031_20020731,0.07158999999999999,0.09397499999999998,0.1107225,0.11501250000000002,320.00012258
21,21,2,LE07_012031_20020731,0.09997,0.12095250000000002,0.1273875,0.13093500000000002,314.09378402
22,21,3,LE07_012031_20020731,0.09243499999999999,0.11267500000000003,0.12367499999999998,0.134895,316.60602872
23,21,4,LE07_012031_20020731,0.06966499999999998,0.08773249999999999,0.09405750000000002,0.10706500000000002,318.94737241999997
25,22,3,LE07_012031_20020731,0.12625999999999998,0.15392499999999998,0.1696825,0.1784825,316.60602872
26,22,4,LE07_012031_20020731,0.09053749999999999,0.11473749999999999,0.1255175,0.1468025,318.94737241999997
27,22,5,LE07_012031_20020731,0.08107750000000002,0.09812749999999998,0.11256500000000003,0.1269475,320.1060812
28,23,3,LE07_012031_20020731,0.09622999999999998,0.11682749999999997,0.13104500000000002,0.134895,317.39217332
29,23,4,LE07_012031_20020731,0.1018675,0.1292025,0.14212750000000002,0.15871000000000002,320.1060812
30,23,5,LE07_012031_20020731,0.10753249999999998,0.12713999999999998,0.1494975,0.16264250000000002,321.63393614
32,24,4,LE07_012031_20020731,0.0658975,0.08149,0.0959275,0.10706500000000002,322.7721368
33,24,5,LE07_012031_20020731,0.09433249999999999,0.11267500000000003,0.1273875,0.134895,324.27606560000004
34,24,6,LE07_012031_20020731,0.09433249999999999,0.1106125,0.11627749999999998,0.12298750000000003,323.90008339999997
35,25,5,LE07_012031_20020731,0.05442999999999998,0.06895000000000001,0.07359749999999998,0.079125,325.43477438
36,25,6,LE07_012031_20020731,0.09053749999999999,0.10021750000000001,0.10516750000000002,0.10307749999999999,325.0622102
37,25,7,LE07_012031_20020731,0.1112725,0.13129249999999998,0.14397,0.13888250000000002,323.9342636
38,26,6,LE07_012031_20020731,0.07348749999999998,0.08149,0.08476250000000002,0.08710000000000001,323.5582814
39,26,7,LE07_012031_20020731,0.09997,0.11682749999999997,0.11627749999999998,0.11501250000000002,324.686228
40,27,7,LE07_012031_20020731,0.06969249999999999,0.07940000000000003,0.07917999999999997,0.08311249999999998,323.1822992
41,27,8,LE07_012031_20020731,0.09997,0.11886249999999998,0.12367499999999998,0.12298750000000003,322.43717084
42,28,8,LE07_012031_20020731,0.06782250000000001,0.07940000000000003,0.08660499999999999,0.08710000000000001,320.02746674
1,13,0,LE07_012031_20021104,0.05445749999999999,0.04749999999999999,0.0472525,0.0476925,282.82915507999996
2,14,0,LE07_012031_20021104,0.04788500000000001,0.04386999999999999,0.037847500000000006,0.034932500000000005,283.18462916
3,14,1,LE07_012031_20021104,0.06102999999999997,0.05107499999999998,0.050360000000000016,0.051927500000000015,285.84726674
4,15,0,LE07_012031_20021104,0.057730000000000004,0.05107499999999998,0.053495000000000015,0.0476925,286.55479688
5,15,1,LE07_012031_20021104,0.067575,0.06185499999999999,0.05976500000000001,0.060425000000000006,287.61096506
6,16,0,LE07_012031_20021104,0.067575,0.06542999999999999,0.06603500000000001,0.06466,288.65346116
7,16,1,LE07_012031_20021104,0.07084750000000001,0.06185499999999999,0.06290000000000001,0.06466,288.99868118
8,16,2,LE07_012031_20021104,0.06427499999999997,0.06542999999999999,0.06290000000000001,0.06889499999999998,288.88930454
10,17,1,LE07_012031_20021104,0.06102999999999997,0.058252499999999985,0.056630000000000014,0.060425000000000006,288.65346116
11,17,2,LE07_012031_20021104,0.0740925,0.07257999999999998,0.07851999999999998,0.06889499999999998,288.1988645
12,18,1,LE07_012031_20021104,0.08388250000000003,0.09045500000000001,0.08789750000000002,0.09854000000000002,287.258909
13,18,2,LE07_012031_20021104,0.08712750000000002,0.09400249999999999,0.10965000000000003,0.11121750000000002,286.80089432
14,18,3,LE07_012031_20021104,0.07084750000000001,0.07973000000000002,0.07851999999999998,0.085835,287.14953235999997
15,19,1,LE07_012031_20021104,0.08388250000000003,0.09755000000000003,0.10032750000000001,0.1323375,285.84726674
16,19,2,LE07_012031_20021104,0.1355825,0.16124,0.17776750000000002,0.182855,285.84726674
17,19,3,LE07_012031_20021104,0.10659750000000001,0.133025,0.14999250000000003,0.1534025,286.44883826
18,20,2,LE07_012031_20021104,0.10659750000000001,0.11534250000000001,0.12210749999999998,0.1281025,284.41853438
19,20,3,LE07_012031_20021104,0.10010750000000002,0.12241000000000002,0.13140249999999998,0.1281025,285.02694194000003
20,20,4,LE07_012031_20021104,0.07736500000000002,0.0868525,0.091005,0.09430499999999997,286.80089432
21,21,2,LE07_012031_20021104,0.06427499999999997,0.06542999999999999,0.06290000000000001,0.06889499999999998,282.86333528
23,21,4,LE07_012031_20021104,0.06102999999999997,0.06185499999999999,0.06290000000000001,0.056162500000000004,282.82915507999996
26,22,4,LE07_012031_20021104,0.06427499999999997,0.06900499999999998,0.05976500000000001,0.06466,283.71100423999997
27,22,5,LE07_012031_20021104,0.0740925,0.06542999999999999,0.0691425,0.07736500000000002,284.78426251999997
28,23,3,LE07_012031_20021104,0.06763000000000002,0.07260749999999999,0.07230500000000001,0.0689225,283.71100423999997
29,23,4,LE07_012031_20021104,0.0904275,0.09048250000000002,0.10038249999999999,0.11550749999999999,285.1397366
30,23,5,LE07_012031_20021104,0.09361750000000002,0.1046725,0.12210749999999998,0.1323375,286.20274082000003
32,24,4,LE07_012031_20021104,0.06105749999999999,0.0690325,0.06919750000000002,0.07315749999999999,286.20274082000003
33,24,5,LE07_012031_20021104,0.0839375,0.09048250000000002,0.09416750000000002,0.09856749999999997,286.90343492
34,24,6,LE07_012031_20021104,0.0839375,0.08333249999999998,0.09416750000000002,0.08586250000000001,286.55479688
35,25,5,LE07_012031_20021104,0.06435750000000001,0.0654575,0.05979249999999997,0.06468750000000001,287.60412901999996
36,25,6,LE07_012031_20021104,0.07414749999999998,0.0690325,0.06919750000000002,0.0689225,287.25549098
37,25,7,LE07_012031_20021104,0.08721000000000001,0.09048250000000002,0.09103250000000002,0.07739249999999998,285.48837463999996
38,26,6,LE07_012031_20021104,0.06763000000000002,0.0654575,0.06290000000000001,0.06468750000000001,286.55137886
39,26,7,LE07_012031_20021104,0.0806925,0.07260749999999999,0.07230500000000001,0.07315749999999999,285.48837463999996
40,27,7,LE07_012031_20021104,0.06435750000000001,0.05828,0.05665749999999997,0.05619000000000002,285.12948254
41,27,8,LE07_012031_20021104,0.07414749999999998,0.07260749999999999,0.07544000000000001,0.0689225,284.06647832
42,28,8,LE07_012031_20021104,0.06435750000000001,0.06188250000000001,0.06290000000000001,0.06045250000000002,283.64264384
1,13,0,LE07_012031_20030328,0.055117499999999986,0.0568225,0.05723499999999998,0.053769999999999984,293.19259172
2,14,0,LE07_012031_20030328,0.05297249999999998,0.05214750000000001,0.05102000000000001,0.053769999999999984,296.13892496
3,14,1,LE07_012031_20030328,0.06347750000000002,0.06372499999999998,0.07370749999999998,0.0710675,298.0769423
4,15,0,LE07_012031_20030328,0.06347750000000002,0.06603500000000001,0.06754749999999998,0.0710675,298.39823618
5,15,1,LE07_012031_20030328,0.06347750000000002,0.06372499999999998,0.06961,0.0710675,299.66973962
6,16,0,LE07_012031_20030328,0.06765749999999998,0.07527499999999998,0.08401999999999998,0.07970250000000001,300.93098899999995
7,16,1,LE07_012031_20030328,0.0655675,0.06834499999999999,0.07164500000000001,0.0754125,300.61653116
8,16,2,LE07_012031_20030328,0.06765749999999998,0.0775575,0.07780500000000001,0.08401999999999998,299.86798478000003
10,17,1,LE07_012031_20030328,0.05926999999999999,0.061387499999999984,0.06133250000000001,0.0624325,299.98761548
11,17,2,LE07_012031_20030328,0.06974750000000002,0.07293749999999999,0.07780500000000001,0.07970250000000001,299.55352694
12,18,1,LE07_012031_20030328,0.06765749999999998,0.07986749999999998,0.08605499999999999,0.08401999999999998,298.39823618
13,18,2,LE07_012031_20030328,0.07395499999999999,0.09136250000000001,0.10657,0.10560750000000002,298.28202350000004
14,18,3,LE07_012031_20030328,0.07392749999999998,0.08215,0.08811750000000002,0.09265499999999999,298.28202350000004
15,19,1,LE07_012031_20030328,0.08434999999999998,0.10285749999999999,0.11275750000000001,0.11853249999999999,295.81421306
16,19,2,LE07_012031_20030328,0.1278825,0.15994750000000002,0.1781525,0.18304750000000003,296.46705488
17,19,3,LE07_012031_20030328,0.10516750000000002,0.12576500000000002,0.1393775,0.14864500000000003,297.96072962
18,20,2,LE07_012031_20030328,0.11550749999999999,0.134895,0.14754499999999998,0.14438250000000002,293.8385975
19,20,3,LE07_012031_20030328,0.10098750000000001,0.12119999999999997,0.1352525,0.140065,296.6755541
20,20,4,LE07_012031_20030328,0.06972,0.08445999999999998,0.10043750000000001,0.10126249999999998,298.59989936
21,21,2,LE07_012031_20030328,0.08226,0.09364499999999998,0.09425,0.09265499999999999,291.71942509999997
22,21,3,LE07_012031_20030328,0.08017000000000002,0.091335,0.09425,0.09697250000000002,294.45725912
23,21,4,LE07_012031_20030328,0.06342249999999999,0.08215,0.09015250000000002,0.09265499999999999,296.08765466
25,22,3,LE07_012031_20030328,0.09477249999999998,0.10973250000000001,0.11069499999999999,0.11421500000000001,293.1379034
26,22,4,LE07_012031_20030328,0.08434999999999998,0.10282999999999998,0.11275750000000001,0.1314575,295.11351895999996
27,22,5,LE07_012031_20030328,0.07599,0.08905249999999998,0.10453499999999999,0.11853249999999999,296.73366044
28,23,3,LE07_012031_20030328,0.07599,0.08905249999999998,0.09218749999999998,0.09697250000000002,294.45725912
29,23,4,LE07_012031_20030328,0.0926825,0.10744999999999999,0.120925,0.1314575,297.05495432
30,23,5,LE07_012031_20030328,0.10516750000000002,0.12345499999999998,0.1434475,0.1529625,299.28350336
32,24,4,LE07_012031_20030328,0.061305,0.0706,0.07984000000000002,0.079675,298.96904552
33,24,5,LE07_012031_20030328,0.08223249999999999,0.09364499999999998,0.10453499999999999,0.109925,301.16341436
34,24,6,LE07_012031_20030328,0.096835,0.10054750000000001,0.10453499999999999,0.10558000000000001,300.85237454
35,25,5,LE07_012031_20030328,0.05500749999999999,0.05902249999999998,0.05718000000000001,0.058087500000000014,301.2386108
36,25,6,LE07_012031_20030328,0.07390000000000002,0.08212249999999999,0.07984000000000002,0.08401999999999998,301.54965061999997
37,25,7,LE07_012031_20030328,0.0926825,0.09823749999999998,0.10247250000000002,0.09697250000000002,300.2986553
38,26,6,LE07_012031_20030328,0.06548500000000002,0.07057249999999998,0.07368000000000002,0.06672250000000002,300.61311314
39,26,7,LE07_012031_20030328,0.09059250000000002,0.0959275,0.09837499999999999,0.08833750000000001,299.98419746
40,27,7,LE07_012031_20030328,0.06966499999999998,0.07288250000000002,0.0716175,0.07103999999999999,297.75223040000003
41,27,8,LE07_012031_20030328,0.0801425,0.0867425,0.09012500000000001,0.08833750000000001,296.80202083999995
42,28,8,LE07_012031_20030328,0.059187500000000004,0.06364249999999999,0.06749250000000001,0.06240499999999999,295.69116434
1,13,0,LE07_012031_20030429,0.09788000000000002,0.09392,0.09108749999999999,0.0951575,300.7429979
2,14,0,LE07_012031_20030429,0.0957075,0.10340749999999999,0.10148249999999998,0.10379250000000001,302.6058188
3,14,1,LE07_012031_20030429,0.10236250000000002,0.10810999999999998,0.1076975,0.10805500000000001,304.14050978
4,15,0,LE07_012031_20030429,0.10673500000000002,0.11047499999999999,0.10978749999999998,0.11237249999999999,303.76110956
5,15,1,LE07_012031_20030429,0.10238999999999998,0.1081375,0.1076975,0.10805500000000001,304.90272824
6,16,0,LE07_012031_20030429,0.11113499999999998,0.1222725,0.12422499999999997,0.12950499999999998,304.52332802
7,16,1,LE07_012031_20030429,0.10459000000000002,0.1058,0.10566249999999999,0.10805500000000001,305.65811066000003
8,16,2,LE07_012031_20030429,0.09799000000000002,0.103435,0.10772500000000002,0.11237249999999999,305.9212982
10,17,1,LE07_012031_20030429,0.10019,0.09870499999999999,0.09532249999999998,0.0995025,304.52332802
11,17,2,LE07_012031_20030429,0.10019,0.1010975,0.10360000000000003,0.10382000000000002,304.78651556
12,18,1,LE07_012031_20030429,0.10681750000000001,0.11053000000000002,0.11803750000000002,0.12521500000000002,301.83334628
13,18,2,LE07_012031_20030429,0.11338999999999999,0.12934,0.13451000000000002,0.14232,302.49302414
14,18,3,LE07_012031_20030429,0.11121750000000002,0.11996250000000003,0.12422499999999997,0.12950499999999998,302.8792604
15,19,1,LE07_012031_20030429,0.11773499999999998,0.12702999999999998,0.138635,0.1465825,299.08184018
16,19,2,LE07_012031_20030429,0.13734249999999998,0.1620375,0.1773825,0.1890425,300.66096542
17,19,3,LE07_012031_20030429,0.1265075,0.14105499999999999,0.15703250000000002,0.1635775,302.10678787999996
18,20,2,LE07_012031_20030429,0.13082500000000002,0.14809499999999998,0.15497,0.1593425,298.68534986
19,20,3,LE07_012031_20030429,0.12433499999999997,0.1410825,0.1529625,0.1593425,300.94124306000003
20,20,4,LE07_012031_20030429,0.1069,0.11998999999999999,0.126315,0.133795,303.64489688000003
21,21,2,LE07_012031_20030429,0.11559000000000003,0.12235499999999999,0.12425249999999999,0.12521500000000002,297.37624819999996
22,21,3,LE07_012031_20030429,0.11779,0.12936750000000002,0.13657249999999999,0.1465825,299.905583
23,21,4,LE07_012031_20030429,0.1003,0.10821999999999998,0.10984250000000001,0.12524249999999998,301.46420012
25,22,3,LE07_012031_20030429,0.12436249999999999,0.1410825,0.14889249999999998,0.15508,299.11943840000004
26,22,4,LE07_012031_20030429,0.11347249999999998,0.127085,0.13453749999999998,0.1465825,300.68830958
27,22,5,LE07_012031_20030429,0.115645,0.127085,0.13250250000000002,0.1465825,302.23667264
28,23,3,LE07_012031_20030429,0.11130000000000001,0.1200175,0.12224499999999999,0.12950499999999998,299.5125107
29,23,4,LE07_012031_20030429,0.11130000000000001,0.127085,0.13453749999999998,0.1465825,301.46420012
30,23,5,LE07_012031_20030429,0.12004500000000001,0.13643500000000003,0.14889249999999998,0.15931499999999998,303.00572714
32,24,4,LE07_012031_20030429,0.09598250000000003,0.0988425,0.10368250000000001,0.10810999999999998,303.00572714
33,24,5,LE07_012031_20030429,0.11132750000000002,0.12004500000000001,0.12428,0.12950499999999998,304.52674604000003
34,24,6,LE07_012031_20030429,0.12007250000000003,0.12711250000000002,0.13250250000000002,0.133795,305.27871044
35,25,5,LE07_012031_20030429,0.09821000000000002,0.0988425,0.097495,0.10384749999999998,304.8958922
36,25,6,LE07_012031_20030429,0.10698249999999998,0.11066749999999997,0.10989749999999998,0.1081375,306.03067483999996
37,25,7,LE07_012031_20030429,0.11572749999999998,0.12711250000000002,0.1366,0.133795,306.40323902
38,26,6,LE07_012031_20030429,0.10263749999999999,0.10362749999999998,0.09545999999999999,0.09955750000000002,305.27529242
39,26,7,LE07_012031_20030429,0.10920999999999997,0.11776249999999999,0.12430750000000002,0.11671749999999997,306.40323902
40,27,7,LE07_012031_20030429,0.10486499999999999,0.10599249999999999,0.109925,0.1081375,304.51649197999996
41,27,8,LE07_012031_20030429,0.1201275,0.12480249999999998,0.13252999999999998,0.1295325,304.15076383999997
42,28,8,LE07_012031_20030429,0.1048925,0.11069499999999999,0.109925,0.11242750000000001,302.16489422
1,13,0,LE07_012031_20030515,0.06312000000000001,0.07010499999999997,0.07750249999999997,0.07970250000000001,304.36268108
2,14,0,LE07_012031_20030515,0.07401000000000002,0.07615499999999997,0.08465250000000002,0.09105999999999997,308.45746904
3,14,1,LE07_012031_20030515,0.07401000000000002,0.08418500000000001,0.09001500000000001,0.09105999999999997,310.13229884
4,15,0,LE07_012031_20030515,0.07942749999999998,0.08217750000000001,0.09001500000000001,0.10236250000000002,311.13036067999997
5,15,1,LE07_012031_20030515,0.06856499999999999,0.07816250000000002,0.08107750000000002,0.0834975,312.44629838000003
6,16,0,LE07_012031_20030515,0.09207749999999998,0.10021750000000001,0.11316999999999999,0.12119999999999997,312.11816846
7,16,1,LE07_012031_20030515,0.07222250000000002,0.08217750000000001,0.08822750000000001,0.09105999999999997,313.10255822
8,16,2,LE07_012031_20030515,0.07403749999999998,0.08019749999999998,0.08646749999999997,0.09105999999999997,312.32324966
10,17,1,LE07_012031_20030515,0.061305,0.06606250000000002,0.07213999999999998,0.07213999999999998,312.11816846
11,17,2,LE07_012031_20030515,0.06677749999999999,0.07211250000000002,0.07752999999999999,0.0834975,311.3388599
12,18,1,LE07_012031_20030515,0.0830575,0.09422249999999999,0.10428749999999998,0.10989749999999998,309.46578494
13,18,2,LE07_012031_20030515,0.097495,0.1082475,0.12029250000000002,0.12496750000000001,309.67770218
14,18,3,LE07_012031_20030515,0.08671499999999999,0.10024499999999997,0.10965000000000003,0.10989749999999998,310.01266813999996
15,19,1,LE07_012031_20030515,0.11539749999999999,0.14212750000000002,0.15398,0.17004000000000002,306.07169108
16,19,2,LE07_012031_20030515,0.152715,0.19344250000000002,0.2103275,0.2186325,307.1005151
17,19,3,LE07_012031_20030515,0.1136375,0.14407999999999999,0.15928750000000003,0.1662725,309.00777026000003
18,20,2,LE07_012031_20030515,0.1314575,0.15400750000000002,0.162835,0.1662725,303.29284082000004
19,20,3,LE07_012031_20030515,0.1314575,0.16388000000000003,0.176915,0.18874000000000002,306.98088440000004
20,20,4,LE07_012031_20030515,0.08308500000000002,0.10426000000000002,0.1167725,0.12122749999999999,311.00731196000004
21,21,2,LE07_012031_20030515,0.08847500000000003,0.09821000000000002,0.10071249999999998,0.10236250000000002,301.41292982
22,21,3,LE07_012031_20030515,0.12254749999999998,0.14407999999999999,0.15398,0.15502500000000002,304.99501478
23,21,4,LE07_012031_20030515,0.07403749999999998,0.08822750000000001,0.10071249999999998,0.10989749999999998,309.0658766
25,22,3,LE07_012031_20030515,0.12433499999999997,0.14407999999999999,0.15398,0.158765,304.64979475999996
26,22,4,LE07_012031_20030515,0.102885,0.11823,0.13451000000000002,0.14751750000000002,307.72259474
27,22,5,LE07_012031_20030515,0.1046725,0.126205,0.14160499999999998,0.158765,309.0658766
28,23,3,LE07_012031_20030515,0.10107,0.1162225,0.12386750000000002,0.12496750000000001,306.0238388
29,23,4,LE07_012031_20030515,0.11539749999999999,0.13219999999999998,0.1469125,0.15502500000000002,308.39594467999996
30,23,5,LE07_012031_20030515,0.1136375,0.13813999999999999,0.1521925,0.1700125,310.06393844
32,24,4,LE07_012031_20030515,0.07401000000000002,0.0902075,0.10249999999999998,0.1174325,310.06393844
33,24,5,LE07_012031_20030515,0.1046725,0.11424250000000002,0.1292025,0.132475,311.38671218
34,24,6,LE07_012031_20030515,0.1136375,0.1301925,0.13272250000000002,0.128735,311.7148421
35,25,5,LE07_012031_20030515,0.07401000000000002,0.0902075,0.10783500000000001,0.12119999999999997,311.45507258
36,25,6,LE07_012031_20030515,0.08671499999999999,0.0962575,0.0989525,0.10236250000000002,312.11475043999997
37,25,7,LE07_012031_20030515,0.12254749999999998,0.14212750000000002,0.1521925,0.1512575,313.4238521
38,26,6,LE07_012031_20030515,0.06496249999999998,0.07615499999999997,0.07752999999999999,0.07970250000000001,311.45507258
39,26,7,LE07_012031_20030515,0.11182249999999999,0.12422499999999997,0.12386750000000002,0.1174325,313.09914019999997
40,27,7,LE07_012031_20030515,0.09210499999999999,0.09823749999999998,0.0989525,0.10236250000000002,310.79539472
41,27,8,LE07_012031_20030515,0.12075999999999998,0.1301925,0.13272250000000002,0.12496750000000001,310.47751886000003
42,28,8,LE07_012031_20030515,0.08671499999999999,0.09823749999999998,0.1025275,0.10236250000000002,308.65571420000003
1,13,0,LE07_012031_20030819,0.04805000000000001,0.05165249999999999,0.05316500000000002,0.06906000000000001,309.42818672
2,14,0,LE07_012031_20030819,0.050167499999999976,0.0562725,0.05926999999999999,0.06906000000000001,311.88916112
3,14,1,LE07_012031_20030819,0.05445749999999999,0.06553999999999999,0.06537500000000002,0.07772249999999997,312.9453293
4,15,0,LE07_012031_20030819,0.058719999999999994,0.060892500000000016,0.06944499999999998,0.08206750000000002,313.99124342
5,15,1,LE07_012031_20030819,0.05869249999999998,0.0632025,0.06741000000000003,0.07772249999999997,314.68510147999996
6,16,0,LE07_012031_20030819,0.056574999999999986,0.07703500000000002,0.08366249999999997,0.09070250000000002,315.71734352
7,16,1,LE07_012031_20030819,0.05869249999999998,0.0632025,0.07348749999999998,0.08635749999999998,315.71734352
8,16,2,LE07_012031_20030819,0.05445749999999999,0.07013249999999999,0.07147999999999999,0.08635749999999998,315.24907478
10,17,1,LE07_012031_20030819,0.04378750000000001,0.05165249999999999,0.05316500000000002,0.06474249999999998,315.71734352
11,17,2,LE07_012031_20030819,0.05445749999999999,0.0632025,0.06944499999999998,0.07772249999999997,315.24907478
12,18,1,LE07_012031_20030819,0.06292750000000003,0.07013249999999999,0.07555,0.08635749999999998,314.33646344
13,18,2,LE07_012031_20030819,0.08410250000000002,0.09534999999999999,0.10794500000000001,0.1165525,314.21341472
14,18,3,LE07_012031_20030819,0.06930750000000002,0.08390999999999998,0.0958175,0.10362749999999998,313.51955666000003
15,19,1,LE07_012031_20030819,0.07774999999999999,0.1021975,0.11600250000000001,0.1380575,310.11179072
16,19,2,LE07_012031_20030819,0.12172250000000001,0.15211000000000002,0.17812499999999998,0.19366250000000002,310.8261569
17,19,3,LE07_012031_20030819,0.10920999999999997,0.1340425,0.152165,0.16806,312.47022452
18,20,2,LE07_012031_20030819,0.10296749999999999,0.1227125,0.140175,0.14234750000000002,309.75631664
19,20,3,LE07_012031_20030819,0.10920999999999997,0.13857999999999998,0.152165,0.16379749999999998,311.76953042
20,20,4,LE07_012031_20030819,0.06292750000000003,0.0816,0.09378249999999999,0.10794500000000001,313.17091862
21,21,2,LE07_012031_20030819,0.07774999999999999,0.090785,0.0958175,0.10362749999999998,306.37589486
22,21,3,LE07_012031_20030819,0.08828249999999999,0.10676249999999998,0.11600250000000001,0.12947750000000002,309.72213644
23,21,4,LE07_012031_20030819,0.05442999999999998,0.07241500000000001,0.07962000000000002,0.09502,312.54542096
25,22,3,LE07_012031_20030819,0.09037250000000002,0.109045,0.12208000000000002,0.13376749999999998,309.72213644
26,22,4,LE07_012031_20030819,0.0861925,0.109045,0.12406,0.14663749999999998,312.54542096
27,22,5,LE07_012031_20030819,0.07772249999999997,0.09763250000000001,0.12004500000000001,0.14234750000000002,313.58791706
35,25,5,LE07_012031_20030819,0.052312499999999984,0.06317499999999998,0.061305,0.06906000000000001,317.07429746
36,25,6,LE07_012031_20030819,0.0713975,0.07931749999999999,0.0816,0.08635749999999998,317.41268144000003
37,25,7,LE07_012031_20030819,0.09664250000000002,0.109045,0.11399500000000001,0.12086999999999998,315.70708946
38,26,6,LE07_012031_20030819,0.05866500000000002,0.06551249999999997,0.0633125,0.06906000000000001,316.39069345999997
39,26,7,LE07_012031_20030819,0.08616499999999999,0.09534999999999999,0.09986,0.10362749999999998,316.39069345999997
40,27,7,LE07_012031_20030819,0.06716250000000001,0.07472499999999999,0.07552249999999999,0.08204,314.32620938
41,27,8,LE07_012031_20030819,0.09455249999999998,0.10448000000000002,0.10593750000000002,0.1079175,313.6460234
42,28,8,LE07_012031_20030819,0.06928000000000001,0.07928999999999997,0.0816,0.08635749999999998,311.06200028
1,13,0,LE07_012031_20030920,0.04716999999999999,0.053605000000000014,0.046977500000000005,0.05734499999999998,304.007207
2,14,0,LE07_012031_20030920,0.03982749999999999,0.050992499999999996,0.049315,0.05734499999999998,305.74356116
3,14,1,LE07_012031_20030920,0.0569325,0.0562725,0.060975,0.06229499999999999,308.10199495999996
4,15,0,LE07_012031_20030920,0.05451250000000002,0.06155250000000001,0.06325750000000002,0.07222250000000002,309.0316964
5,15,1,LE07_012031_20030920,0.05206499999999997,0.0562725,0.060975,0.06727250000000001,310.41941252000004
6,16,0,LE07_012031_20030920,0.05937999999999999,0.06941750000000002,0.07021499999999997,0.08215,310.41941252000004
7,16,1,LE07_012031_20030920,0.05206499999999997,0.05888500000000002,0.060975,0.06727250000000001,311.33544187999996
8,16,2,LE07_012031_20030920,0.06424750000000001,0.0720575,0.07255250000000002,0.08215,311.22264722
10,17,1,LE07_012031_20030920,0.05206499999999997,0.053605000000000014,0.05165249999999999,0.05734499999999998,310.8774272
11,17,2,LE07_012031_20030920,0.06666749999999999,0.0720575,0.07951000000000003,0.08710000000000001,310.30661785999996
12,18,1,LE07_012031_20030920,0.06666749999999999,0.07730999999999999,0.08877750000000001,0.09702749999999999,309.49654712
13,18,2,LE07_012031_20030920,0.07395499999999999,0.09304000000000001,0.10954000000000003,0.1167725,308.92231976
14,18,3,LE07_012031_20030920,0.07153500000000002,0.085175,0.09801749999999998,0.09702749999999999,307.52434958000003
15,19,1,LE07_012031_20030920,0.0932325,0.11130000000000001,0.12331750000000002,0.14138499999999998,306.21866594
16,19,2,LE07_012031_20030920,0.13621499999999997,0.16814250000000003,0.180435,0.18555,306.21866594
17,19,3,LE07_012031_20030920,0.09086749999999999,0.11647000000000002,0.1348125,0.14138499999999998,306.58439408000004
18,20,2,LE07_012031_20030920,0.10766999999999999,0.1294225,0.13709500000000002,0.1364625,304.30799276
19,20,3,LE07_012031_20030920,0.10046500000000003,0.126865,0.13709500000000002,0.14630749999999998,305.15907974000004
20,20,4,LE07_012031_20030920,0.06908750000000002,0.08256249999999998,0.08877750000000001,0.10194999999999999,306.1092893
21,21,2,LE07_012031_20030920,0.06666749999999999,0.06944499999999998,0.07489000000000001,0.08215,302.26401680000004
22,21,3,LE07_012031_20030920,0.09086749999999999,0.09562500000000002,0.10722999999999999,0.1069,303.4774139
23,21,4,LE07_012031_20030920,0.05206499999999997,0.06416499999999997,0.06328499999999998,0.07719999999999999,304.9129823
25,22,3,LE07_012031_20030920,0.10046500000000003,0.12166749999999998,0.13022,0.14630749999999998,303.4774139
26,22,4,LE07_012031_20030920,0.07395499999999999,0.08256249999999998,0.08412999999999998,0.10194999999999999,304.9129823
27,22,5,LE07_012031_20030920,0.0739825,0.085175,0.08646749999999997,0.09702749999999999,306.33487862
28,23,3,LE07_012031_20030920,0.078795,0.08514749999999999,0.09105999999999997,0.09702749999999999,303.9559367
29,23,4,LE07_012031_20030920,0.0932325,0.10865999999999998,0.12331750000000002,0.1364625,305.86319186000003
30,23,5,LE07_012031_20030920,0.10766999999999999,0.12166749999999998,0.1348125,0.156125,307.27483412000004
32,24,4,LE07_012031_20030920,0.06424750000000001,0.0720575,0.07951000000000003,0.08710000000000001,307.73968484
33,24,5,LE07_012031_20030920,0.08600000000000002,0.09304000000000001,0.10494750000000003,0.11182249999999999,309.59225168
34,24,6,LE07_012031_20030920,0.08602749999999998,0.09304000000000001,0.10260999999999998,0.09702749999999999,309.13081897999996
35,25,5,LE07_012031_20030920,0.05451250000000002,0.0562725,0.053962500000000024,0.06229499999999999,309.95797982
36,25,6,LE07_012031_20030920,0.0739825,0.08256249999999998,0.08877750000000001,0.08215,310.41941252000004
37,25,7,LE07_012031_20030920,0.10525000000000001,0.10868749999999999,0.10494750000000003,0.1069,308.10199495999996
38,26,6,LE07_012031_20030920,0.06424750000000001,0.06683250000000002,0.0679325,0.06727250000000001,311.33544187999996
39,26,7,LE07_012031_20030920,0.08118750000000002,0.09039999999999998,0.09801749999999998,0.10194999999999999,309.03511442
40,27,7,LE07_012031_20030920,0.06424750000000001,0.06683250000000002,0.07257999999999998,0.07222250000000002,308.5702637
41,27,8,LE07_012031_20030920,0.08844750000000001,0.09565249999999997,0.08646749999999997,0.09702749999999999,307.64739829999996
1,13,0,LE07_012031_20031006,0.028469999999999995,0.033997499999999986,0.02693000000000001,0.03647249999999999,290.87517416000003
2,14,0,LE07_012031_20031006,0.033475000000000005,0.03672,0.03176999999999999,0.03977249999999999,293.24386202
3,14,1,LE07_012031_20031006,0.04598749999999999,0.05310999999999999,0.053495000000000015,0.0562725,295.26732986
4,15,0,LE07_012031_20031006,0.04596,0.050387499999999974,0.0534675,0.059599999999999986,296.26880972000004
5,15,1,LE07_012031_20031006,0.050937500000000024,0.06124999999999997,0.060699999999999976,0.06947249999999999,297.91629536
6,16,0,LE07_012031_20031006,0.060919999999999974,0.07213999999999998,0.072745,0.07940000000000003,297.91629536
7,16,1,LE07_012031_20031006,0.050937500000000024,0.06124999999999997,0.060699999999999976,0.06619999999999998,299.22197900000003
8,16,2,LE07_012031_20031006,0.05591499999999999,0.064,0.0630925,0.07607249999999999,299.4270602
10,17,1,LE07_012031_20031006,0.0384525,0.050387499999999974,0.04139499999999999,0.05299999999999999,299.22197900000003
11,17,2,LE07_012031_20031006,0.053412499999999974,0.06124999999999997,0.0630925,0.07279999999999998,299.10576632
12,18,1,LE07_012031_20031006,0.05591499999999999,0.07213999999999998,0.0775575,0.08597250000000001,296.60035766
13,18,2,LE07_012031_20031006,0.07824500000000001,0.09383750000000002,0.10868749999999999,0.11889,296.81569292
14,18,3,LE07_012031_20031006,0.073295,0.08300249999999998,0.08712750000000002,0.09584500000000001,296.487563
15,19,1,LE07_012031_20031006,0.0806925,0.09653250000000002,0.10390250000000001,0.1418525,293.582246
16,19,2,LE07_012031_20031006,0.12246499999999999,0.15840749999999998,0.17540250000000002,0.18114999999999998,294.25901396
17,19,3,LE07_012031_20031006,0.09796250000000001,0.11814750000000002,0.1397625,0.1418525,295.1545352
18,20,2,LE07_012031_20031006,0.10041,0.120815,0.1301925,0.1418525,291.873236
19,20,3,LE07_012031_20031006,0.0806925,0.10194999999999999,0.11349999999999999,0.11559000000000003,293.13106736
20,20,4,LE07_012031_20031006,0.06336750000000002,0.085725,0.09194000000000002,0.09584500000000001,295.1545352
21,21,2,LE07_012031_20031006,0.060892500000000016,0.07213999999999998,0.067905,0.08267249999999998,290.0275052
22,21,3,LE07_012031_20031006,0.06581500000000001,0.08030749999999998,0.08231499999999997,0.08924500000000002,291.85272788
23,21,4,LE07_012031_20031006,0.040927500000000006,0.047609999999999986,0.05104750000000002,0.0562725,293.8898678
25,22,3,LE07_012031_20031006,0.08811750000000002,0.09925499999999998,0.10390250000000001,0.11889,291.85272788
26,22,4,LE07_012031_20031006,0.07079249999999998,0.08300249999999998,0.09194000000000002,0.09914499999999998,293.8898678
27,22,5,LE07_012031_20031006,0.06581500000000001,0.0775575,0.08231499999999997,0.0925725,295.22973163999995
28,23,3,LE07_012031_20031006,0.05839,0.06941750000000002,0.07029750000000001,0.08267249999999998,291.51092588
29,23,4,LE07_012031_20031006,0.08809,0.10464499999999999,0.11828499999999997,0.128735,294.56321774
30,23,5,LE07_012031_20031006,0.097935,0.126205,0.1397625,0.16151500000000002,295.89282751999997
32,24,4,LE07_012031_20031006,0.05586000000000002,0.06666749999999999,0.07271749999999999,0.08597250000000001,295.56127958
33,24,5,LE07_012031_20031006,0.07326749999999999,0.08842,0.09433249999999999,0.10571750000000002,296.5559234
34,24,6,LE07_012031_20031006,0.08313999999999999,0.09383750000000002,0.09911750000000003,0.09584500000000001,296.88405332
35,25,5,LE07_012031_20031006,0.0533575,0.06122250000000001,0.06067250000000002,0.06617250000000002,297.58474742
36,25,6,LE07_012031_20031006,0.06829000000000002,0.06941750000000002,0.07752999999999999,0.07277250000000002,298.24100726
37,25,7,LE07_012031_20031006,0.08809,0.10192250000000003,0.09911750000000003,0.09584500000000001,297.91287734
38,26,6,LE07_012031_20031006,0.0533575,0.06122250000000001,0.05828,0.05957249999999997,297.58474742
39,26,7,LE07_012031_20031006,0.07574249999999999,0.08297500000000002,0.09194000000000002,0.08264500000000002,297.2566175
40,27,7,LE07_012031_20031006,0.0533575,0.06394499999999997,0.058252499999999985,0.0628725,295.59887779999997
41,27,8,LE07_012031_20031006,0.0782175,0.08569749999999998,0.084735,0.08924500000000002,294.60765200000003
42,28,8,LE07_012031_20031006,0.050854999999999984,0.06394499999999997,0.06306499999999998,0.06944499999999998,293.8215074
1,13,0,LE07_012031_20031107,0.045905,0.045685,0.04224749999999999,0.03449250000000001,288.17152034000003
2,14,0,LE07_012031_20031107,0.03622500000000001,0.035042500000000004,0.029817499999999997,0.025912500000000005,288.84487028
3,14,1,LE07_012031_20031107,0.045905,0.042137499999999994,0.04224749999999999,0.0387825,288.01087340000004
4,15,0,LE07_012031_20031107,0.04268749999999999,0.035042500000000004,0.03600500000000001,0.03449250000000001,291.1041815
5,15,1,LE07_012031_20031107,0.049177499999999985,0.05624499999999999,0.054649999999999976,0.05597000000000002,291.47674568
6,16,0,LE07_012031_20031107,0.055584999999999996,0.049177499999999985,0.054649999999999976,0.051680000000000004,293.31905846
7,16,1,LE07_012031_20031107,0.049177499999999985,0.05272500000000002,0.054649999999999976,0.051680000000000004,292.95333031999996
8,16,2,LE07_012031_20031107,0.055584999999999996,0.05979249999999997,0.06083749999999999,0.0688125,292.10907938
10,17,1,LE07_012031_20031107,0.04268749999999999,0.049205,0.04532749999999999,0.0473625,292.58418416
11,17,2,LE07_012031_20031107,0.055584999999999996,0.05979249999999997,0.06699749999999999,0.0688125,292.10907938
12,18,1,LE07_012031_20031107,0.07164500000000001,0.08088499999999998,0.08558749999999998,0.08591749999999998,291.47674568
13,18,2,LE07_012031_20031107,0.09086749999999999,0.0984025,0.10101500000000002,0.11157499999999998,291.36736903999997
14,18,3,LE07_012031_20031107,0.07164500000000001,0.07736500000000002,0.08866750000000001,0.08591749999999998,291.73993322
15,19,1,LE07_012031_20031107,0.08129750000000002,0.09488249999999998,0.09482750000000001,0.12868000000000002,289.60367071999997
16,19,2,LE07_012031_20031107,0.1257375,0.14718750000000003,0.16858250000000002,0.1755675,289.97965292000004
17,19,3,LE07_012031_20031107,0.09403,0.1193575,0.12870749999999997,0.12868000000000002,290.24967649999996
18,20,2,LE07_012031_20031107,0.10041,0.10538750000000002,0.11641499999999999,0.12015500000000001,288.08265182
19,20,3,LE07_012031_20031107,0.08129750000000002,0.09139000000000003,0.097935,0.09447,289.11831187999996
20,20,4,LE07_012031_20031107,0.06845499999999999,0.08088499999999998,0.08248,0.08165499999999998,289.8736943
21,21,2,LE07_012031_20031107,0.06526500000000002,0.07032499999999997,0.06391750000000002,0.0688125,286.82482045999996
22,21,3,LE07_012031_20031107,0.06202000000000002,0.06683250000000002,0.06391750000000002,0.0688125,287.35803158
23,21,4,LE07_012031_20031107,0.04593249999999999,0.042137499999999994,0.045355000000000006,0.0473625,288.49965026
25,22,3,LE07_012031_20031107,0.07491750000000003,0.07739249999999998,0.07634750000000001,0.08168249999999999,287.35803158
26,22,4,LE07_012031_20031107,0.05242249999999998,0.052779999999999994,0.057784999999999975,0.05597000000000002,288.87905048
27,22,5,LE07_012031_20031107,0.05885750000000001,0.052779999999999994,0.057784999999999975,0.06025999999999998,289.25503268
28,23,3,LE07_012031_20031107,0.05885750000000001,0.05630000000000002,0.04846249999999999,0.05597000000000002,288.49965026
29,23,4,LE07_012031_20031107,0.08132499999999998,0.09496500000000002,0.10104249999999998,0.10304999999999997,290.75212544
30,23,5,LE07_012031_20031107,0.09411249999999999,0.11242750000000001,0.1164425,0.12870749999999997,291.1212716
32,24,4,LE07_012031_20031107,0.05242249999999998,0.052779999999999994,0.06705250000000001,0.06455,291.1212716
33,24,5,LE07_012031_20031107,0.0717275,0.08795249999999999,0.08253500000000003,0.09023500000000001,291.49041776
34,24,6,LE07_012031_20031107,0.08132499999999998,0.08443250000000002,0.08869500000000002,0.08168249999999999,290.37956126
35,25,5,LE07_012031_20031107,0.04596,0.049232499999999985,0.051570000000000005,0.051680000000000004,291.84247382
36,25,6,LE07_012031_20031107,0.0717275,0.07038,0.06705250000000001,0.06025999999999998,290.72478128
37,25,7,LE07_012031_20031107,0.0717275,0.07390000000000002,0.06705250000000001,0.06457750000000001,289.6002527
38,26,6,LE07_012031_20031107,0.05888500000000002,0.05630000000000002,0.057784999999999975,0.05597000000000002,289.9762349
39,26,7,LE07_012031_20031107,0.06851000000000002,0.07390000000000002,0.06705250000000001,0.06457750000000001,289.22085247999996
40,27,7,LE07_012031_20031107,0.05242249999999998,0.052779999999999994,0.051570000000000005,0.051680000000000004,288.84145226
41,27,8,LE07_012031_20031107,0.07175500000000001,0.07392749999999998,0.06705250000000001,0.06025999999999998,288.09290588
42,28,8,LE07_012031_20031107,0.05245,0.04926,0.048490000000000005,0.04738999999999999,288.05530766
21,21,2,LE07_012031_20031209,0.11490250000000002,0.09691749999999999,0.08773249999999999,0.09367249999999999,269.91929354
23,21,4,LE07_012031_20031209,0.1230425,0.10585499999999998,0.09161000000000002,0.08842,271.47791066
27,22,5,LE07_012031_20040110,0.045575000000000004,0.047609999999999986,0.04873749999999999,0.05269750000000001,261.77415188
34,24,6,LE07_012031_20040110,0.05902249999999998,0.05253249999999998,0.06133250000000001,0.05269750000000001,261.35373542
1,13,0,LE07_012031_20040227,0.042935,0.0387275,0.037215,0.03512499999999999,278.18748392
2,14,0,LE07_012031_20040227,0.04832500000000001,0.0387275,0.037215,0.03512499999999999,280.25880404
3,14,1,LE07_012031_20040227,0.04829749999999999,0.053412499999999974,0.0502225,0.049067499999999986,282.0122483
4,15,0,LE07_012031_20040227,0.045630000000000004,0.050470000000000015,0.055420000000000025,0.052559999999999996,282.36088634
5,15,1,LE07_012031_20040227,0.059077500000000005,0.062212500000000004,0.06323000000000001,0.06303750000000002,283.7383484
6,16,0,LE07_012031_20040227,0.06707999999999997,0.07687,0.07618249999999999,0.07697999999999999,284.76033638
7,16,1,LE07_012031_20040227,0.06707999999999997,0.07103999999999999,0.07098500000000002,0.07348749999999998,285.09872036
8,16,2,LE07_012031_20040227,0.06707999999999997,0.07392749999999998,0.07876749999999999,0.07697999999999999,284.65095973999996
10,17,1,LE07_012031_20040227,0.061744999999999994,0.06515500000000002,0.06581500000000001,0.06999499999999997,285.7720703
11,17,2,LE07_012031_20040227,0.06707999999999997,0.07101249999999998,0.07876749999999999,0.0839375,284.65095973999996
12,18,1,LE07_012031_20040227,0.06707999999999997,0.07103999999999999,0.07357000000000002,0.08044499999999999,283.7383484
13,18,2,LE07_012031_20040227,0.08578000000000002,0.09438750000000001,0.09944750000000002,0.10134500000000002,283.28716976
14,18,3,LE07_012031_20040227,0.06977499999999998,0.08272750000000001,0.0891075,0.090895,282.94536776
15,19,1,LE07_012031_20040227,0.08313999999999999,0.10313250000000002,0.11237249999999999,0.12219000000000002,280.96633418
16,19,2,LE07_012031_20040227,0.11759750000000002,0.14372249999999998,0.16124,0.16388000000000003,281.31497221999996
17,19,3,LE07_012031_20040227,0.09642250000000002,0.11185,0.11751499999999998,0.12568249999999997,281.90628968
18,20,2,LE07_012031_20040227,0.10172999999999999,0.1176525,0.12524249999999998,0.12914750000000003,279.19579982
19,20,3,LE07_012031_20040227,0.08844750000000001,0.10019,0.09944750000000002,0.11176750000000002,280.50831949999997
20,20,4,LE07_012031_20040227,0.061744999999999994,0.08272750000000001,0.0891075,0.0874025,281.90628968
21,21,2,LE07_012031_20040227,0.07513750000000002,0.07103999999999999,0.07098500000000002,0.06999499999999997,277.6542728
22,21,3,LE07_012031_20040227,0.061744999999999994,0.07103999999999999,0.06581500000000001,0.07348749999999998,279.20605388
23,21,4,LE07_012031_20040227,0.04296249999999999,0.044639999999999985,0.045052499999999995,0.049095,280.96633418
25,22,3,LE07_012031_20040227,0.08313999999999999,0.085615,0.08649499999999999,0.09438750000000001,278.8505798
26,22,4,LE07_012031_20040227,0.06980249999999999,0.08272750000000001,0.0891075,0.09785250000000001,280.61769614
27,22,5,LE07_012031_20040227,0.056410000000000016,0.06809749999999998,0.07876749999999999,0.090895,280.26564008
28,23,3,LE07_012031_20040227,0.06710749999999999,0.07103999999999999,0.07098500000000002,0.07348749999999998,279.91358402000003
29,23,4,LE07_012031_20040227,0.08844750000000001,0.097275,0.10717500000000002,0.11872500000000002,282.3540503
30,23,5,LE07_012031_20040227,0.08844750000000001,0.108935,0.12265749999999997,0.12914750000000003,282.69927032
32,24,4,LE07_012031_20040227,0.07513750000000002,0.07981250000000001,0.0813525,0.0839375,285.4131782
33,24,5,LE07_012031_20040227,0.06980249999999999,0.079785,0.08649499999999999,0.0874025,285.4131782
34,24,6,LE07_012031_20040227,0.08580749999999998,0.085615,0.0839375,0.08044499999999999,284.06306029999996
35,25,5,LE07_012031_20040227,0.0536875,0.0563825,0.05803249999999999,0.059545000000000015,285.76523426
36,25,6,LE07_012031_20040227,0.07246999999999998,0.079785,0.07876749999999999,0.07348749999999998,284.75350033999996
37,25,7,LE07_012031_20040227,0.0777775,0.07687,0.0839375,0.07697999999999999,283.38971036
38,26,6,LE07_012031_20040227,0.059077500000000005,0.06224000000000002,0.06061749999999999,0.059545000000000015,284.41511635999996
39,26,7,LE07_012031_20040227,0.07513750000000002,0.07392749999999998,0.07357000000000002,0.06652999999999998,283.73493038000004
40,27,7,LE07_012031_20040227,0.061744999999999994,0.06515500000000002,0.05544749999999998,0.056052500000000005,282.35746832
41,27,8,LE07_012031_20040227,0.06980249999999999,0.06809749999999998,0.07098500000000002,0.06652999999999998,280.97317022
42,28,8,LE07_012031_20040227,0.05102000000000001,0.05049749999999997,0.0502225,0.056052500000000005,280.55275376
1,13,0,LE07_012031_20040314,0.07282749999999999,0.08300249999999998,0.08344249999999998,0.08723750000000002,274.97454512
2,14,0,LE07_012031_20040314,0.07783249999999997,0.08028000000000002,0.08344249999999998,0.09045500000000001,277.10738960000003
3,14,1,LE07_012031_20040314,0.07535750000000002,0.08300249999999998,0.09061999999999998,0.0937,278.56346612
4,15,0,LE07_012031_20040314,0.08286500000000002,0.09116999999999997,0.09779749999999998,0.10340749999999999,279.64014241999996
5,15,1,LE07_012031_20040314,0.0803625,0.08842,0.09061999999999998,0.09691749999999999,280.70998268
6,16,0,LE07_012031_20040314,0.08789750000000002,0.1019775,0.10976000000000002,0.1163325,281.76615086000004
7,16,1,LE07_012031_20040314,0.08789750000000002,0.09658749999999999,0.09543249999999998,0.10662500000000003,281.76615086000004
8,16,2,LE07_012031_20040314,0.09039999999999998,0.0992825,0.10497499999999998,0.10665249999999998,280.60402406000003
10,17,1,LE07_012031_20040314,0.08286500000000002,0.08842,0.09061999999999998,0.10340749999999999,281.76615086000004
11,17,2,LE07_012031_20040314,0.08789750000000002,0.0992825,0.10019,0.10989749999999998,280.60402406000003
12,18,1,LE07_012031_20040314,0.0953775,0.1019775,0.10976000000000002,0.10989749999999998,280.35450860000003
13,18,2,LE07_012031_20040314,0.10536000000000001,0.12086999999999998,0.126425,0.138965,279.53760181999996
14,18,3,LE07_012031_20040314,0.0929025,0.1019775,0.11215249999999999,0.1228225,278.46092552
15,19,1,LE07_012031_20040314,0.11033749999999998,0.1289825,0.14069749999999998,0.1518625,277.83884588
16,19,2,LE07_012031_20040314,0.13511499999999999,0.1557675,0.17152499999999998,0.18079250000000002,277.47311774
17,19,3,LE07_012031_20040314,0.11779,0.13165,0.14306249999999998,0.14539999999999997,277.73288726
18,20,2,LE07_012031_20040314,0.11779,0.13701249999999998,0.14306249999999998,0.14539999999999997,275.63080496
19,20,3,LE07_012031_20040314,0.11528749999999999,0.13165,0.14306249999999998,0.1486175,276.63570284
20,20,4,LE07_012031_20040314,0.10041,0.10742249999999998,0.1145175,0.1228225,277.73288726
21,21,2,LE07_012031_20040314,0.09037250000000002,0.0992825,0.10976000000000002,0.10989749999999998,273.65177138
22,21,3,LE07_012031_20040314,0.10285749999999999,0.11281249999999998,0.121695,0.1228225,274.92327482
23,21,4,LE07_012031_20040314,0.08289249999999998,0.08030749999999998,0.08822750000000001,0.09045500000000001,276.40327748
25,22,3,LE07_012031_20040314,0.11033749999999998,0.1262875,0.12881749999999997,0.13250250000000002,275.295839
26,22,4,LE07_012031_20040314,0.09540500000000002,0.11011749999999998,0.12881749999999997,0.138965,276.76900562000003
27,22,5,LE07_012031_20040314,0.0929025,0.10742249999999998,0.11691000000000001,0.138965,277.86277201999997
28,23,3,LE07_012031_20040314,0.09287499999999999,0.10739500000000002,0.11212499999999997,0.11960500000000002,276.40327748
29,23,4,LE07_012031_20040314,0.11284,0.1289825,0.13833250000000002,0.1486175,278.22166412
30,23,5,LE07_012031_20040314,0.12029250000000002,0.13701249999999998,0.15257749999999998,0.164705,278.94286634
32,24,4,LE07_012031_20040314,0.09788000000000002,0.10739500000000002,0.11212499999999997,0.11960500000000002,279.6538145
33,24,5,LE07_012031_20040314,0.10786249999999997,0.11820249999999999,0.12406,0.12603999999999999,280.00928858
34,24,6,LE07_012031_20040314,0.11036499999999999,0.11550749999999999,0.11691000000000001,0.11960500000000002,279.6538145
35,25,5,LE07_012031_20040314,0.08789750000000002,0.08842,0.09059250000000002,0.10019,281.41067678
36,25,6,LE07_012031_20040314,0.0953775,0.0992825,0.10019,0.10662500000000003,280.70656466
37,25,7,LE07_012031_20040314,0.10786249999999997,0.11011749999999998,0.11691000000000001,0.1163325,279.2778323
38,26,6,LE07_012031_20040314,0.08286500000000002,0.09386499999999998,0.09059250000000002,0.09691749999999999,280.70656466
39,26,7,LE07_012031_20040314,0.11033749999999998,0.11011749999999998,0.1145175,0.11311500000000002,279.9956165
40,27,7,LE07_012031_20040314,0.08789750000000002,0.09386499999999998,0.09779749999999998,0.10340749999999999,279.2778323
41,27,8,LE07_012031_20040314,0.10038249999999999,0.11011749999999998,0.11212499999999997,0.11311500000000002,278.21141006
42,28,8,LE07_012031_20040314,0.08536749999999999,0.09114250000000002,0.09298499999999998,0.09691749999999999,276.70748126
1,13,0,LE07_012031_20040501,0.11514999999999997,0.12452750000000001,0.12769000000000003,0.13712249999999998,284.90389322
2,14,0,LE07_012031_20040501,0.10717500000000002,0.11801,0.11998999999999999,0.13307999999999998,286.45225628000003
4,15,0,LE07_012031_20040501,0.10516750000000002,0.11801,0.11809249999999999,0.13712249999999998,287.71008764
5,15,1,LE07_012031_20040501,0.10717500000000002,0.11154750000000002,0.11616749999999998,0.13307999999999998,287.71008764
6,16,0,LE07_012031_20040501,0.1111625,0.12020999999999998,0.121915,0.13712249999999998,288.95424692
7,16,1,LE07_012031_20040501,0.10516750000000002,0.11154750000000002,0.11234499999999997,0.12901,288.5406665
8,16,2,LE07_012031_20040501,0.10315999999999997,0.10934749999999999,0.11616749999999998,0.13307999999999998,287.61096506
10,17,1,LE07_012031_20040501,0.10115249999999998,0.10934749999999999,0.1103925,0.12496750000000001,288.5406665
11,17,2,LE07_012031_20040501,0.10315999999999997,0.11154750000000002,0.11424250000000002,0.12901,287.61096506
12,18,1,LE07_012031_20040501,0.11316999999999999,0.12020999999999998,0.12576500000000002,0.145235,287.2930892
13,18,2,LE07_012031_20040501,0.11913750000000001,0.128845,0.1353625,0.15736250000000002,287.19396661999997
14,18,3,LE07_012031_20040501,0.1111625,0.12235499999999999,0.12769000000000003,0.1411925,287.19396661999997
15,19,1,LE07_012031_20040501,0.11713000000000001,0.1245,0.13151249999999998,0.15736250000000002,285.18075283999997
17,19,3,LE07_012031_20040501,0.12510500000000002,0.14608749999999998,0.15444750000000002,0.16946250000000002,286.77355016
19,20,3,LE07_012031_20040501,0.11713000000000001,0.139625,0.144905,0.15334750000000003,286.3531337
20,20,4,LE07_012031_20040501,0.10516750000000002,0.11801,0.12576500000000002,0.145235,288.0279635
21,21,2,LE07_012031_20040501,0.109155,0.11801,0.11998999999999999,0.13712249999999998,284.22712526
22,21,3,LE07_012031_20040501,0.10717500000000002,0.12669999999999998,0.12386750000000002,0.13712249999999998,286.12754438
23,21,4,LE07_012031_20040501,0.09713749999999999,0.11369249999999997,0.11616749999999998,0.13307999999999998,287.79553813999996
25,22,3,LE07_012031_20040501,0.11913750000000001,0.13533499999999998,0.1410825,0.15334750000000003,286.54796084
26,22,4,LE07_012031_20040501,0.11913750000000001,0.12669999999999998,0.139185,0.1492775,288.62269898
27,22,5,LE07_012031_20040501,0.10912749999999999,0.12018250000000003,0.12769000000000003,0.1492775,288.62269898
28,23,3,LE07_012031_20040501,0.09914499999999998,0.10931999999999997,0.11616749999999998,0.12496750000000001,286.54796084
29,23,4,LE07_012031_20040501,0.10912749999999999,0.12020999999999998,0.12958750000000002,0.145235,289.03286138
30,23,5,LE07_012031_20040501,0.11113499999999998,0.12669999999999998,0.1353625,0.15736250000000002,289.44302378
32,24,4,LE07_012031_20040501,0.10717500000000002,0.11152000000000001,0.11809249999999999,0.12496750000000001,289.44302378
33,24,5,LE07_012031_20040501,0.10112500000000002,0.11152000000000001,0.11806499999999998,0.1411925,290.65983889999995
34,24,6,LE07_012031_20040501,0.11512250000000002,0.12018250000000003,0.12386750000000002,0.13712249999999998,290.65983889999995
35,25,5,LE07_012031_20040501,0.09108749999999999,0.10063,0.10843999999999998,0.12089749999999999,291.40154924
36,25,6,LE07_012031_20040501,0.10112500000000002,0.10717500000000002,0.11036499999999999,0.12496750000000001,291.80145758000003
37,25,7,LE07_012031_20040501,0.11911,0.128845,0.12958750000000002,0.13712249999999998,291.80145758000003
38,26,6,LE07_012031_20040501,0.09710999999999997,0.10280250000000002,0.10461749999999997,0.11682749999999997,291.40154924
39,26,7,LE07_012031_20040501,0.11113499999999998,0.12018250000000003,0.11998999999999999,0.12901,290.99480486
40,27,7,LE07_012031_20040501,0.09710999999999997,0.10280250000000002,0.10843999999999998,0.11682749999999997,290.58806047999997
41,27,8,LE07_012031_20040501,0.1071475,0.11369249999999997,0.11424250000000002,0.12496750000000001,289.78482578
42,28,8,LE07_012031_20040501,0.0931225,0.10063,0.10269250000000002,0.11682749999999997,288.97133701999996
1,13,0,LE07_012031_20040517,0.13241999999999998,0.13198,0.132805,0.13486749999999997,304.45838563999996
2,14,0,LE07_012031_20040517,0.12232749999999998,0.12106250000000002,0.11740499999999998,0.13085249999999998,308.38569062
3,14,1,LE07_012031_20040517,0.12026500000000001,0.12106250000000002,0.11932999999999999,0.12680999999999998,310.30661785999996
4,15,0,LE07_012031_20040517,0.13643500000000003,0.12760749999999998,0.1289825,0.13486749999999997,310.94236958
5,15,1,LE07_012031_20040517,0.12232749999999998,0.11669000000000002,0.11545250000000001,0.11875249999999998,311.88916112
6,16,0,LE07_012031_20040517,0.13643500000000003,0.13855250000000002,0.13857999999999998,0.1428975,312.51465878
7,16,1,LE07_012031_20040517,0.12636999999999998,0.11446250000000002,0.11740499999999998,0.12279499999999999,312.51465878
8,16,2,LE07_012031_20040517,0.12232749999999998,0.12760749999999998,0.1289825,0.13085249999999998,309.86569327999996
10,17,1,LE07_012031_20040517,0.11014499999999999,0.10788999999999999,0.1058,0.1107225,311.88916112
11,17,2,LE07_012031_20040517,0.12026500000000001,0.12546249999999998,0.12513249999999998,0.13486749999999997,309.22652354
12,18,1,LE07_012031_20040517,0.13038499999999997,0.12983499999999998,0.13665500000000003,0.1428975,309.34957226
13,18,2,LE07_012031_20040517,0.13239250000000002,0.13855250000000002,0.14815,0.162945,307.94134801999996
14,18,3,LE07_012031_20040517,0.13442749999999998,0.13855250000000002,0.14243,0.1509275,305.98624057999996
15,19,1,LE07_012031_20040517,0.152495,0.1646225,0.1711125,0.18686999999999998,306.10587128
16,19,2,LE07_012031_20040517,0.18236000000000002,0.20334249999999998,0.2185225,0.22658,305.77774136
17,19,3,LE07_012031_20040517,0.1504875,0.16893999999999998,0.174935,0.18686999999999998,306.64250042000003
18,20,2,LE07_012031_20040517,0.18037999999999998,0.19688,0.20906249999999998,0.21472750000000002,302.78355583999996
19,20,3,LE07_012031_20040517,0.162505,0.17969249999999998,0.1844225,0.19883250000000002,305.98624057999996
20,20,4,LE07_012031_20040517,0.12433499999999997,0.12760749999999998,0.14243,0.1469125,307.29192422
21,21,2,LE07_012031_20040517,0.14848,0.158105,0.16536499999999998,0.1749075,300.97200524
22,21,3,LE07_012031_20040517,0.152495,0.15593249999999997,0.15964499999999998,0.17092000000000002,304.06873136
23,21,4,LE07_012031_20040517,0.12433499999999997,0.13198,0.1443275,0.1509275,307.98578227999997
25,22,3,LE07_012031_20040517,0.164485,0.17540250000000002,0.1806275,0.2027925,304.06873136
26,22,4,LE07_012031_20040517,0.1504875,0.158105,0.16729,0.18686999999999998,307.98578227999997
27,22,5,LE07_012031_20040517,0.14248500000000003,0.14727,0.15582249999999997,0.1749075,308.94966392000003
28,23,3,LE07_012031_20040517,0.152495,0.15593249999999997,0.16154249999999998,0.17889500000000003,306.0409289
29,23,4,LE07_012031_20040517,0.16646500000000003,0.17540250000000002,0.176805,0.19883250000000002,308.30707616
30,23,5,LE07_012031_20040517,0.16049750000000002,0.16893999999999998,0.17301,0.194845,309.26753978
37,25,7,LE07_012031_20040517,0.1882725,0.19258999999999998,0.19770500000000002,0.20678000000000002,311.88232508
38,26,6,LE07_012031_20040517,0.15648250000000002,0.15593249999999997,0.15200000000000002,0.162945,312.82228058
39,26,7,LE07_012031_20040517,0.18629250000000003,0.19258999999999998,0.19204,0.2107675,311.56786724
40,27,7,LE07_012031_20040517,0.1784,0.17969249999999998,0.1806275,0.19883250000000002,309.02144234
41,27,8,LE07_012031_20040517,0.19814500000000002,0.20117000000000002,0.2071925,0.21472750000000002,307.42180898000004
42,28,8,LE07_012031_20040517,0.19022499999999998,0.1947625,0.2015,0.21472750000000002,303.66198698
3,14,1,LE07_012031_20040602,0.07687,0.08809,0.09790749999999998,0.10360000000000003,308.35151041999995
5,15,1,LE07_012031_20040602,0.07120500000000002,0.079785,0.08509250000000002,0.08806249999999999,310.3134539
6,16,0,LE07_012031_20040602,0.0899875,0.10668,0.11619499999999999,0.12290499999999999,310.69969016
7,16,1,LE07_012031_20040602,0.06930750000000002,0.07557750000000002,0.08143499999999998,0.08806249999999999,311.08934444
8,16,2,LE07_012031_20040602,0.07873999999999998,0.09218749999999998,0.09790749999999998,0.09969499999999998,310.58347748
10,17,1,LE07_012031_20040602,0.05979249999999997,0.067245,0.06856499999999999,0.07643,311.4755807
11,17,2,LE07_012031_20040602,0.07114999999999999,0.08184750000000002,0.08693499999999998,0.0958175,309.41451464
12,18,1,LE07_012031_20040602,0.08995999999999998,0.10459000000000002,0.11251,0.11905500000000002,309.14107304000004
13,18,2,LE07_012031_20040602,0.1012075,0.11696499999999999,0.13074249999999998,0.14606000000000002,307.44573512
14,18,3,LE07_012031_20040602,0.08434999999999998,0.10668,0.11801,0.13066,305.44277539999996
15,19,1,LE07_012031_20040602,0.10494750000000003,0.1251875,0.1416325,0.15378750000000002,304.34217295999997
16,19,2,LE07_012031_20040602,0.13833250000000002,0.17015000000000002,0.18684250000000002,0.20367249999999998,303.11168576
17,19,3,LE07_012031_20040602,0.12356499999999998,0.1558775,0.17600749999999998,0.18450500000000003,303.82263392
18,20,2,LE07_012031_20040602,0.12353750000000002,0.1457025,0.1525225,0.15763749999999999,300.61994918
19,20,3,LE07_012031_20040602,0.1402025,0.176255,0.19580750000000002,0.19985000000000003,302.59214671999996
20,20,4,LE07_012031_20040602,0.08055499999999999,0.0984025,0.11435250000000002,0.12680999999999998,304.63612267999997
21,21,2,LE07_012031_20040602,0.08242500000000003,0.09422249999999999,0.09972249999999999,0.10744999999999999,299.67315764
22,21,3,LE07_012031_20040602,0.11798249999999999,0.14771,0.1652,0.16533750000000003,301.5120524
23,21,4,LE07_012031_20040602,0.07865749999999999,0.09422249999999999,0.10703750000000001,0.115205,304.37977118000003
25,22,3,LE07_012031_20040602,0.1438875,0.1620375,0.17061749999999998,0.17301,301.5120524
26,22,4,LE07_012031_20040602,0.1105025,0.13338250000000001,0.15431,0.17301,304.37977118000003
27,22,5,LE07_012031_20040602,0.10302250000000002,0.12106250000000002,0.13802999999999999,0.15378750000000002,305.58633224
28,23,3,LE07_012031_20040602,0.09741250000000001,0.11075000000000002,0.11616749999999998,0.12678250000000002,302.33921324
29,23,4,LE07_012031_20040602,0.10860500000000001,0.12722250000000002,0.14707750000000003,0.16151500000000002,305.1864239
30,23,5,LE07_012031_20040602,0.1105025,0.13338250000000001,0.14889249999999998,0.16533750000000003,306.38956694
32,24,4,LE07_012031_20040602,0.08423999999999998,0.10043750000000001,0.11251,0.1229325,306.38956694
33,24,5,LE07_012031_20040602,0.10115249999999998,0.11484749999999999,0.13074249999999998,0.14223750000000002,307.5790379
34,24,6,LE07_012031_20040602,0.10860500000000001,0.12722250000000002,0.13802999999999999,0.14608749999999998,307.9721102
35,25,5,LE07_012031_20040602,0.07103999999999999,0.09419499999999997,0.09788000000000002,0.11132750000000002,308.74458272
36,25,6,LE07_012031_20040602,0.091775,0.11484749999999999,0.11432500000000001,0.11905500000000002,309.52730929999996
37,25,7,LE07_012031_20040602,0.1197975,0.12722250000000002,0.13618750000000002,0.1383875,309.13765502
38,26,6,LE07_012031_20040602,0.07480749999999997,0.08589000000000002,0.08503749999999999,0.08803499999999997,309.9203816
42,28,8,LE07_012031_20040602,0.08234249999999999,0.09210499999999999,0.09419499999999997,0.103545,306.71427884
4,15,0,LE07_012031_20040704,0.07882250000000002,0.091775,0.10128999999999999,0.11292249999999998,314.23050481999996
5,15,1,LE07_012031_20040704,0.067795,0.079675,0.085175,0.09378249999999999,315.59087678000003
6,16,0,LE07_012031_20040704,0.07147999999999999,0.08776,0.0923525,0.10527750000000002,315.92926076000003
7,16,1,LE07_012031_20040704,0.07147999999999999,0.0837175,0.09414,0.10909999999999997,316.60602872
8,16,2,LE07_012031_20040704,0.07695249999999998,0.09375499999999998,0.10128999999999999,0.1167725,315.46782806
10,17,1,LE07_012031_20040704,0.06039749999999999,0.067575,0.07079249999999998,0.0784375,316.26764474000004
11,17,2,LE07_012031_20040704,0.07332250000000001,0.085725,0.0923525,0.10909999999999997,315.12944408
12,18,1,LE07_012031_20040704,0.08432250000000002,0.10183999999999999,0.11382999999999999,0.1205675,313.5434828
13,18,2,LE07_012031_20040704,0.08798,0.10183999999999999,0.12097999999999998,0.1396525,312.73341206
14,18,3,LE07_012031_20040704,0.08979500000000001,0.10984250000000001,0.12274000000000002,0.1320075,311.69091596
15,19,1,LE07_012031_20040704,0.10074,0.13181500000000002,0.1441075,0.16253250000000002,310.41257648
16,19,2,LE07_012031_20040704,0.13877250000000002,0.17936249999999998,0.19369000000000003,0.21184000000000003,311.11327058
17,19,3,LE07_012031_20040704,0.11528749999999999,0.13577499999999998,0.14944249999999998,0.16253250000000002,311.69091596
18,20,2,LE07_012031_20040704,0.127965,0.15964499999999998,0.1742475,0.1815075,308.28315002
19,20,3,LE07_012031_20040704,0.12252000000000002,0.1497175,0.16542,0.1815075,310.99363988
20,20,4,LE07_012031_20040704,0.07692500000000002,0.09977750000000002,0.11382999999999999,0.12441750000000001,314.78764207999996
21,21,2,LE07_012031_20040704,0.08979500000000001,0.1078075,0.11737750000000002,0.1282125,306.36905881999996
22,21,3,LE07_012031_20040704,0.10255500000000001,0.12582,0.13165,0.14347500000000002,309.66744812
23,21,4,LE07_012031_20040704,0.06961,0.08368999999999999,0.09768749999999998,0.1167725,313.14357445999997
25,22,3,LE07_012031_20040704,0.11163000000000001,0.13181500000000002,0.1405325,0.15873749999999998,309.31539206
26,22,4,LE07_012031_20040704,0.07142500000000002,0.08368999999999999,0.09589999999999999,0.11292249999999998,311.76269437999997
27,22,5,LE07_012031_20040704,0.06034250000000002,0.07359749999999998,0.08333249999999998,0.097605,312.45313441999997
28,23,3,LE07_012031_20040704,0.09342499999999998,0.10984250000000001,0.12095250000000002,0.1320075,310.72019828
29,23,4,LE07_012031_20040704,0.08795249999999999,0.10382000000000002,0.11559000000000003,0.1320075,312.79835444
30,23,5,LE07_012031_20040704,0.0897675,0.1058,0.11737750000000002,0.1320075,314.16898046
32,24,4,LE07_012031_20040704,0.0842675,0.09977750000000002,0.10843999999999998,0.12441750000000001,315.18413239999995
33,24,5,LE07_012031_20040704,0.097055,0.11182249999999999,0.11737750000000002,0.1320075,315.52251637999996
34,24,6,LE07_012031_20040704,0.10799999999999998,0.12384,0.13165,0.1396525,314.84574842
35,25,5,LE07_012031_20040704,0.06402750000000001,0.07761249999999997,0.07794250000000003,0.09378249999999999,316.26422672
36,25,6,LE07_012031_20040704,0.09887000000000001,0.11380249999999997,0.11737750000000002,0.1205675,316.59919268
37,25,7,LE07_012031_20040704,0.12252000000000002,0.14375,0.15299000000000001,0.16253250000000002,317.60750858
38,26,6,LE07_012031_20040704,0.06771250000000001,0.07761249999999997,0.07794250000000003,0.08993250000000003,316.26422672
39,26,7,LE07_012031_20040704,0.11523250000000002,0.13181500000000002,0.13340999999999997,0.13585750000000002,316.26422672
40,27,7,LE07_012031_20040704,0.08973999999999999,0.10178500000000001,0.11020000000000002,0.11292249999999998,314.22366878
41,27,8,LE07_012031_20040704,0.10068500000000002,0.11179499999999998,0.11559000000000003,0.1205675,313.89895688
42,28,8,LE07_012031_20040704,0.07321250000000001,0.08366249999999997,0.09048250000000002,0.1014275,311.68749793999996
1,13,0,LE07_012031_20040906,0.043952500000000005,0.04585,0.0507725,0.05902249999999998,302.6058188
2,14,0,LE07_012031_20040906,0.048242499999999994,0.05283500000000002,0.056987500000000024,0.06342249999999999,304.31141077999996
3,14,1,LE07_012031_20040906,0.05253249999999998,0.05748249999999999,0.06317499999999998,0.067795,306.02042078
4,15,0,LE07_012031_20040906,0.05462250000000002,0.06441249999999998,0.06526500000000002,0.07656750000000001,307.37053868
5,15,1,LE07_012031_20040906,0.050387499999999974,0.05979249999999997,0.06317499999999998,0.067795,308.0404706
6,16,0,LE07_012031_20040906,0.06738250000000001,0.08294750000000001,0.08995999999999998,0.0985125,309.37008038
7,16,1,LE07_012031_20040906,0.048242499999999994,0.05979249999999997,0.06526500000000002,0.07656750000000001,309.70162832
8,16,2,LE07_012031_20040906,0.06102999999999997,0.07136999999999999,0.07970250000000001,0.08099499999999998,308.58735379999996
10,17,1,LE07_012031_20040906,0.04397999999999999,0.05049749999999997,0.05286249999999998,0.067795,309.70162832
11,17,2,LE07_012031_20040906,0.05888500000000002,0.06441249999999998,0.07145249999999997,0.07656750000000001,307.92083990000003
12,18,1,LE07_012031_20040906,0.0695,0.08061000000000001,0.08173750000000002,0.09414,308.37201854
13,18,2,LE07_012031_20040906,0.07582499999999998,0.09216000000000002,0.10637750000000001,0.11600250000000001,307.25090797999997
14,18,3,LE07_012031_20040906,0.0716175,0.07829999999999998,0.08586250000000001,0.0985125,306.57755804
15,19,1,LE07_012031_20040906,0.08850249999999998,0.10596499999999998,0.11660749999999998,0.14223750000000002,304.9984328
16,19,2,LE07_012031_20040906,0.12197000000000002,0.14941500000000002,0.16759249999999998,0.181425,304.9984328
17,19,3,LE07_012031_20040906,0.09691749999999999,0.122025,0.14317249999999998,0.150955,306.57755804
18,20,2,LE07_012031_20040906,0.10739500000000002,0.12430750000000002,0.13296999999999998,0.14223750000000002,302.92711268
19,20,3,LE07_012031_20040906,0.10527750000000002,0.12658999999999998,0.1492775,0.1553,305.2206041
20,20,4,LE07_012031_20040906,0.05888500000000002,0.07370749999999998,0.08995999999999998,0.0985125,307.25090797999997
21,21,2,LE07_012031_20040906,0.05891249999999998,0.07370749999999998,0.07970250000000001,0.0897675,300.71223571999997
22,21,3,LE07_012031_20040906,0.08638499999999999,0.10137249999999998,0.11660749999999998,0.12037500000000001,303.58337252
23,21,4,LE07_012031_20040906,0.0418625,0.05517250000000001,0.059077500000000005,0.067795,306.30753446
25,22,3,LE07_012031_20040906,0.11157499999999998,0.12658999999999998,0.1288725,0.12914750000000003,303.58337252
26,22,4,LE07_012031_20040906,0.05253249999999998,0.05979249999999997,0.07970250000000001,0.09414,306.64250042000003
27,22,5,LE07_012031_20040906,0.04397999999999999,0.05517250000000001,0.06113999999999997,0.07656750000000001,307.31243234
28,23,3,LE07_012031_20040906,0.07164500000000001,0.08756750000000002,0.09405750000000002,0.102885,303.92859253999995
29,23,4,LE07_012031_20040906,0.08008749999999998,0.09675250000000002,0.10637750000000001,0.12037500000000001,307.31243234
30,23,5,LE07_012031_20040906,0.08638499999999999,0.06908750000000002,0.08173750000000002,0.11163000000000001,307.97894624
32,24,4,LE07_012031_20040906,0.06526500000000002,0.09216000000000002,0.09611999999999998,0.102885,308.31049418
33,24,5,LE07_012031_20040906,0.08850249999999998,0.11284,0.12073250000000002,0.13786500000000002,309.30171998000003
34,24,6,LE07_012031_20040906,0.08638499999999999,0.10368250000000001,0.11251,0.12037500000000001,308.31049418
40,27,7,LE07_012031_20040906,0.05891249999999998,0.06444,0.06732749999999998,0.07219500000000001,308.36860052
41,27,8,LE07_012031_20040906,0.08429500000000001,0.09447,0.10227999999999998,0.09414,307.38079274
42,28,8,LE07_012031_20040906,0.05891249999999998,0.06908750000000002,0.06939000000000001,0.07219500000000001,305.2206041
1,13,0,LE07_012031_20040922,0.02682000000000001,0.028085,0.030257499999999993,0.0415875,304.15759988
2,14,0,LE07_012031_20040922,0.04081750000000001,0.03825999999999999,0.03930500000000001,0.0464,306.25968218
3,14,1,LE07_012031_20040922,0.05008499999999999,0.05599749999999998,0.052779999999999994,0.05602499999999999,308.01312644
4,15,0,LE07_012031_20040922,0.054759999999999975,0.05602499999999999,0.06177250000000001,0.0656775,309.05562254
5,15,1,LE07_012031_20040922,0.05008499999999999,0.053495000000000015,0.06177250000000001,0.06083749999999999,310.0912826
6,16,0,LE07_012031_20040922,0.07092999999999999,0.07876749999999999,0.08644000000000002,0.09452500000000003,311.79687458
7,16,1,LE07_012031_20040922,0.057042499999999996,0.06864749999999997,0.0684825,0.0753025,312.13525856
8,16,2,LE07_012031_20040922,0.059352499999999975,0.06356,0.07073750000000001,0.08008749999999998,310.6552559
10,17,1,LE07_012031_20040922,0.052395000000000025,0.06358750000000002,0.06402750000000001,0.07049,310.0912826
11,17,2,LE07_012031_20040922,0.05008499999999999,0.058555000000000024,0.064,0.0656775,309.9716519
12,18,1,LE07_012031_20040922,0.05008499999999999,0.06358750000000002,0.06851000000000002,0.08008749999999998,308.71040252
13,18,2,LE07_012031_20040922,0.07780500000000001,0.09130749999999999,0.10205999999999998,0.11369249999999997,308.93940985999996
14,18,3,LE07_012031_20040922,0.073185,0.08627499999999999,0.0931225,0.09931000000000001,308.93940985999996
15,19,1,LE07_012031_20040922,0.07323999999999997,0.09381,0.10205999999999998,0.13285999999999998,305.54873402
16,19,2,LE07_012031_20040922,0.1257375,0.1562075,0.1642925,0.1853575,306.25968218
17,19,3,LE07_012031_20040922,0.0869625,0.11636000000000002,0.12881749999999997,0.13764500000000002,307.89691375999996
18,20,2,LE07_012031_20040922,0.0961475,0.11889,0.12436249999999999,0.13764500000000002,303.76110956
19,20,3,LE07_012031_20040922,0.08927249999999998,0.10885250000000002,0.122135,0.128075,305.78799542
20,20,4,LE07_012031_20040922,0.06856499999999999,0.07871250000000002,0.08418500000000001,0.09452500000000003,307.89691375999996
21,21,2,LE07_012031_20040922,0.054705000000000004,0.06105749999999999,0.061744999999999994,0.0753025,301.83334628
22,21,3,LE07_012031_20040922,0.06394499999999997,0.08377249999999997,0.090895,0.09931000000000001,304.10291156
23,21,4,LE07_012031_20040922,0.0476925,0.05343999999999999,0.05948999999999999,0.060809999999999975,306.58097606
25,22,3,LE07_012031_20040922,0.10071249999999998,0.11636000000000002,0.12656250000000002,0.128075,303.74401946
26,22,4,LE07_012031_20040922,0.05696000000000001,0.0685925,0.072965,0.08487250000000002,307.27825214
27,22,5,LE07_012031_20040922,0.050002500000000005,0.053412499999999974,0.06171749999999998,0.06564999999999999,308.32074824
28,23,3,LE07_012031_20040922,0.06625500000000001,0.07871250000000002,0.07522000000000001,0.08971249999999997,304.45838563999996
29,23,4,LE07_012031_20040922,0.073185,0.09631250000000002,0.10651500000000003,0.12329000000000001,309.01118828
30,23,5,LE07_012031_20040922,0.08693499999999998,0.10382000000000002,0.1131975,0.13285999999999998,309.6982103
32,24,4,LE07_012031_20040922,0.0592975,0.0685925,0.0751925,0.08487250000000002,310.72019828
33,24,5,LE07_012031_20040922,0.07315749999999999,0.08877750000000001,0.09980499999999998,0.10890749999999999,311.73876824
34,24,6,LE07_012031_20040922,0.0754125,0.0837175,0.09086749999999999,0.09449750000000001,311.40038426
35,25,5,LE07_012031_20040922,0.045355000000000006,0.053412499999999974,0.050470000000000015,0.05599749999999998,312.8086085
36,25,6,LE07_012031_20040922,0.07082,0.073625,0.072965,0.07046249999999998,312.8086085
37,25,7,LE07_012031_20040922,0.09150000000000003,0.09375499999999998,0.09309499999999998,0.08971249999999997,311.79345656
38,26,6,LE07_012031_20040922,0.05228499999999997,0.05847249999999998,0.054952500000000015,0.05599749999999998,311.11327058
39,26,7,LE07_012031_20040922,0.0754125,0.08875,0.08861249999999998,0.08971249999999997,311.11327058
40,27,7,LE07_012031_20040922,0.047609999999999986,0.053385000000000016,0.054952500000000015,0.060809999999999975,309.39742454
41,27,8,LE07_012031_20040922,0.08228750000000001,0.08622000000000002,0.08412999999999998,0.08006000000000002,308.72065657999997
42,28,8,LE07_012031_20040922,0.04991999999999999,0.058445000000000025,0.05718000000000001,0.06078250000000002,306.15714158000003
1,13,0,LE07_012031_20041008,0.0476925,0.04961750000000001,0.048490000000000005,0.05431999999999998,296.28589982
2,14,0,LE07_012031_20041008,0.04252249999999999,0.04397999999999999,0.035977499999999996,0.0508825,297.65652584
3,14,1,LE07_012031_20041008,0.05544749999999998,0.05528250000000001,0.06342249999999999,0.06474249999999998,299.05107799999996
4,15,0,LE07_012031_20041008,0.0657875,0.06372499999999998,0.058445000000000025,0.06818000000000002,299.74493606
5,15,1,LE07_012031_20041008,0.06061749999999999,0.060892500000000016,0.06842749999999997,0.07854749999999999,300.77376008
6,16,0,LE07_012031_20041008,0.07354250000000001,0.0861925,0.08580749999999998,0.09584500000000001,303.14928398
7,16,1,LE07_012031_20041008,0.0683725,0.0749725,0.0783275,0.08894249999999998,303.14928398
8,16,2,LE07_012031_20041008,0.0683725,0.0749725,0.08083000000000001,0.08894249999999998,301.6829534
10,17,1,LE07_012031_20041008,0.06323000000000001,0.0693625,0.06842749999999997,0.08201249999999999,303.14928398
11,17,2,LE07_012031_20041008,0.07354250000000001,0.08061000000000001,0.08580749999999998,0.09584500000000001,301.6829534
12,18,1,LE07_012031_20041008,0.0683725,0.0833875,0.08083000000000001,0.10274749999999999,301.11556208
13,18,2,LE07_012031_20041008,0.07612750000000001,0.09180250000000001,0.10313250000000002,0.11649749999999998,300.66096542
14,18,3,LE07_012031_20041008,0.078685,0.09180250000000001,0.0981825,0.10274749999999999,300.31916342
15,19,1,LE07_012031_20041008,0.08894249999999998,0.10296749999999999,0.0981825,0.14749,298.70243996
16,19,2,LE07_012031_20041008,0.1322275,0.1557675,0.1696275,0.1783725,299.05107799999996
17,19,3,LE07_012031_20041008,0.09405750000000002,0.11974249999999997,0.1352525,0.14749,299.9739434
18,20,2,LE07_012031_20041008,0.10684500000000002,0.12804749999999998,0.1327775,0.14749,296.95241372
19,20,3,LE07_012031_20041008,0.09150000000000003,0.1085775,0.11798249999999999,0.12340000000000001,298.93828334
20,20,4,LE07_012031_20041008,0.07098500000000002,0.0861925,0.09075749999999999,0.10274749999999999,300.66096542
21,21,2,LE07_012031_20041008,0.07098500000000002,0.07219500000000001,0.07337749999999998,0.08547749999999998,294.70335656
22,21,3,LE07_012031_20041008,0.0683725,0.07780500000000001,0.0783275,0.08894249999999998,296.93874164
23,21,4,LE07_012031_20041008,0.05806,0.06372499999999998,0.06592500000000001,0.07164500000000001,298.3332938
25,22,3,LE07_012031_20041008,0.09150000000000003,0.10296749999999999,0.11303249999999998,0.11996250000000003,295.87915544
26,22,4,LE07_012031_20041008,0.060645000000000004,0.0693625,0.06842749999999997,0.08201249999999999,297.63943574
27,22,5,LE07_012031_20041008,0.05806,0.060892500000000016,0.06342249999999999,0.07164500000000001,297.63943574
28,23,3,LE07_012031_20041008,0.07098500000000002,0.07500000000000001,0.07337749999999998,0.09238000000000002,297.28737967999996
29,23,4,LE07_012031_20041008,0.09150000000000003,0.1085775,0.10560750000000002,0.126865,300.05597588
30,23,5,LE07_012031_20041008,0.08894249999999998,0.10577249999999999,0.11303249999999998,0.13374000000000003,300.05597588
32,24,4,LE07_012031_20041008,0.07103999999999999,0.08344249999999998,0.08085750000000003,0.09931000000000001,302.09311579999996
33,24,5,LE07_012031_20041008,0.08129750000000002,0.09466249999999998,0.10071249999999998,0.11998999999999999,302.09311579999996
34,24,6,LE07_012031_20041008,0.08638499999999999,0.09180250000000001,0.08828249999999999,0.0992825,300.73957988
35,25,5,LE07_012031_20041008,0.055530000000000024,0.06094749999999999,0.06347750000000002,0.06474249999999998,302.80748198000003
36,25,6,LE07_012031_20041008,0.08388250000000003,0.08624749999999998,0.08335999999999999,0.085505,302.80748198000003
37,25,7,LE07_012031_20041008,0.08644000000000002,0.09185749999999998,0.090785,0.08894249999999998,301.79233004
38,26,6,LE07_012031_20041008,0.06845499999999999,0.07222250000000002,0.06595250000000002,0.07513750000000002,302.13071402
39,26,7,LE07_012031_20041008,0.08129750000000002,0.08344249999999998,0.07838250000000002,0.08894249999999998,301.79233004
40,27,7,LE07_012031_20041008,0.06845499999999999,0.066585,0.05847249999999998,0.07167249999999997,300.77034205999996
41,27,8,LE07_012031_20041008,0.08644000000000002,0.08624749999999998,0.08335999999999999,0.078575,299.40655208
42,28,8,LE07_012031_20041008,0.06328499999999998,0.06378,0.06347750000000002,0.06474249999999998,298.2649334
1,13,0,LE07_012031_20050213,0.049315,0.04827000000000001,0.029569999999999985,0.030945,276.12641786
2,14,0,LE07_012031_20050213,0.052505000000000024,0.0447775,0.041779999999999984,0.034987500000000005,276.85445612
3,14,1,LE07_012031_20050213,0.06207499999999999,0.051734999999999975,0.05701499999999998,0.0471975,279.13085744
4,15,0,LE07_012031_20050213,0.0652375,0.06215749999999998,0.0630925,0.06347750000000002,280.21436977999997
5,15,1,LE07_012031_20050213,0.07158999999999999,0.06911499999999998,0.07219500000000001,0.06754749999999998,280.57326188
6,16,0,LE07_012031_20050213,0.08429500000000001,0.08984999999999999,0.09947499999999998,0.09595500000000001,281.99857622
8,16,2,LE07_012031_20050213,0.11264750000000001,0.10709249999999998,0.1085775,0.10406749999999998,281.18166944
10,17,1,LE07_012031_20050213,0.07158999999999999,0.06562249999999997,0.07522000000000001,0.07158999999999999,282.70268834
11,17,2,LE07_012031_20050213,0.07478000000000001,0.07948250000000001,0.07827250000000002,0.07973000000000002,281.53714352
12,18,1,LE07_012031_20050213,0.07478000000000001,0.07601750000000002,0.07522000000000001,0.07973000000000002,281.64310214
13,18,2,LE07_012031_20050213,0.09061999999999998,0.09328750000000002,0.09644999999999998,0.10002499999999998,280.82619536
14,18,3,LE07_012031_20050213,0.07794250000000003,0.08292,0.09039999999999998,0.091885,280.10841116
15,19,1,LE07_012031_20050213,0.08429500000000001,0.08984999999999999,0.09644999999999998,0.1162225,279.13085744
16,19,2,LE07_012031_20050213,0.1251875,0.13797500000000001,0.14473999999999998,0.1526325,278.7651293
17,19,3,LE07_012031_20050213,0.10635,0.12769000000000003,0.1387175,0.140505,279.02489882
18,20,2,LE07_012031_20050213,0.096945,0.08638499999999999,0.09342499999999998,0.091885,277.2953807
19,20,3,LE07_012031_20050213,0.10008,0.103655,0.1085775,0.1081375,277.93113242
20,20,4,LE07_012031_20050213,0.06842749999999997,0.07948250000000001,0.08132499999999998,0.07973000000000002,278.6625887
21,21,2,LE07_012031_20050213,0.05888500000000002,0.05869249999999998,0.0448325,0.0471975,276.07856558000003
22,21,3,LE07_012031_20050213,0.08429500000000001,0.07601750000000002,0.07827250000000002,0.07568750000000002,276.59126858
23,21,4,LE07_012031_20050213,0.049315,0.04827000000000001,0.0448325,0.0471975,277.69528904000003
25,22,3,LE07_012031_20050213,0.09061999999999998,0.08292,0.08432250000000002,0.08784249999999999,276.59126858
26,22,4,LE07_012031_20050213,0.07794250000000003,0.07948250000000001,0.07522000000000001,0.08379999999999999,278.42674532
27,22,5,LE07_012031_20050213,0.06842749999999997,0.07255250000000002,0.08132499999999998,0.08784249999999999,278.78905543999997
28,23,3,LE07_012031_20050213,0.07794250000000003,0.06911499999999998,0.07219500000000001,0.06347750000000002,275.76068972
29,23,4,LE07_012031_20050213,0.10008,0.103655,0.10552499999999998,0.11218,279.15136556
30,23,5,LE07_012031_20050213,0.103215,0.11399500000000001,0.132695,0.1364625,279.51025766
35,25,5,LE07_012031_20050213,0.09378249999999999,0.09328750000000002,0.09644999999999998,0.08379999999999999,280.92531794
36,25,6,LE07_012031_20050213,0.0811325,0.08292,0.07219500000000001,0.07158999999999999,279.84864164
37,25,7,LE07_012031_20050213,0.134565,0.12428,0.12364750000000002,0.1081375,278.39598314
38,26,6,LE07_012031_20050213,0.0811325,0.07255250000000002,0.07219500000000001,0.06347750000000002,279.00097268
39,26,7,LE07_012031_20050213,0.12205250000000001,0.11053000000000002,0.11157499999999998,0.091885,277.93455044
40,27,7,LE07_012031_20050213,0.07158999999999999,0.07255250000000002,0.060067499999999996,0.06754749999999998,279.48974954
41,27,8,LE07_012031_20050213,0.08745750000000002,0.07601750000000002,0.07219500000000001,0.06754749999999998,276.85445612
42,28,8,LE07_012031_20050213,0.07478000000000001,0.07255250000000002,0.0630925,0.0594075,278.36180293999996
1,13,0,LE07_012031_20050317,0.050854999999999984,0.04827000000000001,0.04257749999999999,0.0474725,282.92144162
2,14,0,LE07_012031_20050317,0.05539250000000001,0.055694999999999995,0.05363249999999997,0.05352249999999997,285.62509544
3,14,1,LE07_012031_20050317,0.066695,0.07054500000000002,0.06906000000000001,0.06559500000000001,287.31017929999996
4,15,0,LE07_012031_20050317,0.07120500000000002,0.06562249999999997,0.07346000000000003,0.0716175,288.30824114
5,15,1,LE07_012031_20050317,0.07120500000000002,0.07301999999999997,0.07568750000000002,0.0746425,289.29946694
6,16,0,LE07_012031_20050317,0.08470749999999999,0.09028999999999998,0.0954875,0.10181249999999997,291.25457438
7,16,1,LE07_012031_20050317,0.08022499999999999,0.07796999999999998,0.0844875,0.08671499999999999,290.92986248
8,16,2,LE07_012031_20050317,0.08245249999999998,0.08533999999999997,0.08671499999999999,0.08671499999999999,289.18667228000004
10,17,1,LE07_012031_20050317,0.07120500000000002,0.07054500000000002,0.07346000000000003,0.0746425,291.25457438
11,17,2,LE07_012031_20050317,0.07120500000000002,0.07301999999999997,0.0778875,0.0746425,288.85854236
12,18,1,LE07_012031_20050317,0.08022499999999999,0.08781499999999998,0.08671499999999999,0.08671499999999999,288.30824114
13,18,2,LE07_012031_20050317,0.08245249999999998,0.10010750000000002,0.10648750000000001,0.1078075,287.19738464
14,18,3,LE07_012031_20050317,0.07120500000000002,0.07054500000000002,0.0778875,0.0806925,286.52745272
15,19,1,LE07_012031_20050317,0.09367249999999999,0.10503000000000001,0.11525999999999997,0.1288725,286.63682936
16,19,2,LE07_012031_20050317,0.12711250000000002,0.151505,0.163385,0.17094749999999997,285.96347942
17,19,3,LE07_012031_20050317,0.10486499999999999,0.12219000000000002,0.13932250000000002,0.13789249999999997,285.85410278
18,20,2,LE07_012031_20050317,0.10486499999999999,0.11729499999999998,0.12183250000000001,0.12587500000000001,284.25788744
19,20,3,LE07_012031_20050317,0.09367249999999999,0.1124,0.12403249999999999,0.11985249999999997,285.17391680000003
20,20,4,LE07_012031_20050317,0.07796999999999998,0.08781499999999998,0.11525999999999997,0.09876000000000001,286.19248676
21,21,2,LE07_012031_20050317,0.07571499999999998,0.07549499999999998,0.0844875,0.08671499999999999,282.76421270000003
22,21,3,LE07_012031_20050317,0.08245249999999998,0.08781499999999998,0.11525999999999997,0.10481000000000001,284.24421536
23,21,4,LE07_012031_20050317,0.05539250000000001,0.06312000000000001,0.0844875,0.0776675,286.27793726
32,24,4,LE07_012031_20050317,0.08470749999999999,0.10010750000000002,0.10868749999999999,0.10481000000000001,288.60219086
33,24,5,LE07_012031_20050317,0.10263749999999999,0.114875,0.126205,0.12587500000000001,290.23600442
34,24,6,LE07_012031_20050317,0.10038249999999999,0.10503000000000001,0.10868749999999999,0.10481000000000001,289.2584507
35,25,5,LE07_012031_20050317,0.06897750000000002,0.06562249999999997,0.0712875,0.06559500000000001,291.24773833999996
36,25,6,LE07_012031_20050317,0.08470749999999999,0.09028999999999998,0.08671499999999999,0.0837175,290.92644445999997
37,25,7,LE07_012031_20050317,0.10038249999999999,0.10258250000000002,0.10426000000000002,0.09876000000000001,289.94889074
38,26,6,LE07_012031_20050317,0.066695,0.06807000000000002,0.06466,0.06259749999999997,289.94889074
39,26,7,LE07_012031_20050317,0.10038249999999999,0.09521249999999998,0.0954875,0.08671499999999999,288.96450098
40,27,7,LE07_012031_20050317,0.06897750000000002,0.06807000000000002,0.0712875,0.06559500000000001,287.97327518
41,27,8,LE07_012031_20050317,0.10263749999999999,0.10010750000000002,0.09988750000000002,0.09273749999999997,286.64708342
42,28,8,LE07_012031_20050317,0.07120500000000002,0.07301999999999997,0.07346000000000003,0.0716175,285.8746109
1,13,0,LE07_012031_20050418,0.0564925,0.05874750000000001,0.06281749999999997,0.066585,302.69810534
2,14,0,LE07_012031_20050418,0.05462250000000002,0.05874750000000001,0.06281749999999997,0.07040750000000001,304.50965594
3,14,1,LE07_012031_20050418,0.06944499999999998,0.07513750000000002,0.08116000000000001,0.08957500000000002,305.67520076
4,15,0,LE07_012031_20050418,0.07862999999999998,0.085395,0.09216000000000002,0.09339750000000002,306.53995982000004
5,15,1,LE07_012031_20050418,0.06944499999999998,0.07926250000000001,0.08481749999999999,0.09339750000000002,307.40130086
6,16,0,LE07_012031_20050418,0.09518500000000002,0.10786249999999997,0.13055,0.14309,307.9721102
7,16,1,LE07_012031_20050418,0.07678750000000001,0.08949249999999997,0.0995025,0.108715,308.25922388000004
8,16,2,LE07_012031_20050418,0.067575,0.08127000000000001,0.08666000000000001,0.08957500000000002,307.27825214
10,17,1,LE07_012031_20050418,0.0712875,0.07513750000000002,0.08300249999999998,0.08957500000000002,308.54291953999996
11,17,2,LE07_012031_20050418,0.060177499999999995,0.06900499999999998,0.07381749999999998,0.07807999999999998,306.4169111
12,18,1,LE07_012031_20050418,0.07494499999999998,0.08949249999999997,0.0921325,0.09721999999999997,307.11760519999996
13,18,2,LE07_012031_20050418,0.09150000000000003,0.10989749999999998,0.11776249999999999,0.12397750000000002,305.54873402
14,18,3,LE07_012031_20050418,0.07678750000000001,0.08536749999999999,0.09766000000000002,0.1048925,303.79870778
15,19,1,LE07_012031_20050418,0.08600000000000002,0.103765,0.11776249999999999,0.13162249999999998,303.33385706
16,19,2,LE07_012031_20050418,0.1279925,0.16266999999999998,0.17961,0.18887749999999998,303.62780678
17,19,3,LE07_012031_20050418,0.10978749999999998,0.13228250000000003,0.14875500000000003,0.15455750000000001,304.0926575
18,20,2,LE07_012031_20050418,0.12254749999999998,0.14243,0.1542,0.1583525,301.54965061999997
19,20,3,LE07_012031_20050418,0.10613,0.12414249999999999,0.139625,0.1469125,303.21080833999997
20,20,4,LE07_012031_20050418,0.07125999999999999,0.09353499999999998,0.11226249999999999,0.1163325,304.67713892
21,21,2,LE07_012031_20050418,0.07862999999999998,0.09356249999999999,0.09766000000000002,0.1048925,299.61846932000003
22,21,3,LE07_012031_20050418,0.0841575,0.103765,0.11226249999999999,0.1163325,301.74789578
23,21,4,LE07_012031_20050418,0.067575,0.07717249999999998,0.08847500000000003,0.08957500000000002,303.81237985999996
25,22,3,LE07_012031_20050418,0.11163000000000001,0.12414249999999999,0.13599499999999998,0.1392675,301.45052804
26,22,4,LE07_012031_20050418,0.08228750000000001,0.09766000000000002,0.11410500000000001,0.12780000000000002,304.39686128
27,22,5,LE07_012031_20050418,0.06754749999999998,0.079235,0.09397499999999998,0.1048925,305.55557006000004
28,23,3,LE07_012031_20050418,0.07860250000000002,0.08946500000000002,0.09397499999999998,0.108715,302.63658097999996
29,23,4,LE07_012031_20050418,0.0933425,0.10786249999999997,0.12505,0.13162249999999998,305.26503836
30,23,5,LE07_012031_20050418,0.0933425,0.11190499999999998,0.12870749999999997,0.14309,306.70402478
32,24,4,LE07_012031_20050418,0.0804725,0.08949249999999997,0.0995025,0.10107,306.4169111
33,24,5,LE07_012031_20050418,0.0933425,0.10989749999999998,0.1195775,0.12780000000000002,307.84564346
34,24,6,LE07_012031_20050418,0.09699999999999998,0.1139675,0.12139250000000001,0.12015500000000001,307.55852977999996
35,25,5,LE07_012031_20050418,0.07678750000000001,0.08743000000000001,0.09400249999999999,0.09721999999999997,308.81977916
36,25,6,LE07_012031_20050418,0.08231499999999997,0.0955975,0.10315999999999997,0.1048925,310.22800340000003
37,25,7,LE07_012031_20050418,0.09518500000000002,0.09969499999999998,0.10494750000000003,0.1048925,310.22800340000003
38,26,6,LE07_012031_20050418,0.06389,0.07310250000000001,0.079345,0.08190249999999999,309.94772576
39,26,7,LE07_012031_20050418,0.09337000000000001,0.09972249999999999,0.10497499999999998,0.1048925,309.66744812
40,27,7,LE07_012031_20050418,0.06760250000000001,0.08129750000000002,0.07750249999999997,0.08575250000000001,306.82365547999996
41,27,8,LE07_012031_20050418,0.08968500000000001,0.09972249999999999,0.10315999999999997,0.10107,305.39492312
42,28,8,LE07_012031_20050418,0.06391750000000002,0.07310250000000001,0.07202999999999998,0.07807999999999998,304.31824682
1,13,0,LE07_012031_20050605,0.06617250000000002,0.07527499999999998,0.08008749999999998,0.09545999999999999,316.78376576
2,14,0,LE07_012031_20050605,0.0680425,0.079345,0.08916249999999998,0.10324250000000001,320.48548142
3,14,1,LE07_012031_20050605,0.07370749999999998,0.08346999999999999,0.08737499999999998,0.10324250000000001,322.68326828
4,15,0,LE07_012031_20050605,0.07937250000000001,0.09777000000000002,0.10189500000000001,0.11097000000000001,323.04899642
5,15,1,LE07_012031_20050605,0.07368000000000002,0.08346999999999999,0.09282000000000001,0.10324250000000001,324.13250876
6,16,0,LE07_012031_20050605,0.09433249999999999,0.12018250000000003,0.13442749999999998,0.14952500000000002,323.77019864
7,16,1,LE07_012031_20050605,0.08500999999999997,0.10797250000000003,0.13442749999999998,0.14952500000000002,323.41130654
8,16,2,LE07_012031_20050605,0.07180999999999998,0.08960249999999997,0.09826499999999999,0.11867,321.097307
10,17,1,LE07_012031_20050605,0.079345,0.10183999999999999,0.12722250000000002,0.14182499999999998,322.68326828
11,17,2,LE07_012031_20050605,0.06798749999999998,0.08138000000000001,0.09097749999999999,0.10709249999999998,320.35901468
12,18,1,LE07_012031_20050605,0.08121499999999998,0.09774250000000001,0.1018675,0.11481999999999998,321.22377373999996
13,18,2,LE07_012031_20050605,0.08498250000000002,0.10797250000000003,0.11817499999999997,0.13797500000000001,320.35901468
14,18,3,LE07_012031_20050605,0.07365250000000001,0.08957500000000002,0.0927925,0.1109425,319.24815818
15,19,1,LE07_012031_20050605,0.08118750000000002,0.09977750000000002,0.11273,0.13797500000000001,318.25351436
16,19,2,LE07_012031_20050605,0.12230000000000002,0.14848,0.16679500000000003,0.1879425,318.62949656
17,19,3,LE07_012031_20050605,0.11484749999999999,0.14650000000000002,0.16858250000000002,0.1879425,319.62072236
18,20,2,LE07_012031_20050605,0.10742249999999998,0.12623250000000003,0.1380575,0.1534025,314.83891238
19,20,3,LE07_012031_20050605,0.12414249999999999,0.1605525,0.17933500000000002,0.19558750000000003,318.50302982
20,20,4,LE07_012031_20050605,0.07741999999999999,0.09364499999999998,0.10547000000000001,0.12254749999999998,321.46303514
21,21,2,LE07_012031_20050605,0.07928999999999997,0.0895475,0.09458,0.1109425,312.78810038
22,21,3,LE07_012031_20050605,0.1055525,0.128295,0.1380575,0.1534025,317.0982236
23,21,4,LE07_012031_20050605,0.06985750000000002,0.0895475,0.09823749999999998,0.11481999999999998,319.70617286000004
25,22,3,LE07_012031_20050605,0.11481999999999998,0.1383875,0.14705000000000001,0.15725250000000002,316.72224140000003
26,22,4,LE07_012031_20050605,0.08492749999999999,0.10998000000000002,0.1254075,0.145675,318.59531635999997
27,22,5,LE07_012031_20050605,0.07359749999999998,0.09158250000000001,0.10002499999999998,0.11481999999999998,321.90395972
28,23,3,LE07_012031_20050605,0.08492749999999999,0.097715,0.10547000000000001,0.126425,317.850188
29,23,4,LE07_012031_20050605,0.09617500000000001,0.116085,0.1254075,0.14952500000000002,320.07531902
30,23,5,LE07_012031_20050605,0.08679749999999997,0.10998000000000002,0.1235925,0.145675,321.90395972
32,24,4,LE07_012031_20050605,0.07549499999999998,0.0895475,0.09276499999999999,0.10706500000000002,321.90395972
33,24,5,LE07_012031_20050605,0.09053749999999999,0.10382000000000002,0.1235925,0.14182499999999998,323.7120923
34,24,6,LE07_012031_20050605,0.09988750000000002,0.116085,0.13082500000000002,0.145675,324.0709844
35,25,5,LE07_012031_20050605,0.067905,0.073075,0.08363500000000001,0.09543249999999998,325.56124112
36,25,6,LE07_012031_20050605,0.08677000000000001,0.09768749999999998,0.103655,0.1109425,325.56124112
37,25,7,LE07_012031_20050605,0.09988750000000002,0.11809249999999999,0.12901,0.134125,324.12909074000004
38,26,6,LE07_012031_20050605,0.07546750000000002,0.07719999999999999,0.0745325,0.07601750000000002,324.84687494
39,26,7,LE07_012031_20050605,0.08489999999999998,0.10178500000000001,0.10728500000000002,0.11867,325.56124112
40,27,7,LE07_012031_20050605,0.07164500000000001,0.085395,0.0872925,0.09931000000000001,324.48798284
41,27,8,LE07_012031_20050605,0.10733999999999999,0.11809249999999999,0.11996250000000003,0.13027499999999997,324.86396504
42,28,8,LE07_012031_20050605,0.07730999999999999,0.09152749999999998,0.09821000000000002,0.10706500000000002,321.097307
1,13,0,LE07_012031_20050723,0.05544749999999998,0.0681525,0.07813500000000001,0.08918999999999999,313.48879448
2,14,0,LE07_012031_20050723,0.066585,0.0783275,0.07813500000000001,0.08918999999999999,315.27641894
7,16,1,LE07_012031_20050723,0.08498250000000002,0.10461749999999997,0.1286525,0.1547775,318.48593972000003
8,16,2,LE07_012031_20050723,0.07763999999999999,0.09251749999999997,0.10525000000000001,0.12397750000000002,317.29988678
10,17,1,LE07_012031_20050723,0.07579750000000002,0.09452500000000003,0.11064000000000002,0.12782749999999998,318.13046564
11,17,2,LE07_012031_20050723,0.051734999999999975,0.06411,0.06906000000000001,0.0814625,315.87115442
12,18,1,LE07_012031_20050723,0.08129750000000002,0.09856749999999997,0.10885250000000002,0.12009999999999998,317.06746142
13,18,2,LE07_012031_20050723,0.066585,0.0843775,0.090785,0.10464499999999999,314.7910601
14,18,3,LE07_012031_20050723,0.04059750000000001,0.047774999999999984,0.0508825,0.05431999999999998,312.97609148000004
15,19,1,LE07_012031_20050723,0.09779749999999998,0.12073250000000002,0.132255,0.1509275,313.46145032
16,19,2,LE07_012031_20050723,0.13055,0.16674,0.1859075,0.2008125,313.09572218
17,19,3,LE07_012031_20050723,0.09779749999999998,0.12073250000000002,0.1376175,0.14325500000000002,314.432168
18,20,2,LE07_012031_20050723,0.13418000000000002,0.17072749999999998,0.17699750000000003,0.18549500000000002,311.62255556
19,20,3,LE07_012031_20050723,0.10145500000000002,0.13077,0.1465825,0.16244999999999998,314.42874998
20,20,4,LE07_012031_20050723,0.07763999999999999,0.10258250000000002,0.11605749999999998,0.12397750000000002,316.23004652
21,21,2,LE07_012031_20050723,0.09232499999999999,0.11069499999999999,0.10885250000000002,0.11625000000000002,311.1337787
22,21,3,LE07_012031_20050723,0.08864,0.11470999999999998,0.12505,0.1393775,313.42727012
23,21,4,LE07_012031_20050723,0.06471500000000002,0.08644000000000002,0.09622999999999998,0.1124,315.59087678000003
25,22,3,LE07_012031_20050723,0.11605749999999998,0.144795,0.15557500000000002,0.1663,314.15189036
26,22,4,LE07_012031_20050723,0.06842749999999997,0.09048250000000002,0.09983249999999999,0.12009999999999998,316.65729902
27,22,5,LE07_012031_20050723,0.06842749999999997,0.0843775,0.09622999999999998,0.11625000000000002,317.36824718
28,23,3,LE07_012031_20050723,0.09232499999999999,0.11671749999999997,0.12144749999999999,0.1316775,315.59087678000003
29,23,4,LE07_012031_20050723,0.08864,0.10865999999999998,0.12144749999999999,0.1393775,318.7730534
30,23,5,LE07_012031_20050723,0.09961249999999999,0.12274000000000002,0.13585750000000002,0.1547775,319.12169144
32,24,4,LE07_012031_20050723,0.07211250000000002,0.09452500000000003,0.103435,0.11625000000000002,319.81896752
33,24,5,LE07_012031_20050723,0.09961249999999999,0.11872500000000002,0.12144749999999999,0.1393775,320.51282558
34,24,6,LE07_012031_20050723,0.10145500000000002,0.11470999999999998,0.12505,0.12782749999999998,320.16418754
35,25,5,LE07_012031_20050723,0.06842749999999997,0.07629249999999999,0.07995000000000002,0.0814625,321.61684604
36,25,6,LE07_012031_20050723,0.09229749999999998,0.10662500000000003,0.11245500000000003,0.1124,322.30386806
37,25,7,LE07_012031_20050723,0.11605749999999998,0.134785,0.14482250000000002,0.14710499999999999,322.30386806
38,26,6,LE07_012031_20050723,0.07395499999999999,0.08033499999999999,0.08355249999999997,0.0814625,321.26820799999996
39,26,7,LE07_012031_20050723,0.1051125,0.11671749999999997,0.11965999999999999,0.11625000000000002,321.26820799999996
40,27,7,LE07_012031_20050723,0.07211250000000002,0.08237,0.08899750000000001,0.08918999999999999,319.52843582
41,27,8,LE07_012031_20050723,0.079455,0.08237,0.07632,0.0814625,318.49277576
42,28,8,LE07_012031_20050723,0.04986499999999999,0.057977500000000015,0.05451250000000002,0.05431999999999998,316.22321048000003
1,13,0,LE07_012031_20050808,0.05363249999999997,0.05613499999999999,0.057977500000000015,0.07425749999999998,312.09766034
2,14,0,LE07_012031_20050808,0.051460000000000006,0.060755,0.0681525,0.07860250000000002,315.48833618000003
3,14,1,LE07_012031_20050808,0.06856499999999999,0.08149,0.08234249999999999,0.09595500000000001,316.61970080000003
4,15,0,LE07_012031_20050808,0.0685925,0.08613749999999998,0.09653250000000002,0.10461749999999997,317.36824718
5,15,1,LE07_012031_20050808,0.07071,0.07692500000000002,0.08440500000000001,0.09595500000000001,317.36824718
6,16,0,LE07_012031_20050808,0.08773249999999999,0.11135499999999998,0.12474750000000001,0.14347500000000002,318.11337554
7,16,1,LE07_012031_20050808,0.0771175,0.09529500000000002,0.11270249999999998,0.13484000000000002,316.99226497999996
8,16,2,LE07_012031_20050808,0.06853749999999997,0.08379999999999999,0.09650500000000001,0.11327999999999999,315.36528746
10,17,1,LE07_012031_20050808,0.072855,0.07920749999999999,0.09655999999999998,0.12194250000000001,316.61628278
11,17,2,LE07_012031_20050808,0.060012500000000024,0.06996750000000002,0.07626499999999997,0.08726499999999998,314.22366878
12,18,1,LE07_012031_20050808,0.07926250000000001,0.09532249999999998,0.10260999999999998,0.11759750000000002,315.48150014
13,18,2,LE07_012031_20050808,0.07073750000000001,0.08842,0.09452500000000003,0.11327999999999999,313.07521406
14,18,3,LE07_012031_20050808,0.047087500000000004,0.04675750000000001,0.047719999999999985,0.05242249999999998,311.13719672
15,19,1,LE07_012031_20050808,0.08140750000000002,0.10907250000000002,0.12078749999999999,0.1477925,313.95706322
16,19,2,LE07_012031_20050808,0.1172125,0.14771,0.164815,0.1821125,312.41895422
17,19,3,LE07_012031_20050808,0.09403,0.11130000000000001,0.13283250000000002,0.14347500000000002,311.91650528
18,20,2,LE07_012031_20050808,0.1025275,0.127305,0.13283250000000002,0.1520825,311.64306367999995
19,20,3,LE07_012031_20050808,0.0982925,0.12499500000000002,0.140835,0.16069,312.68555978
20,20,4,LE07_012031_20050808,0.07491750000000003,0.09295750000000003,0.11267500000000003,0.12625999999999998,313.83743252
21,21,2,LE07_012031_20050808,0.08138000000000001,0.09072999999999998,0.11270249999999998,0.12625999999999998,310.35447014
22,21,3,LE07_012031_20050808,0.08558749999999998,0.09757749999999998,0.1307975,0.1391575,313.1845907
23,21,4,LE07_012031_20050808,0.07068249999999998,0.0860825,0.10665249999999998,0.11759750000000002,315.08500982
32,24,4,LE07_012031_20050808,0.06639250000000002,0.08149,0.0864125,0.10027249999999999,316.95466676
33,24,5,LE07_012031_20050808,0.08129750000000002,0.09755000000000003,0.10258250000000002,0.11327999999999999,318.43808744
34,24,6,LE07_012031_20050808,0.09609250000000003,0.10442499999999999,0.11468250000000002,0.121915,318.43808744
35,25,5,LE07_012031_20050808,0.05566749999999998,0.06529249999999998,0.061992500000000006,0.07423000000000002,320.67347252
36,25,6,LE07_012031_20050808,0.08553250000000001,0.08836500000000003,0.09854000000000002,0.0959275,321.03578264
37,25,7,LE07_012031_20050808,0.1003,0.12042999999999998,0.132805,0.134895,319.94201624
38,26,6,LE07_012031_20050808,0.0684825,0.07222250000000002,0.0721675,0.0742025,319.93859822
39,26,7,LE07_012031_20050808,0.08973999999999999,0.10214250000000002,0.11267500000000003,0.10459000000000002,319.56945206
40,27,7,LE07_012031_20050808,0.06845499999999999,0.0745325,0.08028000000000002,0.08292,318.46201357999996
41,27,8,LE07_012031_20050808,0.08547749999999998,0.09980499999999998,0.10662500000000003,0.10459000000000002,318.47568565999995
42,28,8,LE07_012031_20050808,0.06416499999999997,0.06988499999999997,0.07213999999999998,0.08289249999999998,315.75152372
28,23,3,LE07_012031_20051027,0.05608000000000002,0.0626525,0.06411,0.06463249999999998,286.84191056
29,23,4,LE07_012031_20051027,0.07937250000000001,0.09097749999999999,0.09477249999999998,0.11454500000000001,289.65835904
30,23,5,LE07_012031_20051027,0.08803499999999997,0.10976000000000002,0.1197975,0.1337125,290.69743712
32,24,4,LE07_012031_20051027,0.05608000000000002,0.0689225,0.06969249999999999,0.08385500000000001,291.04265713999996
33,24,5,LE07_012031_20051027,0.07645750000000001,0.08467999999999998,0.0864125,0.09920000000000001,291.72967916
34,24,6,LE07_012031_20051027,0.07065500000000002,0.07838250000000002,0.07805250000000002,0.0800325,290.69743712
35,25,5,LE07_012031_20051027,0.05899500000000002,0.05948999999999999,0.06411,0.0684825,291.74676926
36,25,6,LE07_012031_20051027,0.06776749999999998,0.07208500000000001,0.06969249999999999,0.0684825,291.40154924
37,25,7,LE07_012031_20051027,0.08223249999999999,0.09097749999999999,0.0864125,0.08385500000000001,290.7111092
38,26,6,LE07_012031_20051027,0.05025000000000002,0.056327499999999975,0.058499999999999996,0.05308249999999998,290.7111092
39,26,7,LE07_012031_20051027,0.06485249999999998,0.07208500000000001,0.06688749999999999,0.06463249999999998,290.01383311999996
40,27,7,LE07_012031_20051027,0.05025000000000002,0.043649999999999994,0.0473075,0.049232499999999985,289.31655704
42,28,8,LE07_012031_20051027,0.05025000000000002,0.04997499999999999,0.05288999999999999,0.049232499999999985,287.83997239999997
3,14,1,LE07_012031_20051112,0.03501499999999999,0.03740750000000001,0.034409999999999996,0.03328249999999999,282.8496632
5,15,1,LE07_012031_20051112,0.048132499999999995,0.044529999999999986,0.046977500000000005,0.05049749999999997,283.90583138
1,13,0,LE07_012031_20051214,0.1455925,0.1285425,0.11168499999999998,0.09221499999999999,265.01101682
4,15,0,LE07_012031_20051214,0.15422750000000002,0.1285425,0.12397750000000002,0.10296749999999999,266.19706976
14,18,3,LE07_012031_20051214,0.06705250000000001,0.05756499999999998,0.05005749999999998,0.04915,265.40750714
17,19,3,LE07_012031_20051214,0.08465250000000002,0.07180999999999998,0.06652999999999998,0.059902500000000025,265.01101682
18,20,2,LE07_012031_20051214,0.11088750000000003,0.07656750000000001,0.0747525,0.07068249999999998,266.4431672
19,20,3,LE07_012031_20051214,0.08465250000000002,0.07656750000000001,0.05830750000000001,0.05451250000000002,265.01101682
20,20,4,LE07_012031_20051214,0.1369575,0.109705,0.09119749999999999,0.08143499999999998,265.01101682
22,21,3,LE07_012031_20051214,0.08465250000000002,0.06710749999999999,0.05830750000000001,0.05451250000000002,265.40750714
23,21,4,LE07_012031_20051214,0.067025,0.0623225,0.0418075,0.04375999999999999,265.80399746
26,22,4,LE07_012031_20051214,0.07585249999999999,0.07656750000000001,0.07887749999999999,0.07607249999999999,265.80399746
27,22,5,LE07_012031_20051214,0.07585249999999999,0.06707999999999997,0.06240499999999999,0.06529249999999998,266.19706976
1,13,0,LE07_012031_20060216,0.07552249999999999,0.06290000000000001,0.060699999999999976,0.04904,281.81400313999995
2,14,0,LE07_012031_20060216,0.08710000000000001,0.08836500000000003,0.0804725,0.07241500000000001,282.5249513
3,14,1,LE07_012031_20060216,0.09287499999999999,0.08836500000000003,0.08894249999999998,0.07629249999999999,283.93317554
4,15,0,LE07_012031_20060216,0.08418500000000001,0.078795,0.06919750000000002,0.06072749999999999,284.97908966
5,15,1,LE07_012031_20060216,0.10442499999999999,0.10101500000000002,0.09735749999999999,0.08410250000000002,284.63045162000003
6,16,0,LE07_012031_20060216,0.09576249999999997,0.09785250000000001,0.09735749999999999,0.09966750000000002,288.67396928
7,16,1,LE07_012031_20060216,0.1101725,0.11998999999999999,0.13107249999999998,0.12298750000000003,287.63830922
8,16,2,LE07_012031_20060216,0.09287499999999999,0.09785250000000001,0.09735749999999999,0.09576249999999997,286.1309624
10,17,1,LE07_012031_20060216,0.0899875,0.09469,0.10019,0.09576249999999997,288.67396928
11,17,2,LE07_012031_20060216,0.07257999999999998,0.07563249999999999,0.07202999999999998,0.07629249999999999,286.8316565
12,18,1,LE07_012031_20060216,0.0899875,0.09469,0.0860825,0.08410250000000002,288.67396928
13,18,2,LE07_012031_20060216,0.08129750000000002,0.07244250000000002,0.06639250000000002,0.06072749999999999,286.8316565
14,18,3,LE07_012031_20060216,0.05803249999999999,0.053302499999999975,0.04378750000000001,0.03344749999999999,284.28181358
15,19,1,LE07_012031_20060216,0.0986225,0.10733999999999999,0.1058,0.115205,286.58897708
16,19,2,LE07_012031_20060216,0.09287499999999999,0.09469,0.08894249999999998,0.08410250000000002,285.88828298
17,19,3,LE07_012031_20060216,0.07549499999999998,0.07563249999999999,0.06919750000000002,0.06072749999999999,285.77890634
18,20,2,LE07_012031_20060216,0.0899875,0.08198499999999997,0.06919750000000002,0.07241500000000001,285.18075283999997
19,20,3,LE07_012031_20060216,0.0899875,0.08836500000000003,0.09174749999999998,0.08410250000000002,285.07137620000003
20,20,4,LE07_012031_20060216,0.07549499999999998,0.09152749999999998,0.08894249999999998,0.08019749999999998,285.42685028
21,21,2,LE07_012031_20060216,0.08129750000000002,0.07563249999999999,0.06356,0.06851000000000002,283.64606186000003
22,21,3,LE07_012031_20060216,0.08418500000000001,0.08514749999999999,0.0832775,0.07629249999999999,284.47664072
23,21,4,LE07_012031_20060216,0.06966499999999998,0.059709999999999985,0.05225750000000001,0.05294500000000002,285.18417086
25,22,3,LE07_012031_20060216,0.09287499999999999,0.08836500000000003,0.0860825,0.08019749999999998,284.11774862
26,22,4,LE07_012031_20060216,0.0899875,0.08836500000000003,0.09174749999999998,0.07241500000000001,284.82869678
27,22,5,LE07_012031_20060216,0.07549499999999998,0.07244250000000002,0.0804725,0.06463249999999998,285.53622692
28,23,3,LE07_012031_20060216,0.1015375,0.09469,0.09455249999999998,0.08798,284.11774862
30,23,5,LE07_012031_20060216,0.08418500000000001,0.08514749999999999,0.102995,0.103545,285.88828298
33,24,5,LE07_012031_20060216,0.09576249999999997,0.10417749999999998,0.11985249999999997,0.115205,286.9341971
35,25,5,LE07_012031_20060216,0.1101725,0.11998999999999999,0.11985249999999997,0.11132750000000002,286.35655171999997
36,25,6,LE07_012031_20060216,0.11306,0.11682749999999997,0.11704750000000003,0.09966750000000002,284.97908966
38,26,6,LE07_012031_20060216,0.08129750000000002,0.08198499999999997,0.0804725,0.06463249999999998,286.0113317
39,26,7,LE07_012031_20060216,0.09576249999999997,0.09785250000000001,0.09174749999999998,0.08019749999999998,285.52939088
40,27,7,LE07_012031_20060216,0.11589250000000001,0.11998999999999999,0.11424250000000002,0.103545,284.2852316
41,27,8,LE07_012031_20060216,0.10150999999999999,0.09469,0.09735749999999999,0.08410250000000002,282.88042538
42,28,8,LE07_012031_20060216,0.08423999999999998,0.08520250000000001,0.08050000000000002,0.07244250000000002,283.23248144
1,13,0,LE07_012031_20060304,0.03361249999999999,0.037599999999999995,0.04048750000000001,0.036610000000000004,277.19625812000004
2,14,0,LE07_012031_20060304,0.0413125,0.037599999999999995,0.037957500000000005,0.036610000000000004,277.78415756
3,14,1,LE07_012031_20060304,0.04904,0.046262499999999984,0.045520000000000005,0.04670250000000001,280.42970504
4,15,0,LE07_012031_20060304,0.06696999999999997,0.06928000000000001,0.07073750000000001,0.07706249999999998,280.79201516
5,15,1,LE07_012031_20060304,0.0413125,0.052037500000000014,0.060645000000000004,0.05685000000000001,281.8755275
6,16,0,LE07_012031_20060304,0.07461499999999999,0.09504750000000001,0.10338000000000003,0.11069499999999999,283.65289789999997
7,16,1,LE07_012031_20060304,0.07208500000000001,0.08646749999999997,0.11091499999999999,0.12411499999999998,282.94536776
8,16,2,LE07_012031_20060304,0.0592975,0.07500000000000001,0.08077499999999999,0.09389249999999999,281.05178467999997
10,17,1,LE07_012031_20060304,0.06696999999999997,0.07500000000000001,0.08580749999999998,0.09053749999999999,282.94536776
11,17,2,LE07_012031_20060304,0.0567125,0.060645000000000004,0.060645000000000004,0.06356,280.68947456
12,18,1,LE07_012031_20060304,0.05159750000000002,0.060645000000000004,0.07071,0.07370749999999998,282.23100158
13,18,2,LE07_012031_20060304,0.03617000000000001,0.04334750000000001,0.05308249999999998,0.05685000000000001,279.9614363
14,18,3,LE07_012031_20060304,0.023244999999999988,0.02313499999999999,0.022777500000000006,0.02307999999999999,275.95209883999996
15,19,1,LE07_012031_20060304,0.08734750000000002,0.09504750000000001,0.10338000000000003,0.10060249999999998,279.70166678
16,19,2,LE07_012031_20060304,0.07717249999999998,0.08646749999999997,0.09083999999999998,0.07706249999999998,278.22850016
17,19,3,LE07_012031_20060304,0.043897500000000006,0.046262499999999984,0.05308249999999998,0.04670250000000001,276.62886679999997
18,20,2,LE07_012031_20060304,0.08734750000000002,0.097935,0.09837499999999999,0.11404999999999998,277.10738960000003
21,21,2,LE07_012031_20060304,0.08226,0.09221499999999999,0.08580749999999998,0.10060249999999998,276.2528846
25,22,3,LE07_012031_20060304,0.08226,0.08646749999999997,0.08580749999999998,0.09389249999999999,277.14840584
26,22,4,LE07_012031_20060304,0.0720575,0.0778875,0.09083999999999998,0.10060249999999998,278.99413663999997
27,22,5,LE07_012031_20060304,0.09243499999999999,0.10076750000000001,0.11091499999999999,0.13085249999999998,279.72559292
28,23,3,LE07_012031_20060304,0.06182749999999998,0.06061749999999999,0.060645000000000004,0.06020500000000001,278.25926233999996
29,23,4,LE07_012031_20060304,0.08734750000000002,0.09504750000000001,0.10588249999999999,0.12075999999999998,280.45021316
30,23,5,LE07_012031_20060304,0.10508499999999998,0.1179,0.13093500000000002,0.14429999999999998,280.81252328
32,24,4,LE07_012031_20060304,0.05415500000000001,0.06061749999999999,0.06314750000000002,0.07029750000000001,281.88578156
33,24,5,LE07_012031_20060304,0.06694250000000002,0.07500000000000001,0.07827250000000002,0.08041749999999998,282.59672972
34,24,6,LE07_012031_20060304,0.0720575,0.0778875,0.07574249999999999,0.07029750000000001,282.24125563999996
35,25,5,LE07_012031_20060304,0.04901249999999999,0.054869999999999974,0.060645000000000004,0.05685000000000001,283.64947988
36,25,6,LE07_012031_20060304,0.0567125,0.06061749999999999,0.05811499999999997,0.05685000000000001,282.94194974
37,25,7,LE07_012031_20060304,0.08984999999999999,0.09221499999999999,0.08833750000000001,0.08041749999999998,281.15090726
38,26,6,LE07_012031_20060304,0.04642750000000001,0.049095,0.0505525,0.04670250000000001,281.51321738
39,26,7,LE07_012031_20060304,0.0720575,0.0692525,0.07321250000000001,0.06694250000000002,280.78859714
40,27,7,LE07_012031_20060304,0.04128499999999999,0.04334750000000001,0.040459999999999996,0.04334750000000001,280.0639769
41,27,8,LE07_012031_20060304,0.07714500000000002,0.07785999999999998,0.07574249999999999,0.06694250000000002,279.71192084
42,28,8,LE07_012031_20060304,0.056684999999999985,0.05201,0.05811499999999997,0.0568225,278.56346612
1,13,0,LE07_012031_20060320,0.048187499999999994,0.052202499999999985,0.05456749999999999,0.054759999999999975,278.86083385999996
2,14,0,LE07_012031_20060320,0.05041499999999999,0.04972750000000001,0.05019499999999999,0.04882,281.98490414
3,14,1,LE07_012031_20060320,0.06823499999999999,0.06699749999999999,0.07423000000000002,0.06952750000000002,282.68218021999996
4,15,0,LE07_012031_20060320,0.07046249999999998,0.07439499999999999,0.07860250000000002,0.07838250000000002,284.06306029999996
5,15,1,LE07_012031_20060320,0.06378,0.06947249999999999,0.07643,0.07249749999999999,284.4048623
6,16,0,LE07_012031_20060320,0.08602749999999998,0.09898000000000001,0.10909999999999997,0.1167725,286.10020022000003
7,16,1,LE07_012031_20060320,0.08379999999999999,0.09403,0.11347249999999998,0.1256,285.08504828
8,16,2,LE07_012031_20060320,0.07268999999999998,0.08179249999999999,0.09386499999999998,0.0990625,282.22758355999997
10,17,1,LE07_012031_20060320,0.07494499999999998,0.08913500000000002,0.10258250000000002,0.1167725,283.71784028
11,17,2,LE07_012031_20060320,0.07268999999999998,0.07931749999999999,0.09386499999999998,0.09611999999999998,281.17825142000004
12,18,1,LE07_012031_20060320,0.06378,0.07191999999999998,0.06771250000000001,0.07838250000000002,280.93215398
13,18,2,LE07_012031_20060320,0.05709750000000002,0.052202499999999985,0.06548500000000002,0.066585,279.40429903999996
14,18,3,LE07_012031_20060320,0.0414225,0.04230249999999999,0.0414225,0.04290749999999999,277.96531261999996
15,19,1,LE07_012031_20060320,0.09485500000000002,0.10874250000000002,0.11779,0.1285425,278.79247346
16,19,2,LE07_012031_20060320,0.11248249999999999,0.12342750000000002,0.1286525,0.13148500000000002,278.43016334000004
17,19,3,LE07_012031_20060320,0.07046249999999998,0.08423999999999998,0.09169250000000001,0.09315000000000001,278.32762274000004
18,20,2,LE07_012031_20060320,0.10371000000000002,0.1136375,0.11347249999999998,0.11382999999999999,277.7055431
19,20,3,LE07_012031_20060320,0.09265499999999999,0.10874250000000002,0.11998999999999999,0.1256,278.68651484
20,20,4,LE07_012031_20060320,0.07046249999999998,0.07931749999999999,0.08514749999999999,0.08726499999999998,279.76319114
21,21,2,LE07_012031_20060320,0.07046249999999998,0.06699749999999999,0.06548500000000002,0.07246999999999998,276.50240006
22,21,3,LE07_012031_20060320,0.07937250000000001,0.08913500000000002,0.08951999999999999,0.08726499999999998,278.08836134
23,21,4,LE07_012031_20060320,0.05709750000000002,0.057152499999999995,0.06548500000000002,0.06952750000000002,279.16503764000004
25,22,3,LE07_012031_20060320,0.09265499999999999,0.10629499999999997,0.11998999999999999,0.1256,278.45067145999997
26,22,4,LE07_012031_20060320,0.06823499999999999,0.07191999999999998,0.08077499999999999,0.0902075,279.87940382
27,22,5,LE07_012031_20060320,0.07046249999999998,0.07931749999999999,0.08297500000000002,0.08432250000000002,280.58351594
28,23,3,LE07_012031_20060320,0.08157249999999999,0.08423999999999998,0.08514749999999999,0.0902075,280.23145988
29,23,4,LE07_012031_20060320,0.08379999999999999,0.10139999999999999,0.10909999999999997,0.12265749999999997,282.6787622
30,23,5,LE07_012031_20060320,0.09262749999999997,0.11119000000000001,0.11779,0.13148500000000002,283.70758622
32,24,4,LE07_012031_20060320,0.0660075,0.07436749999999998,0.07860250000000002,0.08432250000000002,284.39119022
33,24,5,LE07_012031_20060320,0.08379999999999999,0.09403,0.09823749999999998,0.10200500000000001,284.7295742
34,24,6,LE07_012031_20060320,0.08822750000000001,0.09158250000000001,0.09169250000000001,0.0902075,284.04938821999997
35,25,5,LE07_012031_20060320,0.0660075,0.06699749999999999,0.067685,0.066585,284.74324628
36,25,6,LE07_012031_20060320,0.07714500000000002,0.08423999999999998,0.08077499999999999,0.07838250000000002,284.74324628
37,25,7,LE07_012031_20060320,0.10148249999999998,0.10629499999999997,0.10041,0.09611999999999998,284.05964228
38,26,6,LE07_012031_20060320,0.0660075,0.06452249999999998,0.0633125,0.06361499999999998,284.05964228
39,26,7,LE07_012031_20060320,0.08822750000000001,0.08913500000000002,0.09386499999999998,0.08432250000000002,283.36920224
40,27,7,LE07_012031_20060320,0.06823499999999999,0.06452249999999998,0.067685,0.06361499999999998,282.33012415999997
41,27,8,LE07_012031_20060320,0.08600000000000002,0.08913500000000002,0.08514749999999999,0.08132499999999998,281.9951582
42,28,8,LE07_012031_20060320,0.06820749999999998,0.06699749999999999,0.067685,0.06361499999999998,281.5679057
1,13,0,LE07_012031_20060421,0.05187249999999999,0.059545000000000015,0.061992500000000006,0.06213000000000002,296.30640794
2,14,0,LE07_012031_20060421,0.06094749999999999,0.06754749999999998,0.06738250000000001,0.06966499999999998,299.48516654
3,14,1,LE07_012031_20060421,0.06452249999999998,0.0695,0.0745325,0.07717249999999998,301.04378366000003
4,15,0,LE07_012031_20060421,0.07357000000000002,0.07953749999999998,0.0834975,0.08467999999999998,302.58189266
5,15,1,LE07_012031_20060421,0.0681525,0.073515,0.08171,0.08467999999999998,302.88951446
6,16,0,LE07_012031_20060421,0.08616499999999999,0.10139999999999999,0.11570000000000003,0.11850500000000003,305.00868686
7,16,1,LE07_012031_20060421,0.091555,0.109375,0.1263975,0.13723249999999998,303.8021258
8,16,2,LE07_012031_20060421,0.07357000000000002,0.08748499999999998,0.09958499999999998,0.10346250000000001,301.54281458
10,17,1,LE07_012031_20060421,0.08434999999999998,0.09545999999999999,0.1192475,0.13723249999999998,303.49792202000003
11,17,2,LE07_012031_20060421,0.06457750000000001,0.07153500000000002,0.07992250000000001,0.08844750000000001,300.30207332
12,18,1,LE07_012031_20060421,0.07717249999999998,0.085505,0.0924625,0.09595500000000001,300.42170402
13,18,2,LE07_012031_20060421,0.06457750000000001,0.07750249999999997,0.0834975,0.08844750000000001,298.10770448
14,18,3,LE07_012031_20060421,0.03919500000000001,0.03751750000000001,0.04043250000000001,0.04332,294.8981837
15,19,1,LE07_012031_20060421,0.08434999999999998,0.09942000000000001,0.10854999999999998,0.12972499999999998,297.58816544
16,19,2,LE07_012031_20060421,0.114765,0.133135,0.14776499999999998,0.15596,296.62770181999997
17,19,3,LE07_012031_20060421,0.091555,0.11528749999999999,0.128185,0.12601250000000003,296.51148914
18,20,2,LE07_012031_20060421,0.10764249999999997,0.11927500000000002,0.13354749999999999,0.13723249999999998,295.33569026
19,20,3,LE07_012031_20060421,0.10588249999999999,0.12521500000000002,0.14243,0.14100000000000001,298.42216232
20,20,4,LE07_012031_20060421,0.06636500000000001,0.07953749999999998,0.097825,0.10346250000000001,301.85043638
21,21,2,LE07_012031_20060421,0.07178249999999997,0.08352500000000002,0.08888750000000001,0.09972249999999999,294.5734718
22,21,3,LE07_012031_20060421,0.08795249999999999,0.09942000000000001,0.11391250000000003,0.11473749999999999,297.2053472
23,21,4,LE07_012031_20060421,0.05731750000000002,0.07354250000000001,0.0781075,0.08467999999999998,301.26937297999996
25,22,3,LE07_012031_20060421,0.10588249999999999,0.11927500000000002,0.1263975,0.12972499999999998,296.88747134
26,22,4,LE07_012031_20060421,0.08616499999999999,0.10538750000000002,0.11748750000000002,0.12972499999999998,300.34308956
27,22,5,LE07_012031_20060421,0.06996750000000002,0.08151750000000002,0.09425,0.10722999999999999,301.26937297999996
28,23,3,LE07_012031_20060421,0.07717249999999998,0.08151750000000002,0.0924625,0.10346250000000001,299.09551225999996
29,23,4,LE07_012031_20060421,0.09691749999999999,0.11132750000000002,0.12461,0.13349250000000001,302.18540234
30,23,5,LE07_012031_20060421,0.09870499999999999,0.1073675,0.12461,0.13349250000000001,303.40221746
32,24,4,LE07_012031_20060421,0.06457750000000001,0.07750249999999997,0.0834975,0.08844750000000001,304.90614626
33,24,5,LE07_012031_20060421,0.08434999999999998,0.09744000000000003,0.10497499999999998,0.10722999999999999,304.90614626
34,24,6,LE07_012031_20060421,0.10052,0.1073675,0.11748750000000002,0.11850500000000003,304.00378897999997
35,25,5,LE07_012031_20060421,0.05731750000000002,0.06754749999999998,0.06559500000000001,0.06966499999999998,305.60342234
36,25,6,LE07_012031_20060421,0.08256249999999998,0.085505,0.090675,0.08844750000000001,305.90079008
37,25,7,LE07_012031_20060421,0.10943000000000003,0.121255,0.1299725,0.12601250000000003,306.19815782
38,26,6,LE07_012031_20060421,0.06273499999999999,0.06955499999999998,0.07277250000000002,0.07343250000000001,305.30263658
39,26,7,LE07_012031_20060421,0.09691749999999999,0.10338000000000003,0.10854999999999998,0.09972249999999999,305.60342234
40,27,7,LE07_012031_20060421,0.0681525,0.07552249999999999,0.07992250000000001,0.08094000000000001,305.00185081999996
41,27,8,LE07_012031_20060421,0.08434999999999998,0.08946500000000002,0.09425,0.09595500000000001,304.11316562
42,28,8,LE07_012031_20060421,0.0681525,0.06955499999999998,0.0781075,0.08094000000000001,301.49838032
1,13,0,LE07_012031_20060507,0.05288999999999999,0.06455,0.07013249999999999,0.07315749999999999,303.68591312
2,14,0,LE07_012031_20060507,0.059819999999999984,0.07029750000000001,0.07357000000000002,0.0803625,306.09561722
3,14,1,LE07_012031_20060507,0.07538499999999998,0.0837175,0.09075749999999999,0.09477249999999998,307.26116204
4,15,0,LE07_012031_20060507,0.08055499999999999,0.091335,0.09931000000000001,0.1055525,308.99068016
5,15,1,LE07_012031_20060507,0.06674999999999998,0.07604499999999997,0.08558749999999998,0.09477249999999998,309.56490752
6,16,0,LE07_012031_20060507,0.09260000000000002,0.1141875,0.13184249999999997,0.14146750000000002,310.41941252000004
7,16,1,LE07_012031_20060507,0.09260000000000002,0.1141875,0.1369575,0.15582249999999997,309.56490752
8,16,2,LE07_012031_20060507,0.08401999999999998,0.09898000000000001,0.11303249999999998,0.1306875,307.425227
10,17,1,LE07_012031_20060507,0.07884999999999998,0.10280250000000002,0.12329000000000001,0.13789249999999997,308.70356648
11,17,2,LE07_012031_20060507,0.07538499999999998,0.085615,0.09931000000000001,0.1019775,305.38466905999996
12,18,1,LE07_012031_20060507,0.08228750000000001,0.097055,0.11130000000000001,0.12351000000000001,306.68009864
13,18,2,LE07_012031_20060507,0.061580000000000024,0.07414749999999998,0.08558749999999998,0.09837499999999999,304.49940188
14,18,3,LE07_012031_20060507,0.04076250000000001,0.0473075,0.04430999999999999,0.04794000000000001,302.7083594
15,19,1,LE07_012031_20060507,0.09433249999999999,0.116085,0.12499500000000002,0.14146750000000002,303.13219388
16,19,2,LE07_012031_20060507,0.12846000000000002,0.1520825,0.16935250000000002,0.17375249999999998,302.83140812
17,19,3,LE07_012031_20060507,0.09262749999999997,0.116085,0.13354749999999999,0.14506999999999998,303.00914516
18,20,2,LE07_012031_20060507,0.11314249999999998,0.13129249999999998,0.1420725,0.14506999999999998,301.32064328
19,20,3,LE07_012031_20060507,0.11141000000000001,0.138855,0.15571249999999998,0.16657500000000003,303.30993092
20,20,4,LE07_012031_20060507,0.0719475,0.08754,0.10104249999999998,0.1019775,305.09071933999996
21,21,2,LE07_012031_20060507,0.06677749999999999,0.07607249999999999,0.08558749999999998,0.09477249999999998,300.59260502
22,21,3,LE07_012031_20060507,0.08575250000000001,0.10280250000000002,0.11130000000000001,0.1306875,303.62438876
23,21,4,LE07_012031_20060507,0.0719475,0.0894375,0.10274749999999999,0.11275750000000001,305.97940454
25,22,3,LE07_012031_20060507,0.102885,0.12936750000000002,0.1369575,0.1199075,305.1009734
26,22,4,LE07_012031_20060507,0.07368000000000002,0.09136250000000001,0.11132750000000002,0.109155,307.42864502
34,24,6,LE07_012031_20060507,0.0840475,0.09518500000000002,0.10788999999999999,0.11275750000000001,311.4072203
35,25,5,LE07_012031_20060507,0.06160749999999998,0.07224999999999998,0.07873999999999998,0.08399250000000003,312.38477402
36,25,6,LE07_012031_20060507,0.08748499999999998,0.09708250000000002,0.10104249999999998,0.1019775,312.66163364
37,25,7,LE07_012031_20060507,0.11484749999999999,0.12749749999999999,0.1369575,0.13786500000000002,311.82421874
38,26,6,LE07_012031_20060507,0.066805,0.07224999999999998,0.0753025,0.07678750000000001,311.5439411
39,26,7,LE07_012031_20060507,0.09262749999999997,0.10087750000000001,0.10448000000000002,0.10558000000000001,311.5439411
40,27,7,LE07_012031_20060507,0.066805,0.07224999999999998,0.0753025,0.08039000000000002,308.98726214
41,27,8,LE07_012031_20060507,0.09947499999999998,0.11611250000000001,0.11817499999999997,0.1199075,309.00435224
42,28,8,LE07_012031_20060507,0.06334000000000001,0.0779975,0.085615,0.08759499999999998,307.06291688
1,13,0,LE07_012031_20060710,0.08721000000000001,0.09779749999999998,0.09573500000000001,0.12813000000000002,312.83253464
2,14,0,LE07_012031_20060710,0.08264500000000002,0.09540500000000002,0.09150000000000003,0.11501250000000002,316.1069978
3,14,1,LE07_012031_20060710,0.08261750000000001,0.08809,0.09359,0.11938500000000002,317.76815552
4,15,0,LE07_012031_20060710,0.08033499999999999,0.0953775,0.09994249999999999,0.11938500000000002,318.17831792
5,15,1,LE07_012031_20060710,0.08033499999999999,0.08806249999999999,0.09359,0.114985,318.99864272
6,16,0,LE07_012031_20060710,0.09403,0.11229,0.12925750000000003,0.1629175,318.58848032000003
7,16,1,LE07_012031_20060710,0.09169250000000001,0.10989749999999998,0.12713999999999998,0.1629175,317.7647375
8,16,2,LE07_012031_20060710,0.09169250000000001,0.10505750000000003,0.11251,0.1368475,315.98736710000003
10,17,1,LE07_012031_20060710,0.09169250000000001,0.10989749999999998,0.1250775,0.15860000000000002,316.1069978
11,17,2,LE07_012031_20060710,0.08259,0.08564250000000001,0.09150000000000003,0.1193575,313.88870282
12,18,1,LE07_012031_20060710,0.0962575,0.10744999999999999,0.11671749999999997,0.14991,314.42874998
13,18,2,LE07_012031_20060710,0.07571499999999998,0.0929025,0.09356249999999999,0.1193575,312.61378135999996
14,18,3,LE07_012031_20060710,0.0779975,0.07829999999999998,0.07456000000000002,0.08864,311.75585834000003
15,19,1,LE07_012031_20060710,0.10530499999999998,0.12433499999999997,0.1417425,0.175925,312.29932352000003
16,19,2,LE07_012031_20060710,0.10755999999999999,0.1363525,0.15211000000000002,0.18885000000000002,311.4414005
17,19,3,LE07_012031_20060710,0.08710000000000001,0.10503000000000001,0.11669000000000002,0.1368475,312.18311084
18,20,2,LE07_012031_20060710,0.11660749999999998,0.1339325,0.14380500000000002,0.1845325,311.00731196000004
19,20,3,LE07_012031_20060710,0.09622999999999998,0.11226249999999999,0.12505,0.162945,313.46145032
20,20,4,LE07_012031_20060710,0.08710000000000001,0.10258250000000002,0.1103925,0.1368475,315.57036866
21,21,2,LE07_012031_20060710,0.0985125,0.11470999999999998,0.11878,0.14991,310.02634022
22,21,3,LE07_012031_20060710,0.08710000000000001,0.10742249999999998,0.11875249999999998,0.1455375,312.3471758
23,21,4,LE07_012031_20060710,0.08250750000000001,0.097715,0.1019775,0.132475,314.87992862
25,22,3,LE07_012031_20060710,0.09620250000000002,0.11949500000000002,0.12713999999999998,0.16726249999999998,311.9199233
26,22,4,LE07_012031_20060710,0.08935500000000002,0.10742249999999998,0.11036499999999999,0.1411925,314.03909569999996
27,22,5,LE07_012031_20060710,0.09392,0.10255500000000001,0.11457250000000002,0.1455375,314.87992862
28,23,3,LE07_012031_20060710,0.10753249999999998,0.12194250000000001,0.12505,0.16726249999999998,312.77101028
29,23,4,LE07_012031_20060710,0.10074,0.121915,0.1354725,0.17160750000000002,314.87992862
30,23,5,LE07_012031_20060710,0.10525000000000001,0.121915,0.13756249999999998,0.17160750000000002,316.12750592
32,24,4,LE07_012031_20060710,0.10750500000000002,0.1171025,0.12505,0.15425499999999998,316.12750592
33,24,5,LE07_012031_20060710,0.10071249999999998,0.11949500000000002,0.13129249999999998,0.162945,317.36482916
34,24,6,LE07_012031_20060710,0.10068500000000002,0.10984250000000001,0.1166625,0.1455375,316.95466676
35,25,5,LE07_012031_20060710,0.09158250000000001,0.10739500000000002,0.10615750000000002,0.1281025,319.39855106
36,25,6,LE07_012031_20060710,0.10296749999999999,0.1171025,0.12086999999999998,0.1455375,319.80529544
37,25,7,LE07_012031_20060710,0.1074775,0.1267275,0.139625,0.162945,318.58164428
38,26,6,LE07_012031_20060710,0.091555,0.1073675,0.10406749999999998,0.12373,319.80529544
39,26,7,LE07_012031_20060710,0.10744999999999999,0.12669999999999998,0.1354725,0.15425499999999998,318.58164428
40,27,7,LE07_012031_20060710,0.0984025,0.109815,0.11454500000000001,0.132475,316.51374218
41,27,8,LE07_012031_20060710,0.10519499999999998,0.1146275,0.12084250000000002,0.1411925,315.6968354
42,28,8,LE07_012031_20060710,0.09152749999999998,0.09766000000000002,0.10404000000000002,0.11932999999999999,314.38431572
1,13,0,LE07_012031_20060726,0.06452249999999998,0.0713975,0.07621,0.091335,316.70173328
2,14,0,LE07_012031_20060726,0.06452249999999998,0.07376250000000001,0.07824500000000001,0.091335,320.02746674
3,14,1,LE07_012031_20060726,0.07103999999999999,0.0761,0.08440500000000001,0.10005249999999999,321.99624626
4,15,0,LE07_012031_20060726,0.07103999999999999,0.07846500000000001,0.08440500000000001,0.091335,321.99624626
5,15,1,LE07_012031_20060726,0.06886750000000003,0.07612750000000001,0.08440500000000001,0.10005249999999999,322.97038196
6,16,0,LE07_012031_20060726,0.08190249999999999,0.1018675,0.11916500000000002,0.13055,322.97038196
7,16,1,LE07_012031_20060726,0.09059250000000002,0.10417749999999998,0.12122749999999999,0.13923999999999997,321.99624626
8,16,2,LE07_012031_20060726,0.07321250000000001,0.09249000000000002,0.09466249999999998,0.10876999999999998,319.91125406000003
10,17,1,LE07_012031_20060726,0.08410250000000002,0.09953000000000001,0.11916500000000002,0.1479025,321.5074694
11,17,2,LE07_012031_20060726,0.066695,0.0761,0.08237,0.10005249999999999,319.41564116
12,18,1,LE07_012031_20060726,0.07758500000000002,0.09017999999999998,0.09876000000000001,0.11314249999999998,320.52307964
13,18,2,LE07_012031_20060726,0.06886750000000003,0.08313999999999999,0.09876000000000001,0.10876999999999998,317.41609946
14,18,3,LE07_012031_20060726,0.049122499999999986,0.057262499999999994,0.057620000000000005,0.0650175,314.7910601
15,19,1,LE07_012031_20060726,0.08412999999999998,0.09719250000000001,0.10692750000000001,0.134895,317.53231214
16,19,2,LE07_012031_20060726,0.10786249999999997,0.1366275,0.1597,0.1652,316.01471126
17,19,3,LE07_012031_20060726,0.09708250000000002,0.1111625,0.12119999999999997,0.10442499999999999,315.89849858
18,20,2,LE07_012031_20060726,0.12287749999999997,0.15505249999999998,0.1817825,0.19536750000000003,314.48002027999996
19,20,3,LE07_012031_20060726,0.09922750000000002,0.12279499999999999,0.14146750000000002,0.17386249999999998,315.89849858
20,20,4,LE07_012031_20060726,0.07101249999999998,0.08547749999999998,0.10282999999999998,0.11751499999999998,317.91854839999996
21,21,2,LE07_012031_20060726,0.11861500000000003,0.14586749999999998,0.16773,0.18247000000000002,313.8511046
22,21,3,LE07_012031_20060726,0.1014275,0.1204575,0.14146750000000002,0.1652,316.14117799999997
23,21,4,LE07_012031_20060726,0.07101249999999998,0.08784249999999999,0.09669749999999999,0.11314249999999998,318.64658666
25,22,3,LE07_012031_20060726,0.1014275,0.11581000000000002,0.13340999999999997,0.156565,316.64704496
26,22,4,LE07_012031_20060726,0.0775575,0.09719250000000001,0.10898999999999998,0.13055,319.14561758
27,22,5,LE07_012031_20060726,0.07538499999999998,0.09249000000000002,0.10692750000000001,0.126205,319.63781245999996
28,23,3,LE07_012031_20060726,0.08410250000000002,0.09953000000000001,0.10898999999999998,0.12186000000000002,317.1494939
29,23,4,LE07_012031_20060726,0.08842,0.1111625,0.12119999999999997,0.15224749999999998,319.63781245999996
30,23,5,LE07_012031_20060726,0.090565,0.108825,0.12527,0.15224749999999998,320.62220221999996
32,24,4,LE07_012031_20060726,0.06884000000000001,0.08784249999999999,0.09053749999999999,0.10876999999999998,321.11097908
33,24,5,LE07_012031_20060726,0.08842,0.09953000000000001,0.10692750000000001,0.126205,322.57047362000003
34,24,6,LE07_012031_20060726,0.090565,0.108825,0.12119999999999997,0.126205,323.53435526
35,25,5,LE07_012031_20060726,0.07101249999999998,0.0761,0.0782175,0.091335,324.41620442
36,25,6,LE07_012031_20060726,0.09276499999999999,0.1018675,0.10486499999999999,0.10876999999999998,325.85177282
37,25,7,LE07_012031_20060726,0.09920000000000001,0.11347249999999998,0.127305,0.1435575,325.37325002
38,26,6,LE07_012031_20060726,0.0775575,0.08313999999999999,0.08030749999999998,0.091335,323.9342636
39,26,7,LE07_012031_20060726,0.09491,0.10415000000000002,0.10898999999999998,0.11314249999999998,323.9342636
40,27,7,LE07_012031_20060726,0.073185,0.08077499999999999,0.08237,0.09130749999999999,321.99282824
41,27,8,LE07_012031_20060726,0.09920000000000001,0.1111625,0.11306,0.12186000000000002,321.51772345999996
42,28,8,LE07_012031_20060726,0.07538499999999998,0.0784375,0.08850249999999998,0.09130749999999999,319.07042114
1,13,0,LE07_012031_20060912,0.0388375,0.0473625,0.045410000000000006,0.05151499999999998,300.53449867999996
2,14,0,LE07_012031_20060912,0.0388375,0.0473625,0.04749999999999999,0.05151499999999998,302.12045996
3,14,1,LE07_012031_20060912,0.05170750000000002,0.06367,0.06617250000000002,0.07326749999999999,303.36461924
4,15,0,LE07_012031_20060912,0.058087500000000014,0.06829000000000002,0.07445000000000002,0.07758500000000002,304.59852446
5,15,1,LE07_012031_20060912,0.04956250000000001,0.05899500000000002,0.06202000000000002,0.06457750000000001,305.21035004
6,16,0,LE07_012031_20060912,0.08151750000000002,0.09837499999999999,0.10744999999999999,0.12097999999999998,306.72795092
7,16,1,LE07_012031_20060912,0.07513750000000002,0.09147250000000001,0.1116025,0.1296425,306.12296138
8,16,2,LE07_012031_20060912,0.06663999999999998,0.08454250000000002,0.097165,0.11231750000000001,304.78309753999997
10,17,1,LE07_012031_20060912,0.07087500000000002,0.08454250000000002,0.09510249999999998,0.11663499999999999,306.12296138
11,17,2,LE07_012031_20060912,0.05597000000000002,0.07062750000000001,0.078575,0.09061999999999998,302.31186908
12,18,1,LE07_012031_20060912,0.062377499999999975,0.07758500000000002,0.0868525,0.09499249999999998,305.21035004
13,18,2,LE07_012031_20060912,0.05170750000000002,0.06133250000000001,0.06411,0.0689225,301.3753316
14,18,3,LE07_012031_20060912,0.019449999999999995,0.028662500000000007,0.026682499999999998,0.034107499999999985,299.15703662
15,19,1,LE07_012031_20060912,0.07301999999999997,0.09375499999999998,0.09922750000000002,0.13396000000000002,301.80600212
16,19,2,LE07_012031_20060912,0.09843000000000002,0.13060500000000003,0.13418000000000002,0.15557500000000002,300.54817076
17,19,3,LE07_012031_20060912,0.07511000000000001,0.09837499999999999,0.10335250000000001,0.10797250000000003,300.74641592
18,20,2,LE07_012031_20060912,0.08995999999999998,0.10761500000000002,0.1116025,0.12097999999999998,298.95195542
19,20,3,LE07_012031_20060912,0.08784249999999999,0.11220750000000002,0.125985,0.14262249999999999,300.42854006
20,20,4,LE07_012031_20060912,0.058087500000000014,0.07524750000000002,0.0868525,0.09499249999999998,302.00082926
21,21,2,LE07_012031_20060912,0.05170750000000002,0.05434749999999999,0.057867500000000016,0.07326749999999999,296.8977254
22,21,3,LE07_012031_20060912,0.06875749999999997,0.08454250000000002,0.08891500000000002,0.09931000000000001,299.20830692
23,21,4,LE07_012031_20060912,0.04530000000000001,0.05434749999999999,0.06617250000000002,0.07326749999999999,300.79085018
25,22,3,LE07_012031_20060912,0.09631250000000002,0.11911,0.11982500000000001,0.13396000000000002,299.20830692
26,22,4,LE07_012031_20060912,0.06452249999999998,0.07758500000000002,0.0827,0.09061999999999998,302.0418455
27,22,5,LE07_012031_20060912,0.06020500000000001,0.07062750000000001,0.0744225,0.09499249999999998,302.97154694
28,23,3,LE07_012031_20060912,0.062377499999999975,0.07062750000000001,0.07651249999999998,0.08195750000000002,301.10530802
29,23,4,LE07_012031_20060912,0.07299250000000002,0.09147250000000001,0.10538750000000002,0.12097999999999998,304.19861612
30,23,5,LE07_012031_20060912,0.09205000000000002,0.10761500000000002,0.11570000000000003,0.14262249999999999,305.11464548000004
32,24,4,LE07_012031_20060912,0.05597000000000002,0.06595250000000002,0.07651249999999998,0.0863025,303.27916874
33,24,5,LE07_012031_20060912,0.07511000000000001,0.08682499999999999,0.09304000000000001,0.10797250000000003,304.81044169999996
34,24,6,LE07_012031_20060912,0.08149,0.09147250000000001,0.09510249999999998,0.103655,305.11464548000004
35,25,5,LE07_012031_20060912,0.05382500000000001,0.05434749999999999,0.057867500000000016,0.06020500000000001,305.51113580000003
36,25,6,LE07_012031_20060912,0.06449500000000002,0.07062750000000001,0.0744225,0.08195750000000002,305.81533958
37,25,7,LE07_012031_20060912,0.09631250000000002,0.10761500000000002,0.10744999999999999,0.11231750000000001,305.51113580000003
38,26,6,LE07_012031_20060912,0.0474175,0.05899500000000002,0.05992999999999998,0.06457750000000001,305.203514
39,26,7,LE07_012031_20060912,0.07937250000000001,0.08220499999999997,0.09304000000000001,0.09061999999999998,305.51113580000003
40,27,7,LE07_012031_20060912,0.051680000000000004,0.06133250000000001,0.06411,0.06457750000000001,304.28406662
41,27,8,LE07_012031_20060912,0.085725,0.08913500000000002,0.08476250000000002,0.0863025,303.3748733
42,28,8,LE07_012031_20060912,0.055942500000000006,0.06364249999999999,0.06202000000000002,0.06457750000000001,301.3411514
4,15,0,LE07_012031_20060928,0.07024249999999999,0.07725500000000002,0.0717275,0.07665,301.69320746
5,15,1,LE07_012031_20060928,0.0598475,0.06597999999999998,0.0692525,0.07323999999999997,303.12193981999997
6,16,0,LE07_012031_20060928,0.07544000000000001,0.08842,0.10123500000000002,0.11737750000000002,304.18152602
7,16,1,LE07_012031_20060928,0.08836500000000003,0.09119749999999999,0.11099750000000003,0.12417,303.82946996
8,16,2,LE07_012031_20060928,0.0650175,0.07436749999999998,0.08154499999999998,0.09361750000000002,302.65025305999995
10,17,1,LE07_012031_20060928,0.07279999999999998,0.085615,0.10362749999999998,0.12417,303.4774139
11,17,2,LE07_012031_20060928,0.06498999999999999,0.07436749999999998,0.08644000000000002,0.09702749999999999,301.5804128
12,18,1,LE07_012031_20060928,0.06496249999999998,0.06873000000000001,0.07414749999999998,0.0800325,301.33431536
13,18,2,LE07_012031_20060928,0.054485000000000006,0.0630925,0.06427499999999997,0.07659500000000002,299.4099701
14,18,3,LE07_012031_20060928,0.046619999999999995,0.046125,0.041972499999999996,0.045905,297.94363952000003
15,19,1,LE07_012031_20060928,0.07794250000000003,0.09675250000000002,0.0962575,0.1309075,299.15703662
16,19,2,LE07_012031_20060928,0.103765,0.12455500000000003,0.13052249999999999,0.14782,298.42216232
17,19,3,LE07_012031_20060928,0.07271749999999999,0.07995000000000002,0.0864125,0.09361750000000002,298.67851382000003
18,20,2,LE07_012031_20060928,0.0960375,0.10788999999999999,0.11831249999999999,0.1410825,297.68386999999996
19,20,3,LE07_012031_20060928,0.08567000000000002,0.09394750000000002,0.10852250000000002,0.11735000000000001,299.4099701
20,20,4,LE07_012031_20060928,0.06485249999999998,0.085505,0.09378249999999999,0.10041,302.29477898
21,21,2,LE07_012031_20060928,0.06488,0.0715075,0.0691425,0.08341500000000002,296.46021884000004
22,21,3,LE07_012031_20060928,0.07266250000000002,0.0827,0.08638499999999999,0.09699999999999998,298.42558034
23,21,4,LE07_012031_20060928,0.05696000000000001,0.06581500000000001,0.0716175,0.08000499999999999,300.24396698
25,22,3,LE07_012031_20060928,0.08041749999999998,0.09666999999999998,0.09870499999999999,0.11735000000000001,297.69070604
26,22,4,LE07_012031_20060928,0.07260749999999999,0.08267249999999998,0.08886,0.10379250000000001,299.15703662
27,22,5,LE07_012031_20060928,0.06996750000000002,0.07986749999999998,0.08883249999999998,0.10041,300.24396698
28,23,3,LE07_012031_20060928,0.07260749999999999,0.07706249999999998,0.07651249999999998,0.08679749999999997,298.79130848
29,23,4,LE07_012031_20060928,0.08300249999999998,0.09666999999999998,0.10604750000000002,0.12417,300.96175117999996
30,23,5,LE07_012031_20060928,0.09331499999999998,0.10222500000000001,0.11338999999999999,0.1410825,302.7425396
32,24,4,LE07_012031_20060928,0.062102500000000005,0.0713975,0.07648500000000003,0.08677000000000001,303.45006974
33,24,5,LE07_012031_20060928,0.07774999999999999,0.08261750000000001,0.08635749999999998,0.10717500000000002,304.84803992
34,24,6,LE07_012031_20060928,0.09328750000000002,0.09383750000000002,0.09617500000000001,0.10717500000000002,303.8021258
35,25,5,LE07_012031_20060928,0.0568225,0.060067499999999996,0.066585,0.07312999999999997,304.53016406
36,25,6,LE07_012031_20060928,0.08030749999999998,0.08542250000000001,0.08880500000000002,0.09356249999999999,304.53016406
37,25,7,LE07_012031_20060928,0.08806249999999999,0.096615,0.09617500000000001,0.09015250000000002,303.82605193999996
38,26,6,LE07_012031_20060928,0.06466,0.0656775,0.06411,0.06969249999999999,304.178108
39,26,7,LE07_012031_20060928,0.0802525,0.08256249999999998,0.08140750000000002,0.08335999999999999,302.76304772000003
40,27,7,LE07_012031_20060928,0.05937999999999999,0.06284499999999998,0.06652999999999998,0.06628250000000002,302.40757364
41,27,8,LE07_012031_20060928,0.08022499999999999,0.07975749999999998,0.078905,0.08333249999999998,302.06235361999995
42,28,8,LE07_012031_20060928,0.06193749999999998,0.0599575,0.061580000000000024,0.06625500000000001,300.17218856
1,13,0,LE07_012031_20061014,0.029927499999999996,0.031137499999999985,0.03298000000000001,0.04078999999999999,290.50260998
2,14,0,LE07_012031_20061014,0.04013,0.03394249999999999,0.030505000000000004,0.03740750000000001,292.80293744
3,14,1,LE07_012031_20061014,0.04268749999999999,0.045162499999999994,0.04538249999999999,0.047554999999999986,294.43675099999996
4,15,0,LE07_012031_20061014,0.04783000000000001,0.045162499999999994,0.045410000000000006,0.050937500000000024,295.40746867999997
5,15,1,LE07_012031_20061014,0.04524500000000001,0.050744999999999985,0.05530999999999997,0.05431999999999998,296.3679323
6,16,0,LE07_012031_20061014,0.0655675,0.08138000000000001,0.08248,0.09482750000000001,297.63943574
7,16,1,LE07_012031_20061014,0.06809749999999998,0.07860250000000002,0.09477249999999998,0.11168499999999998,297.63943574
8,16,2,LE07_012031_20061014,0.060535000000000005,0.07029750000000001,0.07016,0.0813525,296.25171962
10,17,1,LE07_012031_20061014,0.0655675,0.08138000000000001,0.0923525,0.10497499999999998,297.32155988
11,17,2,LE07_012031_20061014,0.05544749999999998,0.06471500000000002,0.07016,0.08470749999999999,295.291256
12,18,1,LE07_012031_20061014,0.060535000000000005,0.06193749999999998,0.06025999999999998,0.06446750000000001,296.05005644
13,18,2,LE07_012031_20061014,0.055475,0.06193749999999998,0.05781249999999999,0.06446750000000001,293.99924444
14,18,3,LE07_012031_20061014,0.027480000000000004,0.031219999999999998,0.025609999999999994,0.030670000000000003,290.46159374
15,19,1,LE07_012031_20061014,0.073185,0.0841575,0.0898775,0.11506749999999999,293.7873272
16,19,2,LE07_012031_20061014,0.06812499999999999,0.09249000000000002,0.0898775,0.11168499999999998,292.14325958
17,19,3,LE07_012031_20061014,0.04024,0.0535775,0.050387499999999974,0.057730000000000004,290.70085514
18,20,2,LE07_012031_20061014,0.08825499999999997,0.10360000000000003,0.10709249999999998,0.12516,290.47526582
19,20,3,LE07_012031_20061014,0.0782175,0.0952675,0.10464499999999999,0.10497499999999998,290.03092322
20,20,4,LE07_012031_20061014,0.04788500000000001,0.0535775,0.06025999999999998,0.06785000000000002,291.0358211
21,21,2,LE07_012031_20061014,0.07568750000000002,0.08140750000000002,0.08250750000000001,0.10159249999999997,289.69253924
22,21,3,LE07_012031_20061014,0.09832000000000002,0.11185,0.11696499999999999,0.12177749999999998,290.44792166
23,21,4,LE07_012031_20061014,0.045355000000000006,0.0535775,0.05288999999999999,0.061112500000000014,292.10566136
25,22,3,LE07_012031_20061014,0.09832000000000002,0.10360000000000003,0.09975,0.11506749999999999,291.4459835
26,22,4,LE07_012031_20061014,0.05297249999999998,0.06474249999999998,0.06025999999999998,0.07458749999999997,293.73947492
27,22,5,LE07_012031_20061014,0.04538249999999999,0.0563825,0.060287499999999994,0.07125999999999999,294.70677458
28,23,3,LE07_012031_20061014,0.05297249999999998,0.053605000000000014,0.050387499999999974,0.061112500000000014,292.43379128000004
29,23,4,LE07_012031_20061014,0.07824500000000001,0.09251749999999997,0.09975,0.10830250000000002,295.98853208
30,23,5,LE07_012031_20061014,0.0832775,0.10637750000000001,0.11696499999999999,0.138635,296.6242838
32,24,4,LE07_012031_20061014,0.05041499999999999,0.059187500000000004,0.0627625,0.07125999999999999,296.94215966
33,24,5,LE07_012031_20061014,0.07321250000000001,0.08140750000000002,0.08250750000000001,0.10159249999999997,297.88553318000004
34,24,6,LE07_012031_20061014,0.07824500000000001,0.0869625,0.0800325,0.09482750000000001,296.94215966
35,25,5,LE07_012031_20061014,0.0504425,0.05080000000000001,0.05288999999999999,0.057730000000000004,298.2649334
36,25,6,LE07_012031_20061014,0.05806,0.06196499999999999,0.05784,0.057730000000000004,297.95047556
37,25,7,LE07_012031_20061014,0.07824500000000001,0.08699000000000001,0.084955,0.08138000000000001,296.0432204
38,26,6,LE07_012031_20061014,0.042825,0.050827500000000025,0.0479125,0.047609999999999986,297.000266
39,26,7,LE07_012031_20061014,0.07323999999999997,0.07032499999999997,0.07511000000000001,0.06787749999999998,295.72534454000004
40,27,7,LE07_012031_20061014,0.04794000000000001,0.04524500000000001,0.05041499999999999,0.0442275,295.07933876
41,27,8,LE07_012031_20061014,0.07071,0.07865749999999999,0.072635,0.07125999999999999,294.12229316
42,28,8,LE07_012031_20061014,0.05299999999999999,0.056410000000000016,0.055337499999999984,0.05434749999999999,293.3429846
5,15,1,LE07_012031_20061030,0.05275249999999998,0.05091000000000001,0.04664750000000001,0.052092499999999986,289.53872834000003
6,16,0,LE07_012031_20061030,0.061360000000000026,0.06674999999999998,0.07180999999999998,0.08267249999999998,291.58612231999996
7,16,1,LE07_012031_20061030,0.06422,0.073075,0.08575250000000001,0.097935,291.58612231999996
8,16,2,LE07_012031_20061030,0.05275249999999998,0.06672250000000002,0.06900499999999998,0.07884999999999998,290.11637371999996
10,17,1,LE07_012031_20061030,0.05847249999999998,0.06674999999999998,0.07180999999999998,0.07884999999999998,292.26289027999997
11,17,2,LE07_012031_20061030,0.05275249999999998,0.05723499999999998,0.05784,0.06738250000000001,290.11637371999996
12,18,1,LE07_012031_20061030,0.06707999999999997,0.06991249999999999,0.07461499999999999,0.07502750000000002,289.88053034
13,18,2,LE07_012031_20061030,0.06707999999999997,0.06672250000000002,0.07180999999999998,0.07502750000000002,288.04163558
14,18,3,LE07_012031_20061030,0.035454999999999987,0.031852500000000006,0.024207499999999993,0.02912999999999999,286.2847733
15,19,1,LE07_012031_20061030,0.06707999999999997,0.07618249999999999,0.07739249999999998,0.12463750000000001,287.80237418
16,19,2,LE07_012031_20061030,0.0955975,0.1045625,0.10525000000000001,0.11702000000000001,286.74620600000003
17,19,3,LE07_012031_20061030,0.04983750000000001,0.0508825,0.05784,0.052092499999999986,285.92929921999996
18,20,2,LE07_012031_20061030,0.08138000000000001,0.08250750000000001,0.08017000000000002,0.09028999999999998,286.39073192
19,20,3,LE07_012031_20061030,0.05272500000000002,0.05407250000000002,0.05784,0.0597375,286.64024738
20,20,4,LE07_012031_20061030,0.04983750000000001,0.05723499999999998,0.055035,0.0597375,287.34094147999997
21,21,2,LE07_012031_20061030,0.04986499999999999,0.047719999999999985,0.04664750000000001,0.052092499999999986,285.92929921999996
23,21,4,LE07_012031_20061030,0.0383425,0.044529999999999986,0.043842500000000006,0.04827000000000001,287.4469001
26,22,4,LE07_012031_20061030,0.04983750000000001,0.06039749999999999,0.06061749999999999,0.06738250000000001,288.14075816
27,22,5,LE07_012031_20061030,0.04983750000000001,0.05404500000000001,0.055035,0.06356,288.4893962
28,23,3,LE07_012031_20061030,0.04983750000000001,0.0413675,0.0382325,0.0444475,286.74620600000003
29,23,4,LE07_012031_20061030,0.07277250000000002,0.08564250000000001,0.08853,0.097935,289.52163824
30,23,5,LE07_012031_20061030,0.08418500000000001,0.10139999999999999,0.10805500000000001,0.12463750000000001,289.86344024
32,24,4,LE07_012031_20061030,0.046977500000000005,0.05404500000000001,0.05784,0.06356,290.88542822
33,24,5,LE07_012031_20061030,0.06991249999999999,0.06672250000000002,0.07739249999999998,0.09028999999999998,291.55877816
34,24,6,LE07_012031_20061030,0.08418500000000001,0.08564250000000001,0.08853,0.08646749999999997,290.88542822
35,25,5,LE07_012031_20061030,0.046977500000000005,0.044529999999999986,0.049425,0.052092499999999986,291.24432032
36,25,6,LE07_012031_20061030,0.06705250000000001,0.06356,0.06619999999999998,0.06356,290.90251832
37,25,7,LE07_012031_20061030,0.0841575,0.07931749999999999,0.08294750000000001,0.07502750000000002,289.87711232000004
38,26,6,LE07_012031_20061030,0.04980999999999999,0.0508825,0.05223,0.052092499999999986,289.87711232000004
39,26,7,LE07_012031_20061030,0.06705250000000001,0.066695,0.06619999999999998,0.06356,289.18667228000004
40,27,7,LE07_012031_20061030,0.04694999999999999,0.050854999999999984,0.049425,0.04441999999999999,288.49623224
41,27,8,LE07_012031_20061030,0.05269750000000001,0.06353249999999999,0.06061749999999999,0.05588749999999998,287.46057218
42,28,8,LE07_012031_20061030,0.04403499999999999,0.0445025,0.04100999999999999,0.048242499999999994,287.37853970000003
1,13,0,LE07_012031_20070219,0.10687249999999998,0.10233500000000001,0.10019,0.08184750000000002,264.3239948
13,18,2,LE07_012031_20070219,0.09790749999999998,0.0957075,0.10019,0.10087750000000001,265.12039346
14,18,3,LE07_012031_20070219,0.06493500000000002,0.04571249999999999,0.03625249999999999,0.039855,265.12039346
17,19,3,LE07_012031_20070219,0.09493750000000001,0.09238000000000002,0.08281,0.07423000000000002,264.72390314
21,21,2,LE07_012031_20070219,0.10090500000000002,0.0957075,0.09438750000000001,0.10087750000000001,263.92066844
27,22,5,LE07_012031_20070219,0.07697999999999999,0.07577,0.08281,0.10470000000000002,265.12039346
2,14,0,LE07_012031_20070307,0.03053249999999999,0.032952499999999996,0.033585000000000004,0.03187999999999999,270.26451356
3,14,1,LE07_012031_20070307,0.03339249999999999,0.03925000000000001,0.0416975,0.04607,272.51357071999996
4,15,0,LE07_012031_20070307,0.04486000000000001,0.054842500000000016,0.05519999999999997,0.06023250000000002,274.01749952
6,16,0,LE07_012031_20070307,0.07893250000000002,0.10442499999999999,0.1301925,0.1447675,276.22895846
7,16,1,LE07_012031_20070307,0.0902075,0.1473525,0.2015825,0.24924000000000002,275.49750217999997
8,16,2,LE07_012031_20070307,0.08176499999999998,0.1074775,0.13552750000000002,0.158765,274.2875231
10,17,1,LE07_012031_20070307,0.08459749999999999,0.1197975,0.1408625,0.1517525,276.5946866
11,17,2,LE07_012031_20070307,0.05910500000000002,0.07973000000000002,0.10087750000000001,0.10610249999999999,274.2875231
12,18,1,LE07_012031_20070307,0.050580000000000014,0.051734999999999975,0.06058999999999998,0.06729999999999997,274.3900637
13,18,2,LE07_012031_20070307,0.03914000000000001,0.04235749999999999,0.039002499999999996,0.04607,272.41444814
14,18,3,LE07_012031_20070307,0.019037499999999985,0.0204125,0.017359999999999987,0.021210000000000007,268.74007664
15,19,1,LE07_012031_20070307,0.073295,0.08278249999999998,0.09551500000000002,0.10965000000000003,271.75477028
16,19,2,LE07_012031_20070307,0.08176499999999998,0.09207749999999998,0.09551500000000002,0.10260999999999998,270.9891338
17,19,3,LE07_012031_20070307,0.050580000000000014,0.061085,0.0633125,0.06729999999999997,270.1175387
19,20,3,LE07_012031_20070307,0.06760250000000001,0.08589000000000002,0.08745750000000002,0.10610249999999999,270.89001122
20,20,4,LE07_012031_20070307,0.047719999999999985,0.061085,0.07676,0.07436749999999998,272.79384835999997
23,21,4,LE07_012031_20070307,0.03053249999999999,0.03611500000000001,0.04711499999999999,0.049589999999999995,273.3133874
25,22,3,LE07_012031_20070307,0.07049,0.07665,0.08212249999999999,0.09205000000000002,269.89194938
27,22,5,LE07_012031_20070307,0.047719999999999985,0.061085,0.0687025,0.084955,274.05851576
29,23,4,LE07_012031_20070307,0.07618249999999999,0.09210499999999999,0.10087750000000001,0.12020999999999998,274.05851576
30,23,5,LE07_012031_20070307,0.08745750000000002,0.09832000000000002,0.11157499999999998,0.13077,274.42766192
32,24,4,LE07_012031_20070307,0.0477475,0.057977500000000015,0.0687025,0.07436749999999998,275.16253622
33,24,5,LE07_012031_20070307,0.07332250000000001,0.073515,0.0740925,0.08498250000000002,275.52826436
34,24,6,LE07_012031_20070307,0.07618249999999999,0.073515,0.07678750000000001,0.07791500000000001,274.05851576
35,25,5,LE07_012031_20070307,0.05060749999999997,0.05489749999999999,0.05795,0.06729999999999997,276.22554044000003
36,25,6,LE07_012031_20070307,0.061992500000000006,0.06424750000000001,0.06603500000000001,0.06729999999999997,275.124938
37,25,7,LE07_012031_20070307,0.061992500000000006,0.06732749999999998,0.0687025,0.0567125,273.64151732
42,28,8,LE07_012031_20070307,0.05060749999999997,0.05176249999999999,0.052559999999999996,0.0567125,272.49989863999997
40,27,7,LE07_012031_20070323,0.055530000000000024,0.0592975,0.06727250000000001,0.06169000000000002,298.11454052
41,27,8,LE07_012031_20070323,0.08278249999999998,0.08715499999999998,0.08390999999999998,0.07940000000000003,297.48220682
42,28,8,LE07_012031_20070323,0.055530000000000024,0.05696000000000001,0.05893999999999999,0.06169000000000002,296.04663842
1,13,0,LE07_012031_20070424,0.09331499999999998,0.09196749999999998,0.1003,0.1045625,304.42078742
2,14,0,LE07_012031_20070424,0.12197000000000002,0.13181500000000002,0.13789249999999997,0.1466925,305.0838833
3,14,1,LE07_012031_20070424,0.09510249999999998,0.103985,0.10566249999999999,0.10841250000000002,307.72259474
4,15,0,LE07_012031_20070424,0.1486175,0.157555,0.1700125,0.18103999999999998,307.0663349
5,15,1,LE07_012031_20070424,0.10585499999999998,0.127855,0.14506999999999998,0.16198250000000003,308.69673044
6,16,0,LE07_012031_20070424,0.1486175,0.17531999999999998,0.19135249999999998,0.223005,308.69673044
7,16,1,LE07_012031_20070424,0.1503775,0.20086749999999998,0.242695,0.2686,309.01802432
8,16,2,LE07_012031_20070424,0.12197000000000002,0.16544750000000003,0.19313999999999998,0.2039475,307.59954602
10,17,1,LE07_012031_20070424,0.12373,0.1595625,0.20554250000000002,0.230595,309.01802432
11,17,2,LE07_012031_20070424,0.10049249999999998,0.121915,0.14146750000000002,0.15816000000000002,305.29580053999996
12,18,1,LE07_012031_20070424,0.09870499999999999,0.11196,0.1164425,0.1199075,308.69673044
13,18,2,LE07_012031_20070424,0.08613749999999998,0.09600999999999998,0.10211500000000001,0.10841250000000002,304.9642526
14,18,3,LE07_012031_20070424,0.06444,0.06394499999999997,0.06433,0.062350000000000017,303.96277274
15,19,1,LE07_012031_20070424,0.10945749999999999,0.12389499999999998,0.13252999999999998,0.15816000000000002,305.0838833
16,19,2,LE07_012031_20070424,0.13440000000000002,0.1595625,0.168225,0.17724499999999999,304.41395137999996
17,19,3,LE07_012031_20070424,0.10585499999999998,0.121915,0.14325500000000002,0.13137500000000002,304.63270466
18,20,2,LE07_012031_20070424,0.1397625,0.1516425,0.1557675,0.18103999999999998,303.40563548
19,20,3,LE07_012031_20070424,0.11839499999999997,0.13577499999999998,0.1557675,0.1466925,303.96277274
20,20,4,LE07_012031_20070424,0.08971249999999997,0.10797250000000003,0.11286750000000001,0.12373,305.29580053999996
21,21,2,LE07_012031_20070424,0.09688999999999998,0.103985,0.1110525,0.12373,302.61607286000003
22,21,3,LE07_012031_20070424,0.10945749999999999,0.121915,0.13077,0.13137500000000002,304.02771512
23,21,4,LE07_012031_20070424,0.09152749999999998,0.09999750000000002,0.109265,0.10841250000000002,305.68545482
25,22,3,LE07_012031_20070424,0.10766999999999999,0.127855,0.12538,0.13519750000000003,305.02577696000003
26,22,4,LE07_012031_20070424,0.09512999999999999,0.09799000000000002,0.11286750000000001,0.12373,306.66984458
27,22,5,LE07_012031_20070424,0.08613749999999998,0.09600999999999998,0.10211500000000001,0.1199075,307.64739829999996
28,23,3,LE07_012031_20070424,0.12018250000000003,0.139735,0.134345,0.15431,306.01358474
29,23,4,LE07_012031_20070424,0.09870499999999999,0.10797250000000003,0.12538,0.1313475,307.9721102
30,23,5,LE07_012031_20070424,0.09331499999999998,0.10596499999999998,0.10569,0.1275525,308.93940985999996
32,24,4,LE07_012031_20070424,0.09152749999999998,0.09400249999999999,0.10211500000000001,0.1045625,309.26070374
33,24,5,LE07_012031_20070424,0.09512999999999999,0.10596499999999998,0.10390250000000001,0.11605749999999998,309.89987348
34,24,6,LE07_012031_20070424,0.11481999999999998,0.12389499999999998,0.13074249999999998,0.1275525,309.26070374
35,25,5,LE07_012031_20070424,0.09688999999999998,0.103985,0.10211500000000001,0.11223499999999997,309.65719406
36,25,6,LE07_012031_20070424,0.12373,0.1199075,0.1289825,0.1275525,309.65719406
37,25,7,LE07_012031_20070424,0.1290925,0.14369500000000002,0.1575275,0.1504875,309.97848794000004
38,26,6,LE07_012031_20070424,0.10766999999999999,0.1019775,0.109265,0.10841250000000002,309.01118828
39,26,7,LE07_012031_20070424,0.11481999999999998,0.12587500000000001,0.12538,0.1199075,309.33590018
40,27,7,LE07_012031_20070424,0.08792499999999998,0.091995,0.0985125,0.09691749999999999,307.38762878
41,27,8,LE07_012031_20070424,0.11124499999999998,0.1199075,0.1164425,0.11223499999999997,306.08536316
42,28,8,LE07_012031_20070424,0.0771175,0.091995,0.08597250000000001,0.09691749999999999,304.95058052
1,13,0,LE07_012031_20070510,0.09821000000000002,0.11075000000000002,0.11336249999999998,0.13517,294.54954566000004
2,14,0,LE07_012031_20070510,0.09620250000000002,0.11075000000000002,0.10764249999999997,0.13517,297.34548602
3,14,1,LE07_012031_20070510,0.10019,0.11512250000000002,0.12296000000000001,0.13923999999999997,297.34548602
4,15,0,LE07_012031_20070510,0.10816500000000001,0.12590249999999997,0.12868000000000002,0.15133999999999997,298.57939124
5,15,1,LE07_012031_20070510,0.11209750000000002,0.12590249999999997,0.13440000000000002,0.15541,298.16922883999996
6,16,0,LE07_012031_20070510,0.12989,0.1517525,0.174275,0.1916275,299.39629802
7,16,1,LE07_012031_20070510,0.1455925,0.1901425,0.21563500000000002,0.25553750000000003,297.75906643999997
8,16,2,LE07_012031_20070510,0.13187,0.16674,0.17991249999999998,0.21563500000000002,295.99536811999997
10,17,1,LE07_012031_20070510,0.127965,0.1517525,0.16288999999999998,0.19960250000000002,297.34548602
11,17,2,LE07_012031_20070510,0.11413250000000003,0.13022,0.14394250000000003,0.16745500000000002,294.73411874
12,18,1,LE07_012031_20070510,0.11614000000000002,0.13241999999999998,0.13629750000000002,0.15538249999999998,295.26049381999997
13,18,2,LE07_012031_20070510,0.10621249999999999,0.11729499999999998,0.12298750000000003,0.14328249999999998,293.88644978
14,18,3,LE07_012031_20070510,0.09427750000000001,0.10646,0.1114925,0.1311275,293.03536280000003
15,19,1,LE07_012031_20070510,0.12400499999999998,0.14314500000000002,0.15153250000000001,0.1795275,293.56515590000004
16,19,2,LE07_012031_20070510,0.14952500000000002,0.164595,0.17991249999999998,0.19960250000000002,293.1379034
17,19,3,LE07_012031_20070510,0.12400499999999998,0.14749,0.15153250000000001,0.1795275,293.46261530000004
18,20,2,LE07_012031_20070510,0.14171499999999998,0.14749,0.1704525,0.1795275,292.27656235999996
19,20,3,LE07_012031_20070510,0.1279925,0.15816000000000002,0.157225,0.19157249999999998,293.88644978
20,20,4,LE07_012031_20070510,0.12009999999999998,0.13024750000000002,0.14201750000000002,0.15538249999999998,294.73411874
21,21,2,LE07_012031_20070510,0.11415999999999998,0.12378499999999998,0.12870749999999997,0.14729750000000003,291.3092627
22,21,3,LE07_012031_20070510,0.12601250000000003,0.14963500000000002,0.14963500000000002,0.1795275,292.80293744
23,21,4,LE07_012031_20070510,0.11812,0.1281025,0.13632499999999997,0.15538249999999998,294.0778589
25,22,3,LE07_012031_20070510,0.13781,0.1517525,0.159095,0.18351499999999998,292.80293744
26,22,4,LE07_012031_20070510,0.12210749999999998,0.1367375,0.14584000000000003,0.17149750000000002,294.0778589
27,22,5,LE07_012031_20070510,0.1201275,0.1345925,0.13822250000000003,0.17149750000000002,294.0778589
28,23,3,LE07_012031_20070510,0.11619499999999999,0.1281025,0.13250250000000002,0.15131250000000002,292.37568494
29,23,4,LE07_012031_20070510,0.12210749999999998,0.14102750000000003,0.14584000000000003,0.17149750000000002,294.49827536
30,23,5,LE07_012031_20070510,0.12603999999999999,0.14102750000000003,0.14773750000000002,0.1795,294.91869182
32,24,4,LE07_012031_20070510,0.11421500000000001,0.1259575,0.12870749999999997,0.14729750000000003,294.91869182
33,24,5,LE07_012031_20070510,0.1299725,0.13888250000000002,0.14394250000000003,0.16341250000000002,295.33910828
34,24,6,LE07_012031_20070510,0.13585750000000002,0.14317249999999998,0.15153250000000001,0.1674275,295.33910828
35,25,5,LE07_012031_20070510,0.11223499999999997,0.12381249999999999,0.12870749999999997,0.14325500000000002,296.0944907
36,25,6,LE07_012031_20070510,0.12408750000000002,0.1367375,0.12870749999999997,0.15538249999999998,296.51148914
37,25,7,LE07_012031_20070510,0.1417425,0.15604250000000003,0.16286250000000002,0.1795,296.92848758
38,26,6,LE07_012031_20070510,0.12015500000000001,0.12813000000000002,0.12870749999999997,0.14325500000000002,295.67407424
39,26,7,LE07_012031_20070510,0.13588499999999998,0.14317249999999998,0.14773750000000002,0.15939750000000003,296.0944907
40,27,7,LE07_012031_20070510,0.12018250000000003,0.12384,0.13252999999999998,0.14729750000000003,294.83324131999996
41,27,8,LE07_012031_20070510,0.12411499999999998,0.1453175,0.13632499999999997,0.15538249999999998,293.99924444
42,28,8,LE07_012031_20070510,0.11033749999999998,0.11954999999999999,0.11921999999999999,0.13517,292.73799506
1,13,0,LE07_012031_20070627,0.07467000000000001,0.07706249999999998,0.079345,0.10703750000000001,322.60465381999995
2,14,0,LE07_012031_20070627,0.07255250000000002,0.07931749999999999,0.08913500000000002,0.102885,324.96992366
3,14,1,LE07_012031_20070627,0.07049,0.08602749999999998,0.091115,0.10703750000000001,325.77315836
4,15,0,LE07_012031_20070627,0.07670500000000002,0.09045500000000001,0.10282999999999998,0.11121750000000002,326.96604734
5,15,1,LE07_012031_20070627,0.07670500000000002,0.097165,0.11064000000000002,0.13195250000000003,327.36253766
6,16,0,LE07_012031_20070627,0.09328750000000002,0.125985,0.14754499999999998,0.17328500000000002,328.15210028
7,16,1,LE07_012031_20070627,0.09328750000000002,0.1348125,0.1687475,0.206175,327.75560996
8,16,2,LE07_012031_20070627,0.08916249999999998,0.11715750000000003,0.1436675,0.181535,326.44309028
10,17,1,LE07_012031_20070627,0.11801,0.16767500000000002,0.22795500000000002,0.25914,327.36253766
11,17,2,LE07_012031_20070627,0.11391250000000003,0.15893000000000002,0.19369000000000003,0.2510275,325.64669161999996
12,18,1,LE07_012031_20070627,0.109815,0.14798499999999998,0.1879425,0.2143425,325.37325002
13,18,2,LE07_012031_20070627,0.12004500000000001,0.15453,0.18604500000000002,0.22250999999999999,323.63689586
14,18,3,LE07_012031_20070627,0.0995025,0.10384749999999998,0.12230000000000002,0.13195250000000003,322.42008074
15,19,1,LE07_012031_20070627,0.09328750000000002,0.11713000000000001,0.12815749999999998,0.15681250000000002,322.54312946
16,19,2,LE07_012031_20070627,0.1200175,0.145785,0.17070000000000002,0.18973,322.13296706
17,19,3,LE07_012031_20070627,0.10569,0.1193575,0.1378375,0.15266000000000002,322.82682511999997
18,20,2,LE07_012031_20070627,0.12208000000000002,0.1259575,0.16107500000000002,0.16091,320.07531902
19,20,3,LE07_012031_20070627,0.09534999999999999,0.13038499999999997,0.1378375,0.17331249999999998,323.2335695
20,20,4,LE07_012031_20070627,0.08083000000000001,0.09491,0.11454500000000001,0.12782749999999998,325.24678328
21,21,2,LE07_012031_20070627,0.08083000000000001,0.0926825,0.1047825,0.10703750000000001,318.704693
22,21,3,LE07_012031_20070627,0.09326000000000001,0.1193575,0.12425249999999999,0.15681250000000002,321.7296407
23,21,4,LE07_012031_20070627,0.08083000000000001,0.0926825,0.10673500000000002,0.12364750000000002,323.75652656
25,22,3,LE07_012031_20070627,0.09947499999999998,0.121585,0.13398749999999998,0.169215,321.32289632
26,22,4,LE07_012031_20070627,0.0870725,0.10159249999999997,0.12040250000000002,0.140285,322.54312946
27,22,5,LE07_012031_20070627,0.07667750000000001,0.10382000000000002,0.1145175,0.14440999999999998,323.75652656
28,23,3,LE07_012031_20070627,0.0891075,0.10382000000000002,0.1106125,0.13610499999999998,322.13638507999997
29,23,4,LE07_012031_20070627,0.09326000000000001,0.1082475,0.12425249999999999,0.15266000000000002,323.75652656
30,23,5,LE07_012031_20070627,0.0891075,0.11270249999999998,0.126205,0.1609375,325.75606826
32,24,4,LE07_012031_20070627,0.07043500000000003,0.08374500000000001,0.09691749999999999,0.11534250000000001,325.75606826
33,24,5,LE07_012031_20070627,0.09119749999999999,0.09936499999999998,0.10673500000000002,0.13195250000000003,327.3351935
34,24,6,LE07_012031_20070627,0.09534999999999999,0.11713000000000001,0.12230000000000002,0.13610499999999998,327.72826580000003
35,25,5,LE07_012031_20070627,0.07458749999999997,0.07926250000000001,0.08712750000000002,0.09449750000000001,328.53833654
36,25,6,LE07_012031_20070627,0.09532249999999998,0.10602,0.1106125,0.11952249999999998,328.93140884
37,25,7,LE07_012031_20070627,0.1076975,0.1259575,0.13398749999999998,0.15681250000000002,328.93140884
38,26,6,LE07_012031_20070627,0.07458749999999997,0.08374500000000001,0.0891075,0.09034500000000001,328.93140884
39,26,7,LE07_012031_20070627,0.09532249999999998,0.11267500000000003,0.11256500000000003,0.12782749999999998,328.53833654
40,27,7,LE07_012031_20070627,0.07873999999999998,0.09710999999999997,0.09691749999999999,0.11952249999999998,325.76632232
41,27,8,LE07_012031_20070627,0.11179499999999998,0.11044749999999998,0.1300825,0.12364750000000002,325.38350407999997
42,28,8,LE07_012031_20070627,0.07873999999999998,0.0837175,0.09304000000000001,0.10285749999999999,323.67791209999996
1,13,0,LE07_012031_20070729,0.0476375,0.05770249999999999,0.06504500000000002,0.09037250000000002,313.76907212000003
2,14,0,LE07_012031_20070729,0.0662275,0.06763000000000002,0.08006000000000002,0.09037250000000002,315.07817378
3,14,1,LE07_012031_20070729,0.06853749999999997,0.07505499999999998,0.0843775,0.09491,315.57036866
4,15,0,LE07_012031_20070729,0.07774999999999999,0.08242500000000003,0.10145500000000002,0.103985,315.57036866
5,15,1,LE07_012031_20070729,0.06851000000000002,0.08734750000000002,0.10360000000000003,0.12658999999999998,315.57036866
6,16,0,LE07_012031_20070729,0.09158250000000001,0.11432500000000001,0.13338250000000001,0.15805000000000002,316.54792238
7,16,1,LE07_012031_20070729,0.10296749999999999,0.15552,0.194185,0.23370249999999998,315.57036866
8,16,2,LE07_012031_20070729,0.09381,0.13621499999999997,0.18170000000000003,0.1982275,313.97415332
10,17,1,LE07_012031_20070729,0.08467999999999998,0.11432500000000001,0.15023999999999998,0.18934499999999999,315.57036866
11,17,2,LE07_012031_20070729,0.07084750000000001,0.08982249999999997,0.11212499999999997,0.1355825,313.47512240000003
12,18,1,LE07_012031_20070729,0.07546750000000002,0.0874025,0.10788999999999999,0.11306,314.58256087999996
13,18,2,LE07_012031_20070729,0.06625500000000001,0.0874025,0.09721999999999997,0.11757000000000001,312.97609148000004
14,18,3,LE07_012031_20070729,0.054649999999999976,0.05272500000000002,0.054237499999999994,0.06763000000000002,311.97461162
15,19,1,LE07_012031_20070729,0.08239750000000001,0.09721999999999997,0.10998000000000002,0.13107249999999998,312.58985522
16,19,2,LE07_012031_20070729,0.11209750000000002,0.1434475,0.15447500000000003,0.17598000000000003,312.08740628
17,19,3,LE07_012031_20070729,0.102995,0.12892750000000003,0.1460325,0.16701500000000002,312.47706056
18,20,2,LE07_012031_20070729,0.102995,0.133795,0.12914750000000003,0.15805000000000002,311.07567236
19,20,3,LE07_012031_20070729,0.1166625,0.12408750000000002,0.156565,0.16253250000000002,312.97609148000004
20,20,4,LE07_012031_20070729,0.06625500000000001,0.09721999999999997,0.09721999999999997,0.12208000000000002,314.46634819999997
21,21,2,LE07_012031_20070729,0.07084750000000001,0.09229749999999998,0.08864,0.12208000000000002,309.94430774
22,21,3,LE07_012031_20070729,0.10068500000000002,0.10701,0.13126500000000002,0.14012000000000002,312.71632195999996
23,21,4,LE07_012031_20070729,0.07084750000000001,0.09232499999999999,0.09293000000000001,0.11757000000000001,315.18755042
25,22,3,LE07_012031_20070729,0.102995,0.13376749999999998,0.15023999999999998,0.16253250000000002,312.21729103999996
26,22,4,LE07_012031_20070729,0.08239750000000001,0.1045625,0.11638749999999998,0.14460250000000002,315.18755042
27,22,5,LE07_012031_20070729,0.073185,0.0874025,0.09936499999999998,0.12208000000000002,315.67632728
28,23,3,LE07_012031_20070729,0.07546750000000002,0.09229749999999998,0.09936499999999998,0.11306,312.21729103999996
29,23,4,LE07_012031_20070729,0.09158250000000001,0.11432500000000001,0.12276749999999997,0.14460250000000002,315.67632728
30,23,5,LE07_012031_20070729,0.09386499999999998,0.11190499999999998,0.13126500000000002,0.15805000000000002,316.65046298
32,24,4,LE07_012031_20070729,0.07084750000000001,0.08492749999999999,0.09293000000000001,0.11306,318.09628544
33,24,5,LE07_012031_20070729,0.08927249999999998,0.1045625,0.11424250000000002,0.14012000000000002,319.52843582
34,24,6,LE07_012031_20070729,0.102995,0.11190499999999998,0.12488500000000002,0.13561,320.47522735999996
35,25,5,LE07_012031_20070729,0.06853749999999997,0.07750249999999997,0.07794250000000003,0.09037250000000002,320.86829966
36,25,6,LE07_012031_20070729,0.08927249999999998,0.09966750000000002,0.10362749999999998,0.10852250000000002,321.81167317999996
37,25,7,LE07_012031_20070729,0.11209750000000002,0.1265075,0.13968000000000003,0.14012000000000002,321.81167317999996
38,26,6,LE07_012031_20070729,0.07084750000000001,0.08242500000000003,0.08434999999999998,0.09944750000000002,319.9180901
39,26,7,LE07_012031_20070729,0.0961475,0.1045625,0.11850500000000003,0.11757000000000001,320.86829966
40,27,7,LE07_012031_20070729,0.08467999999999998,0.07995000000000002,0.09721999999999997,0.09944750000000002,318.96104449999996
41,27,8,LE07_012031_20070729,0.10068500000000002,0.12164000000000003,0.11638749999999998,0.12658999999999998,317.52889412
42,28,8,LE07_012031_20070729,0.08239750000000001,0.09477249999999998,0.09936499999999998,0.10852250000000002,316.57526654000003
3,14,1,LE07_012031_20070814,0.07090249999999998,0.08542250000000001,0.09191250000000001,0.09697250000000002,310.60740362
5,15,1,LE07_012031_20070814,0.07480749999999997,0.09185749999999998,0.10709249999999998,0.12108999999999998,311.65673576
6,16,0,LE07_012031_20070814,0.10777999999999999,0.14273249999999998,0.17309249999999998,0.193195,312.69923186
7,16,1,LE07_012031_20070814,0.13283250000000002,0.2117575,0.2569675,0.327945,311.30809772
8,16,2,LE07_012031_20070814,0.11746000000000001,0.16165249999999998,0.21610250000000003,0.2370025,308.3651825
10,17,1,LE07_012031_20070814,0.10005249999999999,0.13638,0.16748249999999998,0.20117000000000002,311.65673576
11,17,2,LE07_012031_20070814,0.07279999999999998,0.09397499999999998,0.12031999999999998,0.12914750000000003,307.29192422
12,18,1,LE07_012031_20070814,0.08842,0.10035499999999997,0.11845,0.12513249999999998,310.25534756
13,18,2,LE07_012031_20070814,0.059077500000000005,0.0811325,0.09378249999999999,0.10098750000000001,307.65081632
14,18,3,LE07_012031_20070814,0.04334750000000001,0.04252249999999999,0.04799500000000001,0.05253249999999998,306.570722
15,19,1,LE07_012031_20070814,0.09617500000000001,0.1342625,0.144905,0.16124,307.767029
16,19,2,LE07_012031_20070814,0.1270575,0.1637425,0.17309249999999998,0.19721,307.4081369
17,19,3,LE07_012031_20070814,0.08644000000000002,0.09821000000000002,0.11845,0.12513249999999998,308.00970842000004
18,20,2,LE07_012031_20070814,0.12128250000000002,0.15535500000000002,0.15244000000000002,0.18522,306.32462455999996
19,20,3,LE07_012031_20070814,0.1174325,0.132145,0.15994750000000002,0.15323750000000003,308.72065657999997
21,21,2,LE07_012031_20070814,0.0805825,0.09183000000000002,0.08806249999999999,0.1050025,305.1180635
22,21,3,LE07_012031_20070814,0.10002499999999998,0.11735000000000001,0.13544499999999998,0.13318999999999998,308.450633
25,22,3,LE07_012031_20070814,0.10002499999999998,0.12791000000000002,0.13923999999999997,0.15323750000000003,307.02531866
28,23,3,LE07_012031_20070814,0.08445999999999998,0.1045625,0.10706500000000002,0.1171025,307.38421076
32,24,4,LE07_012031_20070814,0.0649075,0.07255250000000002,0.07854749999999999,0.096945,311.26366346
1,13,0,LE07_012031_20070830,0.042495000000000005,0.05129499999999998,0.050167499999999976,0.06034250000000002,310.93895155999996
2,14,0,LE07_012031_20070830,0.0446125,0.05126750000000002,0.05426500000000001,0.06031500000000001,314.73637178
3,14,1,LE07_012031_20070830,0.061634999999999995,0.06977499999999998,0.07687,0.08231499999999997,316.25397266
4,15,0,LE07_012031_20070830,0.06798749999999998,0.079015,0.085065,0.0954875,317.75448344
5,15,1,LE07_012031_20070830,0.061580000000000024,0.07208500000000001,0.0870725,0.09545999999999999,317.75448344
6,16,0,LE07_012031_20070830,0.0933425,0.12031999999999998,0.15827000000000002,0.169765,319.23790412
7,16,1,LE07_012031_20070830,0.12265749999999997,0.174825,0.23659000000000002,0.269315,318.49619378
8,16,2,LE07_012031_20070830,0.09543249999999998,0.14765499999999998,0.170425,0.217505,315.37895954
10,17,1,LE07_012031_20070830,0.08699000000000001,0.12031999999999998,0.150185,0.18717250000000002,317.00593706
11,17,2,LE07_012031_20070830,0.07213999999999998,0.1019775,0.11974249999999997,0.15233000000000002,313.08888614
12,18,1,LE07_012031_20070830,0.06361499999999998,0.07893250000000002,0.07882250000000002,0.09986,314.36038958
13,18,2,LE07_012031_20070830,0.05294500000000002,0.05577749999999998,0.06444,0.06906000000000001,311.93017736
14,18,3,LE07_012031_20070830,0.0358125,0.039470000000000005,0.03971749999999999,0.042605000000000004,308.74800074
15,19,1,LE07_012031_20070830,0.0805825,0.10194999999999999,0.11157499999999998,0.14364,311.2704995
16,19,2,LE07_012031_20070830,0.10379250000000001,0.12257499999999999,0.14817750000000002,0.15670250000000002,310.48435489999997
17,19,3,LE07_012031_20070830,0.07632,0.09504750000000001,0.10338000000000003,0.10863250000000002,311.1508688
18,20,2,LE07_012031_20070830,0.103765,0.11110750000000003,0.13192500000000001,0.13486749999999997,309.30171998000003
19,20,3,LE07_012031_20070830,0.08899750000000001,0.12257499999999999,0.12172250000000001,0.1392675,311.15428682000004
20,20,4,LE07_012031_20070830,0.07202999999999998,0.07656750000000001,0.0931225,0.1042325,313.08888614
21,21,2,LE07_012031_20070830,0.07202999999999998,0.07425749999999998,0.08289249999999998,0.08226,308.79243499999995
22,21,3,LE07_012031_20070830,0.07626499999999997,0.10192250000000003,0.0992825,0.12614999999999998,310.49802697999996
23,21,4,LE07_012031_20070830,0.05921500000000002,0.06262499999999999,0.07260749999999999,0.08666000000000001,312.81886255999996
25,22,3,LE07_012031_20070830,0.09105999999999997,0.11108000000000001,0.109485,0.1392675,310.88768126
26,22,4,LE07_012031_20070830,0.07835500000000001,0.09265499999999999,0.10541499999999998,0.11737750000000002,313.58791706
27,22,5,LE07_012031_20070830,0.0783275,0.09265499999999999,0.09721999999999997,0.11737750000000002,315.10551794
28,23,3,LE07_012031_20070830,0.07406499999999999,0.08803499999999997,0.0951575,0.10860500000000001,311.27733553999997
29,23,4,LE07_012031_20070830,0.08467999999999998,0.1018675,0.11358249999999998,0.134895,314.72953573999996
30,23,5,LE07_012031_20070830,0.09103250000000002,0.10417749999999998,0.11152000000000001,0.1392675,316.60944674
32,24,4,LE07_012031_20070830,0.05696000000000001,0.07186500000000001,0.07871250000000002,0.091005,315.86090035999996
33,24,5,LE07_012031_20070830,0.08465250000000002,0.09262749999999997,0.09512999999999999,0.10860500000000001,317.72713927999996
34,24,6,LE07_012031_20070830,0.091005,0.10415000000000002,0.11358249999999998,0.10860500000000001,316.98201092
35,25,5,LE07_012031_20070830,0.05264249999999998,0.06251499999999999,0.06636500000000001,0.07780500000000001,318.86875796
36,25,6,LE07_012031_20070830,0.06972,0.08107750000000002,0.08897,0.08660499999999999,318.4996118
37,25,7,LE07_012031_20070830,0.09518500000000002,0.11102499999999998,0.1196875,0.12175000000000002,318.12704762
38,26,6,LE07_012031_20070830,0.05902249999999998,0.067135,0.072525,0.06457750000000001,317.75448344
39,26,7,LE07_012031_20070830,0.09306750000000003,0.10181249999999997,0.09304000000000001,0.09540500000000002,317.00593706
40,27,7,LE07_012031_20070830,0.06325750000000002,0.07640249999999998,0.07249749999999999,0.07335000000000003,315.49859024
41,27,8,LE07_012031_20070830,0.08454250000000002,0.08795249999999999,0.09510249999999998,0.09097749999999999,315.1328621
42,28,8,LE07_012031_20070830,0.05893999999999999,0.0624325,0.06422,0.07335000000000003,313.51613864
1,13,0,LE07_012031_20071001,0.06207499999999999,0.067355,0.07335000000000003,0.07846500000000001,291.2409023
2,14,0,LE07_012031_20071001,0.06204749999999998,0.067355,0.0658975,0.08533999999999997,292.27998038
3,14,1,LE07_012031_20071001,0.06994,0.08138000000000001,0.07579750000000002,0.09562500000000002,293.01485468
4,15,0,LE07_012031_20071001,0.072525,0.08138000000000001,0.08319500000000002,0.09903499999999998,294.4709312
5,15,1,LE07_012031_20071001,0.07249749999999999,0.08138000000000001,0.08319500000000002,0.126425,294.4709312
6,16,0,LE07_012031_20071001,0.09854000000000002,0.12048500000000001,0.14462999999999998,0.17072749999999998,296.6242838
7,16,1,LE07_012031_20071001,0.1166625,0.1537325,0.18359750000000002,0.22495749999999998,295.19213342
8,16,2,LE07_012031_20071001,0.09854000000000002,0.1343725,0.151945,0.19110500000000002,294.72386468
10,17,1,LE07_012031_20071001,0.10371000000000002,0.1454275,0.1666025,0.2080725,294.83324131999996
11,17,2,LE07_012031_20071001,0.08553250000000001,0.11209750000000002,0.12505,0.15714250000000002,293.63693432
12,18,1,LE07_012031_20071001,0.0776675,0.0869625,0.08811750000000002,0.10588249999999999,294.4709312
13,18,2,LE07_012031_20071001,0.07505499999999998,0.07854749999999999,0.08811750000000002,0.09900750000000003,292.90547804
14,18,3,LE07_012031_20071001,0.046125,0.053137500000000004,0.05091000000000001,0.06809749999999998,291.80145758000003
15,19,1,LE07_012031_20071001,0.09070250000000002,0.10654249999999998,0.1201275,0.1537325,292.64912654
16,19,2,LE07_012031_20071001,0.11146499999999998,0.11768,0.1372875,0.1469125,291.91083421999997
17,19,3,LE07_012031_20071001,0.06977499999999998,0.09812749999999998,0.08809,0.11616749999999998,291.80145758000003
18,20,2,LE07_012031_20071001,0.11399500000000001,0.1204575,0.13484000000000002,0.14350249999999998,291.16912388000003
19,20,3,LE07_012031_20071001,0.09845749999999998,0.114875,0.1176525,0.14350249999999998,291.43231142
20,20,4,LE07_012031_20071001,0.07500000000000001,0.08971249999999997,0.102885,0.11616749999999998,292.5397499
22,21,3,LE07_012031_20071001,0.08545000000000003,0.09810000000000002,0.102885,0.12983499999999998,291.18963199999996
23,21,4,LE07_012031_20071001,0.06707999999999997,0.06435750000000001,0.07571499999999998,0.085285,292.29365246
25,22,3,LE07_012031_20071001,0.10879749999999999,0.10648750000000001,0.11275750000000001,0.13327250000000002,291.18963199999996
26,22,4,LE07_012031_20071001,0.07230500000000001,0.08968500000000001,0.097935,0.1195775,293.02510874
27,22,5,LE07_012031_20071001,0.08017000000000002,0.0812425,0.09053749999999999,0.10588249999999999,293.74972898
28,23,3,LE07_012031_20071001,0.08278249999999998,0.08968500000000001,0.09545999999999999,0.1195775,291.55877816
29,23,4,LE07_012031_20071001,0.09320499999999998,0.10929250000000001,0.12009999999999998,0.1469125,293.74972898
30,23,5,LE07_012031_20071001,0.10101500000000002,0.12042999999999998,0.12994499999999998,0.15376,294.8298233
32,24,4,LE07_012031_20071001,0.0722775,0.0868525,0.09298499999999998,0.1195775,294.8298233
33,24,5,LE07_012031_20071001,0.09578999999999999,0.10646,0.11273,0.12983499999999998,295.90308158
34,24,6,LE07_012031_20071001,0.09317750000000002,0.109265,0.1053325,0.12298750000000003,295.1887154
35,25,5,LE07_012031_20071001,0.06699749999999999,0.07557750000000002,0.0830575,0.08869500000000002,296.97633986
36,25,6,LE07_012031_20071001,0.08011499999999999,0.0924625,0.09298499999999998,0.1024175,296.62086578000003
37,25,7,LE07_012031_20071001,0.09834749999999998,0.10085,0.10035499999999997,0.11273,294.8298233
38,26,6,LE07_012031_20071001,0.06961,0.08118750000000002,0.07563249999999999,0.08869500000000002,295.90649959999996
39,26,7,LE07_012031_20071001,0.09834749999999998,0.10643249999999999,0.10035499999999997,0.10929250000000001,295.1887154
40,27,7,LE07_012031_20071001,0.06694250000000002,0.08396500000000001,0.07563249999999999,0.09556999999999999,294.8298233
41,27,8,LE07_012031_20071001,0.09050999999999998,0.09243499999999999,0.10282999999999998,0.09898000000000001,294.11887514
42,28,8,LE07_012031_20071001,0.06955499999999998,0.07268999999999998,0.07560499999999998,0.08866750000000001,293.31905846
1,13,0,LE07_012031_20071102,0.03215499999999999,0.033805,0.03523499999999999,0.041147500000000004,286.36680578
2,14,0,LE07_012031_20071102,0.03215499999999999,0.033805,0.0324025,0.03333749999999999,288.68422334
3,14,1,LE07_012031_20071102,0.0351525,0.04345750000000001,0.03523499999999999,0.041147500000000004,289.01577127999997
4,15,0,LE07_012031_20071102,0.038122500000000004,0.040267499999999984,0.03523499999999999,0.045052499999999995,289.67886716
5,15,1,LE07_012031_20071102,0.044062500000000004,0.04345750000000001,0.04375999999999999,0.04895749999999999,290.0104151
6,16,0,LE07_012031_20071102,0.044062500000000004,0.043484999999999996,0.049479999999999996,0.05676749999999997,291.97235858
7,16,1,LE07_012031_20071102,0.047032500000000005,0.046674999999999994,0.04945250000000001,0.06067250000000002,291.64764668
8,16,2,LE07_012031_20071102,0.041092500000000004,0.05305500000000002,0.046619999999999995,0.05676749999999997,290.55729829999996
10,17,1,LE07_012031_20071102,0.04997499999999999,0.04986499999999999,0.055145,0.06067250000000002,292.93965823999997
11,17,2,LE07_012031_20071102,0.047032500000000005,0.059462499999999974,0.046619999999999995,0.06457750000000001,290.55729829999996
12,18,1,LE07_012031_20071102,0.06182749999999998,0.07224999999999998,0.07505499999999998,0.09183000000000002,290.66667494
13,18,2,LE07_012031_20071102,0.05588749999999998,0.0626525,0.06083749999999999,0.06457750000000001,288.57142868
14,18,3,LE07_012031_20071102,0.0321275,0.027370000000000005,0.018130000000000007,0.025499999999999995,286.03525784
15,19,1,LE07_012031_20071102,0.07654,0.09139000000000003,0.08638499999999999,0.13077,288.01429142
16,19,2,LE07_012031_20071102,0.073625,0.08503749999999999,0.0892175,0.09573500000000001,286.66417351999996
17,19,3,LE07_012031_20071102,0.04403499999999999,0.04345750000000001,0.03523499999999999,0.037242499999999984,286.55479688
19,20,3,LE07_012031_20071102,0.04997499999999999,0.0562725,0.04945250000000001,0.05676749999999997,287.23156484000003
20,20,4,LE07_012031_20071102,0.05588749999999998,0.059462499999999974,0.060809999999999975,0.060645000000000004,288.57142868
22,21,3,LE07_012031_20071102,0.05294500000000002,0.059462499999999974,0.04945250000000001,0.06067250000000002,287.31701534
23,21,4,LE07_012031_20071102,0.04403499999999999,0.03377749999999999,0.038067500000000004,0.037215,288.32191322
25,22,3,LE07_012031_20071102,0.06771250000000001,0.06906000000000001,0.06933499999999998,0.0801425,287.31701534
26,22,4,LE07_012031_20071102,0.049947500000000006,0.04664750000000001,0.04945250000000001,0.05676749999999997,288.65346116
27,22,5,LE07_012031_20071102,0.04106499999999999,0.04664750000000001,0.04375999999999999,0.05283500000000002,288.98500909999996
28,23,3,LE07_012031_20071102,0.05294500000000002,0.059462499999999974,0.055145,0.06845499999999999,287.98694725999997
29,23,4,LE07_012031_20071102,0.07948250000000001,0.08500999999999997,0.10618499999999997,0.11132750000000002,289.64468696
30,23,5,LE07_012031_20071102,0.08828249999999999,0.10093249999999998,0.10901749999999999,0.12689250000000002,290.3009468
32,24,4,LE07_012031_20071102,0.05294500000000002,0.0690325,0.08355249999999997,0.09183000000000002,291.5997944
33,24,5,LE07_012031_20071102,0.08239750000000001,0.0882,0.0892175,0.09964,292.56709406
34,24,6,LE07_012031_20071102,0.07651249999999998,0.08182,0.07502750000000002,0.08401999999999998,291.27850051999997
35,25,5,LE07_012031_20071102,0.05294500000000002,0.04983750000000001,0.04945250000000001,0.060645000000000004,292.61494633999996
36,25,6,LE07_012031_20071102,0.06177250000000001,0.0690325,0.060809999999999975,0.06455,291.64422866
37,25,7,LE07_012031_20071102,0.0706,0.07862999999999998,0.06933499999999998,0.06845499999999999,288.68080532
38,26,6,LE07_012031_20071102,0.052917500000000006,0.04664750000000001,0.05228499999999997,0.04893,290.66325692
39,26,7,LE07_012031_20071102,0.0706,0.07862999999999998,0.066475,0.07623750000000001,289.01235326
40,27,7,LE07_012031_20071102,0.04991999999999999,0.05624499999999999,0.05228499999999997,0.05283500000000002,288.34583936
41,27,8,LE07_012031_20071102,0.06765749999999998,0.059435000000000016,0.066475,0.05674000000000001,287.35119554
42,28,8,LE07_012031_20071102,0.046977500000000005,0.046619999999999995,0.04659250000000001,0.04502500000000001,287.5836209
1,13,0,LE07_012031_20080105,0.06944499999999998,0.05575000000000002,0.053852500000000025,0.053549999999999986,273.02969174
2,14,0,LE07_012031_20080105,0.06479750000000001,0.06072749999999999,0.053852500000000025,0.053549999999999986,273.30655136
3,14,1,LE07_012031_20080105,0.07412000000000002,0.06570500000000001,0.05817,0.053549999999999986,273.30655136
6,16,0,LE07_012031_20080105,0.08803499999999997,0.1053325,0.109705,0.1111625,275.23089662
7,16,1,LE07_012031_20080105,0.10192250000000003,0.134895,0.14383249999999997,0.16277999999999998,275.23089662
8,16,2,LE07_012031_20080105,0.0926825,0.08556000000000002,0.1054425,0.11691000000000001,274.7489558
15,19,1,LE07_012031_20080105,0.10192250000000003,0.09050999999999998,0.0925725,0.12265749999999997,274.84807838
25,22,3,LE07_012031_20080309,0.11270249999999998,0.114985,0.12436249999999999,0.12804749999999998,277.78073954
26,22,4,LE07_012031_20080309,0.09083999999999998,0.09620250000000002,0.10060249999999998,0.10863250000000002,278.89501406
27,22,5,LE07_012031_20080309,0.07621,0.08275500000000002,0.0863025,0.0924625,279.2607422
28,23,3,LE07_012031_20080309,0.08839249999999998,0.09353499999999998,0.09108749999999999,0.10216999999999998,278.15330372
29,23,4,LE07_012031_20080309,0.10783500000000001,0.114985,0.12199749999999998,0.13129249999999998,279.2607422
30,23,5,LE07_012031_20080309,0.10783500000000001,0.114985,0.12436249999999999,0.13129249999999998,279.99219847999996
32,24,4,LE07_012031_20080309,0.0957075,0.09620250000000002,0.10538750000000002,0.11512250000000002,280.72023674
33,24,5,LE07_012031_20080309,0.1102825,0.10962250000000001,0.12199749999999998,0.121585,281.44143896
34,24,6,LE07_012031_20080309,0.10783500000000001,0.10692750000000001,0.11726750000000002,0.11512250000000002,281.08254686
35,25,5,LE07_012031_20080309,0.09083999999999998,0.08275500000000002,0.08869500000000002,0.0892175,282.50102516
36,25,6,LE07_012031_20080309,0.09812749999999998,0.09889750000000003,0.10772500000000002,0.10216999999999998,281.78324096
37,25,7,LE07_012031_20080309,0.09812749999999998,0.09889750000000003,0.102995,0.10541499999999998,281.42093084
38,26,6,LE07_012031_20080309,0.09328750000000002,0.09353499999999998,0.10060249999999998,0.0957075,281.78324096
39,26,7,LE07_012031_20080309,0.102995,0.1042325,0.11011749999999998,0.11190499999999998,281.78324096
40,27,7,LE07_012031_20080309,0.10054750000000001,0.1042325,0.11251,0.11836750000000001,279.59570815999996
41,27,8,LE07_012031_20080309,0.12474750000000001,0.12568249999999997,0.126755,0.13129249999999998,278.49852374
1,13,0,LE07_012031_20080325,0.05151499999999998,0.045630000000000004,0.05071749999999997,0.045217499999999994,283.83063494
2,14,0,LE07_012031_20080325,0.05577749999999998,0.05737249999999999,0.05902249999999998,0.053769999999999984,286.82482045999996
3,14,1,LE07_012031_20080325,0.062102500000000005,0.06204749999999998,0.06529249999999998,0.07082,288.47230609999997
4,15,0,LE07_012031_20080325,0.06630999999999998,0.07612750000000001,0.07984000000000002,0.08355249999999997,289.12514792
5,15,1,LE07_012031_20080325,0.07260749999999999,0.09012500000000001,0.0985125,0.11333500000000002,290.0958656
6,16,0,LE07_012031_20080325,0.09356249999999999,0.12499500000000002,0.1398725,0.17273500000000003,292.3346687
7,16,1,LE07_012031_20080325,0.11025499999999999,0.152715,0.19335999999999998,0.22349999999999998,291.05974724
8,16,2,LE07_012031_20080325,0.09356249999999999,0.12265749999999997,0.1439975,0.1600025,289.01235326
10,17,1,LE07_012031_20080325,0.08940999999999999,0.1203475,0.14809499999999998,0.164265,290.73845336
11,17,2,LE07_012031_20080325,0.0663375,0.0808025,0.09436,0.12183250000000001,287.37512168
12,18,1,LE07_012031_20080325,0.0663375,0.07612750000000001,0.07156249999999997,0.0750825,288.14417618
13,18,2,LE07_012031_20080325,0.06213000000000002,0.06207499999999999,0.06738250000000001,0.0750825,285.04061402
14,18,3,LE07_012031_20080325,0.043127499999999985,0.033915,0.0382325,0.03672,284.02546208
15,19,1,LE07_012031_20080325,0.07687,0.104095,0.10060249999999998,0.12183250000000001,285.48837463999996
16,19,2,LE07_012031_20080325,0.10819250000000002,0.11801,0.12956,0.13879999999999998,284.13483872
17,19,3,LE07_012031_20080325,0.0747525,0.08311249999999998,0.09644999999999998,0.08784249999999999,284.36384606
18,20,2,LE07_012031_20080325,0.10401250000000001,0.104095,0.11715750000000003,0.126095,284.4732227
19,20,3,LE07_012031_20080325,0.08522999999999997,0.09944750000000002,0.10887999999999998,0.10909999999999997,286.38047786
20,20,4,LE07_012031_20080325,0.0684825,0.07846500000000001,0.0860825,0.09210499999999999,289.33706516
21,21,2,LE07_012031_20080325,0.07478000000000001,0.07379000000000002,0.08401999999999998,0.07931749999999999,283.00005608000004
22,21,3,LE07_012031_20080325,0.0684825,0.08547749999999998,0.08817249999999999,0.09633999999999998,285.12948254
23,21,4,LE07_012031_20080325,0.05374249999999997,0.05272500000000002,0.06323000000000001,0.06655749999999999,287.45031812
25,22,3,LE07_012031_20080325,0.10401250000000001,0.11572749999999998,0.11300500000000002,0.12183250000000001,285.12948254
26,22,4,LE07_012031_20080325,0.06851000000000002,0.09015250000000002,0.10472749999999997,0.11333500000000002,287.45031812
27,22,5,LE07_012031_20080325,0.06215749999999998,0.07147999999999999,0.08193,0.09633999999999998,289.08071366
28,23,3,LE07_012031_20080325,0.10404000000000002,0.10874250000000002,0.10472749999999997,0.10909999999999997,285.12948254
29,23,4,LE07_012031_20080325,0.10194999999999999,0.10874250000000002,0.12128250000000002,0.134565,287.45031812
30,23,5,LE07_012031_20080325,0.08946500000000002,0.10181249999999997,0.115095,0.134565,288.75600176
32,24,4,LE07_012031_20080325,0.08946500000000002,0.0948,0.09854000000000002,0.10057500000000003,289.72671944
33,24,5,LE07_012031_20080325,0.08946500000000002,0.09947499999999998,0.1109425,0.11333500000000002,291.00505892
34,24,6,LE07_012031_20080325,0.09988750000000002,0.09947499999999998,0.10887999999999998,0.11333500000000002,291.32293477999997
35,25,5,LE07_012031_20080325,0.06009500000000001,0.07618249999999999,0.073625,0.0750825,293.58908204
36,25,6,LE07_012031_20080325,0.09361750000000002,0.0924625,0.10060249999999998,0.09210499999999999,292.64570851999997
37,25,7,LE07_012031_20080325,0.08946500000000002,0.09947499999999998,0.09438750000000001,0.08787,291.37420508
38,26,6,LE07_012031_20080325,0.06853749999999997,0.06449500000000002,0.07158999999999999,0.06655749999999999,291.69549896
39,26,7,LE07_012031_20080325,0.08949249999999997,0.09947499999999998,0.0964775,0.09210499999999999,290.73503533999997
40,27,7,LE07_012031_20080325,0.06644749999999999,0.06917000000000001,0.07158999999999999,0.06655749999999999,290.09244758
41,27,8,LE07_012031_20080325,0.0874025,0.08781499999999998,0.08195750000000002,0.08787,289.13540198
42,28,8,LE07_012031_20080325,0.06012250000000002,0.06685999999999998,0.06325750000000002,0.06655749999999999,287.38195772
1,13,0,LE07_012031_20080410,0.05288999999999999,0.052779999999999994,0.052037500000000014,0.06193749999999998,298.84941482
2,14,0,LE07_012031_20080410,0.05863750000000001,0.06124999999999997,0.06345,0.06595250000000002,302.45542592
3,14,1,LE07_012031_20080410,0.062460000000000016,0.07392749999999998,0.07290999999999997,0.07796999999999998,303.42272558
4,15,0,LE07_012031_20080410,0.07769500000000001,0.07816250000000002,0.08990500000000001,0.09403,303.74401946
5,15,1,LE07_012031_20080410,0.07010499999999997,0.0929025,0.0937,0.10203250000000003,304.38660722
6,16,0,LE07_012031_20080410,0.09293000000000001,0.115975,0.14078000000000002,0.1500475,306.91594202
7,16,1,LE07_012031_20080410,0.10615750000000002,0.1556575,0.18761250000000002,0.2416775,305.97256849999997
8,16,2,LE07_012031_20080410,0.10238999999999998,0.13690249999999998,0.17262500000000003,0.181975,304.90272824
10,17,1,LE07_012031_20080410,0.10805500000000001,0.1410825,0.1445475,0.1460325,305.34023479999996
11,17,2,LE07_012031_20080410,0.08726499999999998,0.0929025,0.10126249999999998,0.12205250000000001,303.30309488
12,18,1,LE07_012031_20080410,0.07585249999999999,0.0929025,0.0804725,0.08602749999999998,303.42272558
13,18,2,LE07_012031_20080410,0.07202999999999998,0.06763000000000002,0.06721749999999999,0.06996750000000002,301.36165952
14,18,3,LE07_012031_20080410,0.05297249999999998,0.05071749999999997,0.05019499999999999,0.045905,301.36165952
15,19,1,LE07_012031_20080410,0.05676749999999997,0.06763000000000002,0.05968249999999997,0.0779975,301.14974228
16,19,2,LE07_012031_20080410,0.079675,0.08660499999999999,0.09183000000000002,0.09403,300.16535252
17,19,3,LE07_012031_20080410,0.07016,0.08239750000000001,0.0842675,0.08602749999999998,301.0335296
18,20,2,LE07_012031_20080410,0.096725,0.09922750000000002,0.11443500000000001,0.11404999999999998,298.5041948
19,20,3,LE07_012031_20080410,0.0872925,0.11182249999999999,0.10879749999999999,0.12603999999999999,300.37726976
20,20,4,LE07_012031_20080410,0.0739825,0.08875,0.097495,0.10205999999999998,302.66050712000003
21,21,2,LE07_012031_20080410,0.08157249999999999,0.084515,0.09183000000000002,0.09004250000000003,297.04470026
22,21,3,LE07_012031_20080410,0.079675,0.09713749999999999,0.09183000000000002,0.10604750000000002,299.78253428
23,21,4,LE07_012031_20080410,0.06061749999999999,0.06765749999999998,0.07670500000000002,0.08204,302.39048354
25,22,3,LE07_012031_20080410,0.1024175,0.12230000000000002,0.12384,0.14204499999999998,299.12285642
26,22,4,LE07_012031_20080410,0.09108749999999999,0.09922750000000002,0.11069499999999999,0.11803750000000002,302.39048354
27,22,5,LE07_012031_20080410,0.07208500000000001,0.084515,0.09372750000000002,0.10604750000000002,303.35436518
28,23,3,LE07_012031_20080410,0.09485500000000002,0.10134500000000002,0.0955975,0.10205999999999998,298.12479457999996
29,23,4,LE07_012031_20080410,0.10052,0.11393999999999999,0.12384,0.1340425,301.41634783999996
30,23,5,LE07_012031_20080410,0.10244500000000001,0.12230000000000002,0.133245,0.15002,303.67224104
32,24,4,LE07_012031_20080410,0.0834975,0.09083999999999998,0.0955975,0.110035,302.38706551999996
33,24,5,LE07_012031_20080410,0.09488249999999998,0.103435,0.1163325,0.11803750000000002,304.94374447999996
34,24,6,LE07_012031_20080410,0.10054750000000001,0.10973250000000001,0.10879749999999999,0.110035,306.8270735
35,25,5,LE07_012031_20080410,0.06257000000000001,0.061360000000000026,0.06727250000000001,0.06999499999999997,307.22014579999995
36,25,6,LE07_012031_20080410,0.08542250000000001,0.08877750000000001,0.08995999999999998,0.08605499999999999,308.77192688
37,25,7,LE07_012031_20080410,0.09867749999999997,0.11809249999999999,0.11443500000000001,0.11404999999999998,309.0829667
38,26,6,LE07_012031_20080410,0.06831749999999998,0.06980249999999999,0.07483499999999998,0.0660075,307.53118562
39,26,7,LE07_012031_20080410,0.09677999999999998,0.10764249999999997,0.10128999999999999,0.10604750000000002,307.22014579999995
40,27,7,LE07_012031_20080410,0.07213999999999998,0.0803625,0.0748625,0.08605499999999999,305.0155229
41,27,8,LE07_012031_20080410,0.09304000000000001,0.08877750000000001,0.10315999999999997,0.09004250000000003,304.39344326
42,28,8,LE07_012031_20080410,0.07213999999999998,0.07191999999999998,0.0710675,0.07401000000000002,302.63658097999996
1,13,0,LE07_012031_20080426,0.06144250000000001,0.0658975,0.05921500000000002,0.07257999999999998,297.50955098
2,14,0,LE07_012031_20080426,0.06328499999999998,0.06592500000000001,0.06460500000000002,0.08407500000000001,300.74641592
3,14,1,LE07_012031_20080426,0.07241500000000001,0.07599,0.08622000000000002,0.08407500000000001,302.01791936
4,15,0,LE07_012031_20080426,0.07062750000000001,0.08399250000000003,0.08803499999999997,0.09936499999999998,303.59362658
5,15,1,LE07_012031_20080426,0.07973000000000002,0.09801749999999998,0.11132750000000002,0.1146275,303.59362658
6,16,0,LE07_012031_20080426,0.09414,0.11795499999999998,0.14707750000000003,0.15266000000000002,306.07169108
7,16,1,LE07_012031_20080426,0.1175425,0.163495,0.19143500000000002,0.22473749999999998,304.21570622
8,16,2,LE07_012031_20080426,0.10318749999999999,0.1298625,0.1666025,0.18304750000000003,300.9480791
10,17,1,LE07_012031_20080426,0.10318749999999999,0.13585750000000002,0.15950750000000002,0.19061,304.21570622
11,17,2,LE07_012031_20080426,0.07434000000000002,0.09006999999999998,0.12205250000000001,0.12603999999999999,299.98761548
12,18,1,LE07_012031_20080426,0.07796999999999998,0.08407500000000001,0.08984999999999999,0.09936499999999998,301.38558566
13,18,2,LE07_012031_20080426,0.06169000000000002,0.08008749999999998,0.084515,0.09174749999999998,298.37089202
14,18,3,LE07_012031_20080426,0.04351250000000001,0.041972499999999996,0.050360000000000016,0.053549999999999986,296.73024241999997
15,19,1,LE07_012031_20080426,0.090675,0.1020875,0.12208000000000002,0.13363000000000003,298.15897478
16,19,2,LE07_012031_20080426,0.11220750000000002,0.13981749999999998,0.14526250000000002,0.156455,297.50613296
17,19,3,LE07_012031_20080426,0.09427750000000001,0.11204249999999999,0.11853249999999999,0.13363000000000003,298.0427621
18,20,2,LE07_012031_20080426,0.10508499999999998,0.12593,0.132805,0.13363000000000003,296.51490716
19,20,3,LE07_012031_20080426,0.10865999999999998,0.12197000000000002,0.13632499999999997,0.1488375,299.6663216
20,20,4,LE07_012031_20080426,0.06906000000000001,0.09414,0.09708250000000002,0.10318749999999999,302.8450802
21,21,2,LE07_012031_20080426,0.07447749999999997,0.09015250000000002,0.08454250000000002,0.09556999999999999,295.73901662000003
22,21,3,LE07_012031_20080426,0.09075749999999999,0.09815499999999999,0.12208000000000002,0.12603999999999999,298.75371026
23,21,4,LE07_012031_20080426,0.05822499999999997,0.07818999999999998,0.07917999999999997,0.08798,301.31038922
25,22,3,LE07_012031_20080426,0.11404999999999998,0.11998999999999999,0.13990000000000002,0.13742500000000002,299.07500414000003
26,22,4,LE07_012031_20080426,0.08357999999999999,0.10613,0.11495749999999999,0.13363000000000003,301.94272292
27,22,5,LE07_012031_20080426,0.07277250000000002,0.0902075,0.109595,0.11842249999999999,303.19713626
28,23,3,LE07_012031_20080426,0.07637500000000003,0.08421250000000002,0.08817249999999999,0.091775,300.35676164
29,23,4,LE07_012031_20080426,0.09260000000000002,0.10810999999999998,0.12029250000000002,0.12983499999999998,302.25718076
30,23,5,LE07_012031_20080426,0.10516750000000002,0.11803750000000002,0.13453749999999998,0.145015,303.19713626
37,25,7,LE07_012031_20080426,0.103435,0.11806499999999998,0.13453749999999998,0.12603999999999999,307.28508818
38,26,6,LE07_012031_20080426,0.07290999999999997,0.07634750000000001,0.07747500000000002,0.08039000000000002,306.37247684
39,26,7,LE07_012031_20080426,0.10525000000000001,0.11014499999999999,0.11856,0.10701,306.06485504
40,27,7,LE07_012031_20080426,0.07835500000000001,0.0803625,0.08646749999999997,0.07659500000000002,304.51991
41,27,8,LE07_012031_20080426,0.08916249999999998,0.1042325,0.097165,0.10324250000000001,303.60046262000003
42,28,8,LE07_012031_20080426,0.062212500000000004,0.07840999999999998,0.07752999999999999,0.08041749999999998,302.49644216
1,13,0,LE07_012031_20080528,0.06193749999999998,0.0658975,0.08066499999999999,0.09502,302.46909800000003
6,16,0,LE07_012031_20080528,0.0984025,0.13263999999999998,0.13533499999999998,0.14886500000000003,310.82957492
7,16,1,LE07_012031_20080528,0.13618750000000002,0.1571975,0.16926999999999998,0.17746499999999998,310.25192954
8,16,2,LE07_012031_20080528,0.12078749999999999,0.1402025,0.150625,0.15601500000000001,307.79095514
10,17,1,LE07_012031_20080528,0.11905500000000002,0.13453749999999998,0.15574,0.16674,310.25192954
11,17,2,LE07_012031_20080528,0.10016249999999999,0.12881749999999997,0.128515,0.14168750000000002,305.11122746
12,18,1,LE07_012031_20080528,0.07412000000000002,0.08118750000000002,0.09609250000000003,0.1021975,308.20795358
13,18,2,LE07_012031_20080528,0.06716250000000001,0.09075749999999999,0.0892175,0.11658000000000002,304.20887017999996
14,18,3,LE07_012031_20080528,0.056684999999999985,0.06394499999999997,0.06864749999999997,0.08061000000000001,302.99205506
15,19,1,LE07_012031_20080528,0.09147250000000001,0.11932999999999999,0.128515,0.14886500000000003,302.80406396
16,19,2,LE07_012031_20080528,0.12422499999999997,0.15906750000000003,0.162505,0.1881625,302.80406396
17,19,3,LE07_012031_20080528,0.10874250000000002,0.1231525,0.14212750000000002,0.15601500000000001,303.60046262000003
18,20,2,LE07_012031_20080528,0.10874250000000002,0.1402025,0.128515,0.16674,300.95149712
19,20,3,LE07_012031_20080528,0.11391250000000003,0.13453749999999998,0.162505,0.163165,303.60046262000003
20,20,4,LE07_012031_20080528,0.07588,0.1021975,0.10973250000000001,0.13093500000000002,304.81044169999996
21,21,2,LE07_012031_20080528,0.08107750000000002,0.08886,0.08580749999999998,0.10577249999999999,299.58428912
22,21,3,LE07_012031_20080528,0.0984025,0.121255,0.13192500000000001,0.14168750000000002,302.71519544
23,21,4,LE07_012031_20080528,0.07065500000000002,0.09265499999999999,0.09777000000000002,0.12018250000000003,304.83436784
25,22,3,LE07_012031_20080528,0.10013499999999997,0.12881749999999997,0.13533499999999998,0.15601500000000001,302.10336986
26,22,4,LE07_012031_20080528,0.0897675,0.1079175,0.12340000000000001,0.14886500000000003,304.83436784
27,22,5,LE07_012031_20080528,0.09147250000000001,0.10984250000000001,0.12340000000000001,0.14168750000000002,305.72988908
28,23,3,LE07_012031_20080528,0.09147250000000001,0.11932999999999999,0.11658000000000002,0.14168750000000002,302.10336986
29,23,4,LE07_012031_20080528,0.10013499999999997,0.121255,0.13363000000000003,0.15959,305.13173558
30,23,5,LE07_012031_20080528,0.0932325,0.1174325,0.13363000000000003,0.15959,307.20989174
32,24,4,LE07_012031_20080528,0.0932325,0.1021975,0.11660749999999998,0.13453749999999998,306.91594202
33,24,5,LE07_012031_20080528,0.08283750000000001,0.115535,0.11316999999999999,0.14168750000000002,309.54781742
34,24,6,LE07_012031_20080528,0.11735000000000001,0.121255,0.13192500000000001,0.138085,312.12842251999996
35,25,5,LE07_012031_20080528,0.06367,0.07739249999999998,0.07893250000000002,0.09499249999999998,310.8261569
36,25,6,LE07_012031_20080528,0.08803499999999997,0.09650500000000001,0.09436,0.1021975,313.1162303
37,25,7,LE07_012031_20080528,0.11737750000000002,0.1402025,0.14892,0.1524125,311.68749793999996
38,26,6,LE07_012031_20080528,0.0689225,0.0716175,0.08580749999999998,0.09139000000000003,310.5356252
39,26,7,LE07_012031_20080528,0.09669749999999999,0.121255,0.121695,0.12375750000000002,310.24851151999997
40,27,7,LE07_012031_20080528,0.07761249999999997,0.08121499999999998,0.09438750000000001,0.08781499999999998,309.37691642
41,27,8,LE07_012031_20080528,0.10876999999999998,0.13640750000000001,0.121695,0.13451000000000002,308.51215736
42,28,8,LE07_012031_20080528,0.07244250000000002,0.0926825,0.0892175,0.1021975,307.42864502
1,13,0,LE07_012031_20080613,0.062377499999999975,0.06895000000000001,0.08765,0.09589999999999999,311.69433398
2,14,0,LE07_012031_20080613,0.07123249999999998,0.0902075,0.10494750000000003,0.1107225,314.76029791999997
3,14,1,LE07_012031_20080613,0.08008749999999998,0.09600999999999998,0.103215,0.12546249999999998,315.35845142
4,15,0,LE07_012031_20080613,0.0695,0.08828249999999999,0.09977750000000002,0.09964,317.1324038
5,15,1,LE07_012031_20080613,0.08357999999999999,0.09790749999999998,0.10665249999999998,0.11809249999999999,317.1324038
6,16,0,LE07_012031_20080613,0.109925,0.13055,0.1393775,0.162285,318.88243004000003
7,16,1,LE07_012031_20080613,0.1342625,0.15535500000000002,0.17531999999999998,0.17697000000000002,317.71688522
8,16,2,LE07_012031_20080613,0.109925,0.1381675,0.1410825,0.14386,316.11725186
10,17,1,LE07_012031_20080613,0.1168825,0.14199,0.16165249999999998,0.1659425,317.1324038
11,17,2,LE07_012031_20080613,0.08008749999999998,0.1113825,0.10841250000000002,0.12546249999999998,313.43410616
12,18,1,LE07_012031_20080613,0.08536749999999999,0.1017575,0.10665249999999998,0.11809249999999999,316.24713662
13,18,2,LE07_012031_20080613,0.08357999999999999,0.09986,0.11011749999999998,0.12546249999999998,313.1333204
14,18,3,LE07_012031_20080613,0.0464,0.055365,0.07208500000000001,0.07741999999999999,313.1333204
15,19,1,LE07_012031_20080613,0.08888750000000001,0.11905500000000002,0.12735999999999997,0.15860000000000002,312.6547976
16,19,2,LE07_012031_20080613,0.12906499999999999,0.15153250000000001,0.16849999999999998,0.195285,312.95558336
17,19,3,LE07_012031_20080613,0.09589999999999999,0.12287749999999997,0.14793,0.14386,314.63383118
18,20,2,LE07_012031_20080613,0.12733250000000002,0.1381675,0.1530725,0.17328500000000002,312.35059382
19,20,3,LE07_012031_20080613,0.10115249999999998,0.1400925,0.15480500000000003,0.1659425,314.03567768
20,20,4,LE07_012031_20080613,0.07654,0.0921325,0.10665249999999998,0.12914750000000003,316.11725186
21,21,2,LE07_012031_20080613,0.08886,0.09600999999999998,0.11358249999999998,0.12546249999999998,311.31151574
22,21,3,LE07_012031_20080613,0.09240749999999998,0.128625,0.13764500000000002,0.15491500000000002,313.74172796
23,21,4,LE07_012031_20080613,0.07478000000000001,0.08633000000000002,0.10665249999999998,0.11809249999999999,315.82330214
25,22,3,LE07_012031_20080613,0.11165750000000002,0.1343725,0.1462525,0.162285,313.14357445999997
26,22,4,LE07_012031_20080613,0.10115249999999998,0.128625,0.14966249999999998,0.162285,315.82330214
27,22,5,LE07_012031_20080613,0.09240749999999998,0.10753249999999998,0.12735999999999997,0.1402025,317.28963272
28,23,3,LE07_012031_20080613,0.10816500000000001,0.12097999999999998,0.1393775,0.15122999999999998,312.8427887
29,23,4,LE07_012031_20080613,0.09240749999999998,0.12287749999999997,0.13764500000000002,0.15491500000000002,315.5259344
30,23,5,LE07_012031_20080613,0.09240749999999998,0.1113825,0.12735999999999997,0.1402025,317.58016441999996
32,24,4,LE07_012031_20080613,0.07478000000000001,0.0902075,0.09628500000000001,0.1144075,315.82330214
33,24,5,LE07_012031_20080613,0.08008749999999998,0.10753249999999998,0.11185,0.11809249999999999,317.87069612
34,24,6,LE07_012031_20080613,0.09766000000000002,0.10753249999999998,0.12219000000000002,0.12914750000000003,319.02940490000003
35,25,5,LE07_012031_20080613,0.06947249999999999,0.0902075,0.09114250000000002,0.09589999999999999,318.58848032000003
36,25,6,LE07_012031_20080613,0.10291250000000002,0.12097999999999998,0.12735999999999997,0.12914750000000003,320.03430277999996
37,25,7,LE07_012031_20080613,0.1168825,0.1324475,0.1513675,0.162285,320.61194816
38,26,6,LE07_012031_20080613,0.09414,0.10945749999999999,0.103215,0.1107225,319.7471891
39,26,7,LE07_012031_20080613,0.12037500000000001,0.13055,0.1462525,0.1402025,320.61194816
40,27,7,LE07_012031_20080613,0.09587250000000003,0.09983249999999999,0.11358249999999998,0.11809249999999999,318.0039989
41,27,8,LE07_012031_20080613,0.09587250000000003,0.11523250000000002,0.11875249999999998,0.12177749999999998,316.55475842
42,28,8,LE07_012031_20080613,0.07299250000000002,0.0921325,0.09628500000000001,0.09964,314.55863474
1,13,0,LE07_012031_20080715,0.061277499999999985,0.07522000000000001,0.0706,0.09903499999999998,312.03271796
2,14,0,LE07_012031_20080715,0.07084750000000001,0.07940000000000003,0.0836075,0.09507500000000002,316.25055464
3,14,1,LE07_012031_20080715,0.07082,0.07310250000000001,0.08545000000000003,0.09114250000000002,317.29305074
4,15,0,LE07_012031_20080715,0.07277250000000002,0.08149,0.08918999999999999,0.102995,317.98349078
5,15,1,LE07_012031_20080715,0.08041749999999998,0.09194000000000002,0.1003,0.102995,318.32529278
6,16,0,LE07_012031_20080715,0.10516750000000002,0.12106250000000002,0.14270500000000003,0.146445,319.3541168
7,16,1,LE07_012031_20080715,0.127855,0.156125,0.16467749999999998,0.18183749999999999,318.32871079999995
8,16,2,LE07_012031_20080715,0.1108325,0.121035,0.13165,0.1464725,317.17000201999997
10,17,1,LE07_012031_20080715,0.12029250000000002,0.1417425,0.14639000000000002,0.16613499999999998,317.63827075999995
11,17,2,LE07_012031_20080715,0.07654,0.079345,0.08916249999999998,0.091115,315.08159179999996
12,18,1,LE07_012031_20080715,0.08421250000000002,0.10027249999999999,0.11135499999999998,0.1267275,316.25397266
13,18,2,LE07_012031_20080715,0.06498999999999999,0.0751925,0.08355249999999997,0.091115,314.02542361999997
14,18,3,LE07_012031_20080715,0.04565749999999999,0.04565749999999999,0.04810500000000001,0.05129499999999998,314.37747967999996
15,19,1,LE07_012031_20080715,0.10324250000000001,0.12312499999999998,0.1353625,0.15436499999999997,313.08546812
16,19,2,LE07_012031_20080715,0.1108325,0.1479025,0.1647325,0.1740275,313.79299826
17,19,3,LE07_012031_20080715,0.08226,0.10442499999999999,0.10582750000000002,0.1267275,315.08159179999996
18,20,2,LE07_012031_20080715,0.12026500000000001,0.15818749999999998,0.16652,0.17796,313.08546812
19,20,3,LE07_012031_20080715,0.09942000000000001,0.11273,0.13352000000000003,0.150405,315.43364786
20,20,4,LE07_012031_20080715,0.072635,0.09812749999999998,0.10766999999999999,0.11883500000000002,316.824782
21,21,2,LE07_012031_20080715,0.09180250000000001,0.11273,0.10766999999999999,0.1306875,312.25147124
22,21,3,LE07_012031_20080715,0.09752250000000001,0.10021750000000001,0.12246499999999999,0.14254,315.15337022
23,21,4,LE07_012031_20080715,0.0649075,0.08767750000000002,0.09837499999999999,0.10695500000000002,316.88630636
25,22,3,LE07_012031_20080715,0.10887999999999998,0.12516,0.15007500000000001,0.1661625,314.45267612
26,22,4,LE07_012031_20080715,0.07838250000000002,0.09812749999999998,0.109485,0.1386075,316.88630636
27,22,5,LE07_012031_20080715,0.08602749999999998,0.09812749999999998,0.11503999999999998,0.1306875,316.19586632
28,23,3,LE07_012031_20080715,0.10126249999999998,0.11273,0.127965,0.14254,313.75198202
29,23,4,LE07_012031_20080715,0.09936499999999998,0.11891750000000001,0.13901999999999998,0.1622575,316.88972437999996
30,23,5,LE07_012031_20080715,0.10885250000000002,0.12516,0.1445475,0.1661625,317.23152638
32,24,4,LE07_012031_20080715,0.09936499999999998,0.114765,0.12059500000000001,0.14254,317.91854839999996
33,24,5,LE07_012031_20080715,0.10315999999999997,0.11682749999999997,0.12980750000000002,0.1425675,320.2940723
34,24,6,LE07_012031_20080715,0.10503000000000001,0.12307000000000001,0.12059500000000001,0.13464749999999998,321.63735416
35,25,5,LE07_012031_20080715,0.07640249999999998,0.08138000000000001,0.08721000000000001,0.08710000000000001,321.38442068
36,25,6,LE07_012031_20080715,0.11075000000000002,0.12513249999999998,0.12243749999999998,0.1267275,323.3873804
37,25,7,LE07_012031_20080715,0.12397750000000002,0.1355,0.15191749999999998,0.15043250000000002,321.71938664
38,26,6,LE07_012031_20080715,0.08019749999999998,0.09598250000000003,0.09092250000000002,0.10296749999999999,321.71938664
39,26,7,LE07_012031_20080715,0.11641499999999999,0.12513249999999998,0.13720500000000002,0.1386075,321.38442068
40,27,7,LE07_012031_20080715,0.10117999999999999,0.0980725,0.10390250000000001,0.11088750000000003,319.35069878
41,27,8,LE07_012031_20080715,0.10117999999999999,0.11889,0.12243749999999998,0.11883500000000002,318.34238288
42,28,8,LE07_012031_20080715,0.07439499999999999,0.0833875,0.09276499999999999,0.09502,315.42681182
1,13,0,LE07_012031_20080731,0.11218,0.10670750000000001,0.10604750000000002,0.12004500000000001,305.97940454
2,14,0,LE07_012031_20080731,0.10934749999999999,0.10945749999999999,0.10843999999999998,0.114985,309.69137426
3,14,1,LE07_012031_20080731,0.10931999999999997,0.10943000000000003,0.10841250000000002,0.109925,310.17331508
4,15,0,LE07_012031_20080731,0.12015500000000001,0.109375,0.11322500000000002,0.11998999999999999,311.12694266
5,15,1,LE07_012031_20080731,0.1201275,0.11223499999999997,0.10588249999999999,0.11492999999999998,311.12694266
6,16,0,LE07_012031_20080731,0.13354749999999999,0.140615,0.139845,0.1649525,311.60204744
7,16,1,LE07_012031_20080731,0.14696750000000003,0.15472249999999999,0.16869250000000002,0.18483500000000003,310.17331508
8,16,2,LE07_012031_20080731,0.12813000000000002,0.132035,0.13981749999999998,0.14999250000000003,308.13275713999997
10,17,1,LE07_012031_20080731,0.138855,0.1377,0.14947,0.1749075,309.69137426
11,17,2,LE07_012031_20080731,0.11718499999999998,0.12345499999999998,0.1228225,0.145015,307.15520342
12,18,1,LE07_012031_20080731,0.11437999999999998,0.11198750000000002,0.11550749999999999,0.1299725,308.7240746
13,18,2,LE07_012031_20080731,0.11435250000000002,0.10621249999999999,0.10566249999999999,0.11481999999999998,307.15520342
14,18,3,LE07_012031_20080731,0.11157499999999998,0.10041,0.09339750000000002,0.09964,305.15566172
15,19,1,LE07_012031_20080731,0.13063249999999998,0.13759,0.146995,0.16995749999999998,307.26116204
16,19,2,LE07_012031_20080731,0.13868999999999998,0.1574175,0.16388000000000003,0.18986750000000002,306.28019029999996
17,19,3,LE07_012031_20080731,0.1223825,0.12901,0.13,0.14999250000000003,306.17081366
18,20,2,LE07_012031_20080731,0.14405250000000003,0.14889249999999998,0.15422750000000002,0.18989499999999998,305.28554648
19,20,3,LE07_012031_20080731,0.1222725,0.128955,0.14936,0.1600025,306.17081366
20,20,4,LE07_012031_20080731,0.1195775,0.12318000000000001,0.12263000000000002,0.1449875,307.64398028
21,21,2,LE07_012031_20080731,0.13044,0.1260675,0.1250775,0.14996500000000001,305.17958785999997
22,21,3,LE07_012031_20080731,0.11124499999999998,0.12603999999999999,0.1323375,0.14996500000000001,306.4169111
23,21,4,LE07_012031_20080731,0.11671749999999997,0.1145175,0.11528749999999999,0.1349225,307.39446482
25,22,3,LE07_012031_20080731,0.12485750000000001,0.13165,0.13230999999999998,0.16500750000000003,306.90568796
26,22,4,LE07_012031_20080731,0.12208000000000002,0.1230425,0.1298625,0.1549975,307.87982366
27,22,5,LE07_012031_20080731,0.12477500000000002,0.12593,0.13228250000000003,0.14996500000000001,307.87982366
28,23,3,LE07_012031_20080731,0.13024750000000002,0.13734249999999998,0.13957000000000003,0.1600025,304.93690844
29,23,4,LE07_012031_20080731,0.13022,0.14303500000000002,0.146885,0.18002250000000003,307.87982366
30,23,5,LE07_012031_20080731,0.12469249999999998,0.134455,0.13712249999999998,0.1700125,308.8437053
32,24,4,LE07_012031_20080731,0.1273875,0.1286525,0.134675,0.15497,308.36176448000003
33,24,5,LE07_012031_20080731,0.12186000000000002,0.1286525,0.1297525,0.14996500000000001,309.80416892
34,24,6,LE07_012031_20080731,0.1327775,0.1343725,0.13464749999999998,0.14495999999999998,309.80416892
35,25,5,LE07_012031_20080731,0.11075000000000002,0.1112725,0.10761500000000002,0.11457250000000002,310.64158382
36,25,6,LE07_012031_20080731,0.1245,0.1199075,0.12483,0.13484000000000002,311.5952114
37,25,7,LE07_012031_20080731,0.1299725,0.13715,0.15409,0.1600025,311.5952114
38,26,6,LE07_012031_20080731,0.12439,0.10821999999999998,0.10753249999999998,0.1145175,311.12010662
39,26,7,LE07_012031_20080731,0.132585,0.14284249999999998,0.134565,0.1398725,310.64158382
40,27,7,LE07_012031_20080731,0.11600250000000001,0.11974249999999997,0.12221749999999998,0.1195775,309.68453822000004
41,27,8,LE07_012031_20080731,0.1352525,0.13701249999999998,0.12958750000000002,0.14493250000000002,308.73091064
42,28,8,LE07_012031_20080731,0.11867,0.11671749999999997,0.11479250000000002,0.11954999999999999,307.3226864
26,22,4,LE07_012031_20080816,0.08357999999999999,0.0924625,0.0955975,0.11091499999999999,303.48424994
27,22,5,LE07_012031_20080816,0.0813525,0.0924625,0.0955975,0.11971500000000002,304.36268108
28,23,3,LE07_012031_20080816,0.08357999999999999,0.0924625,0.0955975,0.10651500000000003,302.59898276
29,23,4,LE07_012031_20080816,0.09669749999999999,0.11380249999999997,0.12263000000000002,0.14168750000000002,303.9217565
30,23,5,LE07_012031_20080816,0.09449750000000001,0.10907250000000002,0.11847750000000001,0.14168750000000002,305.66836472
32,24,4,LE07_012031_20080816,0.103215,0.10431499999999999,0.11223499999999997,0.11971500000000002,304.79676961999996
33,24,5,LE07_012031_20080816,0.07920749999999999,0.08536749999999999,0.0893275,0.09768749999999998,307.81829930000004
34,24,6,LE07_012031_20080816,0.0813525,0.0782175,0.07678750000000001,0.08000499999999999,308.24213378
35,25,5,LE07_012031_20080816,0.05937999999999999,0.059077500000000005,0.05371500000000001,0.06229499999999999,306.91594202
36,25,6,LE07_012031_20080816,0.08578000000000002,0.0782175,0.08514749999999999,0.08443250000000002,309.03511442
1,13,0,LE07_012031_20080901,0.03663749999999999,0.034025,0.040514999999999995,0.04403499999999999,304.20203414
2,14,0,LE07_012031_20080901,0.04296249999999999,0.0477475,0.0506625,0.052669999999999995,307.77044702
3,14,1,LE07_012031_20080901,0.047142500000000004,0.05003000000000002,0.0506625,0.06559500000000001,309.04536848
4,15,0,LE07_012031_20080901,0.05555749999999998,0.061415,0.07092999999999999,0.07417499999999999,310.6210757
5,15,1,LE07_012031_20080901,0.057620000000000005,0.0682625,0.06688749999999999,0.08278249999999998,311.24315534
6,16,0,LE07_012031_20080901,0.08061000000000001,0.11130000000000001,0.11534250000000001,0.1427875,313.71780182
7,16,1,LE07_012031_20080901,0.1281025,0.14944249999999998,0.16343999999999997,0.176915,313.10255822
8,16,2,LE07_012031_20080901,0.0992825,0.12029250000000002,0.1273875,0.134235,310.18356914000003
10,17,1,LE07_012031_20080901,0.09304000000000001,0.10901749999999999,0.11735000000000001,0.138525,312.48731462
11,17,2,LE07_012031_20080901,0.06389,0.09320499999999998,0.09315000000000001,0.10852250000000002,308.6044439
12,18,1,LE07_012031_20080901,0.055530000000000024,0.06595250000000002,0.06685999999999998,0.08278249999999998,309.35982632
13,18,2,LE07_012031_20080901,0.04288,0.05225750000000001,0.05264249999999998,0.0655675,306.0409289
14,18,3,LE07_012031_20080901,0.028112499999999985,0.02704000000000001,0.030230000000000007,0.03969,303.08775962
15,19,1,LE07_012031_20080901,0.08055499999999999,0.1112725,0.11130000000000001,0.1427875,306.48527149999995
16,19,2,LE07_012031_20080901,0.10338000000000003,0.12477500000000002,0.13340999999999997,0.15986499999999998,305.1864239
17,19,3,LE07_012031_20080901,0.06595250000000002,0.07502750000000002,0.09315000000000001,0.09565249999999997,305.39492312
18,20,2,LE07_012031_20080901,0.11779,0.12477500000000002,0.12538,0.15560249999999998,304.85829398
19,20,3,LE07_012031_20080901,0.08679749999999997,0.10901749999999999,0.12538,0.12568249999999997,307.00822856
20,20,4,LE07_012031_20080901,0.0680425,0.08407500000000001,0.09518500000000002,0.10852250000000002,308.6044439
21,21,2,LE07_012031_20080901,0.06177250000000001,0.06592500000000001,0.06683250000000002,0.08275500000000002,303.75769154
22,21,3,LE07_012031_20080901,0.07222250000000002,0.09317750000000002,0.09315000000000001,0.10852250000000002,306.73478696
23,21,4,LE07_012031_20080901,0.05753750000000002,0.06592500000000001,0.07290999999999997,0.08704499999999998,308.00970842000004
25,22,3,LE07_012031_20080901,0.08261750000000001,0.09994249999999999,0.103215,0.12568249999999997,306.0921992
26,22,4,LE07_012031_20080901,0.07010499999999997,0.079565,0.0931225,0.11281249999999998,308.32758428
27,22,5,LE07_012031_20080901,0.06801499999999999,0.08407500000000001,0.0931225,0.11281249999999998,309.27437582
28,23,3,LE07_012031_20080901,0.07425749999999998,0.090895,0.085065,0.1042325,305.77090532
29,23,4,LE07_012031_20080901,0.08886,0.10448000000000002,0.1173225,0.134235,308.64546013999995
30,23,5,LE07_012031_20080901,0.08677000000000001,0.1044525,0.121365,0.14705000000000001,309.9032915
32,24,4,LE07_012031_20080901,0.07634750000000001,0.08182,0.08907999999999999,0.09994249999999999,309.27437582
33,24,5,LE07_012031_20080901,0.07423000000000002,0.090895,0.08907999999999999,0.10852250000000002,310.83982898
34,24,6,LE07_012031_20080901,0.09507500000000002,0.09543249999999998,0.10525000000000001,0.1042325,311.4584906
35,25,5,LE07_012031_20080901,0.053302499999999975,0.054485000000000006,0.06072749999999999,0.07412000000000002,311.86181696
36,25,6,LE07_012031_20080901,0.06378,0.07953749999999998,0.07895999999999997,0.07846500000000001,312.48047857999995
37,25,7,LE07_012031_20080901,0.09920000000000001,0.1044525,0.1072575,0.12139250000000001,312.17285677999996
38,26,6,LE07_012031_20080901,0.05327500000000002,0.06358750000000002,0.06273499999999999,0.06553999999999999,311.55077714000004
39,26,7,LE07_012031_20080901,0.09504750000000001,0.09540500000000002,0.0931225,0.09991499999999998,311.55077714000004
40,27,7,LE07_012031_20080901,0.05957249999999997,0.06586999999999998,0.060699999999999976,0.07412000000000002,310.29978182
41,27,8,LE07_012031_20080901,0.0804725,0.0840475,0.097165,0.08701750000000003,310.31687192
42,28,8,LE07_012031_20080901,0.055365,0.05899500000000002,0.06677749999999999,0.06551249999999997,308.56684568000003
1,13,0,LE07_012031_20080917,0.03001000000000001,0.02803,0.028304999999999997,0.039525000000000005,298.14872072000003
2,14,0,LE07_012031_20080917,0.03914000000000001,0.03792999999999999,0.04805000000000001,0.04419999999999999,301.03694762
3,14,1,LE07_012031_20080917,0.03914000000000001,0.04285249999999999,0.04144999999999999,0.04884749999999999,303.46715984
4,15,0,LE07_012031_20080917,0.05948999999999999,0.06012250000000002,0.0720575,0.07213999999999998,305.25136627999996
5,15,1,LE07_012031_20080917,0.05948999999999999,0.07235999999999998,0.07423000000000002,0.08140750000000002,305.60684036
6,16,0,LE07_012031_20080917,0.08421250000000002,0.10172999999999999,0.11121750000000002,0.1231525,307.71234068
7,16,1,LE07_012031_20080917,0.10428749999999998,0.12362000000000001,0.13497750000000003,0.1601125,307.36370264
8,16,2,LE07_012031_20080917,0.0953775,0.10659750000000001,0.12636999999999998,0.12780000000000002,305.84268374
10,17,1,LE07_012031_20080917,0.09092250000000002,0.10659750000000001,0.11121750000000002,0.13704,307.01506459999996
11,17,2,LE07_012031_20080917,0.0684825,0.08220499999999997,0.09383750000000002,0.10464499999999999,305.13515359999997
12,18,1,LE07_012031_20080917,0.05948999999999999,0.06504500000000002,0.0720575,0.07213999999999998,305.60684036
13,18,2,LE07_012031_20080917,0.05269750000000001,0.06504500000000002,0.06553999999999999,0.07678750000000001,304.06873136
14,18,3,LE07_012031_20080917,0.03001000000000001,0.02803,0.030505000000000004,0.039525000000000005,302.63316296
15,19,1,LE07_012031_20080917,0.06853749999999997,0.0895475,0.09386499999999998,0.12318000000000001,303.46715984
16,19,2,LE07_012031_20080917,0.09315000000000001,0.11878,0.12419750000000002,0.13241999999999998,302.3836475
17,19,3,LE07_012031_20080917,0.06851000000000002,0.08220499999999997,0.10255500000000001,0.109265,301.90854272
25,22,3,LE07_012031_20080917,0.08872249999999998,0.11152000000000001,0.1134175,0.1324475,301.28646308
26,22,4,LE07_012031_20080917,0.07301999999999997,0.0895475,0.09386499999999998,0.109265,303.80554382
27,22,5,LE07_012031_20080917,0.06628250000000002,0.06504500000000002,0.07862999999999998,0.09072999999999998,304.87196606
28,23,3,LE07_012031_20080917,0.07079249999999998,0.07489000000000001,0.0808025,0.0860825,299.45440436
29,23,4,LE07_012031_20080917,0.08646749999999997,0.10417749999999998,0.10907250000000002,0.1324475,304.1610179
30,23,5,LE07_012031_20080917,0.08872249999999998,0.10665249999999998,0.115535,0.1509275,305.22402212
32,24,4,LE07_012031_20080917,0.07079249999999998,0.08220499999999997,0.08732000000000001,0.09072999999999998,304.87196606
33,24,5,LE07_012031_20080917,0.07750249999999997,0.09444249999999998,0.09386499999999998,0.11393999999999999,306.62882834
34,24,6,LE07_012031_20080917,0.0842675,0.091995,0.09386499999999998,0.10002499999999998,307.3226864
35,25,5,LE07_012031_20080917,0.050470000000000015,0.05519999999999997,0.05462250000000002,0.05819750000000001,308.74800074
36,25,6,LE07_012031_20080917,0.06628250000000002,0.07489000000000001,0.07645750000000001,0.08143499999999998,309.78024278
37,25,7,LE07_012031_20080917,0.07975749999999998,0.09196749999999998,0.09386499999999998,0.09072999999999998,308.40278072
38,26,6,LE07_012031_20080917,0.05500749999999999,0.05519999999999997,0.05899500000000002,0.06284499999999998,308.40278072
39,26,7,LE07_012031_20080917,0.0842675,0.09688999999999998,0.0960375,0.0860825,307.01164658
40,27,7,LE07_012031_20080917,0.0595175,0.0650175,0.06771250000000001,0.06284499999999998,304.8958922
41,27,8,LE07_012031_20080917,0.07975749999999998,0.0895475,0.07862999999999998,0.0860825,303.83630600000004
42,28,8,LE07_012031_20080917,0.05497999999999997,0.06259749999999997,0.05899500000000002,0.06284499999999998,303.37829132
1,13,0,LE07_012031_20081003,0.032759999999999984,0.026242500000000002,0.023987499999999995,0.03386,291.76385935999997
2,14,0,LE07_012031_20081003,0.027287499999999992,0.0321275,0.018817499999999987,0.03386,293.31222242
3,14,1,LE07_012031_20081003,0.035509999999999986,0.03803999999999999,0.03176999999999999,0.03386,295.31860015999996
4,15,0,LE07_012031_20081003,0.06551249999999997,0.07035249999999998,0.06776749999999998,0.07984000000000002,298.76396432
5,15,1,LE07_012031_20081003,0.051927500000000015,0.05566749999999998,0.060067499999999996,0.06573249999999997,298.00858189999997
6,16,0,LE07_012031_20081003,0.08712750000000002,0.09947499999999998,0.11121750000000002,0.11858750000000001,301.37874962
7,16,1,LE07_012031_20081003,0.11660749999999998,0.13420749999999998,0.13657249999999999,0.157115,300.2644751
8,16,2,LE07_012031_20081003,0.11660749999999998,0.1370675,0.1340425,0.16063500000000003,299.03056988000003
10,17,1,LE07_012031_20081003,0.07090249999999998,0.08784249999999999,0.085725,0.10450749999999998,301.74789578
11,17,2,LE07_012031_20081003,0.073625,0.07906999999999997,0.08313999999999999,0.09045500000000001,299.77911626
12,18,1,LE07_012031_20081003,0.054649999999999976,0.05863750000000001,0.06520999999999999,0.0833875,299.89191092
13,18,2,LE07_012031_20081003,0.049177499999999985,0.05272500000000002,0.060067499999999996,0.06928000000000001,297.89578724
14,18,3,LE07_012031_20081003,0.027260000000000006,0.02621499999999999,0.013619999999999993,0.03383249999999999,295.59887779999997
15,19,1,LE07_012031_20081003,0.07904250000000002,0.07906999999999997,0.085725,0.1361325,296.0944907
16,19,2,LE07_012031_20081003,0.10054750000000001,0.11974249999999997,0.126425,0.14314500000000002,294.92894588
17,19,3,LE07_012031_20081003,0.06279000000000001,0.07906999999999997,0.07032499999999997,0.10101500000000002,294.82298726
18,20,2,LE07_012031_20081003,0.08440500000000001,0.09947499999999998,0.10101500000000002,0.10101500000000002,294.14963732
19,20,3,LE07_012031_20081003,0.09251749999999997,0.09947499999999998,0.09589999999999999,0.11506749999999999,294.82298726
20,20,4,LE07_012031_20081003,0.0519,0.06446750000000001,0.0805825,0.07634750000000001,295.98511406
21,21,2,LE07_012031_20081003,0.0327325,0.043897500000000006,0.042027499999999995,0.05159750000000002,293.6506064
22,21,3,LE07_012031_20081003,0.073625,0.07323999999999997,0.06776749999999998,0.08690750000000003,294.57688982
23,21,4,LE07_012031_20081003,0.040982500000000005,0.04978250000000001,0.060067499999999996,0.06218499999999999,296.11841684
25,22,3,LE07_012031_20081003,0.09251749999999997,0.09075749999999999,0.103545,0.11858750000000001,293.01143665999996
26,22,4,LE07_012031_20081003,0.06548500000000002,0.07323999999999997,0.08311249999999998,0.09045500000000001,295.34936233999997
27,22,5,LE07_012031_20081003,0.0627625,0.06738250000000001,0.07032499999999997,0.0833875,297.64285376
28,23,3,LE07_012031_20081003,0.06548500000000002,0.061524999999999996,0.05234,0.06218499999999999,291.82538372
29,23,4,LE07_012031_20081003,0.08979500000000001,0.10238999999999998,0.11119000000000001,0.11858750000000001,295.34936233999997
30,23,5,LE07_012031_20081003,0.09249000000000002,0.10238999999999998,0.11883500000000002,0.14314500000000002,298.77421838
32,24,4,LE07_012031_20081003,0.08168249999999999,0.08201249999999999,0.0805825,0.08690750000000003,297.26345354
33,24,5,LE07_012031_20081003,0.07632,0.07615499999999997,0.090785,0.10101500000000002,299.89532894
34,24,6,LE07_012031_20081003,0.08168249999999999,0.08781499999999998,0.08569749999999998,0.0904275,300.26789312
35,25,5,LE07_012031_20081003,0.05462250000000002,0.05272500000000002,0.054925,0.05159750000000002,299.5125107
36,25,6,LE07_012031_20081003,0.06548500000000002,0.07032499999999997,0.07032499999999997,0.06218499999999999,300.63362126
37,25,7,LE07_012031_20081003,0.09785250000000001,0.09075749999999999,0.0933425,0.0904275,300.26105708
38,26,6,LE07_012031_20081003,0.05187249999999999,0.05269750000000001,0.052312499999999984,0.05159750000000002,301.00276742
39,26,7,LE07_012031_20081003,0.0654575,0.07323999999999997,0.07032499999999997,0.07279999999999998,300.26105708
40,27,7,LE07_012031_20081003,0.0464,0.05564000000000002,0.049754999999999994,0.051570000000000005,299.5125107
41,27,8,LE07_012031_20081003,0.07357000000000002,0.067355,0.07032499999999997,0.06573249999999997,298.77421838
1,13,0,LE07_012031_20081019,0.04519000000000001,0.04257749999999999,0.0388375,0.051844999999999974,282.83599112
2,14,0,LE07_012031_20081019,0.03955249999999999,0.033475000000000005,0.028085,0.037132499999999985,283.48883294
3,14,1,LE07_012031_20081019,0.04235749999999999,0.033475000000000005,0.036142499999999994,0.04078999999999999,283.84772504
4,15,0,LE07_012031_20081019,0.05080000000000001,0.04868249999999999,0.04689499999999999,0.05915999999999999,284.9175653
5,15,1,LE07_012031_20081019,0.04799500000000001,0.04868249999999999,0.054952500000000015,0.066475,285.26962136
6,16,0,LE07_012031_20081019,0.07596249999999999,0.08204,0.08971249999999997,0.10307749999999999,286.67442758
7,16,1,LE07_012031_20081019,0.09543249999999998,0.09713749999999999,0.10838500000000001,0.11768,287.02306562
8,16,2,LE07_012031_20081019,0.07876749999999999,0.091115,0.0843775,0.10307749999999999,286.91368897999996
10,17,1,LE07_012031_20081019,0.07596249999999999,0.07904250000000002,0.097715,0.11402250000000003,287.36828564
11,17,2,LE07_012031_20081019,0.06760250000000001,0.07599,0.07637500000000003,0.09210499999999999,286.91368897999996
12,18,1,LE07_012031_20081019,0.05080000000000001,0.05781249999999999,0.06031500000000001,0.07381749999999998,286.67442758
13,18,2,LE07_012031_20081019,0.056410000000000016,0.051734999999999975,0.057620000000000005,0.05915999999999999,286.2164129
14,18,3,LE07_012031_20081019,0.03672,0.033475000000000005,0.030780000000000002,0.037132499999999985,285.5157188
15,19,1,LE07_012031_20081019,0.07596249999999999,0.091115,0.08704499999999998,0.11768,285.62167741999997
16,19,2,LE07_012031_20081019,0.08432250000000002,0.091115,0.10304999999999997,0.10673500000000002,285.26962136
17,19,3,LE07_012031_20081019,0.05080000000000001,0.05478749999999999,0.054952500000000015,0.05915999999999999,285.16366274
18,20,2,LE07_012031_20081019,0.08710000000000001,0.08204,0.09504750000000001,0.09944750000000002,283.84772504
19,20,3,LE07_012031_20081019,0.056410000000000016,0.06994,0.07368000000000002,0.07747500000000002,284.4561326
20,20,4,LE07_012031_20081019,0.056410000000000016,0.05781249999999999,0.0629825,0.07016,286.2164129
21,21,2,LE07_012031_20081019,0.056410000000000016,0.05478749999999999,0.0629825,0.066475,283.38629233999995
22,21,3,LE07_012031_20081019,0.056410000000000016,0.06389,0.0629825,0.07747500000000002,283.85797909999997
23,21,4,LE07_012031_20081019,0.04235749999999999,0.04565749999999999,0.04419999999999999,0.04816000000000001,284.92098332
25,22,3,LE07_012031_20081019,0.07040750000000001,0.07299250000000002,0.07368000000000002,0.08478999999999998,283.50250502
26,22,4,LE07_012031_20081019,0.056410000000000016,0.060865,0.06564999999999999,0.07381749999999998,284.92098332
27,22,5,LE07_012031_20081019,0.05080000000000001,0.05781249999999999,0.06031500000000001,0.07016,285.62167741999997
28,23,3,LE07_012031_20081019,0.07040750000000001,0.08204,0.08171,0.09210499999999999,283.85797909999997
29,23,4,LE07_012031_20081019,0.08432250000000002,0.091115,0.10304999999999997,0.11402250000000003,285.27303938
30,23,5,LE07_012031_20081019,0.073185,0.085065,0.09238000000000002,0.11768,287.01281156
32,24,4,LE07_012031_20081019,0.07596249999999999,0.085065,0.09504750000000001,0.09210499999999999,285.97031546
33,24,5,LE07_012031_20081019,0.07040750000000001,0.06994,0.07101249999999998,0.09210499999999999,287.7032516
34,24,6,LE07_012031_20081019,0.073185,0.07599,0.07637500000000003,0.0811325,287.35803158
35,25,5,LE07_012031_20081019,0.056410000000000016,0.05478749999999999,0.057620000000000005,0.06284499999999998,288.05530766
36,25,6,LE07_012031_20081019,0.06760250000000001,0.060865,0.07101249999999998,0.06284499999999998,287.71008764
37,25,7,LE07_012031_20081019,0.07040750000000001,0.07904250000000002,0.07637500000000003,0.07381749999999998,286.3189535
38,26,6,LE07_012031_20081019,0.053605000000000014,0.04868249999999999,0.057620000000000005,0.055475,286.67100956
39,26,7,LE07_012031_20081019,0.06760250000000001,0.07904250000000002,0.07368000000000002,0.07381749999999998,285.6182594
40,27,7,LE07_012031_20081019,0.05080000000000001,0.060865,0.06031500000000001,0.06284499999999998,284.5586732
41,27,8,LE07_012031_20081019,0.073185,0.06994,0.06834499999999999,0.07381749999999998,284.21345318
42,28,8,LE07_012031_20081019,0.06202000000000002,0.05478749999999999,0.06031500000000001,0.066475,283.79303672000003
1,13,0,LE07_012031_20081222,0.145345,0.11902750000000001,0.1012075,0.084845,264.74782928
2,14,0,LE07_012031_20081222,0.1747975,0.13316250000000002,0.11757000000000001,0.07948250000000001,264.74782928
3,14,1,LE07_012031_20081222,0.22055750000000002,0.1847525,0.12980750000000002,0.10624,264.74782928
5,15,1,LE07_012031_20081222,0.21228000000000002,0.16602499999999998,0.14201750000000002,0.10624,264.74782928
14,18,3,LE07_012031_20081222,0.157995,0.12373,0.109375,0.084845,264.74782928
17,19,3,LE07_012031_20081222,0.19149,0.156675,0.12980750000000002,0.10624,264.3410849
22,21,3,LE07_012031_20081222,0.162175,0.12846000000000002,0.1257375,0.10624,265.14773762
23,21,4,LE07_012031_20081222,0.162175,0.151945,0.12980750000000002,0.10624,265.14773762
