fid,row_index,col_index,distance,x,y
0,0,19,347.3769741311452,-84.36662306922342,33.75482707516521
1,0,20,335.82140463436474,-84.36629948139307,33.75482016716363
2,0,21,326.62098748348245,-84.36597589367301,33.75481325831508
3,0,22,319.9789416801872,-84.36565230606325,33.754806348619574
4,0,23,316.0566037482211,-84.3653287185638,33.754799438077086
5,0,24,314.9556007232567,-84.36500513117468,33.75479252668765
6,0,25,315.65686361567043,-84.36468154389591,33.75478561445124
7,0,26,318.50632933699023,-84.3643579567275,33.75477870136787
8,0,27,324.1192806788337,-84.36403436966947,33.75477178743753
9,0,28,332.3557346997429,-84.3637107827218,33.75476487266024
10,0,29,343.02676377776595,-84.36338719588453,33.754757957035984
11,1,18,335.2152848163146,-84.36693838850721,33.75510427411801
12,1,19,320.4286829055263,-84.36661479955328,33.75509736689327
13,1,20,307.86327238346854,-84.36629121070962,33.75509045882155
14,1,21,297.8003494570569,-84.36596762197625,33.755083549902864
15,1,22,290.5000891408342,-84.36564403335318,33.7550766401372
16,1,23,286.17399505356883,-84.36532044484044,33.75506972952454
17,1,24,284.9575566624045,-84.36499685643801,33.755062818064935
18,1,25,285.694899097203,-84.36467326814594,33.75505590575835
19,1,26,288.8400970263691,-84.36434967996422,33.75504899260478
20,1,27,295.0180128911515,-84.36402609189288,33.75504207860425
21,1,28,304.04383600113476,-84.36370250393192,33.755035163756745
22,1,29,315.67337627732604,-84.36337891608137,33.75502824806227
23,1,30,329.631167777514,-84.36305532834122,33.75502133152083
24,1,31,345.63526013763254,-84.3627317407115,33.75501441413242
25,2,16,347.79672013745045,-84.36757730000542,33.755388377951334
26,2,17,328.12773761517855,-84.36725370981763,33.75538147235044
27,2,18,310.11782574780005,-84.3669301197401,33.75537456590256
28,2,19,294.0719631325474,-84.36660652977284,33.755367658607696
29,2,20,280.32761753833273,-84.36628293991586,33.75536075046584
30,2,21,269.2374914621015,-84.36595935016916,33.75535384147699
31,2,22,261.1399633585266,-84.36563576053278,33.75534693164117
32,2,23,256.3188134276921,-84.36531217100672,33.755340020958364
33,2,24,254.95997288019046,-84.36498858159098,33.75533310942858
34,2,25,255.74185264176072,-84.3646649922856,33.7553261970518
35,2,26,259.25069232825854,-84.36434140309058,33.755319283828044
36,2,27,266.1164176685134,-84.3640178140059,33.75531236975732
37,2,28,276.0887068185948,-84.36369422503164,33.75530545483961
38,2,29,288.8459802607703,-84.36337063616777,33.755298539074914
39,2,30,304.0378703267845,-84.36304704741431,33.755291622463254
40,2,31,321.31923825517816,-84.3627234587713,33.75528470500462
41,2,32,340.3719717499214,-84.3623998702387,33.755277786699
42,3,15,348.7994890425452,-84.36789262446608,33.75566557468649
43,3,16,326.44499875235954,-84.36756903315471,33.75565866986247
44,3,17,305.4039797784493,-84.3672454419536,33.75565176419146
45,3,18,285.9665094352884,-84.36692185086274,33.75564485767347
46,3,19,268.4810946280768,-84.36659825988214,33.75563795030847
47,3,20,253.35222877799544,-84.36627466901182,33.75563104209646
48,3,21,241.02407655847406,-84.36595107825178,33.75562413303748
49,3,22,231.94365508664512,-84.36562748760208,33.7556172231315
50,3,23,226.5019046035596,-84.36530389706267,33.75561031237852
51,3,24,224.963033503568,-84.36498030663361,33.75560340077857
52,3,25,225.80127328055323,-84.3646567163149,33.755596488331605
53,3,26,229.76779864715684,-84.36433312610654,33.75558957503767
54,3,27,237.48740508751558,-84.36400953600857,33.755582660896735
55,3,28,248.61072755463115,-84.36368594602098,33.755575745908814
56,3,29,262.70576722882265,-84.36336235614378,33.75556883007391
57,3,30,279.3230144748651,-84.363038766377,33.75556191339202
58,3,31,298.0408909786826,-84.36271517672066,33.75555499586315
59,3,32,318.48924467775726,-84.36239158717476,33.755548077487305
60,3,33,340.35632101585776,-84.3620679977393,33.755541158264464
61,4,15,330.24969678774966,-84.3678843585185,33.755935866654085
62,4,16,306.54545483906304,-84.36756076619378,33.75592896175998
63,4,17,284.0340992496772,-84.3672371739793,33.755922056018846
64,4,18,263.02209639241886,-84.36691358187508,33.75591514943073
65,4,19,243.89726698909587,-84.36658998988115,33.7559082419956
66,4,20,227.1368100921507,-84.36626639799748,33.75590133371347
67,4,21,213.29881423234676,-84.3659428062241,33.75589442458433
68,4,22,202.98186570975398,-84.36561921456105,33.75588751460819
69,4,23,196.74067058211432,-84.3652956230083,33.75588060378505
70,4,24,194.96703597066724,-84.3649720315659,33.75587369211492
71,4,25,195.87887797717784,-84.36464844023384,33.75586677959779
72,4,26,200.43842225890586,-84.36432484901215,33.75585986623365
73,4,27,209.2428909131222,-84.36400125790082,33.755852952022515
74,4,28,221.78731631390033,-84.36367766689989,33.75584603696439
75,4,29,237.47976747033294,-84.36335407600937,33.75583912105927
76,4,30,255.74140501257264,-84.36303048522926,33.755832204307154
77,4,31,276.06284161010524,-84.36270689455958,33.755825286708045
78,4,32,298.0230172283466,-84.36238330400035,33.75581836826194
79,4,33,321.2860798072781,-84.36205971355156,33.755811448968856
80,4,34,345.5890208874842,-84.36173612321325,33.75580452882878
81,5,14,339.357315003483,-84.36819968590899,33.75621306272525
82,5,15,313.47829414564035,-84.36787609246069,33.75620615860805
83,5,16,288.3988463127896,-84.3675524991226,33.75619925364383
84,5,17,264.3466440275636,-84.36722890589476,33.756192347832595
85,5,18,241.62864454100404,-84.36690531277718,33.756185441174345
86,5,19,220.65732599850455,-84.36658171976988,33.75617853366908
87,5,20,201.97749669430436,-84.36625812687284,33.75617162531681
88,5,21,186.27979714661802,-84.36593453408612,33.756164716117524
89,5,22,174.3714898688217,-84.36561094140968,33.756157806071236
90,5,23,167.06486803981267,-84.3652873488436,33.756150895177925
91,5,24,164.97237513552653,-84.36496375638782,33.75614398343761
92,5,25,165.98450126465772,-84.36464016404243,33.7561370708503
93,5,26,171.34141630125063,-84.36431657180736,33.756130157415974
94,5,27,181.56240585583734,-84.3639929796827,33.75612324313464
95,5,28,195.8875532038754,-84.36366938766842,33.75611632800631
96,5,29,213.49229442825902,-84.36334579576454,33.756109412030966
97,5,30,233.63643992383498,-84.36302220397108,33.75610249520863
98,5,31,255.72057473016338,-84.36269861228806,33.756095577539284
99,5,32,279.2848700169173,-84.36237502071548,33.75608865902295
100,5,33,303.9853037572832,-84.36205142925334,33.75608173965961
101,5,34,329.566520114603,-84.3617278379017,33.75607481944927
102,6,14,325.8330338047896,-84.36819142075433,33.756483354735664
103,6,15,298.78490519522666,-84.36786782629264,33.75647645054836
104,6,16,272.35578427235214,-84.3675442319412,33.75646954551404
105,6,17,246.74465927491815,-84.36722063769996,33.756462639632694
106,6,18,222.2345169742605,-84.36689704356901,33.75645573290432
107,6,19,199.23211133968917,-84.36657344954831,33.756448825328924
108,6,20,178.32186585766127,-84.36624985563792,33.75644191690651
109,6,21,160.32448813903994,-84.36592626183781,33.75643500763707
110,6,22,146.31881338752234,-84.36560266814801,33.756428097520626
111,6,23,137.5298106056284,-84.36527907456853,33.75642118655716
112,6,24,134.9781003961942,-84.36495548109941,33.75641427474666
113,6,25,136.13660228812898,-84.36463188774063,33.75640736208917
114,6,26,142.61907573181617,-84.36430829449222,33.75640044858465
115,6,27,154.74891612750906,-84.36398470135417,33.756393534233126
116,6,28,171.33083004141477,-84.36366110832653,33.75638661903457
117,6,29,191.21004053846514,-84.36333751540928,33.75637970298903
118,6,30,213.46734148989347,-84.36301392260248,33.75637278609646
119,6,31,237.4349008945486,-84.36269032990609,33.75636586835688
120,6,32,262.6449284544543,-84.36236673732014,33.7563589497703
121,6,33,288.77220212978733,-84.36204314484466,33.7563520303367
122,6,34,315.58899062376696,-84.36171955247966,33.7563451100561
123,6,35,342.9335756133677,-84.36139596022514,33.756338188928495
124,7,13,343.0243299481915,-84.36850675107478,33.75676055014281
125,7,14,314.596478986166,-84.36818315548946,33.75675364673244
126,7,15,286.48943827754033,-84.36785956001437,33.756746742475045
127,7,16,258.8077508473578,-84.36753596464952,33.75673983737061
128,7,17,231.7039178623345,-84.3672123693949,33.75673293141915
129,7,18,205.40681392505672,-84.36688877425055,33.756726024620654
130,7,19,180.26983347451758,-84.36656517921648,33.756719116975134
131,7,20,156.85173417918506,-84.36624158429268,33.756712208482575
132,7,21,136.04308203324842,-84.3659179894792,33.75670529914299
133,7,22,119.21817740257812,-84.36559439477601,33.75669838895638
134,7,23,108.25076201708706,-84.36527080018315,33.75669147792274
135,7,24,104.9838256568619,-84.36494720570064,33.75668456604208
136,7,25,106.37431224236066,-84.36462361132848,33.7566776533144
137,7,26,114.55357080893009,-84.36430001706668,33.75667073973969
138,7,27,129.34274956532306,-84.36397642291527,33.75666382531796
139,7,28,148.7836454223353,-84.36365282887425,33.75665691004921
140,7,29,171.2997356250164,-84.36332923494363,33.75664999393343
141,7,30,195.83315782890762,-84.36300564112344,33.75664307697065
142,7,31,221.71524978062098,-84.36268204741367,33.75663615916083
143,7,32,248.52500531198962,-84.36235845381435,33.756629240504
144,7,33,275.99221826958416,-84.36203486032551,33.75662232100015
145,7,34,303.938695834221,-84.36171126694713,33.756615400649295
146,7,35,332.2435207877626,-84.36138767367925,33.75660847945143
147,8,13,335.0663659761537,-84.3684984867131,33.75703084219603
148,8,14,305.89985822578143,-84.36817489011437,33.75702393871558
149,8,15,276.9114965411162,-84.36785129362588,33.757017034388085
150,8,16,248.1637172729487,-84.36752769724761,33.75701012921354
151,8,17,219.7509595537991,-84.36720410097959,33.75700322319196
152,8,18,191.8221516897954,-84.36688050482184,33.756996316323345
153,8,19,164.62378787098268,-84.36655690877436,33.75698940860768
154,8,20,138.5865981510396,-84.36623331283715,33.756982500044984
155,8,21,114.50545332500614,-84.36590971701027,33.75697559063526
156,8,22,93.89756384088241,-84.36558612129367,33.75696868037849
157,8,23,79.5110441972687,-84.36526252568743,33.75696176927468
158,8,24,74.98955091752958,-84.36493893019151,33.75695485732384
159,8,25,76.79722734262143,-84.36461533480596,33.756947944525976
160,8,26,87.77722032256204,-84.36429173953077,33.75694103088108
161,8,27,106.35725968450352,-84.36396814436596,33.75693411638915
162,8,28,129.30155825680615,-84.36364454931156,33.75692720105018
163,8,29,154.68005445977693,-84.36332095436755,33.75692028486419
164,8,30,181.47436603476777,-84.36299735953396,33.75691336783116
165,8,31,209.14103329514796,-84.36267376481081,33.75690644995112
166,8,32,237.37522635650822,-84.36235017019813,33.75689953122405
167,8,33,265.9962863798005,-84.36202657569588,33.75689261164995
168,8,34,294.8915913482209,-84.3617029813041,33.756885691228824
169,8,35,323.9877728062086,-84.36137938702285,33.756878769960686
170,9,13,329.6562577603006,-84.36849022224119,33.75730113423562
171,9,14,299.9641677511052,-84.36816662462907,33.757294230685076
172,9,15,270.3400739600043,-84.36784302712714,33.757287326287475
173,9,16,240.80907217708392,-84.36751942973547,33.75728042104283
174,9,17,211.41017689996724,-84.36719583245402,33.75727351495113
175,9,18,182.20734494241134,-84.36687223528284,33.757266608012394
176,9,19,153.31265507142683,-84.36654863822194,33.7572597002266
177,9,20,124.94008107544083,-84.36622504127133,33.757252791593764
178,9,21,97.54628395395264,-84.36590144443102,33.75724588211388
179,9,22,72.25324329960964,-84.36557784770102,33.757238971786954
180,9,23,52.20904922903704,-84.36525425108137,33.757232060612985
181,9,24,44.995276178197265,-84.36493065457205,33.75722514859197
182,9,25,47.75074816160811,-84.36460705817308,33.75721823572391
183,9,26,63.93090199609762,-84.36428346188447,33.75721132200882
184,9,27,87.71651218599584,-84.36395986570626,33.757204407446686
185,9,28,114.46052939820467,-84.36363626963843,33.75719749203751
186,9,29,142.50697902263803,-84.36331267368104,33.7571905757813
187,9,30,171.2170124438571,-84.36298907783406,33.757183658678066
188,9,31,200.30549575646006,-84.3626654820975,33.75717674072777
189,9,32,229.61503646799164,-84.3623418864714,33.757169821930454
190,9,33,258.95943781146957,-84.36201829095577,33.7571629022861
191,9,34,288.3038391549474,-84.36169469555063,33.757155981794725
192,9,35,317.6482404984253,-84.36137110025595,33.7571490604563
193,9,36,346.9926418419032,-84.3610475050718,33.75714213827085
194,10,13,326.92052084961836,-84.3684819576591,33.75757142626155
195,10,14,296.9550144494502,-84.36815835903353,33.75756452264091
196,10,15,266.99725515585476,-84.36783476051816,33.75755761817323
197,10,16,237.05018016202396,-84.36751116211305,33.757550712858475
198,10,17,207.11842402098236,-84.36718756381818,33.75754380669666
199,10,18,177.20974923243605,-84.36686396563357,33.75753689968779
200,10,19,147.33821254891853,-84.36654036755924,33.757529991831866
201,10,20,117.53213403660179,-84.36621676959521,33.7575230831289
202,10,21,87.85815946902801,-84.36589317174146,33.75751617357886
203,10,22,58.517602816354184,-84.36556957399804,33.75750926318177
204,10,23,30.488743717313305,-84.36524597636496,33.75750235193763
205,10,24,15.001001438864954,-84.36492237884221,33.75749543984644
206,10,25,21.50473837256244,-84.36459878142982,33.757488526908205
207,10,26,47.639060155650405,-84.36427518412779,33.75748161312292
208,10,27,76.65555351474418,-84.36395158693617,33.75747469849057
209,10,28,105.99995485822208,-84.36362798985493,33.757467783011194
210,10,29,135.34435620169998,-84.3633043928841,33.75746086668477
211,10,30,164.68875754517788,-84.3629807960237,33.75745394951129
212,10,31,194.03315888865578,-84.36265719927374,33.75744703149077
213,10,32,223.3775602321337,-84.36233360263424,33.7574401126232
214,10,33,252.72196157561157,-84.3620100061052,33.75743319290861
215,10,34,282.0073192455739,-84.36168640968661,33.75742627234696
216,10,35,311.1636927521821,-84.36136281337855,33.75741935093827
217,10,36,340.3200662587903,-84.36103921718097,33.75741242868254
218,11,13,326.92629998922655,-84.36847369296682,33.75784171827385
219,11,14,296.9613767457532,-84.36815009332777,33.757834814583134
220,11,15,267.0043312997387,-84.36782649379897,33.75782791004533
221,11,16,237.05815022248868,-84.3675028943804,33.75782100466048
222,11,17,207.1275458286402,-84.36717929507208,33.75781409842855
223,11,18,177.22041049236645,-84.36685569587404,33.757807191349556
224,11,19,147.3463280660731,-84.36653209678626,33.7578002834235
225,11,20,117.47993015027573,-84.36620849780877,33.757793374650376
226,11,21,87.61353223447834,-84.3658848989416,33.757786465030186
227,11,22,57.747134318680956,-84.36556130018474,33.757779554562944
228,11,23,27.880736402883585,-84.3652377015382,33.75777264324864
229,11,24,0.0,-84.36491410300202,33.757765731087275
230,11,25,11.729274591930446,-84.3645905045762,33.75775881807885
231,11,26,41.073675935408346,-84.36426690626074,33.75775190422337
232,11,27,70.41807727888623,-84.36394330805568,33.75774498952083
233,11,28,99.76247862236413,-84.363619709961,33.75773807397123
234,11,29,129.106879965842,-84.36329611197675,33.75773115757458
235,11,30,158.3174155521445,-84.36297251410292,33.75772424033088
236,11,31,187.47378905875266,-84.36264891633952,33.757717322240126
237,11,32,216.63016256536082,-84.3623253186866,33.75771040330232
238,11,33,245.78653607196898,-84.36200172114413,33.75770348351746
239,11,34,274.94290957857714,-84.36167812371214,33.75769656288555
240,11,35,303.96380238699584,-84.36135452639063,33.757689641406586
241,11,36,331.8502433985238,-84.36103092917965,33.75768271908058
242,12,13,329.3728378239948,-84.36846542816428,33.75811201027252
243,12,14,299.5064399081975,-84.3681418275118,33.7581051065117
244,12,15,269.64004199240014,-84.36781822696953,33.75809820190381
245,12,16,239.77364407660272,-84.3674946265375,33.75809129644884
246,12,17,209.90724616080536,-84.36717102621571,33.75808439014679
247,12,18,180.040848245008,-84.3668474260042,33.75807748299767
248,12,19,150.1744503292106,-84.36652382590297,33.75807057500149
249,12,20,120.30805241341324,-84.36620022591204,33.75806366615822
250,12,21,90.44165449761584,-84.3658766260314,33.75805675646789
251,12,22,60.575256581818465,-84.36555302626108,33.75804984593048
252,12,23,30.708858666021097,-84.3652294266011,33.758042934546
253,12,24,0.8424607502237189,-84.36490582705146,33.75803602231446
254,12,25,5.471138352106889,-84.36458222761219,33.75802910923585
255,12,26,34.62751185871506,-84.3642586282833,33.758022195310176
256,12,27,63.78388536532323,-84.36393502906478,33.758015280537435
257,12,28,92.94025887193138,-84.36361142995666,33.75800836491762
258,12,29,122.09663237853955,-84.36328783095897,33.758001448450756
259,12,30,151.2530058851477,-84.3629642320717,33.75799453113682
260,12,31,180.37619724214946,-84.36264063329486,33.757987612975825
261,12,32,209.1550929737644,-84.36231703462849,33.757980693967774
262,12,33,237.38182272808203,-84.36199343607258,33.75797377411266
263,12,34,264.7730968338523,-84.36166983762716,33.75796685341049
264,12,35,290.93486741248256,-84.36134623929222,33.75795993186126
265,12,36,314.5659898372389,-84.36102264106779,33.75795300946497
266,12,37,331.72786124777286,-84.3606990429539,33.75794608622163
267,12,38,348.79147296625814,-84.36037544495053,33.75793916213124
268,13,13,332.20096008713233,-84.36845716325156,33.75838230225753
269,13,14,302.33456217133494,-84.3681335615856,33.75837539842663
270,13,15,272.4681642555376,-84.36780996002986,33.758368493748634
271,13,16,242.60176633974027,-84.36748635858434,33.75836158822354
272,13,17,212.73536842394284,-84.36716275724909,33.75835468185139
273,13,18,182.88557525860804,-84.36683915602411,33.75834777463215
274,13,19,153.09408219242044,-84.3665155549094,33.75834086656582
275,13,20,123.40365621409764,-84.36619195390499,33.75833395765241
276,13,21,93.91020568433875,-84.36586835301088,33.758327047891925
277,13,22,64.88286524896249,-84.36554475222711,33.75832013728436
278,13,23,36.28821860431137,-84.36522115155367,33.75831322582972
279,13,24,7.6935719596602725,-84.36489755099056,33.758306313527996
280,13,25,0.0,-84.36457395053782,33.758299400379194
281,13,26,27.563102191718286,-84.36425035019546,33.75829248638333
282,13,27,56.71947569832645,-84.36392674996348,33.75828557154038
283,13,28,85.56748782891809,-84.36360314984192,33.75827865585036
284,13,29,114.34638356053306,-84.36327954983075,33.75827173931327
285,13,30,142.82306569892026,-84.36295594993003,33.75826482192911
286,13,31,170.42491562663014,-84.36263235013973,33.75825790369788
287,13,32,197.69595026918086,-84.36230875045992,33.75825098461958
288,13,33,224.28138716398828,-84.36198515089056,33.75824406469421
289,13,34,249.42866472658784,-84.36166155143168,33.758237143921775
290,13,35,272.2646200139555,-84.36133795208329,33.758230222302274
291,13,36,290.4411743221076,-84.36101435284543,33.7582232998357
292,13,37,306.8683649833512,-84.36069075371807,33.75821637652207
293,13,38,325.2388524046683,-84.36036715470127,33.75820945236137
294,13,39,344.99525304403596,-84.360043555795,33.75820252735362
295,14,13,335.52253110119983,-84.36844889822864,33.75865259422891
296,14,14,305.88565386631524,-84.36812529554916,33.75864569032791
297,14,15,276.32715683749007,-84.36780169297992,33.75863878557982
298,14,16,246.87519513016787,-84.36747809052093,33.75863187998463
299,14,17,217.57303678357314,-84.36715448817219,33.75862497354234
300,14,18,188.49055864921638,-84.36683088593371,33.75861806625298
301,14,19,159.74128496236006,-84.36650728380553,33.758611158116516
302,14,20,131.14663831770898,-84.36618368178763,33.758604249132965
303,14,21,102.55199167305788,-84.36586007988005,33.75859733930232
304,14,22,73.95734502840678,-84.36553647808279,33.7585904286246
305,14,23,45.36269838375567,-84.36521287639587,33.75858351709979
306,14,24,16.76805173910457,-84.36488927481929,33.758576604727885
307,14,25,0.0,-84.36456567335307,33.7585696915089
308,14,26,19.5376741473017,-84.36424207199724,33.75856277744283
309,14,27,48.26430866975849,-84.36391847075178,33.75855586252969
310,14,28,75.86615859746838,-84.36359486961675,33.75854894676946
311,14,29,103.46800852517825,-84.36327126859211,33.75854203016215
312,14,30,130.61880370450942,-84.36294766767791,33.75853511270776
313,14,31,157.28762421861606,-84.36262406687416,33.75852819440628
314,14,32,182.7751844780936,-84.36230046618087,33.75852127525773
315,14,33,207.18513547456794,-84.36197686559805,33.758514355262115
316,14,34,229.96325019067214,-84.36165326512571,33.75850743441942
317,14,35,249.5371266068201,-84.36132966476386,33.75850051272963
318,14,36,265.1054417418445,-84.36100606451252,33.75849359019279
319,14,37,283.00708988837874,-84.36068246437173,33.75848666680887
320,14,38,302.6464403623556,-84.36035886434145,33.75847974257787
321,14,39,322.5384598220301,-84.36003526442174,33.758472817499815
322,14,40,342.4304792817047,-84.35971166461259,33.75846589157467
323,15,13,341.25785842787167,-84.36844063309547,33.75892288618665
324,15,14,312.16596595952757,-84.3681170294025,33.758915982215555
325,15,15,283.26357808252106,-84.36779342581977,33.75890907739736
326,15,16,254.59970467575772,-84.36746982234727,33.75890217173205
327,15,17,226.0050580311066,-84.36714621898503,33.758895265219664
328,15,18,197.4104113864555,-84.36682261573306,33.758888357860165
329,15,19,168.8157647418044,-84.36649901259136,33.75888144965356
330,15,20,140.22111809715327,-84.36617540955997,33.75887454059986
331,15,21,111.62647145250217,-84.3658518066389,33.758867630699065
332,15,22,83.03182480785108,-84.36552820382815,33.758860719951194
333,15,23,54.43717816319998,-84.36520460112772,33.7588538083562
334,15,24,25.842531518548874,-84.36488099853766,33.75884689591413
335,15,25,0.0,-84.36455739605795,33.758839982624956
336,15,26,8.909251496016493,-84.36423379368861,33.75883306848869
337,15,27,36.511101423726366,-84.3639101914297,33.758826153505346
338,15,28,63.54165713983795,-84.36358658928117,33.7588192376749
339,15,29,90.2104776539446,-84.36326298724305,33.758812320997365
340,15,30,116.12170422959933,-84.36293938531537,33.758805403472735
341,15,31,141.2689817921989,-84.36261578349814,33.75879848510103
342,15,32,164.8837656512846,-84.36229218179136,33.75879156588224
343,15,33,187.66188036738876,-84.36196858019505,33.75878464581636
344,15,34,208.5886030877683,-84.36164497870924,33.7587777249034
345,15,35,223.592479870683,-84.36132137733392,33.75877080314335
346,15,36,240.84375586813982,-84.36099777606911,33.75876388053622
347,15,37,260.2976276806751,-84.36067417491483,33.758756957082014
348,15,38,280.1896471403497,-84.3603505738711,33.75875003278071
349,15,39,300.0816666000243,-84.3600269729379,33.75874310763235
350,15,40,319.9736860596989,-84.35970337211529,33.7587361816369
351,15,41,339.8657055193735,-84.35937977140325,33.75872925479436
352,16,14,320.8634777445041,-84.36810876314561,33.75918627408955
353,16,15,292.2688310998531,-84.36778515854935,33.759179369201256
354,16,16,263.674184455202,-84.36746155406334,33.759172463465845
355,16,17,235.0795378105509,-84.36713794968759,33.75916555688333
356,16,18,206.4848911658998,-84.36681434542211,33.7591586494537
357,16,19,177.8902445212487,-84.3664907412669,33.75915174117697
358,16,20,149.2955978765976,-84.366167137222,33.75914483205313
359,16,21,120.70095123194649,-84.36584353328742,33.75913792208219
360,16,22,92.10630458729538,-84.36551992946315,33.75913101126414
361,16,23,63.511657942644284,-84.36519632574922,33.759124099598985
362,16,24,34.91701129799317,-84.36487272214565,33.75911718708673
363,16,25,6.322364653342074,-84.36454911865245,33.759110273727366
364,16,26,0.0,-84.36422551526962,33.75910335952091
365,16,27,23.133331089273142,-84.36390191199719,33.75909644446736
366,16,28,49.4682239811051,-84.36357830883516,33.75908952856669
367,16,29,74.61550154370464,-84.36325470578355,33.75908261181894
368,16,30,99.76277910630417,-84.36293110284238,33.75907569422409
369,16,31,122.58239582800121,-84.36260750001163,33.75906877578214
370,16,32,145.36051054410535,-84.36228389729138,33.7590618564931
371,16,33,166.3872834096688,-84.36196029468158,33.75905493635696
372,16,34,182.50013388571813,-84.36163669218227,33.759048015373736
373,16,35,198.79239561476038,-84.36131308979347,33.759041093543416
374,16,36,217.9488149989947,-84.36098948751517,33.759034170866
375,16,37,237.84083445866926,-84.3606658853474,33.7590272473415
376,16,38,257.73285391834384,-84.36034228329018,33.75902032296991
377,16,39,277.62487337801844,-84.36001868134352,33.75901339775123
378,16,40,297.51689283769304,-84.3596950795074,33.75900647168547
379,16,41,317.9471292001867,-84.35937147778188,33.758999544772614
380,16,42,339.57761379521315,-84.35904787616695,33.758992617012666
381,17,14,329.93795752394846,-84.3681004967785,33.75945656594992
382,17,15,301.3433108792974,-84.3677768911687,33.759449660991514
383,17,16,272.7486642346463,-84.36745328566916,33.759442755186
384,17,17,244.15401758999522,-84.36712968027989,33.75943584853336
385,17,18,215.5593709453441,-84.36680607500088,33.75942894103361
386,17,19,186.964724300693,-84.36648246983215,33.759422032686736
387,17,20,158.3700776560419,-84.36615886477372,33.759415123492744
388,17,21,129.77543101139076,-84.3658352598256,33.75940821345165
389,17,22,101.18078436673969,-84.36551165498783,33.75940130256343
390,17,23,73.03399828825367,-84.36518805026039,33.75939439082812
391,17,24,46.146939030929964,-84.36486444564329,33.75938747824568
392,17,25,19.3429217867778,-84.36454084113657,33.759380564816134
393,17,26,0.0,-84.36421723674023,33.75937365053948
394,17,27,7.962021295210401,-84.36389363245428,33.75936673541572
395,17,28,33.10929885780995,-84.36357002827873,33.75935981944484
396,17,29,57.50291128861366,-84.36324642421361,33.75935290262687
397,17,30,80.28102600471783,-84.36292282025893,33.75934598496178
398,17,31,103.059140720822,-84.3625992164147,33.7593390664496
399,17,32,124.18596373156933,-84.36227561268092,33.75933214709031
400,17,33,142.17330658026592,-84.36195200905762,33.75932522688392
401,17,34,156.94304179490936,-84.36162840554479,33.75931830583042
402,17,35,175.60000231731425,-84.36130480214248,33.75931138392983
403,17,36,195.49202177698885,-84.3609811988507,33.75930446118213
404,17,37,215.38404123666345,-84.36065759566942,33.75929753758734
405,17,38,235.27606069633802,-84.3603339925987,33.75929061314545
406,17,39,255.1680801560126,-84.36001038963855,33.75928368785646
407,17,40,275.5208512951602,-84.35968678678894,33.759276761720386
408,17,41,297.16556886617985,-84.35936318404993,33.7592698347372
409,17,42,318.9235072975018,-84.35903958142151,33.759262906906926
410,17,43,340.68144572882386,-84.3587159789037,33.75925597822956
411,18,14,339.01243730339274,-84.36809223030114,33.75972685779663
412,18,15,310.41779065874175,-84.36776862367782,33.75971995276812
413,18,16,281.8231440140906,-84.36744501716474,33.7597130468925
414,18,17,253.2284973694395,-84.3671214107619,33.75970614016974
415,18,18,224.63385072478843,-84.36679780446934,33.75969923259986
416,18,19,196.03955791029907,-84.36647419828708,33.75969232418285
417,18,20,167.7108361376792,-84.36615059221513,33.759685414918714
418,18,21,140.0797660275511,-84.36582698625348,33.75967850480747
419,18,22,113.22882447488885,-84.36550338040216,33.7596715938491
420,18,23,86.42480723073668,-84.36517977466119,33.7596646820436
421,18,24,59.620789986584526,-84.36485616903056,33.75965776939098
422,18,25,32.81677274243236,-84.36453256351031,33.759650855891245
423,18,26,6.012755498280204,-84.36420895810043,33.75964394154439
424,18,27,0.0,-84.36388535280095,33.75963702635042
425,18,28,15.201541465330283,-84.36356174761188,33.75963011030934
426,18,29,37.97965618143445,-84.36323814253325,33.75962319342115
427,18,30,60.75777089753862,-84.36291453756505,33.75961627568583
428,18,31,81.98464405346986,-84.36259093270728,33.7596093571034
429,18,32,100.90306780155383,-84.36226732795998,33.75960243767386
430,18,33,115.51545429691183,-84.36194372332317,33.759595517397216
431,18,34,133.25118963563384,-84.36162011879684,33.75958859627346
432,18,35,153.14320909530844,-84.361296514381,33.75958167430258
433,18,36,173.035228554983,-84.36097291007569,33.75957475148461
434,18,37,192.92724801465758,-84.36064930588091,33.759567827819524
435,18,38,212.81926747433215,-84.36032570179667,33.759560903307325
436,18,39,233.094620337277,-84.360002097823,33.75955397794804
437,18,40,254.75352393714653,-84.35967849395989,33.75954705174164
438,18,41,276.51146236846853,-84.35935489020737,33.75954012468814
439,18,42,298.26940079979056,-84.35903128656545,33.75953319678753
440,18,43,320.563883744537,-84.35870768303413,33.759526268039814
441,18,44,343.3470213574165,-84.35838407961344,33.759519338445
442,19,14,348.0869170828371,-84.36808396371356,33.75999714962971
443,19,15,319.492270438186,-84.36776035607667,33.759990244531096
444,19,16,290.9028496211344,-84.36743674855003,33.75998333858536
445,19,17,262.5259686393525,-84.36711314113366,33.75997643179248
446,19,18,234.55340650343217,-84.36678953382754,33.75996952415247
447,19,19,207.14902074279345,-84.36646592663173,33.75996261566532
448,19,20,180.31070991884772,-84.36614231954621,33.75995570633105
449,19,21,153.50669267469559,-84.36581871257103,33.75994879614964
450,19,22,126.70267543054342,-84.36549510570616,33.75994188512111
451,19,23,99.89865818639124,-84.36517149895163,33.759934973245436
452,19,24,73.0946409422391,-84.36484789230747,33.75992806052264
453,19,25,46.290623698086925,-84.36452428577365,33.75992114695272
454,19,26,19.48660645393477,-84.36420067935025,33.75991423253567
455,19,27,0.0,-84.36387707303723,33.759907317271484
456,19,28,0.0,-84.36355346683463,33.7599004011602
457,19,29,18.456401074255247,-84.36322986074245,33.759893484201775
458,19,30,39.783324375370384,-84.3629062547607,33.759886566396226
459,19,31,58.70174812345436,-84.3625826488894,33.75987964774356
460,19,32,75.1082567438044,-84.36225904312857,33.75987272824377
461,19,33,90.93206079791413,-84.36193543747822,33.759865807896865
462,19,34,110.79439641362801,-84.36161183193835,33.75985888670284
463,19,35,130.6864158733026,-84.361288226509,33.75985196466169
464,19,36,150.57843533297716,-84.36096462119015,33.75984504177343
465,19,37,170.47045479265174,-84.36064101598186,33.759838118038054
466,19,38,190.6684676656024,-84.3603174108841,33.75983119345556
467,19,39,212.34147900811323,-84.35999380589689,33.75982426802596
468,19,40,234.0994174394352,-84.35967020102026,33.75981734174925
469,19,41,255.85735587075723,-84.35934659625421,33.75981041462542
470,19,42,278.26335284995633,-84.35902299159876,33.75980348665448
471,19,43,301.0464904628358,-84.35869938705395,33.759796557836424
472,19,44,323.8296280757153,-84.35837578261973,33.75978962817126
473,19,45,346.41061866021664,-84.35805217829618,33.759782697659
474,20,15,329.2540966402622,-84.36775208836528,33.76026053628042
475,20,16,301.50236557401854,-84.36742847982507,33.760253630264565
476,20,17,274.22452979094174,-84.36710487139511,33.76024672340158
477,20,18,247.39259536280662,-84.36678126307545,33.76023981569143
478,20,19,220.58857811865448,-84.36645765486607,33.76023290713415
479,20,20,193.7845608745023,-84.36613404676699,33.76022599772972
480,20,21,166.98054363035013,-84.36581043877824,33.76021908747817
481,20,22,140.176526386198,-84.3654868308998,33.76021217637946
482,20,23,113.37250914204581,-84.36516322313172,33.76020526443363
483,20,24,86.56849189789365,-84.36483961547398,33.760198351640646
484,20,25,59.91022115394253,-84.36451600792662,33.76019143800054
485,20,26,36.965387146026785,-84.36419240048966,33.76018452351329
486,20,27,16.210811847267614,-84.36386879316309,33.76017760817891
487,20,28,0.0,-84.36354518594693,33.760170691997395
488,20,29,0.0,-84.3632215788412,33.760163774968746
489,20,30,16.5004284453549,-84.3628979718459,33.760156857092966
490,20,31,35.17115997577904,-84.36257436496106,33.76014993837006
491,20,32,48.798990712296636,-84.36225075818668,33.76014301880002
492,20,33,68.44558373194758,-84.36192715152278,33.76013609838285
493,20,34,88.33760319162216,-84.36160354496938,33.76012917711856
494,20,35,108.22962265129674,-84.36127993852648,33.76012225500715
495,20,36,128.12164211097135,-84.36095633219409,33.760115332048606
496,20,37,148.24246049536018,-84.36063272597225,33.76010840824293
497,20,38,169.9294340790799,-84.36030911986096,33.76010148359014
498,20,39,191.68737251040193,-84.35998551386021,33.76009455809023
499,20,40,213.445445517809,-84.35966190797005,33.7600876317432
500,20,41,235.9628219553756,-84.35933830219047,33.760080704549026
501,20,42,258.74595956825505,-84.35901469652148,33.76007377650776
502,20,43,281.52909718113455,-84.35869109096312,33.76006684761936
503,20,44,304.03572516166577,-84.35836748551539,33.76005991788386
504,20,45,324.30630565485956,-84.35804388017829,33.76005298730122
505,20,46,345.74472740737286,-84.35772027495186,33.76004605587148
506,21,15,341.30260573782306,-84.36774382054364,33.76053082801611
507,21,16,314.4744808067655,-84.36742021098985,33.760523921930144
508,21,17,287.67046356261335,-84.36709660154631,33.76051701499702
509,21,18,260.86644631846116,-84.36677299221307,33.76051010721677
510,21,19,234.06242907430902,-84.3664493829901,33.76050319858934
511,21,20,207.25841183015683,-84.36612577387746,33.76049628911477
512,21,21,180.4543945860047,-84.36580216487512,33.760489378793054
513,21,22,153.65037734185256,-84.3654785559831,33.760482467624186
514,21,23,126.91044763623681,-84.36515494720145,33.76047555560818
515,21,24,101.56254035200364,-84.36483133853015,33.76046864274502
516,21,25,79.38208616726837,-84.36450772996922,33.76046172903471
517,21,26,58.62751086850921,-84.36418412151869,33.76045481447727
518,21,27,37.87293556975004,-84.36386051317855,33.76044789907267
519,21,28,17.118360270990873,-84.36353690494882,33.760440982820946
520,21,29,0.0,-84.36321329682951,33.76043406572208
521,21,30,0.0,-84.36288968882066,33.76042714777607
522,21,31,8.043206907342903,-84.36256608092225,33.76042022898293
523,21,32,26.096771050267144,-84.3622424731343,33.76041330934264
524,21,33,45.98879050994174,-84.36191886545684,33.760406388855216
525,21,34,65.88080996961632,-84.36159525788989,33.76039946752066
526,21,35,85.7728294292909,-84.36127165043344,33.76039254533895
527,21,36,105.81677383802617,-84.3609480430875,33.76038562231013
528,21,37,127.51738915004658,-84.3606244358521,33.76037869843417
529,21,38,149.27532758136857,-84.36030082872725,33.76037177371107
530,21,39,171.03854279925025,-84.35997722171295,33.760364848140846
531,21,40,193.66229106079484,-84.35965361480923,33.7603579217235
532,21,41,216.4454286736744,-84.35933000801612,33.760350994459
533,21,42,239.22856628655384,-84.35900640133357,33.7603440663474
534,21,43,261.66083166311495,-84.35868279476168,33.76033713738866
535,21,44,281.8908341416925,-84.3583591883004,33.7603302075828
536,21,45,303.35998255471094,-84.35803558194975,33.7603232769298
537,21,46,326.17804288162915,-84.35771197570978,33.760316345429686
538,21,47,350.0813509751487,-84.35738836958046,33.760309413082446
539,22,16,327.9483317624201,-84.36741194204436,33.760794213582074
540,22,17,301.1443145182679,-84.36708833158723,33.760787306578834
541,22,18,274.34029727411576,-84.36676472124039,33.76078039872842
542,22,19,247.53628002996356,-84.36644111100384,33.760773490030864
543,22,20,220.73226278581143,-84.36611750087759,33.760766580486155
544,22,21,193.9672365110812,-84.36579389086167,33.760759670094274
545,22,22,168.02373857067957,-84.36547028095606,33.760752758855254
546,22,23,143.66859297282213,-84.36514667116083,33.76074584676907
547,22,24,121.79878518850998,-84.36482306147595,33.760738933835725
548,22,25,101.0442098897508,-84.36449945190142,33.760732020055244
549,22,26,80.28963459099162,-84.3641758424373,33.76072510542759
550,22,27,59.53505929223247,-84.36385223308359,33.760718189952804
551,22,28,38.780483993473304,-84.36352862384028,33.760711273630854
552,22,29,18.025908694714136,-84.3632050147074,33.76070435646176
553,22,30,0.0,-84.36288140568496,33.76069743844551
554,22,31,0.0,-84.36255779677298,33.76069051958212
555,22,32,3.6399778282613005,-84.36223418797147,33.76068359987159
556,22,33,23.531997287935884,-84.36191057928043,33.7606766793139
557,22,34,43.42401674761047,-84.3615869706999,33.76066975790908
558,22,35,63.3920512150974,-84.36126336222988,33.7606628356571
559,22,36,85.10534422101325,-84.36093975387037,33.760655912557986
560,22,37,106.86328265233526,-84.3606161456214,33.76064898861174
561,22,38,128.64450253891903,-84.36029253748298,33.76064206381835
562,22,39,151.36176016621417,-84.35996892945512,33.760635138177804
563,22,40,174.14489777909364,-84.35964532153784,33.76062821169013
564,22,41,196.92803539197314,-84.35932171373116,33.760621284355324
565,22,42,219.2859381645641,-84.35899810603506,33.76061435617338
566,22,43,239.47923680080316,-84.3586744984496,33.76060742714429
567,22,44,260.9887765808915,-84.35835089097476,33.76060049726807
568,22,45,284.0422119046496,-84.35802728361057,33.76059356654472
569,22,46,308.29339075981056,-84.35770367635703,33.76058663497423
570,22,47,333.48111105230026,-84.35738006921416,33.76057970255662
571,23,16,341.4221827180746,-84.3674036729886,33.761064505220354
572,23,17,314.61816547392243,-84.36708006151787,33.761057598147005
573,23,18,287.8141482297703,-84.36675645015741,33.76105069022647
574,23,19,261.03700113252415,-84.36643283890726,33.76104378145877
575,23,20,234.83825038477818,-84.3661092277674,33.761036871843906
576,23,21,209.66089699156146,-84.36578561673788,33.76102996138189
577,23,22,185.9203582473649,-84.36546200581867,33.76102305007268
578,23,23,164.21548420975154,-84.36513839500984,33.761016137916315
579,23,24,143.4609089109924,-84.36481478431135,33.76100922491281
580,23,25,122.70633361223322,-84.36449117372324,33.76100231106212
581,23,26,101.95175831347406,-84.36416756324552,33.76099539636428
582,23,27,81.1971830147149,-84.3638439528782,33.76098848081927
583,23,28,60.442607715955724,-84.3635203426213,33.760981564427105
584,23,29,41.31010749759618,-84.36319673247483,33.7609746471878
585,23,30,22.486979277069786,-84.3628731224388,33.76096772910132
586,23,31,3.6638510565433906,-84.36254951251323,33.76096081016768
587,23,32,0.0,-84.36222590269813,33.7609538903869
588,23,33,1.075204065930039,-84.36190229299352,33.760946969758955
589,23,34,20.97414334429628,-84.3615786833994,33.76094004828387
590,23,35,42.69329929197993,-84.36125507391579,33.76093312596162
591,23,36,64.45123772330193,-84.36093146454269,33.760926202792206
592,23,37,86.28228638649381,-84.36060785528015,33.76091927877566
593,23,38,109.06122927163345,-84.36028424612815,33.76091235391196
594,23,39,131.84436688451294,-84.35996063708671,33.76090542820112
595,23,40,154.6275044973924,-84.35963702815586,33.76089850164313
596,23,41,176.91104466601325,-84.3593134193356,33.76089157423799
597,23,42,197.07401488854674,-84.35898981062594,33.76088464598571
598,23,43,218.63898094069708,-84.3586662020269,33.76087771688628
599,23,44,242.0079350543735,-84.3583425935385,33.7608707869397
600,23,45,266.7071001525404,-84.35801898516073,33.76086385614599
601,23,46,292.39192839691725,-84.35769537689362,33.76085692450513
602,23,47,318.38697750918584,-84.35737176873718,33.760849992017135
603,23,48,344.38202662145443,-84.35704816069143,33.760843058682
604,24,17,328.1117844283822,-84.36707179133822,33.76132788970152
605,24,18,301.7714879909954,-84.36674817896414,33.76132098171086
606,24,19,276.17878058935275,-84.36642456670037,33.76131407287302
607,24,20,251.56193418588634,-84.3661009545469,33.761307163188
608,24,21,228.23692649277103,-84.36577734250376,33.76130025265582
609,24,22,206.63218323099315,-84.36545373057095,33.76129334127646
610,24,23,185.87760793223396,-84.36513011874848,33.76128642904993
611,24,24,165.12303263347482,-84.36480650703638,33.761279515976234
612,24,25,144.36845733471566,-84.36448289543468,33.76127260205536
613,24,26,123.6138820359565,-84.36415928394334,33.76126568728731
614,24,27,102.85930673719731,-84.36383567256242,33.76125877167211
615,24,28,83.49324094058822,-84.36351206129191,33.76125185520972
616,24,29,64.67011272006184,-84.36318845013182,33.76124493790018
617,24,30,45.846984499535445,-84.3628648390822,33.76123801974346
618,24,31,27.023856279009053,-84.36254122814302,33.7612311007396
619,24,32,8.20072805848266,-84.36221761731433,33.76122418088856
620,24,33,0.0,-84.3618940065961,33.76121726019035
621,24,34,0.2812543629466063,-84.36157039598838,33.76121033864499
622,24,35,22.039192794268615,-84.36124678549116,33.76120341625246
623,24,36,43.97756076417326,-84.36092317510449,33.76119649301278
624,24,37,66.76069837705275,-84.36059956482833,33.76118956892594
625,24,38,89.54383598993222,-84.36027595466277,33.76118264399194
626,24,39,112.32697360281172,-84.35995234460772,33.76117571821078
627,24,40,134.53615116746244,-84.35962873466329,33.76116879158246
628,24,41,154.6804119140078,-84.35930512482943,33.761161864106995
629,24,42,176.32602324212522,-84.35898151510618,33.76115493578438
630,24,43,200.13920933909435,-84.35865790549356,33.761148006614604
631,24,44,225.43411400534123,-84.35833429599157,33.761141076597674
632,24,45,251.4216523531213,-84.35801068660022,33.7611341457336
633,24,46,277.41670146538985,-84.35768707731954,33.76112721402238
634,24,47,303.41175057765844,-84.35736346814952,33.761120281464
635,24,48,329.40679968992697,-84.3570398590902,33.76111334805847
636,25,17,342.91652915591214,-84.3670635210483,33.76159818124239
637,25,18,317.8056542163149,-84.36673990766059,33.761591273181594
638,25,19,293.6138990841242,-84.36641629438317,33.76158436427362
639,25,20,270.5878962904746,-84.36609268121607,33.76157745451846
640,25,21,249.04888225223476,-84.3657690681593,33.761570543916115
641,25,22,228.29430695347557,-84.36544545521285,33.76156363246659
642,25,23,207.5397316547164,-84.36512184237677,33.76155672016988
643,25,24,186.78515635595724,-84.36479822965104,33.76154980702599
644,25,25,166.03058105719805,-84.3644746170357,33.76154289303493
645,25,26,145.2760057584389,-84.36415100453074,33.76153597819668
646,25,27,125.67637438358031,-84.3638273921362,33.76152906251127
647,25,28,106.85324616305391,-84.36350377985208,33.761522145978674
648,25,29,88.03011794252751,-84.36318016767838,33.7615152285989
649,25,30,69.20698972200111,-84.36285655561514,33.76150831037196
650,25,31,50.38386150147471,-84.36253294366233,33.76150139129784
651,25,32,31.560733280948323,-84.36220933182003,33.761494471376544
652,25,33,12.737605060421929,-84.36188572008818,33.76148755060809
653,25,34,0.0,-84.36156210846686,33.76148062899245
654,25,35,1.6770298695925432,-84.36123849695603,33.76147370652966
655,25,36,24.460167482472027,-84.36091488555574,33.76146678321968
656,25,37,47.2433050953515,-84.36059127426599,33.76145985906255
657,25,38,70.02644270823099,-84.36026766308679,33.76145293405825
658,25,39,92.16125766891159,-84.35994405201816,33.761446008206775
659,25,40,112.30366841564037,-84.35962044106012,33.76143908150814
660,25,41,134.08478272338908,-84.35929683021267,33.76143215396235
661,25,42,158.5672273847084,-84.35897321947581,33.7614252255694
662,25,43,184.4563271970567,-84.35864960884959,33.76141829632926
663,25,44,210.4513763093253,-84.358325998334,33.76141136624199
664,25,45,236.4464254215939,-84.35800238792906,33.76140443530754
665,25,46,262.44147453386245,-84.35767877763476,33.76139750352595
666,25,47,288.43652364613104,-84.35735516745116,33.76139057089719
667,25,48,314.43157275839957,-84.35703155737825,33.76138363742127
668,25,49,340.42662187066816,-84.35670794741603,33.7613767030982
669,26,18,335.76008806798393,-84.36673163624673,33.7618615646387
670,26,19,312.95930186358527,-84.36640802195566,33.76185465566057
671,26,20,291.46558127347635,-84.36608440777492,33.76184774583527
672,26,21,270.7110059747172,-84.36576079370451,33.761840835162765
673,26,22,249.956430675958,-84.36543717974442,33.76183392364308
674,26,23,229.20185537719883,-84.36511356589469,33.761827011276196
675,26,24,208.44728007843966,-84.36478995215532,33.76182009806213
676,26,25,187.6927047796805,-84.36446633852634,33.76181318400087
677,26,26,167.85950782657235,-84.36414272500775,33.76180626909243
678,26,27,149.03637960604595,-84.36381911159958,33.761799353336805
679,26,28,130.21325138551956,-84.36349549830182,33.761792436733984
680,26,29,111.39012316499318,-84.36317188511448,33.76178551928398
681,26,30,92.56699494446677,-84.3628482720376,33.761778600986815
682,26,31,73.74386672394037,-84.36252465907118,33.761771681842454
683,26,32,54.920738503413986,-84.36220104621523,33.761764761850905
684,26,33,36.097610282887594,-84.36187743346979,33.76175784101218
685,26,34,15.099737541370033,-84.36155382083481,33.76175091932628
686,26,35,0.0,-84.36123020831037,33.76174399679321
687,26,36,4.942774200770802,-84.36090659589647,33.76173707341295
688,26,37,27.725911813650285,-84.36058298359309,33.76173014918552
689,26,38,49.78636417036079,-84.36025937140026,33.7617232241109
690,26,39,69.92877491708956,-84.35993575931802,33.76171629818913
691,26,40,92.01408285460677,-84.35961214734635,33.761709371420174
692,26,41,117.49100204099207,-84.35928853548529,33.76170244380405
693,26,42,143.48605115326066,-84.35896492373483,33.761695515340755
694,26,43,169.48110026552928,-84.35864131209499,33.76168858603028
695,26,44,195.4761493777979,-84.35831770056578,33.76168165587264
696,26,45,221.47119849006646,-84.35799408914723,33.761674724867845
697,26,46,247.46624760233502,-84.35767047783932,33.76166779301588
698,26,47,273.46129671460363,-84.35734686664212,33.76166086031674
699,26,48,299.45634582687217,-84.35702325555559,33.761653926770435
700,26,49,325.73071048045153,-84.35669964457976,33.76164699237696
701,27,19,333.8831045598192,-84.36639974941785,33.76212494703388
702,27,20,313.12770499595877,-84.36607613422343,33.762118037138436
703,27,21,292.3731296971996,-84.36575251913936,33.76211112639578
704,27,22,271.61855439844044,-84.36542890416563,33.762104214805916
705,27,23,250.86397909968125,-84.36510528930224,33.76209730236886
706,27,24,230.10940380092208,-84.36478167454923,33.7620903890846
707,27,25,210.04492554730828,-84.36445805990658,33.76208347495316
708,27,26,191.219513049038,-84.36413444537435,33.762076559974524
709,27,27,172.3963848285116,-84.36381083095253,33.762069644148674
710,27,28,153.57325660798523,-84.36348721664112,33.762062727475644
711,27,29,134.75012838745883,-84.36316360244014,33.76205580995542
712,27,30,115.92700016693243,-84.36283998834962,33.762048891588
713,27,31,97.10387194640606,-84.36251637436955,33.762041972373396
714,27,32,78.28074372587965,-84.36219276049997,33.762035052311596
715,27,33,57.5261394364131,-84.36186914674086,33.76202813140262
716,27,34,36.323212732003675,-84.36154553309227,33.762021209646456
717,27,35,15.120286027594245,-84.36122191955418,33.7620142870431
718,27,36,0.0,-84.36089830612664,33.76200736359255
719,27,37,7.411470671809954,-84.36057469280962,33.76200043929483
720,27,38,27.55388141853873,-84.36025107960317,33.761993514149914
721,27,39,50.52567688492748,-84.3599274665073,33.761986588157825
722,27,40,76.52072599719608,-84.359603853522,33.76197966131854
723,27,41,102.51577510946466,-84.35928024064731,33.76197273363209
724,27,42,128.51082422173323,-84.35895662788322,33.761965805098455
725,27,43,154.50587333400188,-84.35863301522974,33.76195887571764
726,27,44,180.50092244627047,-84.35830940268691,33.76195194548965
727,27,45,206.49597155853905,-84.35798579025473,33.76194501441448
728,27,46,232.49102067080761,-84.35766217793322,33.76193808249214
729,27,47,258.66172845219603,-84.35733856572239,33.76193114972261
730,27,48,285.53470210810536,-84.35701495362224,33.761924216105925
731,27,49,312.9764247512124,-84.35669134163281,33.761917281642056
732,27,50,340.84955448428883,-84.35636772975408,33.76191034633102
733,28,20,334.7898287184412,-84.36606786056164,33.76238832842795
734,28,21,314.035253419682,-84.3657442444639,33.76238141761514
735,28,22,293.28067812092286,-84.36542062847649,33.762374505955115
736,28,23,272.52610282216364,-84.36509701259943,33.762367593447884
737,28,24,252.2860932317899,-84.36477339683275,33.76236068009344
738,28,25,233.40264649203007,-84.36444978117645,33.7623537658918
739,28,26,214.57951827150367,-84.36412616563055,33.76234685084296
740,28,27,195.75639005097727,-84.36380255019505,33.762339934946915
741,28,28,176.93326183045087,-84.36347893486999,33.76233301820366
742,28,29,158.1101336099245,-84.36315531965535,33.76232610061321
743,28,30,139.2870053893981,-84.36283170455116,33.76231918217557
744,28,31,120.4638771688717,-84.36250808955745,33.76231226289071
745,28,32,99.95254133145615,-84.36218447467421,33.76230534275866
746,28,33,78.74961462704675,-84.36186085990146,33.76229842177941
747,28,34,57.54668792263731,-84.36153724523919,33.76229149995298
748,28,35,36.34376121822788,-84.36121363068746,33.76228457727934
749,28,36,15.140834513818456,-84.36089001624626,33.76227765375851
750,28,37,0.0,-84.3605664019156,33.76227072939049
751,28,38,9.555400841131474,-84.36024278769551,33.76226380417527
752,28,39,35.55044995340007,-84.359919173586,33.762256878112865
753,28,40,61.54549906566866,-84.35959555958704,33.76224995120328
754,28,41,87.54054817793724,-84.3592719456987,33.76224302344649
755,28,42,113.53559729020583,-84.35894833192097,33.762236094842514
756,28,43,139.53064640247445,-84.35862471825386,33.762229165391346
757,28,44,165.52569551474303,-84.35830110469739,33.762222235093
758,28,45,191.601888773716,-84.35797749125157,33.762215303947464
759,28,46,218.4844619732541,-84.35765387791642,33.762208371954756
760,28,47,246.08867602112286,-84.35733026469197,33.76220143911485
761,28,48,274.19666811964737,-84.35700665157819,33.76219450542777
762,28,49,302.6681171679682,-84.35668303857511,33.762187570893495
763,28,50,331.40934209094456,-84.35635942568277,33.76218063551206
764,29,21,335.69737714216444,-84.36573596967807,33.76265170882085
765,29,22,314.9428018434053,-84.36541235267698,33.76264479709066
766,29,23,294.58050670087533,-84.36508873578624,33.76263788451325
767,29,24,275.5857799350221,-84.36476511900588,33.76263097108863
768,29,25,256.76265171449575,-84.36444150233591,33.7626240568168
769,29,26,237.93952349396935,-84.36411788577632,33.76261714169776
770,29,27,219.11639527344295,-84.36379426932716,33.76261022573149
771,29,28,200.29326705291655,-84.36347065298841,33.762603308918024
772,29,29,181.47013883239015,-84.36314703676011,33.76259639125735
773,29,30,162.64701061186375,-84.36282342064224,33.76258947274946
774,29,31,142.37894322649925,-84.36249980463485,33.76258255339437
775,29,32,121.17601652208981,-84.36217618873795,33.76257563319207
776,29,33,99.97308981768037,-84.36185257295152,33.76256871214256
777,29,34,78.77016311327094,-84.36152895727561,33.76256179024585
778,29,35,56.819544432177054,-84.36120534171022,33.762554867501926
779,29,36,30.391991086352988,-84.36088172625536,33.76254794391082
780,29,37,3.9644377405289344,-84.36055811091103,33.76254101947249
781,29,38,0.0,-84.36023449567728,33.762534094186975
782,29,39,20.575223021872645,-84.35991088055408,33.76252716805426
783,29,40,46.57027213414124,-84.35958726554148,33.762520241074334
784,29,41,72.56532124640982,-84.35926365063949,33.76251331324722
785,29,42,98.5603703586784,-84.3589400358481,33.76250638457291
786,29,43,124.56595761857773,-84.35861642116734,33.762499455051405
787,29,44,151.46238522986548,-84.35829280659722,33.7624925246827
788,29,45,179.34611922650302,-84.35796919213776,33.7624855934668
789,29,46,207.82013093945903,-84.35764557778896,33.7624786614037
790,29,47,236.63266866366888,-84.35732196355085,33.76247172849342
791,29,48,265.4825900372835,-84.35699834942342,33.762464794735955
792,29,49,294.3325114108981,-84.35667473540671,33.762457860131285
793,29,50,323.18243278451274,-84.35635112150071,33.762450924679435
794,30,22,336.9081136127914,-84.36540407676712,33.76291508821256
795,30,23,317.7689133780142,-84.3650804588627,33.762908175564974
796,30,24,298.94578515748776,-84.36475684106864,33.762901262070166
797,30,25,280.1226569369614,-84.36443322338496,33.76289434772815
798,30,26,261.299528716435,-84.36410960581169,33.76288743253889
799,30,27,242.47640049590862,-84.36378598834884,33.76288051650243
800,30,28,223.65327227538222,-84.3634623709964,33.76287359961873
801,30,29,204.83014405485582,-84.36313875375441,33.76286668188783
802,30,30,184.80534512154227,-84.36281513662287,33.76285976330971
803,30,31,163.60241841713287,-84.36249151960179,33.76285284388437
804,30,32,142.39949171272343,-84.3621679026912,33.76284592361181
805,30,33,121.19656500831401,-84.3618442858911,33.76283900249205
806,30,34,97.44514074714385,-84.3615206692015,33.76283208052506
807,30,35,71.01758740131979,-84.36119705262244,33.76282515771087
808,30,36,44.590034055495735,-84.3608734361539,33.76281823404947
809,30,37,18.16248070967168,-84.36054981979589,33.762811309540844
810,30,38,0.0,-84.36022620354846,33.762804384185024
811,30,39,5.599996090345234,-84.35990258741161,33.76279745798199
812,30,40,31.595045202613825,-84.35957897138533,33.76279053093175
813,30,41,57.590094314882414,-84.35925535546967,33.7627836030343
814,30,42,84.53548459255454,-84.35893173966461,33.762776674289654
815,30,43,113.00607386277858,-84.35860812397019,33.76276974469779
816,30,44,141.85599523639323,-84.3582845083864,33.76276281425873
817,30,45,170.70591661000785,-84.35796089291327,33.76275588297247
818,30,46,199.55583798362244,-84.35763727755081,33.762748950839004
819,30,47,228.4057593572371,-84.35731366229903,33.762742017858336
820,30,48,257.25568073085174,-84.35699004715795,33.76273508403047
821,30,49,286.1056021044663,-84.35666643212758,33.76272814935541
822,30,50,315.0585928770231,-84.35634281720793,33.762721213833146
823,30,51,344.19092068972657,-84.356019202399,33.76271427746368
824,31,23,341.12891860047984,-84.36507218182878,33.76317846660305
825,31,24,322.30579037995346,-84.36474856302101,33.76317155303806
826,31,25,303.48266215942704,-84.36442494432363,33.763164638625845
827,31,26,284.65953393890067,-84.36410132573666,33.76315772336639
828,31,27,265.83640571837424,-84.36377770726008,33.76315080725971
829,31,28,247.0132774978479,-84.36345408889396,33.763143890305805
830,31,29,227.23174701658536,-84.36313047063827,33.76313697250466
831,31,30,206.02882031217592,-84.36280685249302,33.763130053856315
832,31,31,184.8258936077665,-84.36248323445825,33.763123134360725
833,31,32,163.62296690335708,-84.36215961653397,33.76311621401791
834,31,33,138.07073706211065,-84.36183599872017,33.763109292827885
835,31,34,111.6431837162866,-84.36151238101688,33.76310237079063
836,31,35,85.21563037046255,-84.36118876342411,33.76309544790615
837,31,36,58.788077024638476,-84.36086514594189,33.763088524174464
838,31,37,32.36052367881443,-84.3605415285702,33.763081599595544
839,31,38,5.932970332990377,-84.36021791130908,33.76307467416942
840,31,39,0.0,-84.35989429415854,33.76306774789607
841,31,40,18.229400435502917,-84.35957067711858,33.763060820775515
842,31,41,47.07932180911754,-84.35924706018923,33.76305389280773
843,31,42,75.92924318273216,-84.35892344337049,33.763046963992736
844,31,43,104.77916455634679,-84.35859982666238,33.76304003433053
845,31,44,133.6290859299614,-84.35827621006491,33.76303310382111
846,31,45,162.47900730357603,-84.35795259357812,33.763026172464485
847,31,46,191.3707478028362,-84.35762897720198,33.76301924026064
848,31,47,220.5180899794923,-84.35730536093652,33.76301230720959
849,31,48,249.777104872823,-84.35698174478176,33.76300537331134
850,31,49,279.0361197661537,-84.35665812873772,33.76299843856588
851,31,50,308.29513465948446,-84.3563345128044,33.7629915029732
852,31,51,337.5541495528152,-84.35601089698181,33.76298456653333
853,32,24,345.6657956024191,-84.36474028486299,33.763441843992304
854,32,25,326.84266738189274,-84.3644166651519,33.76343492950989
855,32,26,308.0195391613663,-84.3640930455512,33.76342801418024
856,32,27,289.19641094083994,-84.36376942606093,33.76342109800335
857,32,28,269.6581489116284,-84.36344580668107,33.76341418097922
858,32,29,248.455222207219,-84.36312218741166,33.763407263107844
859,32,30,227.25229550280955,-84.36279856825271,33.763400344389254
860,32,31,205.12388672290152,-84.36247494920424,33.76339342482343
861,32,32,178.69633337707745,-84.36215133026623,33.76338650441036
862,32,33,152.2687800312534,-84.36182771143872,33.76337958315006
863,32,34,125.84122668542933,-84.36150409272173,33.763372661042546
864,32,35,99.41367333960528,-84.36118047411526,33.763365738087785
865,32,36,71.9005243319042,-84.36085685561933,33.7633588142858
866,32,37,42.903298128342406,-84.36053323723394,33.7633518896366
867,32,38,13.90607192478061,-84.36020961895913,33.76334496414016
868,32,39,0.0,-84.35988600079487,33.76333803779649
869,32,40,10.002491129071107,-84.35956238274123,33.76333111060561
870,32,41,38.85241250268573,-84.35923876479818,33.763324182567494
871,32,42,67.70233387630036,-84.35891514696574,33.76331725368217
872,32,43,96.85556472136794,-84.35859152924394,33.763310323949604
873,32,44,126.1145796146987,-84.35826791163278,33.76330339336983
874,32,45,155.37359450802944,-84.35794429413228,33.763296461942836
875,32,46,184.63260940136016,-84.35762067674246,33.763289529668626
876,32,47,213.89162429469084,-84.35729705946332,33.76328259654719
877,32,48,243.15063918802161,-84.35697344229487,33.76327566257855
878,32,49,272.40965408135236,-84.35664982523716,33.76326872776268
879,32,50,301.66866897468304,-84.35632620829014,33.763261792099605
880,32,51,330.9276838680138,-84.35600259145387,33.76325485558931
881,33,25,350.2026726043583,-84.36440838586975,33.7637052203803
882,33,26,331.379544383832,-84.36408476525533,33.76369830498044
883,33,27,312.0845508066715,-84.36376114475132,33.763691388733335
884,33,28,290.8816241022621,-84.36343752435775,33.76368447163898
885,33,29,269.67869739785266,-84.36311390407461,33.7636775536974
886,33,30,245.74948303786834,-84.36279028390193,33.76367063490856
887,33,31,219.32192969204428,-84.36246666383973,33.76366371527248
888,33,32,192.8943763462202,-84.362143043888,33.76365679478917
889,33,33,166.46682300039615,-84.36181942404677,33.76364987345861
890,33,34,137.5865872660546,-84.36149580431606,33.76364295128081
891,33,35,108.58936106249278,-84.36117218469587,33.763636028255775
892,33,36,79.59213485893099,-84.36084856518622,33.7636291043835
893,33,37,50.594908655369196,-84.36052494578712,33.763622179664
894,33,38,21.597682451807398,-84.36020132649858,33.76361525409725
895,33,39,0.0,-84.35987770732063,33.76360832768327
896,33,40,2.4520543565743735,-84.35955408825326,33.76360140042206
897,33,41,31.7110692499051,-84.3592304692965,33.76359447231362
898,33,42,60.97008414323584,-84.35890685045037,33.76358754335795
899,33,43,90.22909903656655,-84.35858323171486,33.76358061355504
900,33,44,119.4881139298973,-84.35825961309,33.763573682904905
901,33,45,148.74712882322802,-84.3579359945758,33.76356675140754
902,33,46,178.00614371655874,-84.35761237617226,33.763559819062955
903,33,47,207.26515860988945,-84.35728875787942,33.76355288587114
904,33,48,236.5241735032202,-84.35696513969727,33.7635459518321
905,33,49,265.78318839655094,-84.35664152162585,33.763539016945835
906,33,50,295.0422032898817,-84.35631790366513,33.76353208121235
907,33,51,324.30121818321237,-84.35599428581517,33.76352514463163
908,34,27,333.3080259973051,-84.3637528633313,33.76396167944967
909,34,28,312.1050992928957,-84.36342924192397,33.763954762285096
910,34,29,286.3750793528351,-84.3631056206271,33.76394784427327
911,34,30,259.9475260070111,-84.36278199944068,33.763940925414204
912,34,31,232.26987640376677,-84.36245837836474,33.76393400570788
913,34,32,203.27265020020496,-84.36213475739928,33.763927085154315
914,34,33,174.27542399664318,-84.36181113654432,33.76392016375348
915,34,34,145.27819779308138,-84.36148751579987,33.76391324150541
916,34,35,116.28097158951957,-84.36116389516594,33.76390631841009
917,34,36,87.28374538595777,-84.36084027464256,33.763899394467536
918,34,37,58.28651918239598,-84.36051665422973,33.763892469677735
919,34,38,29.289292978834187,-84.36019303392747,33.763885544040676
920,34,39,0.2920667752723874,-84.3598694137358,33.76387861755639
921,34,40,0.0,-84.3595457936547,33.76387169022485
922,34,41,25.084603565103695,-84.35922217368422,33.76386476204608
923,34,42,54.343618458434435,-84.35889855382435,33.76385783302006
924,34,43,83.60263335176516,-84.35857493407512,33.763850903146796
925,34,44,112.86164824509589,-84.35825131443654,33.763843972426315
926,34,45,142.1206631384266,-84.35792769490862,33.76383704085859
927,34,46,171.37967803175735,-84.35760407549138,33.763830108443614
928,34,47,200.63869292508807,-84.35728045618481,33.76382317518141
929,34,48,229.89770781841878,-84.35695683698896,33.76381624107199
930,34,49,259.23413313037463,-84.3566332179038,33.76380930611532
931,34,50,288.7068242908311,-84.3563095989294,33.763802370311424
932,34,51,318.27806239880385,-84.35598598006574,33.763795433660285
933,35,28,326.9531655414789,-84.36342095937977,33.76422505291757
934,35,29,297.95593933791713,-84.36309733706914,33.76421813483552
935,35,30,268.9587131343553,-84.36277371486895,33.7642112159062
936,35,31,239.96148693079354,-84.36245009277926,33.76420429612963
937,35,32,210.96426072723176,-84.36212647080005,33.7641973755058
938,35,33,181.96703452366995,-84.36180284893135,33.764190454034726
939,35,34,152.96980832010814,-84.36147922717315,33.76418353171638
940,35,35,123.97258211654636,-84.36115560552548,33.76417660855077
941,35,36,94.97535591298455,-84.36083198398835,33.764169684537926
942,35,37,65.97812970942276,-84.36050836256177,33.76416275967782
943,35,38,36.98090350586097,-84.36018474124577,33.76415583397047
944,35,39,7.983677302299175,-84.35986112004036,33.76414890741586
945,35,40,0.0,-84.35953749894553,33.764141980013996
946,35,41,18.458137880302292,-84.35921387796131,33.764135051764875
947,35,42,47.71715277363302,-84.35889025708771,33.76412812266853
948,35,43,76.97616766696375,-84.35856663632474,33.76412119272492
949,35,44,106.26369372316107,-84.35824301567243,33.764114261934076
950,35,45,135.7986274449408,-84.35791939513078,33.76410733029598
951,35,46,165.50094207638176,-84.3575957746998,33.76410039781064
952,35,47,195.29428163776305,-84.35727215437952,33.764093464478044
953,35,48,225.14251276169492,-84.35694853416992,33.764086530298215
954,35,49,255.02636268607606,-84.35662491407106,33.764079595271156
955,35,50,284.9346245669874,-84.35630129408291,33.764072659396845
956,35,51,314.86034188092043,-84.35597767420552,33.76406572267529
957,35,52,344.79896969337096,-84.35565405443889,33.764058785106506
958,36,28,334.6447760685057,-84.36341267672509,33.76449534353639
959,36,29,305.64754986494387,-84.3630890534007,33.76448842538411
960,36,30,276.6503236613821,-84.36276543018676,33.764481506384556
961,36,31,247.65309745782034,-84.3624418070833,33.76447458653773
962,36,32,218.65587125425853,-84.36211818409032,33.76446766584364
963,36,33,189.65864505069672,-84.36179456120786,33.7644607443023
964,36,34,160.48421526332947,-84.3614709384359,33.76445382191368
965,36,35,130.65900903071227,-84.36114731577447,33.764446898677804
966,36,36,100.83380279809506,-84.3608236932236,33.764439974594666
967,36,37,71.00859656547784,-84.36050007078326,33.764433049664255
968,36,38,41.18339033286064,-84.3601764484535,33.764426123886594
969,36,39,11.358184100243435,-84.35985282623433,33.76441919726167
970,36,40,0.0,-84.35952920412574,33.76441226978948
971,36,41,14.227991274297667,-84.35920558212777,33.764405341470045
972,36,42,44.22697459014482,-84.35888196024042,33.76439841230334
973,36,43,74.22595790599198,-84.35855833846372,33.76439148228938
974,36,44,104.22494122183913,-84.35823471679765,33.76438455142817
975,36,45,134.2239245376863,-84.35791109524224,33.76437761971972
976,36,46,164.22290785353346,-84.35758747379754,33.764370687163996
977,36,47,194.2218911693806,-84.3572638524635,33.764363753761025
978,36,48,224.22087448522774,-84.35694023124017,33.764356819510795
979,36,49,254.2198578010749,-84.35661661012757,33.764349884413335
980,36,50,284.2188411169221,-84.35629298912569,33.76434294846861
981,36,51,314.2178244327692,-84.35596936823455,33.76433601167664
982,36,52,344.2168077486163,-84.35564574745418,33.76432907403743
983,37,28,337.494668072601,-84.36340439395998,33.764765634141554
984,37,29,310.2532456161099,-84.3630807696218,33.76475871591904
985,37,30,282.684756197419,-84.36275714539408,33.76475179684925
986,37,31,253.19357377474861,-84.36243352127686,33.76474487693218
987,37,32,223.3683675421314,-84.3621098972701,33.76473795616784
988,37,33,193.5431613095142,-84.36178627337385,33.76473103455623
989,37,34,163.717955076897,-84.36146264958813,33.76472411209733
990,37,35,133.89274884427977,-84.36113902591293,33.76471718879118
991,37,36,104.06754261166256,-84.36081540234827,33.764710264637735
992,37,37,74.24233637904535,-84.36049177889417,33.76470333963704
993,37,38,44.41713014642815,-84.36016815555065,33.76469641378905
994,37,39,14.591923913810945,-84.3598445323177,33.76468948709381
995,37,40,0.0,-84.35952090919535,33.76468255955131
996,37,41,14.474973086430403,-84.35919728618362,33.76467563116153
997,37,42,44.47395640227756,-84.35887366328251,33.764668701924485
998,37,43,74.47293971812472,-84.35855004049203,33.76466177184018
999,37,44,104.47192303397188,-84.3582264178122,33.764654840908605
1000,37,45,134.47090634981902,-84.35790279524306,33.76464790912978
1001,37,46,164.46988966566613,-84.35757917278458,33.764640976503685
1002,37,47,194.4688729815133,-84.3572555504368,33.76463404303033
1003,37,48,224.46785629736044,-84.35693192819971,33.76462710870971
1004,37,49,254.4668396132076,-84.35660830607335,33.764620173541836
1005,37,50,284.46582292905475,-84.35628468405773,33.76461323752671
1006,37,51,314.4648062449019,-84.35596106215284,33.76460630066432
1007,37,52,344.46378956074903,-84.35563744035872,33.764599362954684
1008,38,27,350.7339958360768,-84.36371973654684,33.76504284217853
1009,38,28,324.92864632556496,-84.36339611108443,33.76503592473307
1010,38,29,297.6872238690738,-84.36307248573245,33.76502900644033
1011,38,30,270.44580141258274,-84.36274886049094,33.7650220873003
1012,38,31,243.20437895609163,-84.36242523535991,33.76501516731298
1013,38,32,215.76619864310499,-84.36210161033937,33.76500824647838
1014,38,33,188.06268471019683,-84.36177798542933,33.7650013247965
1015,38,34,160.35917077728868,-84.36145436062982,33.76499440226734
1016,38,35,131.4515392281941,-84.36113073594083,33.76498747889089
1017,38,36,101.60495011688195,-84.36080711136239,33.76498055466717
1018,38,37,71.75836100556984,-84.36048348689451,33.76497362959617
1019,38,38,41.9117718942577,-84.36015986253719,33.76496670367788
1020,38,39,12.065182782945577,-84.35983623829047,33.76495977691232
1021,38,40,0.0,-84.35951261415434,33.76495284929948
1022,38,41,14.721954898563135,-84.35918899012884,33.76494592083938
1023,38,42,44.72093821441029,-84.35886536621395,33.76493899153199
1024,38,43,74.71992153025744,-84.3585417424097,33.76493206137733
1025,38,44,104.71890484610459,-84.35821811871611,33.764925130375396
1026,38,45,134.71788816195175,-84.35789449513318,33.764918198526196
1027,38,46,164.7168714777989,-84.35757087166094,33.764911265829724
1028,38,47,194.71585479364603,-84.35724724829937,33.76490433228599
1029,38,48,224.71483810949317,-84.35692362504852,33.76489739789498
1030,38,49,254.71382142534034,-84.35660000190839,33.7648904626567
1031,38,50,284.71280474118754,-84.35627637887902,33.76488352657116
1032,38,51,314.71178805703465,-84.35595275596036,33.76487658963835
1033,38,52,344.71077137288177,-84.35562913315248,33.76486965185827
1034,39,27,332.514934572784,-84.36371145457464,33.76531313282662
1035,39,28,308.6808034435739,-84.36338782809841,33.765306215310936
1036,39,29,284.8466723143638,-84.36306420173263,33.76529929694796
1037,39,30,257.87977966554666,-84.36274057547732,33.765292377737694
1038,39,31,230.6383572090556,-84.36241694933247,33.76528545768013
1039,39,32,203.3969347525645,-84.36209332329813,33.76527853677528
1040,39,33,176.1555122960734,-84.3617696973743,33.76527161502312
1041,39,34,148.847641088791,-84.36144607156098,33.765264692423685
1042,39,35,121.14412715588283,-84.3611224458582,33.76525776897695
1043,39,36,93.44061322297468,-84.36079882026596,33.76525084468293
1044,39,37,65.7370992900665,-84.36047519478427,33.765243919541625
1045,39,38,38.03358535715833,-84.36015156941318,33.76523699355304
1046,39,39,9.035146740172381,-84.35982794415266,33.765230066717166
1047,39,40,0.0,-84.35950431900274,33.765223139034006
1048,39,41,14.96893671069587,-84.35918069396342,33.76521621050355
1049,39,42,44.96792002654302,-84.35885706903476,33.76520928112582
1050,39,43,74.96690334239017,-84.35853344421672,33.765202350900815
1051,39,44,104.96588665823734,-84.35820981950934,33.76519541982853
1052,39,45,134.96486997408448,-84.35788619491262,33.76518848790896
1053,39,46,164.96385328993162,-84.3575625704266,33.7651815551421
1054,39,47,194.96283660577876,-84.35723894605125,33.765174621527976
1055,39,48,224.96181992162593,-84.35691532178663,33.76516768706657
1056,39,49,254.96080323747307,-84.35659169763271,33.76516075175789
1057,39,50,284.9597865533202,-84.35626807358955,33.76515381560194
1058,39,51,314.9587698691674,-84.35594444965713,33.7651468785987
1059,39,52,344.9577531850145,-84.35562082583546,33.7651399407482
1060,40,26,336.87284790317767,-84.3640268000925,33.765590340199665
1061,40,27,314.2958733094911,-84.363703172492,33.76558342346107
1062,40,28,290.461742180281,-84.36337954500195,33.76557650587516
1063,40,29,266.6276110510709,-84.36305591762235,33.76556958744195
1064,40,30,242.79347992186086,-84.36273229035321,33.76556266816144
1065,40,31,218.07233546201957,-84.36240866319456,33.76555574803363
1066,40,32,190.83091300552846,-84.36208503614638,33.76554882705851
1067,40,33,163.58949054903738,-84.36176140920874,33.7655419052361
1068,40,34,136.34806809254627,-84.36143778238161,33.765534982566386
1069,40,35,109.10664563605519,-84.361114155665,33.76552805904937
1070,40,36,81.86522317956408,-84.36079052905896,33.765521134685066
1071,40,37,54.225569601568836,-84.36046690256347,33.76551420947346
1072,40,38,26.522055668660666,-84.36014327617856,33.76550728341455
1073,40,39,0.0,-84.35981964990422,33.76550035650836
1074,40,40,0.0,-84.3594960237405,33.765493428754866
1075,40,41,21.70151690748266,-84.3591723976874,33.76548650015409
1076,40,42,50.585963370554204,-84.35884877174492,33.76547957070601
1077,40,43,79.47040983362575,-84.35852514591308,33.76547264041065
1078,40,44,108.38318239001683,-84.3582015201919,33.765465709268
1079,40,45,137.64671542028782,-84.35787789458138,33.765458777278056
1080,40,46,167.17153557648425,-84.35755426908156,33.76545184444083
1081,40,47,196.84010350537255,-84.35723064369242,33.765444910756315
1082,40,48,226.59596287006488,-84.356907018414,33.76543797622451
1083,40,49,256.4087253390919,-84.3565833932463,33.76543104084543
1084,40,50,286.2606128530852,-84.35625976818933,33.76542410461907
1085,40,51,316.1405423415826,-84.35593614324311,33.765417167545415
1086,41,25,337.0427033467895,-84.36434214763801,33.76586754685218
1087,41,26,315.7447421954604,-84.36401851891326,33.76586063089068
1088,41,27,294.44678104413134,-84.36369489029892,33.765853714081864
1089,41,28,272.24268091698826,-84.36337126179502,33.765846796425734
1090,41,29,248.4085497877781,-84.36304763340159,33.76583987792229
1091,41,30,224.57441865856802,-84.36272400511862,33.765832958571536
1092,41,31,200.74028752935791,-84.36240037694614,33.765826038373476
1093,41,32,176.9061564001478,-84.36207674888414,33.7658191173281
1094,41,33,151.02346880200133,-84.36175312093266,33.76581219543542
1095,41,34,123.78204634551025,-84.3614294930917,33.76580527269543
1096,41,35,96.54062388901914,-84.36110586536127,33.76579834910813
1097,41,36,69.29920143252804,-84.3607822377414,33.76579142467352
1098,41,37,42.05777897603694,-84.36045861023209,33.76578449939162
1099,41,38,14.816356519545847,-84.36013498283336,33.76577757326241
1100,41,39,0.0,-84.3598113555452,33.765770646285894
1101,41,40,1.0391517223785447,-84.35948772836765,33.76576371846208
1102,41,41,29.806376716384573,-84.35916410130073,33.76575678979097
1103,41,42,58.69082317945612,-84.35884047434443,33.76574986027255
1104,41,43,87.57526964252767,-84.35851684749879,33.76574292990683
1105,41,44,116.4597161055992,-84.3581932207638,33.76573599869382
1106,41,45,145.34416256867075,-84.35786959413946,33.765729066633504
1107,41,46,174.22860903174234,-84.35754596762582,33.7657221337259
1108,41,47,203.11305549481386,-84.35722234122288,33.765715199971
1109,41,48,232.0754063345917,-84.35689871493065,33.7657082653688
1110,41,49,261.26365661218915,-84.35657508874914,33.76570132991931
1111,41,50,290.6172780606445,-84.35625146267837,33.765694393622525
1112,41,51,320.09077829325855,-84.35592783671835,33.76568745647846
1113,42,24,337.2125587904013,-84.36465749721123,33.766144752784136
1114,42,25,315.9145976390722,-84.3643338673622,33.76613783759974
1115,42,26,294.61663648774305,-84.36401023762357,33.766130921568035
1116,42,27,273.318675336414,-84.36368660799539,33.766124004689004
1117,42,28,252.0207141850849,-84.36336297847765,33.76611708696265
1118,42,29,230.18948852448526,-84.36303934907036,33.76611016838898
1119,42,30,206.35535739527515,-84.36271571977356,33.76610324896798
1120,42,31,182.52122626606504,-84.36239209058722,33.76609632869967
1121,42,32,158.68709513685494,-84.36206846151138,33.766089407584026
1122,42,33,134.85296400764486,-84.36174483254607,33.76608248562108
1123,42,34,111.01883287843476,-84.36142120369126,33.76607556281081
1124,42,35,83.97460214198311,-84.361097574947,33.76606863915323
1125,42,36,56.73317968549201,-84.36077394631329,33.76606171464834
1126,42,37,29.491757229000907,-84.36045031779013,33.766054789296135
1127,42,38,2.25033477250981,-84.36012668937757,33.76604786309661
1128,42,39,0.0,-84.35980306107558,33.76604093604978
1129,42,40,12.839630490524888,-84.3594794328842,33.766034008155636
1130,42,41,40.42130376903587,-84.35915580480345,33.76602707941419
1131,42,42,68.00297704754686,-84.35883217683332,33.76602014982542
1132,42,43,95.83977925034121,-84.35850854897383,33.76601321938935
1133,42,44,124.56457591450112,-84.358184921225,33.76600628810597
1134,42,45,153.44902237757265,-84.35786129358686,33.765999355975296
1135,42,46,182.3334688406442,-84.3575376660594,33.7659924229973
1136,42,47,211.21791530371576,-84.35721403864262,33.76598548917201
1137,42,48,240.10236176678728,-84.35689041133656,33.765978554499426
1138,42,49,268.98680822985887,-84.35656678414125,33.76597161897953
1139,42,50,297.8712546929304,-84.35624315705665,33.765964682612335
1140,42,51,326.7588869254178,-84.35591953008283,33.765957745397834
1141,43,23,338.8227457496655,-84.36497284881216,33.7664219579955
1142,43,24,316.24889247855344,-84.36464921783886,33.76641504358825
1143,43,25,294.7864919313549,-84.36432558697595,33.76640812833366
1144,43,26,273.4885307800258,-84.36400195622349,33.76640121223175
1145,43,27,252.1905696286967,-84.36367832558143,33.766394295282495
1146,43,28,230.8926084773676,-84.36335469504984,33.76638737748592
1147,43,29,209.59464732603848,-84.36303106462869,33.76638045884201
1148,43,30,188.1362961319823,-84.36270743431801,33.766373539350774
1149,43,31,164.3021650027722,-84.36238380411781,33.76636661901221
1150,43,32,140.46803387356212,-84.36206017402812,33.76635969782632
1151,43,33,116.63390274435199,-84.36173654404894,33.7663527757931
1152,43,34,92.79977161514189,-84.36141291418029,33.76634585291256
1153,43,35,68.96564048593181,-84.36108928442216,33.76633892918469
1154,43,36,44.16715793845597,-84.3607656547746,33.76633200460951
1155,43,37,16.925735481964868,-84.3604420252376,33.76632507918699
1156,43,38,0.0,-84.36011839581118,33.76631815291715
1157,43,39,0.0,-84.35979476649536,33.76631122580001
1158,43,40,24.640109258671234,-84.35947113729011,33.766304297835525
1159,43,41,52.22178253718222,-84.35914750819552,33.76629736902375
1160,43,42,79.80345581569321,-84.35882387921156,33.76629043936464
1161,43,43,107.3851290942042,-84.35850025033822,33.766283508858216
1162,43,44,134.9668023727152,-84.35817662157555,33.76627657750448
1163,43,45,162.57629955230692,-84.35785299292357,33.766269645303424
1164,43,46,190.70594011056178,-84.35752936438226,33.766262712255056
1165,43,47,219.33184449774942,-84.35720573595167,33.76625577835937
1166,43,48,248.20722157568923,-84.35688210763178,33.76624884361639
1167,43,49,277.09166803876076,-84.35655847942262,33.76624190802609
1168,43,50,305.9761145018323,-84.35623485132419,33.76623497158848
1169,43,51,334.86056096490387,-84.35591122333652,33.76622803430356
1170,44,22,342.577124936873,-84.36528820244084,33.76669916248625
1171,44,23,319.56995287215335,-84.36496457034326,33.76669224885616
1172,44,24,296.5627808074337,-84.36464093835609,33.766685334378714
1173,44,25,273.85468003128256,-84.36431730647931,33.766678419053925
1174,44,26,252.36042507230852,-84.36399367471296,33.766671502881806
1175,44,27,231.0624639209794,-84.36367004305703,33.76666458586234
1176,44,28,209.76450276965028,-84.36334641151154,33.76665766799553
1177,44,29,188.4665416183212,-84.36302278007652,33.76665074928139
1178,44,30,167.16858046699207,-84.36269914875197,33.766643829719904
1179,44,31,145.870619315663,-84.36237551753791,33.766636909311096
1180,44,32,122.24897261026923,-84.36205188643434,33.766629988054945
1181,44,33,98.41484148105914,-84.36172825544129,33.76662306595145
1182,44,34,74.58071035184905,-84.36140462455877,33.76661614300063
1183,44,35,50.74657922263896,-84.36108099378679,33.766609219202486
1184,44,36,26.912448093428853,-84.36075736312534,33.766602294557
1185,44,37,3.078316964218754,-84.36043373257449,33.766595369064184
1186,44,38,0.0,-84.3601101021342,33.76658844272404
1187,44,39,8.858914748306589,-84.35978647180451,33.76658151553657
1188,44,40,36.44058802681757,-84.35946284158543,33.76657458750178
1189,44,41,64.02226130532856,-84.35913921147696,33.76656765861965
1190,44,42,91.60393458383956,-84.35881558147913,33.76656072889019
1191,44,43,119.18560786235055,-84.35849195159196,33.76655379831341
1192,44,44,146.76728114086154,-84.35816832181543,33.766546866889314
1193,44,45,174.34895441937252,-84.3578446921496,33.766539934617896
1194,44,46,201.93062769788352,-84.35752106259444,33.766533001499155
1195,44,47,229.5123009763945,-84.35719743314999,33.766526067533086
1196,44,48,257.32187136506775,-84.35687380381626,33.7665191327197
1197,44,49,285.5735420170297,-84.35655017459324,33.766512197058994
1198,44,50,314.14956679499653,-84.35622654548098,33.766505260550964
1199,44,51,342.9654207738058,-84.35590291647947,33.76649832319563
1200,45,21,346.3315041240804,-84.3656035580973,33.766976366256365
1201,45,22,323.3243320593608,-84.36527992487545,33.76696945340343
1202,45,23,300.31715999464114,-84.364956291764,33.76696253970316
1203,45,24,277.30998792992153,-84.36463265876291,33.76695562515553
1204,45,25,254.30281586520186,-84.36430902587225,33.76694870976054
1205,45,26,231.47226519857762,-84.363985393092,33.766941793518214
1206,45,27,209.9343582132621,-84.36366176042218,33.76693487642852
1207,45,28,188.636397061933,-84.3633381278628,33.7669279584915
1208,45,29,167.3384359106039,-84.36301449541389,33.76692103970713
1209,45,30,146.0404747592748,-84.36269086307546,33.7669141200754
1210,45,31,124.74251360794567,-84.3623672308475,33.76690719959633
1211,45,32,103.44455245661655,-84.36204359873005,33.76690027826992
1212,45,33,80.1957802177663,-84.36171996672311,33.76689335609616
1213,45,34,56.3616490885562,-84.36139633482671,33.766886433075065
1214,45,35,32.527517959346106,-84.36107270304085,33.766879509206625
1215,45,36,8.693386830136001,-84.36074907136553,33.766872584490855
1216,45,37,0.0,-84.36042543980079,33.766865658927735
1217,45,38,0.0,-84.36010180834663,33.76685873251728
1218,45,39,21.065065022031174,-84.35977817700307,33.7668518052595
1219,45,40,48.24106679496392,-84.3594545457701,33.76684487715436
1220,45,41,75.82274007347492,-84.35913091464778,33.766837948201896
1221,45,42,103.40441335198591,-84.35880728363607,33.7668310184021
1222,45,43,130.98608663049689,-84.35848365273502,33.76682408775497
1223,45,44,158.5677599090079,-84.35816002194464,33.766817156260494
1224,45,45,186.14943318751887,-84.35783639126493,33.76681022391871
1225,45,46,213.73110646602987,-84.35751276069591,33.766803290729584
1226,45,47,241.31277974454085,-84.3571891302376,33.76679635669311
1227,45,48,268.8944530230518,-84.35686549988999,33.76678942180934
1228,45,49,296.47612630156283,-84.35654186965311,33.76678248607823
1229,45,50,324.13012105046295,-84.356218239527,33.7667755494998
1230,46,20,350.08588331128794,-84.36591891578159,33.76725356930582
1231,46,21,327.07871124656833,-84.36559528143547,33.76724665723009
1232,46,22,304.07153918184866,-84.3652716471997,33.767239744306984
1233,46,23,281.064367117129,-84.36494801307433,33.76723283053652
1234,46,24,258.0571950524093,-84.36462437905934,33.76722591591869
1235,46,25,235.05002298768966,-84.36430074515475,33.76721900045351
1236,46,26,212.04285092297,-84.36397711136058,33.767212084140965
1237,46,27,189.10958023665845,-84.36365347767688,33.76720516698107
1238,46,28,167.5082913542157,-84.36332984410359,33.767198248973806
1239,46,29,146.21033020288658,-84.36300621064078,33.7671913301192
1240,46,30,124.91236905155748,-84.36268257728844,33.76718441041724
1241,46,31,103.61440790022836,-84.36235894404659,33.76717748986791
1242,46,32,82.31644674889924,-84.36203531091525,33.76717056847124
1243,46,33,61.01848559757015,-84.3617116778944,33.76716364622722
1244,46,34,38.14258782526335,-84.36138804498411,33.76715672313585
1245,46,35,14.308456696053257,-84.36106441218436,33.76714979919712
1246,46,36,0.0,-84.36074077949515,33.76714287441104
1247,46,37,0.0,-84.36041714691652,33.76713594877762
1248,46,38,13.268066165373243,-84.36009351444847,33.76712902229686
1249,46,39,38.01846484070891,-84.35976988209102,33.76712209496875
1250,46,40,62.768863516044576,-84.35944624984417,33.76711516679328
1251,46,41,87.99633956915285,-84.35912261770795,33.767108237770486
1252,46,42,115.20489212013226,-84.35879898568237,33.76710130790034
1253,46,43,142.78656539864323,-84.35847535376743,33.76709437718286
1254,46,44,170.3682386771542,-84.35815172196317,33.767087445618024
1255,46,45,197.94991195566524,-84.35782809026956,33.76708051320587
1256,46,46,225.53158523417622,-84.35750445868666,33.76707357994635
1257,46,47,253.1132585126872,-84.35718082721448,33.767066645839506
1258,46,48,280.6949317911982,-84.35685719585301,33.76705971088532
1259,46,49,308.2766050697092,-84.35653356460226,33.767052775083805
1260,46,50,335.85827834822015,-84.35620993346225,33.76704583843495
1261,47,20,330.9778448052017,-84.3659106400233,33.76752386033607
1262,47,21,307.8259183690561,-84.36558700466325,33.767516948190156
1263,47,22,284.81874630433646,-84.36526336941355,33.767510035196885
1264,47,23,261.8115742396168,-84.36493973427426,33.76750312135623
1265,47,24,238.80440217489715,-84.36461609924534,33.76749620666822
1266,47,25,215.79723011017748,-84.36429246432684,33.76748929113283
1267,47,26,192.79005804545784,-84.36396882951875,33.76748237475008
1268,47,27,169.7828859807382,-84.36364519482112,33.76747545751997
1269,47,28,146.78370862738706,-84.36332156023393,33.76746853944248
1270,47,29,125.08222449516927,-84.3629979257572,33.767461620517636
1271,47,30,103.78426334384017,-84.36267429139095,33.767454700745425
1272,47,31,82.48630219251108,-84.36235065713518,33.767447780125856
1273,47,32,61.18834104118196,-84.36202702298992,33.76744085865892
1274,47,33,39.89037988985285,-84.36170338895518,33.76743393634463
1275,47,34,18.59241873852375,-84.36137975503098,33.76742701318297
1276,47,35,0.0,-84.3610561212173,33.76742008917396
1277,47,36,0.0,-84.36073248751418,33.7674131643176
1278,47,37,5.471067308715302,-84.36040885392165,33.76740623861387
1279,47,38,30.221465984050973,-84.3600852204397,33.767399312062786
1280,47,39,54.97186465938663,-84.35976158706833,33.767392384664355
1281,47,40,79.72226333472231,-84.3594379538076,33.76738545641856
1282,47,41,104.47266201005799,-84.35911432065748,33.76737852732543
1283,47,42,129.23015051913444,-84.358790687618,33.76737159738493
1284,47,43,155.0579716034087,-84.35846705468917,33.76736466659709
1285,47,44,182.16892521044545,-84.358143421871,33.7673577349619
1286,47,45,209.75039072381156,-84.35781978916353,33.76735080247936
1287,47,46,237.33206400232257,-84.35749615656674,33.76734386914947
1288,47,47,264.9137372808336,-84.35717252408065,33.767336934972235
1289,47,48,292.4954105593446,-84.35684889170528,33.76732999994765
1290,47,49,320.0770838378555,-84.35652525944064,33.767323064075725
1291,47,50,347.65875711636653,-84.35620162728677,33.76731612735645
1292,48,19,338.61148729741876,-84.36622600063902,33.76780106272136
1293,48,20,313.30143417742823,-84.36590236415466,33.76779415135267
1294,48,21,288.890702490573,-84.36557872778067,33.767787239136595
1295,48,22,265.5659534268243,-84.36525509151704,33.767780326073144
1296,48,23,242.55878136210464,-84.36493145536379,33.767773412162306
1297,48,24,219.55160929738497,-84.36460781932094,33.7677664974041
1298,48,25,196.54443723266533,-84.3642841833885,33.76775958179851
1299,48,26,173.53726516794563,-84.36396054756649,33.76775266534555
1300,48,27,150.53009310322602,-84.36363691185493,33.7677457480452
1301,48,28,127.52292103850637,-84.36331327625379,33.7677388298975
1302,48,29,104.5157489737867,-84.36298964076315,33.76773191090241
1303,48,30,82.65615763612288,-84.36266600538296,33.767724991059964
1304,48,31,61.35819648479377,-84.36234237011327,33.76771807037014
1305,48,32,40.06023533346466,-84.36201873495409,33.76771114883295
1306,48,33,18.762274182135556,-84.36169509990542,33.76770422644839
1307,48,34,0.0,-84.36137146496728,33.767697303216444
1308,48,35,0.0,-84.3610478301397,33.76769037913715
1309,48,36,2.605593663228894,-84.36072419542266,33.76768345421049
1310,48,37,24.82540204595945,-84.36040056081622,33.76767652843645
1311,48,38,47.22905870418265,-84.36007692632035,33.767669601815065
1312,48,39,71.92526447806436,-84.35975329193506,33.76766267434631
1313,48,40,96.67566315340005,-84.3594296576604,33.76765574603019
1314,48,41,121.42606182873571,-84.35910602349638,33.76764881686671
1315,48,42,146.1764605040714,-84.358782389443,33.76764188685587
1316,48,43,170.92685917940707,-84.35845875550025,33.767634955997664
1317,48,44,195.95930848875742,-84.35813512166817,33.767628024292115
1318,48,45,222.13192777706982,-84.35781148794679,33.7676210917392
1319,48,46,249.1688906997074,-84.35748785433609,33.76761415833893
1320,48,47,276.7142160489799,-84.3571642208361,33.76760722409131
1321,48,48,304.2958893274909,-84.35684058744684,33.76760028899632
1322,48,49,331.87756260600185,-84.3565169541683,33.767593353054004
1323,49,19,324.00190480940023,-84.36621772567398,33.76807135379447
1324,49,20,297.60585270348867,-84.36589408817566,33.76806444235561
1325,49,21,271.7890595502953,-84.36557045078771,33.76805753006937
1326,49,22,246.91970804109044,-84.36524681351013,33.76805061693574
1327,49,23,223.30598848459246,-84.36492317634294,33.76804370295472
1328,49,24,200.29881641987282,-84.36459953928613,33.76803678812632
1329,49,25,177.29164435515312,-84.36427590233976,33.768029872450526
1330,49,26,154.28447229043348,-84.3639522655038,33.76802295592736
1331,49,27,131.27730022571387,-84.36362862877827,33.76801603855681
1332,49,28,108.27012816099418,-84.3633049921632,33.76800912033887
1333,49,29,85.26295609627452,-84.3629813556586,33.76800220127354
1334,49,30,62.25578403155486,-84.36265771926448,33.76799528136085
1335,49,31,40.23009077707648,-84.36233408298085,33.76798836060076
1336,49,32,18.93212962574736,-84.36201044680772,33.76798143899331
1337,49,33,0.0,-84.36168681074513,33.76797451653847
1338,49,34,0.0,-84.36136317479306,33.76796759323626
1339,49,35,0.5421767093909845,-84.36103953895153,33.76796066908668
1340,49,36,22.76198509212154,-84.36071590322057,33.76795374408972
1341,49,37,44.98179347485209,-84.36039226760019,33.767946818245385
1342,49,38,67.20160185758265,-84.36006863209037,33.76793989155368
1343,49,39,89.44606006791307,-84.35974499669118,33.7679329640146
1344,49,40,113.62906297207776,-84.3594213614026,33.76792603562814
1345,49,41,138.37946164741342,-84.35909772622463,33.76791910639434
1346,49,42,163.1298603227491,-84.35877409115733,33.76791217631315
1347,49,43,187.8802589980848,-84.35845045620066,33.7679052453846
1348,49,44,212.63065767342044,-84.35812682135466,33.76789831360867
1349,49,45,237.39655980873115,-84.35780318661936,33.76789138098538
1350,49,46,262.8681596610473,-84.35747955199474,33.76788444751473
1351,49,47,289.20963351546783,-84.35715591748084,33.76787751319671
1352,49,48,316.20366043535387,-84.35683228307765,33.767870578031335
1353,49,49,343.6780413741482,-84.3565086487852,33.7678636420186
1354,50,18,336.2430496949817,-84.3665330892212,33.76834855551554
1355,50,19,309.8114311695159,-84.36620945059859,33.76834164485392
1356,50,20,283.3798126440501,-84.3658858120863,33.76833473334491
1357,50,21,256.9481941185843,-84.36556217368438,33.76832782098851
1358,50,22,230.60962062506096,-84.36523853539283,33.76832090778469
1359,50,23,205.13616563809003,-84.36491489721168,33.768313993733486
1360,50,24,181.05495237789353,-84.36459125914091,33.768307078834894
1361,50,25,158.03885147764097,-84.36426762118057,33.76830016308891
1362,50,26,135.0316794129213,-84.36394398333066,33.768293246495524
1363,50,27,112.02450734820167,-84.36362034559117,33.768286329054746
1364,50,28,89.01733528348201,-84.36329670796215,33.76827941076659
1365,50,29,66.01016321876236,-84.36297307044359,33.76827249163102
1366,50,30,43.0029911540427,-84.36264943303551,33.76826557164808
1367,50,31,19.995819089323035,-84.36232579573793,33.76825865081774
1368,50,32,0.0,-84.36200215855085,33.768251729140026
1369,50,33,0.0,-84.36167852147429,33.76824480661493
1370,50,34,0.0,-84.36135488450827,33.76823788324244
1371,50,35,20.69856813828363,-84.3610312476528,33.76823095902255
1372,50,36,42.91837652101419,-84.3607076109079,33.768224033955306
1373,50,37,65.13818490374474,-84.36038397427356,33.76821710804066
1374,50,38,87.35799328647529,-84.36006033774981,33.76821018127865
1375,50,39,109.57780166920585,-84.35973670133667,33.76820325366924
1376,50,40,131.79761506667066,-84.35941306503415,33.768196325212465
1377,50,41,155.33548302384312,-84.35908942884224,33.7681893959083
1378,50,42,180.08326014142682,-84.358765792761,33.768182465756766
1379,50,43,204.83365881676252,-84.3584421567904,33.768175534757866
1380,50,44,229.58405749209817,-84.35811852093046,33.76816860291157
1381,50,45,254.3344561674339,-84.35779488518124,33.768161670217914
1382,50,46,279.0848548427696,-84.35747124954267,33.76815473667688
1383,50,47,304.067008057787,-84.35714761401485,33.76814780228847
1384,50,48,329.8473709820645,-84.35682397859772,33.768140867052686
1385,51,17,348.48419458056327,-84.36684845479641,33.768625756515846
1386,51,18,322.05257605509746,-84.36652481504946,33.76861884663148
1387,51,19,295.6209575296316,-84.36620117541285,33.76861193589973
1388,51,20,269.1893390041658,-84.36587753588658,33.76860502432056
1389,51,21,242.75772047869995,-84.36555389647069,33.768598111893986
1390,51,22,216.32610195323412,-84.36523025716517,33.76859119862
1391,51,23,189.89448342776828,-84.36490661797002,33.7685842844986
1392,51,24,163.68369096002962,-84.3645829788853,33.76857736952983
1393,51,25,138.89708425363676,-84.36425933991096,33.768570453713615
1394,51,26,115.77888653540914,-84.36393570104707,33.76856353705003
1395,51,27,92.7717144706895,-84.36361206229361,33.76855661953904
1396,51,28,69.76454240596985,-84.36328842365062,33.768549701180646
1397,51,29,46.75737034125019,-84.3629647851181,33.768542781974844
1398,51,30,23.750198276530522,-84.36264114669603,33.76853586192166
1399,51,31,0.7430262118108681,-84.36231750838449,33.768528941021074
1400,51,32,0.0,-84.36199387018345,33.76852201927309
1401,51,33,0.0,-84.36167023209293,33.76851509667772
1402,51,34,18.63515118444572,-84.36134659411294,33.76850817323495
1403,51,35,40.85495956717627,-84.36102295624352,33.76850124894477
1404,51,36,63.074767949906835,-84.36069931848465,33.76849432380724
1405,51,37,85.29457633263739,-84.36037568083636,33.768487397822284
1406,51,38,107.51438471536795,-84.36005204329865,33.76848047098995
1407,51,39,129.7341930980985,-84.35972840587156,33.76847354331022
1408,51,40,151.95400148082905,-84.35940476855508,33.768466614783115
1409,51,41,174.17380986355963,-84.35908113134923,33.768459685408615
1410,51,42,197.22861344602168,-84.35875749425402,33.768452755186736
1411,51,43,221.78705863544025,-84.35843385726946,33.768445824117464
1412,51,44,246.5374573107759,-84.3581102203956,33.768438892200805
1413,51,45,271.28785598611165,-84.3577865836324,33.768431959436775
1414,51,46,296.0382546614473,-84.35746294697991,33.76842502582536
1415,51,47,320.788653336783,-84.35713931043811,33.76841809136656
1416,51,48,345.56304984017436,-84.35681567400707,33.76841115606039
1417,52,17,334.29372094067895,-84.36684018152832,33.768896047688315
1418,52,18,307.86210241521314,-84.36651654076736,33.76888913773382
1419,52,19,281.4304838897473,-84.36619290011677,33.7688822269319
1420,52,20,254.99886536428147,-84.36586925957651,33.768875315282564
1421,52,21,228.56724683881563,-84.3655456191466,33.76886840278582
1422,52,22,202.1356283133498,-84.3652219788271,33.76886148944166
1423,52,23,175.70400978788396,-84.36489833861796,33.76885457525008
1424,52,24,149.27239126241815,-84.36457469851923,33.7688476602111
1425,52,25,122.84077273695232,-84.36425105853091,33.7688407443247
1426,52,26,96.97372967851878,-84.36392741865305,33.768833827590896
1427,52,27,73.51892159317732,-84.3636037788856,33.768826910009686
1428,52,28,50.51174952845767,-84.36328013922862,33.76881999158106
1429,52,29,27.504577463738016,-84.3629564996821,33.768813072305036
1430,52,30,4.497405399018352,-84.36263286024608,33.768806152181604
1431,52,31,0.0,-84.36230922092055,33.76879923121076
1432,52,32,0.0,-84.36198558170553,33.7687923093925
1433,52,33,16.57173423060781,-84.36166194260103,33.76878538672686
1434,52,34,38.79154261333837,-84.36133830360708,33.768778463213806
1435,52,35,61.01135099606892,-84.36101466472367,33.76877153885336
1436,52,36,83.23115937879948,-84.36069102595083,33.76876461364551
1437,52,37,105.45096776153002,-84.36036738728856,33.76875768759026
1438,52,38,127.6707761442606,-84.36004374873689,33.76875076068762
1439,52,39,149.89058452699115,-84.35972011029581,33.76874383293756
1440,52,40,172.1103929097217,-84.35939647196537,33.768736904340116
1441,52,41,194.33020129245227,-84.35907283374556,33.76872997489527
1442,52,42,216.55000967518282,-84.35874919563639,33.768723044603036
1443,52,43,239.30971488309834,-84.35842555763787,33.76871611346341
1444,52,44,263.4908571294536,-84.35810191975003,33.768709181476396
1445,52,45,288.2412558047894,-84.35777828197287,33.768702248641986
1446,52,46,312.991654480125,-84.35745464430643,33.76869531496018
1447,52,47,337.7420531554607,-84.35713100675069,33.768688380430994
1448,53,16,348.163679273319,-84.36715555003518,33.769173248024345
1449,53,17,320.7603790752359,-84.3668319081499,33.76916633884713
1450,53,18,293.7398634988219,-84.36650826637495,33.76915942882248
1451,53,19,267.240010249863,-84.36618462471033,33.76915251795042
1452,53,20,240.80839172439715,-84.36586098315607,33.76914560623092
1453,53,21,214.37677319893132,-84.36553734171216,33.76913869366401
1454,53,22,187.9451546734655,-84.36521370037863,33.76913178024967
1455,53,23,161.51353614799967,-84.3648900591555,33.769124865987905
1456,53,24,135.08191762253384,-84.36456641804277,33.76911795087874
1457,53,25,108.65029909706801,-84.36424277704046,33.769111034922126
1458,53,26,82.21868057160218,-84.36391913614857,33.76910411811811
1459,53,27,55.78706204613635,-84.36359549536712,33.76909720046668
1460,53,28,31.258956650945503,-84.36327185469615,33.76909028196783
1461,53,29,8.251784586225845,-84.36294821413566,33.76908336262156
1462,53,30,0.0,-84.36262457368562,33.769076442427874
1463,53,31,0.0,-84.36230093334609,33.769069521386776
1464,53,32,14.5083172767699,-84.36197729311708,33.76906259949826
1465,53,33,36.728125659500456,-84.3616536529986,33.76905567676235
1466,53,34,58.94793404223101,-84.36133001299065,33.76904875317902
1467,53,35,81.16774242496157,-84.36100637309325,33.76904182874828
1468,53,36,103.38755080769212,-84.36068273330642,33.76903490347012
1469,53,37,125.6073591904227,-84.36035909363018,33.769027977344564
1470,53,38,147.82716757315325,-84.36003545406452,33.76902105037161
1471,53,39,170.0469759558838,-84.35971181460947,33.76901412255124
1472,53,40,192.26678433861437,-84.35938817526502,33.76900719388345
1473,53,41,214.48659272134492,-84.35906453603124,33.76900026436828
1474,53,42,236.70640110407547,-84.35874089690809,33.76899333400569
1475,53,43,258.92620948680604,-84.3584172578956,33.76898640279571
1476,53,44,281.4944996141477,-84.35809361899379,33.76897947073833
1477,53,45,305.28290856516645,-84.35776998020266,33.76897253783355
1478,53,46,329.94505429880275,-84.35744634152223,33.76896560408135
1479,54,16,336.0000723715632,-84.36714727756048,33.769443539239646
1480,54,17,308.5766030954202,-84.36682363466117,33.769436629992285
1481,54,18,281.1531338192773,-84.36649999187219,33.7694297198975
1482,54,19,253.7301586794615,-84.36617634919355,33.769422808955284
1483,54,20,226.66027452405993,-84.36585270662526,33.76941589716563
1484,54,21,200.186299559047,-84.36552906416733,33.769408984528546
1485,54,22,173.75468103358116,-84.3652054218198,33.769402071044034
1486,54,23,147.32306250811536,-84.36488177958263,33.769395156712086
1487,54,24,120.89144398264953,-84.36455813745589,33.7693882415327
1488,54,25,94.4598254571837,-84.36423449543955,33.769381325505904
1489,54,26,68.02820693171788,-84.36391085353367,33.76937440863167
1490,54,27,41.59658840625204,-84.3635872117382,33.769367490910014
1491,54,28,15.164969880786211,-84.36326357005322,33.769360572340936
1492,54,29,0.0,-84.3629399284787,33.76935365292443
1493,54,30,0.0,-84.36261628701466,33.7693467326605
1494,54,31,6.855418182451119,-84.36229264566114,33.769339811549145
1495,54,32,31.56200956265095,-84.36196900441811,33.76933288959037
1496,54,33,56.268600942850775,-84.36164536328562,33.76932596678418
1497,54,34,79.10432547112366,-84.36132172226367,33.769319043130565
1498,54,35,101.32413385385422,-84.36099808135228,33.769312118629536
1499,54,36,123.54394223658475,-84.36067444055143,33.76930519328109
1500,54,37,145.76375061931535,-84.3603507998612,33.769298267085226
1501,54,38,167.9835590020459,-84.36002715928154,33.76929134004195
1502,54,39,190.20336738477644,-84.3597035188125,33.76928441215125
1503,54,40,212.42317576750702,-84.35937987845406,33.76927748341314
1504,54,41,234.64298415023757,-84.35905623820626,33.76927055382762
1505,54,42,256.8627925329681,-84.35873259806912,33.769263623394686
1506,54,43,279.08260091569866,-84.35840895804265,33.76925669211434
1507,54,44,301.3024092984292,-84.35808531812684,33.76924975998659
1508,54,45,323.74243927636206,-84.35776167832172,33.769242827011425
1509,54,46,347.22855288354003,-84.35743803862732,33.769235893188856
1510,55,16,323.8364654698074,-84.36713900497546,33.769713830441304
1511,55,17,296.41299619366447,-84.36681536106212,33.76970692112381
1512,55,18,268.9895269175215,-84.3664917172591,33.769700010958886
1513,55,19,241.56605764137845,-84.36616807356643,33.76969309994651
1514,55,20,214.14258836523547,-84.3658444299841,33.769686188086695
1515,55,21,186.7191190890925,-84.36552078651214,33.769679275379445
1516,55,22,159.58274557839232,-84.36519714315055,33.769672361824746
1517,55,23,133.13258886823104,-84.36487349989937,33.769665447422604
1518,55,24,106.70097034276522,-84.36454985675859,33.76965853217303
1519,55,25,80.2693518172994,-84.36422621372823,33.76965161607603
1520,55,26,53.83773329183356,-84.3639025708083,33.76964469913158
1521,55,27,27.406114766367722,-84.36357892799882,33.76963778133971
1522,55,28,0.9744962409018997,-84.3632552852998,33.7696308627004
1523,55,29,0.0,-84.36293164271126,33.76962394321365
1524,55,30,0.0,-84.3626080002332,33.76961702287948
1525,55,31,23.87259604400723,-84.36228435786565,33.76961010169788
1526,55,32,48.57918742420706,-84.36196071560862,33.76960317966883
1527,55,33,73.28577880440689,-84.3616370734621,33.76959625679237
1528,55,34,97.99237018460671,-84.36131343142613,33.769589333068474
1529,55,35,121.48052528274685,-84.36098978950072,33.76958240849716
1530,55,36,143.70033366547744,-84.36066614768588,33.769575483078405
1531,55,37,165.920142048208,-84.36034250598162,33.76956855681223
1532,55,38,188.13995043093854,-84.36001886438795,33.769561629698636
1533,55,39,210.3597588136691,-84.3596952229049,33.76955470173761
1534,55,40,232.57956719639967,-84.35937158153246,33.76954777292918
1535,55,41,254.7993755791302,-84.35904794027066,33.76954084327331
1536,55,42,277.0191839618608,-84.35872429911952,33.76953391277002
1537,55,43,299.23899234459134,-84.35840065807903,33.769526981419325
1538,55,44,321.4588007273219,-84.35807701714921,33.76952004922121
1539,55,45,343.67860911005243,-84.35775337633011,33.769513116175666
1540,56,15,339.0963278441946,-84.36745437731786,33.76999103016948
1541,56,16,311.6728585680516,-84.36713073228015,33.76998412162931
1542,56,17,284.24938929190864,-84.36680708735274,33.769977212241685
1543,56,18,256.8259200157657,-84.36648344253567,33.769970302006605
1544,56,19,229.40245073962268,-84.36615979782893,33.76996339092408
1545,56,20,201.97898146347964,-84.36583615323256,33.76995647899411
1546,56,21,174.55551218733666,-84.36551250874655,33.769949566216674
1547,56,22,147.13204291119368,-84.36518886437092,33.7699426525918
1548,56,23,119.70857363505068,-84.36486522010568,33.769935738119486
1549,56,24,92.5117577681539,-84.36454157595087,33.76992882279971
1550,56,25,66.07887817741508,-84.36421793190645,33.769921906632504
1551,56,26,39.64725965194924,-84.3638942879725,33.769914989617845
1552,56,27,13.215641126483414,-84.36357064414898,33.769908071755744
1553,56,28,0.0,-84.36324700043592,33.7699011530462
1554,56,29,0.0,-84.36292335683333,33.769894233489225
1555,56,30,13.799899386542506,-84.36259971334124,33.769887313084794
1556,56,31,39.725305085925655,-84.36227606995966,33.769880391832935
1557,56,32,65.59636528576318,-84.36195242668859,33.769873469733625
1558,56,33,90.30295666596301,-84.36162878352805,33.76986654678689
1559,56,34,115.00954804616282,-84.36130514047804,33.76985962299271
1560,56,35,139.71613942636264,-84.3609814975386,33.7698526983511
1561,56,36,163.8567250943701,-84.36065785470973,33.76984577286205
1562,56,37,186.07653347710064,-84.36033421199144,33.76983884652558
1563,56,38,208.2963418598312,-84.36001056938375,33.76983191934166
1564,56,39,230.51615024256176,-84.35968692688667,33.769824991310315
1565,56,40,252.7359586252923,-84.35936328450022,33.76981806243154
1566,56,41,274.95576700802286,-84.35903964222439,33.769811132705335
1567,56,42,297.1755753907534,-84.35871600005923,33.769804202131695
1568,56,43,319.39538377348396,-84.35839235800474,33.76979727071065
1569,56,44,341.6151921562145,-84.35806871606091,33.76979033844216
1570,57,15,326.93272094243883,-84.36744610552628,33.77026132141397
1571,57,16,299.5092516662958,-84.36712245947449,33.77025441280367
1572,57,17,272.0857823901528,-84.36679881353304,33.770247503345914
1573,57,18,244.6623131140099,-84.36647516770189,33.77024059304068
1574,57,19,217.23884383786685,-84.3661515219811,33.770233681888016
1575,57,20,189.81537456172387,-84.36582787637066,33.77022676988787
1576,57,21,162.39190528558086,-84.36550423087058,33.77021985704028
1577,57,22,134.96843600943788,-84.36518058548089,33.77021294334522
1578,57,23,107.54496673329488,-84.3648569402016,33.77020602880271
1579,57,24,80.12149745715189,-84.36453329503273,33.770199113412744
1580,57,25,52.69802818100889,-84.36420964997426,33.770192197175334
1581,57,26,25.45678601206494,-84.36388600502623,33.77018528009046
1582,57,27,0.0,-84.36356236018867,33.77017836215814
1583,57,28,0.0,-84.36323871546155,33.77017144337836
1584,57,29,2.9699678208986175,-84.36291507084493,33.77016452375114
1585,57,30,28.895373520281776,-84.36259142633878,33.770157603276466
1586,57,31,54.82077921966492,-84.36226778194315,33.77015068195435
1587,57,32,80.74618491904808,-84.36194413765803,33.77014375978478
1588,57,33,106.67159061843125,-84.36162049348344,33.77013683676777
1589,57,34,132.02672590771894,-84.36129684941939,33.77012991290331
1590,57,35,156.73331728791877,-84.36097320546592,33.7701229881914
1591,57,36,181.4399086681186,-84.36064956162299,33.770116062632056
1592,57,37,206.14650004831844,-84.36032591789068,33.77010913622527
1593,57,38,228.45273328872383,-84.36000227426894,33.77010220897104
1594,57,39,250.6725416714544,-84.35967863075783,33.77009528086937
1595,57,40,272.89235005418493,-84.35935498735734,33.770088351920265
1596,57,41,295.11215843691554,-84.35903134406749,33.77008142212371
1597,57,42,317.3319668196461,-84.35870770088829,33.77007449147973
1598,57,43,339.55177520237663,-84.35838405781975,33.770067559988306
1599,58,14,343.9563794863221,-84.36776148080058,33.77053852047777
1600,58,15,315.613901898412,-84.36743783362441,33.77053161264482
1601,58,16,287.5528089332221,-84.36711418655855,33.770524703964384
1602,58,17,259.92217548839704,-84.36679053960299,33.770517794436486
1603,58,18,232.49870621225406,-84.36646689275777,33.77051088406112
1604,58,19,205.07523693611108,-84.3661432460229,33.770503972838284
1605,58,20,177.65176765996807,-84.36581959939838,33.77049706076799
1606,58,21,150.2282983838251,-84.36549595288425,33.77049014785022
1607,58,22,122.80482910768208,-84.36517230648047,33.770483234084985
1608,58,23,95.38135983153909,-84.3648486601871,33.77047631947229
1609,58,24,67.95789055539609,-84.36452501400416,33.77046940401213
1610,58,25,40.534421279253095,-84.36420136793161,33.770462487704506
1611,58,26,13.110952003110091,-84.36387772196953,33.77045557054942
1612,58,27,0.0,-84.3635540761179,33.77044865254687
1613,58,28,0.0,-84.36323043037672,33.77044173369687
1614,58,29,18.065441954637883,-84.36290678474603,33.77043481399941
1615,58,30,43.99084765402104,-84.36258313922582,33.770427893454475
1616,58,31,69.91625335340419,-84.36225949381613,33.770420972062105
1617,58,32,95.84165905278735,-84.36193584851694,33.77041404982228
1618,58,33,121.76706475217053,-84.3616122033283,33.77040712673498
1619,58,34,147.69247045155367,-84.3612885582502,33.77040020280024
1620,58,35,173.6178761509368,-84.36096491328266,33.77039327801804
1621,58,36,198.4570865296747,-84.36064126842568,33.7703863523884
1622,58,37,223.16367790987454,-84.36031762367931,33.77037942591131
1623,58,38,247.87026929007436,-84.35999397904352,33.77037249858676
1624,58,39,270.82893310034706,-84.35967033451836,33.77036557041476
1625,58,40,293.0487414830776,-84.35934669010382,33.77035864139531
1626,58,41,315.26854986580815,-84.35902304579992,33.77035171152843
1627,58,42,337.4883582485387,-84.35869940160667,33.770344780814085
1628,59,14,334.20074875048545,-84.36775320980249,33.77080881176509
1629,59,15,305.83126393059496,-84.36742956161223,33.770801903862015
1630,59,16,277.4617791107044,-84.36710591353227,33.77079499511146
1631,59,17,249.09229429081384,-84.36678226556262,33.77078808551343
1632,59,18,220.78002939049063,-84.3664586177033,33.77078117506792
1633,59,19,192.9204608938917,-84.36613496995435,33.770774263774925
1634,59,20,165.4881607582123,-84.36581132231574,33.770767351634454
1635,59,21,138.06469148206926,-84.3654876747875,33.77076043864652
1636,59,22,110.64122220592631,-84.36516402736964,33.770753524811106
1637,59,23,83.21775292978329,-84.3648403800622,33.77074661012822
1638,59,24,55.79428365364029,-84.36451673286517,33.77073969459786
1639,59,25,28.37081437749729,-84.36419308577855,33.77073277822003
1640,59,26,0.9473451013542952,-84.36386943880238,33.77072586099473
1641,59,27,0.0,-84.36354579193666,33.77071894292197
1642,59,28,7.235510388993989,-84.36322214518141,33.77071202400172
1643,59,29,33.16091608837715,-84.36289849853664,33.770705104234025
1644,59,30,59.086321787760305,-84.36257485200235,33.77069818361886
1645,59,31,85.01172748714345,-84.36225120557857,33.77069126215622
1646,59,32,110.93713318652661,-84.36192755926533,33.77068433984611
1647,59,33,136.8625388859098,-84.36160391306261,33.77067741668856
1648,59,34,162.78794458529293,-84.36128026697044,33.77067049268352
1649,59,35,188.7133502846761,-84.36095662098882,33.77066356783104
1650,59,36,214.63875598405926,-84.36063297511778,33.770656642131094
1651,59,37,240.18085577143066,-84.36030932935734,33.770649715583694
1652,59,38,264.88744715163045,-84.35998568370749,33.77064278818882
1653,59,39,289.59403853183034,-84.35966203816827,33.7706358599465
1654,59,40,313.2051329119703,-84.35933839273966,33.77062893085672
1655,59,41,335.42494129470083,-84.3590147474217,33.77062200091948
1656,60,14,324.4451180146488,-84.36774493869413,33.771079103038765
1657,60,15,296.0756331947583,-84.36742128948976,33.77107219506557
1658,60,16,267.7061483748678,-84.36709764039568,33.771065286244884
1659,60,17,239.3366635549772,-84.36677399141193,33.77105837657672
1660,60,18,210.9671787350867,-84.3664503425385,33.77105146606105
1661,60,19,182.59769391519615,-84.36612669377543,33.77104455469791
1662,60,20,154.22820909530566,-84.36580304512272,33.771037642487286
1663,60,21,125.99804634910569,-84.36547939658038,33.77103072942917
1664,60,22,98.47761530417048,-84.36515574814842,33.771023815523584
1665,60,23,71.0541460280275,-84.36483209982688,33.77101690077051
1666,60,24,43.63067675188449,-84.36450845161575,33.77100998516995
1667,60,25,16.20720747574149,-84.36418480351503,33.77100306872191
1668,60,26,0.0,-84.36386115552477,33.770996151426395
1669,60,27,0.0,-84.36353750764495,33.7709892332834
1670,60,28,22.330984522733257,-84.3632138598756,33.77098231429293
1671,60,29,48.256390222116416,-84.36289021221673,33.770975394454986
1672,60,30,74.18179592149959,-84.36256656466837,33.77096847376958
1673,60,31,100.10720162088273,-84.3622429172305,33.77096155223668
1674,60,32,126.03260732026588,-84.36191926990317,33.77095462985631
1675,60,33,151.95801301964906,-84.36159562268637,33.77094770662847
1676,60,34,177.8834187190322,-84.36127197558011,33.770940782553154
1677,60,35,203.80882441841538,-84.36094832858441,33.77093385763038
1678,60,36,229.73423011779852,-84.36062468169929,33.77092693186014
1679,60,37,255.65963581718168,-84.36030103492477,33.770920005242424
1680,60,38,281.58504151656484,-84.35997738826084,33.77091307777723
1681,60,39,306.6112163933865,-84.35965374170753,33.77090614946458
1682,60,40,331.3178077735863,-84.35933009526485,33.77089922030447
1683,61,13,343.0589720987027,-84.36806031780426,33.77135630149461
1684,61,14,314.6894872788122,-84.36773666747547,33.771349394298795
1685,61,15,286.3200024589217,-84.36741301725696,33.77134248625548
1686,61,16,257.95051763903115,-84.36708936714876,33.77133557736467
1687,61,17,229.58103281914057,-84.36676571715088,33.771328667626356
1688,61,18,201.21154799925006,-84.36644206726335,33.77132175704055
1689,61,19,172.84206317935954,-84.36611841748616,33.77131484560725
1690,61,20,144.47257835946903,-84.36579476781934,33.771307933326455
1691,61,21,116.1030935395785,-84.36547111826287,33.77130102019817
1692,61,22,87.73360871968796,-84.36514746881682,33.77129410622239
1693,61,23,59.36412389979743,-84.36482381948115,33.771287191399125
1694,61,24,31.46706985012869,-84.3645001702559,33.77128027572837
1695,61,25,4.043600573985696,-84.36417652114108,33.77127335921013
1696,61,26,0.0,-84.3638528721367,33.771266441844396
1697,61,27,8.24115264338837,-84.36352922324278,33.77125952363119
1698,61,28,36.16582089365389,-84.36320557445933,33.77125260457049
1699,61,29,63.35186435585568,-84.36288192578635,33.77124568466229
1700,61,30,89.27727005523884,-84.36255827722388,33.77123876390663
1701,61,31,115.20267575462199,-84.36223462877192,33.77123184230348
1702,61,32,141.12808145400516,-84.36191098043048,33.77122491985285
1703,61,33,167.05348715338832,-84.36158733219958,33.771217996554725
1704,61,34,192.97889285277145,-84.36126368407922,33.77121107240913
1705,61,35,218.90429855215464,-84.36094003606944,33.771204147416064
1706,61,36,244.82970425153778,-84.36061638817023,33.77119722157552
1707,61,37,270.75510995092094,-84.3602927403816,33.77119029488749
1708,61,38,296.6805156503041,-84.35996909270358,33.77118336735199
1709,61,39,322.60592134968726,-84.35964544513618,33.771176438969015
1710,61,40,348.3349856351424,-84.35932179767941,33.771169509738556
1711,62,13,333.7255290184177,-84.36805204748944,33.771626592811124
1712,62,14,305.0147809734859,-84.3677283961465,33.771619685545176
1713,62,15,276.56437172308506,-84.36740474491387,33.77161277743175
1714,62,16,248.1948869031945,-84.36708109379153,33.7716058684708
1715,62,17,219.82540208330394,-84.36675744277953,33.77159895866235
1716,62,18,191.45591726341343,-84.36643379187785,33.771592048006404
1717,62,19,163.0864324435229,-84.36611014108652,33.771585136502935
1718,62,20,134.7169476236324,-84.36578649040557,33.77157822415198
1719,62,21,106.34746280374186,-84.36546283983498,33.77157131095353
1720,62,22,77.97797798385132,-84.36513918937479,33.77156439690758
1721,62,23,49.608493163960794,-84.364815539025,33.77155748201412
1722,62,24,21.239008344070257,-84.36449188878562,33.77155056627316
1723,62,25,0.0,-84.36416823865667,33.77154364968471
1724,62,26,0.0,-84.36384458863819,33.77153673224876
1725,62,27,19.205317140175758,-84.36352093873013,33.771529813965316
1726,62,28,47.12998539044127,-84.36319728893257,33.77152289483439
1727,62,29,75.0546536407068,-84.36287363924546,33.77151597485596
1728,62,30,102.9793218909723,-84.36254998966888,33.771509054030034
1729,62,31,130.29814988836125,-84.36222634020281,33.77150213235663
1730,62,32,156.2235555877444,-84.36190269084724,33.77149520983573
1731,62,33,182.14896128712758,-84.36157904160223,33.77148828646734
1732,62,34,208.0743669865107,-84.36125539246777,33.77148136225145
1733,62,35,233.9997726858939,-84.36093174344387,33.77147443718809
1734,62,36,259.92517838527704,-84.36060809453055,33.77146751127725
1735,62,37,285.8505840846602,-84.36028444572781,33.771460584518906
1736,62,38,311.77598978404336,-84.3599607970357,33.77145365691309
1737,62,39,337.7013954834265,-84.3596371484542,33.771446728459786
1738,63,13,326.66030763547593,-84.36804377706433,33.771896884113964
1739,63,14,297.2927858192425,-84.36772012470725,33.77188997677791
1740,63,15,268.0378488084227,-84.36739647246046,33.77188306859436
1741,63,16,238.9677306406196,-84.36707282032397,33.771876159563284
1742,63,17,210.15914013244483,-84.36674916829782,33.77186924968469
1743,63,18,181.7002865275768,-84.366425516382,33.7718623389586
1744,63,19,153.33080170768628,-84.36610186457654,33.77185542738498
1745,63,20,124.96131688779575,-84.36577821288142,33.77184851496386
1746,63,21,96.59183206790522,-84.3654545612967,33.77184160169523
1747,63,22,68.22234724801469,-84.36513090982235,33.77183468757909
1748,63,23,39.852862428124155,-84.36480725845843,33.77182777261544
1749,63,24,11.483377608233619,-84.36448360720492,33.77182085680429
1750,63,25,0.0,-84.36415995606184,33.771813940145634
1751,63,26,2.244813386697624,-84.3638363050292,33.77180702263947
1752,63,27,30.169481636963145,-84.36351265410703,33.7718001042858
1753,63,28,58.09414988722866,-84.36318900329532,33.77179318508463
1754,63,29,86.01881813749418,-84.3628653525941,33.77178626503596
1755,63,30,113.94348638775969,-84.36254170200338,33.7717793441398
1756,63,31,141.86815463802523,-84.36221805152317,33.77177242239613
1757,63,32,169.79282288829074,-84.36189440115349,33.77176549980496
1758,63,33,197.24443542086684,-84.36157075089434,33.77175857636629
1759,63,34,223.16984112024997,-84.36124710074576,33.77175165208013
1760,63,35,249.09524681963316,-84.36092345070773,33.77174472694647
1761,63,36,275.0206525190163,-84.36059980078028,33.77173780096532
1762,63,37,300.94605821839946,-84.36027615096344,33.77173087413667
1763,63,38,326.87146391778265,-84.3599525012572,33.77172394646053
1764,64,12,347.4629304319808,-84.3683591600105,33.77217408196181
1765,64,13,320.5733980330658,-84.36803550652895,33.772167175403176
1766,64,14,291.1973953864822,-84.3677118531577,33.77216026799701
1767,64,15,261.82139273989856,-84.36738819989674,33.77215335974333
1768,64,16,232.44539009331496,-84.36706454674611,33.772146450642126
1769,64,17,203.06938744673138,-84.36674089370578,33.772139540693395
1770,64,18,173.69338480014778,-84.3664172407758,33.77213262989715
1771,64,19,144.3552003096276,-84.36609358795617,33.77212571825338
1772,64,20,115.32437621818539,-84.3657699352469,33.77211880576209
1773,64,21,86.83620133206858,-84.36544628264802,33.77211189242328
1774,64,22,58.466716512178046,-84.36512263015953,33.77210497823697
1775,64,23,30.09723169228752,-84.36479897778145,33.772098063203124
1776,64,24,1.7277468723969838,-84.36447532551378,33.77209114732178
1777,64,25,0.0,-84.36415167335655,33.77208423059291
1778,64,26,13.936984102206438,-84.36382802130976,33.772077313016524
1779,64,27,41.133646133750524,-84.36350436937343,33.77207039459264
1780,64,28,69.05831438401604,-84.36318071754759,33.77206347532123
1781,64,29,96.98298263428157,-84.36285706583222,33.77205655520232
1782,64,30,124.90765088454708,-84.36253341422736,33.772049634235906
1783,64,31,152.83231913481262,-84.362209762733,33.772042712421964
1784,64,32,180.75698738507813,-84.36188611134918,33.77203578976053
1785,64,33,208.68165563534365,-84.3615624600759,33.77202886625159
1786,64,34,236.60632388560919,-84.36123880891317,33.77202194189515
1787,64,35,264.1907209533724,-84.36091515786102,33.772015016691185
1788,64,36,290.1161266527556,-84.36059150691943,33.77200809063973
1789,64,37,316.04153235213874,-84.36026785608844,33.77200116374078
1790,64,38,341.9669380515219,-84.35994420536808,33.77199423599431
1791,65,12,335.0998186511033,-84.368350890379,33.77244437330747
1792,65,13,307.4941853380072,-84.36802723588329,33.77243746667873
1793,65,14,280.3809187041213,-84.36770358149785,33.772430559202455
1794,65,15,253.91779207068078,-84.36737992722271,33.77242365087865
1795,65,16,226.3584804909048,-84.3670562730579,33.77241674170732
1796,65,17,196.9824778443212,-84.3667326190034,33.77240983168844
1797,65,18,167.6064751977376,-84.36640896505925,33.772402920822046
1798,65,19,138.230472551154,-84.36608531122543,33.772396009108114
1799,65,20,108.8544699045704,-84.365761657502,33.77238909654667
1800,65,21,79.47846725798681,-84.36543800388897,33.772382183137694
1801,65,22,50.10246461140319,-84.3651143503863,33.772375268881184
1802,65,23,20.726461964819585,-84.36479069699405,33.77236835377716
1803,65,24,0.0,-84.36446704371222,33.7723614378256
1804,65,25,2.359110062484138,-84.36414339054082,33.77235452102653
1805,65,26,28.556089815054396,-84.36381973747986,33.77234760337994
1806,65,27,54.75306956762465,-84.36349608452937,33.77234068488581
1807,65,28,80.95004932019492,-84.36317243168936,33.77233376554418
1808,65,29,107.95544983620094,-84.36284877895984,33.77232684535502
1809,65,30,135.87181538133447,-84.36252512634083,33.77231992431835
1810,65,31,163.7964836316,-84.36220147383231,33.77231300243416
1811,65,32,191.72115188186552,-84.36187782143433,33.77230607970245
1812,65,33,219.64582013213104,-84.3615541691469,33.772299156123225
1813,65,34,247.57048838239655,-84.36123051697002,33.77229223169649
1814,65,35,275.4951566326621,-84.36090686490371,33.77228530642225
1815,65,36,303.4198248829276,-84.36058321294799,33.772278380300484
1816,65,37,331.13700648587803,-84.36025956110285,33.77227145333121
1817,66,12,325.043518464259,-84.36834262063725,33.77271466463949
1818,66,13,296.503076632111,-84.36801896512733,33.77270775794064
1819,66,14,268.281307602654,-84.36769530972771,33.77270085039426
1820,66,15,240.4904271809426,-84.36737165443837,33.77269394200033
1821,66,16,213.29892433473412,-84.36704799925937,33.77268703275885
1822,66,17,186.96849113964907,-84.36672434419069,33.77268012266985
1823,66,18,161.51956559532744,-84.36640068923234,33.7726732117333
1824,66,19,132.14356294874383,-84.36607703438436,33.772666299949215
1825,66,20,102.76756030216025,-84.36575337964673,33.772659387317596
1826,66,21,73.39155765557663,-84.3654297250195,33.77265247383845
1827,66,22,44.015555008993026,-84.36510607050265,33.77264555951176
1828,66,23,14.639552362409415,-84.36478241609622,33.77263864433753
1829,66,24,0.0,-84.36445876180021,33.77263172831578
1830,66,25,12.50448091318247,-84.36413510761463,33.7726248114465
1831,66,26,41.48780485344206,-84.36381145353951,33.77261789372969
1832,66,27,69.37217528047262,-84.36348779957484,33.772610975165335
1833,66,28,95.56915503304288,-84.36316414572066,33.77260405575347
1834,66,29,121.76613478561313,-84.36284049197697,33.772597135494074
1835,66,30,147.9718625406681,-84.36251683834377,33.772590214387144
1836,66,31,174.91452039213777,-84.3621931848211,33.77258329243269
1837,66,32,202.6853163786529,-84.36186953140896,33.77257636963071
1838,66,33,230.60998462891843,-84.36154587810734,33.77256944598122
1839,66,34,258.5346528791839,-84.3612222249163,33.77256252148419
1840,66,35,286.45932112944945,-84.36089857183583,33.77255559613966
1841,66,36,314.383989379715,-84.36057491886594,33.7725486699476
1842,66,37,342.3086576299805,-84.36025126600664,33.77254174290801
1843,67,11,346.9206015424358,-84.36865800741961,33.77299186187926
1844,67,12,317.5132900072812,-84.36833435078522,33.77298495595787
1845,67,13,288.228164633386,-84.36801069426109,33.77297804918892
1846,67,14,259.1066584335737,-84.36768703784726,33.772971141572405
1847,67,15,230.21087289981557,-84.36736338154373,33.772964233108354
1848,67,16,201.63787233051588,-84.36703972535051,33.77295732379675
1849,67,17,173.54716106770462,-84.36671606926762,33.77295041363761
1850,67,18,146.21697121518486,-84.36639241329507,33.772943502630916
1851,67,19,120.16733428026347,-84.3660687574329,33.772936590776666
1852,67,20,96.31767954845994,-84.36574510168107,33.77292967807489
1853,67,21,67.30464805316646,-84.36542144603965,33.77292276452556
1854,67,22,37.92864540658286,-84.3650977905086,33.77291585012869
1855,67,23,8.552642759999246,-84.36477413508797,33.77290893488427
1856,67,24,0.0,-84.36445047977777,33.772902018792315
1857,67,25,20.24831286990619,-84.36412682457801,33.772895101852825
1858,67,26,49.23163681016578,-84.36380316948869,33.77288818406579
1859,67,27,78.21496075042538,-84.36347951450985,33.772881265431224
1860,67,28,107.19828469068496,-84.36315585964147,33.77287434594912
1861,67,29,136.18160863094454,-84.36283220488357,33.772867425619474
1862,67,30,162.58222025103134,-84.3625085502362,33.77286050444229
1863,67,31,188.77920000360163,-84.36218489569934,33.772853582417575
1864,67,32,215.0264690646932,-84.361861241273,33.77284665954533
1865,67,33,241.94172798152587,-84.36153758695724,33.772839735825556
1866,67,34,269.5092152022707,-84.36121393275201,33.77283281125825
1867,67,35,297.4234856262368,-84.36089027865735,33.77282588584341
1868,67,36,325.3481538765024,-84.3605666246733,33.77281895958105
1869,68,11,342.459997161444,-84.36864973847152,33.7732621532541
1870,68,12,312.68254819663485,-84.36832608082291,33.7732552472626
1871,68,13,282.90789194286015,-84.36800242328457,33.773248340423535
1872,68,14,253.17515849750234,-84.36767876585651,33.77324143273692
1873,68,15,223.51386184511648,-84.36735510853876,33.773234524202735
1874,68,16,193.95677867401335,-84.36703145133133,33.773227614821
1875,68,17,164.56007277065297,-84.36670779423422,33.773220704591715
1876,68,18,135.42822123532812,-84.36638413724745,33.77321379351488
1877,68,19,106.77822186029961,-84.36606048037106,33.773206881590475
1878,68,20,79.13516424655825,-84.36573682360503,33.773199968818524
1879,68,21,54.05333621515281,-84.36541316694938,33.773193055199016
1880,68,22,31.06878212278778,-84.36508951040413,33.77318614073195
1881,68,23,2.4657331575890757,-84.3647658539693,33.77317922541735
1882,68,24,0.0,-84.36444219764489,33.773172309255195
1883,68,25,27.992144826629907,-84.36411854143091,33.7731653922455
1884,68,26,56.97546876688949,-84.36379488532741,33.77315847438824
1885,68,27,85.95879270714909,-84.36347122933435,33.77315155568345
1886,68,28,114.94211664740867,-84.36314757345178,33.77314463613109
1887,68,29,143.92544058766828,-84.36282391767969,33.77313771573122
1888,68,30,172.90876452792781,-84.36250026201812,33.773130794483784
1889,68,31,201.8920884681874,-84.36217660646706,33.7731238723888
1890,68,32,229.59528546901987,-84.36185295102653,33.77311694944629
1891,68,33,255.79226522159013,-84.36152929569656,33.77311002565624
1892,68,34,282.09412027389817,-84.36120564047715,33.77310310101864
1893,68,35,308.99273459640074,-84.3608819853683,33.7730961755335
1894,68,36,336.4163006954612,-84.36055833037005,33.773089249200844
1895,69,11,338.8125962857261,-84.36864146941318,33.773532444615284
1896,69,12,309.03514732091696,-84.36831781075033,33.77352553855368
1897,69,13,279.25769835610794,-84.36799415219775,33.77351863164452
1898,69,14,249.4802493912988,-84.36767049375545,33.773511723887786
1899,69,15,219.70280042648966,-84.36734683542348,33.773504815283474
1900,69,16,189.92535146168052,-84.36702317720182,33.77349790583161
1901,69,17,160.14790249687138,-84.36669951909047,33.773490995532185
1902,69,18,130.37045353206224,-84.3663758610895,33.77348408438519
1903,69,19,100.59300456725312,-84.36605220319886,33.77347717239063
1904,69,20,70.81555560244398,-84.3657285454186,33.77347025954851
1905,69,21,41.04339426308352,-84.36540488774874,33.77346334585883
1906,69,22,12.055943319263855,-84.36508123018928,33.77345643132159
1907,69,23,0.0,-84.3647575727402,33.77344951593678
1908,69,24,6.320359892639509,-84.36443391540158,33.773442599704424
1909,69,25,35.547708579411186,-84.36411025817338,33.773435682624516
1910,69,26,64.71930072361322,-84.36378660105565,33.773428764697044
1911,69,27,93.7026246638728,-84.36346294404838,33.77342184592202
1912,69,28,122.6859486041324,-84.3631392871516,33.77341492629944
1913,69,29,151.669272544392,-84.36281563036529,33.77340800582932
1914,69,30,180.65259648465153,-84.36249197368952,33.77340108451163
1915,69,31,209.63592042491112,-84.36216831712424,33.77339416234639
1916,69,32,238.61924436517072,-84.3618446606695,33.77338723933361
1917,69,33,267.6025683054303,-84.36152100432533,33.773380315473275
1918,69,34,296.58589224568993,-84.36119734809171,33.77337339076538
1919,69,35,322.8053304395786,-84.36087369196866,33.77336646520995
1920,69,36,349.1672994250458,-84.36055003595621,33.77335953880697
1921,70,11,335.1651954100082,-84.36863320024457,33.77380273596281
1922,70,12,305.38774644519907,-84.36830954056745,33.77379582983112
1923,70,13,275.61029748039,-84.36798588100064,33.77378892285184
1924,70,14,245.83284851558085,-84.3676622215441,33.773782015025
1925,70,15,216.05539955077177,-84.36733856219786,33.77377510635057
1926,70,16,186.27795058596263,-84.36701490296196,33.77376819682857
1927,70,17,156.5005016211535,-84.36669124383639,33.773761286459
1928,70,18,126.72305265634436,-84.36636758482115,33.77375437524185
1929,70,19,96.94560369153523,-84.36604392591629,33.77374746317714
1930,70,20,67.1681547267261,-84.36572026712179,33.77374055026484
1931,70,21,37.39070576191696,-84.36539660843769,33.773733636504986
1932,70,22,7.613256797107835,-84.36507294986397,33.77372672189756
1933,70,23,0.0,-84.36474929140068,33.77371980644257
1934,70,24,13.09099180799225,-84.36442563304782,33.77371289014001
1935,70,25,42.31247677513419,-84.36410197480541,33.77370597298988
1936,70,26,71.53982546190588,-84.36377831667343,33.77369905499219
1937,70,27,100.76717414867755,-84.36345465865193,33.77369213614694
1938,70,28,129.99452283544926,-84.36313100074092,33.77368521645413
1939,70,29,159.22187152222094,-84.3628073429404,33.77367829591375
1940,70,30,188.39642844137524,-84.36248368525038,33.773671374525804
1941,70,31,217.37975238163483,-84.3621600276709,33.77366445229031
1942,70,32,246.36307632189445,-84.36183637020194,33.77365752920725
1943,70,33,275.346400262154,-84.36151271284353,33.773650605276636
1944,70,34,304.3297242024136,-84.3611890555957,33.77364368049847
1945,70,35,333.31304814267315,-84.36086539845843,33.77363675487274
1946,71,11,328.0744404315696,-84.3686249309657,33.77407302729672
1947,71,12,299.7755999715145,-84.36830127027432,33.77406612109492
1948,71,13,271.4767595114594,-84.36797760969323,33.77405921404554
1949,71,14,242.18544763986299,-84.36765394922243,33.774052306148576
1950,71,15,212.40799867505385,-84.36733028886194,33.774045397404024
1951,71,16,182.63054971024474,-84.36700662861178,33.77403848781188
1952,71,17,152.85310074543563,-84.36668296847195,33.77403157737217
1953,71,18,123.07565178062646,-84.36635930844245,33.77402466608487
1954,71,19,93.29820281581733,-84.36603564852334,33.77401775395
1955,71,20,63.52075385100821,-84.3657119887146,33.77401084096754
1956,71,21,33.74330488619908,-84.36538832901623,33.77400392713751
1957,71,22,3.9658559213899425,-84.36506466942826,33.773997012459894
1958,71,23,0.0,-84.36474100995073,33.7739900969347
1959,71,24,19.886008272346267,-84.36441735058362,33.77398318056194
1960,71,25,49.10633940067466,-84.36409369132696,33.773976263341616
1961,71,26,78.32667052900308,-84.36377003218075,33.77396934527369
1962,71,27,107.54700165733148,-84.36344637314501,33.77396242635821
1963,71,28,136.76733278565987,-84.36312271421974,33.77395550659516
1964,71,29,165.98766391398826,-84.36279905540499,33.77394858598454
1965,71,30,195.21398840471562,-84.36247539670073,33.77394166452634
1966,71,31,224.4413370914873,-84.36215173810702,33.77393474222058
1967,71,32,253.668685778259,-84.36182807962382,33.77392781906726
1968,71,33,282.8960344650307,-84.36150442125118,33.77392089506636
1969,71,34,312.0735561591373,-84.36118076298911,33.773913970217905
1970,71,35,341.0568800993969,-84.3608571048376,33.77390704452188
1971,72,10,347.12323958040486,-84.36894032339247,33.77435022404128
1972,72,11,318.35000581507546,-84.36861666157655,33.77434331861698
1973,72,12,289.82565267436564,-84.36829299987089,33.77433641234507
1974,72,13,261.5180633811243,-84.36796933827553,33.77432950522558
1975,72,14,233.21922292106927,-84.36764567679046,33.7743225972585
1976,72,15,204.9203824610142,-84.3673220154157,33.77431568844382
1977,72,16,176.62154200095918,-84.36699835415126,33.77430877878155
1978,72,17,148.32270154090415,-84.36667469299715,33.77430186827169
1979,72,18,119.42825090490858,-84.3663510319534,33.77429495691425
1980,72,19,89.65080194009944,-84.36602737102001,33.774288044709195
1981,72,20,59.87335297529032,-84.365703710197,33.77428113165658
1982,72,21,30.095904010481178,-84.36538004948437,33.77427421775637
1983,72,22,0.318455045672051,-84.36505638888215,33.77426730300857
1984,72,23,0.0,-84.36473272839035,33.77426038741319
1985,72,24,26.681024736700284,-84.36440906800898,33.77425347097022
1986,72,25,55.90135586502868,-84.36408540773806,33.774246553679674
1987,72,26,85.12168699335709,-84.36376174757758,33.77423963554155
1988,72,27,114.34201812168548,-84.3634380875276,33.77423271655584
1989,72,28,143.56234925001388,-84.36311442758807,33.77422579672255
1990,72,29,172.7826803783423,-84.36279076775907,33.77421887604168
1991,72,30,202.0030115066707,-84.36246710804058,33.77421195451323
1992,72,31,231.22334263499909,-84.36214344843258,33.7742050321372
1993,72,32,260.44367376332747,-84.36181978893515,33.77419810891361
1994,72,33,289.6640048916559,-84.36149612954826,33.77419118484242
1995,72,34,318.88815134752537,-84.36117247027194,33.774184259923686
1996,73,10,339.79637925710176,-84.36893205490733,33.77462051541797
1997,73,11,310.65190520058326,-84.36860839207712,33.77461360992357
1998,73,12,281.50743114406475,-84.3682847293572,33.77460670358158
1999,73,13,252.4007702913355,-84.36796106674754,33.774599796391975
2000,73,14,223.51360493116067,-84.36763740424817,33.77459288835477
2001,73,15,194.96285373113108,-84.36731374185914,33.774585979469975
2002,73,16,166.66284587062404,-84.3669900795804,33.77457906973756
2003,73,17,138.364005410569,-84.36666641741202,33.77457215915756
2004,73,18,110.06516495051399,-84.36634275535398,33.77456524772997
2005,73,19,81.76632449045894,-84.36601909340631,33.77455833545477
2006,73,20,53.467484030403895,-84.36569543156901,33.77455142233197
2007,73,21,25.168643570348852,-84.36537176984211,33.77454450836158
2008,73,22,0.0,-84.36504810822562,33.7745375935436
2009,73,23,3.166928753479141,-84.36472444671955,33.77453067787802
2010,73,24,32.589191903427434,-84.3644007853239,33.774523761364854
2011,73,25,62.011455053375734,-84.3640771240387,33.77451684400409
2012,73,26,91.43371820332403,-84.36375346286395,33.77450992579574
2013,73,27,120.85598135327231,-84.3634298017997,33.774503006739806
2014,73,28,150.27824450322063,-84.36310614084591,33.77449608683628
2015,73,29,179.57769684269633,-84.36278248000264,33.774489166085154
2016,73,30,208.7980279710247,-84.36245881926986,33.77448224448645
2017,73,31,238.01835909935312,-84.36213515864762,33.774475322040175
2018,73,32,267.2386902276815,-84.36181149813592,33.774468398746286
2019,73,33,296.4590213560099,-84.36148783773478,33.774461474604834
2020,73,34,325.67935248433827,-84.3611641774442,33.774454549615804
2021,74,10,332.6830374286136,-84.36892378631195,33.77489080678102
2022,74,11,303.5385633720951,-84.36860012246744,33.77488390121653
2023,74,12,274.39408931557654,-84.3682764587332,33.77487699480444
2024,74,13,245.24961525905803,-84.36795279510925,33.77487008754473
2025,74,14,216.10514120253953,-84.36762913159558,33.77486317943742
2026,74,15,186.96066714602105,-84.36730546819223,33.77485627048248
2027,74,16,157.81619308950255,-84.36698180489921,33.77484936067993
2028,74,17,128.724267238883,-84.36665814171651,33.774842450029794
2029,74,18,100.10646882017888,-84.36633447864419,33.77483553853204
2030,74,19,71.80762836012383,-84.36601081568223,33.77482862618668
2031,74,20,43.50878790006878,-84.36568715283065,33.77482171299372
2032,74,21,15.209947440013739,-84.36536349008945,33.774814798953145
2033,74,22,0.0,-84.36503982745867,33.77480788406498
2034,74,23,9.026146374902225,-84.3647161649383,33.77480096832921
2035,74,24,38.448409524850526,-84.36439250252837,33.77479405174582
2036,74,25,67.87067267479883,-84.36406884022888,33.774787134314856
2037,74,26,97.2929358247471,-84.36374517803986,33.77478021603629
2038,74,27,126.71519897469541,-84.3634215159613,33.77477329691012
2039,74,28,156.1374621246437,-84.36309785399324,33.77476637693635
2040,74,29,185.55972527459195,-84.36277419213569,33.77475945611498
2041,74,30,214.98198842454025,-84.36245053038864,33.77475253444603
2042,74,31,244.40425157448854,-84.36212686875213,33.77474561192948
2043,74,32,273.82651472443683,-84.36180320722615,33.774738688565336
2044,74,33,303.2487778743851,-84.36147954581072,33.7747317643536
2045,74,34,332.4743689486923,-84.36115588450588,33.774724839294265
2046,75,10,325.5696956001253,-84.36891551760633,33.775161098130425
2047,75,11,296.4252215436068,-84.36859185274749,33.77515419249585
2048,75,12,267.2807474870884,-84.36826818799892,33.77514728601365
2049,75,13,238.13627343056987,-84.36794452336065,33.77514037868382
2050,75,14,208.99179937405134,-84.36762085883267,33.77513347050639
2051,75,15,179.84732531753286,-84.36729719441502,33.775126561481336
2052,75,16,150.70285126101436,-84.36697353010767,33.77511965160865
2053,75,17,121.55837720449584,-84.36664986591069,33.77511274088837
2054,75,18,92.41390314797735,-84.36632620182404,33.77510582932045
2055,75,19,63.26942909145885,-84.36600253784778,33.77509891690494
2056,75,20,34.12495503494034,-84.36567887398188,33.7750920036418
2057,75,21,5.251251309678625,-84.36535521022638,33.77508508953106
2058,75,22,0.0,-84.36503154658129,33.775078174572705
2059,75,23,14.885363996325308,-84.36470788304662,33.775071258766744
2060,75,24,44.30762714627361,-84.3643842196224,33.77506434211315
2061,75,25,73.7298902962219,-84.36406055630862,33.775057424611965
2062,75,26,103.1521534461702,-84.36373689310528,33.77505050626318
2063,75,27,132.57441659611848,-84.36341323001244,33.77504358706678
2064,75,28,161.99667974606677,-84.36308956703009,33.775036667022775
2065,75,29,191.41894289601504,-84.36276590415822,33.77502974613116
2066,75,30,220.84120604596336,-84.36244224139689,33.77502282439195
2067,75,31,250.26346919591163,-84.36211857874608,33.77501590180513
2068,75,32,279.68573234585995,-84.36179491620581,33.77500897837071
2069,75,33,309.1079954958082,-84.3614712537761,33.775002054088695
2070,75,34,338.53025864575653,-84.36114759145697,33.77499512895907
2071,76,9,347.6008278281557,-84.36923091477385,33.77543829432324
2072,76,10,318.45635377163717,-84.36890724879042,33.7754313894662
2073,76,11,289.31187971511866,-84.36858358291725,33.77542448376152
2074,76,12,260.16740565860016,-84.36825991715436,33.77541757720922
2075,76,13,231.02293160208163,-84.36793625150176,33.77541066980929
2076,76,14,201.87845754556312,-84.36761258595946,33.775403761561726
2077,76,15,172.73398348904465,-84.36728892052747,33.77539685246654
2078,76,16,143.58950943252614,-84.3669652552058,33.77538994252373
2079,76,17,114.44503537600767,-84.36664158999449,33.7753830317333
2080,76,18,85.30056131948915,-84.36631792489354,33.77537612009524
2081,76,19,56.156087262970644,-84.36599425990293,33.77536920760956
2082,76,20,27.01161320645214,-84.36567059502272,33.775362294276256
2083,76,21,0.0,-84.36534693025291,33.775355380095334
2084,76,22,0.0,-84.36502326559349,33.77534846506678
2085,76,23,19.01531111524786,-84.36469960104452,33.77534154919062
2086,76,24,48.796841593605606,-84.36437593660597,33.77533463246684
2087,76,25,78.57837207196333,-84.36405227227787,33.77532771489544
2088,76,26,108.35990255032108,-84.36372860806024,33.77532079647642
2089,76,27,138.14143302867882,-84.36340494395307,33.7753138772098
2090,76,28,167.8558973674899,-84.36308127995642,33.77530695709555
2091,76,29,197.27816051743812,-84.36275761607025,33.775300036133686
2092,76,30,226.70042366738645,-84.36243395229461,33.775293114324214
2093,76,31,256.1226868173347,-84.3621102886295,33.775286191667135
2094,76,32,285.544949967283,-84.36178662507493,33.77527926816245
2095,76,33,314.9672131172313,-84.3614629616309,33.775272343810144
2096,76,34,344.38947626717965,-84.36113929829747,33.77526541861024
2097,77,9,340.48748599966746,-84.36922264686204,33.77570858571545
2098,77,10,311.34301194314895,-84.36889897986427,33.775701680788316
2099,77,11,282.19853788663045,-84.36857531297676,33.775694775013555
2100,77,12,253.05406383011194,-84.36825164619951,33.77568786839115
2101,77,13,223.90958977359344,-84.36792797953257,33.7756809609211
2102,77,14,194.76511571707493,-84.36760431297591,33.77567405260342
2103,77,15,165.62064166055643,-84.3672806465296,33.77566714343811
2104,77,16,136.47616760403795,-84.36695698019359,33.775660233425164
2105,77,17,107.33169354751945,-84.36663331396794,33.77565332256458
2106,77,18,78.18721949100095,-84.36630964785263,33.775646410856375
2107,77,19,49.042745434482434,-84.36598598184771,33.77563949830053
2108,77,20,19.898271377963933,-84.36566231595316,33.77563258489705
2109,77,21,0.0,-84.36533865016902,33.77562567064595
2110,77,22,0.0,-84.36501498449528,33.77561875554721
2111,77,23,22.629234518787126,-84.36469131893197,33.77561183960085
2112,77,24,52.410764997144874,-84.36436765347909,33.775604922806856
2113,77,25,82.1922954755026,-84.36404398813666,33.77559800516526
2114,77,26,111.97382595386034,-84.36372032290471,33.775591086676016
2115,77,27,141.7553564322181,-84.36339665778324,33.77558416733916
2116,77,28,171.53688691057584,-84.36307299277223,33.77557724715467
2117,77,29,201.3184173889336,-84.36274932787175,33.77557032612257
2118,77,30,231.09994786729132,-84.36242566308181,33.77556340424283
2119,77,31,260.8814783456491,-84.36210199840237,33.775556481515494
2120,77,32,290.6630088240068,-84.36177833383347,33.77554955794053
2121,77,33,320.44453930236455,-84.36145466937515,33.77554263351794
2122,78,9,333.37414417117924,-84.36921437883998,33.775978877094
2123,78,10,304.22967011466073,-84.36889071082784,33.775971972096784
2124,78,11,275.08519605814223,-84.36856704292597,33.77596506625192
2125,78,12,245.94072200162373,-84.36824337513438,33.775958159559416
2126,78,13,216.79624794510525,-84.36791970745308,33.77595125201926
2127,78,14,187.65177388858675,-84.36759603988207,33.775944343631465
2128,78,15,158.5072998320682,-84.36727237242138,33.77593743439603
2129,78,16,129.36282577554977,-84.36694870507104,33.77593052431293
2130,78,17,100.21835171903123,-84.36662503783103,33.77592361338222
2131,78,18,71.07387766251273,-84.36630137070138,33.77591670160385
2132,78,19,41.92940360599423,-84.3659777036821,33.77590978897785
2133,78,20,12.784929549475729,-84.36565403677321,33.775902875504194
2134,78,21,0.0,-84.36533036997471,33.77589596118291
2135,78,22,0.0,-84.36500670328664,33.775889046013994
2136,78,23,26.24315792232639,-84.36468303670898,33.775882129997434
2137,78,24,56.024688400684134,-84.36435937024177,33.77587521313324
2138,78,25,85.80621887904186,-84.36403570388501,33.77586829542142
2139,78,26,115.5877493573996,-84.3637120376387,33.775861376861954
2140,78,27,145.36927983575734,-84.3633883715029,33.77585445745485
2141,78,28,175.15081031411512,-84.36306470547756,33.775847537200136
2142,78,29,204.93234079247284,-84.36274103956275,33.77584061609778
2143,78,30,234.71387127083057,-84.36241737375845,33.77583369414779
2144,78,31,264.4954017491883,-84.36209370806469,33.77582677135018
2145,78,32,294.27693222754607,-84.36177004248147,33.775819847704945
2146,78,33,324.0584627059038,-84.36144637700882,33.775812923212065
2147,79,9,326.260802342691,-84.36920611070768,33.77624916845891
2148,79,10,297.1163282861726,-84.36888244168117,33.77624226339161
2149,79,11,267.97185422965407,-84.36855877276491,33.77623535747666
2150,79,12,238.82738017313554,-84.36823510395895,33.77622845071405
2151,79,13,209.68290611661703,-84.36791143526328,33.77622154310378
2152,79,14,180.53843206009853,-84.3675877666779,33.77621463464587
2153,79,15,151.39395800358002,-84.36726409820285,33.7762077253403
2154,79,16,122.24948394706155,-84.36694042983812,33.77620081518708
2155,79,17,93.10500989054304,-84.36661676158377,33.7761939041862
2156,79,18,63.96053583402453,-84.36629309343975,33.77618699233768
2157,79,19,34.816061777506036,-84.36596942540612,33.77618007964152
2158,79,20,5.6715877209875245,-84.36564575748287,33.77617316609769
2159,79,21,0.0,-84.36532208967,33.77616625170623
2160,79,22,8.370765981350049,-84.36499842196757,33.77615933646712
2161,79,23,33.345072524778935,-84.36467475437556,33.77615242038036
2162,79,24,60.68737503108469,-84.36435108689399,33.77614550344597
2163,79,25,89.74419822275017,-84.36402741952287,33.776138585663915
2164,79,26,119.26895967151316,-84.36370375226221,33.77613166703424
2165,79,27,148.98371846482348,-84.36338008511206,33.776124747556906
2166,79,28,178.76473371765437,-84.36305641807238,33.77611782723195
2167,79,29,208.54626419601212,-84.36273275114321,33.776110906059344
2168,79,30,238.32779467436984,-84.36240908432457,33.776103984039096
2169,79,31,268.1093251527276,-84.36208541761647,33.77609706117123
2170,79,32,297.89085563108534,-84.3617617510189,33.776090137455704
2171,79,33,327.6723861094431,-84.3614380845319,33.77608321289256
2172,80,9,319.5916075808193,-84.36919784246511,33.776519459810174
2173,80,10,290.2050341527025,-84.36887417242421,33.77651255467279
2174,80,11,260.884963125475,-84.36855050249358,33.77650564868774
2175,80,12,231.71403834464735,-84.36822683267323,33.776498741855036
2176,80,13,202.56956428812882,-84.36790316296317,33.77649183417465
2177,80,14,173.4250902316103,-84.36757949336342,33.77648492564661
2178,80,15,144.28061617509184,-84.36725582387398,33.77647801627092
2179,80,16,115.13614211857333,-84.36693215449489,33.77647110604756
2180,80,17,85.99166806205483,-84.36660848522614,33.77646419497654
2181,80,18,56.84719400553632,-84.36628481606775,33.776457283057866
2182,80,19,27.70271994901783,-84.36596114701973,33.77645037029153
2183,80,20,0.0,-84.3656374780821,33.77644345667754
2184,80,21,0.0,-84.36531380925489,33.77643654221589
2185,80,22,17.50812197286846,-84.36499014053807,33.7764296269066
2186,80,23,46.64098256360357,-84.3646664719317,33.77642271074964
2187,80,24,74.94096274946008,-84.36434280343576,33.77641579374503
2188,80,25,100.27056733730359,-84.36401913505027,33.77640887589278
2189,80,26,127.37837454067895,-84.36369546677525,33.77640195719287
2190,80,27,155.55164392286648,-84.36337179861071,33.77639503764531
2191,80,28,184.30240788873866,-84.36304813055669,33.7763881172501
2192,80,29,213.397378568875,-84.36272446261316,33.77638119600726
2193,80,30,242.71280313685247,-84.36240079478016,33.77637427391675
2194,80,31,272.1774576136482,-84.36207712705769,33.7763673509786
2195,80,32,301.7476297496138,-84.36175345944577,33.77636042719282
2196,80,33,331.3950749271793,-84.36142979194442,33.77635350255939
2197,81,8,342.94251185349844,-84.36951324527786,33.77679665550761
2198,81,9,313.5559384253816,-84.3691895741123,33.77678975114781
2199,81,10,284.1693649972649,-84.368865903057,33.77678284594034
2200,81,11,254.78279156914812,-84.36854223211196,33.77677593988519
2201,81,12,225.39621814103134,-84.36821856127722,33.776769032982365
2202,81,13,196.00964471291456,-84.36789489055275,33.77676212523188
2203,81,14,166.6230712847978,-84.36757121993861,33.77675521663373
2204,81,15,137.23801973187443,-84.36724754943478,33.776748307187894
2205,81,16,108.0228002900851,-84.36692387904128,33.776741396894394
2206,81,17,78.87832623356661,-84.36660020875814,33.77673448575323
2207,81,18,49.73385217704811,-84.36627653858537,33.776727573764404
2208,81,19,20.589378120529616,-84.36595286852297,33.7767206609279
2209,81,20,0.0,-84.36562919857096,33.77671374724374
2210,81,21,0.0,-84.36530552872935,33.77670683271191
2211,81,22,24.668878483237535,-84.36498185899815,33.776699917332415
2212,81,23,53.80173907397264,-84.36465818937738,33.77669300110527
2213,81,24,82.93459966470775,-84.36433451986706,33.776686084030466
2214,81,25,112.06746025544285,-84.36401085046721,33.77667916610798
2215,81,26,141.200320846178,-84.36368718117781,33.77667224733785
2216,81,27,167.32148543031374,-84.3633635119989,33.77666532772006
2217,81,28,194.33873292035082,-84.36303984293049,33.77665840725461
2218,81,29,222.12295410328085,-84.36271617397259,33.77665148594152
2219,81,30,250.41898962748206,-84.36239250512521,33.77664456378075
2220,81,31,279.07119878720863,-84.36206883638837,33.77663764077234
2221,81,32,307.9801903028999,-84.36174516776208,33.77663071691627
2222,81,33,337.079903354518,-84.36142149924635,33.776623792212554
2223,82,8,336.85041585820414,-84.3695049778292,33.777066946901655
2224,82,9,307.52026926994404,-84.36918130564924,33.77706004247179
2225,82,10,278.13369584182726,-84.36885763357951,33.77705313719422
2226,82,11,248.74712241371049,-84.36853396162007,33.77704623106899
2227,82,12,219.3605489855937,-84.3682102897709,33.777039324096066
2228,82,13,189.97397555747696,-84.36788661803203,33.77703241627546
2229,82,14,160.58740212936019,-84.36756294640348,33.77702550760718
2230,82,15,131.2008287012434,-84.36723927488525,33.777018598091225
2231,82,16,101.8142552731266,-84.36691560347735,33.77701168772759
2232,82,17,72.42768184500983,-84.3665919321798,33.77700477651628
2233,82,18,43.04110841689306,-84.36626826099263,33.77699786445728
2234,82,19,13.654534988776286,-84.36594458991581,33.776990951550616
2235,82,20,0.0,-84.3656209189494,33.77698403779629
2236,82,21,2.7206831607674444,-84.36529724809338,33.77697712319428
2237,82,22,31.845762011043057,-84.3649735773478,33.77697020774459
2238,82,23,60.97084086131868,-84.36464990671264,33.77696329144724
2239,82,24,90.09591971159429,-84.36432623618792,33.77695637430222
2240,82,25,119.22821676581194,-84.36400256577366,33.77694945630954
2241,82,26,148.36107735654707,-84.36367889546987,33.77694253746918
2242,82,27,177.49393794728218,-84.36335522527656,33.776935617781156
2243,82,28,206.62679853801728,-84.36303155519377,33.77692869724547
2244,82,29,234.39021374423606,-84.36270788522148,33.77692177586211
2245,82,30,261.36150429156436,-84.36238421535971,33.77691485363109
2246,82,31,288.93061373283064,-84.36206054560849,33.77690793055241
2247,82,32,316.9415769168048,-84.36173687596782,33.77690100662607
2248,82,33,345.2868760972413,-84.36141320643772,33.77689408185207
2249,83,8,329.74561236146667,-84.3694967102703,33.77733723828207
2250,83,9,300.5990556647872,-84.3691730370759,33.777330333782125
2251,83,10,271.4524989681078,-84.36884936399176,33.77732342843447
2252,83,11,242.30594227142845,-84.36852569101788,33.77731652223914
2253,83,12,213.15938557474905,-84.36820201815429,33.77730961519611
2254,83,13,183.93830640203933,-84.367878345401,33.777302707305395
2255,83,14,154.55173297392255,-84.36755467275803,33.77729579856699
2256,83,15,125.16515954580578,-84.36723100022537,33.7772888889809
2257,83,16,95.77858611768899,-84.36690732780306,33.77728197854712
2258,83,17,66.39201268957221,-84.3665836554911,33.77727506726566
2259,83,18,37.00543926145544,-84.36625998328948,33.777268155136525
2260,83,19,7.618865833338663,-84.36593631119825,33.777261242159696
2261,83,20,0.0,-84.36561263921743,33.77725432833518
2262,83,21,9.913025057898594,-84.36528896734701,33.777247413663
2263,83,22,39.0381039081742,-84.36496529558701,33.77724049814312
2264,83,23,68.16318275844982,-84.36464162393744,33.777233581775576
2265,83,24,97.28826160872545,-84.36431795239831,33.777226664560345
2266,83,25,126.41334045900106,-84.36399428096965,33.777219746497444
2267,83,26,155.5384193092767,-84.36367060965146,33.77721282758686
2268,83,27,184.6634981595523,-84.36334693844374,33.7772059078286
2269,83,28,213.7885770098279,-84.36302326734655,33.777198987222675
2270,83,29,242.92041563912147,-84.36269959635986,33.77719206576907
2271,83,30,272.0532762298566,-84.36237592548369,33.77718514346778
2272,83,31,301.1861368205917,-84.36205225471807,33.77717822031884
2273,83,32,328.40847848070456,-84.361728584063,33.777171296322216
2274,84,7,345.649312480357,-84.36981211692026,33.77761443337118
2275,84,8,319.78853856744917,-84.36948844260115,33.77760752964885
2276,84,9,293.2534937710076,-84.36916476839232,33.77760062507881
2277,84,10,264.3476954713704,-84.36884109429373,33.77759371966108
2278,84,11,235.20113877469097,-84.36851742030542,33.77758681339565
2279,84,12,206.05458207801155,-84.3681937464274,33.77757990628252
2280,84,13,176.90802538133215,-84.36787007265967,33.77757299832169
2281,84,14,147.76146868465278,-84.36754639900225,33.77756608951315
2282,84,15,118.61491198797337,-84.36722272545516,33.777559179856944
2283,84,16,89.46835529129397,-84.3668990520184,33.77755226935302
2284,84,17,60.32179859461458,-84.366575378692,33.77754535800141
2285,84,18,30.96977010601782,-84.36625170547597,33.777538445802115
2286,84,19,1.5831966779010438,-84.36592803237032,33.77753153275511
2287,84,20,0.0,-84.36560435937507,33.77752461886044
2288,84,21,17.505414578880995,-84.36528068649022,33.77751770411807
2289,84,22,46.34390001401655,-84.36495701371578,33.777510788528
2290,84,23,75.35552465558098,-84.3646333410518,33.77750387209025
2291,84,24,104.48060350585659,-84.36430966849825,33.77749695480482
2292,84,25,133.6056823561322,-84.36398599605516,33.77749003667169
2293,84,26,162.7307612064078,-84.36366232372255,33.777483117690885
2294,84,27,191.85584005668343,-84.36333865150043,33.77747619786239
2295,84,28,220.98091890695906,-84.36301497938881,33.77746927718622
2296,84,29,250.10599775723466,-84.36269130738769,33.77746235566237
2297,84,30,279.23107660751026,-84.36236763549712,33.77745543329083
2298,84,31,308.35615545778586,-84.36204396371708,33.777448510071615
2299,84,32,337.4812343080615,-84.36172029204761,33.77744158600471
2300,85,7,329.68513788258747,-84.36980385015532,33.77788472479436
2301,85,8,304.28543061238594,-84.36948017482179,33.77787782100196
2302,85,9,278.88572334218435,-84.36915649959847,33.77787091636185
2303,85,10,252.72232816732665,-84.36883282448544,33.777864010874026
2304,85,11,226.18728337088507,-84.36850914948268,33.77785710453849
2305,85,12,198.9497785812741,-84.36818547459019,33.77785019735525
2306,85,13,169.80322188459468,-84.36786179980801,33.777843289324316
2307,85,14,140.6566651879153,-84.36753812513614,33.77783638044567
2308,85,15,111.51010849123591,-84.36721445057461,33.77782947071931
2309,85,16,82.3635517945565,-84.3668907761234,33.77782256014526
2310,85,17,53.2169950978771,-84.36656710178256,33.777815648723504
2311,85,18,24.070438401197702,-84.36624342755209,33.77780873645405
2312,85,19,0.0,-84.365919753432,33.77780182333689
2313,85,20,0.0,-84.3655960794223,33.77779490937201
2314,85,21,25.77232196964535,-84.36527240552302,33.77778799455946
2315,85,22,54.6108074047809,-84.36494873173415,33.777781078899224
2316,85,23,83.44929283991645,-84.36462505805571,33.77777416239127
2317,85,24,112.28777827505202,-84.36430138448773,33.77776724503562
2318,85,25,141.12626371018757,-84.3639777110302,33.77776032683228
2319,85,26,169.97683936785975,-84.36365403768316,33.77775340778125
2320,85,27,199.04818195381458,-84.3633303644466,33.777746487882524
2321,85,28,228.17326080409018,-84.36300669132055,33.77773956713611
2322,85,29,257.2983396543658,-84.36268301830502,33.777732645542
2323,85,30,286.4234185046414,-84.36235934540002,33.7777257231002
2324,85,31,315.548497354917,-84.36203567260554,33.77771879981072
2325,85,32,344.6735762051926,-84.36171199992164,33.77771187567353
2326,86,6,339.12067055501956,-84.37011925973843,33.77816191921867
2327,86,7,313.72096328481797,-84.36979558328018,33.77815501620392
2328,86,8,288.3212560146164,-84.36947190693215,33.77814811234144
2329,86,9,262.92154874441485,-84.36914823069438,33.77814120763125
2330,86,10,237.52184147421326,-84.36882455456687,33.77813430207334
2331,86,11,212.12213420401173,-84.36850087854964,33.77812739566771
2332,86,12,185.65611776720414,-84.3681772026427,33.778120488414366
2333,86,13,159.12107297076255,-84.36785352684603,33.77811358031331
2334,86,14,132.58602817432103,-84.3675298511597,33.77810667136454
2335,86,15,104.40530499449844,-84.3672061755837,33.77809976156806
2336,86,16,75.25874829781903,-84.36688250011805,33.77809285092386
2337,86,17,46.11219160113963,-84.36655882476275,33.77808593943195
2338,86,18,16.965634904460227,-84.36623514951782,33.77807902709233
2339,86,19,0.0,-84.36591147438327,33.778072113905004
2340,86,20,5.2007439252741525,-84.36558779935912,33.77806519986997
2341,86,21,34.039229360409706,-84.36526412444536,33.778058284987246
2342,86,22,62.87771479554526,-84.36494044964205,33.778051369256794
2343,86,23,91.71620023068081,-84.36461677494917,33.77804445267865
2344,86,24,120.55468566581638,-84.36429310036674,33.77803753525279
2345,86,25,149.39317110095192,-84.36396942589477,33.77803061697923
2346,86,26,178.23165653608748,-84.36364575153327,33.778023697857975
2347,86,27,207.07014197122308,-84.36332207728228,33.778016777889015
2348,86,28,235.90862740635862,-84.36299840314179,33.77800985707235
2349,86,29,264.7471128414942,-84.3626747291118,33.778002935408
2350,86,30,293.6522546876604,-84.36235105519236,33.777996012895926
2351,86,31,322.7408392520482,-84.36202738138344,33.77798908953618
2352,87,5,349.19031827418485,-84.37043467135048,33.77843911292173
2353,87,6,323.48418808106766,-84.37011099376753,33.778432210684635
2354,87,7,297.7945550389764,-84.36978731629478,33.77842530759982
2355,87,8,272.3570814168469,-84.36946363893227,33.77841840366727
2356,87,9,246.95737414664532,-84.36913996168002,33.778411498886996
2357,87,10,221.55766687644376,-84.36881628453803,33.778404593259005
2358,87,11,196.15795960624217,-84.36849260750631,33.77839768678327
2359,87,12,170.7582523360406,-84.36816893058489,33.77839077945982
2360,87,13,145.12495216352315,-84.36784525377375,33.778383871288646
2361,87,14,118.58990736708162,-84.36752157707296,33.77837696226975
2362,87,15,92.05486257064007,-84.36719790048248,33.77837005240314
2363,87,16,65.51981777419851,-84.36687422400234,33.7783631416888
2364,87,17,38.984772977756975,-84.36655054763257,33.77835623012675
2365,87,18,9.86083140772275,-84.36622687137316,33.77834931771697
2366,87,19,0.0,-84.36590319522413,33.77834240445948
2367,87,20,14.116500653067801,-84.36557951918552,33.77833549035427
2368,87,21,42.65997650706546,-84.36525584325732,33.77832857540136
2369,87,22,71.20345236106313,-84.36493216743953,33.77832165960071
2370,87,23,99.98310762144516,-84.36460849173218,33.778314742952354
2371,87,24,128.82159305658075,-84.36428481613528,33.77830782545629
2372,87,25,157.6600784917163,-84.36396114064885,33.77830090711252
2373,87,26,186.49856392685186,-84.3636374652729,33.778293987921046
2374,87,27,215.33704936198737,-84.36331379000745,33.77828706788184
2375,87,28,244.17553479712294,-84.36299011485248,33.77828014699494
2376,87,29,273.0140202322585,-84.36266643980805,33.77827322526033
2377,87,30,301.85250566739404,-84.36234276487416,33.778266302678006
2378,87,31,330.69099110252955,-84.36201909005081,33.77825937924798
2379,88,5,334.3196371840018,-84.37042640628385,33.778709404444115
2380,88,6,308.23799635686885,-84.37010272768639,33.77870250213697
2381,88,7,282.3018889359833,-84.36977904919915,33.77869559898208
2382,88,8,256.61127279514244,-84.36945537082214,33.77868869497947
2383,88,9,230.99319954887582,-84.3691316925554,33.77868179012911
2384,88,10,205.59349227867426,-84.36880801439891,33.77867488443101
2385,88,11,180.19378500847267,-84.3684843363527,33.77866797788519
2386,88,12,154.7940777382711,-84.36816065841677,33.778661070491644
2387,88,13,129.39437046806952,-84.36783698059116,33.778654162250355
2388,88,14,103.99466319786795,-84.36751330287586,33.77864725316134
2389,88,15,78.05874176340065,-84.3671896252709,33.77864034322459
2390,88,16,51.52369696695911,-84.36686594777628,33.7786334324401
2391,88,17,24.988652170517554,-84.36654227039202,33.7786265208079
2392,88,18,0.0,-84.36621859311813,33.77861960832796
2393,88,19,0.0,-84.36589491595463,33.778612695000305
2394,88,20,23.35067555785775,-84.36557123890152,33.77860578082493
2395,88,21,51.89415141185541,-84.36524756195882,33.77859886580181
2396,88,22,80.43762726585307,-84.36492388512657,33.77859194993098
2397,88,23,108.98110311985073,-84.36460020840474,33.77858503321243
2398,88,24,137.5245789738484,-84.36427653179337,33.77857811564616
2399,88,25,166.06805482784605,-84.36395285529247,33.77857119723216
2400,88,26,194.76547131761617,-84.36362917890203,33.778564277970446
2401,88,27,223.6039567527517,-84.36330550262211,33.77855735786102
2402,88,28,252.4424421878873,-84.36298182645268,33.77855043690388
2403,88,29,281.2809276230229,-84.36265815039378,33.778543515099
2404,88,30,310.1194130581584,-84.36233447444542,33.77853659244642
2405,88,31,338.95789849329395,-84.36201079860759,33.778529668946135
2406,89,4,343.3969188797476,-84.37074182082921,33.778986597482316
2407,89,5,319.27996481056954,-84.37041814110702,33.778979695952856
2408,89,6,293.4140963381682,-84.37009446149503,33.778972793575655
2409,89,7,267.3324555110353,-84.36977078199328,33.778965890350705
2410,89,8,241.2508146839024,-84.36944710260177,33.77895898627801
2411,89,9,215.42897365005808,-84.3691234233205,33.77895208135757
2412,89,10,189.73835750921722,-84.36879974414951,33.7789451755894
2413,89,11,164.22961041070315,-84.36847606508879,33.77893826897348
2414,89,12,138.82990314050159,-84.36815238613836,33.778931361509805
2415,89,13,113.43019587030001,-84.36782870729824,33.7789244531984
2416,89,14,88.03048860009844,-84.36750502856844,33.77891754403926
2417,89,15,62.63078132989687,-84.36718134994896,33.77891063403238
2418,89,16,37.2310740596953,-84.36685767143985,33.77890372317776
2419,89,17,10.992531363278136,-84.36653399304109,33.7788968114754
2420,89,18,0.0,-84.36621031475269,33.77888989892531
2421,89,19,6.431237067844329,-84.3658866365747,33.77888298552749
2422,89,20,34.15966243401817,-84.3655629585071,33.77887607128192
2423,89,21,61.888087800192025,-84.36523928054991,33.778869156188634
2424,89,22,89.7164650061159,-84.36491560270316,33.778862240247605
2425,89,23,118.21527802464068,-84.36459192496685,33.77885532345885
2426,89,24,146.75875387863834,-84.36426824734099,33.77884840582237
2427,89,25,175.302229732636,-84.36394456982559,33.77884148733815
2428,89,26,203.84570558663367,-84.36362089242067,33.77883456800622
2429,89,27,232.38918144063135,-84.36329721512625,33.778827647826546
2430,89,28,260.932657294629,-84.36297353794235,33.778820726799154
2431,89,29,289.5609260785043,-84.36264986086897,33.77881380492404
2432,89,30,318.38632044892273,-84.36232618390612,33.7788068822012
2433,89,31,347.22480588405836,-84.36200250705382,33.77879995863063
2434,90,4,325.5062743780259,-84.37073355655669,33.779256889047446
2435,90,5,301.41471632319804,-84.37040987581997,33.77924998744795
2436,90,6,277.36197053172276,-84.37008619519345,33.77924308500069
2437,90,7,252.40837632124735,-84.36976251467718,33.77923618170568
2438,90,8,226.42691466520174,-84.36943883427114,33.77922927756291
2439,90,9,200.3452738380688,-84.36911515397536,33.77922237257239
2440,90,10,174.27088872231388,-84.36879147378983,33.779215466734115
2441,90,11,148.5560583641329,-84.36846779371459,33.7792085600481
2442,90,12,122.87084050062559,-84.36814411374965,33.779201652514324
2443,90,13,97.4660212725305,-84.36782043389499,33.77919474413281
2444,90,14,72.06631400232892,-84.3674967541507,33.77918783490353
2445,90,15,46.666606732127356,-84.3671730745167,33.77918092482652
2446,90,16,21.266899461925785,-84.36684939499307,33.77917401390176
2447,90,17,0.0,-84.36652571557978,33.77916710212926
2448,90,18,0.0,-84.36620203627689,33.779160189509
2449,90,19,18.265703810779957,-84.36587835708438,33.779153276041
2450,90,20,45.61105652873549,-84.36555467800227,33.779146361725275
2451,90,21,73.33948189490934,-84.36523099903059,33.77913944656179
2452,90,22,101.06790726108318,-84.36490732016931,33.77913253055058
2453,90,23,128.79633262725702,-84.36458364141849,33.77912561369162
2454,90,24,156.52475799343088,-84.36425996277812,33.77911869598493
2455,90,25,184.57292468064165,-84.36393628424823,33.77911177743049
2456,90,26,213.07988049142364,-84.36361260582882,33.77910485802832
2457,90,27,241.62335634542129,-84.36328892751992,33.77909793777842
2458,90,28,270.166832199419,-84.3629652493215,33.77909101668077
2459,90,29,298.7103080534166,-84.36264157123362,33.7790840947354
2460,90,30,327.2537839074143,-84.36231789325628,33.7790771719423
2461,91,3,334.83381415282287,-84.37104897403543,33.77953408142074
2462,91,4,308.9097402608142,-84.37072529217397,33.779527180598954
2463,91,5,283.7044418391395,-84.3704016104227,33.7795202789294
2464,91,6,259.4325137666485,-84.37007792878165,33.77951337641208
2465,91,7,235.3797679751732,-84.36975424725084,33.77950647304701
2466,91,8,211.22352581425187,-84.36943056583024,33.779499568834176
2467,91,9,185.52137381936814,-84.36910688451992,33.77949266377356
2468,91,10,159.43973299223524,-84.36878320331988,33.77948575786521
2469,91,11,133.3580921651023,-84.36845952223008,33.77947885110909
2470,91,12,107.37375921904852,-84.36813584125062,33.7794719435052
2471,91,13,81.68314307820765,-84.36781216038145,33.77946503505356
2472,91,14,56.10213940455941,-84.3674884796226,33.77945812575417
2473,91,15,30.702432134357842,-84.36716479897407,33.779451215607025
2474,91,16,5.3027248641562705,-84.36684111843591,33.77944430461211
2475,91,17,0.0,-84.36651743800812,33.779437392769466
2476,91,18,7.916341275149972,-84.3661937576907,33.77943048007904
2477,91,19,33.66339901668634,-84.36587007748365,33.779423566540885
2478,91,20,59.41045675822271,-84.36554639738704,33.77941665215498
2479,91,21,85.24166339613306,-84.36522271740083,33.7794097369213
2480,91,22,112.51930135580051,-84.36489903752502,33.7794028208399
2481,91,23,140.24772672197435,-84.36457535775969,33.779395903910746
2482,91,24,167.9761520881482,-84.36425167810481,33.77938898613384
2483,91,25,195.70457745432208,-84.3639279985604,33.779382067509175
2484,91,26,223.43300282049591,-84.36360431912647,33.77937514803678
2485,91,27,251.23389624854354,-84.36328063980304,33.779368227716645
2486,91,28,279.437443727819,-84.36295696059013,33.77936130654876
2487,91,29,307.9444829582066,-84.36263328148775,33.77935438453313
2488,91,30,336.4879588122042,-84.36230960249588,33.779347461669765
2489,92,2,341.05670519595066,-84.37136439354329,33.779811273072674
2490,92,3,317.64901107055647,-84.37104071055708,33.779804373028625
2491,92,4,293.61440053395427,-84.37071702768105,33.77979747213681
2492,92,5,267.8603300267154,-84.37039334491523,33.7797905703972
2493,92,6,242.11998260997112,-84.37006966225962,33.77978366780983
2494,92,7,217.45031121009893,-84.36974597971425,33.779776764374695
2495,92,8,193.3975654186236,-84.36942229727912,33.779769860091776
2496,92,9,169.34481962714833,-84.36909861495423,33.77976295496109
2497,92,10,144.3519373249297,-84.36877493273963,33.779756048982634
2498,92,11,118.53419214640164,-84.3684512506353,33.77974914215642
2499,92,12,92.45255131926874,-84.36812756864127,33.77974223448243
2500,92,13,66.37091049213582,-84.36780388675756,33.779735325960665
2501,92,14,40.500843933123285,-84.36748020498418,33.77972841659115
2502,92,15,14.810227792282406,-84.36715652332111,33.77972150637387
2503,92,16,0.0,-84.36683284176841,33.77971459530882
2504,92,17,0.0,-84.36650916032607,33.77970768339602
2505,92,18,23.314036481056352,-84.3661854789941,33.77970077063544
2506,92,19,49.061094222592715,-84.36586179777252,33.77969385702711
2507,92,20,74.80815196412908,-84.36553811666137,33.77968694257102
2508,92,21,100.55520970566543,-84.36521443566062,33.779680027267176
2509,92,22,126.3022674472018,-84.3648907547703,33.779673111115564
2510,92,23,152.30579319153412,-84.36456707399043,33.779666194116196
2511,92,24,179.440178447035,-84.36424339332102,33.779659276269086
2512,92,25,207.15597154903938,-84.36391971276208,33.77965235757421
2513,92,26,234.88439691521322,-84.36359603231362,33.77964543803159
2514,92,27,262.6128222813871,-84.36327235197567,33.77963851764121
2515,92,28,290.3412476475609,-84.36294867174823,33.77963159640307
2516,92,29,318.0719678363406,-84.36262499163132,33.77962467431718
2517,92,30,346.02975458216906,-84.36230131162495,33.779617751383554
2518,93,1,346.15103147027077,-84.37167981508028,33.78008846400326
2519,93,2,321.9088512334329,-84.37135613096932,33.78008156473696
2520,93,3,298.71404455921476,-84.37103244696853,33.78007466462288
2521,93,4,275.66064058363054,-84.37070876307793,33.78006776366101
2522,93,5,251.62603004702825,-84.37038507929753,33.78006086185137
2523,93,6,226.9132867606364,-84.37006139562736,33.78005395919394
2524,93,7,200.8879330344352,-84.36973771206742,33.780047055688726
2525,93,8,175.55325212055095,-84.36941402861773,33.78004015133575
2526,93,9,151.41536286207403,-84.36909034527828,33.78003324613497
2527,93,10,127.36261707059874,-84.36876666204911,33.78002634008643
2528,93,11,103.16708681793425,-84.36844297893022,33.7800194331901
2529,93,12,77.4803488356076,-84.36811929592163,33.78001252544601
2530,93,13,51.54701047343516,-84.36779561302336,33.78000561685413
2531,93,14,25.465369646302253,-84.36747193023541,33.779998707414485
2532,93,15,0.0,-84.3671482475578,33.779991797127074
2533,93,16,0.0,-84.36682456499054,33.77998488599188
2534,93,17,13.99424786360887,-84.36650088253364,33.77997797400892
2535,93,18,38.711731686962736,-84.36617720018712,33.77997106117818
2536,93,19,64.4587894284991,-84.365853517951,33.7799641474997
2537,93,20,90.20584717003547,-84.36552983582528,33.779957232973416
2538,93,21,115.95290491157182,-84.36520615380999,33.779950317599386
2539,93,22,141.69996265310817,-84.36488247190513,33.77994340137759
2540,93,23,167.44702039464454,-84.3645587901107,33.779936484308024
2541,93,24,193.1940781361809,-84.36423510842674,33.779929566390685
2542,93,25,219.38087451021127,-84.36391142685328,33.77992264762559
2543,93,26,246.43394876166406,-84.36358774539028,33.77991572801273
2544,93,27,274.0642163761044,-84.36326406403778,33.77990880755212
2545,93,28,301.79264174227825,-84.3629403827958,33.77990188624374
2546,93,29,329.5210671084521,-84.36261670166435,33.77989496408761
2547,94,1,330.039647514118,-84.3716715534107,33.780358755723924
2548,94,2,304.51755424891246,-84.37134786828516,33.780351856387604
2549,94,3,279.8851778144663,-84.3710241832698,33.78034495620349
2550,94,4,256.3990730769741,-84.3707004983646,33.780338055171576
2551,94,5,233.67227009670452,-84.37037681356964,33.78033115329189
2552,94,6,209.63765956010226,-84.37005312888486,33.78032425056439
2553,94,7,185.60304902350003,-84.36972944431035,33.78031734698912
2554,94,8,159.93980263452895,-84.36940575984606,33.780310442566055
2555,94,9,133.98813376525823,-84.36908207549205,33.780303537295204
2556,94,10,109.43316030552447,-84.36875839124829,33.78029663117657
2557,94,11,85.38041451404918,-84.36843470711483,33.78028972421014
2558,94,12,61.327668722573875,-84.36811102309167,33.78028281639594
2559,94,13,36.2954983286121,-84.36778733917883,33.78027590773395
2560,94,14,10.608760346285468,-84.36746365537631,33.78026899822417
2561,94,15,0.0,-84.36713997168411,33.78026208786662
2562,94,16,8.315179873799922,-84.36681628810229,33.78025517666129
2563,94,17,32.17701266526282,-84.36649260463082,33.78024826460817
2564,94,18,56.03884545672573,-84.36616892126975,33.780241351707275
2565,94,19,80.00533269197989,-84.36584523801906,33.78023443795861
2566,94,20,105.60354237594186,-84.36552155487878,33.780227523362164
2567,94,21,131.3506001174782,-84.36519787184892,33.78022060791793
2568,94,22,157.09765785901456,-84.3648741889295,33.780213691625946
2569,94,23,182.84471560055093,-84.36455050612054,33.780206774486174
2570,94,24,208.59177334208732,-84.36422682342202,33.780199856498626
2571,94,25,234.3388310836237,-84.36390314083398,33.780192937663315
2572,94,26,260.10989708318743,-84.36357945835643,33.78018601798023
2573,94,27,286.45921448266904,-84.36325577598937,33.78017909744937
2574,94,28,313.4654758716328,-84.36293209373285,33.78017217607075
2575,94,29,340.9726199635839,-84.36260841158685,33.78016525384435
2576,95,0,343.25941991452765,-84.3719869778813,33.78063594598949
2577,95,1,315.9617085574676,-84.37166329163098,33.78062904743095
2578,95,2,289.199884490036,-84.37133960549083,33.7806221480246
2579,95,3,263.13750227503925,-84.37101591946086,33.780615247770456
2580,95,4,238.00444747534104,-84.37069223354108,33.78060834666851
2581,95,5,214.12820676533596,-84.3703685477315,33.78060144471876
2582,95,6,191.62398843310484,-84.37004486203215,33.78059454192121
2583,95,7,167.6492890731763,-84.36972117644302,33.78058763827588
2584,95,8,143.61467853657408,-84.36939749096415,33.780580733782735
2585,95,9,118.99275936844997,-84.36907380559553,33.7805738284418
2586,95,10,92.96631850842152,-84.3687501203372,33.78056692225306
2587,95,11,67.45095774897491,-84.36842643518915,33.78056001521654
2588,95,12,43.39821195749962,-84.3681027501514,33.78055310733223
2589,95,13,19.34546616602432,-84.36777906522397,33.78054619860011
2590,95,14,0.0,-84.36745538040687,33.78053928902022
2591,95,15,2.19899722467645,-84.3671316957001,33.780532378592525
2592,95,16,26.49794467545387,-84.36680801110367,33.78052546731705
2593,95,17,50.359777466916775,-84.36648432661765,33.78051855519377
2594,95,18,74.22161025837968,-84.36616064224198,33.78051164222273
2595,95,19,98.08344304984259,-84.36583695797671,33.78050472840389
2596,95,20,121.94527584130549,-84.36551327382186,33.78049781373726
2597,95,21,146.74829532338458,-84.36518958977743,33.78049089822285
2598,95,22,172.49535306492095,-84.36486590584343,33.78048398186066
2599,95,23,198.24241080645731,-84.36454222201988,33.780477064650675
2600,95,24,223.9894685479937,-84.3642185383068,33.780470146592926
2601,95,25,249.73652628953005,-84.3638948547042,33.78046322768739
2602,95,26,275.4835840310664,-84.36357117121207,33.780456307934074
2603,95,27,301.2306417726028,-84.36324748783046,33.78044938733298
2604,95,28,327.0903117210736,-84.36292380455936,33.78044246588411
2605,96,0,332.46452698501366,-84.37197871700602,33.780906237752895
2606,96,1,304.1996607786816,-84.37165502974109,33.78089933912433
2607,96,2,276.3009329198167,-84.37133134258632,33.78089243964796
2608,96,3,248.89149733740834,-84.37100765554173,33.78088553932378
2609,96,4,222.15253624785208,-84.37068396860734,33.78087863815179
2610,96,5,196.35814542781088,-84.37036028178315,33.780871736132
2611,96,6,171.93397916161138,-84.3700365950692,33.78086483326439
2612,96,7,149.26098368797275,-84.36971290846546,33.780857929548986
2613,96,8,125.66091858625035,-84.36938922197197,33.78085102498576
2614,96,9,101.62630804964809,-84.36906553558876,33.780844119574745
2615,96,10,77.59169751304584,-84.36874184931582,33.78083721331591
2616,96,11,52.019275242342495,-84.36841816315317,33.780830306209296
2617,96,12,25.992834382314054,-84.36809447710081,33.78082339825487
2618,96,13,1.4160094009500572,-84.36777079115879,33.78081648945264
2619,96,14,0.0,-84.36744710532707,33.780809579802614
2620,96,15,19.338050839286023,-84.3671234196057,33.78080266930479
2621,96,16,43.96025303964858,-84.3667997339947,33.78079575795916
2622,96,17,68.54254226857073,-84.36647604849408,33.78078884576574
2623,96,18,92.40437506003363,-84.36615236310382,33.78078193272452
2624,96,19,116.26620785149653,-84.36582867782396,33.78077501883551
2625,96,20,140.12804064295943,-84.36550499265452,33.78076810409871
2626,96,21,163.98987343442232,-84.36518130759549,33.78076118851411
2627,96,22,188.16856998987225,-84.36485762264691,33.78075427208172
2628,96,23,213.64010601236367,-84.36453393780877,33.780747354801534
2629,96,24,239.38716375390004,-84.36421025308111,33.780740436673575
2630,96,25,265.13422149543646,-84.36388656846391,33.78073351769781
2631,96,26,290.88127923697283,-84.36356288395721,33.78072659787427
2632,96,27,316.6283369785092,-84.36323919956104,33.78071967720294
2633,96,28,342.37539472004556,-84.36291551527535,33.78071275568381
2634,97,0,324.0961185307219,-84.37197045602059,33.78117652950264
2635,97,1,295.03061868418985,-84.37164676774101,33.781169630804065
2636,97,2,266.1725716066025,-84.37132307957162,33.781162731257666
2637,97,3,237.5975795124353,-84.37099939151241,33.781155830863455
2638,97,4,209.42154068926172,-84.37067570356339,33.78114892962142
2639,97,5,181.83001297684658,-84.37035201572458,33.78114202753159
2640,97,6,155.13518470565043,-84.370028327996,33.78113512459391
2641,97,7,129.89109841768357,-84.36970464037765,33.781128220808434
2642,97,8,106.89797894284065,-84.36938095286955,33.781121316175145
2643,97,9,83.67254809932436,-84.36905726547171,33.781114410694045
2644,97,10,59.637937562722115,-84.36873357818415,33.781107504365124
2645,97,11,35.603327026119864,-84.36840989100688,33.78110059718839
2646,97,12,11.07223197626349,-84.36808620393991,33.78109368916385
2647,97,13,0.0,-84.36776251698326,33.7810867802915
2648,97,14,11.85490225353304,-84.36743883013695,33.781079870571354
2649,97,15,36.47710445389559,-84.36711514340098,33.781072960003385
2650,97,16,61.09930665425815,-84.36679145677536,33.781066048587626
2651,97,17,85.72150885462071,-84.36646777026012,33.78105913632405
2652,97,18,110.34371105498326,-84.36614408385526,33.781052223212676
2653,97,19,134.4489726531505,-84.3658203975608,33.781045309253486
2654,97,20,158.31080544461338,-84.36549671137675,33.7810383944465
2655,97,21,182.17263823607627,-84.36517302530312,33.78103147879172
2656,97,22,206.03447102753915,-84.36484933933994,33.78102456228913
2657,97,23,229.95593116682977,-84.3645256534872,33.781017644938736
2658,97,24,254.83651358889333,-84.36420196774495,33.78101072674057
2659,97,25,280.53191670134277,-84.36387828211315,33.78100380769459
2660,97,26,306.2789744428792,-84.36355459659185,33.780996887800804
2661,97,27,332.02603218441556,-84.36323091118108,33.78098996705923
2662,98,0,318.34560840380794,-84.37196219492499,33.78144682123876
2663,98,1,288.7017462789006,-84.37163850563078,33.78143992247016
2664,98,2,259.13986613213876,-84.37131481644674,33.78143302285375
2665,98,3,229.6916239950401,-84.37099112737289,33.7814261223895
2666,98,4,200.4071207516713,-84.37066743840923,33.78141922107742
2667,98,5,171.3703182072994,-84.37034374955579,33.781412318917525
2668,98,6,142.73246959597924,-84.37002006081256,33.781405415909795
2669,98,7,114.79255111488386,-84.36969637217958,33.78139851205425
2670,98,8,88.21622133122293,-84.36937268365685,33.78139160735089
2671,98,9,64.53497419770856,-84.36904899524438,33.78138470179969
2672,98,10,41.684177612398386,-84.3687253069422,33.78137779540068
2673,98,11,17.649567075796142,-84.3684016187503,33.781370888153845
2674,98,12,0.0,-84.36807793066869,33.7813639800592
2675,98,13,3.936368349376362,-84.36775424269742,33.78135707111673
2676,98,14,28.754732604588472,-84.36743055483647,33.78135016132645
2677,98,15,53.57309685980058,-84.36710686708588,33.78134325068835
2678,98,16,78.23836026886772,-84.36678317944565,33.78133633920243
2679,98,17,102.86056246923027,-84.36645949191578,33.78132942686871
2680,98,18,127.48276466959283,-84.3661358044963,33.781322513687165
2681,98,19,152.10496686995538,-84.36581211718722,33.78131559965781
2682,98,20,176.49357024626735,-84.36548842998856,33.78130868478064
2683,98,21,200.35540303773024,-84.36516474290032,33.78130176905567
2684,98,22,224.21723582919313,-84.36484105592251,33.781294852482894
2685,98,23,248.07906862065605,-84.36451736905516,33.7812879350623
2686,98,24,271.94090141211893,-84.36419368229829,33.781281016793905
2687,98,25,296.33421706733856,-84.3638699956519,33.781274097677695
2688,98,26,321.6766801996237,-84.36354630911599,33.78126717771369
2689,98,27,347.4237273903219,-84.3632226226906,33.781260256901874
2690,99,0,315.35624099310525,-84.37195393371925,33.781717112961225
2691,99,1,285.40205088225554,-84.37163024341038,33.78171021412261
2692,99,2,255.45861222964015,-84.3713065532117,33.781703314436164
2693,99,3,225.5302074596433,-84.37098286312319,33.781696413901884
2694,99,4,195.62373677876062,-84.37065917314487,33.78168951251976
2695,99,5,165.75107331713394,-84.37033548327676,33.78168261028982
2696,99,6,135.93450709911005,-84.3700117935189,33.78167570721203
2697,99,7,106.22128851964699,-84.36968810387125,33.781668803286415
2698,99,8,76.73157139841574,-84.36936441433389,33.78166189851297
2699,99,9,47.880120757640746,-84.36904072490677,33.78165499289169
2700,99,10,22.17196945257646,-84.36871703558994,33.781648086422585
2701,99,11,0.0,-84.3683933463834,33.78164117910565
2702,99,12,0.0,-84.36806965728717,33.7816342709409
2703,99,13,20.790115579461716,-84.36774596830125,33.78162736192831
2704,99,14,45.60847983467383,-84.36742227942567,33.7816204520679
2705,99,15,70.42684408988595,-84.36709859066042,33.781613541359654
2706,99,16,95.24520834509806,-84.36677490200555,33.7816066298036
2707,99,17,119.99961608383984,-84.36645121346105,33.78159971739971
2708,99,18,144.6218182842024,-84.36612752502694,33.781592804148005
2709,99,19,169.24402048456494,-84.36580383670322,33.78158589004849
2710,99,20,193.8662226849275,-84.36548014848992,33.781578975101134
2711,99,21,218.48842488529004,-84.36515646038706,33.78157205930598
2712,99,22,242.40000063084707,-84.36483277239464,33.78156514266299
2713,99,23,266.26183342231,-84.36450908451266,33.781558225172205
2714,99,24,290.1236662137729,-84.36418539674116,33.781551306833585
2715,99,25,313.9854990052358,-84.36386170908014,33.78154438764716
2716,99,26,338.06255005794833,-84.36353802152962,33.781537467612914
2717,100,0,315.2065847608713,-84.37194567240336,33.78198740467005
2718,100,1,285.23667890211533,-84.37162198107981,33.78198050576142
2719,100,2,255.27384297182607,-84.37129828986646,33.78197360600495
2720,100,3,225.32089743319548,-84.37097459876327,33.78196670540063
2721,100,4,195.38239105558281,-84.3706509077703,33.78195980394848
2722,100,5,165.46616164368103,-84.37032721688753,33.78195290164847
2723,100,6,135.58695572800823,-84.370003526115,33.78194599850063
2724,100,7,105.7761526908828,-84.3696798354527,33.78193909450494
2725,100,8,76.11416683233836,-84.36935614490065,33.781932189661426
2726,100,9,46.733108663378516,-84.36903245445887,33.78192528397006
2727,100,10,17.392959113355133,-84.36870876412739,33.781918377430856
2728,100,11,0.0,-84.36838507390618,33.78191147004382
2729,100,12,11.206663631447386,-84.3680613837953,33.78190456180894
2730,100,13,37.42556299031,-84.36773769379472,33.781897652726244
2731,100,14,62.46222706475918,-84.3674140039045,33.7818907427957
2732,100,15,87.28059131997128,-84.36709031412461,33.78188383201732
2733,100,16,112.09895557518341,-84.36676662445508,33.781876920391106
2734,100,17,136.9173198303955,-84.36644293489594,33.78187000791708
2735,100,18,161.73568408560763,-84.36611924544718,33.7818630945952
2736,100,19,186.3830740991745,-84.36579555610882,33.78185618042551
2737,100,20,211.00527629953706,-84.3654718668809,33.781849265407985
2738,100,21,235.62747849989964,-84.36514817776337,33.781842349542636
2739,100,22,260.2496807002622,-84.36482448875631,33.78183543282945
2740,100,23,284.44459822396396,-84.3645007998597,33.78182851526845
2741,100,24,308.3064310154268,-84.36417711107356,33.78182159685963
2742,100,25,332.16826380688974,-84.36385342239791,33.78181467760297
2743,101,0,317.90065023513745,-84.37193741097728,33.782257696365235
2744,101,1,288.2110256989127,-84.37161371863907,33.7822507973866
2745,101,2,258.59305336554456,-84.37129002641102,33.78224389756009
2746,101,3,229.0745275306957,-84.37096633429316,33.78223699688574
2747,101,4,199.69130192922006,-84.3706426422855,33.782230095363545
2748,101,5,170.35115237919672,-84.37031895038807,33.78222319299348
2749,101,6,141.01100282917332,-84.36999525860085,33.782216289775576
2750,101,7,111.67085327914994,-84.36967156692387,33.78220938570983
2751,101,8,82.33070372912654,-84.36934787535716,33.78220248079622
2752,101,9,52.99055417910316,-84.36902418390072,33.78219557503478
2753,101,10,23.650404629079773,-84.36870049255455,33.78218866842548
2754,101,11,0.0,-84.36837680131868,33.782181760968335
2755,101,12,25.786420707950196,-84.36805311019312,33.782174852663346
2756,101,13,52.00532006681281,-84.36772941917788,33.78216794351052
2757,101,14,78.22421942567541,-84.36740572827298,33.78216103350985
2758,101,15,104.13433855005663,-84.36708203747843,33.78215412266133
2759,101,16,128.95270280526876,-84.36675834679424,33.78214721096498
2760,101,17,153.77106706048087,-84.36643465622043,33.782140298420785
2761,101,18,178.58943131569296,-84.36611096575702,33.78213338502876
2762,101,19,203.40779557090508,-84.365787275404,33.78212647078889
2763,101,20,228.14432991414665,-84.36546358516141,33.78211955570118
2764,101,21,252.7665321145092,-84.36513989502924,33.782112639765636
2765,101,22,277.3887343148718,-84.36481620500751,33.78210572298225
2766,101,23,302.01093651523433,-84.36449251509625,33.78209880535105
2767,101,24,326.48919581708077,-84.36416882529545,33.782091886872
2768,101,25,350.35102860854374,-84.36384513560516,33.78208496754513
2769,102,0,323.30934564503826,-84.37192914944106,33.78252798804677
2770,102,1,293.96919609501487,-84.37160545608815,33.78252108899812
2771,102,2,264.62904654499147,-84.3712817628454,33.78251418910158
2772,102,3,235.28889699496807,-84.37095806971286,33.782507288357195
2773,102,4,205.9487474449447,-84.3706343766905,33.78250038676495
2774,102,5,176.60859789492136,-84.37031068377837,33.782493484324846
2775,102,6,147.26844834489796,-84.36998699097646,33.78248658103687
2776,102,7,117.97657145912241,-84.36966329828479,33.782479676901055
2777,102,8,89.11024635986577,-84.3693396057034,33.78247277191738
2778,102,9,61.34167098622703,-84.36901591323226,33.782465866085836
2779,102,10,37.21512048145325,-84.36869222087141,33.78245895940644
2780,102,11,28.410029664110446,-84.36836852862086,33.782452051879204
2781,102,12,41.79486206147943,-84.36804483648062,33.782445143504106
2782,102,13,66.58507714331563,-84.3677211444507,33.78243823428114
2783,102,14,92.80397650217824,-84.36739745253112,33.78243132421034
2784,102,15,119.02287586104084,-84.36707376072188,33.78242441329169
2785,102,16,145.24177521990347,-84.36675006902303,33.782417501525195
2786,102,17,170.62481429056623,-84.36642637743455,33.78241058891084
2787,102,18,195.44317854577832,-84.36610268595645,33.78240367544865
2788,102,19,220.26154280099044,-84.36577899458877,33.78239676113861
2789,102,20,245.0799070562025,-84.3654553033315,33.78238984598072
2790,102,21,269.89827131141465,-84.36513161218465,33.78238292997498
2791,102,22,294.52778792948135,-84.36480792114827,33.78237601312141
2792,102,23,319.14999012984396,-84.36448423022235,33.78236909541999
2793,102,24,343.7721923302065,-84.36416053940688,33.78236217687073
2794,103,0,329.5667911607629,-84.37192088779469,33.782798279714676
2795,103,1,300.22664161073953,-84.37159719342705,33.782791380595995
2796,103,2,270.89025329205526,-84.3712734991696,33.78278448062944
2797,103,3,241.66856212941804,-84.37094980502232,33.78277757981502
2798,103,4,212.6637216705448,-84.37062611098528,33.78277067815272
2799,103,5,183.9783223856373,-84.37030241705843,33.782763775642564
2800,103,6,155.78892034063284,-84.36997872324183,33.78275687228454
2801,103,7,128.42255368106728,-84.36965502953547,33.78274996807864
2802,103,8,102.54031834860452,-84.36933133593935,33.78274306302488
2803,103,9,79.60327556137193,-84.36900764245352,33.78273615712326
2804,103,10,62.91936167163705,-84.36868394907798,33.78272925037377
2805,103,11,58.14645875917831,-84.36836025581272,33.78272234277642
2806,103,12,66.27213428547464,-84.36803656265778,33.78271543433121
2807,103,13,84.21868076739304,-84.36771286961319,33.78270852503814
2808,103,14,107.6734721166181,-84.36738917667891,33.782701614897206
2809,103,15,133.60263293754366,-84.36706548385499,33.78269470390841
2810,103,16,159.82153229640628,-84.36674179114144,33.78268779207176
2811,103,17,186.04043165526886,-84.36641809853826,33.78268087938726
2812,103,18,212.2593310141315,-84.36609440604548,33.7826739658549
2813,103,19,237.11529003107577,-84.36577071366311,33.78266705147468
2814,103,20,261.9336542862879,-84.36544702139116,33.7826601362466
2815,103,21,286.7520185415,-84.36512332922963,33.78265322017069
2816,103,22,311.5703827967121,-84.36479963717856,33.782646303246906
2817,103,23,336.2890437444535,-84.36447594523796,33.782639385475285
2818,104,0,336.3199087523929,-84.37191262603812,33.783068571368915
2819,104,1,307.462592222671,-84.37158893065578,33.783061672180224
2820,104,2,278.84657109125624,-84.3712652353836,33.78305477214364
2821,104,3,250.55453458761744,-84.37094154022161,33.78304787125918
2822,104,4,222.70998943802257,-84.37061784516983,33.783040969526844
2823,104,5,195.50423010398185,-84.37029415022829,33.78303406694663
2824,104,6,169.24558659420705,-84.36997045539695,33.78302716351854
2825,104,7,144.451490731954,-84.36964676067586,33.783020259242576
2826,104,8,122.01802230715899,-84.36932306606505,33.78301335411873
2827,104,9,103.49184683257374,-84.3689993715645,33.78300644814702
2828,104,10,91.28377158007582,-84.36867567717425,33.78299954132744
2829,104,11,88.06186204566657,-84.36835198289428,33.78299263365999
2830,104,12,94.00628208139004,-84.36802828872464,33.782985725144655
2831,104,13,107.41494997538261,-84.36770459466531,33.78297881578147
2832,104,14,126.64423352708178,-84.36738090071633,33.7829719055704
2833,104,15,149.46421743383965,-84.36705720687772,33.78296499451147
2834,104,16,174.47161001308544,-84.36673351314946,33.782958082604665
2835,104,17,200.6201887317717,-84.36640981953158,33.78295116985001
2836,104,18,226.8390880906343,-84.3660861260241,33.78294425624748
2837,104,19,253.0579874494969,-84.36576243262702,33.78293734179708
2838,104,20,278.7874015163732,-84.36543873934038,33.78293042649884
2839,104,21,303.60576577158537,-84.36511504616416,33.782923510352724
2840,104,22,328.42413002679746,-84.3647913530984,33.78291659335875
2841,105,0,345.37655088893206,-84.37190436417141,33.78333886300954
2842,105,1,317.34386160283873,-84.37158066777432,33.783331963750825
2843,105,2,289.70552478347423,-84.37125697148741,33.78332506364421
2844,105,3,262.58609194535563,-84.37093327531069,33.78331816268971
2845,105,4,236.164392481596,-84.37060957924417,33.78331126088733
2846,105,5,210.70307275706224,-84.37028588328788,33.78330435823706
2847,105,6,186.59568446867794,-84.36996218744183,33.78329745473891
2848,105,7,164.43878513112708,-84.36963849170601,33.78329055039288
2849,105,8,145.12849013363137,-84.36931479608047,33.78328364519896
2850,105,9,129.94015253775137,-84.3689911005652,33.78327673915715
2851,105,10,120.4433802024862,-84.36866740516021,33.78326983226748
2852,105,11,118.02022041865199,-84.36834370986553,33.783262924529915
2853,105,12,122.81028604632336,-84.36802001468116,33.78325601594447
2854,105,13,133.35350301446093,-84.36769631960712,33.78324910651115
2855,105,14,149.27808671628907,-84.36737262464342,33.78324219622996
2856,105,15,169.07021494374456,-84.36704892979007,33.783235285100886
2857,105,16,191.53466523993004,-84.3667252350471,33.78322837312394
2858,105,17,215.83863971962978,-84.36640154041451,33.783221460299124
2859,105,18,241.427232936693,-84.3660778458923,33.78321454662642
2860,105,19,267.6377445259997,-84.36575415148053,33.78320763210587
2861,105,20,293.85664388486236,-84.36543045717917,33.78320071673743
2862,105,21,320.07554324372495,-84.36510676298825,33.78319380052112
2863,105,22,345.27787725688285,-84.36478306890776,33.78318688345694
2864,106,1,329.66802601665637,-84.37157240478268,33.78360225530776
2865,106,2,303.1553594624139,-84.37124870748103,33.783595355131126
2866,106,3,277.3541717080382,-84.37092501028955,33.7835884541066
2867,106,4,252.48267496388442,-84.3706013132083,33.78358155223417
2868,106,5,228.84419536004197,-84.37027761623726,33.78357464951384
2869,106,6,206.8618629497753,-84.36995391937646,33.78356774594563
2870,106,7,187.12026864056756,-84.36963022262591,33.78356084152952
2871,106,8,170.39999861849978,-84.36930652598562,33.78355393626553
2872,106,9,157.66522800621348,-84.3689828294556,33.783547030153635
2873,106,10,149.93494827863793,-84.36865913303588,33.78354012319386
2874,106,11,147.9954502962317,-84.36833543672645,33.78353321538618
2875,106,12,152.0480098896851,-84.36801174052734,33.78352630673062
2876,106,13,160.71198478720163,-84.36768804443857,33.78351939722719
2877,106,14,174.15261256062112,-84.36736434846014,33.783512486875864
2878,106,15,191.3894533905614,-84.36704065259207,33.78350557567665
2879,106,16,211.4963670529259,-84.36671695683437,33.78349866362956
2880,106,17,233.73383085046552,-84.36639326118704,33.783491750734576
2881,106,18,257.5505660865107,-84.36606956565012,33.78348483699172
2882,106,19,282.54749069657333,-84.3657458702236,33.78347792240098
2883,106,20,308.43640096136517,-84.36542217490751,33.78347100696236
2884,106,21,334.65530032022775,-84.36509847970187,33.78346409067586
2885,107,1,344.17275932071675,-84.37156414168086,33.78387254685108
2886,107,2,318.8683942498889,-84.37124044336444,33.78386564660441
2887,107,3,294.4473084349204,-84.37091674515821,33.78385874550984
2888,107,4,271.1482657839354,-84.3705930470622,33.78385184356736
2889,107,5,249.28607388039597,-84.3702693490764,33.78384494077698
2890,107,6,229.27213355261645,-84.36994565120084,33.78383803713871
2891,107,7,211.63146225652594,-84.36962195343554,33.78383113265252
2892,107,8,197.00264061657123,-84.36929825578048,33.78382422731844
2893,107,9,186.09729982718306,-84.3689745582357,33.78381732113646
2894,107,10,179.59501550999408,-84.36865086080124,33.78381041410659
2895,107,11,177.97902738553657,-84.36832716347708,33.783803506228814
2896,107,12,181.37998451363958,-84.3680034662632,33.78379659750314
2897,107,13,188.87436920412367,-84.36767976915968,33.783789687929584
2898,107,14,200.43532061416644,-84.3673560721665,33.78378277750813
2899,107,15,215.5808622237878,-84.36703237528369,33.78377586623877
2900,107,16,233.6148509076421,-84.36670867851123,33.78376895412153
2901,107,17,253.92260429518268,-84.36638498184917,33.78376204115639
2902,107,18,276.002680022307,-84.36606128529752,33.78375512734336
2903,107,19,299.46330290528766,-84.36573758885626,33.78374821268245
2904,107,20,324.00472248779363,-84.36541389252544,33.78374129717365
2905,107,21,349.3992710379348,-84.36509019630505,33.78373438081696
2906,108,2,336.527760715546,-84.37123217913768,33.784135938064054
2907,108,3,313.4854036877735,-84.37090847991666,33.784129036899444
2908,108,4,291.7109235499296,-84.37058478080587,33.784122134886914
2909,108,5,271.5095348443944,-84.3702610818053,33.78411523202648
2910,108,6,253.25795565882225,-84.36993738291497,33.78410832831814
2911,108,7,237.4063114105279,-84.36961368413489,33.78410142376188
2912,108,8,224.46363021794667,-84.36928998546507,33.784094518357726
2913,108,9,214.95600918254334,-84.36896628690553,33.78408761210566
2914,108,10,209.3519774846949,-84.3686425884563,33.78408070500568
2915,108,11,207.9673413539221,-84.36831889011735,33.78407379705779
2916,108,12,210.88522865029054,-84.36799519188874,33.78406688826201
2917,108,13,217.52864783809397,-84.36767149377044,33.78405997861832
2918,108,14,227.63897521671808,-84.36734779576251,33.78405306812673
2919,108,15,241.08150788719914,-84.36702409786494,33.784046156787234
2920,108,16,257.33457570372025,-84.36670040007773,33.784039244599846
2921,108,17,275.9019286994236,-84.36637670240091,33.784032331564546
2922,108,18,296.34889010676227,-84.3660530048345,33.784025417681356
2923,108,19,318.3134541218105,-84.36572930737849,33.78401850295027
2924,108,20,341.50292163084936,-84.36540561003291,33.784011587371275
2925,109,3,334.1361686588321,-84.3709002145649,33.784399328275384
2926,109,4,313.797934663487,-84.37057651443932,33.78439242619282
2927,109,5,295.1123657052287,-84.37025281442396,33.78438552326233
2928,109,6,278.412415285675,-84.36992911451884,33.784378619483924
2929,109,7,264.07506050036176,-84.36960541472398,33.78437171485759
2930,109,8,252.5030735878997,-84.36928171503939,33.784364809383355
2931,109,9,244.09007920110733,-84.36895801546507,33.78435790306119
2932,109,10,239.1696706471567,-84.36863431600105,33.78435099589112
2933,109,11,237.9586013375771,-84.36831061664734,33.78434408787314
2934,109,12,240.51291138648358,-84.36798691740393,33.784337179007224
2935,109,13,246.50334261077148,-84.36766321827088,33.78433026929342
2936,109,14,255.4695448105928,-84.36733951924816,33.78432335873169
2937,109,15,267.5172494124062,-84.36701582033581,33.784316447322055
2938,109,16,282.2521375306618,-84.36669212153383,33.7843095350645
2939,109,17,299.27756272075544,-84.36636842284224,33.78430262195905
2940,109,18,318.2260987969462,-84.36604472426106,33.78429570800571
2941,109,19,338.77520624002557,-84.36572102579028,33.784288793204425
2942,110,4,337.1098110108741,-84.37056824796254,33.784662717485084
2943,110,5,319.78928886511164,-84.37024454693238,33.78465581448453
2944,110,6,304.44597856749624,-84.36992084601248,33.78464891063606
2945,110,7,291.39237886222577,-84.3695971452028,33.78464200593966
2946,110,8,280.9478297692536,-84.36927344450342,33.78463510039535
2947,110,9,273.4114987434143,-84.36894974391431,33.78462819400308
2948,110,10,269.0279023413493,-84.3686260434355,33.784621286762906
2949,110,11,267.95181811522224,-84.36830234306699,33.78461437867482
2950,110,12,270.222762594715,-84.36797864280881,33.7846074697388
2951,110,13,275.6974486757128,-84.36765494266096,33.78460055995486
2952,110,14,283.74261860662625,-84.36733124262345,33.784593649323
2953,110,15,294.63649472051736,-84.3670075426963,33.784586737843235
2954,110,16,308.07702677843656,-84.36668384287955,33.78457982551553
2955,110,17,323.74719278487896,-84.36636014317318,33.78457291233992
2956,110,18,341.34005807044923,-84.36603644357722,33.78456599831639
2957,111,5,345.31010722764984,-84.37023627933057,33.784926105693096
2958,111,6,331.15137738900853,-84.36991257739584,33.78491920177456
2959,111,7,319.19179084009056,-84.36958887557137,33.78491229700808
2960,111,8,309.6862346517369,-84.36926517385717,33.78490539139367
2961,111,9,302.8658589637287,-84.36894147225325,33.78489848493133
2962,111,10,298.9145247707173,-84.36861777075963,33.78489157762106
2963,111,11,297.946400736727,-84.3682940693763,33.78488466946286
2964,111,12,299.9903703538447,-84.36797036810333,33.78487776045672
2965,111,13,304.98587983397437,-84.36764666694067,33.78487085060265
2966,111,14,312.3380522795121,-84.36732296588838,33.78486393990067
2967,111,15,322.2667362747935,-84.36699926494644,33.784857028350736
2968,111,16,334.59922252846826,-84.36667556411487,33.784850115952885
2969,111,17,349.0808360882956,-84.3663518633937,33.78484320270712
2970,112,7,347.35756824980984,-84.36958060582967,33.78518258806285
2971,112,8,338.6435365003854,-84.36925690310065,33.78517568237837
2972,112,9,332.4178235392236,-84.3689332004819,33.78516877584593
2973,112,10,328.8217967222078,-84.36860949797345,33.785161868465565
2974,112,11,327.9419744294523,-84.36828579557533,33.78515496023724
2975,112,12,329.8000957940341,-84.36796209328752,33.785148051160995
2976,112,13,334.3505163429849,-84.36763839111005,33.7851411412368
2977,112,14,341.17480005090226,-84.36731468904293,33.78513423046468
