fid,row_index,col_index,distance,x,y
0,0,8,341.19334866526606,-111.9065170367162,40.746578823887624
1,0,9,335.88774066119197,-111.90616172714158,40.74658161420638
2,0,10,333.2090147032978,-111.90580641751718,40.74658440343148
3,0,11,332.82617034896475,-111.90545110784302,40.746587191562966
4,0,12,332.72892612729794,-111.90509579811913,40.74658997860081
5,0,13,332.63168190563107,-111.90474048834552,40.74659276454502
6,0,14,332.53443768396426,-111.90438517852222,40.74659554939559
7,0,15,332.43719346229733,-111.90402986864923,40.74659833315253
8,0,16,332.3399492406305,-111.90367455872659,40.74660111581584
9,0,17,332.2427050189637,-111.9033192487543,40.746603897385505
10,0,18,332.14546079729683,-111.9029639387324,40.746606677861536
11,0,19,331.9772737017993,-111.9026086286609,40.74660945724393
12,0,20,331.56572706576253,-111.90225331853982,40.74661223553268
13,0,21,331.1541804297257,-111.90189800836919,40.746615012727794
14,0,22,330.7426337936889,-111.90154269814899,40.74661778882926
15,0,23,330.3310871576521,-111.90118738787929,40.746620563837105
16,0,24,329.9195405216153,-111.90083207756007,40.7466233377513
17,0,25,329.50799388557857,-111.90047676719138,40.74662611057185
18,0,26,329.0964472495417,-111.90012145677323,40.74662888229877
19,0,27,328.68490061350496,-111.89976614630562,40.746631652932045
20,0,28,328.349563371628,-111.8994108357886,40.746634422471686
21,0,29,328.16253458744274,-111.89905552522217,40.746637190917674
22,0,30,327.9755058032576,-111.89870021460635,40.74663995827001
23,0,31,327.7884770190724,-111.89834490394118,40.746642724528726
24,0,32,327.60144823488724,-111.89798959322664,40.74664548969378
25,0,33,327.414419450702,-111.89763428246279,40.7466482537652
26,0,34,327.22739066651684,-111.89727897164963,40.74665101674298
27,0,35,327.04036188233164,-111.89692366078718,40.74665377862709
28,0,36,326.8533330981465,-111.89656834987545,40.74665653941758
29,0,37,326.66630431396123,-111.8962130389145,40.74665929911442
30,0,38,326.47927552977603,-111.89585772790429,40.746662057717614
31,0,39,326.3072750173773,-111.89550241684488,40.74666481522716
32,0,40,326.15702648440714,-111.89514710573627,40.74666757164305
33,0,41,326.006777951437,-111.89479179457851,40.746670326965315
34,0,42,325.85652941846683,-111.89443648337159,40.74667308119391
35,0,43,325.70628088549665,-111.89408117211555,40.74667583432886
36,0,44,325.5560323525265,-111.89372586081038,40.746678586370166
37,0,45,325.40578381955635,-111.89337054945612,40.74668133731783
38,0,46,325.25553528658617,-111.89301523805278,40.74668408717183
39,0,47,325.105286753616,-111.8926599266004,40.746686835932195
40,0,48,324.95503822064586,-111.89230461509896,40.7466895835989
41,0,49,324.8047896876757,-111.89194930354853,40.74669233017195
42,0,50,321.0294399335203,-111.89159399194911,40.74669507565136
43,0,51,318.32045952498396,-111.8912386803007,40.74669782003711
44,0,52,317.7502342874252,-111.89088336860334,40.74670056332922
45,0,53,317.3142338285978,-111.89052805685704,40.74670330552767
46,0,54,316.87823336977044,-111.89017274506182,40.746706046632454
47,0,55,316.4422329109431,-111.8898174332177,40.746708786643595
48,0,56,316.00623245211574,-111.88946212132471,40.74671152556109
49,0,57,315.57023199328836,-111.88910680938287,40.746714263384916
50,0,58,315.134231534461,-111.88875149739218,40.7467170001151
51,0,59,315.37519004883603,-111.88839618535266,40.74671973575162
52,0,60,318.31764676873377,-111.88804087326434,40.746722470294486
53,0,61,321.24740206638535,-111.88768556112726,40.7467252037437
54,0,62,321.15488130362996,-111.8873302489414,40.74672793609925
55,0,63,321.06236054087464,-111.88697493670679,40.74673066736114
56,0,64,320.9698397781193,-111.88661962442347,40.74673339752939
57,0,65,320.8773190153639,-111.88626431209146,40.74673612660397
58,0,66,320.78479825260854,-111.88590899971075,40.74673885458489
59,0,67,320.6922774898532,-111.88555368728139,40.74674158147216
60,0,68,321.3159704601535,-111.88519837480338,40.746744307265764
61,0,69,324.6091923976774,-111.88484306227674,40.74674703196571
62,0,70,330.6029381378733,-111.88448774970149,40.746749755572004
63,0,71,338.7009563211076,-111.88413243707767,40.74675247808462
64,0,72,347.27275670443044,-111.88377712440527,40.74675519950358
65,1,5,344.8438260522537,-111.90758663909014,40.746840671470046
66,1,6,331.5492987768476,-111.90723132822713,40.74684346509616
67,1,7,320.5192828403335,-111.90687601731427,40.74684625762863
68,1,8,311.99404453537903,-111.90652070635161,40.746849049067464
69,1,9,306.18288158975577,-111.90616539533917,40.74685183941265
70,1,10,303.2418673792733,-111.90581008427694,40.74685462866419
71,1,11,302.82632795668957,-111.90545477316493,40.74685741682209
72,1,12,302.72908373502275,-111.90509946200321,40.74686020388634
73,1,13,302.6318395133559,-111.90474415079177,40.74686298985696
74,1,14,302.534595291689,-111.90438883953063,40.74686577473392
75,1,15,302.43735107002215,-111.9040335282198,40.74686855851723
76,1,16,302.34010684835533,-111.90367821685932,40.7468713412069
77,1,17,302.24286262668846,-111.90332290544919,40.74687412280292
78,1,18,302.1456184050216,-111.90296759398944,40.74687690330529
79,1,19,301.9800966785132,-111.90261228248009,40.746879682714024
80,1,20,301.5685500424763,-111.90225697092117,40.7468824610291
81,1,21,301.15700340643957,-111.90190165931268,40.746885238250535
82,1,22,300.74545677040277,-111.90154634765466,40.74688801437831
83,1,23,300.333910134366,-111.90119103594711,40.74689078941245
84,1,24,299.92236349832916,-111.90083572419005,40.74689356335292
85,1,25,299.51081686229236,-111.9004804123835,40.74689633619975
86,1,26,299.0992702262556,-111.9001251005275,40.74689910795292
87,1,27,298.6877235902188,-111.89976978862205,40.74690187861244
88,1,28,298.3501463733947,-111.89941447666719,40.746904648178315
89,1,29,298.16311758920955,-111.8990591646629,40.74690741665054
90,1,30,297.97608880502435,-111.89870385260923,40.74691018402911
91,1,31,297.78906002083914,-111.8983485405062,40.74691295031403
92,1,32,297.60203123665394,-111.89799322835381,40.74691571550528
93,1,33,297.4150024524688,-111.89763791615212,40.7469184796029
94,1,34,297.2279736682836,-111.89728260390109,40.746921242606845
95,1,35,297.0409448840984,-111.89692729160079,40.74692400451715
96,1,36,296.8539160999132,-111.8965719792512,40.74692676533379
97,1,37,296.66688731572805,-111.8962166668524,40.746929525056764
98,1,38,296.4798585315428,-111.89586135440435,40.74693228368609
99,1,39,296.307651263431,-111.89550604190707,40.746935041221775
100,1,40,296.1574027304609,-111.89515072936061,40.74693779766378
101,1,41,296.0071541974907,-111.89479541676499,40.74694055301214
102,1,42,295.8569056645205,-111.8944401041202,40.74694330726684
103,1,43,295.70665713155034,-111.8940847914263,40.74694606042788
104,1,44,295.55640859858016,-111.89372947868326,40.74694881249526
105,1,45,295.40616006561004,-111.89337416589115,40.74695156346899
106,1,46,295.25591153263986,-111.89301885304995,40.74695431334904
107,1,47,295.1056629996697,-111.8926635401597,40.74695706213545
108,1,48,294.9554144666995,-111.89230822722043,40.74695980982819
109,1,49,294.80516593372937,-111.89195291423212,40.74696255642727
110,1,50,291.3396703553477,-111.89159760119482,40.74696530193269
111,1,51,288.3518981573209,-111.89124228810854,40.74696804634444
112,1,52,287.7534027280771,-111.89088697497331,40.74697078966254
113,1,53,287.3174022692498,-111.89053166178914,40.74697353188697
114,1,54,286.8814018104224,-111.89017634855605,40.74697627301774
115,1,55,286.445401351595,-111.88982103527407,40.74697901305484
116,1,56,286.0094008927677,-111.88946572194321,40.746981751998284
117,1,57,285.5734004339403,-111.88911040856348,40.74698448984805
118,1,58,285.1373999751129,-111.88875509513493,40.746987226604155
119,1,59,285.4182924572055,-111.88839978165754,40.7469899622666
120,1,60,288.6662699645246,-111.88804446813135,40.74699269683538
121,1,61,291.2475447349169,-111.88768915455638,40.74699543031049
122,1,62,291.1550239721616,-111.88733384093265,40.74699816269193
123,1,63,291.0625032094062,-111.88697852726018,40.74700089397971
124,1,64,290.9699824466508,-111.88662321353898,40.747003624173814
125,1,65,290.8774616838955,-111.8862678997691,40.74700635327426
126,1,66,290.78494092114016,-111.8859125859505,40.74700908128103
127,1,67,290.6924201583848,-111.88555727208326,40.74701180819413
128,1,68,291.3830663114362,-111.88520195816737,40.747014534013566
129,1,69,295.0106205704753,-111.88484664420285,40.74701725873933
130,1,70,301.59317161649903,-111.88449133018973,40.74701998237143
131,1,71,309.8695027929259,-111.88413601612801,40.747022704909845
132,1,72,318.93753581215054,-111.88378070201775,40.7470254263546
133,1,73,330.42366645744323,-111.8834253878589,40.74702814670568
134,1,74,344.1488732517261,-111.88307007365155,40.74703086596308
135,2,4,335.3162296481053,-111.90794562533992,40.7471081018113
136,2,5,318.81757639515934,-111.90759031308892,40.74711089655754
137,2,6,304.3884363302023,-111.90723500078805,40.74711369021013
138,2,7,292.3354123684094,-111.90687968843736,40.74711648276905
139,2,8,282.96230575408856,-111.90652437603683,40.747119274234336
140,2,9,276.5417502489139,-111.90616906358653,40.74712206460597
141,2,10,273.2819291204506,-111.90581375108643,40.74712485388393
142,2,11,272.8264855644144,-111.90545843853658,40.74712764206825
143,2,12,272.72924134274757,-111.905103125937,40.74713042915891
144,2,13,272.63199712108064,-111.9047478132877,40.74713321515592
145,2,14,272.53475289941383,-111.9043925005887,40.74713600005926
146,2,15,272.43750867774696,-111.90403718784002,40.747138783868955
147,2,16,272.3402644560801,-111.90368187504167,40.74714156658499
148,2,17,272.2430202344132,-111.90332656219368,40.747144348207364
149,2,18,272.1457760127464,-111.90297124929609,40.74714712873609
150,2,19,271.98291965522697,-111.90261593634888,40.74714990817114
151,2,20,271.5713730191902,-111.90226062335209,40.74715268651254
152,2,21,271.1598263831534,-111.90190531030574,40.7471554637603
153,2,22,270.7482797471166,-111.90154999720984,40.74715823991437
154,2,23,270.3367331110798,-111.90119468406442,40.74716101497479
155,2,24,269.925186475043,-111.9008393708695,40.747163788941556
156,2,25,269.51363983900626,-111.9004840576251,40.74716656181465
157,2,26,269.1020932029694,-111.90012874433123,40.7471693335941
158,2,27,268.69054656693265,-111.8997734309879,40.74717210427988
159,2,28,268.35072937516145,-111.89941811759518,40.747174873872
160,2,29,268.16370059097625,-111.89906280415302,40.747177642370445
161,2,30,267.9766718067911,-111.8987074906615,40.74718040977523
162,2,31,267.7896430226059,-111.89835217712059,40.74718317608636
163,2,32,267.6026142384207,-111.89799686353032,40.74718594130382
164,2,33,267.4155854542355,-111.89764154989074,40.74718870542762
165,2,34,267.22855667005035,-111.89728623620185,40.74719146845774
166,2,35,267.04152788586515,-111.89693092246368,40.747194230394214
167,2,36,266.85449910167995,-111.89657560867623,40.74719699123702
168,2,37,266.66747031749475,-111.89622029483954,40.74719975098615
169,2,38,266.4804415333096,-111.89586498095359,40.74720250964161
170,2,39,266.3080275094847,-111.89550966701844,40.74720526720341
171,2,40,266.1577789765145,-111.89515435303412,40.747208023671554
172,2,41,266.00753044354434,-111.89479903900062,40.747210779046014
173,2,42,265.85728191057416,-111.89444372491795,40.747213533326814
174,2,43,265.70703337760403,-111.89408841078617,40.74721628651394
175,2,44,265.55678484463385,-111.89373309660526,40.74721903860739
176,2,45,265.4065363116637,-111.89337778237525,40.74722178960719
177,2,46,265.25628777869355,-111.89302246809616,40.74722453951329
178,2,47,265.10603924572337,-111.89266715376803,40.74722728832574
179,2,48,264.9557907127532,-111.89231183939087,40.74723003604452
180,2,49,264.805542179783,-111.89195652496468,40.74723278266962
181,2,50,261.72066357377224,-111.8916012104895,40.74723552820106
182,2,51,258.3906333241647,-111.89124589596534,40.74723827263881
183,2,52,257.756571168729,-111.89089058139223,40.7472410159829
184,2,53,257.32057070990163,-111.89053526677017,40.74724375823331
185,2,54,256.8845702510743,-111.89017995209919,40.74724649939006
186,2,55,256.44856979224693,-111.88982463737932,40.74724923945311
187,2,56,256.0125693334196,-111.88946932261057,40.747251978422504
188,2,57,255.5765688745922,-111.88911400779295,40.74725471629822
189,2,58,255.14056841576482,-111.8887586929265,40.74725745308025
190,2,59,255.47151081878832,-111.88840337801122,40.74726018876863
191,2,60,259.0951689747982,-111.88804806304715,40.74726292336331
192,2,61,261.24768740344854,-111.88769274803428,40.74726565686432
193,2,62,261.15516664069315,-111.88733743297266,40.74726838927165
194,2,63,261.0626458779378,-111.88698211786229,40.7472711205853
195,2,64,260.97012511518244,-111.8866268027032,40.747273850805286
196,2,65,260.8776043524271,-111.8862714874954,40.747276579931594
197,2,66,260.78508358967173,-111.88591617223892,40.7472793079642
198,2,67,260.69256282691634,-111.88556085693378,40.747282034903144
199,2,68,261.46554226773253,-111.88520554157999,40.74728476074841
200,2,69,265.5021745855983,-111.88485022617756,40.74728748549999
201,2,70,272.7466508632501,-111.88449491072653,40.747290209157896
202,2,71,281.0432143737082,-111.88413959522693,40.74729293172211
203,2,72,290.93630909661147,-111.88378427967875,40.74729565319264
204,2,73,303.4840746332696,-111.88342896408201,40.7472983735695
205,2,74,318.3727864646488,-111.88307364843676,40.74730109285267
206,2,75,335.2907376688443,-111.882718332743,40.747303811042165
207,3,3,330.9934793383169,-111.90830461446542,40.747375530992976
208,3,4,311.39100262780096,-111.90794930082642,40.74737832685935
209,3,5,293.55072759339146,-111.90759398713755,40.747381121632074
210,3,6,277.8123518198423,-111.90723867339881,40.747383915311126
211,3,7,264.55127286923835,-111.90688335961025,40.747386707896524
212,3,8,254.15556088702166,-111.90652804577185,40.74738949938825
213,3,9,246.98729174364198,-111.90617273188366,40.74739228978631
214,3,10,243.3318627634311,-111.9058174179457,40.74739507909072
215,3,11,242.82664317213911,-111.90546210395797,40.747397867301444
216,3,12,242.72939895047224,-111.90510678992052,40.74740065441852
217,3,13,242.6321547288054,-111.90475147583334,40.747403440441914
218,3,14,242.53491050713856,-111.90439616169645,40.74740622537165
219,3,15,242.43766628547172,-111.90404084750989,40.74740900920772
220,3,16,242.34042206380485,-111.90368553327367,40.74741179195013
221,3,17,242.243177842138,-111.90333021898782,40.747414573598846
222,3,18,242.14593362047114,-111.90297490465232,40.747417354153924
223,3,19,241.9857426319408,-111.90261959026724,40.747420133615314
224,3,20,241.57419599590403,-111.90226427583256,40.74742291198304
225,3,21,241.1626493598672,-111.90190896134834,40.7474256892571
226,3,22,240.75110272383043,-111.90155364681455,40.74742846543749
227,3,23,240.33955608779362,-111.90119833223126,40.7474312405242
228,3,24,239.92800945175685,-111.90084301759845,40.747434014517246
229,3,25,239.51646281572008,-111.90048770291617,40.74743678741662
230,3,26,239.10491617968327,-111.90013238818439,40.74743955922232
231,3,27,238.69336954364647,-111.89977707340319,40.74744232993435
232,3,28,238.3513123769282,-111.89942175857256,40.747445099552706
233,3,29,238.16428359274303,-111.89906644369252,40.747447868077394
234,3,30,237.9772548085578,-111.8987111287631,40.7474506355084
235,3,31,237.79022602437266,-111.89835581378429,40.747453401845746
236,3,32,237.60319724018743,-111.89800049875616,40.747456167089396
237,3,33,237.41616845600225,-111.89764518367869,40.747458931239386
238,3,34,237.22913967181705,-111.89728986855191,40.74746169429571
239,3,35,237.04211088763188,-111.89693455337583,40.74746445625833
240,3,36,236.85508210344668,-111.8965792381505,40.747467217127294
241,3,37,236.6680533192615,-111.89622392287589,40.74746997690258
242,3,38,236.4810245350763,-111.89586860755207,40.74747273558418
243,3,39,236.3084037555384,-111.89551329217903,40.74747549317211
244,3,40,236.1581552225682,-111.8951579767568,40.74747824966636
245,3,41,236.00790668959803,-111.89480266128538,40.74748100506693
246,3,42,235.8576581566279,-111.89444734576483,40.74748375937382
247,3,43,235.70740962365772,-111.89409203019514,40.74748651258704
248,3,44,235.55716109068754,-111.89373671457633,40.74748926470657
249,3,45,235.40691255771736,-111.89338139890842,40.747492015732426
250,3,46,235.25666402474718,-111.89302608319144,40.7474947656646
251,3,47,235.10641549177706,-111.89267076742541,40.74749751450309
252,3,48,234.95616695880688,-111.89231545161033,40.7475002622479
253,3,49,234.8059184258367,-111.89196013574626,40.747503008899024
254,3,50,232.19950034448536,-111.89160481983316,40.74750575445647
255,3,51,228.43953600109572,-111.8912495038711,40.74750849892023
256,3,52,227.75973960938094,-111.89089418786007,40.74751124229031
257,3,53,227.32373915055356,-111.89053887180012,40.747513984566716
258,3,54,226.8877386917262,-111.89018355569124,40.74751672574941
259,3,55,226.45173823289883,-111.88982823953344,40.747519465838444
260,3,56,226.01573777407145,-111.88947292332679,40.747522204833786
261,3,57,225.5797373152441,-111.88911760707126,40.747524942735446
262,3,58,225.14373685641672,-111.88876229076689,40.74752767954342
263,3,59,225.53887472203476,-111.88840697441371,40.74753041525769
264,3,60,229.6353582463437,-111.88805165801172,40.747533149878294
265,3,61,231.24783007198016,-111.88769634156094,40.747535883405206
266,3,62,231.1553093092248,-111.8873410250614,40.74753861583842
267,3,63,231.06278854646942,-111.88698570851312,40.747541347177965
268,3,64,230.97026778371406,-111.88663039191611,40.74754407742381
269,3,65,230.87774702095874,-111.8862750752704,40.74754680657597
270,3,66,230.78522625820335,-111.885919758576,40.74754953463444
271,3,67,230.692705495448,-111.88556444183294,40.74755226159921
272,3,68,231.56935948795993,-111.88520912504123,40.7475549874703
273,3,69,236.11764688389158,-111.88485380820089,40.747557712247705
274,3,70,243.9151973350684,-111.88449849131194,40.747560435931405
275,3,71,252.40458107240917,-111.88414317437442,40.747563158521416
276,3,72,263.37562558367335,-111.88378785738833,40.74756588001774
277,3,73,277.1738944360457,-111.88343254035367,40.74756860042037
278,3,74,293.4007760080009,-111.88307722327049,40.7475713197293
279,3,75,311.677177488744,-111.8827219061388,40.74757403794455
280,3,76,331.6644547921935,-111.88236658895862,40.74757675506611
281,4,2,332.0788955407265,-111.90866360646669,40.747642959015025
282,4,3,309.65152351734207,-111.9083082914397,40.747645756001575
283,4,4,288.6030823980808,-111.9079529763628,40.747648551894436
284,4,5,269.2571490652305,-111.90759766123604,40.747651346693644
285,4,6,252.00612190142945,-111.9072423460594,40.74765414039917
286,4,7,237.3073084185577,-111.90688703083293,40.747656933011015
287,4,8,225.65999154019931,-111.90653171555665,40.74765972452919
288,4,9,217.5548320193904,-111.90617640023059,40.747662514953696
289,4,10,213.3958249077229,-111.90582108485472,40.74766530428452
290,4,11,212.8268007798639,-111.90546576942911,40.74766809252167
291,4,12,212.72955655819706,-111.90511045395375,40.74767087966516
292,4,13,212.6323123365302,-111.90475513842868,40.747673665714956
293,4,14,212.53506811486335,-111.9043998228539,40.74767645067107
294,4,15,212.43782389319648,-111.90404450722944,40.74767923453352
295,4,16,212.34057967152967,-111.90368919155533,40.74768201730228
296,4,17,212.2433354498628,-111.90333387583155,40.747684798977374
297,4,18,212.14609122819596,-111.90297856005817,40.747687579558786
298,4,19,211.98856560865465,-111.90262324423517,40.747690359046516
299,4,20,211.57701897261788,-111.9022679283626,40.74769313744058
300,4,21,211.16547233658105,-111.90191261244047,40.747695914740945
301,4,22,210.75392570054427,-111.9015572964688,40.74769869094764
302,4,23,210.34237906450747,-111.90120198044758,40.74770146606064
303,4,24,209.9308324284707,-111.90084666437689,40.747704240079976
304,4,25,209.51928579243392,-111.90049134825668,40.74770701300562
305,4,26,209.10773915639712,-111.90013603208702,40.74770978483758
306,4,27,208.6961925203603,-111.8997807158679,40.74771255557586
307,4,28,208.35189537869496,-111.89942539959935,40.74771532522046
308,4,29,208.16486659450976,-111.89907008328143,40.747718093771375
309,4,30,207.9778378103246,-111.89871476691408,40.747720861228615
310,4,31,207.79080902613936,-111.89835945049738,40.74772362759216
311,4,32,207.60378024195418,-111.89800413403131,40.74772639286203
312,4,33,207.41675145776898,-111.89764881751593,40.7477291570382
313,4,34,207.2297226735838,-111.89729350095125,40.747731920120685
314,4,35,207.0426938893986,-111.89693818433726,40.747734682109495
315,4,36,206.85566510521343,-111.896582867674,40.74773744300461
316,4,37,206.66863632102823,-111.89622755096148,40.74774020280604
317,4,38,206.48160753684306,-111.89587223419974,40.747742961513794
318,4,39,206.30878000159205,-111.89551691738879,40.74774571912785
319,4,40,206.15853146862187,-111.89516160052865,40.747748475648216
320,4,41,206.00828293565175,-111.89480628361932,40.74775123107489
321,4,42,205.85803440268157,-111.89445096666084,40.747753985407876
322,4,43,205.7077858697114,-111.89409564965324,40.747756738647176
323,4,44,205.5575373367412,-111.89374033259651,40.74775949079278
324,4,45,205.40728880377102,-111.89338501549068,40.747762241844704
325,4,46,205.2570402708009,-111.89302969833578,40.74776499180294
326,4,47,205.10679173783072,-111.89267438113183,40.74776774066747
327,4,48,204.95654320486054,-111.89231906387883,40.74777048843831
328,4,49,204.80629467189036,-111.89196374657682,40.747773235115474
329,4,50,202.81890981602686,-111.8916084292258,40.74777598069893
330,4,51,198.5032086066341,-111.89125311182582,40.747778725188695
331,4,52,197.76290805003282,-111.89089779437685,40.74778146858477
332,4,53,197.32690759120547,-111.89054247687898,40.74778421088714
333,4,54,196.8909071323781,-111.89018715933217,40.74778695209584
334,4,55,196.45490667355074,-111.88983184173647,40.747789692210816
335,4,56,196.01890621472336,-111.88947652409186,40.747792431232114
336,4,57,195.58290575589598,-111.8891212063984,40.74779516915971
337,4,58,195.14690529706863,-111.88876588865611,40.74779790599361
338,4,59,195.62687745227933,-111.88841057086499,40.74780064173382
339,4,60,200.33594017992388,-111.88805525302506,40.74780337638032
340,4,61,201.24797274051173,-111.88769993513637,40.74780610993314
341,4,62,201.15545197775637,-111.88734461719889,40.747808842392246
342,4,63,201.06293121500102,-111.88698929921269,40.74781157375766
343,4,64,200.97041045224566,-111.88663398117772,40.747814304029376
344,4,65,200.8778896894903,-111.88627866309409,40.74781703320739
345,4,66,200.78536892673495,-111.88592334496175,40.74781976129171
346,4,67,200.69284816397956,-111.88556802678075,40.74782248828233
347,4,68,201.7040076794921,-111.88521270855111,40.74782521417924
348,4,69,206.9098393752475,-111.88485739027283,40.747827938982454
349,4,70,215.08374380688673,-111.88450207194595,40.74783066269197
350,4,71,224.12241464693045,-111.88414675357046,40.74783338530778
351,4,72,236.40961137911364,-111.88379143514643,40.74783610682989
352,4,73,251.6905877415293,-111.88343611667383,40.74783882725829
353,4,74,269.4564891831877,-111.88308079815272,40.747841546592994
354,4,75,289.24980063637435,-111.88272547958307,40.747844264834
355,4,76,310.68327082969114,-111.88237016096497,40.74784698198129
356,4,77,333.4407629230237,-111.88201484229837,40.74784969803488
357,5,1,338.52046077395767,-111.90902260134375,40.74791038587742
358,5,2,313.69376072162316,-111.90866728492875,40.747913183984146
359,5,3,289.8472850808462,-111.90831196846385,40.74791598099719
360,5,4,267.24356273220064,-111.90795665194905,40.74791877691656
361,5,5,246.2250900596079,-111.90760133538437,40.74792157174224
362,5,6,227.23218990258482,-111.90724601876984,40.74792436547423
363,5,7,210.81304817536017,-111.90689070210547,40.747927158112546
364,5,8,197.61025892915853,-111.90653538539127,40.74792994965717
365,5,9,188.30158678861798,-111.90618006862728,40.74793274010811
366,5,10,183.4806821989001,-111.90582475181351,40.747935529465366
367,5,11,182.82695838758872,-111.90546943494996,40.74793831772894
368,5,12,182.72971416592185,-111.90511411803669,40.74794110489883
369,5,13,182.632469944255,-111.90475880107371,40.747943890975016
370,5,14,182.53522572258814,-111.904403484061,40.74794667595753
371,5,15,182.4379815009213,-111.90404816699863,40.74794945984635
372,5,16,182.34073727925443,-111.90369284988661,40.74795224264149
373,5,17,182.2434930575876,-111.90333753272492,40.74795502434293
374,5,18,182.14624883592074,-111.90298221551362,40.747957804950694
375,5,19,181.9913885853685,-111.9026268982527,40.74796058446474
376,5,20,181.57984194933172,-111.90227158094221,40.74796336288513
377,5,21,181.1682953132949,-111.90191626358217,40.74796614021181
378,5,22,180.75674867725812,-111.90156094617257,40.74796891644481
379,5,23,180.3452020412213,-111.90120562871343,40.74797169158411
380,5,24,179.93365540518454,-111.90085031120479,40.747974465629724
381,5,25,179.52210876914776,-111.90049499364667,40.74797723858165
382,5,26,179.11056213311096,-111.90013967603907,40.74798001043987
383,5,27,178.69901549707416,-111.89978435838204,40.747982781204406
384,5,28,178.3524783804617,-111.89942904067557,40.74798555087525
385,5,29,178.16544959627646,-111.8990737229197,40.747988319452396
386,5,30,177.9784208120913,-111.89871840511444,40.74799108693585
387,5,31,177.79139202790608,-111.89836308725981,40.74799385332561
388,5,32,177.6043632437209,-111.89800776935581,40.74799661862168
389,5,33,177.4173344595357,-111.89765245140251,40.747999382824034
390,5,34,177.23030567535054,-111.89729713339987,40.74800214593271
391,5,35,177.04327689116533,-111.89694181534796,40.74800490794768
392,5,36,176.85624810698016,-111.89658649724676,40.748007668868965
393,5,37,176.66921932279496,-111.89623117909632,40.748010428696546
394,5,38,176.48219053860979,-111.89587586089665,40.74801318743042
395,5,39,176.30915624764572,-111.89552054264774,40.74801594507061
396,5,40,176.15890771467554,-111.89516522434967,40.74801870161709
397,5,41,176.00865918170538,-111.89480990600241,40.748021457069875
398,5,42,175.8584106487352,-111.89445458760599,40.74802421142896
399,5,43,175.70816211576505,-111.89409926916045,40.74802696469435
400,5,44,175.55791358279487,-111.89374395066578,40.74802971686605
401,5,45,175.4076650498247,-111.89338863212201,40.74803246794402
402,5,46,175.25741651685453,-111.89303331352916,40.7480352179283
403,5,47,175.10716798388435,-111.89267799488728,40.74803796681889
404,5,48,174.9569194509142,-111.89232267619634,40.74804071461577
405,5,49,174.80667091794405,-111.89196735745638,40.74804346131894
406,5,50,173.65025884718577,-111.89161203866743,40.74804620692842
407,5,51,168.5895193832104,-111.89125671982949,40.74804895144419
408,5,52,167.76607649068472,-111.8909014009426,40.748051694866255
409,5,53,167.33007603185737,-111.89054608200675,40.74805443719462
410,5,54,166.89407557303,-111.890190763022,40.748057178429285
411,5,55,166.45807511420261,-111.88983544398835,40.74805991857022
412,5,56,166.02207465537526,-111.8894801249058,40.748062657617474
413,5,57,165.58607419654788,-111.8891248057744,40.74806539557102
414,5,58,165.15007373772053,-111.88876948659416,40.748068132430845
415,5,59,165.74669333828814,-111.88841416736508,40.74807086819697
416,5,60,171.27924596582463,-111.88805884808721,40.74807360286939
417,5,61,171.24811540904332,-111.88770352876055,40.74807633644811
418,5,62,171.15559464628797,-111.88734820938512,40.7480790689331
419,5,63,171.0630738835326,-111.88699288996095,40.74808180032441
420,5,64,170.97055312077725,-111.88663757048806,40.74808453062198
421,5,65,170.8780323580219,-111.88628225096646,40.748087259825866
422,5,66,170.7855115952665,-111.88592693139617,40.74808998793603
423,5,67,170.69299083251119,-111.88557161177722,40.74809271495248
424,5,68,171.885558364492,-111.88521629210962,40.748095440875225
425,5,69,177.96089187721086,-111.88486097239337,40.748098165704256
426,5,70,186.25229027870503,-111.88450565262852,40.74810088943957
427,5,71,196.35081091760958,-111.8841503328151,40.748103612081174
428,5,72,210.26718372883533,-111.8837950129531,40.74810633362908
429,5,73,227.31241971900417,-111.88343969304255,40.74810905408325
430,5,74,246.8391860377149,-111.88308437308346,40.74811177344372
431,5,75,268.3062268547164,-111.88272905307586,40.748114491710474
432,5,76,291.284875979285,-111.88237373301978,40.748117208883514
433,5,77,315.4449660075754,-111.88201841291522,40.74811992496284
434,5,78,340.53512914936294,-111.8816630927622,40.748122639948456
435,6,1,323.30092021944336,-111.90902628129365,40.74818061080707
436,6,2,297.2055823294731,-111.90867096344074,40.74818340894031
437,6,3,271.91695666299216,-111.90831564553791,40.74818620597985
438,6,4,247.68226515825862,-111.90796032758519,40.74818900192572
439,6,5,224.84256186716135,-111.90760500958257,40.74819179677787
440,6,6,203.86723812336948,-111.9072496915301,40.74819459053633
441,6,7,185.39019373503277,-111.9068943734278,40.74819738320111
442,6,8,170.22689883263257,-111.90653905527567,40.74820017477219
443,6,9,159.3263011534432,-111.90618373707376,40.74820296524956
444,6,10,153.59864384915653,-111.90582841882204,40.74820575463325
445,6,11,152.8271159953135,-111.9054731005206,40.74820854292323
446,6,12,152.72987177364666,-111.90511778216937,40.74821133011953
447,6,13,152.6326275519798,-111.90476246376845,40.74821411622213
448,6,14,152.53538333031295,-111.90440714531782,40.748216901231025
449,6,15,152.43813910864608,-111.90405182681751,40.74821968514622
450,6,16,152.34089488697924,-111.90369650826753,40.74822246796772
451,6,17,152.24365066531237,-111.90334118966791,40.74822524969552
452,6,18,152.14640644364553,-111.90298587101867,40.74822803032962
453,6,19,151.99421156208234,-111.90263055231982,40.74823080987003
454,6,20,151.58266492604557,-111.90227523357139,40.74823358831673
455,6,21,151.17111829000874,-111.90191991477339,40.748236365669726
456,6,22,150.75957165397196,-111.90156459592583,40.748239141929034
457,6,23,150.34802501793516,-111.90120927702877,40.74824191709464
458,6,24,149.93647838189838,-111.9008539580822,40.748244691166526
459,6,25,149.5249317458616,-111.90049863908612,40.74824746414472
460,6,26,149.1133851098248,-111.90014332004058,40.74825023602921
461,6,27,148.701838473788,-111.8997880009456,40.74825300682
462,6,28,148.35306138222842,-111.89943268180119,40.748255776517084
463,6,29,148.16603259804322,-111.89907736260737,40.74825854512046
464,6,30,147.97900381385804,-111.89872204336416,40.74826131263014
465,6,31,147.79197502967284,-111.89836672407156,40.7482640790461
466,6,32,147.60494624548767,-111.89801140472964,40.748266844368366
467,6,33,147.41791746130247,-111.89765608533837,40.74826960859693
468,6,34,147.2308886771173,-111.8973007658978,40.74827237173177
469,6,35,147.0438598929321,-111.89694544640793,40.748275133772914
470,6,36,146.8568311087469,-111.89659012686877,40.74827789472037
471,6,37,146.66980232456172,-111.89623480728038,40.74828065457408
472,6,38,146.4827735403765,-111.89587948764276,40.748283413334114
473,6,39,146.30953249369938,-111.8955241679559,40.748286171000416
474,6,40,146.15928396072923,-111.89516884821987,40.74828892757303
475,6,41,146.00903542775904,-111.89481352843465,40.748291683051924
476,6,42,145.8587868947889,-111.89445820860027,40.7482944374371
477,6,43,145.7085383618187,-111.89410288871677,40.748297190728586
478,6,44,145.55828982884856,-111.89374756878415,40.748299942926344
479,6,45,145.40804129587838,-111.89339224880241,40.74830269403039
480,6,46,145.25779276290822,-111.89303692877162,40.74830544404073
481,6,47,145.10754422993804,-111.89268160869176,40.74830819295735
482,6,48,144.9572956969679,-111.89232628856286,40.74831094078028
483,6,49,144.8070471639977,-111.89197096838494,40.74831368750947
484,6,50,144.65679863102756,-111.89161564815802,40.74831643314496
485,6,51,138.7131149696915,-111.89126032788214,40.74831917768674
486,6,52,137.76924493133663,-111.89090500755727,40.748321921134796
487,6,53,137.33324447250925,-111.89054968718347,40.74832466348915
488,6,54,136.89724401368187,-111.89019436676074,40.74832740474977
489,6,55,136.46124355485452,-111.88983904628911,40.74833014491669
490,6,56,136.02524309602717,-111.8894837257686,40.74833288398989
491,6,57,135.5892426371998,-111.88912840519923,40.748335621969375
492,6,58,135.1532421783724,-111.88877308458102,40.74833835885513
493,6,59,135.9193051903369,-111.88841776391398,40.748341094647174
494,6,60,141.34077884033027,-111.88806244319812,40.748343829345515
495,6,61,141.2482580775749,-111.8877071224335,40.74834656295012
496,6,62,141.15573731481956,-111.8873518016201,40.74834929546101
497,6,63,141.0632165520642,-111.88699648075797,40.74835202687819
498,6,64,140.97069578930882,-111.8866411598471,40.748354757201646
499,6,65,140.87817502655346,-111.88628583888752,40.748357486431374
500,6,66,140.78565426379814,-111.88593051787925,40.74836021456739
501,6,67,140.69313350104275,-111.88557519682232,40.74836294160968
502,6,68,142.1435318070357,-111.88521987571674,40.74836566755826
503,6,69,149.12943834902916,-111.88486455456253,40.748368392413106
504,6,70,157.53659112594192,-111.88450923335971,40.748371116174226
505,6,71,169.34115019343386,-111.8841539121083,40.74837383884163
506,6,72,185.297255117522,-111.8837985908083,40.74837656041531
507,6,73,204.4351250625512,-111.88344326945978,40.748379280895264
508,6,74,225.94771068677343,-111.88308794806271,40.74838200028151
509,6,75,249.22081688704657,-111.88273262661714,40.74838471857401
510,6,76,273.805885939473,-111.88237730512306,40.7483874357728
511,6,77,299.37987704645855,-111.88202198358051,40.748390151877864
512,6,78,325.70992982346354,-111.88166666198951,40.74839286688919
513,7,0,337.9988084502707,-111.90938528053444,40.74844803647029
514,7,1,310.24323951839,-111.90902996129351,40.748450835723744
515,7,2,282.9461800765783,-111.90867464200264,40.74845363388351
516,7,3,256.2541979616916,-111.90831932266185,40.74845643094954
517,7,4,230.37770535807533,-111.90796400327119,40.748459226921895
518,7,5,205.6248046299729,-111.90760868383063,40.74846202180052
519,7,6,182.45337330994153,-111.9072533643402,40.74846481558547
520,7,7,161.54537005200498,-111.90689804479996,40.7484676082767
521,7,8,143.89086050997673,-111.90654272520989,40.74847039987422
522,7,9,130.81381001776506,-111.90618740557001,40.74847319037804
523,7,10,123.77368882127688,-111.90583208588035,40.748475979788154
524,7,11,122.82727360303831,-111.90547676614094,40.74847876810456
525,7,12,122.73002938137147,-111.90512144635177,40.74848155532727
526,7,13,122.63278515970461,-111.90476612651288,40.748484341456255
527,7,14,122.53554093803776,-111.90441080662431,40.748487126491554
528,7,15,122.4382967163709,-111.90405548668603,40.74848991043312
529,7,16,122.34105249470404,-111.90370016669812,40.74849269328099
530,7,17,122.2438082730372,-111.90334484666053,40.74849547503515
531,7,18,122.14656405137035,-111.90298952657334,40.748498255695594
532,7,19,121.9970345387962,-111.90263420643652,40.74850103526233
533,7,20,121.58548790275941,-111.90227888625013,40.748503813735354
534,7,21,121.17394126672262,-111.90192356601416,40.748506591114676
535,7,22,120.76239463068583,-111.90156824572865,40.748509367400274
536,7,23,120.35084799464903,-111.90121292539362,40.748512142592176
537,7,24,119.93930135861224,-111.90085760500908,40.74851491669035
538,7,25,119.52775472257545,-111.90050228457505,40.74851768969482
539,7,26,119.11620808653865,-111.90014696409155,40.74852046160558
540,7,27,118.70466145050186,-111.8997916435586,40.74852323242262
541,7,28,118.35364438399516,-111.89943632297623,40.74852600214594
542,7,29,118.16661559980997,-111.89908100234443,40.74852877077555
543,7,30,117.97958681562478,-111.89872568166325,40.748531538311454
544,7,31,117.79255803143958,-111.89837036093269,40.74853430475363
545,7,32,117.6055292472544,-111.8980150401528,40.748537070102095
546,7,33,117.41850046306921,-111.89765971932357,40.74853983435684
547,7,34,117.23147167888402,-111.897304398445,40.74854259751788
548,7,35,117.04444289469883,-111.89694907751718,40.74854535958519
549,7,36,116.85741411051364,-111.89659375654006,40.74854812055879
550,7,37,116.67038532632844,-111.89623843551368,40.748550880438664
551,7,38,116.48335654214326,-111.89588311443808,40.74855363922483
552,7,39,116.30990873975307,-111.89552779331326,40.748556396917266
553,7,40,116.15966020678289,-111.89517247213924,40.74855915351599
554,7,41,116.00941167381274,-111.89481715091605,40.74856190902099
555,7,42,115.85916314084257,-111.8944618296437,40.748564663432276
556,7,43,115.7089146078724,-111.89410650832221,40.748567416749836
557,7,44,115.55866607490223,-111.89375118695162,40.74857016897368
558,7,45,115.40841754193205,-111.8933958655319,40.74857292010379
559,7,46,115.2581690089619,-111.89304054406313,40.748575670140184
560,7,47,115.10792047599172,-111.89268522254528,40.74857841908286
561,7,48,114.95767194302157,-111.89232990097841,40.748581166931814
562,7,49,114.80742341005138,-111.89197457936251,40.74858391368704
563,7,50,114.65717487708123,-111.8916192576976,40.74858665934855
564,7,51,108.90468531393789,-111.89126393598372,40.74858940391631
565,7,52,107.77241337198852,-111.89090861422088,40.748592147390376
566,7,53,107.33641291316115,-111.8905532924091,40.7485948897707
567,7,54,106.90041245433379,-111.89019797054837,40.74859763105731
568,7,55,106.46441199550642,-111.88984264863878,40.748600371250184
569,7,56,106.02841153667904,-111.88948732668027,40.74860311034933
570,7,57,105.59241107785168,-111.88913200467292,40.74860584835476
571,7,58,105.15641061902431,-111.88877668261671,40.74860858526646
572,7,59,106.18921176028834,-111.88842136051167,40.748611321084425
573,7,60,111.34092150886187,-111.88806603835785,40.748614055808666
574,7,61,111.2484007461065,-111.88771071615523,40.748616789439176
575,7,62,111.15587998335114,-111.88735539390383,40.748619521975954
576,7,63,111.06335922059579,-111.8870000716037,40.74862225341901
577,7,64,110.97083845784043,-111.88664474925483,40.74862498376834
578,7,65,110.87831769508506,-111.88628942685726,40.74862771302392
579,7,66,110.78579693232972,-111.88593410441099,40.74863044118579
580,7,67,110.69327616957435,-111.88557878191607,40.748633168253924
581,7,68,112.53853604380306,-111.8852234593725,40.748635894228315
582,7,69,120.2979848208475,-111.88486813678028,40.748638619108995
583,7,70,129.38532275499588,-111.88451281413947,40.748641342895915
584,7,71,143.52424655669637,-111.88415749145005,40.748644065589126
585,7,72,162.04276273539736,-111.88380216871208,40.74864678718859
586,7,73,183.62054503832954,-111.88344684592553,40.74864950769433
587,7,74,207.30449142608109,-111.88309152309048,40.74865222710633
588,7,75,232.4517149230761,-111.8827362002069,40.74865494542459
589,7,76,258.6357426496422,-111.88238087727483,40.74865766264913
590,7,77,285.5715234073329,-111.88202555429427,40.74866037877992
591,7,78,313.0650772386434,-111.88167023126528,40.74866309381698
592,7,79,340.98151004371294,-111.88131490818785,40.7486658077603
593,8,0,328.28429320625287,-111.90938896202218,40.74871826134748
594,8,1,299.63018926501945,-111.9090336413433,40.74872106062746
595,8,2,271.2672546992241,-111.90867832061447,40.74872385881372
596,8,3,243.29734200174912,-111.90832299983572,40.748726655906275
597,8,4,215.87327249610692,-111.90796767900707,40.748729451905106
598,8,5,189.23251023870284,-111.90761235812855,40.74873224681023
599,8,6,163.75779701835003,-111.90725703720017,40.74873504062164
600,8,7,140.08672041762375,-111.90690171622194,40.748737833339334
601,8,8,119.29778870720041,-111.9065463951939,40.748740624963304
602,8,9,103.14860902353547,-111.90619107411605,40.74874341549357
603,8,10,94.0601334070526,-111.90583575298841,40.74874620493011
604,8,11,92.82743121076311,-111.90548043181103,40.74874899327294
605,8,12,92.73018698909625,-111.90512511058388,40.74875178052204
606,8,13,92.63294276742941,-111.90476978930704,40.748754566677434
607,8,14,92.53569854576256,-111.90441446798047,40.7487573517391
608,8,15,92.4384543240957,-111.90405914660423,40.74876013570705
609,8,16,92.34121010242885,-111.90370382517833,40.7487629185813
610,8,17,92.24396588076199,-111.90334850370277,40.7487657003618
611,8,18,92.14672165909514,-111.90299318217758,40.7487684810486
612,8,19,91.99985751551004,-111.9026378606028,40.748771260641675
613,8,20,91.58831087947327,-111.90228253897843,40.748774039141026
614,8,21,91.17676424343647,-111.90192721730449,40.748776816546666
615,8,22,90.76521760739968,-111.901571895581,40.74877959285857
616,8,23,90.35367097136289,-111.90121657380797,40.74878236807676
617,8,24,89.94212433532608,-111.90086125198546,40.748785142201235
618,8,25,89.5305776992893,-111.90050593011344,40.748787915231965
619,8,26,89.1190310632525,-111.90015060819196,40.74879068716898
620,8,27,88.7074844272157,-111.89979528622102,40.74879345801228
621,8,28,88.35422738576192,-111.89943996420065,40.74879622776185
622,8,29,88.16719860157673,-111.89908464213089,40.74879899641769
623,8,30,87.98016981739154,-111.89872932001171,40.748801763979806
624,8,31,87.79314103320635,-111.89837399784317,40.748804530448204
625,8,32,87.60611224902115,-111.89801867562528,40.74880729582288
626,8,33,87.41908346483596,-111.89766335335806,40.748810060103814
627,8,34,87.23205468065078,-111.89730803104152,40.748812823291026
628,8,35,87.04502589646559,-111.89695270867568,40.748815585384506
629,8,36,86.8579971122804,-111.89659738626058,40.74881834638426
630,8,37,86.67096832809521,-111.89624206379621,40.74882110629029
631,8,38,86.48393954391003,-111.89588674128262,40.748823865102594
632,8,39,86.31028498580676,-111.89553141871981,40.748826622821156
633,8,40,86.1600364528366,-111.89517609610779,40.74882937944601
634,8,41,86.00978791986641,-111.8948207734466,40.748832134977114
635,8,42,85.85953938689624,-111.89446545073626,40.74883488941449
636,8,43,85.70929085392608,-111.89411012797677,40.74883764275814
637,8,44,85.55904232095591,-111.89375480516817,40.74884039500806
638,8,45,85.40879378798576,-111.89339948231047,40.74884314616424
639,8,46,85.25854525501559,-111.89304415940369,40.74884589622669
640,8,47,85.10829672204542,-111.89268883644785,40.74884864519541
641,8,48,84.95804818907526,-111.89233351344298,40.748851393070396
642,8,49,84.80779965610509,-111.89197819038907,40.74885413985165
643,8,50,84.65755112313491,-111.89162286728616,40.74885688553916
644,8,51,79.24097867934759,-111.89126754413428,40.748859630132955
645,8,52,77.77558181264043,-111.89091222093343,40.748862373633
646,8,53,77.33958135381306,-111.89055689768364,40.74886511603931
647,8,54,76.9035808949857,-111.89020157438492,40.74886785735189
648,8,55,76.46758043615831,-111.8898462510373,40.74887059757072
649,8,56,76.03157997733096,-111.88949092764081,40.74887333669583
650,8,57,75.5955795185036,-111.88913560419543,40.74887607472719
651,8,58,75.15957905967622,-111.88878028070123,40.74887881166483
652,8,59,76.66968022053291,-111.8884249571582,40.74888154750872
653,8,60,81.34106417739346,-111.88806963356633,40.748884282258864
654,8,61,81.24854341463809,-111.88771430992571,40.74888701591529
655,8,62,81.15602265188272,-111.88735898623631,40.748889748477964
656,8,63,81.06350188912738,-111.88700366249816,40.74889247994688
657,8,64,80.97098112637201,-111.88664833871128,40.74889521032208
658,8,65,80.87846036361665,-111.88629301487569,40.74889793960354
659,8,66,80.7859396008613,-111.88593769099143,40.74890066779125
660,8,67,80.69341883810594,-111.88558236705848,40.74890339488522
661,8,68,83.21694872552676,-111.88522704307688,40.74890612088544
662,8,69,91.46653129266582,-111.88487171904666,40.74890884579193
663,8,70,102.29049782480628,-111.88451639496783,40.74891156960468
664,8,71,119.67453175383481,-111.88416107084039,40.74891429232367
665,8,72,141.35289581664938,-111.8838057466644,40.748917013948926
666,8,73,165.6480871033694,-111.88345042243984,40.74891973448044
667,8,74,191.5670544907406,-111.88309509816675,40.748922453918205
668,8,75,218.5327983885057,-111.88273977384516,40.74892517226222
669,8,76,246.20160758363096,-111.88238444947505,40.7489278895125
670,8,77,274.36085577577774,-111.88202912505649,40.74893060566903
671,8,78,302.8737802901896,-111.88167380058947,40.74893332073182
672,8,79,331.64917366476726,-111.88131847607401,40.748936034700854
673,9,0,321.0887102002424,-111.9093926435599,40.74898848621171
674,9,1,291.7286975446838,-111.90903732144302,40.7489912855182
675,9,2,262.51343989247476,-111.9086819992762,40.74899408373098
676,9,3,233.49727895040303,-111.90832667705946,40.74899688085003
677,9,4,204.76487108462888,-111.90797135479283,40.74899967687536
678,9,5,176.45488257162802,-111.90761603247633,40.74900247180696
679,9,6,148.80859765628256,-111.90726071010995,40.74900526564484
680,9,7,122.27702927979455,-111.90690538769374,40.74900805838899
681,9,8,97.77190313456154,-111.9065500652277,40.74901085003942
682,9,9,77.2464769139437,-111.90619474271188,40.749013640596125
683,9,10,64.61185145682475,-111.90583942014625,40.74901643005909
684,9,11,62.827588818487925,-111.90548409753086,40.74901921842834
685,9,12,62.73034459682106,-111.90512877486573,40.74902200570386
686,9,13,62.633100375154214,-111.90477345215089,40.74902479188564
687,9,14,62.53585615348736,-111.90441812938633,40.7490275769737
688,9,15,62.4386119318205,-111.9040628065721,40.749030360968035
689,9,16,62.341367710153655,-111.90370748370819,40.749033143868644
690,9,17,62.24412348848679,-111.90335216079463,40.749035925675514
691,9,18,62.14687926681994,-111.90299683783147,40.74903870638865
692,9,19,62.002680492223895,-111.90264151481867,40.74904148600806
693,9,20,61.5911338561871,-111.90228619175629,40.749044264533744
694,9,21,61.17958722015031,-111.90193086864436,40.74904704196569
695,9,22,60.768040584113514,-111.90157554548287,40.7490498183039
696,9,23,60.35649394807672,-111.90122022227185,40.74905259354838
697,9,24,59.94494731203993,-111.90086489901131,40.74905536769913
698,9,25,59.53340067600313,-111.9005095757013,40.749058140756155
699,9,26,59.121854039966344,-111.90015425234182,40.74906091271944
700,9,27,58.710307403929555,-111.89979892893288,40.74906368358897
701,9,28,58.354810387528666,-111.8994436054745,40.7490664533648
702,9,29,58.16778160334348,-111.89908828196673,40.74906922204687
703,9,30,57.98075281915829,-111.89873295840955,40.749071989635205
704,9,31,57.793724034973096,-111.89837763480301,40.74907475612982
705,9,32,57.60669525078791,-111.8980223111471,40.74907752153069
706,9,33,57.41966646660272,-111.89766698744187,40.749080285837806
707,9,34,57.232637682417526,-111.89731166368733,40.74908304905121
708,9,35,57.04560889823234,-111.89695633988347,40.749085811170865
709,9,36,56.858580114047136,-111.89660101603036,40.749088572196776
710,9,37,56.67155132986195,-111.89624569212798,40.749091332128955
711,9,38,56.48452254567676,-111.89589036817637,40.7490940909674
712,9,39,56.310661231860436,-111.89553504417555,40.7490968487121
713,9,40,56.16041269889027,-111.89517972012553,40.749099605363064
714,9,41,56.0101641659201,-111.89482439602631,40.74910236092027
715,9,42,55.85991563294993,-111.89446907187795,40.749105115383756
716,9,43,55.70966709997976,-111.89411374768046,40.74910786875349
717,9,44,55.559418567009594,-111.89375842343384,40.74911062102948
718,9,45,55.40917003403943,-111.89340309913811,40.74911337221173
719,9,46,55.25892150106926,-111.89304777479332,40.749116122300244
720,9,47,55.10867296809909,-111.89269245039945,40.749118871294996
721,9,48,54.95842443512893,-111.89233712595656,40.74912161919603
722,9,49,54.808175902158766,-111.89198180146464,40.7491243660033
723,9,50,54.657927369188585,-111.8916264769237,40.749127111716845
724,9,51,49.98034534488336,-111.8912711523338,40.74912985633663
725,9,52,47.77875025329232,-111.89091582769493,40.74913259986267
726,9,53,47.34274979446496,-111.89056050300711,40.74913534229497
727,9,54,46.90674933563759,-111.89020517827036,40.74913808363351
728,9,55,46.47074887681023,-111.88984985348472,40.74914082387832
729,9,56,46.03474841798286,-111.88949452865019,40.74914356302938
730,9,57,45.59874795915549,-111.8891392037668,40.74914630108669
731,9,58,45.16274750032812,-111.88878387883456,40.74914903805025
732,9,59,47.75281181214559,-111.88842855385349,40.74915177392006
733,9,60,51.34120684592502,-111.88807322882361,40.74915450869612
734,9,61,51.248686083169666,-111.88771790374496,40.74915724237844
735,9,62,51.15616532041431,-111.88736257861753,40.749159974967
736,9,63,51.063644557658954,-111.88700725344135,40.74916270646181
737,9,64,50.97112379490359,-111.88665192821644,40.749165436862874
738,9,65,50.878603032148234,-111.88629660294282,40.74916816617018
739,9,66,50.78608226939288,-111.8859412776205,40.749170894383745
740,9,67,50.693561506637515,-111.88558595224953,40.74917362150355
741,9,68,54.343679362989974,-111.88523062682991,40.74917634752961
742,9,69,62.66963013155597,-111.88487530136165,40.749179072461914
743,9,70,77.37008560211721,-111.88451997584477,40.74918179630047
744,9,71,99.22085340961276,-111.8841646502793,40.74918451904526
745,9,72,124.5127517830394,-111.88380932466526,40.74918724069631
746,9,73,151.53241554808562,-111.88345399900267,40.749189961253585
747,9,74,179.50131076705435,-111.88309867329154,40.74919268071714
748,9,75,208.03693944187782,-111.8827433475319,40.74919539908691
749,9,76,236.9346234251053,-111.88238802172377,40.749198116362926
750,9,77,266.07642395155824,-111.88203269586715,40.74920083254519
751,9,78,295.3900996785476,-111.88167736996209,40.749203547633705
752,9,79,324.82912214479046,-111.88132204400858,40.74920626162845
753,10,0,316.58386324982126,-111.90939632514755,40.74925871106295
754,10,1,286.76299556121927,-111.90904100159268,40.74926151039597
755,10,2,256.9838297953905,-111.90868567798786,40.749264308635254
756,10,3,227.26275966239737,-111.90833035433312,40.74926710578082
757,10,4,197.6259979922453,-111.90797503062848,40.74926990183263
758,10,5,168.11813773502632,-111.90761970687396,40.74927269679072
759,10,6,138.82140104665288,-111.90726438306959,40.74927549065507
760,10,7,109.90475213391815,-111.90690905921535,40.749278283425674
761,10,8,81.77241402013479,-111.9065537353113,40.749281075102566
762,10,9,55.627339031655005,-111.90619841135747,40.7492838656857
763,10,10,36.084262508814554,-111.90584308735383,40.749286655175105
764,10,11,32.827746426212705,-111.90548776330044,40.74928944357077
765,10,12,32.73050220454586,-111.9051324391973,40.749292230872705
766,10,13,32.633257982879,-111.90477711504444,40.74929501708088
767,10,14,32.53601376121215,-111.90442179084187,40.74929780219533
768,10,15,32.4387695395453,-111.90406646658961,40.749300586216044
769,10,16,32.34152531787844,-111.90371114228769,40.749303369143
770,10,17,32.244281096211594,-111.90335581793612,40.74930615097624
771,10,18,32.14703687454473,-111.90300049353493,40.749308931715724
772,10,19,32.00550346893773,-111.90264516908412,40.74931171136147
773,10,20,31.593956832900943,-111.90228984458373,40.74931448991348
774,10,21,31.182410196864147,-111.90193452003378,40.749317267371744
775,10,22,30.770863560827358,-111.90157919543427,40.74932004373626
776,10,23,30.35931692479057,-111.90122387078523,40.74932281900704
777,10,24,29.947770288753773,-111.90086854608668,40.749325593184075
778,10,25,29.536223652716984,-111.90051322133863,40.74932836626736
779,10,26,29.12467701668019,-111.90015789654112,40.74933113825691
780,10,27,28.713130380643396,-111.89980257169417,40.74933390915271
781,10,28,28.35539338929541,-111.89944724679778,40.74933667895476
782,10,29,28.168364605110224,-111.89909192185196,40.74933944766308
783,10,30,27.98133582092503,-111.89873659685676,40.749342215277636
784,10,31,27.794307036739838,-111.89838127181218,40.74934498179846
785,10,32,27.60727825255465,-111.89802594671826,40.749347747225535
786,10,33,27.42024946836946,-111.897670621575,40.74935051155884
787,10,34,27.233220684184268,-111.89731529638242,40.74935327479842
788,10,35,27.04619189999908,-111.89695997114053,40.74935603694425
789,10,36,26.85916311581389,-111.8966046458494,40.74935879799632
790,10,37,26.672134331628698,-111.89624932050899,40.74936155795465
791,10,38,26.48510554744351,-111.89589399511935,40.749364316819246
792,10,39,26.311037477914105,-111.89553866968049,40.74936707459006
793,10,40,26.16078894494393,-111.89518334419242,40.74936983126714
794,10,41,26.010540411973768,-111.89482801865518,40.74937258685046
795,10,42,25.8602918790036,-111.89447269306879,40.74937534134004
796,10,43,25.710043346033434,-111.89411736743325,40.74937809473587
797,10,44,25.559794813063263,-111.8937620417486,40.74938084703794
798,10,45,25.409546280093096,-111.89340671601484,40.74938359824626
799,10,46,25.25929774712293,-111.893051390232,40.74938634836083
800,10,47,25.109049214152762,-111.8926960644001,40.74938909738163
801,10,48,24.9588006811826,-111.89234073851917,40.74939184530869
802,10,49,24.808552148212424,-111.8919854125892,40.749394592141996
803,10,50,24.65830361524226,-111.89163008661022,40.74939733788154
804,10,51,21.597953394777498,-111.89127476058229,40.74940008252734
805,10,52,17.78191869394422,-111.89091943450536,40.749402826079375
806,10,53,17.345918235116855,-111.89056410837951,40.749405568537654
807,10,54,16.909917776289486,-111.89020878220472,40.74940830990218
808,10,55,16.473917317462117,-111.88985345598104,40.749411050172945
809,10,56,16.03791685863475,-111.88949812970846,40.74941378934996
810,10,57,15.601916399807383,-111.88914280338702,40.74941652743321
811,10,58,15.165915940980014,-111.88878747701673,40.7494192644227
812,10,59,21.433870277211984,-111.88843215059762,40.74942200031844
813,10,60,21.34134951445662,-111.8880768241297,40.749424735120414
814,10,61,21.24882875170126,-111.88772149761297,40.74942746882863
815,10,62,21.156307988945905,-111.8873661710475,40.74943020144308
816,10,63,21.063787226190545,-111.88701084443326,40.74943293296377
817,10,64,20.971266463435185,-111.8866555177703,40.7494356633907
818,10,65,20.87874570067983,-111.88630019105862,40.74943839272388
819,10,66,20.78622493792447,-111.88594486429827,40.74944112096329
820,10,67,20.693704175169113,-111.88558953748924,40.74944384810894
821,10,68,25.51222583480829,-111.88523421063155,40.74944657416083
822,10,69,35.35911115481095,-111.88487888372524,40.74944929911895
823,10,70,57.52316356835039,-111.8845235567703,40.749452022983306
824,10,71,84.66145493767581,-111.88416822976679,40.74945474575391
825,10,72,113.25285672960763,-111.8838129027147,40.74945746743073
826,10,73,142.42491763265988,-111.88345757561405,40.749460188013785
827,10,74,171.88224099051905,-111.88310224846485,40.74946290750309
828,10,75,201.4997577496702,-111.88274692126714,40.74946562589862
829,10,76,231.2159163605064,-111.88239159402096,40.74946834320039
830,10,77,260.9970260054348,-111.88203626672627,40.74947105940839
831,10,78,290.82313386134626,-111.88168093938314,40.749473774522635
832,10,79,320.6816845318539,-111.88132561199158,40.7494764885431
833,11,0,314.885257073601,-111.90940000678519,40.74952893590123
834,11,1,284.8866410967178,-111.90904468179227,40.74953173526078
835,11,2,254.8883509076719,-111.90868935674943,40.749534533526585
836,11,3,224.89051687764612,-111.90833403165668,40.749537330698644
837,11,4,194.89334964168785,-111.907978706514,40.74954012677695
838,11,5,164.8972130984012,-111.90762338132146,40.74954292176152
839,11,6,134.90279478454806,-111.90726805607905,40.74954571565234
840,11,7,104.91156844573547,-111.9069127307868,40.749548508449415
841,11,8,74.92736714183003,-111.90655740544473,40.749551300152746
842,11,9,44.964246906502744,-111.90620208005285,40.749554090762324
843,11,10,15.14782667352952,-111.90584675461119,40.749556880278156
844,11,11,2.8279040339375077,-111.90549142911976,40.749559668700236
845,11,12,2.730659812270654,-111.9051361035786,40.74956245602858
846,11,13,2.6334155906037995,-111.9047807779877,40.74956524226316
847,11,14,2.5361713689369454,-111.90442545234708,40.749568027404
848,11,15,2.4389271472700917,-111.9040701266568,40.74957081145108
849,11,16,2.3416829256032377,-111.90371480091684,40.749573594404424
850,11,17,2.2444387039363836,-111.90335947512725,40.74957637626401
851,11,18,2.1471944822695295,-111.90300414928802,40.749579157029856
852,11,19,2.0083264456515804,-111.90264882339918,40.74958193670193
853,11,20,1.5967798096147878,-111.90229349746075,40.749584715280264
854,11,21,1.1852331735779957,-111.90193817147274,40.749587492764846
855,11,22,0.7736865375412034,-111.9015828454352,40.74959026915567
856,11,23,0.36213990150441105,-111.90122751934813,40.74959304445274
857,11,24,0.0,-111.90087219321153,40.74959581865606
858,11,25,0.0,-111.90051686702544,40.749598591765626
859,11,26,0.0,-111.9001615407899,40.74960136378144
860,11,27,0.0,-111.89980621450488,40.74960413470349
861,11,28,0.0,-111.89945088817043,40.74960690453178
862,11,29,0.0,-111.8990955617866,40.749609673266335
863,11,30,0.0,-111.89874023535334,40.749612440907114
864,11,31,0.0,-111.89838490887072,40.74961520745414
865,11,32,0.0,-111.89802958233875,40.749617972907416
866,11,33,0.0,-111.89767425575744,40.74962073726692
867,11,34,0.0,-111.89731892912681,40.74962350053269
868,11,35,0.0,-111.89696360244689,40.74962626270468
869,11,36,0.0,-111.89660827571768,40.74962902378292
870,11,37,0.0,-111.89625294893922,40.7496317837674
871,11,38,0.0,-111.89589762211153,40.74963454265813
872,11,39,0.0,-111.89554229523462,40.74963730045507
873,11,40,0.0,-111.89518696830851,40.74964005715827
874,11,41,0.0,-111.89483164133323,40.74964281276771
875,11,42,0.0,-111.89447631430876,40.74964556728337
876,11,43,0.0,-111.89412098723517,40.74964832070529
877,11,44,0.0,-111.89376566011246,40.74965107303344
878,11,45,0.0,-111.89341033294065,40.74965382426784
879,11,46,0.0,-111.89305500571975,40.74965657440845
880,11,47,0.0,-111.89269967844979,40.74965932345532
881,11,48,0.0,-111.89234435113079,40.7496620714084
882,11,49,0.0,-111.89198902376276,40.74966481826774
883,11,50,0.0,-111.89163369634574,40.749667564033295
884,11,51,0.0,-111.89127836887972,40.74967030870509
885,11,52,0.0,-111.89092304136476,40.74967305228312
886,11,53,0.0,-111.89056771380083,40.74967579476739
887,11,54,0.0,-111.89021238618798,40.749678536157894
888,11,55,0.0,-111.88985705852623,40.74968127645462
889,11,56,0.0,-111.8895017308156,40.749684015657586
890,11,57,0.0,-111.88914640305607,40.74968675376679
891,11,58,0.0,-111.88879107524772,40.74968949078221
892,11,59,0.0,-111.88843574739053,40.74969222670386
893,11,60,0.0,-111.88808041948454,40.74969496153175
894,11,61,0.0,-111.88772509152977,40.74969769526586
895,11,62,0.0,-111.88736976352621,40.749700427906205
896,11,63,0.0,-111.88701443547392,40.74970315945279
897,11,64,0.0,-111.88665910737289,40.74970588990559
898,11,65,0.0,-111.88630377922314,40.74970861926462
899,11,66,0.0,-111.8859484510247,40.74971134752988
900,11,67,0.0,-111.88559312277759,40.74971407470137
901,11,68,0.0,-111.88523779448184,40.74971680077908
902,11,69,19.313785829128182,-111.88488246613744,40.74971952576303
903,11,70,49.31225555319328,-111.88452713774444,40.74972224965319
904,11,71,79.31170249714955,-111.88417180930284,40.749724972449584
905,11,72,109.311453005846,-111.88381648081267,40.749727694152206
906,11,73,139.31131096756715,-111.88346115227394,40.74973041476104
907,11,74,169.31121926427414,-111.88310582368666,40.74973313427611
908,11,75,199.31115516701024,-111.88275049505089,40.749735852697405
909,11,76,229.3111078409874,-111.88239516636662,40.74973857002492
910,11,77,259.3110714653616,-111.88203983763387,40.749741286258654
911,11,78,289.31104263364506,-111.88168450885264,40.74974400139861
912,11,79,319.3110192195373,-111.881329180023,40.74974671544479
913,12,0,315.5051233541355,-111.90940368847276,40.74979916072654
914,12,1,285.51674934362177,-111.90904836204182,40.74980196011261
915,12,2,255.5283753331081,-111.90869303556094,40.749804758404935
916,12,3,225.5400013225944,-111.90833770903012,40.749807555603496
917,12,4,195.55162731208074,-111.90798238244942,40.74981035170829
918,12,5,165.56325330156702,-111.90762705581882,40.74981314671935
919,12,6,135.57487929105335,-111.90727172913837,40.74981594063664
920,12,7,105.58650528053965,-111.90691640240807,40.749818733460174
921,12,8,75.59813127002596,-111.90656107562795,40.74982152518996
922,12,9,45.60975725951228,-111.90620574879802,40.74982431582597
923,12,10,15.621383248998589,-111.90585042191832,40.74982710536823
924,12,11,0.0,-111.90549509498882,40.749829893816745
925,12,12,0.0,-111.9051397680096,40.74983268117149
926,12,13,0.0,-111.90478444098066,40.74983546743246
927,12,14,0.0,-111.904429113902,40.749838252599694
928,12,15,0.0,-111.90407378677365,40.74984103667316
929,12,16,0.0,-111.90371845959565,40.74984381965287
930,12,17,0.0,-111.903363132368,40.74984660153881
931,12,18,0.0,-111.90300780509071,40.74984938233099
932,12,19,0.0,-111.90265247776381,40.74985216202941
933,12,20,0.0,-111.90229715038733,40.74985494063408
934,12,21,0.0,-111.90194182296126,40.74985771814497
935,12,22,0.0,-111.90158649548565,40.7498604945621
936,12,23,0.0,-111.90123116796052,40.749863269885466
937,12,24,0.0,-111.90087584038586,40.74986604411508
938,12,25,0.0,-111.90052051276172,40.74986881725091
939,12,26,0.0,-111.90016518508811,40.74987158929298
940,12,27,0.0,-111.89980985736503,40.7498743602413
941,12,28,0.0,-111.89945452959253,40.74987713009584
942,12,29,0.0,-111.89909920177061,40.74987989885662
943,12,30,0.0,-111.8987438738993,40.749882666523625
944,12,31,0.0,-111.89838854597862,40.74988543309686
945,12,32,0.0,-111.89803321800856,40.74988819857634
946,12,33,0.0,-111.8976778899892,40.74989096296204
947,12,34,0.0,-111.8973225619205,40.74989372625398
948,12,35,0.0,-111.8969672338025,40.74989648845215
949,12,36,0.0,-111.89661190563523,40.74989924955655
950,12,37,0.0,-111.89625657741871,40.74990200956717
951,12,38,0.0,-111.89590124915294,40.749904768484036
952,12,39,0.0,-111.89554592083796,40.74990752630712
953,12,40,0.0,-111.89519059247378,40.74991028303644
954,12,41,0.0,-111.8948352640604,40.749913038671984
955,12,42,0.0,-111.89447993559789,40.74991579321376
956,12,43,0.0,-111.89412460708621,40.74991854666177
957,12,44,0.0,-111.89376927852543,40.74992129901598
958,12,45,0.0,-111.89341394991554,40.749924050276434
959,12,46,0.0,-111.89305862125656,40.74992680044311
960,12,47,0.0,-111.89270329254853,40.74992954951602
961,12,48,0.0,-111.89234796379144,40.74993229749516
962,12,49,0.0,-111.89199263498534,40.7499350443805
963,12,50,0.0,-111.89163730613024,40.7499377901721
964,12,51,0.0,-111.89128197722614,40.74994053486989
965,12,52,0.0,-111.89092664827308,40.749943278473914
966,12,53,0.0,-111.89057131927107,40.749946020984176
967,12,54,0.01845687407147507,-111.89021599022014,40.74994876240064
968,12,55,0.34779263614699646,-111.88986066112031,40.74995150272334
969,12,56,0.6771283982225177,-111.88950533197158,40.74995424195225
970,12,57,1.0064641602980389,-111.88915000277399,40.74995698008739
971,12,58,1.33579992237356,-111.88879467352754,40.749959717128746
972,12,59,1.6651356844490812,-111.88843934423227,40.74996245307633
973,12,60,1.9944714465246023,-111.8880840148882,40.74996518793013
974,12,61,2.3238072086001234,-111.88772868549533,40.74996792169015
975,12,62,2.6012492568499805,-111.88737335605369,40.74997065435638
976,12,63,2.822918082276632,-111.8870180265633,40.74997338592884
977,12,64,3.0445869077032834,-111.88666269702418,40.74997611640752
978,12,65,3.2662557331299347,-111.88630736743633,40.749978845792405
979,12,66,3.4879245585565863,-111.88595203779981,40.74998157408351
980,12,67,0.8272032300600486,-111.88559670811462,40.749984301280854
981,12,68,0.0,-111.88524137838075,40.749987027384385
982,12,69,19.64086919084303,-111.88488604859828,40.74998975239414
983,12,70,49.63908607909307,-111.88453071876717,40.74999247631012
984,12,71,79.6373029673431,-111.88417538888747,40.74999519913231
985,12,72,109.63551985559315,-111.8838200589592,40.74999792086072
986,12,73,139.63373674384314,-111.88346472898237,40.75000064149534
987,12,74,169.6319536320932,-111.88310939895702,40.750003361036164
988,12,75,199.63017052034323,-111.88275406888313,40.75000607948322
989,12,76,229.62838740859326,-111.88239873876076,40.75000879683648
990,12,77,259.6266042968433,-111.8820434085899,40.75001151309595
991,12,78,289.6248211850933,-111.88168807837059,40.750014228261634
992,12,79,319.6230380733434,-111.88133274810284,40.75001694233353
993,13,0,316.34024263037526,-111.90940737021032,40.75006938553888
994,13,1,286.3518686198616,-111.9090520423413,40.750072184951485
995,13,2,256.36349460934787,-111.90869671442236,40.75007498327031
996,13,3,226.3751205988342,-111.90834138645347,40.750077780495374
997,13,4,196.38674658832048,-111.9079860584347,40.750080576626665
998,13,5,166.3983725778068,-111.90763073036604,40.7500833716642
999,13,6,136.40999856729312,-111.90727540224752,40.75008616560797
1000,13,7,106.42162455677945,-111.90692007407915,40.750088958457965
1001,13,8,76.43325054626574,-111.90656474586098,40.750091750214196
1002,13,9,46.44487653575205,-111.90620941759298,40.75009454087666
1003,13,10,16.456502525238363,-111.9058540892752,40.75009733044535
1004,13,11,0.0,-111.90549876090765,40.75010011892027
1005,13,12,1.109793655625807,-111.90514343249035,40.75010290630142
1006,13,13,18.68162953459044,-111.90478810402334,40.75010569258881
1007,13,14,18.7090267834636,-111.90443277550659,40.750108477782426
1008,13,15,18.73642403233676,-111.90407744694018,40.750111261882275
1009,13,16,18.763821281209918,-111.9037221183241,40.75011404488835
1010,13,17,18.79121853008308,-111.90336678965838,40.75011682680065
1011,13,18,18.818615778956236,-111.903011460943,40.750119607619176
1012,13,19,18.846013027829397,-111.90265613217802,40.75012238734393
1013,13,20,18.873410276702558,-111.90230080336347,40.75012516597492
1014,13,21,18.900807525575715,-111.90194547449933,40.75012794351213
1015,13,22,18.928204774448876,-111.90159014558564,40.75013071995558
1016,13,23,18.955602023322033,-111.90123481662242,40.750133495305235
1017,13,24,18.982999272195194,-111.9008794876097,40.75013626956112
1018,13,25,19.010396521068355,-111.90052415854747,40.750139042723234
1019,13,26,19.037793769941512,-111.90016882943577,40.75014181479158
1020,13,27,19.205638658538078,-111.89981350027462,40.75014458576613
1021,13,28,20.091328368794866,-111.89945817106403,40.750147355646924
1022,13,29,20.97701807905165,-111.89910284180404,40.75015012443394
1023,13,30,21.862707789308438,-111.89874751249464,40.750152892127176
1024,13,31,22.74839749956523,-111.89839218313587,40.75015565872661
1025,13,32,23.634087209822017,-111.89803685372773,40.750158424232296
1026,13,33,24.5197769200788,-111.89768152427027,40.75016118864419
1027,13,34,24.759662673808634,-111.8973261947635,40.75016395196232
1028,13,35,24.759662673808634,-111.8969708652074,40.750166714186655
1029,13,36,24.759662673808634,-111.89661553560205,40.75016947531721
1030,13,37,24.759662673808634,-111.89626020594743,40.75017223535399
1031,13,38,24.759662673808634,-111.89590487624356,40.75017499429699
1032,13,39,24.759662673808634,-111.8955495464905,40.75017775214621
1033,13,40,25.058392223344438,-111.89519421668821,40.75018050890164
1034,13,41,25.435246908200376,-111.89483888683675,40.7501832645633
1035,13,42,25.81210159305631,-111.89448355693614,40.75018601913118
1036,13,43,26.18895627791224,-111.89412822698638,40.75018877260526
1037,13,44,26.56581096276818,-111.89377289698749,40.75019152498557
1038,13,45,26.94266564762411,-111.8934175669395,40.75019427627208
1039,13,46,27.319520332480042,-111.89306223684243,40.750197026464825
1040,13,47,27.69637501733598,-111.89270690669629,40.75019977556378
1041,13,48,28.040634546415674,-111.89235157650111,40.75020252356895
1042,13,49,28.369970308491194,-111.89199624625692,40.75020527048032
1043,13,50,28.699306070566713,-111.89164091596372,40.750208016297925
1044,13,51,29.028641832642233,-111.89128558562152,40.75021076102173
1045,13,52,29.35797759471776,-111.89093025523036,40.75021350465175
1046,13,53,29.68731335679328,-111.89057492479024,40.750216247187986
1047,13,54,30.0166491188688,-111.89021959430121,40.75021898863044
1048,13,55,30.345984880944318,-111.88986426376327,40.75022172897909
1049,13,56,30.675320643019845,-111.88950893317644,40.75022446823396
1050,13,57,31.004656405095364,-111.88915360254074,40.75022720639504
1051,13,58,31.333992167170884,-111.8887982718562,40.75022994346233
1052,13,59,31.663327929246403,-111.88844294112282,40.75023267943584
1053,13,60,31.992663691321923,-111.88808761034063,40.750235414315554
1054,13,61,32.321999453397446,-111.88773227950965,40.75023814810147
1055,13,62,32.600430294535556,-111.8873769486299,40.750240880793605
1056,13,63,32.82209911996221,-111.88702161770141,40.750243612391934
1057,13,64,33.04376794538886,-111.88666628672416,40.75024634289649
1058,13,65,33.26543677081551,-111.88631095569822,40.750249072307234
1059,13,66,31.08854481024929,-111.88595562462359,40.7502518006242
1060,13,67,1.0896931818080515,-111.88560029350027,40.75025452784736
1061,13,68,0.0,-111.8852449623283,40.750257253976734
1062,13,69,19.967952552557875,-111.8848896311077,40.75025997901231
1063,13,70,49.96616944080791,-111.88453429983849,40.750262702954096
1064,13,71,79.96438632905796,-111.88417896852067,40.75026542580209
1065,13,72,109.96260321730799,-111.8838236371543,40.75026814755628
1066,13,73,139.96082010555799,-111.88346830573934,40.75027086821667
1067,13,74,169.959036993808,-111.88311297427587,40.750273587783276
1068,13,75,199.95725388205807,-111.88275764276386,40.75027630625608
1069,13,76,229.9554707703081,-111.88240231120336,40.75027902363509
1070,13,77,259.9536876585582,-111.88204697959439,40.7502817399203
1071,13,78,289.9519045468082,-111.88169164793696,40.75028445511171
1072,13,79,319.9501214350582,-111.88133631623108,40.75028716920932
1073,14,0,317.175361906615,-111.90941105199782,40.75033961033826
1074,14,1,287.18698789610136,-111.90905572269072,40.750342409777375
1075,14,2,257.19861388558763,-111.90870039333369,40.750345208122724
1076,14,3,227.21023987507397,-111.90834506392673,40.750348005374285
1077,14,4,197.22186586456027,-111.90798973446988,40.75035080153208
1078,14,5,167.2334918540466,-111.90763440496313,40.7503535965961
1079,14,6,137.2451178435329,-111.90727907540652,40.750356390566324
1080,14,7,107.25674383301921,-111.90692374580009,40.75035918344279
1081,14,8,77.26836982250552,-111.9065684161438,40.750361975225466
1082,14,9,47.27999581199183,-111.90621308643772,40.75036476591438
1083,14,10,17.29162180147814,-111.90585775668185,40.7503675555095
1084,14,11,0.0,-111.90550242687621,40.75037034401083
1085,14,12,1.3523733259981028,-111.90514709702082,40.75037313141841
1086,14,13,31.351392561691835,-111.90479176711571,40.75037591773219
1087,14,14,48.7090142733069,-111.90443643716088,40.7503787029522
1088,14,15,48.73641152218006,-111.90408110715637,40.75038148707842
1089,14,16,48.76380877105322,-111.9037257771022,40.75038427011086
1090,14,17,48.79120601992638,-111.90337044699838,40.750387052049525
1091,14,18,48.81860326879954,-111.90301511684491,40.75038983289439
1092,14,19,48.8460005176727,-111.90265978664185,40.75039261264549
1093,14,20,48.87339776654586,-111.90230445638917,40.7503953913028
1094,14,21,48.900795015419014,-111.90194912608695,40.75039816886633
1095,14,22,48.92819226429218,-111.90159379573517,40.75040094533608
1096,14,23,48.955589513165336,-111.90123846533385,40.75040372071203
1097,14,24,48.98298676203849,-111.90088313488302,40.75040649499421
1098,14,25,49.01038401091166,-111.90052780438269,40.750409268182594
1099,14,26,49.037781259784815,-111.9001724738329,40.750412040277205
1100,14,27,49.19256170404484,-111.89981714323363,40.75041481127802
1101,14,28,50.07825141430163,-111.89946181258495,40.750417581185054
1102,14,29,50.96394112455842,-111.89910648188685,40.75042034999829
1103,14,30,51.84963083481521,-111.89875115113935,40.75042311771775
1104,14,31,52.735320545072,-111.89839582034247,40.750425884343414
1105,14,32,53.621010255328784,-111.89804048949622,40.750428649875296
1106,14,33,54.506699965585575,-111.89768515860065,40.75043141431338
1107,14,34,54.759662673808634,-111.89732982765577,40.75043417765769
1108,14,35,54.759662673808634,-111.89697449666158,40.75043693990819
1109,14,36,54.759662673808634,-111.8966191656181,40.75043970106492
1110,14,37,54.759662673808634,-111.89626383452539,40.75044246112785
1111,14,38,54.759662673808634,-111.89590850338341,40.750445220097
1112,14,39,54.759662673808634,-111.89555317219222,40.750447977972335
1113,14,40,55.05602513906801,-111.89519784095184,40.75045073475389
1114,14,41,55.43287982392394,-111.89484250966227,40.75045349044165
1115,14,42,55.809734508779876,-111.89448717832353,40.75045624503563
1116,14,43,56.18658919363582,-111.89413184693565,40.750458998535805
1117,14,44,56.563443878491746,-111.89377651549866,40.75046175094218
1118,14,45,56.94029856334768,-111.89342118401255,40.75046450225477
1119,14,46,57.31715324820362,-111.89306585247738,40.75046725247358
1120,14,47,57.694007933059545,-111.89271052089312,40.750470001598565
1121,14,48,58.03882679121299,-111.89235518925982,40.75047274962978
1122,14,49,58.368162553288506,-111.8919998575775,40.750475496567184
1123,14,50,58.69749831536403,-111.89164452584617,40.75047824241079
1124,14,51,59.026834077439545,-111.89128919406586,40.75048098716061
1125,14,52,59.356169839515076,-111.89093386223658,40.75048373081663
1126,14,53,59.6855056015906,-111.89057853035835,40.75048647337885
1127,14,54,60.014841363666115,-111.8902231984312,40.75048921484726
1128,14,55,60.34417712574164,-111.88986786645512,40.7504919552219
1129,14,56,60.67351288781716,-111.88951253443017,40.75049469450271
1130,14,57,61.00284864989268,-111.88915720235636,40.75049743268974
1131,14,58,61.33218441196821,-111.88880187023368,40.75050016978297
1132,14,59,61.661520174043716,-111.88844653806217,40.75050290578238
1133,14,60,61.990855936119246,-111.88809120584186,40.75050564068802
1134,14,61,62.32019169819477,-111.88773587357275,40.75050837449983
1135,14,62,62.59961133222114,-111.88738054125487,40.75051110721786
1136,14,63,62.82128015764779,-111.88702520888825,40.750513838842075
1137,14,64,63.04294898307443,-111.88666987647288,40.75051656937249
1138,14,65,61.34988639043853,-111.88631454400881,40.75051929880911
1139,14,66,31.351034761997287,-111.88595921149603,40.750522027151916
1140,14,67,1.3521831335560548,-111.88560387893459,40.750524754400935
1141,14,68,0.0,-111.88524854632449,40.75052748055613
1142,14,69,20.29503591427272,-111.88489321366575,40.75053020561753
1143,14,70,50.29325280252276,-111.8845378809584,40.75053292958513
1144,14,71,80.2914696907728,-111.88418254820246,40.75053565245891
1145,14,72,110.28968657902284,-111.88382721539793,40.750538374238886
1146,14,73,140.28790346727286,-111.88347188254485,40.75054109492506
1147,14,74,170.28612035552288,-111.88311654964323,40.75054381451743
1148,14,75,200.2843372437729,-111.8827612166931,40.75054653301599
1149,14,76,230.2825541320229,-111.88240588369446,40.75054925042074
1150,14,77,260.280771020273,-111.88205055064735,40.75055196673169
1151,14,78,290.27898790852305,-111.88169521755177,40.75055468194883
1152,14,79,320.27720479677305,-111.88133988440777,40.75055739607215
1153,15,0,318.0104811828548,-111.90941473383528,40.75060983512468
1154,15,1,288.0221071723411,-111.9090594030901,40.75061263459032
1155,15,2,258.03373316182746,-111.90870407229495,40.75061543296217
1156,15,3,228.04535915131373,-111.9083487414499,40.750618230240235
1157,15,4,198.05698514080007,-111.90799341055494,40.750621026424525
1158,15,5,168.06861113028637,-111.90763807961008,40.75062382151501
1159,15,6,138.08023711977268,-111.90728274861537,40.75062661551173
1160,15,7,108.09186310925898,-111.90692741757081,40.750629408414646
1161,15,8,78.10348909874529,-111.90657208647643,40.75063220022378
1162,15,9,48.11511508823161,-111.90621675533224,40.750634990939126
1163,15,10,18.12674107771792,-111.90586142413825,40.75063778056068
1164,15,11,0.0,-111.90550609289451,40.75064056908844
1165,15,12,1.5949529963703988,-111.905150761601,40.75064335652242
1166,15,13,31.593972232064132,-111.90479543025779,40.75064614286261
1167,15,14,61.59299146775784,-111.90444009886487,40.750648928109
1168,15,15,78.73639901202336,-111.90408476742223,40.7506517122616
1169,15,16,78.7637962608965,-111.90372943592995,40.75065449532041
1170,15,17,78.79119350976967,-111.903374104388,40.75065727728543
1171,15,18,78.81859075864283,-111.90301877279643,40.75066005815665
1172,15,19,78.84598800751598,-111.90266344115524,40.75066283793409
1173,15,20,78.87338525638914,-111.90230810946447,40.750665616617724
1174,15,21,78.90078250526231,-111.90195277772412,40.75066839420758
1175,15,22,78.92817975413546,-111.90159744593421,40.750671170703626
1176,15,23,78.95557700300863,-111.90124211409477,40.75067394610588
1177,15,24,78.98297425188179,-111.90088678220584,40.75067672041434
1178,15,25,79.01037150075494,-111.90053145026738,40.75067949362901
1179,15,26,79.0377687496281,-111.90017611827946,40.750682265749866
1180,15,27,79.1794847495516,-111.8998207862421,40.75068503677694
1181,15,28,80.0651744598084,-111.89946545415528,40.75068780671022
1182,15,29,80.95086417006519,-111.89911012201905,40.7506905755497
1183,15,30,81.83655388032197,-111.89875478983342,40.75069334329538
1184,15,31,82.72224359057877,-111.89839945759843,40.750696109947256
1185,15,32,83.60793330083555,-111.89804412531407,40.75069887550534
1186,15,33,84.49362301109234,-111.89768879298038,40.75070163996962
1187,15,34,84.75966267380863,-111.89733346059735,40.75070440334011
1188,15,35,84.75966267380863,-111.89697812816505,40.75070716561678
1189,15,36,84.75966267380863,-111.89662279568344,40.750709926799665
1190,15,37,84.75966267380863,-111.89626746315258,40.750712686888754
1191,15,38,84.75966267380863,-111.89591213057248,40.75071544588403
1192,15,39,84.75966267380863,-111.89555679794317,40.7507182037855
1193,15,40,85.0536580547916,-111.89520146526465,40.750720960593185
1194,15,41,85.43051273964751,-111.89484613253694,40.75072371630706
1195,15,42,85.80736742450344,-111.89449079976008,40.75072647092713
1196,15,43,86.18422210935937,-111.89413546693406,40.750729224453394
1197,15,44,86.56107679421531,-111.89378013405893,40.75073197688585
1198,15,45,86.93793147907124,-111.89342480113469,40.750734728224515
1199,15,46,87.31478616392718,-111.89306946816137,40.75073747846937
1200,15,47,87.69164084878311,-111.89271413513899,40.75074022762041
1201,15,48,88.0370190360103,-111.89235880206755,40.75074297567765
1202,15,49,88.36635479808582,-111.8920034689471,40.75074572264109
1203,15,50,88.69569056016135,-111.89164813577763,40.75074846851072
1204,15,51,89.02502632223688,-111.89129280255916,40.75075121328653
1205,15,52,89.3543620843124,-111.89093746929174,40.75075395696855
1206,15,53,89.68369784638791,-111.89058213597538,40.75075669955676
1207,15,54,90.01303360846343,-111.89022680261007,40.75075944105115
1208,15,55,90.34236937053896,-111.88987146919587,40.75076218145175
1209,15,56,90.67170513261448,-111.88951613573278,40.75076492075851
1210,15,57,91.00104089469,-111.88916080222081,40.75076765897149
1211,15,58,91.33037665676552,-111.88880546866,40.750770396090644
1212,15,59,91.65971241884105,-111.88845013505033,40.750773132115995
1213,15,60,91.98904818091657,-111.88809480139187,40.75077586704754
1214,15,61,92.31838394299209,-111.88773946768463,40.750778600885255
1215,15,62,92.59879236990672,-111.8873841339286,40.75078133362918
1216,15,63,92.82046119533337,-111.88702880012383,40.75078406527928
1217,15,64,91.61122797062778,-111.88667346627031,40.75078679583556
1218,15,65,61.612376342186536,-111.88631813236807,40.75078952529804
1219,15,66,31.613524713745292,-111.88596279841715,40.750792253666695
1220,15,67,1.6146730853040572,-111.88560746441756,40.750794980941535
1221,15,68,0.0,-111.88525213036931,40.75079770712257
1222,15,69,20.622119275987565,-111.88489679627241,40.75080043220979
1223,15,70,50.62033616423761,-111.88454146212692,40.75080315620319
1224,15,71,80.61855305248764,-111.88418612793282,40.750805879102785
1225,15,72,110.61676994073767,-111.88383079369014,40.75080860090854
1226,15,73,140.61498682898767,-111.8834754593989,40.750811321620496
1227,15,74,170.61320371723772,-111.88312012505912,40.75081404123864
1228,15,75,200.61142060548775,-111.88276479067083,40.750816759762955
1229,15,76,230.60963749373778,-111.88240945623404,40.75081947719346
1230,15,77,260.60785438198786,-111.88205412174877,40.750822193530134
1231,15,78,290.60607127023786,-111.88169878721503,40.750824908773005
1232,15,79,320.6042881584879,-111.88134345263286,40.750827622922046
1233,16,0,318.8456004590946,-111.90941841572273,40.75088005989813
1234,16,1,288.8572264485809,-111.90906308353941,40.75088285939029
1235,16,2,258.86885243806717,-111.90870775130615,40.75088565778864
1236,16,3,228.88047842755353,-111.90835241902296,40.750888455093225
1237,16,4,198.8921044170398,-111.90799708668987,40.750891251304004
1238,16,5,168.90373040652614,-111.90764175430691,40.75089404642099
1239,16,6,138.91535639601247,-111.90728642187408,40.75089684044417
1240,16,7,108.92698238549877,-111.90693108939139,40.75089963337355
1241,16,8,78.93860837498507,-111.90657575685887,40.75090242520913
1242,16,9,48.950234364471385,-111.90622042427655,40.750905215950915
1243,16,10,18.961860353957693,-111.90586509164444,40.75090800559891
1244,16,11,0.0,-111.90550975896257,40.750910794153086
1245,16,12,1.8375326667426946,-111.90515442623095,40.750913581613474
1246,16,13,31.836551902436426,-111.90479909344958,40.75091636798007
1247,16,14,61.83557113813015,-111.90444376061853,40.75091915325284
1248,16,15,91.83459037382387,-111.90408842773778,40.75092193743182
1249,16,16,108.7637837507398,-111.90373309480735,40.75092472051699
1250,16,17,108.79118099961296,-111.90337776182727,40.750927502508375
1251,16,18,108.81857824848612,-111.90302242879756,40.75093028340595
1252,16,19,108.84597549735928,-111.90266709571824,40.750933063209715
1253,16,20,108.87337274623245,-111.90231176258933,40.7509358419197
1254,16,21,108.90076999510559,-111.90195642941084,40.75093861953585
1255,16,22,108.92816724397876,-111.9016010961828,40.75094139605822
1256,16,23,108.95556449285192,-111.90124576290523,40.750944171486765
1257,16,24,108.98296174172508,-111.90089042957814,40.75094694582151
1258,16,25,109.01035899059823,-111.90053509620157,40.750949719062454
1259,16,26,109.0377562394714,-111.90017976277551,40.75095249120958
1260,16,27,109.16640779505839,-111.89982442929998,40.75095526226291
1261,16,28,110.05209750531519,-111.89946909577503,40.75095803222242
1262,16,29,110.93778721557197,-111.89911376220066,40.75096080108815
1263,16,30,111.82347692582874,-111.8987584285769,40.750963568860044
1264,16,31,112.70916663608554,-111.89840309490376,40.75096633553814
1265,16,32,113.59485634634234,-111.89804776118125,40.75096910112242
1266,16,33,114.48054605659912,-111.8976924274094,40.750971865612904
1267,16,34,114.75966267380862,-111.89733709358823,40.75097462900956
1268,16,35,114.75966267380862,-111.89698175971778,40.75097739131242
1269,16,36,114.75966267380862,-111.89662642579802,40.750980152521464
1270,16,37,114.75966267380862,-111.89627109182902,40.7509829126367
1271,16,38,114.75966267380862,-111.89591575781077,40.750985671658114
1272,16,39,114.75966267380862,-111.8955604237433,40.75098842958572
1273,16,40,115.05129097051515,-111.89520508962663,40.75099118641951
1274,16,41,115.42814565537108,-111.89484975546078,40.750993942159496
1275,16,42,115.80500034022701,-111.89449442124577,40.75099669680568
1276,16,43,116.18185502508294,-111.8941390869816,40.75099945035803
1277,16,44,116.55870970993888,-111.89378375266831,40.75100220281658
1278,16,45,116.93556439479481,-111.89342841830592,40.75100495418129
1279,16,46,117.31241907965075,-111.89307308389444,40.751007704452206
1280,16,47,117.68927376450668,-111.8927177494339,40.75101045362929
1281,16,48,118.03521128080762,-111.89236241492429,40.751013201712574
1282,16,49,118.36454704288316,-111.89200708036569,40.75101594870203
1283,16,50,118.69388280495868,-111.89165174575807,40.75101869459768
1284,16,51,119.02321856703419,-111.89129641110145,40.7510214393995
1285,16,52,119.35255432910972,-111.89094107639588,40.75102418310752
1286,16,53,119.68189009118524,-111.89058574164133,40.75102692572171
1287,16,54,120.01122585326075,-111.89023040683787,40.75102966724208
1288,16,55,120.34056161533628,-111.88987507198551,40.75103240766863
1289,16,56,120.6698973774118,-111.88951973708424,40.75103514700137
1290,16,57,120.99923313948732,-111.88916440213411,40.75103788524027
1291,16,58,121.32856890156286,-111.88880906713513,40.75104062238537
1292,16,59,121.65790466363836,-111.88845373208731,40.75104335843663
1293,16,60,121.98724042571388,-111.88809839699069,40.751046093394095
1294,16,61,122.3165761877894,-111.88774306184527,40.751048827257726
1295,16,62,122.59797340759229,-111.88738772665107,40.751051560027534
1296,16,63,121.872569550817,-111.88703239140814,40.751054291703504
1297,16,64,91.87371792237577,-111.88667705611645,40.751057022285664
1298,16,65,61.87486629393454,-111.88632172077605,40.75105975177401
1299,16,66,31.876014665493294,-111.88596638538696,40.751062480168514
1300,16,67,1.87716303705206,-111.88561104994919,40.7510652074692
1301,16,68,0.0,-111.88525571446277,40.75106793367607
1302,16,69,20.94920263770241,-111.88490037892771,40.7510706587891
1303,16,70,50.94741952595245,-111.88454504334403,40.751073382808315
1304,16,71,80.9456364142025,-111.88418970771176,40.7510761057337
1305,16,72,110.94385330245251,-111.8838343720309,40.75107882756526
1306,16,73,140.94207019070254,-111.8834790363015,40.751081548302984
1307,16,74,170.94028707895257,-111.88312370052354,40.75108426794689
1308,16,75,200.9385039672026,-111.88276836469706,40.751086986496965
1309,16,76,230.93672085545262,-111.8824130288221,40.75108970395321
1310,16,77,260.9349377437027,-111.88205769289864,40.751092420315636
1311,16,78,290.93315463195273,-111.88170235692674,40.75109513558423
1312,16,79,320.9313715202028,-111.88134702090636,40.75109784975898
1313,17,0,319.6807197353344,-111.9094220976601,40.75115028465859
1314,17,1,289.6923457248207,-111.90906676403866,40.75115308417728
1315,17,2,259.703971714307,-111.90871143036726,40.751155882602156
1316,17,3,229.71559770379332,-111.90835609664593,40.75115867993325
1317,17,4,199.7272236932796,-111.9080007628747,40.7511614761705
1318,17,5,169.7388496827659,-111.90764542905359,40.751164271313975
1319,17,6,139.75047567225224,-111.90729009518262,40.75116706536362
1320,17,7,109.76210166173854,-111.90693476126178,40.751169858319464
1321,17,8,79.77372765122485,-111.90657942729112,40.75117265018151
1322,17,9,49.785353640711165,-111.90622409327065,40.75117544094974
1323,17,10,19.79697963019747,-111.9058687592004,40.75117823062414
1324,17,11,0.0,-111.90551342508037,40.75118101920475
1325,17,12,2.0801123371149903,-111.90515809091059,40.75118380669155
1326,17,13,32.07913157280871,-111.9048027566911,40.75118659308453
1327,17,14,62.07815080850244,-111.90444742242188,40.751189378383714
1328,17,15,92.07717004419617,-111.90409208810297,40.75119216258907
1329,17,16,122.0761892798899,-111.9037367537344,40.75119494570062
1330,17,17,138.79116848945625,-111.90338141931618,40.751197727718356
1331,17,18,138.81856573832943,-111.9030260848483,40.75120050864228
1332,17,19,138.84596298720257,-111.90267075033083,40.75120328847238
1333,17,20,138.87336023607574,-111.90231541576377,40.75120606720868
1334,17,21,138.9007574849489,-111.90196008114712,40.751208844851156
1335,17,22,138.92815473382205,-111.90160474648093,40.751211621399825
1336,17,23,138.9555519826952,-111.90124941176519,40.75121439685468
1337,17,24,138.98294923156837,-111.90089407699995,40.7512171712157
1338,17,25,139.01034648044154,-111.9005387421852,40.75121994448292
1339,17,26,139.03774372931468,-111.900183407321,40.75122271665632
1340,17,27,139.1533308405652,-111.89982807240732,40.7512254877359
1341,17,28,140.03902055082196,-111.8994727374442,40.75122825772167
1342,17,29,140.92471026107873,-111.89911740243167,40.75123102661362
1343,17,30,141.81039997133553,-111.89876206736973,40.75123379441173
1344,17,31,142.69608968159233,-111.89840673225842,40.751236561116045
1345,17,32,143.58177939184912,-111.89805139709775,40.751239326726534
1346,17,33,144.4674691021059,-111.89769606188776,40.7512420912432
1347,17,34,144.75966267380863,-111.89734072662841,40.751244854666055
1348,17,35,144.75966267380863,-111.89698539131979,40.75124761699508
1349,17,36,144.75966267380863,-111.89663005596188,40.75125037823028
1350,17,37,144.75966267380863,-111.8962747205547,40.751253138371666
1351,17,38,144.75966267380863,-111.89591938509828,40.75125589741923
1352,17,39,144.75966267380863,-111.89556404959265,40.75125865537297
1353,17,40,145.0489238862387,-111.8952087140378,40.75126141223289
1354,17,41,145.42577857109464,-111.89485337843377,40.751264167998976
1355,17,42,145.80263325595058,-111.89449804278058,40.75126692267124
1356,17,43,146.17948794080652,-111.89414270707825,40.75126967624969
1357,17,44,146.55634262566244,-111.8937873713268,40.75127242873431
1358,17,45,146.93319731051838,-111.89343203552622,40.751275180125106
1359,17,46,147.31005199537432,-111.89307669967657,40.75127793042208
1360,17,47,147.68690668023024,-111.89272136377785,40.75128067962522
1361,17,48,148.03340352560494,-111.89236602783009,40.75128342773453
1362,17,49,148.36273928768045,-111.89201069183329,40.75128617475002
1363,17,50,148.692075049756,-111.89165535578749,40.75128892067168
1364,17,51,149.02141081183152,-111.8913000196927,40.75129166549951
1365,17,52,149.35074657390703,-111.89094468354894,40.75129440923352
1366,17,53,149.68008233598258,-111.89058934735623,40.75129715187369
1367,17,54,150.0094180980581,-111.89023401111459,40.75129989342005
1368,17,55,150.3387538601336,-111.88987867482402,40.75130263387256
1369,17,56,150.66808962220912,-111.8895233384846,40.751305373231254
1370,17,57,150.99742538428464,-111.88916800209627,40.7513081114961
1371,17,58,151.32676114636016,-111.88881266565912,40.75131084866714
1372,17,59,151.65609690843567,-111.88845732917311,40.75131358474433
1373,17,60,151.98543267051122,-111.8881019926383,40.75131631972769
1374,17,61,152.31476843258673,-111.88774665605469,40.75131905361723
1375,17,62,152.13391113100624,-111.8873913194223,40.751321786412916
1376,17,63,122.135059502565,-111.88703598274118,40.751324518114785
1377,17,64,92.13620787412378,-111.8866806460113,40.751327248722816
1378,17,65,62.13735624568254,-111.88632530923272,40.75132997823701
1379,17,66,32.138504617241296,-111.88596997240543,40.75133270665738
1380,17,67,2.139652988800063,-111.88561463552948,40.75133543398391
1381,17,68,0.0,-111.88525929860486,40.7513381602166
1382,17,69,21.276285999417258,-111.88490396163161,40.751340885355454
1383,17,70,51.27450288766729,-111.88454862460974,40.75134360940047
1384,17,71,81.27271977591734,-111.88419328753928,40.75134633235166
1385,17,72,111.27093666416737,-111.88383795042023,40.75134905420901
1386,17,73,141.26915355241738,-111.88348261325261,40.75135177497251
1387,17,74,171.2673704406674,-111.88312727603648,40.751354494642186
1388,17,75,201.26558732891743,-111.8827719387718,40.75135721321802
1389,17,76,231.2638042171675,-111.88241660145863,40.75135993070001
1390,17,77,261.26202110541755,-111.88206126409698,40.751362647088165
1391,17,78,291.2602379936676,-111.88170592668686,40.75136536238249
1392,17,79,321.2584548819176,-111.8813505892283,40.751368076582956
1393,18,0,320.51583901157414,-111.90942577964746,40.7514205094061
1394,18,1,290.5274650010604,-111.90907044458785,40.75142330895131
1395,18,2,260.53909099054675,-111.9087151094783,40.75142610740271
1396,18,3,230.55071698003306,-111.90835977431881,40.751428904760296
1397,18,4,200.5623429695194,-111.90800443910942,40.75143170102405
1398,18,5,170.5739689590057,-111.90764910385013,40.751434496194
1399,18,6,140.585594948492,-111.907293768541,40.751437290270125
1400,18,7,110.59722093797832,-111.90693843318199,40.751440083252426
1401,18,8,80.60884692746461,-111.90658309777318,40.751442875140924
1402,18,9,50.62047291695093,-111.90622776231453,40.751445665935584
1403,18,10,20.632098906437246,-111.90587242680613,40.75144845563644
1404,18,11,0.0,-111.90551709124793,40.75145124424347
1405,18,12,1.8484362530999388,-111.90516175563998,40.75145403175668
1406,18,13,31.843131109033568,-111.90480641998232,40.75145681817605
1407,18,14,61.8378259649672,-111.90445108427492,40.75145960350162
1408,18,15,91.83252082090084,-111.90409574851785,40.75146238773336
1409,18,16,121.82721567683447,-111.9037404127111,40.75146517087128
1410,18,17,151.82191053276807,-111.9033850768547,40.75146795291537
1411,18,18,168.8185532281727,-111.90302974094867,40.751470733865645
1412,18,19,168.84595047704588,-111.90267440499302,40.75147351372209
1413,18,20,168.87334772591905,-111.90231906898778,40.75147629248472
1414,18,21,168.9007449747922,-111.90196373293296,40.751479070153515
1415,18,22,168.92814222366533,-111.90160839682859,40.75148184672848
1416,18,23,168.95553947253853,-111.90125306067468,40.75148462220963
1417,18,24,168.98293672141168,-111.90089772447126,40.75148739659694
1418,18,25,169.01033397028482,-111.90054238821833,40.75149016989043
1419,18,26,169.037731219158,-111.90018705191592,40.751492942090096
1420,18,27,169.14025388607195,-111.89983171556408,40.751495713195936
1421,18,28,170.02594359632872,-111.89947637916278,40.751498483207946
1422,18,29,170.9116333065855,-111.89912104271207,40.751501252126126
1423,18,30,171.79732301684228,-111.89876570621195,40.75150401995048
1424,18,31,172.68301272709905,-111.89841036966246,40.751506786681
1425,18,32,173.56870243735585,-111.89805503306361,40.7515095523177
1426,18,33,174.45439214761265,-111.89769969641542,40.751512316860556
1427,18,34,174.75966267380863,-111.8973443597179,40.75151508030959
1428,18,35,174.75966267380863,-111.89698902297108,40.75151784266478
1429,18,36,174.75966267380863,-111.89663368617498,40.75152060392615
1430,18,37,174.75966267380863,-111.89627834932962,40.751523364093686
1431,18,38,174.75966267380863,-111.89592301243502,40.751526123167395
1432,18,39,174.75966267380863,-111.8955676754912,40.75152888114727
1433,18,40,175.04655680196228,-111.89521233849817,40.7515316380333
1434,18,41,175.4234114868182,-111.89485700145593,40.7515343938255
1435,18,42,175.80026617167417,-111.89450166436457,40.751537148523866
1436,18,43,176.17712085653008,-111.89414632722404,40.75153990212839
1437,18,44,176.55397554138602,-111.89379099003439,40.751542654639096
1438,18,45,176.93083022624197,-111.89343565279562,40.75154540605596
1439,18,46,177.30768491109788,-111.89308031550777,40.751548156379
1440,18,47,177.68453959595382,-111.89272497817086,40.75155090560818
1441,18,48,178.03159577040228,-111.89236964078489,40.751553653743535
1442,18,49,178.3609315324778,-111.89201430334991,40.751556400785056
1443,18,50,178.6902672945533,-111.8916589658659,40.75155914673273
1444,18,51,179.01960305662882,-111.89130362833292,40.75156189158657
1445,18,52,179.34893881870437,-111.89094829075094,40.75156463534657
1446,18,53,179.67827458077988,-111.89059295312003,40.75156737801273
1447,18,54,180.0076103428554,-111.8902376154402,40.75157011958506
1448,18,55,180.33694610493092,-111.88988227771145,40.75157286006354
1449,18,56,180.66628186700643,-111.8895269399338,40.75157559944819
1450,18,57,180.99561762908195,-111.88917160210728,40.751578337738984
1451,18,58,181.3249533911575,-111.88881626423192,40.75158107493595
1452,18,59,181.654289153233,-111.88846092630772,40.75158381103906
1453,18,60,181.98362491530852,-111.8881055883347,40.75158654604834
1454,18,61,182.31296067738407,-111.88775025031288,40.751589279963774
1455,18,62,152.39640108275424,-111.88739491224229,40.751592012785366
1456,18,63,122.39754945431301,-111.88703957412295,40.751594744513106
1457,18,64,92.39869782587178,-111.88668423595487,40.75159747514701
1458,18,65,62.39984619743055,-111.88632889773808,40.75160020468707
1459,18,66,32.400994568989304,-111.88597355947259,40.751602933133285
1460,18,67,2.402142940548066,-111.88561822115842,40.75160566048565
1461,18,68,0.0,-111.88526288279559,40.75160838674418
1462,18,69,21.6033693611321,-111.88490754438413,40.75161111190886
1463,18,70,51.60158624938214,-111.88455220592404,40.75161383597969
1464,18,71,81.59980313763216,-111.88419686741537,40.75161655895667
1465,18,72,111.5980200258822,-111.8838415288581,40.75161928083981
1466,18,73,141.59623691413222,-111.88348619025227,40.751622001629094
1467,18,74,171.59445380238228,-111.88313085159791,40.75162472132454
1468,18,75,201.59267069063227,-111.88277551289504,40.75162743992613
1469,18,76,231.5908875788823,-111.88242017414365,40.751630157433866
1470,18,77,261.58910446713236,-111.88206483534377,40.751632873847754
1471,18,78,291.5873213553824,-111.88170949649545,40.7516355891678
1472,18,79,321.58553824363247,-111.88135415759866,40.751638303394
1473,19,0,321.3509582878139,-111.9094294616848,40.751690734140624
1474,19,1,291.36258427730024,-111.909074125187,40.75169353371237
1475,19,2,261.3742102667865,-111.90871878863926,40.751696332190285
1476,19,3,231.38583625627285,-111.90836345204158,40.75169912957436
1477,19,4,201.39746224575916,-111.90800811539403,40.751701925864616
1478,19,5,171.4090882352455,-111.90765277869656,40.75170472106106
1479,19,6,141.42071422473177,-111.90729744194923,40.75170751516365
1480,19,7,111.43234021421809,-111.90694210515204,40.75171030817243
1481,19,8,81.4439662037044,-111.90658676830505,40.751713100087365
1482,19,9,51.45559219319071,-111.90623143140822,40.75171589090847
1483,19,10,21.467218182677023,-111.9058760944616,40.751718680635754
1484,19,11,0.0,-111.90552075746524,40.75172146926921
1485,19,12,1.2842727134870147,-111.90516542041911,40.75172425680882
1486,19,13,31.278967569420644,-111.90481008332324,40.751727043254604
1487,19,14,61.273662425354274,-111.90445474617768,40.75172982860656
1488,19,15,91.26835728128792,-111.9040994089824,40.751732612864686
1489,19,16,121.26305213722154,-111.90374407173746,40.75173539602896
1490,19,17,151.25774699315517,-111.90338873444287,40.75173817809942
1491,19,18,181.2524418490888,-111.90303339709864,40.75174095907604
1492,19,19,198.84593796688918,-111.9026780597048,40.75174373895884
1493,19,20,198.87333521576232,-111.90232272226137,40.751746517747776
1494,19,21,198.90073246463547,-111.90196738476835,40.75174929544289
1495,19,22,198.92812971350867,-111.90161204722578,40.75175207204417
1496,19,23,198.9555269623818,-111.90125670963367,40.75175484755161
1497,19,24,198.98292421125495,-111.90090137199205,40.75175762196521
1498,19,25,199.01032146012813,-111.90054603430093,40.75176039528498
1499,19,26,199.0377187090013,-111.90019069656034,40.751763167510916
1500,19,27,199.12833770616172,-111.89983535877028,40.75176593864301
1501,19,28,200.0128666418355,-111.8994800209308,40.75176870868127
1502,19,29,200.89855635209233,-111.89912468304188,40.751771477625674
1503,19,30,201.7842460623491,-111.89876934510356,40.751774245476255
1504,19,31,202.66993577260587,-111.89841400711586,40.75177701223299
1505,19,32,203.55562548286267,-111.89805866907881,40.751779777895884
1506,19,33,204.44131519311946,-111.8977033309924,40.75178254246494
1507,19,34,204.75966267380863,-111.89734799285668,40.75178530594015
1508,19,35,204.75966267380863,-111.89699265467166,40.751788068321524
1509,19,36,204.75966267380863,-111.89663731643736,40.75179082960906
1510,19,37,204.75966267380863,-111.8962819781538,40.751793589802745
1511,19,38,204.75966267380863,-111.89592663982097,40.75179634890259
1512,19,39,204.75966267380863,-111.89557130143895,40.751799106908585
1513,19,40,205.04418971768584,-111.8952159630077,40.75180186382075
1514,19,41,205.42104440254178,-111.89486062452727,40.75180461963906
1515,19,42,205.79789908739772,-111.89450528599768,40.75180737436353
1516,19,43,206.17475377225367,-111.89414994741894,40.75181012799415
1517,19,44,206.55160845710958,-111.89379460879107,40.75181288053093
1518,19,45,206.92846314196552,-111.8934392701141,40.75181563197386
1519,19,46,207.30531782682147,-111.89308393138803,40.75181838232295
1520,19,47,207.68217251167738,-111.89272859261291,40.75182113157818
1521,19,48,208.02978801519959,-111.89237325378873,40.751823879739575
1522,19,49,208.3591237772751,-111.89201791491553,40.751826626807116
1523,19,50,208.68845953935065,-111.89166257599331,40.75182937278081
1524,19,51,209.01779530142616,-111.8913072370221,40.75183211766066
1525,19,52,209.34713106350168,-111.89095189800193,40.75183486144666
1526,19,53,209.67646682557722,-111.8905965589328,40.751837604138814
1527,19,54,210.0058025876527,-111.89024121981473,40.75184034573711
1528,19,55,210.33513834972823,-111.88988588064775,40.75184308624156
1529,19,56,210.66447411180377,-111.8895305414319,40.751845825652154
1530,19,57,210.9938098738793,-111.88917520216714,40.751848563968906
1531,19,58,211.3231456359548,-111.88881986285355,40.75185130119179
1532,19,59,211.65248139803032,-111.88846452349112,40.75185403732084
1533,19,60,211.98181716010586,-111.88810918407988,40.75185677235602
1534,19,61,182.65774266294346,-111.88775384461985,40.75185950629736
1535,19,62,152.65889103450223,-111.88739850511104,40.75186223914484
1536,19,63,122.660039406061,-111.88704316555346,40.751864970898474
1537,19,64,92.66118777761979,-111.88668782594716,40.751867701558254
1538,19,65,62.66233614917854,-111.88633248629215,40.75187043112418
1539,19,66,32.6634845207373,-111.88597714658842,40.75187315959624
1540,19,67,2.664632892296069,-111.88562180683603,40.751875886974446
1541,19,68,0.0,-111.88526646703497,40.751878613258796
1542,19,69,21.930452722846944,-111.88491112718528,40.751881338449294
1543,19,70,51.92866961109698,-111.88455578728696,40.75188406254593
1544,19,71,81.92688649934702,-111.88420044734004,40.75188678554872
1545,19,72,111.92510338759705,-111.88384510734454,40.75188950745764
1546,19,73,141.92332027584706,-111.88348976730049,40.751892228272716
1547,19,74,171.9215371640971,-111.88313442720788,40.751894947993925
1548,19,75,201.91975405234714,-111.88277908706677,40.75189766662127
1549,19,76,231.91797094059717,-111.88242374687714,40.75190038415476
1550,19,77,261.9161878288472,-111.88206840663904,40.7519031005944
1551,19,78,291.9144047170972,-111.88171306635248,40.75190581594017
1552,19,79,321.9126216053473,-111.88135772601746,40.751908530192075
1553,20,0,322.1860775640537,-111.90943314377209,40.7519609588622
1554,20,1,292.19770355354,-111.90907780583609,40.75196375846047
1555,20,2,262.2093295430263,-111.90872246785015,40.75196655696489
1556,20,3,232.22095553251262,-111.90836712981428,40.751969354375476
1557,20,4,202.23258152199892,-111.9080117917285,40.75197215069223
1558,20,5,172.24420751148523,-111.90765645359284,40.751974945915144
1559,20,6,142.25583350097156,-111.90730111540731,40.75197774004422
1560,20,7,112.26745949045788,-111.90694577717193,40.751980533079454
1561,20,8,82.27908547994417,-111.90659043888671,40.751983325020845
1562,20,9,52.29071146943049,-111.9062351005517,40.7519861158684
1563,20,10,22.302337458916796,-111.90587976216688,40.751988905622106
1564,20,11,0.0,-111.90552442373229,40.75199169428198
1565,20,12,0.7201091738740909,-111.90516908524795,40.751994481848
1566,20,13,30.71480402980772,-111.90481374671388,40.751997268320196
1567,20,14,60.70949888574135,-111.9044584081301,40.75200005369854
1568,20,15,90.70419374167498,-111.90410306949663,40.752002837983035
1569,20,16,120.69888859760862,-111.90374773081348,40.752005621173694
1570,20,17,150.69358345354223,-111.90339239208066,40.75200840327051
1571,20,18,180.68827830947586,-111.90303705329823,40.75201118427348
1572,20,19,210.6829731654095,-111.90268171446617,40.7520139641826
1573,20,20,228.8733227056056,-111.90232637558452,40.75201674299788
1574,20,21,228.90071995447877,-111.9019710366533,40.752019520719315
1575,20,22,228.92811720335192,-111.90161569767251,40.75202229734689
1576,20,23,228.95551445222512,-111.90126035864219,40.752025072880635
1577,20,24,228.9829117010983,-111.90090501956234,40.752027847320534
1578,20,25,229.01030894997143,-111.90054968043302,40.75203062066658
1579,20,26,229.03770619884457,-111.90019434125419,40.75203339291877
1580,20,27,229.11944903806153,-111.89983900202593,40.752036164077104
1581,20,28,229.9997896873423,-111.89948366274821,40.752038934141616
1582,20,29,230.88547939759906,-111.89912832342108,40.752041703112276
1583,20,30,231.77116910785588,-111.89877298404454,40.75204447098908
1584,20,31,232.65685881811265,-111.89841764461862,40.75204723777202
1585,20,32,233.54254852836942,-111.89806230514334,40.752050003461115
1586,20,33,234.42823823862622,-111.89770696561871,40.75205276805637
1587,20,34,234.75966267380863,-111.89735162604477,40.75205553155777
1588,20,35,234.75966267380863,-111.89699628642153,40.752058293965305
1589,20,36,234.75966267380863,-111.89664094674899,40.752061055279
1590,20,37,234.75966267380863,-111.8962856070272,40.75206381549884
1591,20,38,234.75966267380863,-111.89593026725616,40.75206657462483
1592,20,39,234.75966267380863,-111.89557492743589,40.752069332656966
1593,20,40,235.04182263340942,-111.89521958756642,40.75207208959524
1594,20,41,235.41867731826534,-111.89486424764776,40.752074845439665
1595,20,42,235.7955320031213,-111.89450890767993,40.75207760019023
1596,20,43,236.17238668797722,-111.89415356766298,40.75208035384695
1597,20,44,236.54924137283317,-111.89379822759687,40.752083106409806
1598,20,45,236.9260960576891,-111.89344288748167,40.752085857878804
1599,20,46,237.30295074254502,-111.89308754731738,40.75208860825395
1600,20,47,237.67980542740096,-111.892732207104,40.75209135753524
1601,20,48,238.0279802599969,-111.8923768668416,40.75209410572267
1602,20,49,238.35731602207244,-111.89202152653016,40.75209685281624
1603,20,50,238.68665178414798,-111.89166618616969,40.75209959881595
1604,20,51,239.01598754622347,-111.89131084576026,40.75210234372181
1605,20,52,239.34532330829902,-111.89095550530185,40.7521050875338
1606,20,53,239.67465907037453,-111.89060016479446,40.75210783025194
1607,20,54,240.00399483245002,-111.89024482423817,40.75211057187621
1608,20,55,240.33333059452556,-111.88988948363296,40.75211331240662
1609,20,56,240.6626663566011,-111.88953414297885,40.752116051843174
1610,20,57,240.9920021186766,-111.88917880227586,40.75211879018587
1611,20,58,241.32133788075214,-111.88882346152403,40.75212152743469
1612,20,59,241.65067364282768,-111.88846812072336,40.752124263589664
1613,20,60,212.91908424313272,-111.88811277987386,40.75212699865076
1614,20,61,182.92023261469149,-111.88775743897558,40.752129732617995
1615,20,62,152.92138098625026,-111.88740209802853,40.75213246549138
1616,20,63,122.92252935780901,-111.88704675703272,40.752135197270896
1617,20,64,92.92367772936778,-111.88669141598817,40.75213792795653
1618,20,65,62.924826100926545,-111.88633607489488,40.752140657548324
1619,20,66,32.92597447248531,-111.88598073375293,40.75214338604624
1620,20,67,2.9271228440440717,-111.88562539256228,40.752146113450294
1621,20,68,0.0,-111.88527005132296,40.75214883976048
1622,20,69,22.013398790371408,-111.88491471003502,40.7521515649768
1623,20,70,52.00957483566968,-111.88455936869846,40.752154289099245
1624,20,71,82.00575088096795,-111.88420402731329,40.752157012127824
1625,20,72,112.00192692626622,-111.88384868587954,40.75215973406254
1626,20,73,141.9981029715645,-111.88349334439724,40.75216245490339
1627,20,74,171.99427901686278,-111.88313800286639,40.752165174650365
1628,20,75,201.99045506216103,-111.88278266128701,40.75216789330348
1629,20,76,231.9866311074593,-111.88242731965912,40.75217061086271
1630,20,77,261.9828071527576,-111.88207197798276,40.75217332732808
1631,20,78,291.97898319805586,-111.88171663625793,40.75217604269958
1632,20,79,321.9751592433541,-111.88136129448466,40.75217875697721
1633,21,0,323.02119684029344,-111.90943682590934,40.75223118357081
1634,21,1,293.0328228297798,-111.90908148653513,40.752233983195595
1635,21,2,263.0444488192661,-111.90872614711097,40.75223678172654
1636,21,3,233.05607480875238,-111.90837080763689,40.75223957916363
1637,21,4,203.06770079823872,-111.90801546811288,40.752242375506874
1638,21,5,173.07932678772502,-111.90766012853899,40.752245170756275
1639,21,6,143.09095277721133,-111.90730478891524,40.752247964911824
1640,21,7,113.10257876669765,-111.90694944924164,40.75225075797352
1641,21,8,83.11420475618394,-111.9065941095182,40.75225354994136
1642,21,9,53.12583074567027,-111.90623876974495,40.75225634081536
1643,21,10,23.137456735156572,-111.9058834299219,40.75225913059549
1644,21,11,0.0,-111.9055280900491,40.752261919281786
1645,21,12,0.15594563426116703,-111.90517275012654,40.75226470687423
1646,21,13,30.150640490194796,-111.90481741015424,40.75226749337282
1647,21,14,60.14533534612843,-111.90446207013221,40.75227027877755
1648,21,15,90.14003020206206,-111.90410673006052,40.75227306308844
1649,21,16,120.1347250579957,-111.90375138993915,40.75227584630546
1650,21,17,150.1294199139293,-111.9033960497681,40.752278628428634
1651,21,18,180.12411476986296,-111.90304070954744,40.75228140945794
1652,21,19,210.11880962579656,-111.90268536927715,40.752284189393414
1653,21,20,240.1135044817302,-111.90233002895727,40.75228696823502
1654,21,21,258.90070744432205,-111.90197468858779,40.752289745982765
1655,21,22,258.9281046931952,-111.90161934816878,40.752292522636665
1656,21,23,258.9555019420684,-111.90126400770022,40.7522952981967
1657,21,24,258.98289919094157,-111.90090866718215,40.75229807266288
1658,21,25,259.01029643981474,-111.90055332661457,40.7523008460352
1659,21,26,259.03769368868785,-111.90019798599751,40.75230361831366
1660,21,27,259.1126183291554,-111.899842645331,40.752306389498266
1661,21,28,259.98671273284907,-111.89948730461505,40.75230915958902
1662,21,29,260.87240244310584,-111.89913196384968,40.7523119285859
1663,21,30,261.7580921533626,-111.89877662303489,40.752314696488924
1664,21,31,262.64378186361944,-111.89842128217073,40.75231746329809
1665,21,32,263.5294715738762,-111.89806594125722,40.752320229013385
1666,21,33,264.41516128413303,-111.89771060029436,40.752322993634834
1667,21,34,264.7596626738086,-111.89735525928216,40.75232575716241
1668,21,35,264.7596626738086,-111.89699991822067,40.752328519596134
1669,21,36,264.7596626738086,-111.8966445771099,40.75233128093599
1670,21,37,264.7596626738086,-111.89628923594985,40.75233404118198
1671,21,38,264.7596626738086,-111.89593389474057,40.752336800334106
1672,21,39,264.7596626738086,-111.89557855348205,40.752339558392364
1673,21,40,265.039455549133,-111.89522321217433,40.75234231535678
1674,21,41,265.4163102339889,-111.89486787081744,40.75234507122731
1675,21,42,265.79316491884487,-111.89451252941136,40.75234782600397
1676,21,43,266.1700196037008,-111.89415718795614,40.752350579686784
1677,21,44,266.54687428855675,-111.89380184645178,40.752353332275725
1678,21,45,266.92372897341266,-111.89344650489832,40.75235608377079
1679,21,46,267.3005836582686,-111.89309116329578,40.75235883417199
1680,21,47,267.67743834312455,-111.89273582164417,40.75236158347933
1681,21,48,268.0261725047942,-111.8923804799435,40.7523643316928
1682,21,49,268.3555082668698,-111.89202513819379,40.75236707881239
1683,21,50,268.68484402894524,-111.89166979639509,40.75236982483813
1684,21,51,269.0141797910208,-111.89131445454738,40.75237256976999
1685,21,52,269.3435155530963,-111.8909591126507,40.75237531360798
1686,21,53,269.67285131517184,-111.89060377070508,40.7523780563521
1687,21,54,270.00218707724736,-111.89024842871052,40.75238079800235
1688,21,55,270.3315228393229,-111.88989308666704,40.75238353855873
1689,21,56,270.6608586013984,-111.88953774457468,40.75238627802124
1690,21,57,270.9901943634739,-111.88918240243345,40.75238901638987
1691,21,58,271.3195301255495,-111.88882706024333,40.75239175366464
1692,21,59,243.18042582332194,-111.8884717180044,40.75239448984553
1693,21,60,213.1815741948807,-111.88811637571665,40.752397224932544
1694,21,61,183.18272256643948,-111.88776103338012,40.75239995892569
1695,21,62,153.18387093799825,-111.88740569099478,40.752402691824955
1696,21,63,123.185019309557,-111.8870503485607,40.75240542363036
1697,21,64,93.18616768111578,-111.88669500607789,40.75240815434188
1698,21,65,63.18731605267455,-111.88633966354635,40.75241088395952
1699,21,66,33.18846442423331,-111.88598432096612,40.752413612483295
1700,21,67,3.189612795792075,-111.8856289783372,40.752416339913175
1701,21,68,0.0,-111.88527363565963,40.752419066249196
1702,21,69,21.534417935353016,-111.8849182929334,40.752421791491344
1703,21,70,51.53059398065129,-111.88456295015855,40.75242451563959
1704,21,71,81.52677002594956,-111.88420760733513,40.75242723869398
1705,21,72,111.52294607124783,-111.8838522644631,40.752429960654474
1706,21,73,141.5191221165461,-111.88349692154252,40.75243268152111
1707,21,74,171.51529816184436,-111.8831415785734,40.75243540129385
1708,21,75,201.51147420714264,-111.88278623555574,40.75243811997273
1709,21,76,231.5076502524409,-111.88243089248958,40.752440837557714
1710,21,77,261.5038262977392,-111.88207554937495,40.75244355404882
1711,21,78,291.5000023430374,-111.88172020621184,40.75244626944604
1712,21,79,321.4961783883357,-111.8813648630003,40.752448983749375
1713,22,0,323.85631611653326,-111.90944050809657,40.752501408266426
1714,22,1,293.86794210601954,-111.9090851672841,40.752504207917745
1715,22,2,263.87835963600844,-111.90872982642172,40.7525070064752
1716,22,3,233.88105280798123,-111.90837448550938,40.7525098039388
1717,22,4,203.883745979954,-111.90801914454714,40.75251260030854
1718,22,5,173.88643915192677,-111.90766380353503,40.752515395584425
1719,22,6,143.88913232389953,-111.90730846247303,40.75251818976644
1720,22,7,113.89182549587231,-111.90695312136117,40.7525209828546
1721,22,8,83.89451866784508,-111.90659778019949,40.752523774848896
1722,22,9,53.897211839817835,-111.906242438988,40.752526565749335
1723,22,10,23.899905011790597,-111.9058870977267,40.75252935555592
1724,22,11,0.0,-111.90553175641566,40.752532144268635
1725,22,12,0.0,-111.90517641505485,40.75253493188748
1726,22,13,29.586476950581872,-111.9048210736443,40.75253771841247
1727,22,14,59.5811718065155,-111.90446573218404,40.7525405038436
1728,22,15,89.57586666244914,-111.90411039067409,40.75254328818085
1729,22,16,119.57056151838276,-111.90375504911445,40.75254607142425
1730,22,17,149.5652563743164,-111.90339970750517,40.752548853573785
1731,22,18,179.55995123025002,-111.90304436584626,40.75255163462946
1732,22,19,209.55464608618362,-111.90268902413771,40.75255441459125
1733,22,20,239.54934094211728,-111.90233368237958,40.75255719345919
1734,22,21,269.5440357980509,-111.90197834057186,40.75255997123325
1735,22,22,288.92809218303853,-111.90162299871459,40.75256274791346
1736,22,23,288.9554894319117,-111.90126765680778,40.75256552349979
1737,22,24,288.9828866807849,-111.90091231485144,40.75256829799227
1738,22,25,289.010283929658,-111.9005569728456,40.75257107139086
1739,22,26,289.03768117853116,-111.90020163079029,40.752573843695586
1740,22,27,289.10720507672625,-111.89984628868552,40.75257661490645
1741,22,28,289.9736357783558,-111.89949094653132,40.75257938502344
1742,22,29,290.8593254886126,-111.89913560432768,40.75258215404657
1743,22,30,291.7450151988694,-111.89878026207464,40.75258492197581
1744,22,31,292.6307049091262,-111.89842491977222,40.75258768881119
1745,22,32,293.516394619383,-111.89806957742044,40.752590454552696
1746,22,33,294.40208432963976,-111.89771423501931,40.752593219200335
1747,22,34,294.7596626738086,-111.89735889256886,40.7525959827541
1748,22,35,294.7596626738086,-111.8970035500691,40.75259874521399
1749,22,36,294.7596626738086,-111.89664820752006,40.75260150658001
1750,22,37,294.7596626738086,-111.89629286492175,40.75260426685215
1751,22,38,294.7596626738086,-111.89593752227421,40.75260702603043
1752,22,39,294.7596626738086,-111.89558217957742,40.75260978411482
1753,22,40,295.03708846485665,-111.89522683683143,40.752612541105336
1754,22,41,295.41394314971257,-111.89487149403625,40.75261529700198
1755,22,42,295.7907978345685,-111.89451615119191,40.75261805180476
1756,22,43,296.16765251942445,-111.89416080829842,40.75262080551365
1757,22,44,296.54450720428036,-111.8938054653558,40.75262355812867
1758,22,45,296.9213618891363,-111.89345012236407,40.752626309649806
1759,22,46,297.2982165739922,-111.89309477932325,40.75262906007707
1760,22,47,297.67507125884816,-111.89273943623336,40.75263180941045
1761,22,48,298.02436474959154,-111.89238409309442,40.75263455764996
1762,22,49,298.3537005116671,-111.89202874990644,40.752637304795584
1763,22,50,298.6830362737426,-111.89167340666945,40.75264005084733
1764,22,51,299.01237203581815,-111.8913180633835,40.75264279580521
1765,22,52,299.34170779789366,-111.89096272004853,40.752645539669196
1766,22,53,299.6710435599692,-111.89060737666462,40.75264828243931
1767,22,54,300.0003793220447,-111.89025203323179,40.75265102411553
1768,22,55,300.3297150841202,-111.88989668975003,40.752653764697875
1769,22,56,300.6590508461957,-111.88954134621939,40.75265650418634
1770,22,57,300.98838660827124,-111.88918600263986,40.75265924258092
1771,22,58,273.44176740351116,-111.88883065901148,40.752661979881616
1772,22,59,243.44291577506993,-111.88847531533428,40.75266471608843
1773,22,60,213.4440641466287,-111.88811997160823,40.75266745120136
1774,22,61,183.44521251818747,-111.8877646278334,40.75267018522041
1775,22,62,153.44636088974624,-111.8874092840098,40.75267291814558
1776,22,63,123.44750926130502,-111.88705394013743,40.75267564997685
1777,22,64,93.44865763286379,-111.88669859621633,40.75267838071425
1778,22,65,63.449806004422555,-111.8863432522465,40.752681110357756
1779,22,66,33.45095437598131,-111.88598790822799,40.752683838907366
1780,22,67,3.452102747540078,-111.88563256416077,40.75268656636311
1781,22,68,0.0,-111.88527722004491,40.75268929272496
1782,22,69,21.055437080334624,-111.88492187588041,40.75269201799292
1783,22,70,51.0516131256329,-111.88456653166728,40.752694742166995
1784,22,71,81.04778917093117,-111.88421118740554,40.752697465247174
1785,22,72,111.04396521622945,-111.88385584309523,40.75270018723347
1786,22,73,141.0401412615277,-111.88350049873635,40.75270290812587
1787,22,74,171.03631730682596,-111.88314515432893,40.752705627924385
1788,22,75,201.03249335212425,-111.88278980987297,40.752708346629014
1789,22,76,231.02866939742253,-111.88243446536853,40.752711064239755
1790,22,77,261.0248454427208,-111.8820791208156,40.75271378075659
1791,22,78,291.0210214880191,-111.8817237762142,40.752716496179545
1792,22,79,321.0171975333173,-111.88136843156435,40.752719210508594
1793,23,0,324.27494725289955,-111.90944419033376,40.7527716329491
1794,23,1,294.2776404248723,-111.90908884808304,40.75277443262694
1795,23,2,264.2803335968451,-111.9087335057824,40.752777231210914
1796,23,3,234.2830267688178,-111.90837816343179,40.75278002870102
1797,23,4,204.28571994079056,-111.9080228210313,40.75278282509724
1798,23,5,174.28841311276332,-111.9076674785809,40.752785620399614
1799,23,6,144.2911062847361,-111.90731213608066,40.752788414608105
1800,23,7,114.29379945670887,-111.90695679353054,40.75279120772274
1801,23,8,84.29649262868163,-111.9066014509306,40.752793999743474
1802,23,9,54.29918580065441,-111.90624610828084,40.75279679067037
1803,23,10,24.301878972627172,-111.9058907655813,40.75279958050337
1804,23,11,0.0,-111.90553542283197,40.75280236924251
1805,23,12,0.0,-111.90518008003289,40.75280515688777
1806,23,13,29.02231341096895,-111.90482473718409,40.75280794343916
1807,23,14,59.01700826690257,-111.90446939428556,40.75281072889668
1808,23,15,89.01170312283621,-111.90411405133733,40.75281351326033
1809,23,16,119.00639797876984,-111.90375870833944,40.752816296530085
1810,23,17,149.00109283470346,-111.90340336529188,40.75281907870598
1811,23,18,178.9957876906371,-111.90304802219468,40.75282185978799
1812,23,19,208.99048254657072,-111.90269267904787,40.75282463977613
1813,23,20,238.98517740250435,-111.90233733585146,40.75282741867041
1814,23,21,268.97987225843804,-111.90198199260547,40.75283019647079
1815,23,22,298.9745671143716,-111.90162664930992,40.75283297317729
1816,23,23,318.95547692175495,-111.90127130596484,40.752835748789934
1817,23,24,318.9828741706281,-111.90091596257024,40.75283852330868
1818,23,25,319.01027141950124,-111.90056061912613,40.752841296733564
1819,23,26,319.03766866837447,-111.90020527563254,40.75284406906455
1820,23,27,319.10280957265473,-111.89984993208948,40.752846840301665
1821,23,28,319.9605588238626,-111.89949458849699,40.75284961044491
1822,23,29,320.8462485341194,-111.89913924485508,40.75285237949426
1823,23,30,321.7319382443762,-111.89878390116377,40.752855147449736
1824,23,31,322.61762795463295,-111.89842855742306,40.752857914311335
1825,23,32,323.5033176648898,-111.898073213633,40.75286068007905
1826,23,33,324.38900737514655,-111.8977178697936,40.752863444752876
1827,23,34,324.7596626738086,-111.89736252590485,40.752866208332826
1828,23,35,324.7596626738086,-111.89700718196681,40.75286897081889
1829,23,36,324.7596626738086,-111.89665183797949,40.75287173221107
1830,23,37,324.7596626738086,-111.8962964939429,40.75287449250937
1831,23,38,324.7596626738086,-111.89594114985705,40.752877251713784
1832,23,39,324.7596626738086,-111.89558580572199,40.75288000982431
1833,23,40,325.0347213805802,-111.89523046153771,40.752882766840955
1834,23,41,325.4115760654361,-111.89487511730425,40.75288552276371
1835,23,42,325.78843075029204,-111.89451977302161,40.75288827759258
1836,23,43,326.165285435148,-111.89416442868985,40.75289103132757
1837,23,44,326.5421401200039,-111.89380908430893,40.752893783968666
1838,23,45,326.9189948048599,-111.89345373987891,40.75289653551588
1839,23,46,327.2958494897158,-111.8930983953998,40.7528992859692
1840,23,47,327.6727041745717,-111.89274305087162,40.75290203532863
1841,23,48,328.0225569943889,-111.89238770629437,40.75290478359417
1842,23,49,328.3518927564644,-111.8920323616681,40.75290753076583
1843,23,50,328.6812285185399,-111.89167701699283,40.7529102768436
1844,23,51,329.0105642806155,-111.89132167226856,40.752913021827474
1845,23,52,329.33990004269094,-111.8909663274953,40.752915765717454
1846,23,53,329.6692358047665,-111.89061098267311,40.752918508513545
1847,23,54,329.99857156684203,-111.89025563780197,40.752921250215756
1848,23,55,330.3279073289175,-111.88990029288192,40.752923990824065
1849,23,56,330.65724309099306,-111.88954494791297,40.75292673033849
1850,23,57,303.71315402315474,-111.88918960289514,40.75292946875902
1851,23,58,273.714878892174,-111.88883425782846,40.75293220608566
1852,23,59,243.71660376119323,-111.88847891271296,40.75293494231838
1853,23,60,213.71832863021248,-111.88812356754862,40.75293767745725
1854,23,61,183.7200534992317,-111.88776822233548,40.75294041150219
1855,23,62,153.72177836825094,-111.88741287707357,40.75294314445325
1856,23,63,123.72350323727017,-111.88705753176289,40.7529458763104
1857,23,64,93.72522810628939,-111.8867021864035,40.75294860707367
1858,23,65,63.72695297530861,-111.88634684099536,40.752951336743045
1859,23,66,33.72867784432784,-111.88599149553852,40.75295406531851
1860,23,67,3.7304027133470763,-111.88563615003301,40.75295679280009
1861,23,68,0.0,-111.88528080447884,40.75295951918777
1862,23,69,20.57645622531623,-111.88492545887603,40.75296224448155
1863,23,70,50.572632270614506,-111.88457011322458,40.75296496868143
1864,23,71,80.56880831591278,-111.88421476752454,40.75296769178741
1865,23,72,110.56498436121105,-111.88385942177592,40.75297041379951
1866,23,73,140.56116040650932,-111.88350407597873,40.752973134717685
1867,23,74,170.5573364518076,-111.883148730133,40.75297585454198
1868,23,75,200.55351249710586,-111.88279338423874,40.75297857327235
1869,23,76,230.54968854240414,-111.88243803829597,40.75298129090884
1870,23,77,260.5458645877024,-111.88208269230472,40.752984007451424
1871,23,78,290.5420406330007,-111.881727346265,40.7529867229001
1872,23,79,320.53821667829897,-111.88137200017684,40.752989437254875
1873,24,0,324.6769212137361,-111.90944787262092,40.753041857618776
1874,24,1,294.6796143857089,-111.90909252893192,40.75304465732316
1875,24,2,264.6823075576816,-111.90873718519299,40.75304745593364
1876,24,3,234.68500072965438,-111.90838184140412,40.75305025345025
1877,24,4,204.68769390162714,-111.90802649756536,40.753053049872975
1878,24,5,174.6903870735999,-111.90767115367667,40.75305584520183
1879,24,6,144.69308024557265,-111.90731580973815,40.7530586394368
1880,24,7,114.69577341754545,-111.90696046574975,40.75306143257789
1881,24,8,84.69846658951822,-111.90660512171152,40.7530642246251
1882,24,9,54.701159761490985,-111.90624977762349,40.753067015578424
1883,24,10,24.703852933463743,-111.90589443348564,40.75306980543786
1884,24,11,0.0,-111.90553908929803,40.75307259420342
1885,24,12,0.0,-111.90518374506068,40.75307538187509
1886,24,13,28.458149871356024,-111.90482840077358,40.75307816845287
1887,24,14,58.45284472728965,-111.90447305643677,40.753080953936795
1888,24,15,88.44753958322329,-111.90411771205025,40.753083738326815
1889,24,16,118.44223443915692,-111.90376236761406,40.75308652162295
1890,24,17,148.43692929509052,-111.90340702312821,40.7530893038252
1891,24,18,178.43162415102418,-111.90305167859273,40.75309208493357
1892,24,19,208.42631900695778,-111.90269633400764,40.75309486494804
1893,24,20,238.4210138628914,-111.90234098937293,40.753097643868635
1894,24,21,268.41570871882504,-111.90198564468865,40.75310042169534
1895,24,22,298.41040357475873,-111.90163029995482,40.753103198428164
1896,24,23,328.40509843069236,-111.90127495517143,40.7531059740671
1897,24,56,334.0331264745792,-111.88954854965543,40.75319695647767
1898,24,57,304.0348513435984,-111.8891932031993,40.75319969492415
1899,24,58,274.03657621261766,-111.8888378566943,40.753202432276716
1900,24,59,244.03830108163686,-111.88848251014045,40.75320516853538
1901,24,60,214.04002595065614,-111.88812716353779,40.753207903700144
1902,24,61,184.04175081967537,-111.88777181688634,40.753210637771
1903,24,62,154.0434756886946,-111.88741647018611,40.75321337074795
1904,24,63,124.04520055771383,-111.8870611234371,40.753216102631
1905,24,64,94.04692542673305,-111.88670577663936,40.75321883342013
1906,24,65,64.04865029575228,-111.88635042979291,40.75322156311537
1907,24,66,34.05037516477151,-111.88599508289775,40.7532242917167
1908,24,67,4.052100033790741,-111.88563973595392,40.753227019224106
1909,24,68,0.0,-111.88528438896141,40.753229745637626
1910,24,69,20.097475370297843,-111.88492904192027,40.75323247095723
1911,24,70,50.09365141559611,-111.8845736948305,40.75323519518292
1912,24,71,80.08982746089438,-111.88421834769213,40.7532379183147
1913,24,72,110.08600350619264,-111.88386300050517,40.75324064035258
1914,24,73,140.08217955149092,-111.88350765326965,40.75324336129653
1915,24,74,170.07835559678918,-111.88315230598558,40.75324608114659
1916,24,75,200.07453164208746,-111.882796958653,40.753248799902735
1917,24,76,230.07070768738572,-111.8824416112719,40.753251517564976
1918,24,77,260.066883732684,-111.88208626384231,40.75325423413329
1919,24,78,290.0630597779823,-111.88173091636426,40.753256949607696
1920,24,79,320.0592358232806,-111.88137556883775,40.7532596639882
1921,25,0,325.07889517457266,-111.90945155495804,40.75331208227552
1922,25,1,295.0815883465454,-111.90909620983076,40.753314882006414
1923,25,2,265.0842815185182,-111.90874086465352,40.753317680643406
1924,25,3,235.08697469049096,-111.90838551942636,40.753320478186524
1925,25,4,205.08966786246373,-111.90803017414927,40.753323274635754
1926,25,5,175.0923610344365,-111.90767482882232,40.75332606999109
1927,25,6,145.09505420640926,-111.90731948344548,40.75332886425253
1928,25,7,115.09774737838202,-111.9069641380188,40.753331657420084
1929,25,8,85.10044055035478,-111.90660879254226,40.75333444949374
1930,25,9,55.103133722327556,-111.90625344701591,40.753337240473506
1931,25,10,25.105826894300314,-111.90589810143977,40.753340030359375
1932,25,11,0.0,-111.90554275581387,40.75334281915136
1933,25,12,0.0,-111.9051874101382,40.75334560684945
1934,25,13,27.8939863317431,-111.90483206441279,40.753348393453635
1935,25,14,57.88868118767673,-111.90447671863767,40.75335117896394
1936,25,15,87.88337604361037,-111.90412137281285,40.75335396338034
1937,25,16,117.878070899544,-111.90376602693834,40.753356746702856
1938,25,17,147.87276575547762,-111.9034106810142,40.75335952893147
1939,25,18,177.86746061141125,-111.9030553350404,40.75336231006618
1940,25,19,207.86215546734485,-111.902699989017,40.753365090107
1941,25,20,237.8568503232785,-111.90234464294399,40.753367869053925
1942,25,21,267.85154517921217,-111.90198929682138,40.75337064690695
1943,25,22,297.8462400351458,-111.90163395064924,40.75337342366608
1944,25,23,327.84093489107937,-111.90127860442753,40.753376199331306
1945,25,56,334.3548237950228,-111.88955215144676,40.75346718260391
1946,25,57,304.35654866404207,-111.88919680355228,40.753469921076324
1947,25,58,274.3582735330613,-111.88884145560894,40.75347265845485
1948,25,59,244.35999840208055,-111.88848610761676,40.75347539473943
1949,25,60,214.3617232710998,-111.88813075957576,40.7534781299301
1950,25,61,184.36344814011903,-111.88777541148598,40.75348086402686
1951,25,62,154.3651730091383,-111.88742006334739,40.753483597029714
1952,25,63,124.36689787815749,-111.88706471516005,40.753486328938635
1953,25,64,94.36862274717672,-111.88670936692397,40.75348905975365
1954,25,65,64.37034761619594,-111.88635401863917,40.75349178947475
1955,25,66,34.37207248521518,-111.88599867030567,40.753494518101924
1956,25,67,4.373797354234406,-111.88564332192348,40.75349724563518
1957,25,68,0.0,-111.88528797349262,40.75349997207453
1958,25,69,19.618494515279455,-111.88493262501312,40.75350269741995
1959,25,70,49.61467056057772,-111.88457727648502,40.753505421671456
1960,25,71,79.61084660587599,-111.88422192790829,40.75350814482904
1961,25,72,109.60702265117426,-111.88386657928298,40.753510866892704
1962,25,73,139.60319869647253,-111.88351123060912,40.75351358786246
1963,25,74,169.59937474177082,-111.8831558818867,40.75351630773828
1964,25,75,199.59555078706907,-111.88280053311576,40.75351902652017
1965,25,76,229.59172683236733,-111.8824451842963,40.753521744208165
1966,25,77,259.5879028776656,-111.88208983542836,40.75352446080222
1967,25,78,289.5840789229639,-111.88173448651196,40.75352717630234
1968,25,79,319.5802549682621,-111.8813791375471,40.75352989070856
1969,26,0,325.48086913540925,-111.90945523734514,40.75358230691927
1970,26,1,295.483562307382,-111.90909989077954,40.75358510667669
1971,26,2,265.4862554793548,-111.908744544164,40.75358790534021
1972,26,3,235.48894865132752,-111.90838919749852,40.753590702909825
1973,26,4,205.49164182330028,-111.90803385078311,40.753593499385545
1974,26,5,175.49433499527305,-111.90767850401784,40.75359629476737
1975,26,6,145.49702816724582,-111.90732315720267,40.75359908905528
1976,26,7,115.4997213392186,-111.90696781033765,40.7536018822493
1977,26,8,85.50241451119136,-111.9066124634228,40.75360467434941
1978,26,9,55.50510768316413,-111.90625711645814,40.753607465355614
1979,26,10,25.507800855136882,-111.90590176944367,40.75361025526793
1980,26,11,0.0,-111.90554642237943,40.75361304408633
1981,26,12,0.0,-111.90519107526545,40.753615831810826
1982,26,13,27.329822792130177,-111.90483572810172,40.75361861844143
1983,26,14,57.324517648063804,-111.90448038088827,40.753621403978116
1984,26,15,87.31921250399743,-111.90412503362514,40.75362418842091
1985,26,16,117.3139581699395,-111.9037696863123,40.753626971769776
1986,26,17,147.31014114967968,-111.90341433894982,40.75362975402476
1987,26,18,177.30761571229473,-111.90305899153769,40.75363253518582
1988,26,19,207.30582117639395,-111.90270364407594,40.753635315252986
1989,26,20,237.30448035732334,-111.90234829656461,40.75363809422624
1990,26,21,267.303440497311,-111.90199294900368,40.75364087210558
1991,26,22,297.3026104926422,-111.9016376013932,40.753643648891014
1992,26,23,327.30193263984853,-111.90128225373317,40.75364642458255
1993,26,56,334.6765211154665,-111.88955575328698,40.75373740871718
1994,26,57,304.6782459844858,-111.88920040395413,40.75374014721555
1995,26,58,274.679970853505,-111.88884505457244,40.75374288461999
1996,26,59,244.6816957225242,-111.88848970514191,40.7537456209305
1997,26,60,214.68342059154347,-111.88813435566254,40.7537483561471
1998,26,61,184.6851454605627,-111.88777900613438,40.753751090269766
1999,26,62,154.68687032958192,-111.88742365655743,40.7537538232985
2000,26,63,124.68859519860115,-111.88706830693172,40.753756555233316
2001,26,64,94.69032006762038,-111.88671295725729,40.7537592860742
2002,26,65,64.6920449366396,-111.88635760753412,40.75376201582115
2003,26,66,34.69376980565884,-111.88600225776226,40.75376474447419
2004,26,67,4.695494674678071,-111.88564690794169,40.753767472033296
2005,26,68,0.0,-111.88529155807248,40.753770198498465
2006,26,69,19.139513660261063,-111.88493620815463,40.75377292386972
2007,26,70,49.13568970555933,-111.88458085818813,40.753775648147034
2008,26,71,79.1318657508576,-111.88422550817305,40.75377837133041
2009,26,72,109.12804179615587,-111.88387015810936,40.75378109341987
2010,26,73,139.12421784145414,-111.88351480799712,40.75378381441539
2011,26,74,169.12039388675242,-111.88315945783634,40.75378653431699
2012,26,75,199.11656993205068,-111.88280410762702,40.753789253124644
2013,26,76,229.11274597734894,-111.8824487573692,40.753791970838385
2014,26,77,259.1089220226472,-111.88209340706288,40.75379468745818
2015,26,78,289.1050980679455,-111.8817380567081,40.75379740298405
2016,26,79,319.10127411324373,-111.88138270630486,40.75380011741598
2017,27,0,325.8828430962458,-111.90945891978221,40.75385253155006
2018,27,1,295.8855362682186,-111.90910357177827,40.75385533133401
2019,27,2,265.8882294401913,-111.9087482237244,40.75385813002405
2020,27,3,235.89092261216408,-111.90839287562058,40.75386092762017
2021,27,4,205.89361578413684,-111.90803752746683,40.75386372412238
2022,27,5,175.8963089561096,-111.90768217926322,40.75386651953069
2023,27,6,145.89900212808237,-111.90732683100971,40.75386931384508
2024,27,7,115.90169530005517,-111.90697148270637,40.753872107065554
2025,27,8,85.90438847202793,-111.90661613435317,40.75387489919213
2026,27,9,55.90708164400069,-111.90626078595015,40.75387769022479
2027,27,10,25.909774815973456,-111.90590543749735,40.753880480163524
2028,27,11,0.0,-111.90555008899479,40.75388326900835
2029,27,12,0.15624414670743023,-111.90519474044244,40.753886056759264
2030,27,13,29.999687305035867,-111.90483939184037,40.75388884341626
2031,27,14,59.8431304633643,-111.90448404318857,40.75389162897934
2032,27,15,89.68657362169274,-111.90412869448707,40.7538944134485
2033,27,16,119.53001678002119,-111.9037733457359,40.75389719682376
2034,27,17,149.3734599383496,-111.90341799693508,40.75389997910509
2035,27,18,179.21690309667804,-111.90306264808461,40.75390276029251
2036,27,19,209.06034625500646,-111.90270729918451,40.75390554038601
2037,27,20,238.90378941333492,-111.90235195023483,40.753908319385594
2038,27,21,268.74723257166335,-111.90199660123555,40.75391109729125
2039,27,22,298.60178115791354,-111.90164125218672,40.75391387410299
2040,27,23,328.48247535404187,-111.90128590308832,40.75391664982083
2041,27,56,334.9982184359102,-111.88955935517608,40.754007634817505
2042,27,57,304.9999433049294,-111.88920400440486,40.75401037334182
2043,27,58,275.00166817394864,-111.88884865358477,40.7540131107722
2044,27,59,245.00339304296787,-111.88849330271586,40.75401584710864
2045,27,60,215.00511791198716,-111.88813795179811,40.754018582351144
2046,27,61,185.00684278100638,-111.88778260083157,40.75402131649971
2047,27,62,155.0085676500256,-111.88742724981626,40.75402404955434
2048,27,63,125.01029251904481,-111.88707189875217,40.75402678151505
2049,27,64,95.01201738806405,-111.88671654763934,40.754029512381805
2050,27,65,65.01374225708327,-111.88636119647778,40.75403224215463
2051,27,66,35.01546712610251,-111.88600584526752,40.75403497083351
2052,27,67,5.017191995121736,-111.88565049400859,40.75403769841846
2053,27,68,0.0,-111.88529514270098,40.754040424909455
2054,27,69,18.660532805242674,-111.88493979134473,40.75404315030653
2055,27,70,48.656708850540944,-111.88458443993987,40.75404587460966
2056,27,71,78.65288489583922,-111.88422908848638,40.75404859781885
2057,27,72,108.64906094113749,-111.88387373698433,40.754051319934085
2058,27,73,138.64523698643575,-111.88351838543367,40.754054040955396
2059,27,74,168.64141303173403,-111.8831630338345,40.75405676088276
2060,27,75,198.6375890770323,-111.8828076821868,40.75405947971618
2061,27,76,228.63376512233057,-111.88245233049058,40.75406219745566
2062,27,77,258.62994116762883,-111.88209697874588,40.7540649141012
2063,27,78,288.6261172129271,-111.88174162695269,40.754067629652795
2064,27,79,318.6222932582254,-111.88138627511107,40.75407034411044
2065,28,0,326.28481705708236,-111.90946260226926,40.75412275616788
2066,28,1,296.2875102290551,-111.90910725282697,40.75412555597836
2067,28,2,266.2902034010279,-111.90875190333472,40.754128354694906
2068,28,3,236.29289657300066,-111.90839655379256,40.75413115231754
2069,28,4,206.29558974497343,-111.90804120420046,40.75413394884625
2070,28,5,176.2982829169462,-111.90768585455847,40.754136744281034
2071,28,6,146.30097608891896,-111.90733050486662,40.75413953862191
2072,28,7,116.30366926089174,-111.9069751551249,40.754142331868856
2073,28,8,86.3063624328645,-111.90661980533335,40.754145124021875
2074,28,9,56.30905560483726,-111.90626445549198,40.754147915080964
2075,28,10,26.311748776810028,-111.90590910560081,40.75415070504614
2076,28,11,0.0,-111.90555375565987,40.75415349391739
2077,28,12,1.924937506279995,-111.90519840566917,40.754156281694726
2078,28,13,31.915721073504205,-111.90484305562873,40.75415906837812
2079,28,14,61.90650464072842,-111.90448770553857,40.754161853967595
2080,28,15,91.89728820795264,-111.90413235539872,40.75416463846314
2081,28,16,121.88807177517685,-111.90377700520918,40.754167421864764
2082,28,17,151.87885534240107,-111.90342165496997,40.75417020417247
2083,28,18,181.86963890962525,-111.90306630468113,40.75417298538623
2084,28,19,211.86042247684944,-111.90271095434267,40.75417576550606
2085,28,20,241.85120604407368,-111.9023556039546,40.75417854453199
2086,28,21,271.80809853665096,-111.90200025351697,40.754181322463964
2087,28,22,301.6515416949794,-111.90164490302976,40.75418409930202
2088,28,23,331.4949848533078,-111.901289552493,40.75418687504614
2089,28,56,335.3094251960095,-111.88956295711405,40.75427786090488
2090,28,57,305.31024820740834,-111.88920760490443,40.75428059945513
2091,28,58,275.31107121880723,-111.88885225264595,40.75428333691145
2092,28,59,245.31189423020615,-111.88849690033862,40.75428607327381
2093,28,60,215.31271724160504,-111.88814154798249,40.754288808542235
2094,28,61,185.31354025300394,-111.88778619557755,40.75429154271671
2095,28,62,155.3143632644028,-111.88743084312381,40.75429427579724
2096,28,63,125.31518627580171,-111.88707549062133,40.75429700778382
2097,28,64,95.31600928720061,-111.8867201380701,40.75429973867646
2098,28,65,65.31683229859951,-111.88636478547015,40.75430246847513
2099,28,66,35.31765530999839,-111.8860094328215,40.75430519717987
2100,28,67,5.318478321397279,-111.88565408012414,40.75430792479066
2101,28,68,0.0,-111.88529872737813,40.754310651307506
2102,28,69,18.181551950224282,-111.88494337458349,40.7543133767304
2103,28,70,48.177727995522545,-111.8845880217402,40.75431610105934
2104,28,71,78.17390404082082,-111.88423266884831,40.75431882429432
2105,28,72,108.17008008611909,-111.88387731590782,40.75432154643535
2106,28,73,138.16625613141736,-111.88352196291879,40.754324267482446
2107,28,74,168.16243217671564,-111.8831666098812,40.75432698743559
2108,28,75,198.1586082220139,-111.88281125679508,40.75432970629476
2109,28,76,228.15478426731218,-111.88245590366046,40.754332424059996
2110,28,77,258.15096031261044,-111.88210055047733,40.75433514073128
2111,28,78,288.1471363579087,-111.88174519724573,40.75433785630859
2112,28,79,318.143312403207,-111.8813898439657,40.75434057079196
2113,29,0,326.68679101791895,-111.90946628480629,40.754392980772735
2114,29,1,296.6894841898917,-111.90911093392562,40.75439578060973
2115,29,2,266.6921773618645,-111.908755582995,40.7543985793528
2116,29,3,236.69487053383722,-111.90840023201443,40.75440137700194
2117,29,4,206.69756370580998,-111.90804488098398,40.75440417355714
2118,29,5,176.70025687778275,-111.9076895299036,40.754406969018426
2119,29,6,146.70295004975551,-111.90733417877337,40.754409763385766
2120,29,7,116.70564322172831,-111.90697882759328,40.754412556659176
2121,29,8,86.70833639370107,-111.90662347636335,40.75441534883865
2122,29,9,56.71102956567383,-111.9062681250836,40.75441813992419
2123,29,10,26.7137227376466,-111.90591277375405,40.754420929915796
2124,29,11,0.0,-111.90555742237473,40.75442371881347
2125,29,12,1.1813643599693635,-111.90520207094563,40.75442650661721
2126,29,13,31.172147927193578,-111.90484671946682,40.754429293327014
2127,29,14,61.16293149441779,-111.90449136793826,40.75443207894288
2128,29,15,91.153715061642,-111.90413601636003,40.75443486346481
2129,29,16,121.14449862886622,-111.90378066473211,40.75443764689281
2130,29,17,151.13528219609043,-111.90342531305453,40.754440429226854
2131,29,18,181.1260657633146,-111.90306996132729,40.75444321046698
2132,29,19,211.11684933053886,-111.90271460955043,40.754445990613156
2133,29,20,241.10763289776304,-111.90235925772399,40.7544487696654
2134,29,21,271.0984164649873,-111.90200390584796,40.754451547623695
2135,29,22,301.08920003221147,-111.90164855392236,40.75445432448807
2136,29,23,331.0799835994357,-111.9012932019472,40.754457100258485
2137,29,56,335.5316413218543,-111.88956655910089,40.75454808697928
2138,29,57,305.5324643332532,-111.88921120545287,40.754550825555484
2139,29,58,275.5332873446521,-111.88885585175596,40.75455356303773
2140,29,59,245.53411035605092,-111.88850049801023,40.75455629942603
2141,29,60,215.5349333674498,-111.88814514421567,40.75455903472036
2142,29,61,185.53575637884873,-111.8877897903723,40.75456176892074
2143,29,62,155.5365793902476,-111.88743443648016,40.75456450202717
2144,29,63,125.5374024016465,-111.88707908253924,40.75456723403963
2145,29,64,95.5382254130454,-111.8867237285496,40.75456996495814
2146,29,65,65.53904842444429,-111.88636837451122,40.75457269478269
2147,29,66,35.539871435843175,-111.88601302042413,40.75457542351327
2148,29,67,5.540694447242064,-111.88565766628835,40.754578151149914
2149,29,68,0.0,-111.88530231210392,40.754580877692575
2150,29,69,17.70257109520589,-111.88494695787085,40.7545836031413
2151,29,70,47.69874714050416,-111.88459160358914,40.75458632749606
2152,29,71,77.69492318580242,-111.88423624925882,40.754589050756834
2153,29,72,107.69109923110071,-111.88388089487992,40.75459177292366
2154,29,73,137.68727527639896,-111.88352554045244,40.754594493996535
2155,29,74,167.68345132169722,-111.88317018597643,40.75459721397544
2156,29,75,197.6796273669955,-111.88281483145187,40.75459993286038
2157,29,76,227.6758034122938,-111.88245947687881,40.75460265065136
2158,29,77,257.67197945759204,-111.88210412225726,40.754605367348375
2159,29,78,287.66815550289033,-111.88174876758724,40.75460808295143
2160,29,79,317.6643315481886,-111.88139341286877,40.75461079746052
2161,30,0,327.0887649787555,-111.90946996739326,40.754663205364615
2162,30,1,297.0914581507283,-111.9091146150742,40.754666005228145
2163,30,2,267.094151322701,-111.90875926270519,40.75466880399773
2164,30,3,237.0968444946738,-111.90840391028624,40.75467160167337
2165,30,4,207.09953766664657,-111.90804855781738,40.75467439825508
2166,30,5,177.1018282966948,-111.90769320529861,40.754677193742836
2167,30,6,147.10393239819246,-111.90733785272998,40.75467998813666
2168,30,7,117.10603649969012,-111.90698250011148,40.754682781436536
2169,30,8,87.10814060118778,-111.90662714744316,40.754685573642455
2170,30,9,57.11024470268544,-111.906271794725,40.75468836475445
2171,30,10,27.112348804183107,-111.90591644195706,40.754691154772495
2172,30,11,0.0,-111.90556108913934,40.75469394369658
2173,30,12,0.43779121365873197,-111.90520573627184,40.75469673152674
2174,30,13,30.428574780882947,-111.90485038335461,40.754699518262946
2175,30,14,60.41935834810715,-111.90449503038766,40.7547023039052
2176,30,15,90.41014191533138,-111.90413967737102,40.75470508845352
2177,30,16,120.40092548255558,-111.9037843243047,40.75470787190789
2178,30,17,150.3917090497798,-111.9034289711887,40.7547106542683
2179,30,18,180.382492617004,-111.90307361802307,40.75471343553477
2180,30,19,210.37327618422822,-111.9027182648078,40.7547162157073
2181,30,20,240.3640597514524,-111.90236291154294,40.75471899478587
2182,30,21,270.3548433186766,-111.9020075582285,40.754721772770495
2183,30,22,300.3456268859008,-111.90165220486449,40.754724549661155
2184,30,23,330.33641045312504,-111.90129685145094,40.754727325457885
2185,30,56,335.7538574476991,-111.88957016113662,40.75481831304074
2186,30,57,305.7546804590979,-111.88921480605016,40.754821051642885
2187,30,58,275.7555034704968,-111.88885945091482,40.75482378915107
2188,30,59,245.75632648189574,-111.88850409573065,40.75482652556529
2189,30,60,215.7571494932946,-111.88814874049766,40.754829260885536
2190,30,61,185.7579725046935,-111.88779338521584,40.75483199511183
2191,30,62,155.7587955160924,-111.88743802988525,40.75483472824414
2192,30,63,125.75961852749128,-111.8870826745059,40.754837460282495
2193,30,64,95.76044153889018,-111.8867273190778,40.754840191226876
2194,30,65,65.76126455028907,-111.886371963601,40.7548429210773
2195,30,66,35.76208756168796,-111.88601660807547,40.75484564983374
2196,30,67,5.762910573086849,-111.88566125250125,40.7548483774962
2197,30,68,0.0,-111.88530589687836,40.75485110406471
2198,30,69,17.223590240187498,-111.88495054120685,40.75485382953925
2199,30,70,47.21976628548577,-111.88459518548667,40.754856553919815
2200,30,71,77.21594233078403,-111.88423982971793,40.7548592772064
2201,30,72,107.2121183760823,-111.88388447390058,40.754861999399026
2202,30,73,137.20829442138057,-111.88352911803464,40.75486472049768
2203,30,74,167.20447046667886,-111.88317376212018,40.75486744050235
2204,30,75,197.2006465119771,-111.88281840615717,40.75487015941305
2205,30,76,227.19682255727537,-111.88246305014566,40.75487287722978
2206,30,77,257.19299860257365,-111.88210769408566,40.754875593952534
2207,30,78,287.18917464787194,-111.88175233797719,40.754878309581315
2208,30,79,317.18535069317016,-111.88139698182026,40.75488102411612
2209,31,0,327.4466128167765,-111.90947365003022,40.75493342994353
2210,31,1,297.44871691827416,-111.90911829627275,40.75493622983358
2211,31,2,267.45082101977187,-111.90876294246532,40.754939028629686
2212,31,3,237.45292512126952,-111.90840758860796,40.75494182633183
2213,31,4,207.45502922276717,-111.90805223470068,40.75494462294004
2214,31,5,177.45713332426484,-111.90769688074352,40.754947418454286
2215,31,6,147.4592374257625,-111.90734152673645,40.75495021287457
2216,31,7,117.46134152726015,-111.90698617267954,40.754953006200914
2217,31,8,87.4634456287578,-111.9066308185728,40.75495579843329
2218,31,9,57.46554973025547,-111.90627546441623,40.754958589571736
2219,31,10,27.467653831753136,-111.90592011020986,40.754961379616205
2220,31,11,0.0,-111.9055647559537,40.75496416856674
2221,31,12,0.0,-111.9052094016478,40.75496695642329
2222,31,13,29.685001634572313,-111.90485404729215,40.7549697431859
2223,31,14,59.67578520179652,-111.90449869288678,40.75497252885456
2224,31,15,89.66656876902074,-111.9041433384317,40.75497531342925
2225,31,16,119.65735233624495,-111.90378798392695,40.75497809690999
2226,31,17,149.64813590346918,-111.90343262937252,40.75498087929677
2227,31,18,179.63891947069337,-111.90307727476846,40.75498366058958
2228,31,19,209.62970303791758,-111.90272192011479,40.75498644078844
2229,31,20,239.62048660514182,-111.90236656541148,40.75498921989335
2230,31,21,269.611270172366,-111.9020112106586,40.7549919979043
2231,31,22,299.60205373959025,-111.90165585585618,40.75499477482128
2232,31,23,329.59283730681443,-111.90130050100419,40.754997550644305
2233,31,56,335.97607357354383,-111.88957376322125,40.75508853908922
2234,31,57,305.9768965849427,-111.88921840669632,40.75509127771731
2235,31,58,275.9777195963417,-111.88886305012252,40.755094015251444
2236,31,59,245.9785426077405,-111.88850769349989,40.75509675169158
2237,31,60,215.9793656191394,-111.88815233682843,40.75509948703776
2238,31,61,185.98018863053827,-111.88779698010816,40.755102221289945
2239,31,62,155.9810116419372,-111.88744162333911,40.75510495444816
2240,31,63,125.98183465333608,-111.88708626652131,40.755107686512396
2241,31,64,95.98265766473496,-111.88673090965476,40.75511041748266
2242,31,65,65.98348067613387,-111.88637555273947,40.755113147358934
2243,31,66,35.984303687532744,-111.88602019577549,40.755115876141225
2244,31,67,5.985126698931634,-111.8856648387628,40.755118603829544
2245,31,68,0.0,-111.88530948170146,40.75512133042388
2246,31,69,16.744609385169106,-111.88495412459146,40.75512405592424
2247,31,70,46.740785430467376,-111.88459876743285,40.75512678033062
2248,31,71,76.73696147576564,-111.88424341022561,40.75512950364301
2249,31,72,106.73313752106391,-111.8838880529698,40.75513222586142
2250,31,73,136.72931356636218,-111.8835326956654,40.755134946985855
2251,31,74,166.72548961166046,-111.88317733831246,40.75513766701629
2252,31,75,196.72166565695872,-111.88282198091099,40.755140385952764
2253,31,76,226.71784170225703,-111.88246662346101,40.75514310379525
2254,31,77,256.71401774755526,-111.88211126596252,40.755145820543746
2255,31,78,286.71019379285354,-111.88175590841558,40.755148536198256
2256,31,79,316.7063698381518,-111.88140055082017,40.75515125075878
2257,32,0,327.8019178443465,-111.90947733271717,40.75520365450948
2258,32,1,297.80402194584417,-111.90912197752127,40.75520645442605
2259,32,2,267.8061260473419,-111.9087666222754,40.75520925324867
2260,32,3,237.80823014883953,-111.9084112669796,40.75521205097734
2261,32,4,207.8103342503372,-111.90805591163388,40.75521484761203
2262,32,5,177.81243835183486,-111.90770055623828,40.75521764315276
2263,32,6,147.81454245333254,-111.90734520079278,40.75522043759954
2264,32,7,117.81664655483017,-111.90698984529743,40.75522323095233
2265,32,8,87.81875065632784,-111.90663448975224,40.755226023211186
2266,32,9,57.820854757825494,-111.90627913415723,40.75522881437605
2267,32,10,27.822958859323162,-111.90592377851242,40.75523160444697
2268,32,11,0.0,-111.90556842281784,40.75523439342391
2269,32,12,0.0,-111.90521306707349,40.75523718130689
2270,32,13,28.941428488261685,-111.90485771127938,40.7552399680959
2271,32,14,58.9322120554859,-111.90450235543557,40.755242753790945
2272,32,15,88.9229956227101,-111.90414699954206,40.755245538392025
2273,32,16,118.91377918993432,-111.90379164359885,40.75524832189913
2274,32,17,148.90456275715854,-111.903436287606,40.75525110431227
2275,32,18,178.89534632438273,-111.9030809315635,40.75525388563145
2276,32,19,208.88612989160694,-111.90272557547135,40.75525666585664
2277,32,20,238.87691345883115,-111.90237021932961,40.755259444987885
2278,32,21,268.86769702605534,-111.90201486313829,40.75526222302515
2279,32,22,298.8584805932796,-111.9016595068974,40.755264999968446
2280,32,23,328.84926416050376,-111.90130415060696,40.755267775817764
2281,32,56,336.1982896993887,-111.88957736535474,40.75535876512476
2282,32,57,306.1991127107875,-111.88922200739133,40.75536150377881
2283,32,58,276.1999357221864,-111.88886664937907,40.75536424133887
2284,32,59,246.2007587335853,-111.88851129131795,40.75536697780494
2285,32,60,216.2015817449842,-111.88815593320803,40.755369713177025
2286,32,61,186.20240475638306,-111.88780057504927,40.75537244745512
2287,32,62,156.20322776778195,-111.88744521684175,40.755375180639234
2288,32,63,126.20405077918086,-111.88708985858545,40.75537791272935
2289,32,64,96.20487379057975,-111.88673450028043,40.75538064372549
2290,32,65,66.20569680197863,-111.88637914192665,40.75538337362762
2291,32,66,36.20651981337753,-111.88602378352418,40.75538610243578
2292,32,67,6.207342824776418,-111.88566842507302,40.75538883014993
2293,32,68,0.0,-111.88531306657319,40.75539155677011
2294,32,69,16.265628530150718,-111.88495770802471,40.755394282296294
2295,32,70,46.261804575448984,-111.88460234942761,40.75539700672848
2296,32,71,76.25798062074726,-111.88424699078189,40.75539973006668
2297,32,72,106.25415666604553,-111.88389163208758,40.755402452310875
2298,32,73,136.2503327113438,-111.8835362733447,40.75540517346109
2299,32,74,166.24650875664207,-111.88318091455328,40.755407893517315
2300,32,75,196.24268480194036,-111.88282555571331,40.75541061247953
2301,32,76,226.2388608472386,-111.88247019682484,40.75541333034777
2302,32,77,256.23503689253687,-111.88211483788787,40.75541604712199
2303,32,78,286.23121293783515,-111.88175947890244,40.755418762802236
2304,32,79,316.22738898313344,-111.88140411986855,40.75542147738849
2305,33,0,328.1572228719166,-111.90948101545408,40.75547387906245
2306,33,1,298.15932697341424,-111.90912565881973,40.75547667900556
2307,33,2,268.1614310749119,-111.90877030213541,40.75547947785469
2308,33,3,238.16353517640957,-111.90841494540115,40.75548227560986
2309,33,4,208.16563927790722,-111.90805958861698,40.75548507227106
2310,33,5,178.1677433794049,-111.90770423178292,40.75548786783827
2311,33,6,148.16984748090255,-111.90734887489896,40.755490662311516
2312,33,7,118.1719515824002,-111.90699351796515,40.75549345569078
2313,33,8,88.17405568389786,-111.90663816098152,40.75549624797608
2314,33,9,58.17615978539552,-111.90628280394805,40.75549903916741
2315,33,10,28.178263886893188,-111.90592744686478,40.75550182926475
2316,33,11,0.0,-111.90557208973172,40.75550461826812
2317,33,12,0.0,-111.90521673254892,40.75550740617751
2318,33,13,28.197855341951048,-111.90486137531636,40.75551019299293
2319,33,14,58.18863890917527,-111.90450601803408,40.755512978714364
2320,33,15,88.17942247639948,-111.9041506607021,40.75551576334183
2321,33,16,118.17020604362371,-111.90379530332044,40.75551854687531
2322,33,17,148.1609896108479,-111.9034399458891,40.75552132931481
2323,33,18,178.1517731780721,-111.90308458840813,40.75552411066033
2324,33,19,208.1425567452963,-111.90272923087754,40.75552689091189
2325,33,20,238.13334031252052,-111.90237387329732,40.75552967006945
2326,33,21,268.12412387974473,-111.90201851566754,40.755532448133025
2327,33,22,298.11490744696897,-111.90166315798817,40.75553522510263
2328,33,23,328.10569101419316,-111.90130780025927,40.75553800097825
2329,33,56,336.4205058252334,-111.88958096753711,40.75562899114733
2330,33,57,306.4213288366323,-111.88922560813522,40.755631729827336
2331,33,58,276.42215184803115,-111.88887024868446,40.75563446741333
2332,33,59,246.42297485943007,-111.88851488918485,40.75563720390533
2333,33,60,216.42379787082896,-111.88815952963641,40.75563993930333
2334,33,61,186.42462088222786,-111.88780417003917,40.75564267360733
2335,33,62,156.42544389362675,-111.88744881039314,40.75564540681733
2336,33,63,126.42626690502564,-111.88709345069836,40.755648138933346
2337,33,64,96.42708991642453,-111.88673809095482,40.75565086995535
2338,33,65,66.42791292782343,-111.88638273116254,40.75565359988335
2339,33,66,36.428735939222314,-111.88602737132157,40.75565632871736
2340,33,67,6.429558950621203,-111.88567201143191,40.75565905645737
2341,33,68,0.0,-111.88531665149358,40.75566178310338
2342,33,69,15.786647675132325,-111.88496129150658,40.75566450865537
2343,33,70,45.78282372043059,-111.88460593147097,40.75566723311338
2344,33,71,75.77899976572887,-111.88425057138676,40.75566995647737
2345,33,72,105.77517581102713,-111.88389521125394,40.75567267874737
2346,33,73,135.7713518563254,-111.88353985107256,40.75567539992337
2347,33,74,165.76752790162368,-111.88318449084262,40.755678120005356
2348,33,75,195.76370394692194,-111.88282913056415,40.75568083899335
2349,33,76,225.75987999222022,-111.88247377023717,40.75568355688732
2350,33,77,255.7560560375185,-111.88211840986169,40.755686273687296
2351,33,78,285.75223208281676,-111.88176304943774,40.75568898939327
2352,33,79,315.74840812811505,-111.88140768896534,40.75569170400523
2353,34,0,328.51252789948654,-111.90948469824096,40.75574410360245
2354,34,1,298.51463200098425,-111.90912934016814,40.755746903572096
2355,34,2,268.51673610248196,-111.90877398204536,40.755749702447744
2356,34,3,238.51884020397958,-111.90841862387262,40.75575250022941
2357,34,4,208.52094430547726,-111.90806326564997,40.75575529691711
2358,34,5,178.5230484069749,-111.90770790737743,40.75575809251081
2359,34,6,148.5251525084726,-111.907352549055,40.75576088701054
2360,34,7,118.52725660997022,-111.90699719068273,40.75576368041627
2361,34,8,88.52936071146789,-111.9066418322606,40.75576647272802
2362,34,9,58.531464812965545,-111.90628647378865,40.75576926394579
2363,34,10,28.53356891446321,-111.90593111526691,40.75577205406957
2364,34,11,0.0,-111.90557575669537,40.75577484309937
2365,34,12,0.0,-111.90522039807408,40.75577763103517
2366,34,13,27.45428219564042,-111.90486503940305,40.75578041787699
2367,34,14,57.44506576286464,-111.9045096806823,40.75578320362482
2368,34,15,87.43584933008884,-111.90415432191183,40.75578598827867
2369,34,16,117.42663289731306,-111.90379896309167,40.75578877183852
2370,34,17,147.41741646453727,-111.90344360422185,40.75579155430439
2371,34,18,177.40820003176145,-111.9030882453024,40.75579433567626
2372,34,19,207.3989835989857,-111.90273288633331,40.75579711595415
2373,34,20,237.38976716620988,-111.90237752731463,40.75579989513804
2374,34,21,267.3805507334341,-111.90202216824635,40.75580267322795
2375,34,22,297.37186393277744,-111.9016668091285,40.75580545022387
2376,34,23,327.3635349196051,-111.9013114499611,40.75580822612578
2377,34,56,336.64272195107816,-111.88958456976837,40.75589921715696
2378,34,57,306.6435449624771,-111.88922920892797,40.75590195586289
2379,34,58,276.644367973876,-111.88887384803868,40.755904693474825
2380,34,59,246.6451909852749,-111.88851848710057,40.75590742999276
2381,34,60,216.64601399667376,-111.88816312611361,40.75591016541667
2382,34,61,186.64683700807262,-111.88780776507785,40.75591289974659
2383,34,62,156.64766001947154,-111.88745240399331,40.75591563298249
2384,34,63,126.64848303087044,-111.88709704285999,40.75591836512438
2385,34,64,96.64930604226932,-111.88674168167793,40.75592109617226
2386,34,65,66.65012905366821,-111.88638632044716,40.75592382612613
2387,34,66,36.6509520650671,-111.88603095916766,40.75592655498599
2388,34,67,6.651775076465987,-111.88567559783945,40.755929282751836
2389,34,68,0.0,-111.8853202364626,40.755932009423674
2390,34,69,15.412828340446257,-111.8849648750371,40.7559347350015
2391,34,70,45.411000627574175,-111.88460951356296,40.75593745948532
2392,34,71,75.40917291470208,-111.88425415204023,40.75594018287512
2393,34,72,105.40734520183,-111.88389879046888,40.75594290517091
2394,34,73,135.4055174889579,-111.88354342884897,40.75594562637268
2395,34,74,165.40368977608583,-111.8831880671805,40.755948346480444
2396,34,75,195.40186206321374,-111.8828327054635,40.75595106549419
2397,34,76,225.4000343503417,-111.88247734369799,40.75595378341392
2398,34,77,255.3982066374696,-111.88212198188398,40.75595650023964
2399,34,78,285.3963789245975,-111.8817666200215,40.75595921597134
2400,34,79,315.39455121172546,-111.88141125811057,40.755961930609026
2401,35,0,328.8678329270566,-111.90948838107784,40.756014328129496
2402,35,1,298.8699370285543,-111.90913302156652,40.75601712812566
2403,35,2,268.87204113005197,-111.90877766200524,40.75601992702783
2404,35,3,238.87414523154962,-111.90842230239402,40.75602272483602
2405,35,4,208.8762493330473,-111.90806694273287,40.7560255215502
2406,35,5,178.87835343454495,-111.90771158302184,40.75602831717038
2407,35,6,148.88045753604263,-111.90735622326092,40.756031111696586
2408,35,7,118.88256163754025,-111.90700086345014,40.756033905128795
2409,35,8,88.8846657390379,-111.90664550358952,40.75603669746701
2410,35,9,58.88676984053557,-111.90629014367907,40.75603948871121
2411,35,10,28.888873942033236,-111.90593478371883,40.75604227886143
2412,35,11,0.0,-111.9055794237088,40.75604506791765
2413,35,12,0.0,-111.905224063649,40.75604785587987
2414,35,13,26.739950650971227,-111.90486870353946,40.75605064274809
2415,35,14,56.73162163779889,-111.9045133433802,40.756053428522314
2416,35,15,86.72329262462652,-111.90415798317123,40.75605621320254
2417,35,16,116.71496361145418,-111.90380262291258,40.756058996788774
2418,35,17,146.70663459828182,-111.90344726260426,40.756061779281
2419,35,18,176.6983055851095,-111.9030919022463,40.75606456067923
2420,35,19,206.68997657193714,-111.9027365418387,40.75606734098345
2421,35,20,236.68164755876478,-111.90238118138151,40.756070120193684
2422,35,21,266.67331854559245,-111.90202582087471,40.75607289830992
2423,35,22,296.66498953242007,-111.90167046031837,40.75607567533213
2424,35,23,326.65666051924774,-111.90131509971246,40.75607845126035
2425,35,56,336.864938076923,-111.88958817204853,40.756169443153624
2426,35,57,306.8657610883219,-111.88923280976958,40.75617218188551
2427,35,58,276.86658409972074,-111.88887744744177,40.75617491952339
2428,35,59,246.86740711111963,-111.8885220850651,40.75617765606724
2429,35,60,216.86823012251855,-111.88816672263962,40.75618039151707
2430,35,61,186.86905313391742,-111.88781136016532,40.75618312587289
2431,35,62,156.8698761453163,-111.88745599764223,40.75618585913469
2432,35,63,126.87069915671522,-111.88710063507038,40.75618859130246
2433,35,64,96.8715221681141,-111.88674527244979,40.75619132237622
2434,35,65,66.872345179513,-111.88638990978046,40.75619405235595
2435,35,66,36.87316819091189,-111.88603454706242,40.75619678124168
2436,35,67,6.873991202310773,-111.88567918429568,40.756199509033365
2437,35,68,0.0,-111.8853238214803,40.75620223573104
2438,35,69,15.081679685321479,-111.88496845861624,40.756204961334696
2439,35,70,45.07985197244939,-111.88461309570356,40.75620768584432
2440,35,71,75.0780242595773,-111.88425773274227,40.75621040925993
2441,35,72,105.07619654670522,-111.88390236973238,40.75621313158151
2442,35,73,135.07436883383312,-111.88354700667392,40.75621585280907
2443,35,74,165.07254112096106,-111.88319164356692,40.756218572942586
2444,35,75,195.07071340808895,-111.88283628041137,40.7562212919821
2445,35,76,225.06888569521692,-111.8824809172073,40.756224009927585
2446,35,77,255.0670579823448,-111.88212555395475,40.75622672677904
2447,35,78,285.06523026947275,-111.88177019065373,40.75622944253648
2448,35,79,315.0634025566007,-111.88141482730424,40.756232157199875
2449,35,80,345.0615748437286,-111.88105946390631,40.756234870769255
2450,36,0,329.2231379546266,-111.90949206396468,40.756284552643564
2451,36,1,299.2252420561243,-111.90913670301485,40.75628735266626
2452,36,2,269.227346157622,-111.90878134201506,40.756290151594946
2453,36,3,239.22945025911966,-111.90842598096533,40.756292949429636
2454,36,4,209.2315543606173,-111.90807061986567,40.75629574617031
2455,36,5,179.233658462115,-111.90771525871612,40.756298541816996
2456,36,6,149.2357625636126,-111.90735989751668,40.75630133636967
2457,36,7,119.23786666511027,-111.9070045362674,40.756304129828344
2458,36,8,89.23997076660794,-111.90664917496825,40.75630692219301
2459,36,9,59.242074868105604,-111.90629381361929,40.75630971346366
2460,36,10,29.24417896960326,-111.90593845222052,40.75631250364031
2461,36,11,0.0,-111.90558309077197,40.75631529272295
2462,36,12,0.0,-111.90522772927366,40.756318080711594
2463,36,13,26.03307625061388,-111.90487236772559,40.75632086760621
2464,36,14,56.02474723744154,-111.90451700612782,40.756323653406845
2465,36,15,86.01641822426919,-111.90416164448033,40.756326438113454
2466,36,16,116.00808921109683,-111.90380628278315,40.756329221726055
2467,36,17,145.9997601979245,-111.90345092103631,40.75633200424464
2468,36,18,175.99143118475212,-111.90309555923982,40.756334785669225
2469,36,19,205.9831021715798,-111.9027401973937,40.75633756599979
2470,36,20,235.97477315840746,-111.90238483549798,40.75634034523635
2471,36,21,265.96644414523513,-111.90202947355266,40.756343123378905
2472,36,22,295.95811513206274,-111.90167411155778,40.75634590042744
2473,36,23,325.94978611889036,-111.90131874951335,40.75634867638196
2474,36,56,336.9448761082131,-111.88959177437756,40.75643966913733
2475,36,57,306.9449184780125,-111.88923641066006,40.75644240789516
2476,36,58,276.94496084781184,-111.88888104689369,40.75644514555897
2477,36,59,246.94500321761123,-111.88852568307847,40.75644788212876
2478,36,60,216.94504558741056,-111.88817031921442,40.7564506176045
2479,36,61,186.94508795720995,-111.88781495530158,40.75645335198623
2480,36,62,156.9451303270093,-111.88745959133993,40.756456085273925
2481,36,63,126.94517269680871,-111.88710422732952,40.75645881746759
2482,36,64,96.94521506660806,-111.88674886327037,40.75646154856722
2483,36,65,66.94525743640743,-111.88639349916247,40.75646427857283
2484,36,66,36.94529980620681,-111.88603813500588,40.756467007484396
2485,36,67,6.945342176006177,-111.8856827708006,40.756469735301934
2486,36,68,0.0,-111.88532740654662,40.756472462025435
2487,36,69,14.750531030196699,-111.88497204224402,40.75647518765491
2488,36,70,44.74870331732462,-111.88461667789277,40.756477912190356
2489,36,71,74.74687560445253,-111.88426131349291,40.75648063563175
2490,36,72,104.74504789158043,-111.88390594904446,40.756483357979135
2491,36,73,134.74322017870836,-111.88355058454744,40.756486079232474
2492,36,74,164.74139246583627,-111.88319522000185,40.75648879939178
2493,36,75,194.73956475296416,-111.88283985540774,40.75649151845705
2494,36,76,224.73773704009213,-111.88248449076511,40.75649423642828
2495,36,77,254.73590932722007,-111.88212912607399,40.75649695330548
2496,36,78,284.734081614348,-111.88177376133439,40.75649966908865
2497,36,79,314.73225390147593,-111.88141839654634,40.756502383777764
2498,36,80,344.7304261886038,-111.88106303170984,40.75650509737285
2499,37,0,329.57844298219663,-111.90949574690151,40.756554777144665
2500,37,1,299.5805470836943,-111.90914038451315,40.75655757719389
2501,37,2,269.582651185192,-111.90878502207482,40.756560376149096
2502,37,3,239.58475528668967,-111.90842965958656,40.756563174010296
2503,37,4,209.58685938818735,-111.90807429704837,40.75656597077748
2504,37,5,179.58896348968497,-111.90771893446028,40.75656876645064
2505,37,6,149.59106759118265,-111.90736357182232,40.7565715610298
2506,37,7,119.5931716926803,-111.90700820913449,40.75657435451493
2507,37,8,89.59527579417797,-111.9066528463968,40.75657714690605
2508,37,9,59.59737989567562,-111.90629748360931,40.75657993820315
2509,37,10,29.599483997173287,-111.90594212077201,40.75658272840623
2510,37,11,0.0,-111.9055867578849,40.756585517515305
2511,37,12,0.0,-111.90523139494806,40.75658830553036
2512,37,13,25.326201850256528,-111.90487603196146,40.756591092451394
2513,37,14,55.31787283708419,-111.90452066892513,40.7565938782784
2514,37,15,85.30954382391184,-111.9041653058391,40.75659666301139
2515,37,16,115.30121481073948,-111.90380994270339,40.75659944665037
2516,37,17,145.29288579756712,-111.90345457951801,40.75660222919532
2517,37,18,175.2845567843948,-111.90309921628297,40.75660501064626
2518,37,19,205.27622777122244,-111.90274385299831,40.75660779100318
2519,37,20,235.26789875805008,-111.90238848966403,40.756610570266055
2520,37,21,265.25956974487775,-111.90203312628017,40.75661334843494
2521,37,22,295.2512407317054,-111.90167776284676,40.75661612550977
2522,37,23,325.2429117185331,-111.90132239936378,40.7566189014906
2523,37,56,336.99529620507155,-111.88959537675548,40.75670989510808
2524,37,57,306.9953385748709,-111.8892400115994,40.756712633891865
2525,37,58,276.9953809446703,-111.88888464639446,40.75671537158162
2526,37,59,246.99542331446963,-111.88852928114066,40.756718108177324
2527,37,60,216.995465684269,-111.88817391583805,40.75672084367899
2528,37,61,186.99550805406835,-111.88781855048663,40.756723578086614
2529,37,62,156.99555042386774,-111.8874631850864,40.75672631140021
2530,37,63,126.99559279366713,-111.88710781963741,40.75672904361976
2531,37,64,96.9956351634665,-111.88675245413968,40.756731774745276
2532,37,65,66.99567753326586,-111.88639708859321,40.75673450477673
2533,37,66,36.99571990306523,-111.88604172299802,40.75673723371416
2534,37,67,6.995762272864602,-111.88568635735416,40.75673996155755
2535,37,68,0.0,-111.88533099166162,40.756742688306886
2536,37,69,14.41938237507192,-111.88497562592042,40.756745413962186
2537,37,70,44.417554662199834,-111.88462026013059,40.75674813852344
2538,37,71,74.41572694932775,-111.88426489429214,40.75675086199065
2539,37,72,104.41389923645566,-111.88390952840511,40.75675358436383
2540,37,73,134.4120715235836,-111.88355416246951,40.75675630564294
2541,37,74,164.41024381071148,-111.88319879648535,40.756759025828025
2542,37,75,194.40841609783942,-111.88284343045264,40.75676174491905
2543,37,76,224.40658838496736,-111.88248806437142,40.75676446291604
2544,37,77,254.40476067209528,-111.8821326982417,40.75676717981897
2545,37,78,284.40293295922316,-111.8817773320635,40.75676989562787
2546,37,79,314.4011052463511,-111.88142196583688,40.756772610342715
2547,37,80,344.399277533479,-111.88106659956179,40.75677532396351
2548,38,0,329.9337480097667,-111.90949942988831,40.75682500163279
2549,38,1,299.93585211126435,-111.9091440660614,40.756827801708546
2550,38,2,269.937956212762,-111.90878870218454,40.75683060069028
2551,38,3,239.93966759186125,-111.90843333825771,40.756833398577974
2552,38,4,209.9398666602213,-111.90807797428097,40.756836195371655
2553,38,5,179.94006572858137,-111.90772261025432,40.75683899107131
2554,38,6,149.94026479694142,-111.9073672461778,40.75684178567695
2555,38,7,119.94046386530147,-111.90701188205142,40.75684457918854
2556,38,8,89.94066293366153,-111.90665651787518,40.75684737160611
2557,38,9,59.94086200202157,-111.90630115364912,40.75685016292967
2558,38,10,29.94106107038164,-111.90594578937328,40.756852953159196
2559,38,11,0.0,-111.90559042504762,40.75685574229468
2560,38,12,0.0,-111.90523506067221,40.756858530336146
2561,38,13,24.619327449899178,-111.90487969624705,40.75686131728359
2562,38,14,54.61099843672684,-111.90452433177217,40.756864103137
2563,38,15,84.60266942355449,-111.90416896724757,40.75686688789637
2564,38,16,114.59434041038213,-111.9038136026733,40.75686967156172
2565,38,17,144.5860113972098,-111.90345823804935,40.75687245413303
2566,38,18,174.57768238403742,-111.90310287337574,40.75687523561032
2567,38,19,204.5693533708651,-111.90274750865252,40.75687801599358
2568,38,20,234.56102435769276,-111.9023921438797,40.7568807952828
2569,38,21,264.5526953445204,-111.90203677905727,40.75688357347799
2570,38,22,294.54436633134804,-111.90168141418528,40.756886350579144
2571,38,23,324.5360373181757,-111.90132604926373,40.75688912658628
2572,38,56,337.04571630192993,-111.88959897918228,40.756980121065865
2573,38,57,307.04575867172935,-111.88924361258762,40.756982859875606
2574,38,58,277.0458010415287,-111.88888824594407,40.75698559759129
2575,38,59,247.04584341132806,-111.8885328792517,40.75698833421293
2576,38,60,217.04588578112742,-111.88817751251048,40.756991069740515
2577,38,61,187.04592815092678,-111.88782214572045,40.75699380417405
2578,38,62,157.04597052072614,-111.88746677888165,40.75699653751353
2579,38,63,127.04601289052555,-111.88711141199406,40.75699926975897
2580,38,64,97.04605526032492,-111.88675604505772,40.757002000910354
2581,38,65,67.0460976301243,-111.88640067807265,40.75700473096769
2582,38,66,37.04613999992366,-111.88604531103887,40.75700745993098
2583,38,67,7.046182369723027,-111.8856899439564,40.757010187800205
2584,38,68,0.0,-111.88533457682526,40.757012914575384
2585,38,69,14.08823371994714,-111.88497920964545,40.757015640256505
2586,38,70,44.086406007075055,-111.88462384241703,40.75701836484357
2587,38,71,74.08457829420297,-111.88426847513998,40.75702108833658
2588,38,72,104.08275058133088,-111.88391310781434,40.75702381073555
2589,38,73,134.0809228684588,-111.88355774044012,40.75702653204045
2590,38,74,164.0790951555867,-111.88320237301735,40.7570292522513
2591,38,75,194.07726744271463,-111.88284700554604,40.75703197136809
2592,38,76,224.07543972984257,-111.88249163802622,40.75703468939082
2593,38,77,254.07361201697051,-111.8821362704579,40.75703740631951
2594,38,78,284.0717843040984,-111.88178090284111,40.757040122154145
2595,38,79,314.06995659122634,-111.88142553517584,40.7570428368947
2596,38,80,344.06812887835423,-111.88107016746216,40.75704555054121
2597,39,0,330.04835927905845,-111.90950311292511,40.75709522610796
2598,39,1,300.04855834741846,-111.90914774765962,40.75709802621024
2599,39,2,270.04875741577854,-111.90879238234417,40.75710082521849
2600,39,3,240.0489564841386,-111.90843701697878,40.7571036231327
2601,39,4,210.04915555249866,-111.90808165156348,40.75710641995288
2602,39,5,180.04935462085874,-111.90772628609827,40.75710921567902
2603,39,6,150.04955368921878,-111.90737092058316,40.757112010311126
2604,39,7,120.04975275757883,-111.90701555501819,40.7571148038492
2605,39,8,90.04995182593889,-111.9066601894034,40.75711759629323
2606,39,9,60.05015089429894,-111.90630482373875,40.757120387643226
2607,39,10,30.050349962659002,-111.90594945802432,40.75712317789918
2608,39,11,0.050549031019054176,-111.9055940922601,40.7571259670611
2609,39,12,0.0,-111.9052387264461,40.75712875512899
2610,39,13,23.950685866781743,-111.90488336058236,40.757131542102826
2611,39,14,53.94349574111748,-111.90452799466891,40.757134327982634
2612,39,15,83.93630561545322,-111.90417262870574,40.75713711276838
2613,39,16,113.92911548978897,-111.90381726269287,40.7571398964601
2614,39,17,143.9219253641247,-111.90346189663035,40.757142679057786
2615,39,18,173.91473523846042,-111.90310653051816,40.757145460561425
2616,39,19,203.90754511279616,-111.90275116435636,40.75714824097103
2617,39,20,233.9003549871319,-111.90239579814494,40.75715102028658
2618,39,21,263.89316486146765,-111.90204043188392,40.757153798508085
2619,39,22,293.88597473580336,-111.90168506557333,40.75715657563556
2620,39,23,323.8787846101392,-111.9013296992132,40.75715935166899
2621,39,56,337.09613639878836,-111.88960258165797,40.75725034701071
2622,39,57,307.0961787685878,-111.88924721362469,40.757253085846386
2623,39,58,277.09622113838714,-111.88889184554255,40.75725582358801
2624,39,59,247.0962635081865,-111.88853647741153,40.75725856023558
2625,39,60,217.09630587798583,-111.88818110923172,40.757261295789085
2626,39,61,187.09634824778522,-111.88782574100307,40.75726403024853
2627,39,62,157.09639061758458,-111.88747037272563,40.75726676361391
2628,39,63,127.09643298738398,-111.88711500439943,40.75726949588523
2629,39,64,97.09647535718334,-111.88675963602448,40.75727222706251
2630,39,65,67.09651772698271,-111.8864042676008,40.7572749571457
2631,39,66,37.096560096782085,-111.8860488991284,40.757277686134834
2632,39,67,7.096602466581452,-111.88569353060731,40.75728041402991
2633,39,68,0.0,-111.88533816203754,40.75728314083092
2634,39,69,13.757085064822363,-111.88498279341913,40.75728586653787
2635,39,70,43.75525735195028,-111.88462742475207,40.75728859115075
2636,39,71,73.75342963907819,-111.88427205603641,40.75729131466957
2637,39,72,103.7516019262061,-111.88391668727215,40.75729403709432
2638,39,73,133.749774213334,-111.8835613184593,40.757296758425014
2639,39,74,163.74794650046192,-111.88320594959791,40.75729947866163
2640,39,75,193.74611878758986,-111.88285058068797,40.75730219780419
2641,39,76,223.7442910747178,-111.88249521172952,40.75730491585268
2642,39,77,253.74246336184572,-111.88213984272258,40.7573076328071
2643,39,78,283.74063564897364,-111.88178447366715,40.75731034866746
2644,39,79,313.7388079361016,-111.88142910456325,40.75731306343374
2645,39,80,343.73698022322947,-111.88107373541094,40.75731577710596
2646,40,0,330.1576481713358,-111.90950679601188,40.75736545057016
2647,40,1,300.15784723969585,-111.9091514293078,40.75736825069897
2648,40,2,270.15804630805593,-111.90879606255376,40.757371049733734
2649,40,3,240.158245376416,-111.90844069574979,40.75737384767445
2650,40,4,210.15844444477605,-111.90808532889588,40.75737664452113
2651,40,5,180.1586435131361,-111.90772996199208,40.75737944027376
2652,40,6,150.15884258149615,-111.90737459503838,40.757382234932344
2653,40,7,120.1590416498562,-111.90701922803483,40.75738502849688
2654,40,8,90.15924071821625,-111.90666386098141,40.75738782096737
2655,40,9,60.15943978657629,-111.90630849387819,40.75739061234382
2656,40,10,30.159638854936365,-111.90595312672515,40.75739340262621
2657,40,11,0.15983792329641616,-111.90559775952234,40.75739619181455
2658,40,12,0.0,-111.90524239226974,40.75739897990884
2659,40,13,23.293909008215135,-111.90488702496741,40.75740176690909
2660,40,14,53.28671888255087,-111.90453165761535,40.75740455281529
2661,40,15,83.2795287568866,-111.90417629021357,40.757407337627434
2662,40,16,113.27233863122234,-111.90382092276212,40.75741012134553
2663,40,17,143.2651485055581,-111.90346555526098,40.75741290396958
2664,40,18,173.2579583798938,-111.9031101877102,40.75741568549957
2665,40,19,203.25076825422957,-111.90275482010979,40.75741846593551
2666,40,20,233.2435781285653,-111.90239945245976,40.75742124527739
2667,40,21,263.236388002901,-111.90204408476015,40.75742402352523
2668,40,22,293.22919787723674,-111.90168871701096,40.75742680067901
2669,40,23,323.22200775157256,-111.90133334921222,40.757429576738744
2670,40,56,337.1465564956468,-111.88960618418255,40.757520572942596
2671,40,57,307.14659886544615,-111.88925081471065,40.75752331180423
2672,40,58,277.14664123524557,-111.88889544518986,40.757526049571794
2673,40,59,247.1466836050449,-111.88854007562023,40.75752878624529
2674,40,60,217.14672597484426,-111.88818470600177,40.7575315218247
2675,40,61,187.14676834464362,-111.88782933633449,40.75753425631005
2676,40,62,157.146810714443,-111.88747396661843,40.75753698970134
2677,40,63,127.1468530842424,-111.88711859685358,40.75753972199854
2678,40,64,97.14689545404177,-111.88676322703999,40.75754245320169
2679,40,65,67.14693782384114,-111.88640785717767,40.75754518331075
2680,40,66,37.14698019364051,-111.88605248726662,40.75754791232574
2681,40,67,7.147022563439878,-111.88569711730689,40.75755064024666
2682,40,68,0.0,-111.8853417472985,40.757553367073506
2683,40,69,13.425936409697583,-111.88498637724143,40.757556092806276
2684,40,70,43.4241086968255,-111.88463100713574,40.75755881744498
2685,40,71,73.42228098395341,-111.88427563698143,40.7575615409896
2686,40,72,103.42045327108131,-111.88392026677852,40.757564263440145
2687,40,73,133.41862555820924,-111.88356489652703,40.75756698479661
2688,40,74,163.41679784533716,-111.883209526227,40.75756970505901
2689,40,75,193.41497013246507,-111.88285415587842,40.757572424227334
2690,40,76,223.41314241959304,-111.88249878548132,40.757575142301576
2691,40,77,253.41131470672093,-111.88214341503571,40.75757785928173
2692,40,78,283.4094869938488,-111.88178804454165,40.75758057516783
2693,40,79,313.40765928097676,-111.88143267399911,40.757583289959825
2694,40,80,343.40583156810465,-111.88107730340815,40.75758600365776
2695,41,0,330.26693706361317,-111.90951047914862,40.75763567501938
2696,41,1,300.2671361319732,-111.90915511100594,40.75763847517472
2697,41,2,270.2673352003333,-111.90879974281329,40.75764127423601
2698,41,3,240.26753426869334,-111.90844437457069,40.757644072203234
2699,41,4,210.26773333705341,-111.90808900627819,40.75764686907641
2700,41,5,180.26793240541346,-111.90773363793576,40.75764966485553
2701,41,6,150.26813147377354,-111.90737826954346,40.757652459540594
2702,41,7,120.26833054213354,-111.9070229011013,40.7576552531316
2703,41,8,90.26852961049362,-111.90666753260928,40.75765804562854
2704,41,9,60.26872867885366,-111.90631216406743,40.75766083703143
2705,41,10,30.268927747213727,-111.90595679547579,40.757663627340264
2706,41,11,0.26912681557377816,-111.90560142683434,40.75766641655503
2707,41,12,0.0,-111.90524605814313,40.75766920467574
2708,41,13,22.637132149648522,-111.90489068940218,40.7576719917024
2709,41,14,52.62994202398426,-111.9045353206115,40.75767477763499
2710,41,15,82.62275189832,-111.90417995177111,40.75767756247351
2711,41,16,112.61556177265574,-111.90382458288103,40.75768034621799
2712,41,17,142.6083716469915,-111.90346921394126,40.757683128868386
2713,41,18,172.60118152132722,-111.90311384495187,40.75768591042474
2714,41,19,202.59399139566293,-111.90275847591283,40.757688690887015
2715,41,20,232.5868012699987,-111.9024031068242,40.757691470255246
2716,41,21,262.5796111443344,-111.90204773768595,40.757694248529404
2717,41,22,292.5724210186702,-111.90169236849813,40.75769702570949
2718,41,23,322.56523089300595,-111.90133699926076,40.757699801795525
2719,41,56,337.1969765925052,-111.88960978675603,40.75779079886152
2720,41,57,307.1970189623046,-111.88925441584547,40.757793537749095
2721,41,58,277.19706133210394,-111.88889904488602,40.7577962755426
2722,41,69,13.094787754572804,-111.88498996111237,40.75782631906173
2723,41,70,43.092960041700714,-111.88463458956801,40.75782904372624
2724,41,71,73.09113232882864,-111.88427921797503,40.75783176729667
2725,41,72,103.08930461595655,-111.88392384633347,40.75783448977301
2726,41,73,133.08747690308448,-111.88356847464333,40.75783721115526
2727,41,74,163.0856491902124,-111.88321310290462,40.757839931443435
2728,41,75,193.08382147734028,-111.88285773111737,40.757842650637514
2729,41,76,223.08199376446825,-111.8825023592816,40.7578453687375
2730,41,77,253.08016605159617,-111.88214698739735,40.75784808574341
2731,41,78,283.0783383387241,-111.88179161546462,40.75785080165523
2732,41,79,313.076510625852,-111.8814362434834,40.757853516472956
2733,41,80,343.0746829129799,-111.88108087145376,40.7578562301966
2734,42,0,330.3762259558905,-111.90951416233536,40.75790589945564
2735,42,1,300.3764250242505,-111.90915879275404,40.75790869963751
2736,42,2,270.37662409261065,-111.90880342312276,40.75791149872531
2737,42,3,240.37682316097073,-111.90844805344155,40.757914296719065
2738,42,4,210.37702222933075,-111.90809268371041,40.75791709361874
2739,42,5,180.37722129769082,-111.90773731392935,40.75791988942433
2740,42,6,150.37742036605087,-111.9073819440984,40.75792268413587
2741,42,7,120.37761943441092,-111.90702657421761,40.75792547775334
2742,42,8,90.37781850277098,-111.90667120428695,40.75792827027674
2743,42,9,60.37801757113102,-111.90631583430648,40.75793106170608
2744,42,10,30.378216639491086,-111.90596046427619,40.75793385204135
2745,42,11,0.37841570785114015,-111.90560509419612,40.75793664128255
2746,42,12,0.0,-111.90524972406628,40.75793942942967
2747,42,13,21.980355291081917,-111.90489435388668,40.75794221648274
2748,42,14,51.973165165417655,-111.90453898365736,40.757945002441716
2749,42,15,81.96597503975339,-111.90418361337832,40.757947787306634
2750,42,16,111.95878491408914,-111.90382824304962,40.75795057107748
2751,42,17,141.95159478842487,-111.90347287267122,40.75795335375425
2752,42,18,171.94440466276058,-111.90311750224316,40.75795613533695
2753,42,19,201.93721453709634,-111.9027621317655,40.75795891582557
2754,42,20,231.93002441143204,-111.9024067612382,40.75796169522013
2755,42,21,261.9228342857678,-111.90205139066133,40.7579644735206
2756,42,22,291.91564416010357,-111.90169602003486,40.75796725072701
2757,42,23,321.90845403443933,-111.90134064935886,40.757970026839345
2758,42,56,337.24739668936365,-111.88961338937838,40.75806102476749
2759,42,57,307.247439059163,-111.88925801702915,40.75806376368102
2760,42,70,42.76181138657594,-111.88463817204892,40.75809926999456
2761,42,71,72.75998367370386,-111.88428279901726,40.75810199359079
2762,42,72,102.75815596083177,-111.883927425937,40.75810471609292
2763,42,73,132.7563282479597,-111.88357205280818,40.75810743750096
2764,42,74,162.7545005350876,-111.88321667963079,40.758110157814905
2765,42,75,192.75267282221552,-111.88286130640486,40.75811287703475
2766,42,76,222.75084510934346,-111.88250593313042,40.75811559516049
2767,42,77,252.74901739647137,-111.88215055980746,40.758118312192146
2768,42,78,282.7471896835993,-111.88179518643604,40.758121028129686
2769,42,79,312.74536197072723,-111.88143981301614,40.75812374297315
2770,42,80,342.7435342578551,-111.8810844395478,40.75812645672249
2771,43,0,330.4855148481679,-111.90951784557205,40.758176123878926
2772,43,1,300.4857139165279,-111.9091624745521,40.758178924087325
2773,43,2,270.48591298488805,-111.90880710348219,40.75818172320165
2774,43,3,240.48611205324806,-111.90845173236231,40.75818452122189
2775,43,4,210.4863111216081,-111.90809636119252,40.758187318148074
2776,43,5,180.4865101899682,-111.90774098997281,40.75819011398016
2777,43,6,150.48670925832823,-111.90738561870323,40.75819290871818
2778,43,7,120.48690832668828,-111.90703024738377,40.75819570236213
2779,43,8,90.48710739504834,-111.90667487601446,40.75819849491198
2780,43,9,60.48730646340839,-111.90631950459533,40.75820128636777
2781,43,10,30.48750553176845,-111.9059641331264,40.75820407672946
2782,43,11,0.48770460012850214,-111.90560876160767,40.758206865997096
2783,43,12,0.0,-111.90525339003916,40.758209654170635
2784,43,13,21.32357843251531,-111.90489801842092,40.7582124412501
2785,43,14,51.316388306851046,-111.90454264675294,40.75821522723548
2786,43,15,81.30919818118679,-111.90418727503526,40.75821801212678
2787,43,16,111.30200805552252,-111.90383190326787,40.758220795924004
2788,43,17,141.29481792985825,-111.9034765314508,40.75822357862714
2789,43,18,171.287627804194,-111.9031211595841,40.758226360236186
2790,43,19,201.28043767852972,-111.90276578766776,40.758229140751155
2791,43,20,231.27324755286548,-111.90241041570182,40.758231920172044
2792,43,21,261.2660574272012,-111.90205504368626,40.758234698498846
2793,43,22,291.25886730153695,-111.90169967162115,40.75823747573156
2794,43,23,321.2516771758727,-111.90134429950646,40.7582402518702
2795,43,56,337.2978167862221,-111.88961699204964,40.75833125066048
2796,43,57,307.29785915602145,-111.8892616182617,40.75833398959996
2797,43,71,72.42883501857908,-111.88428638010807,40.75837221987195
2798,43,72,102.42700730570698,-111.88393100558912,40.758374942399875
2799,43,73,132.4251795928349,-111.88357563102159,40.758377663833706
2800,43,74,162.4233518799628,-111.8832202564055,40.75838038417342
2801,43,75,192.42152416709072,-111.88286488174086,40.75838310341903
2802,43,76,222.4196964542187,-111.8825095070277,40.75838582157052
2803,43,77,252.41786874134658,-111.88215413226605,40.75838853862791
2804,43,78,282.4160410284745,-111.88179875745591,40.758391254591196
2805,43,79,312.4142133156024,-111.88144338259733,40.75839396946036
2806,43,80,342.4123856027303,-111.88108800769028,40.758396683235425
2807,44,0,330.59480374044523,-111.90952152885876,40.75844634828924
2808,44,1,300.5950028088053,-111.90916615640013,40.75844914852418
2809,44,2,270.5952018771654,-111.90881078389154,40.75845194766502
2810,44,3,240.59540094552543,-111.90845541133301,40.75845474571179
2811,44,4,210.5956000138855,-111.90810003872454,40.75845754266446
2812,44,5,180.59579908224555,-111.90774466606618,40.75846033852303
2813,44,6,150.5959981506056,-111.90738929335791,40.75846313328753
2814,44,7,120.59619721896566,-111.90703392059979,40.758465926957946
2815,44,8,90.59639628732569,-111.9066785477918,40.75846871953426
2816,44,9,60.59659535568574,-111.90632317493399,40.75847151101649
2817,44,10,30.59679442404581,-111.90596780202638,40.758474301404625
2818,44,11,0.5969934924058641,-111.90561242906898,40.75847709069868
2819,44,12,0.0,-111.9052570560618,40.75847987889864
2820,44,13,20.666801573948696,-111.90490168300488,40.758482666004504
2821,44,14,50.65961144828444,-111.90454630989822,40.75848545201628
2822,44,15,80.65242132262017,-111.90419093674186,40.75848823693397
2823,44,16,110.6452311969559,-111.9038355635358,40.75849102075756
2824,44,17,140.63804107129167,-111.90348019028006,40.758493803487056
2825,44,18,170.63085094562737,-111.90312481697468,40.758496585122465
2826,44,19,200.6236608199631,-111.90276944361965,40.75849936566378
2827,44,20,230.61647069429884,-111.90241407021502,40.758502145110995
2828,44,21,260.6092805686346,-111.90205869676079,40.75850492346413
2829,44,22,290.60209044297034,-111.90170332325698,40.75850770072315
2830,44,23,320.59490031730616,-111.90134794970362,40.75851047688809
2831,44,56,337.60376788713495,-111.88962059476978,40.75860147654054
2832,44,57,307.60650673773637,-111.88926521954313,40.758604215505976
2833,44,71,72.11644245401263,-111.88428996124748,40.758642446140165
2834,44,72,102.11528017777945,-111.88393458528981,40.75864516869388
2835,44,73,132.11411790154628,-111.88357920928355,40.75864789015349
2836,44,74,162.11295562531308,-111.88322383322874,40.75865061051898
2837,44,75,192.11179334907993,-111.88286845712538,40.758653329790356
2838,44,76,222.11063107284673,-111.8825130809735,40.758656047967605
2839,44,77,252.10946879661356,-111.88215770477312,40.75865876505074
2840,44,78,282.1083065203804,-111.88180232852426,40.75866148103975
2841,44,79,312.1071442441472,-111.88144695222694,40.758664195934635
2842,44,80,342.10598196791403,-111.88109157588117,40.75866690973541
2843,45,0,330.70409263272256,-111.90952521219545,40.7587165726866
2844,45,1,300.7042917010827,-111.90916983829813,40.75871937294806
2845,45,2,270.7044907694427,-111.90881446435085,40.75872217211543
2846,45,3,240.70468983780282,-111.90845909035363,40.758724970188695
2847,45,4,210.70488890616286,-111.90810371630647,40.75872776716787
2848,45,5,180.7050879745229,-111.90774834220942,40.75873056305294
2849,45,6,150.705287042883,-111.90739296806245,40.75873335784391
2850,45,7,120.70548611124299,-111.90703759386564,40.75873615154078
2851,45,8,90.70568517960307,-111.90668221961897,40.758738944143566
2852,45,9,60.705884247963105,-111.90632684532247,40.75874173565224
2853,45,10,30.706083316323173,-111.90597147097617,40.75874452606682
2854,45,11,0.7062823846832261,-111.90561609658006,40.758747315387296
2855,45,12,0.0,-111.9052607221342,40.75875010361367
2856,45,13,20.010024715382087,-111.90490534763858,40.758752890745946
2857,45,14,50.00283458971782,-111.90454997309322,40.75875567678412
2858,45,15,79.99564446405356,-111.90419459849815,40.75875846172819
2859,45,16,109.9884543383893,-111.9038392238534,40.758761245578164
2860,45,17,139.98126421272502,-111.90348384915896,40.758764028334014
2861,45,18,169.97407408706076,-111.90312847441487,40.758766809995784
2862,45,19,199.9668839613965,-111.90277309962116,40.75876959056344
2863,45,20,229.95969383573222,-111.90241772477782,40.758772370036986
2864,45,21,259.95250371006796,-111.90206234988487,40.75877514841644
2865,45,22,289.9453135844037,-111.90170697494237,40.758777925701786
2866,45,23,319.93812345873954,-111.9013515999503,40.75878070189302
2867,45,56,338.0091362810463,-111.88962419753881,40.75887170240764
2868,45,57,308.01187513164774,-111.88926882087345,40.75887444139901
2869,45,71,71.85236817827855,-111.88429354243549,40.75891267239542
2870,45,72,101.85120590204538,-111.88393816503907,40.75891539497494
2871,45,73,131.8500436258122,-111.88358278759408,40.758918116460336
2872,45,74,161.848881349579,-111.88322741010052,40.75892083685159
2873,45,75,191.84771907334584,-111.88287203255841,40.75892355614872
2874,45,76,221.84655679711264,-111.8825166549678,40.75892627435173
2875,45,77,251.8453945208795,-111.88216127732868,40.75892899146061
2876,45,78,281.8442322446463,-111.88180589964108,40.75893170747535
2877,45,79,311.8430699684131,-111.881450521905,40.758934422395974
2878,45,80,341.8419076921799,-111.8810951441205,40.75893713622246
2879,46,0,330.8648399231713,-111.90952889558211,40.758986797070975
2880,46,1,300.86551814404584,-111.9091735202461,40.758989597358976
2881,46,2,270.86619636492026,-111.9088181448601,40.75899239655285
2882,46,3,240.8668745857948,-111.90846276942418,40.758995194652634
2883,46,4,210.86755280666927,-111.90810739393831,40.7589979916583
2884,46,5,180.86823102754371,-111.90775201840253,40.75900078756986
2885,46,6,150.8689092484182,-111.90739664281688,40.759003582387315
2886,46,7,120.86958746929265,-111.90704126718134,40.75900637611066
2887,46,8,90.87026569016713,-111.90668589149595,40.7590091687399
2888,46,9,60.87094391104161,-111.90633051576076,40.759011960275025
2889,46,10,30.871622131916084,-111.90597513997572,40.75901475071604
2890,46,11,0.8723003527905603,-111.90561976414092,40.75901754006294
2891,46,12,0.0,-111.90526438825634,40.75902032831573
2892,46,13,19.45120018732443,-111.904909012322,40.75902311547442
2893,46,14,49.44915645910776,-111.90455363633792,40.759025901538976
2894,46,15,79.44711273089109,-111.90419826030414,40.75902868650943
2895,46,16,109.44506900267446,-111.90384288422067,40.759031470385786
2896,46,17,139.4430252744578,-111.90348750808751,40.75903425316802
2897,46,18,169.44098154624115,-111.90313213190471,40.75903703485613
2898,46,19,199.43893781802444,-111.90277675567226,40.75903981545013
2899,46,20,229.4368940898078,-111.9024213793902,40.75904259495002
2900,46,21,259.43485036159115,-111.90206600305855,40.75904537335579
2901,46,22,289.43280663337447,-111.90171062667733,40.75904815066745
2902,46,23,319.43076290515785,-111.90135525024654,40.75905092688499
2903,46,56,338.4145046749577,-111.88962780035673,40.759141928261776
2904,46,57,308.4172435255591,-111.88927242225262,40.7591446672791
2905,46,71,71.58829390254446,-111.8842971236721,40.759182898637725
2906,46,72,101.58713162631129,-111.88394174483692,40.759185621243034
2907,46,73,131.5859693500781,-111.88358636595316,40.75918834275421
2908,46,74,161.58480707384493,-111.88323098702085,40.759191063171244
2909,46,75,191.58364479761175,-111.88287560803998,40.759193782494144
2910,46,76,221.58248252137858,-111.8825202290106,40.7591965007229
2911,46,77,251.5813202451454,-111.8821648499327,40.75919921785752
2912,46,78,281.5801579689122,-111.88180947080635,40.759201933898
2913,46,79,311.57899569267903,-111.8814540916315,40.75920464884434
2914,46,80,341.57783341644586,-111.88109871240822,40.75920736269653
2915,47,0,331.06656446923574,-111.90953257901877,40.759257021442394
2916,47,1,301.0672426901103,-111.90917720224402,40.75925982175691
2917,47,2,271.06792091098475,-111.90882182541931,40.759262620977324
2918,47,3,241.06859913185923,-111.90846644854464,40.759265419103606
2919,47,4,211.0692773527337,-111.90811107162006,40.75926821613578
2920,47,5,181.06995557360818,-111.90775569464556,40.759271012073825
2921,47,6,151.07063379448263,-111.90740031762117,40.75927380691776
2922,47,7,121.07131201535711,-111.9070449405469,40.759276600667576
2923,47,8,91.0719902362316,-111.90668956342279,40.75927939332326
2924,47,9,61.07266845710607,-111.90633418624884,40.759282184884846
2925,47,10,31.073346677980552,-111.9059788090251,40.759284975352294
2926,47,11,1.0740248988550252,-111.90562343175155,40.75928776472563
2927,47,12,0.0,-111.90526805442822,40.75929055300484
2928,47,13,19.10102949155648,-111.90491267705515,40.75929334018992
2929,47,14,49.09898576333982,-111.90455729963234,40.75929612628089
2930,47,15,79.09694203512315,-111.90420192215983,40.759298911277725
2931,47,16,109.0948983069065,-111.90384654463762,40.759301695180454
2932,47,17,139.09285457868984,-111.90349116706572,40.75930447798904
2933,47,18,169.0908108504732,-111.90313578944416,40.75930725970351
2934,47,19,199.0887671222565,-111.902780411773,40.75931004032386
2935,47,20,229.08672339403984,-111.9024250340522,40.75931281985008
2936,47,21,259.0846796658232,-111.9020696562818,40.75931559828218
2937,47,22,289.08263593760654,-111.90171427846184,40.75931837562015
2938,47,23,319.08059220938986,-111.9013589005923,40.75932115186398
2939,47,56,338.8198730688691,-111.88963140322356,40.759412154102954
2940,47,57,308.8226119194705,-111.88927602368067,40.75941489314623
2941,47,71,71.32421962681038,-111.8843007049573,40.75945312486707
2942,47,72,101.3230573505772,-111.88394532468335,40.75945584749819
2943,47,73,131.321895074344,-111.8835899443608,40.75945856903514
2944,47,74,161.32073279811084,-111.88323456398972,40.759461289477954
2945,47,75,191.31957052187764,-111.88287918357007,40.759464008826605
2946,47,76,221.3184082456445,-111.8825238031019,40.75946672708112
2947,47,77,251.31724596941132,-111.88216842258524,40.759469444241475
2948,47,78,281.31608369317814,-111.88181304202007,40.759472160307695
2949,47,79,311.31492141694497,-111.88145766140646,40.75947487527975
2950,47,80,341.31375914071174,-111.88110228074439,40.75947758915766
2951,48,0,331.26828901530024,-111.90953626250543,40.759527245800825
2952,48,1,301.2689672361748,-111.90918088429193,40.75953004614188
2953,48,2,271.2696454570492,-111.90882550602848,40.75953284538882
2954,48,3,241.2703236779237,-111.90847012771505,40.75953564354161
2955,48,4,211.27100189879818,-111.90811474935172,40.759538440600274
2956,48,5,181.27168011967265,-111.90775937093846,40.75954123656482
2957,48,6,151.2723583405471,-111.90740399247532,40.75954403143523
2958,48,7,121.2730365614216,-111.9070486139623,40.759546825211515
2959,48,8,91.27371478229605,-111.90669323539946,40.75954961789367
2960,48,9,61.27439300317054,-111.90633785678676,40.75955240948169
2961,48,10,31.275071224045014,-111.90598247812424,40.75955519997557
2962,48,11,1.2757494449194902,-111.90562709941194,40.75955798937534
2963,48,12,0.0,-111.90527172064988,40.75956077768096
2964,48,13,18.750858795788535,-111.90491634183805,40.75956356489245
2965,48,14,48.74881506757187,-111.90456096297648,40.759566351009816
2966,48,15,78.74677133935519,-111.9042055840652,40.75956913603304
2967,48,16,108.74472761113854,-111.90385020510423,40.75957191996214
2968,48,17,138.74268388292188,-111.90349482609358,40.75957470279711
2969,48,18,168.74064015470523,-111.90313944703328,40.75957748453792
2970,48,19,198.73859642648856,-111.90278406792335,40.75958026518462
2971,48,20,228.73655269827194,-111.90242868876378,40.75958304473717
2972,48,21,258.73450897005523,-111.90207330955462,40.759585823195586
2973,48,22,288.7324652418386,-111.90171793029589,40.75958860055987
2974,48,23,318.73042151362193,-111.9013625509876,40.759591376830016
2975,48,56,339.22524146278045,-111.88963500613927,40.759682379931164
2976,48,57,309.22798031338186,-111.8892796251576,40.7596851190004
2977,48,71,71.06014535107629,-111.88430428629113,40.759723351083466
2978,48,72,101.05898307484311,-111.88394890457836,40.75972607374037
2979,48,73,131.05782079860995,-111.88359352281704,40.75972879530311
2980,48,74,161.05665852237675,-111.88323814100713,40.75973151577169
2981,48,75,191.05549624614358,-111.88288275914869,40.75973423514613
2982,48,76,221.0543339699104,-111.88252737724171,40.75973695342639
2983,48,77,251.05317169367723,-111.88217199528624,40.7597396706125
2984,48,78,281.052009417444,-111.88181661328228,40.75974238670444
2985,48,79,311.05084714121085,-111.88146123122985,40.75974510170222
2986,48,80,341.0496848649777,-111.88110584912897,40.75974781560584
2987,49,0,331.4700135613647,-111.90953994604206,40.7597974701463
2988,49,1,301.4706917822392,-111.9091845663898,40.75980027051389
2989,49,2,271.4713700031137,-111.90882918668757,40.759803069787345
2990,49,3,241.47204822398814,-111.90847380693539,40.75980586796665
2991,49,4,211.47272644486264,-111.90811842713327,40.75980866505182
2992,49,5,181.47340466573712,-111.90776304728126,40.75981146104285
2993,49,6,151.4740828866116,-111.90740766737935,40.759814255939744
2994,49,7,121.47476110748606,-111.90705228742758,40.759817049742495
2995,49,8,91.47543932836052,-111.90669690742594,40.75981984245111
2996,49,9,61.476117549235006,-111.90634152737447,40.75982263406557
2997,49,10,31.476795770109483,-111.9059861472732,40.759825424585905
2998,49,11,1.4774739909839554,-111.90563076712212,40.75982821401209
2999,49,12,0.0,-111.90527538692128,40.75983100234413
3000,49,13,18.400688100020584,-111.90492000667066,40.75983378958203
3001,49,14,48.398644371803925,-111.90456462637033,40.759836575725785
3002,49,15,78.39660064358725,-111.90420924602029,40.75983936077541
3003,49,16,108.39455691537061,-111.90385386562053,40.759842144730875
3004,49,17,138.39251318715395,-111.90349848517111,40.759844927592205
3005,49,18,168.3904694589373,-111.90314310467203,40.75984770935937
3006,49,19,198.38842573072063,-111.9027877241233,40.75985049003241
3007,49,20,228.38638200250398,-111.90243234352496,40.7598532696113
3008,49,21,258.3843382742873,-111.90207696287703,40.75985604809604
3009,49,22,288.3822945460707,-111.90172158217952,40.75985882548664
3010,49,23,318.38025081785395,-111.90136620143244,40.759861601783086
3011,49,56,339.6306098566918,-111.88963860910388,40.759952605746435
3012,49,57,309.63334870729324,-111.8892832266834,40.75995534484162
3013,49,71,70.7960710753422,-111.88430786767353,40.7599935772869
3014,49,72,100.79490879910902,-111.88395248452197,40.7599962999696
3015,49,73,130.79374652287586,-111.8835971013218,40.759999021558144
3016,49,74,160.79258424664266,-111.88324171807308,40.76000174205249
3017,49,75,190.7914219704095,-111.8828863347758,40.76000446145268
3018,49,76,220.79025969417629,-111.88253095143003,40.76000717975871
3019,49,77,250.7890974179431,-111.88217556803572,40.76000989697054
3020,49,78,280.78793514170997,-111.88182018459294,40.76001261308822
3021,49,79,310.7867728654768,-111.88146480110169,40.76001532811174
3022,49,80,340.7856105892436,-111.88110941756199,40.76001804204107
3023,50,0,331.6717381074291,-111.90954362962867,40.760067694478806
3024,50,1,301.6724163283037,-111.90918824853763,40.760070494872934
3025,50,2,271.6730945491782,-111.90883286739663,40.7600732941729
3026,50,3,241.67377277005264,-111.90847748620565,40.76007609237871
3027,50,4,211.6744509909271,-111.90812210496476,40.76007888949039
3028,50,5,181.6751292118016,-111.90776672367396,40.760081685507906
3029,50,6,151.67580743267604,-111.90741134233326,40.76008448043128
3030,50,7,121.67648565355053,-111.90705596094269,40.7600872742605
3031,50,8,91.67716387442499,-111.90670057950226,40.760090066995566
3032,50,9,61.67784209529947,-111.906345198012,40.76009285863649
3033,50,10,31.678520316173945,-111.90598981647194,40.760095649183256
3034,50,11,1.6791985370484204,-111.90563443488206,40.76009843863587
3035,50,12,0.0,-111.90527905324242,40.76010122699432
3036,50,13,18.050517404252638,-111.90492367155302,40.76010401425863
3037,50,14,48.048473676035975,-111.9045682898139,40.76010680042879
3038,50,15,78.0464299478193,-111.90421290802506,40.760109585504786
3039,50,16,108.04438621960266,-111.90385752618651,40.760112369486635
3040,50,17,138.042342491386,-111.90350214429829,40.76011515237433
3041,50,56,340.0359782506032,-111.88964221211738,40.76022283154874
3042,50,57,310.0387171012046,-111.88928682825808,40.760225570669874
3043,50,71,70.53199679960811,-111.88431144910454,40.76026380347739
3044,50,72,100.53083452337493,-111.88395606451414,40.76026652618588
3045,50,73,130.52967224714175,-111.88360067987514,40.7602692478002
3046,50,74,160.52850997090857,-111.88324529518758,40.760271968320325
3047,50,75,190.5273476946754,-111.88288991045147,40.76027468774629
3048,50,76,220.52618541844222,-111.88253452566684,40.76027740607805
3049,50,77,250.52502314220902,-111.8821791408337,40.76028012331565
3050,50,78,280.5238608659759,-111.88182375595207,40.760282839459066
3051,50,79,310.5226985897427,-111.88146837102197,40.760285554508286
3052,50,80,340.5215363135095,-111.88111298604343,40.760288268463334
3053,51,0,331.8734626534936,-111.90954731326529,40.76033791879835
3054,51,1,301.87414087436815,-111.90919193073545,40.760340719219
3055,51,2,271.87481909524263,-111.90883654815562,40.76034351854549
3056,51,3,241.8754973161171,-111.90848116552584,40.76034631677782
3057,51,4,211.87617553699155,-111.90812578284614,40.760349113915986
3058,51,5,181.87685375786603,-111.90777040011653,40.76035190996
3059,51,6,151.8775319787405,-111.90741501733703,40.76035470490986
3060,51,7,121.87821019961498,-111.90705963450766,40.76035749876554
3061,51,8,91.87888842048946,-111.90670425162843,40.760360291527064
3062,51,9,61.87956664136393,-111.90634886869935,40.76036308319443
3063,51,10,31.880244862238413,-111.90599348572046,40.76036587376764
3064,51,11,1.8809230831128856,-111.9056381026918,40.76036866324668
3065,51,12,0.0,-111.90528271961334,40.760371451631556
3066,51,13,17.700346708484687,-111.90492733648513,40.76037423892227
3067,51,14,47.698302980268025,-111.90457195330718,40.76037702511882
3068,51,15,77.69625925205136,-111.90421657007953,40.76037981022122
3069,51,16,107.6942155238347,-111.90386118680216,40.76038259422944
3070,51,17,137.69217179561804,-111.90350580347513,40.76038537714349
3071,51,56,340.4413466445146,-111.88964581517979,40.76049305733809
3072,51,57,310.444085495116,-111.88929042988163,40.76049579648517
3073,51,71,70.26792252387403,-111.88431503058418,40.76053402965491
3074,51,72,100.26676024764086,-111.8839596445549,40.760536752389214
3075,51,73,130.26559797140766,-111.88360425847704,40.76053947402932
3076,51,74,160.26443569517448,-111.88324887235062,40.76054219457522
3077,51,75,190.2632734189413,-111.88289348617566,40.76054491402694
3078,51,76,220.26211114270814,-111.88253809995216,40.76054763238447
3079,51,77,250.26094886647493,-111.88218271368017,40.760550349647815
3080,51,78,280.25978659024173,-111.88182732735967,40.76055306581695
3081,51,79,310.2586243140086,-111.88147194099072,40.7605557808919
3082,51,80,340.25746203777544,-111.88111655457331,40.76055849487266
3083,52,0,332.07518719955806,-111.9095509969519,40.76060814310491
3084,52,1,302.0758654204326,-111.90919561298321,40.760610943552095
3085,52,2,272.0765436413071,-111.90884022896458,40.76061374290511
3086,52,3,242.07722186218155,-111.90848484489598,40.76061654116395
3087,52,4,212.07790008305605,-111.90812946077746,40.760619338328624
3088,52,5,182.07857830393053,-111.90777407660902,40.76062213439912
3089,52,6,152.07925652480498,-111.90741869239068,40.76062492937545
3090,52,7,122.07993474567945,-111.90706330812247,40.76062772325761
3091,52,8,92.08061296655391,-111.9067079238044,40.7606305160456
3092,52,9,62.0812911874284,-111.90635253943651,40.76063330773941
3093,52,10,32.081969408302875,-111.9059971550188,40.76063609833906
3094,52,11,2.0826476291773504,-111.9056417705513,40.76063888784453
3095,52,12,0.0,-111.905286386034,40.76064167625583
3096,52,13,17.35017601271674,-111.90493100146696,40.76064446357295
3097,52,14,47.34813228450008,-111.90457561685018,40.76064724979589
3098,52,15,77.34608855628342,-111.90422023218368,40.760650034924666
3099,52,16,107.34404482806677,-111.90386484746749,40.760652818959265
3100,52,17,137.3420010998501,-111.90350946270162,40.76065560189969
3101,52,56,340.97052314809264,-111.88964941829109,40.760763283114485
3102,52,57,310.97691994502867,-111.88929403155406,40.76076602228753
3103,52,71,70.11976904818977,-111.88431861211241,40.760804255819494
3104,52,72,100.11971420954788,-111.88396322464425,40.76080697857958
3105,52,73,130.119659370906,-111.88360783712751,40.760809700245474
3106,52,74,160.11960453226413,-111.88325244956222,40.76081242081715
3107,52,75,190.11954969362225,-111.88289706194837,40.76081514029464
3108,52,76,220.11949485498036,-111.88254167428599,40.76081785867792
3109,52,77,250.11944001633844,-111.8821862865751,40.760820575966996
3110,52,78,280.1193851776966,-111.88183089881574,40.76082329216188
3111,52,79,310.1193303390547,-111.88147551100789,40.76082600726256
3112,52,80,340.1192755004128,-111.88112012315162,40.760828721269036
3113,53,0,332.27691174562256,-111.90955468068847,40.76087836739851
3114,53,1,302.2775899664971,-111.90919929528097,40.76088116787221
3115,53,2,272.27826818737157,-111.90884390982349,40.76088396725176
3116,53,3,242.27894640824604,-111.90848852431604,40.76088676553711
3117,53,4,212.2796246291205,-111.90813313875867,40.76088956272827
3118,53,5,182.280302849995,-111.90777775315138,40.76089235882527
3119,53,6,152.28098107086944,-111.90742236749419,40.76089515382809
3120,53,7,122.2816592917439,-111.90706698178714,40.76089794773671
3121,53,8,92.28233751261838,-111.90671159603023,40.76090074055116
3122,53,9,62.28301573349287,-111.90635621022349,40.76090353227143
3123,53,10,32.283693954367344,-111.90600082436693,40.76090632289751
3124,53,11,2.2843721752418156,-111.90564543846057,40.76090911242941
3125,53,12,0.0,-111.90529005250443,40.76091190086712
3126,53,13,18.78101654859179,-111.90493466649853,40.760914688210654
3127,53,14,48.1690975678316,-111.9045792804429,40.76091747446
3128,53,15,77.7654249808619,-111.90422389433755,40.760920259615155
3129,53,16,107.58505651936365,-111.9038685081825,40.76092304367614
3130,53,17,136.58436991149367,-111.90351312197777,40.760925826642925
3131,53,56,341.5900123708805,-111.88965302145128,40.76103350887792
3132,53,57,311.59640916781655,-111.88929763327538,40.761036248076906
3133,53,70,40.06246261500344,-111.88467758254767,40.76107175809102
3134,53,71,70.06240777636155,-111.88432219368923,40.761074481971114
3135,53,72,100.06235293771967,-111.88396680478219,40.761077204757
3136,53,73,130.0622980990778,-111.88361141582655,40.76107992644867
3137,53,74,160.0622432604359,-111.88325602682235,40.76108264704612
3138,53,75,190.06218842179402,-111.8829006377696,40.76108536654939
3139,53,76,220.06213358315213,-111.88254524866834,40.76108808495842
3140,53,77,250.06207874451027,-111.88218985951855,40.76109080227324
3141,53,78,280.0620239058684,-111.88183447032027,40.76109351849385
3142,53,79,310.06196906722647,-111.88147908107354,40.76109623362025
3143,53,80,340.0619142285846,-111.88112369177834,40.76109894765244
3144,54,0,332.478636291687,-111.90955836447506,40.76114859167914
3145,54,1,302.47931451256153,-111.90920297762868,40.76115139217938
3146,54,2,272.479992733436,-111.90884759073234,40.76115419158545
3147,54,3,242.48067095431048,-111.90849220378603,40.76115698989731
3148,54,4,212.481349175185,-111.90813681678979,40.76115978711498
3149,54,5,182.48202739605944,-111.90778142974364,40.76116258323846
3150,54,6,152.4827056169339,-111.9074260426476,40.76116537826775
3151,54,7,122.48338383780838,-111.90707065550167,40.76116817220285
3152,54,8,92.48406205868285,-111.90671526830589,40.76117096504376
3153,54,9,62.48474027955733,-111.90635988106028,40.76117375679048
3154,54,10,32.485418500431805,-111.90600449376484,40.76117654744299
3155,54,11,2.486096721306281,-111.90564910641962,40.76117933700132
3156,54,12,0.0,-111.90529371902461,40.76118212546546
3157,54,13,12.959862357676064,-111.90493833157984,40.7611849128354
3158,54,14,41.8055807868957,-111.90458294408533,40.76118769911113
3159,54,15,70.65129921611535,-111.90422755654112,40.76119048429269
3160,54,16,99.49701764533499,-111.90387216894719,40.76119326838005
3161,54,17,128.34273607455464,-111.90351678130358,40.7611960513732
3162,54,56,342.20950159366834,-111.88965662466038,40.7613037346284
3163,54,57,312.2158983906044,-111.88930123504555,40.76130647385334
3164,54,58,282.2222951875404,-111.88894584538187,40.761309211984056
3165,54,69,10.005156181817112,-111.88503655586075,40.76133925920377
3166,54,70,40.00510134317523,-111.88468116561202,40.761341984203895
3167,54,71,70.00504650453334,-111.88432577531466,40.761344708109796
3168,54,72,100.00499166589145,-111.8839703849687,40.76134743092147
3169,54,73,130.00493682724957,-111.88361499457416,40.761350152638926
3170,54,74,160.0048819886077,-111.88325960413103,40.761352873262155
3171,54,75,190.00482714996582,-111.88290421363936,40.761355592791176
3172,54,76,220.00477231132393,-111.88254882309919,40.76135831122596
3173,54,77,250.00471747268202,-111.88219343251048,40.76136102856653
3174,54,78,280.0046626340402,-111.88183804187328,40.76136374481288
3175,54,79,310.0046077953983,-111.88148265118761,40.76136645996501
3176,54,80,340.00455295675636,-111.8811272604535,40.76136917402291
3177,55,0,332.6803608377515,-111.90956204831164,40.7614188159468
3178,55,1,302.681039058626,-111.90920666002638,40.76142161647358
3179,55,2,272.68171727950045,-111.90885127169115,40.76142441590615
3180,55,3,242.68239550037495,-111.90849588330596,40.76142721424453
3181,55,4,212.68307372124943,-111.90814049487084,40.7614300114887
3182,55,5,182.6837519421239,-111.90778510638579,40.76143280763868
3183,55,6,152.68443016299835,-111.90742971785087,40.761435602694455
3184,55,7,122.68510838387283,-111.90707432926605,40.76143839665602
3185,55,8,92.68578660474732,-111.9067189406314,40.76144118952339
3186,55,9,62.68646482562179,-111.90636355194688,40.761443981296544
3187,55,10,32.687143046496274,-111.90600816321258,40.761446771975514
3188,55,11,2.6878212673707456,-111.90565277442845,40.76144956156027
3189,55,12,0.0,-111.90529738559455,40.76145235005082
3190,55,13,4.718228520737035,-111.90494199671089,40.76145513744716
3191,55,14,33.57110150779218,-111.90458660777749,40.761457923749305
3192,55,15,63.04597489411768,-111.90423121879438,40.76146070895724
3193,55,16,92.85780012606882,-111.90387582976156,40.76146349307097
3194,55,17,122.76134219759972,-111.90352044067906,40.76146627609049
3195,55,56,342.8289908164562,-111.88966022791837,40.761573960365915
3196,55,57,312.8353876133922,-111.88930483686462,40.76157669961681
3197,55,58,282.8417844103283,-111.88894944576202,40.76157943777348
3198,55,59,252.84818120726433,-111.88859405461054,40.76158217483591
3199,55,60,222.85457800420036,-111.88823866341022,40.76158491080413
3200,55,61,192.86097480113636,-111.88788327216106,40.76158764567811
3201,55,62,162.86737159807237,-111.88752788086312,40.761590379457886
3202,55,63,132.8737683950084,-111.8871724895164,40.76159311214342
3203,55,64,102.8801651919444,-111.8868170981209,40.76159584373474
3204,55,65,72.88656198888042,-111.88646170667667,40.76159857423181
3205,55,66,42.89295878581645,-111.88610631518371,40.76160130363468
3206,55,67,12.89935558275247,-111.88575092364204,40.7616040319433
3207,55,68,0.0,-111.88539553205169,40.761606759157694
3208,55,69,9.947794909988898,-111.88504014041267,40.76160948527785
3209,55,70,39.94774007134701,-111.884684748725,40.76161221030379
3210,55,71,69.94768523270513,-111.8843293569887,40.7616149342355
3211,55,72,99.94763039406324,-111.88397396520381,40.761617657072975
3212,55,73,129.94757555542137,-111.88361857337033,40.761620378816225
3213,55,74,159.94752071677948,-111.88326318148826,40.761623099465226
3214,55,75,189.9474658781376,-111.88290778955766,40.76162581902001
3215,55,76,219.9474110394957,-111.88255239757854,40.76162853748056
3216,55,77,249.94735620085385,-111.88219700555088,40.761631254846876
3217,55,78,279.94730136221193,-111.88184161347475,40.76163397111895
3218,55,79,309.9472465235701,-111.88148622135014,40.761636686296804
3219,55,80,339.9471916849282,-111.8811308291771,40.76163940038042
3220,56,0,332.88208538381593,-111.90956573219822,40.76168904020149
3221,56,1,302.88276360469047,-111.90921034247405,40.7616918407548
3222,56,2,272.88344182556494,-111.90885495269991,40.7616946402139
3223,56,3,242.8841200464394,-111.90849956287582,40.761697438578786
3224,56,4,212.8847982673139,-111.90814417300179,40.76170023584947
3225,56,5,182.88547648818837,-111.90778878307786,40.76170303202593
3226,56,6,152.88615470906282,-111.90743339310401,40.76170582710817
3227,56,7,122.8868329299373,-111.9070780030803,40.76170862109622
3228,56,8,92.88751115081178,-111.90672261300672,40.76171141399005
3229,56,9,62.88818937168625,-111.9063672228833,40.761714205789666
3230,56,10,32.888867592560736,-111.90601183271008,40.76171699649506
3231,56,11,2.8895458134352108,-111.90565644248706,40.761719786106255
3232,56,12,0.0,-111.90530105221424,40.76172257462322
3233,56,13,1.816756947588037,-111.90494566189167,40.76172536204598
3234,56,14,31.803182704219545,-111.90459027151937,40.76172814837452
3235,56,15,61.78960846085105,-111.90423488109734,40.761730933608845
3236,56,16,91.77603421748256,-111.9038794906256,40.76173371774894
3237,56,17,121.76245997411407,-111.90352410010419,40.76173650079483
3238,56,56,343.44848003924403,-111.88966383122526,40.76184418609048
3239,56,57,313.45487683618006,-111.88930843873258,40.76184692536734
3240,56,58,283.4612736331161,-111.88895304619102,40.76184966354993
3241,56,59,253.46767043005215,-111.88859765360058,40.76185240063831
3242,56,60,223.47406722698818,-111.88824226096132,40.76185513663245
3243,56,61,193.48046402392424,-111.88788686827323,40.76185787153234
3244,56,62,163.48686082086024,-111.88753147553633,40.76186060533801
3245,56,63,133.49325761779625,-111.88717608275066,40.761863338049444
3246,56,64,103.49965441473226,-111.88682068991622,40.761866069666624
3247,56,65,73.50605121166828,-111.88646529703304,40.761868800189575
3248,56,66,43.512448008604295,-111.88610990410112,40.7618715296183
3249,56,67,13.518844805540322,-111.8857545111205,40.76187425795276
3250,56,68,0.0,-111.8853991180912,40.761876985193005
3251,56,69,9.890433638160685,-111.88504372501322,40.761879711339
3252,56,70,39.89037879951879,-111.88468833188661,40.76188243639075
3253,56,71,69.89032396087691,-111.88433293871135,40.76188516034826
3254,56,72,99.89026912223503,-111.88397754548751,40.76188788321154
3255,56,73,129.89021428359314,-111.88362215221505,40.761890604980564
3256,56,74,159.89015944495128,-111.88326675889405,40.76189332565535
3257,56,75,189.8901046063094,-111.88291136552448,40.7618960452359
3258,56,76,219.89004976766753,-111.88255597210639,40.7618987637222
3259,56,77,249.88999492902562,-111.88220057863978,40.761901481114265
3260,56,78,279.88994009038373,-111.8818451851247,40.76190419741207
3261,56,79,309.8898852517419,-111.88148979156112,40.76190691261565
3262,56,80,339.88983041309996,-111.88113439794911,40.76190962672497
3263,57,0,333.0838099298804,-111.90956941613477,40.76195926444321
3264,57,1,303.08448815075496,-111.90921402497169,40.761962065023056
3265,57,2,273.0851663716294,-111.90885863375864,40.761964864508684
3266,57,3,243.0858445925039,-111.90850324249563,40.76196766290008
3267,57,4,213.0865228133784,-111.90814785118268,40.76197046019726
3268,57,5,183.08720103425284,-111.9077924598198,40.76197325640022
3269,57,6,153.0878792551273,-111.90743706840705,40.761976051508945
3270,57,7,123.08855747600178,-111.9070816769444,40.76197884552346
3271,57,8,93.08923569687624,-111.9067262854319,40.76198163844374
3272,57,9,63.08991391775073,-111.90637089386956,40.76198443026982
3273,57,10,33.090592138625205,-111.9060155022574,40.76198722100165
3274,57,11,3.091270359499676,-111.90566011059545,40.761990010639266
3275,57,12,0.0,-111.90530471888371,40.76199279918265
3276,57,13,0.9143876539912138,-111.9049493271222,40.76199558663181
3277,57,14,30.90081341062272,-111.90459393531096,40.76199837298676
3278,57,15,60.88723916725422,-111.90423854345,40.76200115824747
3279,57,16,90.87366492388574,-111.90388315153933,40.762003942413955
3280,57,17,120.86009068051725,-111.90352775957899,40.76200672548621
3281,57,56,344.0679692620319,-111.88966743458106,40.76211441180209
3282,57,57,314.07436605896794,-111.88931204064941,40.76211715110489
3283,57,58,284.0807628559039,-111.88895664666889,40.76211988931344
3284,57,59,254.08715965284003,-111.8886012526395,40.76212262642774
3285,57,60,224.09355644977606,-111.88824585856126,40.762125362447804
3286,57,61,194.09995324671206,-111.88789046443421,40.76212809737361
3287,57,62,164.1063500436481,-111.88753507025834,40.762130831205184
3288,57,63,134.1127468405841,-111.8871796760337,40.7621335639425
3289,57,64,104.11914363752011,-111.88682428176028,40.76213629558557
3290,57,65,74.12554043445613,-111.88646888743813,40.762139026134385
3291,57,66,44.13193723139215,-111.88611349306724,40.762141755588964
3292,57,67,14.138334028328174,-111.88575809864766,40.76214448394928
3293,57,68,0.0,-111.88540270417937,40.76214721121535
3294,57,69,9.833072366332468,-111.88504730966244,40.76214993738718
3295,57,70,39.833017527690586,-111.88469191509684,40.76215266246475
3296,57,71,69.8329626890487,-111.88433652048262,40.76215538644807
3297,57,72,99.8329078504068,-111.88398112581979,40.762158109337136
3298,57,73,129.83285301176494,-111.88362573110837,40.76216083113195
3299,57,74,159.83279817312305,-111.88327033634837,40.76216355183252
3300,57,75,189.83274333448117,-111.88291494153984,40.762166271438836
3301,57,76,219.83268849583928,-111.88255954668276,40.76216898995089
3302,57,77,249.83263365719742,-111.88220415177719,40.762171707368694
3303,57,78,279.8325788185555,-111.88184875682312,40.762174423692244
3304,57,79,309.8325239799136,-111.88149336182056,40.762177138921544
3305,57,80,339.83246914127176,-111.88113796676957,40.76217985305658
3306,58,0,333.2855344759448,-111.90957310012134,40.76222948867196
3307,58,1,303.2862126968194,-111.9092177075193,40.76223228927835
3308,58,2,273.2868909176939,-111.9088623148673,40.76223508879049
3309,58,3,243.2875691385684,-111.90850692216536,40.7622378872084
3310,58,4,213.28824735944283,-111.90815152941347,40.762240684532074
3311,58,5,183.2889255803173,-111.90779613661165,40.762243480761526
3312,58,6,153.28960380119176,-111.90744074375993,40.76224627589674
3313,58,7,123.29028202206625,-111.90708535085835,40.76224906993773
3314,58,8,93.29096024294071,-111.9067299579069,40.76225186288447
3315,58,9,63.29163846381519,-111.90637456490562,40.762254654736985
3316,58,10,33.292316684689666,-111.90601917185451,40.76225744549526
3317,58,11,3.292994905564141,-111.9056637787536,40.76226023515931
3318,58,12,0.0,-111.90530838560292,40.76226302372912
3319,58,13,0.012018360394390635,-111.90495299240247,40.76226581120469
3320,58,14,29.9984441170259,-111.90459759915228,40.762268597586036
3321,58,15,59.9848698736574,-111.90424220585236,40.762271382873124
3322,58,16,89.97129563028892,-111.90388681250275,40.76227416706599
3323,58,17,119.95772138692041,-111.90353141910344,40.762276950164605
3324,58,56,344.6874584848198,-111.88967103798575,40.76238463750073
3325,58,57,314.69385528175576,-111.88931564261513,40.76238737682949
3326,58,58,284.7002520786918,-111.88896024719563,40.76239011506398
3327,58,59,254.70664887562788,-111.88860485172724,40.762392852204215
3328,58,60,224.7130456725639,-111.88824945621002,40.76239558825019
3329,58,61,194.71944246949994,-111.88789406064397,40.76239832320192
3330,58,62,164.72583926643594,-111.88753866502913,40.76240105705938
3331,58,63,134.73223606337194,-111.8871832693655,40.7624037898226
3332,58,64,104.73863286030796,-111.88682787365309,40.76240652149155
3333,58,65,74.74502965724398,-111.88647247789194,40.762409252066234
3334,58,66,44.751426454180006,-111.88611708208208,40.76241198154667
3335,58,67,14.757823251116028,-111.88576168622349,40.76241470993284
3336,58,68,0.0,-111.88540629031623,40.76241743722474
3337,58,69,9.775711094504254,-111.88505089436029,40.7624201634224
3338,58,70,39.77565625586237,-111.8846954983557,40.76242288852578
3339,58,71,69.77560141722049,-111.88434010230249,40.76242561253492
3340,58,72,99.77554657857858,-111.88398470620066,40.76242833544978
3341,58,73,129.7754917399367,-111.88362931005024,40.76243105727038
3342,58,74,159.77543690129485,-111.88327391385126,40.76243377799673
3343,58,75,189.77538206265297,-111.88291851760373,40.762436497628805
3344,58,76,219.7753272240111,-111.88256312130765,40.762439216166634
3345,58,77,249.7752723853692,-111.88220772496308,40.76244193361018
3346,58,78,279.77521754672733,-111.88185232857,40.762444649959455
3347,58,79,309.7751627080854,-111.88149693212846,40.762447365214484
3348,58,80,339.77510786944356,-111.88114153563845,40.76245007937523
3349,59,0,333.4872590220093,-111.90957678415788,40.762499712887745
3350,59,1,303.48793724288385,-111.90922139011691,40.76250251352066
3351,59,2,273.4886154637584,-111.90886599602594,40.76250531305933
3352,59,3,243.48929368463283,-111.90851060188503,40.76250811150375
3353,59,4,213.4899719055073,-111.90815520769416,40.76251090885393
3354,59,5,183.49065012638175,-111.9077998134534,40.762513705109875
3355,59,6,153.49132834725623,-111.90744441916273,40.76251650027157
3356,59,7,123.4920065681307,-111.90708902482217,40.76251929433903
3357,59,8,93.49268478900518,-111.90673363043176,40.762522087312234
3358,59,9,63.49336300987965,-111.90637823599151,40.762524879191204
3359,59,10,33.494041230754135,-111.90602284150143,40.76252766997591
3360,59,11,3.494719451628606,-111.90566744696156,40.762530459666394
3361,59,12,0.0,-111.9053120523719,40.76253324826261
3362,59,13,0.0,-111.90495665773247,40.762536035764604
3363,59,14,29.096074823429078,-111.90460126304332,40.762538822172345
3364,59,15,59.08250058006058,-111.90424586830443,40.762541607485815
3365,59,16,89.0689263366921,-111.90389047351586,40.762544391705056
3366,59,17,119.05535209332359,-111.90353507867758,40.762547174830054
3367,59,57,315.31334450454364,-111.88931924462972,40.76265760254113
3368,59,58,285.31974130147967,-111.88896384777121,40.76266034080157
3369,59,59,255.32613809841575,-111.88860845086383,40.76266307796774
3370,59,60,225.33253489535176,-111.8882530539076,40.762665814039636
3371,59,61,195.3389316922878,-111.88789765690255,40.76266854901727
3372,59,62,165.3453284892238,-111.8875422598487,40.76267128290064
3373,59,63,135.35172528615982,-111.88718686274606,40.76267401568975
3374,59,64,105.35812208309582,-111.88683146559464,40.76267674738457
3375,59,65,75.36451888003184,-111.88647606839449,40.76267947798513
3376,59,66,45.37091567696786,-111.8861206711456,40.76268220749143
3377,59,67,15.377312473903881,-111.88576527384802,40.76268493590344
3378,59,68,0.0,-111.88540987650174,40.76268766322119
3379,59,69,9.456647266289485,-111.8850544791068,40.76269038944468
3380,59,70,39.44998124951494,-111.88469908166319,40.76269311457388
3381,59,71,69.44331523274039,-111.88434368417096,40.76269583860881
3382,59,72,99.43664921596586,-111.88398828663011,40.762698561549485
3383,59,73,129.42998319919133,-111.88363288904068,40.76270128339587
3384,59,74,159.42331718241678,-111.8832774914027,40.76270400414799
3385,59,75,189.4166511656422,-111.88292209371615,40.76270672380583
3386,59,76,219.4099851488677,-111.88256669598105,40.762709442369406
3387,59,77,249.40331913209315,-111.88221129819746,40.7627121598387
3388,59,78,279.39665311531854,-111.88185590036537,40.76271487621372
3389,59,79,309.38998709854405,-111.8815005024848,40.762717591494464
3390,59,80,339.3833210817695,-111.88114510455578,40.76272030568095
3391,60,0,333.8639508230772,-111.90958046824444,40.76276993709056
3392,60,1,303.8738395494256,-111.90922507276447,40.762772737750005
3393,60,2,273.88372827577405,-111.90886967723453,40.762775537315186
3394,60,3,243.89361700212245,-111.90851428165465,40.76277833578612
3395,60,4,213.90350572847086,-111.90815888602481,40.76278113316282
3396,60,5,183.91339445481927,-111.90780349034505,40.762783929445256
3397,60,6,153.92328318116768,-111.90744809461539,40.76278672463343
3398,60,7,123.9331719075161,-111.90709269883585,40.76278951872735
3399,60,8,93.94306063386452,-111.90673730300645,40.762792311727026
3400,60,9,63.952949360212926,-111.90638190712721,40.762795103632435
3401,60,10,33.96283808656135,-111.90602651119815,40.762797894443594
3402,60,11,3.9727268129097615,-111.90567111521929,40.7628006841605
3403,60,12,0.0,-111.90531571919065,40.76280347278315
3404,60,13,0.0,-111.90496032311223,40.76280626031154
3405,60,14,28.193705529832254,-111.90460492698408,40.76280904674567
3406,60,15,58.180131286463755,-111.90424953080621,40.76281183208555
3407,60,16,88.16655704309527,-111.90389413457864,40.76281461633117
3408,60,17,118.15298279972677,-111.90353873830136,40.76281739948252
3409,60,57,315.8413781385781,-111.88932284669322,40.76292782823982
3410,60,58,285.8453432456532,-111.88896744839566,40.7629305665262
3411,60,59,255.84930835272831,-111.88861205004926,40.7629333037183
3412,60,60,225.85327345980343,-111.88825665165402,40.76293603981612
3413,60,61,195.85723856687852,-111.88790125320993,40.762938774819666
3414,60,62,165.86120367395364,-111.88754585471706,40.762941508728936
3415,60,63,135.86516878102879,-111.88719045617539,40.76294424154392
3416,60,64,105.86913388810387,-111.88683505758495,40.76294697326464
3417,60,65,75.87309899517899,-111.88647965894576,40.76294970389107
3418,60,66,45.877064102254096,-111.88612426025786,40.76295243342323
3419,60,67,15.881029209329212,-111.88576886152123,40.762955161861086
3420,60,68,0.0,-111.88541346273593,40.76295788920469
3421,60,69,8.824257694353854,-111.88505806390194,40.762960615453984
3422,60,70,38.817591677579316,-111.8847026650193,40.76296334060901
3423,60,71,68.81092566080476,-111.88434726608806,40.76296606466976
3424,60,72,98.80425964403021,-111.88399186710818,40.76296878763621
3425,60,73,128.79759362725568,-111.88363646807971,40.7629715095084
3426,60,74,158.79092761048113,-111.88328106900268,40.7629742302863
3427,60,75,188.7842615937066,-111.8829256698771,40.762976949969904
3428,60,76,218.77759557693207,-111.88257027070296,40.76297966855923
3429,60,77,248.77092956015753,-111.88221487148033,40.762982386054276
3430,60,78,278.764263543383,-111.8818594722092,40.762985102455026
3431,60,79,308.75759752660844,-111.8815040728896,40.7629878177615
3432,60,80,338.7509315098339,-111.88114867352154,40.762990531973685
3433,61,0,334.63416234856606,-111.90958415238099,40.76304016128041
3434,61,1,304.6440510749145,-111.90922875546202,40.763042961966384
3435,61,2,274.6539398012629,-111.90887335849308,40.763045761558104
3436,61,3,244.66382852761132,-111.90851796147419,40.76304856005555
3437,61,4,214.67371725395975,-111.90816256440534,40.763051357458735
3438,61,5,184.68360598030816,-111.90780716728658,40.76305415376766
3439,61,6,154.69349470665657,-111.90745177011793,40.76305694898232
3440,61,7,124.703383433005,-111.90709637289939,40.76305974310272
3441,61,8,94.7132721593534,-111.90674097563098,40.76306253612885
3442,61,9,64.72316088570182,-111.90638557831274,40.76306532806071
3443,61,10,34.73304961205022,-111.90603018094467,40.76306811889832
3444,61,11,4.742938338398646,-111.9056747835268,40.763070908641645
3445,61,12,0.0,-111.90531938605915,40.76307369729072
3446,61,13,0.0,-111.90496398854172,40.76307648484551
3447,61,14,27.29133623623543,-111.90460859097458,40.763079271306054
3448,61,15,57.277761992866935,-111.90425319335769,40.76308205667232
3449,61,16,87.26418774949845,-111.9038977956911,40.76308484094432
3450,61,17,117.25061350612995,-111.90354239797482,40.76308762412204
3451,61,57,316.3291185433351,-111.88932644880558,40.76319805392555
3452,61,58,286.33308365041023,-111.88897104906899,40.76320079223787
3453,61,59,256.3370487574853,-111.88861564928354,40.76320352945591
3454,61,60,226.3410138645604,-111.88826024944925,40.76320626557965
3455,61,61,196.34497897163553,-111.88790484956613,40.763209000609116
3456,61,62,166.34894407871064,-111.88754944963421,40.763211734544285
3457,61,63,136.3529091857858,-111.88719404965349,40.76321446738516
3458,61,64,106.35687429286088,-111.886838649624,40.76321719913176
3459,61,65,76.36083939993598,-111.88648324954578,40.76321992978405
3460,61,66,46.364804507011094,-111.88612784941881,40.76322265934206
3461,61,67,16.368769614086204,-111.88577244924313,40.76322538780578
3462,61,68,0.0,-111.88541704901878,40.76322811517522
3463,61,69,8.19186812241822,-111.88506164874573,40.76323084145036
3464,61,70,38.18520210564368,-111.88470624842407,40.7632335666312
3465,61,71,68.17853608886912,-111.88435084805374,40.76323629071776
3466,61,72,98.17187007209458,-111.88399544763482,40.76323901371
3467,61,73,128.16520405532003,-111.8836400471673,40.76324173560798
3468,61,74,158.1585380385455,-111.88328464665122,40.76324445641164
3469,61,75,188.15187202177097,-111.88292924608656,40.76324717612102
3470,61,76,218.14520600499642,-111.88257384547339,40.763249894736106
3471,61,77,248.13853998822188,-111.8822184448117,40.76325261225689
3472,61,78,278.13187397144736,-111.88186304410151,40.763255328683385
3473,61,79,308.12520795467276,-111.88150764334284,40.763258044015586
3474,61,80,338.11854193789827,-111.88115224253573,40.76326075825349
3475,62,0,335.40437387405495,-111.90958783656754,40.76331038545728
3476,62,1,305.4142626004034,-111.90923243820956,40.76331318616978
3477,62,2,275.42415132675177,-111.9088770398016,40.763315985788026
3478,62,3,245.4340400531002,-111.90852164134368,40.76331878431199
3479,62,4,215.4439287794486,-111.90816624283582,40.76332158174168
3480,62,5,185.45381750579705,-111.90781084427805,40.76332437807711
3481,62,6,155.46370623214546,-111.90745544567035,40.76332717331824
3482,62,7,125.47359495849388,-111.90710004701279,40.76332996746511
3483,62,8,95.4834836848423,-111.90674464830536,40.7633327605177
3484,62,9,65.4933724111907,-111.9063892495481,40.763335552476015
3485,62,10,35.50326113753911,-111.906033850741,40.76333834334007
3486,62,11,5.513149863887529,-111.9056784518841,40.763341133109826
3487,62,12,0.0,-111.90532305297742,40.763343921785314
3488,62,13,0.0,-111.90496765402098,40.76334670936652
3489,62,14,28.290990484932433,-111.9046122550148,40.763349495853454
3490,62,15,58.260798722211696,-111.90425685595888,40.76335228124611
3491,62,16,88.23060695949098,-111.90390145685325,40.76335506554448
3492,62,17,118.20041519677027,-111.90354605769795,40.763357848748576
3493,62,18,148.17022343404955,-111.90319065849296,40.7633606308584
3494,62,57,316.8168589480921,-111.88933005096682,40.76346827959832
3495,62,58,286.82082405516724,-111.88897464979118,40.76347101793659
3496,62,59,256.8247891622423,-111.88861924856667,40.763473755180556
3497,62,60,226.82875426931741,-111.8882638472933,40.763476491330216
3498,62,61,196.83271937639253,-111.88790844597112,40.763479226385584
3499,62,62,166.83668448346765,-111.88755304460014,40.76348196034666
3500,62,63,136.84064959054277,-111.88719764318036,40.763484693213435
3501,62,64,106.84461469761787,-111.8868422417118,40.763487424985904
3502,62,65,76.84857980469297,-111.8864868401945,40.76349015566408
3503,62,66,46.85254491176809,-111.88613143862847,40.76349288524795
3504,62,67,16.8565100188432,-111.88577603701373,40.76349561373751
3505,62,68,0.0,-111.8854206353503,40.763498341132795
3506,62,69,7.55947855048259,-111.88506523363819,40.76350106743376
3507,62,70,37.55281253370805,-111.88470983187744,40.763503792640414
3508,62,71,67.54614651693349,-111.88435443006806,40.76350651675278
3509,62,72,97.53948050015894,-111.88399902821006,40.76350923977084
3510,62,73,127.53281448338443,-111.88364362630347,40.76351196169459
3511,62,74,157.52614846660987,-111.88328822434829,40.76351468252405
3512,62,75,187.51948244983535,-111.88293282234457,40.76351740225919
3513,62,76,217.5128164330608,-111.88257742029234,40.763520120900026
3514,62,77,247.50615041628623,-111.88222201819156,40.763522838446555
3515,62,78,277.4994843995117,-111.8818666160423,40.7635255548988
3516,62,79,307.4928183827372,-111.88151121384455,40.763528270256714
3517,62,80,337.4861523659626,-111.88115581159836,40.76353098452032
3518,63,0,336.17458539954384,-111.90959152080409,40.76358060962119
3519,63,1,306.1844741258922,-111.90923612100707,40.763583410360226
3520,63,2,276.19436285224066,-111.90888072116006,40.76358621000498
3521,63,3,246.2042515785891,-111.9085253212631,40.76358900855547
3522,63,4,216.2141403049375,-111.9081699213162,40.76359180601167
3523,63,5,186.2240290312859,-111.90781452131938,40.76359460237357
3524,63,6,156.23391775763434,-111.90745912127265,40.76359739764119
3525,63,7,126.24380648398275,-111.90710372117604,40.76360019181454
3526,63,8,96.25369521033117,-111.90674832102958,40.763602984893595
3527,63,9,66.26358393667958,-111.90639292083327,40.76360577687838
3528,63,10,36.273472663027995,-111.90603752058712,40.76360856776885
3529,63,11,6.283361389376413,-111.90568212029119,40.76361135756505
3530,63,12,0.0,-111.90532671994545,40.76361414626695
3531,63,13,0.0,-111.90497131954996,40.76361693387457
3532,63,14,29.636573711904038,-111.90461591910473,40.763619720387894
3533,63,15,59.60638194918331,-111.90426051860976,40.76362250580695
3534,63,16,89.5761901864626,-111.90390511806508,40.7636252901317
3535,63,17,119.54599842374188,-111.90354971747074,40.76362807336216
3536,63,18,149.51580666102114,-111.9031943168267,40.76363085549834
3537,63,19,179.48561489830044,-111.90283891613302,40.76363363654021
3538,63,20,209.4554231355797,-111.90248351538972,40.76363641648781
3539,63,21,239.42523137285897,-111.90212811459682,40.7636391953411
3540,63,22,269.39503961013827,-111.90177271375431,40.763641973100114
3541,63,23,299.36484784741754,-111.90141731286224,40.763644749764836
3542,63,24,329.33465608469675,-111.90106191192062,40.763647525335266
3543,63,57,317.3045993528491,-111.88933365317696,40.76373850525813
3544,63,58,287.30856445992424,-111.88897825056223,40.76374124362234
3545,63,59,257.31252956699933,-111.88862284789863,40.76374398089224
3546,63,60,227.31649467407442,-111.8882674451862,40.76374671706783
3547,63,61,197.32045978114954,-111.88791204242493,40.76374945214911
3548,63,62,167.32442488822466,-111.88755663961486,40.763752186136095
3549,63,63,137.32838999529977,-111.88720123675598,40.763754919028756
3550,63,64,107.33235510237486,-111.88684583384835,40.76375765082711
3551,63,65,77.33632020944998,-111.88649043089195,40.76376038153114
3552,63,66,47.34028531652508,-111.88613502788685,40.76376311114088
3553,63,67,17.344250423600197,-111.88577962483302,40.76376583965631
3554,63,68,0.0,-111.8854242217305,40.76376856707741
3555,63,69,6.927088978546958,-111.88506881857931,40.763771293404204
3556,63,70,36.92042296177242,-111.88471341537947,40.76377401863668
3557,63,71,66.91375694499786,-111.88435801213099,40.76377674277486
3558,63,72,96.90709092822331,-111.88400260883388,40.76377946581871
3559,63,73,126.9004249114488,-111.8836472054882,40.76378218776826
3560,63,74,156.89375889467425,-111.88329180209395,40.76378490862349
3561,63,75,186.8870928778997,-111.88293639865114,40.76378762838439
3562,63,76,216.88042686112516,-111.88258099515978,40.76379034705099
3563,63,77,246.8737608443506,-111.88222559161991,40.76379306462327
3564,63,78,276.86709482757607,-111.88187018803156,40.76379578110124
3565,63,79,306.8604288108015,-111.88151478439472,40.76379849648489
3566,63,80,336.853762794027,-111.88115938070942,40.76380121077422
3567,64,0,336.94479692503273,-111.90959520509062,40.76385083377212
3568,64,1,306.9546856513811,-111.90923980385455,40.7638536345377
3569,64,2,276.96457437772955,-111.90888440256849,40.76385643420899
3570,64,3,246.97446310407796,-111.90852900123248,40.763859232785975
3571,64,4,216.9843518304264,-111.9081735998465,40.76386203026867
3572,64,5,186.9942405567748,-111.90781819841062,40.763864826657084
3573,64,6,157.0041292831232,-111.90746279692485,40.763867621951185
3574,64,7,127.01401800947164,-111.90710739538918,40.76387041615101
3575,64,8,97.02390673582005,-111.90675199380364,40.76387320925652
3576,64,9,67.03379546216847,-111.90639659216826,40.76387600126773
3577,64,10,37.04368418851688,-111.90604119048305,40.76387879218466
3578,64,11,7.053572914865297,-111.90568578874804,40.763881582007286
3579,64,12,0.0,-111.90533038696326,40.763884370735624
3580,64,13,1.012348701596363,-111.90497498512869,40.76388715836965
3581,64,14,30.98215693887564,-111.90461958324438,40.76388994490938
3582,64,15,60.95196517615491,-111.90426418131035,40.76389273035481
3583,64,16,90.9217734134342,-111.90390877932661,40.76389551470594
3584,64,17,120.89158165071348,-111.90355337729319,40.763898297962776
3585,64,18,150.86138988799274,-111.90319797521009,40.76390108012531
3586,64,19,180.831198125272,-111.90284257307735,40.76390386119353
3587,64,20,210.8010063625513,-111.90248717089497,40.763906641167466
3588,64,21,240.77081459983057,-111.90213176866298,40.76390942004709
3589,64,22,270.74062283710987,-111.9017763663814,40.76391219783242
3590,64,23,300.71043107438913,-111.90142096405026,40.76391497452344
3591,64,24,330.68023931166834,-111.90106556166955,40.763917750120164
3592,64,57,317.7923397576061,-111.88933725543598,40.76400873090499
3593,64,58,287.79630486468125,-111.88898185138216,40.76401146929514
3594,64,59,257.8002699717563,-111.88862644727946,40.76401420659097
3595,64,60,227.8042350788314,-111.88827104312792,40.764016942792495
3596,64,61,197.80820018590651,-111.88791563892755,40.76401967789969
3597,64,62,167.81216529298166,-111.88756023467836,40.76402241191256
3598,64,63,137.81613040005678,-111.88720483038038,40.76402514483112
3599,64,64,107.82009550713187,-111.88684942603365,40.764027876655355
3600,64,65,77.82406061420697,-111.88649402163816,40.76403060738527
3601,64,66,47.82802572128208,-111.88613861719394,40.76403333702086
3602,64,67,17.831990828357192,-111.885783212701,40.76403606556214
3603,64,68,0.0,-111.88542780815936,40.76403879300908
3604,64,69,6.2946994066113255,-111.88507240356905,40.764041519361705
3605,64,70,36.28803338983679,-111.88471699893012,40.76404424462001
3606,64,71,66.28136737306222,-111.88436159424252,40.76404696878399
3607,64,72,96.2747013562877,-111.88400618950631,40.76404969185363
3608,64,73,126.26803533951315,-111.88365078472152,40.76405241382898
3609,64,74,156.26136932273863,-111.88329537988815,40.76405513470997
3610,64,75,186.25470330596406,-111.88293997500622,40.76405785449666
3611,64,76,216.2480372891895,-111.88258457007575,40.76406057318901
3612,64,77,246.24137127241497,-111.88222916509677,40.76406329078704
3613,64,78,276.23470525564045,-111.8818737600693,40.76406600729074
3614,64,79,306.2280392388659,-111.88151835499335,40.76406872270011
3615,64,80,336.2213732220913,-111.88116294986892,40.764071437015154
3616,65,0,337.71500845052157,-111.90959888942717,40.76412105791009
3617,65,1,307.72489717687,-111.90924348675202,40.764123858702206
3618,65,2,277.73478590321844,-111.90888808402688,40.764126658400016
3619,65,3,247.74467462956684,-111.90853268125178,40.76412945700351
3620,65,4,217.75456335591525,-111.90817727842673,40.76413225451272
3621,65,5,187.7644520822637,-111.90782187555178,40.76413505092762
3622,65,6,157.7743408086121,-111.90746647262691,40.764137846248204
3623,65,7,127.78422953496052,-111.90711106965216,40.764140640474494
3624,65,8,97.79411826130894,-111.90675566662755,40.76414343360648
3625,65,9,67.80400698765735,-111.90640026355308,40.76414622564414
3626,65,10,37.81389571400576,-111.90604486042879,40.76414901658751
3627,65,11,7.823784440354182,-111.9056894572547,40.76415180643656
3628,65,12,0.0,-111.90533405403083,40.76415459519131
3629,65,13,4.915006765709523,-111.90497865075717,40.76415738285175
3630,65,14,34.25643676258618,-111.90462324743378,40.764160169417885
3631,65,15,63.59786675946283,-111.90426784406066,40.76416295488971
3632,65,16,93.00890568676199,-111.90391244063784,40.764165739267206
3633,65,17,122.67673880460715,-111.90355703716531,40.76416852255041
3634,65,18,152.47461411795285,-111.90320163364312,40.76417130473931
3635,65,19,182.33878813105963,-111.90284623007128,40.764174085833886
3636,65,20,212.24127629607835,-111.90249082644982,40.76417686583415
3637,65,21,242.16788612545864,-111.90213542277874,40.76417964474011
3638,65,22,272.1106590656785,-111.90178001905807,40.76418242255175
3639,65,23,302.06478855345375,-111.90142461528782,40.764185199269086
3640,65,24,332.0272009798709,-111.90106921146804,40.764187974892096
3641,65,57,318.28008016236305,-111.88934085774389,40.764278956538895
3642,65,58,288.2840452694382,-111.88898545225095,40.76428169495499
3643,65,59,258.2880103765133,-111.88863004670914,40.76428443227675
3644,65,60,228.2919754835884,-111.88827464111846,40.76428716850419
3645,65,61,198.29594059066352,-111.88791923547898,40.7642899036373
3646,65,62,168.29990569773867,-111.88756382979066,40.76429263767608
3647,65,63,138.30387080481376,-111.88720842405357,40.76429537062053
3648,65,64,108.30783591188886,-111.88685301826769,40.76429810247064
3649,65,65,78.31180101896398,-111.88649761243309,40.76430083322642
3650,65,66,48.31576612603908,-111.88614220654972,40.764303562887875
3651,65,67,18.31973123311419,-111.88578680061767,40.764306291455
3652,65,68,0.0,-111.8854313946369,40.76430901892778
3653,65,69,5.6623098346756935,-111.88507598860748,40.76431174530625
3654,65,70,35.65564381790115,-111.8847205825294,40.764314470590364
3655,65,71,65.64897780112659,-111.88436517640267,40.76431719478015
3656,65,72,95.64231178435206,-111.88400977022734,40.7643199178756
3657,65,73,125.63564576757751,-111.8836543640034,40.764322639876724
3658,65,74,155.62897975080298,-111.8832989577309,40.7643253607835
3659,65,75,185.62231373402844,-111.88294355140984,40.76432808059595
3660,65,76,215.6156477172539,-111.88258814504024,40.76433079931407
3661,65,77,245.60898170047935,-111.88223273862214,40.76433351693784
3662,65,78,275.60231568370483,-111.88187733215551,40.764336233467276
3663,65,79,305.5956496669302,-111.88152192564043,40.76433894890238
3664,65,80,335.58898365015574,-111.88116651907687,40.76434166324314
3665,66,0,338.4852199760105,-111.90960257381371,40.764391282035085
3666,66,1,308.4951087023589,-111.90924716969947,40.764394082853734
3667,66,2,278.5049974287073,-111.90889176553524,40.76439688257807
3668,66,3,248.51488615505573,-111.90853636132104,40.7643996812081
3669,66,4,218.52477488140414,-111.9081809570569,40.76440247874379
3670,66,5,188.53466360775258,-111.90782555274284,40.76440527518519
3671,66,6,158.544552334101,-111.90747014837886,40.764408070532255
3672,66,7,128.5544410604494,-111.90711474396501,40.76441086478502
3673,66,8,98.56432978679781,-111.90675933950129,40.76441365794346
3674,66,9,68.57421851314623,-111.90640393498772,40.76441645000759
3675,66,10,38.58410723949465,-111.90604853042433,40.76441924097739
3676,66,11,8.593995965843066,-111.90569312581114,40.76442203085287
3677,66,12,0.0,-111.90533772114814,40.764424819634044
3678,66,13,11.166445459193373,-111.9049823164354,40.7644276073209
3679,66,14,40.507875456070025,-111.9046269116729,40.76443039391343
3680,66,15,69.84930545294668,-111.90427150686067,40.76443317941165
3681,66,16,99.19073544982334,-111.90391610199873,40.76443596381553
3682,66,17,128.5321654467,-111.90356069708712,40.76443874712509
3683,66,18,157.87359544357665,-111.9032052921258,40.76444152934035
3684,66,19,187.2150254404533,-111.90284988711485,40.76444431046127
3685,66,20,216.55645543732993,-111.90249448205428,40.76444709048788
3686,66,21,245.95968910083516,-111.9021390769441,40.76444986942016
3687,66,22,275.4906429795109,-111.9017836717843,40.764452647258125
3688,66,23,305.1131266857412,-111.90142826657494,40.76445542400176
3689,66,24,334.8028461387895,-111.90107286131604,40.76445819965108
3690,66,57,318.76782056712005,-111.8893444601007,40.76454918215983
3691,66,58,288.7717856741952,-111.8889890531686,40.764551920601875
3692,66,59,258.7757507812703,-111.88863364618764,40.764554657949574
3693,66,60,228.7797158883454,-111.88827823915784,40.76455739420294
3694,66,61,198.78368099542053,-111.8879228320792,40.76456012936197
3695,66,62,168.78764610249564,-111.88756742495175,40.76456286342664
3696,66,63,138.79161120957076,-111.88721201777551,40.764565596396984
3697,66,64,108.79557631664585,-111.8868566105505,40.76456832827298
3698,66,65,78.79954142372097,-111.88650120327674,40.76457105905463
3699,66,66,48.80350653079608,-111.88614579595423,40.76457378874195
3700,66,67,18.80747163787119,-111.88579038858303,40.764576517334916
3701,66,68,0.0,-111.88543498116312,40.76457924483355
3702,66,69,5.029920262740061,-111.88507957369454,40.76458197123783
3703,66,70,35.023254245965525,-111.8847241661773,40.76458469654777
3704,66,71,65.01658822919097,-111.88436875861143,40.76458742076338
3705,66,72,95.00992221241641,-111.88401335099695,40.764590143884625
3706,66,73,125.00325619564188,-111.88365794333387,40.76459286591153
3707,66,74,154.99659017886734,-111.88330253562222,40.764595586844095
3708,66,75,184.9899241620928,-111.882947127862,40.76459830668231
3709,66,76,214.98325814531825,-111.88259172005324,40.764601025426174
3710,66,77,244.97659212854373,-111.88223631219597,40.764603743075696
3711,66,78,274.96992611176915,-111.88188090429021,40.76460645963087
3712,66,79,304.9632600949946,-111.88152549633597,40.7646091750917
3713,66,80,334.9565940782201,-111.88117008833325,40.764611889458166
3714,67,0,339.2554315014994,-111.90960625825026,40.76466150614711
3715,67,1,309.26532022784784,-111.90925085269691,40.76466430699229
3716,67,2,279.2752089541962,-111.90889544709356,40.76466710674316
3717,67,3,249.2850976805446,-111.90854004144023,40.764669905399685
3718,67,4,219.29498640689303,-111.90818463573697,40.764672702961896
3719,67,5,189.30487513324147,-111.9078292299838,40.76467549942978
3720,67,6,159.31476385958987,-111.9074738241807,40.76467829480334
3721,67,7,129.3246525859383,-111.90711841832773,40.76468108908257
3722,67,8,99.33454131228672,-111.90676301242489,40.76468388226748
3723,67,9,69.34443003863512,-111.9064076064722,40.764686674358046
3724,67,10,39.35431876498353,-111.90605220046969,40.764689465354294
3725,67,11,9.36420749133195,-111.90569679441737,40.764692255256215
3726,67,12,0.0,-111.90534138831525,40.764695044063814
3727,67,13,17.41788415267722,-111.90498598216338,40.76469783177706
3728,67,14,46.75931414955388,-111.90463057596175,40.764700618396
3729,67,15,76.10074414643054,-111.9042751697104,40.7647034039206
3730,67,16,105.44217414330718,-111.90391976340933,40.76470618835087
3731,67,17,134.78360414018385,-111.90356435705857,40.764708971686815
3732,67,18,164.1250341370605,-111.90320895065814,40.76471175392842
3733,67,19,193.46646413393714,-111.90285354420807,40.7647145350757
3734,67,20,222.80789413081382,-111.90249813770835,40.76471731512864
3735,67,21,252.14932412769045,-111.90214273115903,40.764720094087245
3736,67,22,281.49075412456716,-111.90178732456012,40.76472287195153
3737,67,23,310.8321841214438,-111.90143191791162,40.764725648721466
3738,67,24,340.1736141183204,-111.90107651121359,40.76472842439708
3739,67,57,319.25556097187706,-111.88934806250639,40.764819407767824
3740,67,58,289.2595260789522,-111.88899265413514,40.7648221462358
3741,67,59,259.2634911860273,-111.88863724571502,40.76482488360943
3742,67,60,229.2674562931024,-111.88828183724604,40.76482761988872
3743,67,61,199.2714214001775,-111.88792642872824,40.76483035507366
3744,67,62,169.27538650725265,-111.88757102016164,40.76483308916424
3745,67,63,139.27935161432777,-111.88721561154624,40.764835822160464
3746,67,64,109.28331672140285,-111.88686020288205,40.76483855406235
3747,67,65,79.28728182847796,-111.88650479416911,40.764841284869874
3748,67,66,49.29124693555307,-111.88614938540745,40.76484401458305
3749,67,67,19.295212042628183,-111.88579397659709,40.76484674320188
3750,67,68,0.0,-111.885438567738,40.764849470726354
3751,67,69,4.3975306908044285,-111.88508315883026,40.764852197156465
3752,67,70,34.39086467402989,-111.88472774987386,40.764854922492226
3753,67,71,64.38419865725533,-111.88437234086882,40.76485764673363
3754,67,72,94.37753264048078,-111.88401693181515,40.76486036988067
3755,67,73,124.37086662370626,-111.88366152271291,40.76486309193337
3756,67,74,154.36420060693172,-111.88330611356209,40.76486581289171
3757,67,75,184.35753459015717,-111.8829507043627,40.764868532755706
3758,67,76,214.35086857338263,-111.88259529511477,40.76487125152533
3759,67,77,244.34420255660808,-111.88223988581832,40.764873969200586
3760,67,78,274.33753653983354,-111.88188447647339,40.7648766857815
3761,67,79,304.33087052305905,-111.88152906707997,40.76487940126806
3762,67,80,334.32420450628445,-111.88117365763807,40.76488211566025
3763,68,0,340.0256430269883,-111.90960994273684,40.76493173024617
3764,68,1,310.03553175333667,-111.90925453574432,40.764934531117895
3765,68,2,280.0454204796851,-111.90889912870183,40.76493733089527
3766,68,3,250.05530920603354,-111.90854372160939,40.76494012957833
3767,68,4,220.06519793238195,-111.90818831446698,40.764942927167034
3768,68,5,190.07508665873036,-111.90783290727467,40.76494572366142
3769,68,6,160.08497538507876,-111.90747750003243,40.764948519061456
3770,68,7,130.09486411142717,-111.90712209274031,40.76495131336716
3771,68,8,100.10475283777559,-111.90676668539834,40.76495410657852
3772,68,9,70.114641564124,-111.9064112780065,40.76495689869556
3773,68,10,40.124530290472414,-111.90605587056484,40.764959689718246
3774,68,11,10.134419016820836,-111.90570046307337,40.764962479646584
3775,68,12,0.0,-111.90534505553212,40.76496526848061
3776,68,13,23.669322846161077,-111.90498964794111,40.76496805622028
3777,68,14,53.01075284303773,-111.90463424030033,40.764970842865615
3778,68,15,82.35218283991438,-111.90427883260982,40.764973628416605
3779,68,16,111.69361283679103,-111.9039234248696,40.764976412873246
3780,68,17,141.0350428336677,-111.9035680170797,40.764979196235565
3781,68,18,170.37647283054434,-111.90321260924013,40.76498197850353
3782,68,19,199.717902827421,-111.9028572013509,40.76498475967715
3783,68,20,229.05933282429766,-111.90250179341204,40.76498753975643
3784,68,21,258.4007628211743,-111.90214638542356,40.764990318741376
3785,68,22,287.74219281805097,-111.9017909773855,40.76499309663197
3786,68,23,317.08362281492765,-111.90143556929785,40.76499587342822
3787,68,24,346.4250528118043,-111.90108016116066,40.76499864913012
3788,68,57,319.62645701320093,-111.88935166496096,40.76508963336284
3789,68,58,289.62718541605636,-111.88899625515053,40.76509237185677
3790,68,59,259.6279138189118,-111.88864084529123,40.76509510925635
3791,68,60,229.6286422217672,-111.88828543538308,40.76509784556155
3792,68,61,199.6293706246226,-111.8879300254261,40.765100580772405
3793,68,62,169.63009902747802,-111.8875746154203,40.76510331488889
3794,68,63,139.63082743033343,-111.88721920536571,40.76510604791101
3795,68,64,109.63155583318884,-111.88686379526236,40.76510877983878
3796,68,65,79.63228423604426,-111.88650838511025,40.765111510672185
3797,68,66,49.6330126388997,-111.8861529749094,40.765114240411215
3798,68,67,19.63374104175511,-111.88579756465984,40.76511696905589
3799,68,68,0.0,-111.88544215436157,40.7651196966062
3800,68,69,3.8377685376732464,-111.88508674401463,40.765122423062145
3801,68,70,33.83410709871408,-111.88473133361904,40.76512514842373
3802,68,71,63.830445659754915,-111.88437592317482,40.76512787269094
3803,68,72,93.82678422079577,-111.88402051268197,40.765130595863795
3804,68,73,123.82312278183659,-111.88366510214053,40.765133317942286
3805,68,74,153.81946134287745,-111.88330969155051,40.76513603892639
3806,68,75,183.81579990391828,-111.88295428091192,40.765138758816136
3807,68,76,213.8121384649591,-111.8825988702248,40.76514147761153
3808,68,77,243.80847702599993,-111.88224345948917,40.765144195312544
3809,68,78,273.8048155870407,-111.88188804870502,40.765146911919196
3810,68,79,303.80115414808154,-111.88153263787243,40.76514962743148
3811,68,80,333.79749270912237,-111.88117722699134,40.76515234184938
3812,69,0,340.7958545524772,-111.90961362727337,40.76520195433227
3813,69,1,310.80574327882556,-111.90925821884171,40.76520475523051
3814,69,2,280.815632005174,-111.90890281036008,40.76520755503442
3815,69,3,250.8255207315224,-111.90854740182847,40.765210353743996
3816,69,4,220.83540945787084,-111.9081919932469,40.765213151359205
3817,69,5,190.84529818421925,-111.90783658461544,40.76521594788008
3818,69,6,160.85518691056765,-111.90748117593404,40.765218743306605
3819,69,7,130.86507563691606,-111.90712576720277,40.76522153763878
3820,69,8,100.87496436326448,-111.90677035842161,40.765224330876606
3821,69,9,70.88485308961289,-111.90641494959064,40.76522712302009
3822,69,10,40.894741815961304,-111.9060595407098,40.76522991406922
3823,69,11,10.90463054230972,-111.90570413177917,40.765232704024015
3824,69,12,0.0,-111.90534872279876,40.76523549288444
3825,69,13,26.509488467868234,-111.90499331376857,40.76523828065052
3826,69,14,56.50260308391717,-111.90463790468863,40.76524106732226
3827,69,15,86.49571769996611,-111.90428249555896,40.76524385289964
3828,69,16,116.48883231601506,-111.90392708637958,40.765246637382674
3829,69,17,146.48194693206398,-111.90357167715051,40.76524942077135
3830,69,18,176.47506154811293,-111.90321626787177,40.76525220306568
3831,69,19,205.96934152090486,-111.90286085854336,40.765254984265646
3832,69,20,235.3107715177815,-111.90250544916533,40.76525776437127
3833,69,21,264.65220151465815,-111.90215003973769,40.76526054338254
3834,69,22,293.99363151153483,-111.90179463026045,40.76526332129945
3835,69,23,323.33506150841146,-111.90143922073364,40.76526609812201
3836,69,57,319.8355111706684,-111.88935526746442,40.76535985894492
3837,69,58,289.8362395735238,-111.88899985621481,40.765362597464794
3838,69,59,259.83696797637924,-111.8886444449163,40.7653653348903
3839,69,60,229.83769637923464,-111.88828903356895,40.76536807122143
3840,69,61,199.83842478209007,-111.88793362217277,40.76537080645819
3841,69,62,169.83915318494547,-111.88757821072777,40.76537354060058
3842,69,63,139.8398815878009,-111.88722279923398,40.76537627364859
3843,69,64,109.8406099906563,-111.88686738769141,40.76537900560224
3844,69,65,79.84133839351172,-111.8865119761001,40.765381736461514
3845,69,66,49.842066796367156,-111.88615656446004,40.765384466226415
3846,69,67,19.842795199222568,-111.88580115277128,40.76538719489694
3847,69,68,0.0,-111.88544574103382,40.76538992247309
3848,69,69,3.3690757476553075,-111.88509032924766,40.765392648954865
3849,69,70,33.36541430869614,-111.88473491741287,40.76539537434226
3850,69,71,63.361752869736975,-111.88437950552944,40.7653980986353
3851,69,72,93.35809143077783,-111.88402409359738,40.76540082183394
3852,69,73,123.35442999181866,-111.88366868161673,40.76540354393822
3853,69,74,153.3507685528595,-111.88331326958749,40.76540626494811
3854,69,75,183.34710711390034,-111.88295785750971,40.76540898486363
3855,69,76,213.34344567494117,-111.88260244538337,40.76541170368478
3856,69,77,243.339784235982,-111.88224703320851,40.76541442141155
3857,69,78,273.33612279702277,-111.88189162098517,40.76541713804392
3858,69,79,303.3324613580636,-111.88153620871333,40.765419853581925
3859,69,80,333.3287999191044,-111.88118079639304,40.765422568025556
3860,70,0,341.566066077966,-111.90961731185993,40.76547217840538
3861,70,1,311.57595480431445,-111.9092619019891,40.76547497933017
3862,70,2,281.5858435306629,-111.90890649206828,40.765477779160605
3863,70,3,251.5957322570113,-111.9085510820975,40.76548057789669
3864,70,4,221.6056209833597,-111.90819567207676,40.7654833755384
3865,70,5,191.61550970970814,-111.9078402620061,40.76548617208578
3866,70,6,161.6253984360565,-111.90748485188554,40.76548896753878
3867,70,7,131.63528716240495,-111.90712944171509,40.76549176189742
3868,70,8,101.64517588875336,-111.90677403149476,40.76549455516172
3869,70,9,71.65506461510178,-111.90641862122459,40.76549734733166
3870,70,10,41.664953341450186,-111.90606321090458,40.76550013840723
3871,70,11,11.674842067798606,-111.90570780053477,40.76550292838845
3872,70,12,0.0,-111.90535239011517,40.765505717275296
3873,70,13,25.866778868942394,-111.9049969796458,40.76550850506781
3874,70,14,55.85989348499133,-111.90464156912668,40.76551129176593
3875,70,15,85.85300810104027,-111.90428615855781,40.76551407736971
3876,70,16,115.84612271708922,-111.90393074793924,40.76551686187912
3877,70,17,145.83923733313813,-111.903575337271,40.76551964529417
3878,70,18,175.83235194918709,-111.90321992655305,40.765522427614854
3879,70,19,205.825466565236,-111.90286451578547,40.76552520884117
3880,70,20,235.81858118128497,-111.90250910496825,40.765527988973126
3881,70,21,265.8116957973339,-111.90215369410141,40.76553076801073
3882,70,22,295.8048104133828,-111.90179828318499,40.76553354595396
3883,70,23,325.7979250294318,-111.90144287221896,40.76553632280283
3884,70,57,320.04456532813583,-111.88935887001679,40.76563008451403
3885,70,58,290.04529373099126,-111.88900345732795,40.76563282305985
3886,70,59,260.0460221338467,-111.88864804459023,40.765635560511285
3887,70,60,230.04675053670212,-111.88829263180365,40.76563829686834
3888,70,61,200.04747893955752,-111.88793721896825,40.765641032131015
3889,70,62,170.04820734241295,-111.88758180608403,40.76564376629931
3890,70,63,140.04893574526832,-111.88722639315102,40.76564649937322
3891,70,64,110.04966414812377,-111.88687098016923,40.76564923135275
3892,70,65,80.05039255097918,-111.88651556713869,40.7656519622379
3893,70,66,50.05112095383461,-111.88616015405941,40.765654692028654
3894,70,67,20.051849356690028,-111.88580474093142,40.765657420725034
3895,70,68,0.0,-111.88544932775473,40.76566014832702
3896,70,69,2.900382957637369,-111.88509391452935,40.765662874834625
3897,70,70,32.8967215186782,-111.88473850125533,40.76566560024785
3898,70,71,62.893060079719035,-111.88438308793266,40.76566832456668
3899,70,72,92.8893986407599,-111.88402767456138,40.765671047791145
3900,70,73,122.88573720180072,-111.8836722611415,40.7656737699212
3901,70,74,152.88207576284157,-111.88331684767303,40.76567649095687
3902,70,75,182.8784143238824,-111.88296143415602,40.76567921089817
3903,70,76,212.87475288492323,-111.88260602059046,40.76568192974507
3904,70,77,242.87109144596405,-111.88225060697636,40.76568464749758
3905,70,78,272.8674300070048,-111.88189519331378,40.765687364155696
3906,70,79,302.86376856804566,-111.8815397796027,40.76569007971943
3907,70,80,332.8601071290865,-111.88118436584318,40.765692794188766
3908,71,0,342.3362776034549,-111.9096209964965,40.765742402465534
3909,71,1,312.34616632980334,-111.90926558518649,40.76574520341686
3910,71,2,282.3560550561518,-111.90891017382646,40.76574800327381
3911,71,3,252.36594378250018,-111.90855476241649,40.765750802036415
3912,71,4,222.3758325088486,-111.90819935095655,40.765753599704645
3913,71,5,192.385721235197,-111.90784393944669,40.7657563962785
3914,71,6,162.3956099615454,-111.90748852788693,40.765759191757994
3915,71,7,132.4054986878938,-111.90713311627728,40.76576198614312
3916,71,8,102.41538741424223,-111.90677770461774,40.765764779433866
3917,71,9,72.42527614059065,-111.90642229290837,40.76576757163026
3918,71,10,42.43516486693907,-111.90606688114917,40.76577036273229
3919,71,11,12.44505359328749,-111.90571146934015,40.765773152739925
3920,71,12,0.0,-111.90535605748134,40.76577594165321
3921,71,13,25.22406927001656,-111.90500064557277,40.76577872947211
3922,71,14,55.2171838860655,-111.90464523361445,40.76578151619664
3923,71,15,85.21029850211444,-111.90428982160638,40.765784301826805
3924,71,16,115.20341311816337,-111.90393440954861,40.7657870863626
3925,71,17,145.1965277342123,-111.90357899744114,40.76578986980401
3926,71,18,175.18964235026124,-111.903223585284,40.76579265215106
3927,71,19,205.1827569663102,-111.9028681730772,40.76579543340373
3928,71,20,234.5423689412244,-111.90251276082077,40.76579821356203
3929,71,21,263.139288072185,-111.90215734851473,40.765800992625955
3930,71,22,291.7362072031456,-111.90180193615909,40.76580377059551
3931,71,23,320.3331263341062,-111.90144652375386,40.76580654747068
3932,71,57,320.25361948560334,-111.88936247261805,40.76590031007017
3933,71,58,290.2543478884587,-111.88900705848997,40.765903048641945
3934,71,59,260.25507629131414,-111.888651644313,40.76590578611932
3935,71,60,230.25580469416957,-111.88829623008719,40.7659085225023
3936,71,61,200.256533097025,-111.88794081581256,40.76591125779089
3937,71,62,170.2572614998804,-111.88758540148909,40.76591399198509
3938,71,63,140.25798990273583,-111.88722998711684,40.7659167250849
3939,71,64,110.25871830559123,-111.8868745726958,40.7659194570903
3940,71,65,80.25944670844665,-111.88651915822602,40.76592218800132
3941,71,66,50.260175111302075,-111.88616374370748,40.76592491781795
3942,71,67,20.260903514157487,-111.88580832914025,40.76592764654018
3943,71,68,0.0,-111.88545291452432,40.76593037416801
3944,71,69,2.431690167619431,-111.8850974998597,40.765933100701446
3945,71,70,32.428028728660266,-111.88474208514643,40.765935826140485
3946,71,71,62.424367289701095,-111.88438667038452,40.76593855048513
3947,71,72,92.42070585074195,-111.88403125557397,40.76594127373538
3948,71,73,122.41704441178278,-111.88367584071484,40.765943995891234
3949,71,74,152.41338297282363,-111.88332042580714,40.76594671695269
3950,71,75,182.40972153386446,-111.88296501085087,40.76594943691975
3951,71,76,212.40606009490529,-111.88260959584605,40.765952155792405
3952,71,77,242.40239865594612,-111.88225418079271,40.76595487357067
3953,71,78,272.3987372169869,-111.88189876569088,40.76595759025453
3954,71,79,302.3950757780277,-111.88154335054055,40.76596030584399
3955,71,80,332.3914143390686,-111.88118793534177,40.76596302033904
3956,72,0,343.1064891289438,-111.90962468118308,40.7660126265127
3957,72,1,313.1163778552922,-111.90926926843383,40.76601542749056
3958,72,2,283.1262665816406,-111.90891385563461,40.76601822737405
3959,72,3,253.13615530798904,-111.9085584427854,40.76602102616316
3960,72,4,223.14604403433748,-111.90820302988625,40.76602382385789
3961,72,5,193.1559327606859,-111.90784761693718,40.76602662045824
3962,72,6,163.1658214870343,-111.9074922039382,40.766029415964226
3963,72,7,133.17571021338273,-111.90713679088933,40.766032210375826
3964,72,8,103.18559893973112,-111.90678137779058,40.76603500369304
3965,72,9,73.19548766607954,-111.906425964642,40.766037795915885
3966,72,10,43.20537639242796,-111.90607055144356,40.76604058704434
3967,72,11,13.215265118776372,-111.90571513819533,40.766043377078425
3968,72,12,0.0,-111.9053597248973,40.76604616601812
3969,72,13,24.581359671090723,-111.90500431154949,40.76604895386344
3970,72,14,53.893538333383106,-111.90464889815195,40.76605174061437
3971,72,15,82.49045746434372,-111.90429348470467,40.76605452627093
3972,72,16,111.08737659530435,-111.90393807120766,40.7660573108331
3973,72,17,139.68429572626496,-111.90358265766096,40.7660600943009
3974,72,18,168.28121485722556,-111.9032272440646,40.7660628766743
3975,72,19,196.8781339881862,-111.90287183041856,40.76606565795331
3976,72,20,225.47505311914682,-111.90251641672292,40.76606843813796
3977,72,21,254.07197225010745,-111.90216100297764,40.76607121722821
3978,72,22,282.668891381068,-111.90180558918277,40.766073995224076
3979,72,23,311.2658105120287,-111.90145017533833,40.76607677212556
3980,72,24,339.86272964298934,-111.90109476144431,40.76607954793265
3981,72,25,344.78448805967486,-111.90073934750077,40.76608232264537
3982,72,26,344.8629533536326,-111.90038393350771,40.76608509626369
3983,72,27,344.94141864759035,-111.90002851946514,40.76608786878762
3984,72,28,345.019883941548,-111.8996731053731,40.76609064021717
3985,72,56,346.74643202459447,-111.88972149078664,40.76616779592126
3986,72,57,320.46267364307073,-111.88936607526819,40.76617053561337
3987,72,58,290.46340204592616,-111.88901065970084,40.76617327421108
3988,72,59,260.4641304487816,-111.88865524408463,40.76617601171439
3989,72,60,230.46485885163705,-111.88829982841956,40.766178748123295
3990,72,61,200.46558725449245,-111.88794441270566,40.7661814834378
3991,72,62,170.46631565734788,-111.88758899694294,40.76618421765789
3992,72,63,140.46704406020328,-111.88723358113143,40.76618695078359
3993,72,64,110.46777246305868,-111.88687816527113,40.76618968281489
3994,72,65,80.46850086591411,-111.88652274936207,40.766192413751774
3995,72,66,50.46922926876954,-111.8861673334043,40.76619514359427
3996,72,67,20.469957671624947,-111.88581191739779,40.766197872342346
3997,72,68,0.0,-111.88545650134259,40.76620059999602
3998,72,69,1.9629973776014924,-111.8851010852387,40.76620332655529
3999,72,70,31.959335938642326,-111.88474566908616,40.76620605202016
4000,72,71,61.95567449968316,-111.884390252885,40.766208776390606
4001,72,72,91.95201306072401,-111.88403483663518,40.76621149966666
4002,72,73,121.94835162176484,-111.88367942033678,40.7662142218483
4003,72,74,151.9446901828057,-111.8833240039898,40.76621694293554
4004,72,75,181.94102874384652,-111.88296858759426,40.76621966292837
4005,72,76,211.93736730488735,-111.88261317115018,40.76622238182678
4006,72,77,241.93370586592818,-111.88225775465757,40.766225099630795
4007,72,78,271.93004442696895,-111.88190233811645,40.76622781634039
4008,72,79,301.9263829880098,-111.88154692152686,40.76623053195558
4009,72,80,331.92272154905066,-111.88119150488879,40.766233246476354
4010,73,0,343.8767006544327,-111.90962836591964,40.766282850546915
4011,73,1,313.8865893807811,-111.90927295173118,40.76628565155132
4012,73,2,283.8964781071295,-111.90891753749271,40.76628845146132
4013,73,3,253.90636683347793,-111.90856212320428,40.76629125027696
4014,73,4,223.91625555982634,-111.9082067088659,40.76629404799819
4015,73,5,193.92614428617478,-111.90785129447758,40.76629684462503
4016,73,6,163.93603301252318,-111.90749588003936,40.7662996401575
4017,73,7,133.9459217388716,-111.90714046555125,40.76630243459557
4018,73,8,103.95581046522003,-111.90678505101327,40.766305227939256
4019,73,9,73.96569919156842,-111.90642963642543,40.766308020188546
4020,73,10,43.97558791791684,-111.90607422178778,40.76631081134346
4021,73,11,13.985476644265258,-111.90571880710029,40.766313601403965
4022,73,12,0.0,-111.90536339236301,40.766316390370086
4023,73,13,16.229303380344902,-111.90500797757598,40.76631917824182
4024,73,14,44.82622251130553,-111.90465256273919,40.76632196501916
4025,73,15,73.42314164226615,-111.90429714785266,40.766324750702104
4026,73,16,102.02006077322676,-111.90394173291641,40.76632753529066
4027,73,17,130.6169799041874,-111.90358631793046,40.766330318784824
4028,73,18,159.213899035148,-111.90323090289486,40.766333101184586
4029,73,19,187.81081816610862,-111.90287548780958,40.766335882489955
4030,73,20,216.40773729706925,-111.90252007267468,40.76633866270093
4031,73,21,245.00465642802985,-111.90216465749015,40.76634144181751
4032,73,22,273.67283332873006,-111.90180924225604,40.766344219839695
4033,73,23,302.5861714445452,-111.90145382697233,40.76634699676749
4034,73,24,314.7061253792652,-111.90109841163907,40.766349772600876
4035,73,25,314.7845906732229,-111.90074299625628,40.76635254733988
4036,73,26,314.8630559671807,-111.90038758082396,40.766355320984474
4037,73,27,314.9415212611384,-111.90003216534215,40.76635809353468
4038,73,28,315.0199865550962,-111.89967674981085,40.76636086499048
4039,73,29,315.1083527253924,-111.8993213342301,40.76636363535189
4040,73,30,316.8479085834135,-111.8989659185999,40.76636640461889
4041,73,31,321.39060407867566,-111.89861050292028,40.7663691727915
4042,73,32,328.6202118044916,-111.89825508719126,40.76637193986971
4043,73,33,338.3645472309441,-111.89789967141286,40.76637470585351
4044,73,54,342.6795640242992,-111.89043592869363,40.766432538706184
4045,73,55,329.3357068786913,-111.89008051183376,40.76643528061307
4046,73,56,318.26833340860475,-111.88972509492494,40.76643802142555
4047,73,57,309.72157864135704,-111.88936967796722,40.76644076114361
4048,73,58,290.67245620339366,-111.88901426096061,40.76644349976726
4049,73,59,260.6731846062491,-111.8886588439051,40.76644623729652
4050,73,60,230.6739130091045,-111.88830342680076,40.766448973731336
4051,73,61,200.67464141195993,-111.88794800964757,40.76645170907175
4052,73,62,170.67536981481533,-111.88759259244559,40.76645444331776
4053,73,63,140.67609821767076,-111.88723717519478,40.76645717646935
4054,73,64,110.67682662052614,-111.88688175789521,40.76645990852653
4055,73,65,80.67755502338156,-111.88652634054688,40.7664626394893
4056,73,66,50.678283426236995,-111.8861709231498,40.76646536935764
4057,73,67,20.679011829092406,-111.88581550570403,40.766468098131575
4058,73,68,0.0,-111.88546008820954,40.7664708258111
4059,73,69,1.494304587583554,-111.88510467066637,40.76647355239619
4060,73,70,31.490643148624386,-111.88474925307455,40.76647627788688
4061,73,71,61.48698170966522,-111.88439383543408,40.76647900228315
4062,73,72,91.48332027070607,-111.88403841774499,40.766481725584995
4063,73,73,121.4796588317469,-111.8836830000073,40.76648444779243
4064,73,74,151.47599739278775,-111.88332758222103,40.76648716890545
4065,73,75,181.47233595382858,-111.8829721643862,40.766489888924035
4066,73,76,211.4686745148694,-111.88261674650282,40.766492607848214
4067,73,77,241.46501307591024,-111.88226132857092,40.76649532567798
4068,73,78,271.461351636951,-111.88190591059052,40.76649804241332
4069,73,79,301.45769019799184,-111.88155049256163,40.76650075805423
4070,73,80,331.4540287590327,-111.88119507448428,40.76650347260073
4071,74,0,344.6469121799216,-111.90963205070624,40.76655307456815
4072,74,1,314.65680090626995,-111.90927663507851,40.76655587559909
4073,74,2,284.6666896326184,-111.90892121940078,40.76655867553562
4074,74,3,254.67657835896682,-111.9085658036731,40.76656147437777
4075,74,4,224.68646708531523,-111.90821038789545,40.766564272125514
4076,74,5,194.69635581166364,-111.90785497206788,40.76656706877886
4077,74,6,164.70624453801207,-111.90749955619042,40.7665698643378
4078,74,7,134.71613326436048,-111.90714414026304,40.76657265880235
4079,74,8,104.7260219907089,-111.9067887242858,40.766575452172496
4080,74,9,74.73591071705731,-111.90643330825871,40.76657824444824
4081,74,10,44.74579944340572,-111.90607789218178,40.76658103562959
4082,74,11,14.755688169754139,-111.90572247605505,40.76658382571654
4083,74,12,0.0,-111.90536705987851,40.766586614709084
4084,74,13,7.1619875582673185,-111.90501164365222,40.76658940260722
4085,74,14,35.758906689227935,-111.90465622737615,40.766592189410964
4086,74,15,64.35582582018856,-111.90430081105035,40.76659497512029
4087,74,16,92.95274495114919,-111.90394539467485,40.766597759735234
4088,74,17,121.54966408210981,-111.90358997824964,40.766600543255755
4089,74,18,150.14658321307041,-111.90323456177475,40.7666033256819
4090,74,19,178.90669572168972,-111.90287914525022,40.76660610701361
4091,74,20,208.01244487132513,-111.90252372867604,40.76660888725093
4092,74,21,237.34099660328152,-111.90216831205225,40.76661166639384
4093,74,22,266.8188901032528,-111.90181289537887,40.76661444444235
4094,74,23,284.6277626988555,-111.9014574786559,40.766617221396444
4095,74,24,284.7062279928133,-111.90110206188336,40.76661999725613
4096,74,25,284.784693286771,-111.90074664506129,40.766622772021414
4097,74,26,284.86315858072874,-111.90039122818972,40.76662554569229
4098,74,27,284.94162387468646,-111.90003581126862,40.76662831826877
4099,74,28,285.02008916864423,-111.89968039429804,40.766631089750824
4100,74,29,285.1101953859495,-111.89932497727803,40.76663386013848
4101,74,30,287.0316127700696,-111.89896956020856,40.766636629431716
4102,74,31,292.0384733999273,-111.89861414308966,40.76663939763055
4103,74,32,299.9763210023967,-111.89825872592137,40.766642164734975
4104,74,33,310.62053437998236,-111.89790330870369,40.76664493074499
4105,74,34,323.7042471066431,-111.89754789143663,40.76664769566059
4106,74,35,338.94507344295704,-111.89719247412025,40.766650459481774
4107,74,53,333.25396217207134,-111.89079495400968,40.766700021118275
4108,74,54,316.68742875079187,-111.89043953575946,40.76670276414556
4109,74,55,302.19803400120156,-111.89008411746028,40.76670550607843
4110,74,56,290.0971836809087,-111.88972869911218,40.76670824691687
4111,74,57,280.6939618249712,-111.88937328071516,40.76671098666089
4112,74,58,274.2659738837501,-111.88901786226924,40.766713725310495
4113,74,59,260.88223876371654,-111.88866244377445,40.76671646286567
4114,74,60,230.88296716657194,-111.8883070252308,40.76671919932643
4115,74,61,200.88369556942737,-111.88795160663832,40.76672193469276
4116,74,62,170.8844239722828,-111.88759618799702,40.76672466896467
4117,74,63,140.8851523751382,-111.88724076930693,40.766727402142145
4118,74,64,110.8858807779936,-111.88688535056805,40.766730134225206
4119,74,65,80.88660918084902,-111.88652993178042,40.766732865213854
4120,74,66,50.88733758370446,-111.88617451294404,40.76673559510806
4121,74,67,20.888065986559862,-111.88581909405896,40.766738323907845
4122,74,68,0.0,-111.88546367512517,40.7667410516132
4123,74,69,1.0256117975656154,-111.8851082561427,40.76674377822414
4124,74,70,31.021950358606453,-111.88475283711156,40.76674650374065
4125,74,71,61.01828891964728,-111.88439741803178,40.76674922816272
4126,74,72,91.01462748068813,-111.8840419989034,40.76675195149037
4127,74,73,121.01096604172896,-111.8836865797264,40.766754673723604
4128,74,74,151.0073046027698,-111.88333116050082,40.766757394862395
4129,74,75,181.00364316381064,-111.88297574122667,40.76676011490676
4130,74,76,210.99998172485147,-111.882620321904,40.766762833856696
4131,74,77,240.99632028589232,-111.88226490253278,40.7667655517122
4132,74,78,270.99265884693307,-111.88190948311306,40.76676826847327
4133,74,79,300.9889974079739,-111.88155406364487,40.76677098413991
4134,74,80,330.9853359690148,-111.8811986441282,40.76677369871213
4135,75,1,315.42701243175884,-111.90928031847582,40.7668260996339
4136,75,2,285.4369011581073,-111.90892490135883,40.766828899596966
4137,75,3,255.44678988445568,-111.90856948419187,40.766831698465616
4138,75,4,225.45667861080412,-111.90821406697496,40.76683449623988
4139,75,5,195.46656733715253,-111.90785864970812,40.76683729291971
4140,75,6,165.47645606350093,-111.90750323239136,40.76684008850514
4141,75,7,135.48634478984937,-111.90714781502471,40.76684288299617
4142,75,8,105.49623351619778,-111.9067923976082,40.76684567639278
4143,75,9,75.5061222425462,-111.90643698014182,40.76684846869498
4144,75,10,45.51601096889461,-111.90608156262562,40.766851259902765
4145,75,11,15.525899695243025,-111.9057261450596,40.76685405001615
4146,75,12,0.0,-111.90537072744378,40.7668568390351
4147,75,13,0.0,-111.9050153097782,40.766859626959665
4148,75,14,26.69159086715036,-111.90465989206285,40.76686241378981
4149,75,15,55.288509998110975,-111.90430447429779,40.76686519952553
4150,75,16,84.37056267402548,-111.90394905648299,40.76686798416685
4151,75,17,113.92964185506979,-111.90359363861849,40.766870767713755
4152,75,18,143.6716212079382,-111.90323822070432,40.76687355016624
4153,75,19,173.50246738248447,-111.90288280274049,40.766876331524315
4154,75,20,203.3830809952069,-111.90252738472704,40.76687911178797
4155,75,21,233.29434001363109,-111.90217196666396,40.76688189095721
4156,75,22,254.54940001844588,-111.90181654855128,40.76688466903203
4157,75,23,254.62786531240363,-111.90146113038902,40.76688744601244
4158,75,24,254.70633060636135,-111.9011057121772,40.76689022189843
4159,75,25,254.78479590031912,-111.90075029391585,40.76689299669001
4160,75,26,254.86326119427682,-111.90039487560496,40.76689577038716
4161,75,27,254.9417264882346,-111.90003945724459,40.7668985429899
4162,75,28,255.0201917821923,-111.89968403883472,40.76690131449822
4163,75,29,255.1124714096085,-111.8993286203754,40.766904084912106
4164,75,30,257.2580344422525,-111.89897320186664,40.766906854231586
4165,75,31,262.8326834727067,-111.89861778330844,40.76690962245665
4166,75,32,271.62537200680816,-111.89826236470084,40.76691238958729
4167,75,33,283.3366653545033,-111.89790694604386,40.7669151556235
4168,75,34,297.62222556553576,-111.89755152733753,40.7669179205653
4169,75,35,314.1310433035161,-111.89719610858184,40.76692068441267
4170,75,36,332.5321572169049,-111.89684068977682,40.76692344716562
4171,75,51,350.2205002301856,-111.89150940179587,40.76696475712888
4172,75,52,329.07008828953894,-111.8911539822043,40.76696750237102
4173,75,53,309.3862427973947,-111.89079856256375,40.76697024651871
4174,75,54,291.4662441136056,-111.89044314287423,40.76697298957198
4175,75,55,275.65430466998964,-111.89008772313575,40.766975731530835
4176,75,56,262.33188885169676,-111.88973230334832,40.76697847239524
4177,75,57,251.89431143617054,-111.88937688351199,40.76698121216522
4178,75,58,244.71098945348976,-111.88902146362676,40.76698395084077
4179,75,59,241.0730026044175,-111.88866604369265,40.76698668842188
4180,75,60,231.0920213240394,-111.88831062370969,40.76698942490855
4181,75,61,201.09274972689482,-111.88795520367788,40.7669921603008
4182,75,62,171.09347812975022,-111.88759978359727,40.766994894598625
4183,75,63,141.09420653260565,-111.88724436346786,40.766997627802
4184,75,64,111.09493493546107,-111.88688894328965,40.76700035991094
4185,75,65,81.09566333831648,-111.8865335230627,40.76700309092544
4186,75,66,51.096391741171914,-111.886178102787,40.767005820845526
4187,75,67,21.097120144027322,-111.88582268246259,40.76700854967117
4188,75,68,0.0,-111.88546726208948,40.76701127740237
4189,75,69,0.5569190075476771,-111.88511184166768,40.76701400403913
4190,75,70,30.553257568588513,-111.88475642119722,40.76701672958146
4191,75,71,60.54959612962934,-111.88440100067811,40.767019454029345
4192,75,72,90.5459346906702,-111.88404558011041,40.7670221773828
4193,75,73,120.54227325171102,-111.88369015949408,40.76702489964181
4194,75,74,150.53861181275187,-111.88333473882916,40.76702762080639
4195,75,75,180.5349503737927,-111.88297931811569,40.767030340876524
4196,75,76,210.53128893483353,-111.88262389735368,40.76703305985221
4197,75,77,240.52762749587438,-111.88226847654315,40.76703577773347
4198,75,78,270.5239660569151,-111.88191305568411,40.767038494520285
4199,75,79,300.52030461795596,-111.88155763477657,40.76704121021266
4200,75,80,330.51664317899684,-111.88120221382057,40.767043924810594
4201,76,1,316.19722395724773,-111.90928400192313,40.76709632365574
4202,76,2,286.20711268359616,-111.90892858336686,40.76709912364533
4203,76,3,256.2170014099446,-111.9085731647606,40.7671019225405
4204,76,4,226.22689013629298,-111.90821774610438,40.76710472034126
4205,76,5,196.23677886264142,-111.90786232739825,40.76710751704759
4206,76,6,166.24666758898982,-111.90750690864219,40.76711031265952
4207,76,7,136.25655631533823,-111.90715148983625,40.76711310717701
4208,76,8,106.26644504168667,-111.90679607098043,40.76711590060009
4209,76,9,76.27633376803507,-111.90644065207476,40.76711869292875
4210,76,10,46.286222494383495,-111.90608523311927,40.76712148416298
4211,76,11,16.296111220731905,-111.90572981411394,40.76712427430278
4212,76,12,0.0,-111.90537439505883,40.76712706334818
4213,76,13,0.0,-111.90501897595394,40.76712985129914
4214,76,14,22.661150098943445,-111.90466355679929,40.767132638155694
4215,76,15,52.66106465892018,-111.90430813759491,40.76713542391781
4216,76,16,82.66097921889691,-111.90395271834082,40.76713820858551
4217,76,17,112.66089377887367,-111.90359729903702,40.76714099215877
4218,76,18,142.66080833885042,-111.90324187968355,40.767143774637624
4219,76,19,172.66072289882715,-111.90288646028041,40.76714655602205
4220,76,20,202.6606374588039,-111.90253104082765,40.767149336312045
4221,76,21,224.47103733803624,-111.90217562132526,40.76715211550761
4222,76,22,224.54950263199396,-111.90182020177328,40.76715489360876
4223,76,23,224.6279679259517,-111.90146478217171,40.76715767061547
4224,76,24,224.70643321990946,-111.90110936252059,40.76716044652776
4225,76,25,224.78489851386718,-111.90075394281992,40.76716322134562
4226,76,26,224.86336380782492,-111.90039852306971,40.76716599506906
4227,76,27,224.94182910178267,-111.90004310327004,40.76716876769805
4228,76,28,225.0202943957404,-111.89968768342085,40.767171539232635
4229,76,29,225.1153540397063,-111.89933226352221,40.76717430967278
4230,76,30,227.5439426589844,-111.89897684357413,40.767177079018495
4231,76,31,233.8280758531106,-111.89862142357661,40.76717984726977
4232,76,32,243.6696375700939,-111.89826600352971,40.76718261442664
4233,76,33,256.6597270510389,-111.89791058343343,40.76718538048905
4234,76,34,272.34819387373705,-111.89755516328776,40.76718814545704
4235,76,35,290.2978848056932,-111.89719974309276,40.7671909093306
4236,76,36,310.11640578826587,-111.89684432284842,40.76719367210973
4237,76,37,331.4687139918415,-111.89648890255478,40.76719643379442
4238,76,51,330.32717525263575,-111.8915130132776,40.767234982464366
4239,76,52,307.81287649445244,-111.8911575922467,40.7672377277325
4240,76,53,286.67314342503823,-111.89080217116683,40.7672404719062
4241,76,54,267.234382867542,-111.89044675003795,40.767243214985456
4242,76,55,249.89385669119508,-111.89009132886014,40.767245956970264
4243,76,56,235.11627727021167,-111.88973590763338,40.76724869786065
4244,76,57,223.41080560887505,-111.88938048635771,40.76725143765658
4245,76,58,215.2791496829409,-111.88902506503314,40.76725417635809
4246,76,59,211.1346407239077,-111.8886696436597,40.767256913965134
4247,76,60,210.66446904513458,-111.8883142222374,40.76725965047773
4248,76,61,201.30180388436227,-111.88795880076626,40.7672623858959
4249,76,62,171.3025322872177,-111.8876033792463,40.76726512021962
4250,76,63,141.3032606900731,-111.88724795767754,40.76726785344889
4251,76,64,111.30398909292853,-111.88689253606002,40.76727058558372
4252,76,65,81.30471749578395,-111.88653711439372,40.767273316624106
4253,76,66,51.30544589863937,-111.88618169267868,40.76727604657004
4254,76,67,21.30617430149478,-111.88582627091492,40.76727877542153
4255,76,68,0.0,-111.88547084910246,40.767281503178566
4256,76,69,0.08822621752973853,-111.88511542724133,40.76728422984117
4257,76,70,30.084564778570574,-111.88476000533153,40.767286955409325
4258,76,71,60.0809033396114,-111.88440458337307,40.767289679883014
4259,76,72,90.07724190065225,-111.88404916136601,40.76729240326227
4260,76,73,120.0735804616931,-111.88369373931035,40.76729512554708
4261,76,74,150.06991902273393,-111.88333831720608,40.76729784673743
4262,76,75,180.06625758377476,-111.88298289505326,40.767300566833335
4263,76,76,210.0625961448156,-111.8826274728519,40.767303285834785
4264,76,77,240.05893470585644,-111.88227205060201,40.767306003741794
4265,76,78,270.0552732668972,-111.88191662830361,40.76730872055435
4266,76,79,300.051611827938,-111.88156120595673,40.76731143627245
4267,76,80,330.0479503889789,-111.88120578356138,40.76731415089609
4268,77,1,316.9674354827366,-111.90928768542044,40.76736654766461
4269,77,2,286.97732420908505,-111.90893226542484,40.76736934768072
4270,77,3,256.98721293543343,-111.90857684537926,40.76737214660242
4271,77,4,226.99710166178187,-111.90822142528374,40.767374944429676
4272,77,5,197.00699038813028,-111.9078660051383,40.76737774116251
4273,77,6,167.0168791144787,-111.90751058494293,40.76738053680091
4274,77,7,137.02676784082712,-111.90715516469767,40.76738333134488
4275,77,8,107.03665656717554,-111.90679974440252,40.76738612479441
4276,77,9,77.04654529352396,-111.90644432405755,40.76738891714953
4277,77,10,47.05643401987238,-111.90608890366272,40.76739170841021
4278,77,11,17.06632274622079,-111.90573348321809,40.767394498576444
4279,77,12,0.0,-111.90537806272364,40.76739728764826
4280,77,13,0.0,-111.90502264217945,40.767400075625645
4281,77,14,22.58955125750357,-111.90466722158547,40.76740286250859
4282,77,15,52.58946581748031,-111.90431180094177,40.76740564829711
4283,77,16,82.58938037745705,-111.90395638024835,40.76740843299119
4284,77,17,112.58929493743379,-111.90360095950523,40.76741121659083
4285,77,18,142.58920949741056,-111.90324553871244,40.767413999096036
4286,77,19,172.58912405738727,-111.90289011786997,40.76741678050681
4287,77,20,194.39267465762657,-111.90253469697788,40.76741956082315
4288,77,21,194.47113995158432,-111.90217927603616,40.767422340045044
4289,77,22,194.54960524554207,-111.90182385504484,40.76742511817251
4290,77,23,194.6280705394998,-111.90146843400395,40.767427895205536
4291,77,24,194.70653583345754,-111.9011130129135,40.76743067114412
4292,77,25,194.78500112741528,-111.9007575917735,40.76743344598827
4293,77,26,194.86346642137303,-111.90040217058397,40.76743621973798
4294,77,27,194.94193171533075,-111.90004674934494,40.767438992393245
4295,77,28,195.0203970092885,-111.89969132805643,40.76744176395409
4296,77,29,195.1191230508335,-111.89933590671848,40.76744453442048
4297,77,30,197.91613222903072,-111.89898048533105,40.76744730379242
4298,77,31,205.11001587653402,-111.89862506389422,40.76745007206994
4299,77,32,216.26243739781745,-111.89826964240798,40.76745283925301
4300,77,33,230.8002708958934,-111.89791422087234,40.76745560534164
4301,77,34,248.12917656331882,-111.89755879928735,40.76745837033582
4302,77,35,267.7076978317275,-111.897203377653,40.76746113423556
4303,77,36,289.0791149404197,-111.89684795596933,40.76746389704086
4304,77,37,311.87506779335416,-111.89649253423636,40.767466658751715
4305,77,38,335.8055704235445,-111.89613711245408,40.76746941936813
4306,77,50,336.96433403831645,-111.89187204722957,40.767502461398266
4307,77,51,312.05398032918856,-111.89151662480833,40.76750520778687
4308,77,52,288.11527357065455,-111.89116120233808,40.76750795308102
4309,77,53,265.41125652484413,-111.89080577981885,40.76751069728071
4310,77,54,244.28642884020414,-111.89045035725064,40.76751344038596
4311,77,55,225.18566459902289,-111.89009493463347,40.76751618239677
4312,77,56,208.66554043805877,-111.88973951196736,40.7675189233131
4313,77,57,195.3817596187286,-111.88938408925233,40.76752166313499
4314,77,58,186.02891231503278,-111.88902866648841,40.76752440186243
4315,77,59,181.21666712120512,-111.88867324367561,40.767527139495414
4316,77,60,180.66450935679737,-111.88831782081395,40.76752987603395
4317,77,61,180.71368961851206,-111.88796239790345,40.76753261147803
4318,77,62,171.51158644468515,-111.88760697494413,40.767535345827646
4319,77,63,141.51231484754058,-111.88725155193602,40.767538079082826
4320,77,64,111.51304325039598,-111.88689612887913,40.767540811243535
4321,77,65,81.5137716532514,-111.88654070577347,40.76754354230978
4322,77,66,51.514500056106826,-111.88618528261908,40.767546272281585
4323,77,67,21.51522845896224,-111.88582985941596,40.767549001158926
4324,77,68,0.0,-111.88547443616413,40.76755172894182
4325,77,69,0.18260913986244304,-111.88511901286364,40.767554455630254
4326,77,70,30.181344591238766,-111.88476358951446,40.76755718122422
4327,77,71,60.18008004261508,-111.88440816611666,40.76755990572373
4328,77,72,90.1788154939914,-111.88405274267022,40.76756262912878
4329,77,73,120.17755094536771,-111.88369731917518,40.76756535143938
4330,77,74,150.17628639674402,-111.88334189563157,40.767568072655514
4331,77,75,180.17502184812034,-111.88298647203938,40.76757079277719
4332,77,76,210.17375729949666,-111.88263104839865,40.76757351180441
4333,77,77,240.17249275087298,-111.88227562470938,40.76757622973715
4334,77,78,270.1712282022493,-111.8819202009716,40.767578946575455
4335,77,79,300.16996365362564,-111.88156477718537,40.76758166231929
4336,77,80,330.168699105002,-111.88120935335064,40.76758437696865
4337,78,1,317.73764700822557,-111.90929136896773,40.767636771660506
4338,78,2,287.74753573457394,-111.9089359475328,40.76763957170316
4339,78,3,257.7574244609223,-111.9085805260479,40.76764237065136
4340,78,4,227.76731318727076,-111.90822510451304,40.76764516850513
4341,78,5,197.77720191361917,-111.90786968292825,40.76764796526445
4342,78,6,167.7870906399676,-111.90751426129354,40.76765076092934
4343,78,7,137.79697936631604,-111.90715883960895,40.767653555499784
4344,78,8,107.80686809266444,-111.90680341787449,40.767656348975805
4345,78,9,77.81675681901285,-111.90644799609015,40.76765914135736
4346,78,10,47.826645545361266,-111.906092574256,40.76766193264448
4347,78,11,17.836534271709677,-111.90573715237201,40.76766472283716
4348,78,12,0.0,-111.90538173043824,40.7676675119354
4349,78,13,0.0,-111.9050263084547,40.7676702999392
4350,78,14,22.517952416063697,-111.90467088642139,40.767673086848546
4351,78,15,52.51786697604044,-111.90431546433834,40.767675872663446
4352,78,16,82.51778153601718,-111.90396004220557,40.767678657383904
4353,78,17,112.51769609599391,-111.90360462002312,40.76768144100992
4354,78,18,142.51761065597069,-111.90324919779097,40.767684223541494
4355,78,19,164.31431197721693,-111.90289377550918,40.76768700497861
4356,78,20,164.39277727117468,-111.90253835317773,40.767689785321295
4357,78,21,164.47124256513243,-111.90218293079667,40.76769256456952
4358,78,22,164.54970785909015,-111.901827508366,40.76769534272331
4359,78,23,164.6281731530479,-111.90147208588576,40.767698119782644
4360,78,24,164.70663844700564,-111.90111666335596,40.76770089574753
4361,78,25,164.78510374096336,-111.9007612407766,40.76770367061797
4362,78,26,164.8635690349211,-111.90040581814773,40.767706444393944
4363,78,27,164.94203432887886,-111.90005039546936,40.76770921707549
4364,78,28,165.02049962283658,-111.8996949727415,40.76771198866258
4365,78,29,165.12426149972725,-111.89933954996417,40.76771475915521
4366,78,30,168.42014414019238,-111.89898412713741,40.767717528553405
4367,78,31,176.8181782752442,-111.89862870426121,40.76772029685714
4368,78,32,189.6417448373351,-111.8982732813356,40.76772306406644
4369,78,33,206.06628691108543,-111.89791785836063,40.76772583018126
4370,78,34,225.30565420711181,-111.89756243533627,40.767728595201646
4371,78,35,246.7021707121109,-111.89720701226257,40.767731359127566
4372,78,36,269.7429966661607,-111.89685158913954,40.76773412195904
4373,78,37,294.0418464552507,-111.8964961659672,40.76773688369606
4374,78,38,319.31165134267513,-111.89614074274559,40.76773964433863
4375,78,39,345.3393315270634,-111.8957853194747,40.767742403886736
4376,78,49,348.6744643896175,-111.89223108406024,40.76776993917272
4377,78,50,321.8798010792075,-111.89187566024869,40.76777268668181
4378,78,51,295.70142131581594,-111.89152023638808,40.767775433096425
4379,78,52,270.31843221208055,-111.89116481247846,40.76777817841658
4380,78,53,245.9771920707298,-111.89080938851986,40.76778092264228
4381,78,54,223.0190647554693,-111.89045396451228,40.76778366577351
4382,78,55,201.9163873235843,-111.89009854045572,40.767786407810284
4383,78,56,183.31107903018633,-111.88974311635025,40.767789148752605
4384,78,57,168.03474617059035,-111.88938769219585,40.76779188860045
4385,78,58,157.06177175244852,-111.88903226799255,40.76779462735384
4386,78,59,151.33117448636202,-111.88867684374037,40.767797365012754
4387,78,60,150.66454966846015,-111.88832141943934,40.76780010157721
4388,78,61,150.71372993017488,-111.88796599508946,40.76780283704722
4389,78,62,150.76291019188957,-111.88761057069077,40.76780557142273
4390,78,63,141.72136900500803,-111.88725514624328,40.76780830470379
4391,78,64,111.72209740786343,-111.886899721747,40.76781103689039
4392,78,65,81.72282581071886,-111.88654429720197,40.76781376798253
4393,78,66,51.72355421357429,-111.88618887260819,40.7678164979802
4394,78,67,21.7242826164297,-111.8858334479657,40.76781922688338
4395,78,68,0.0,-111.88547802327449,40.76782195469211
4396,78,69,0.4580566273038088,-111.88512259853461,40.76782468140638
4397,78,70,30.456792078680127,-111.88476717374606,40.76782740702617
4398,78,71,60.45552753005644,-111.88441174890886,40.76783013155149
4399,78,72,90.45426298143275,-111.88405632402305,40.767832854982345
4400,78,73,120.45299843280908,-111.88370089908862,40.767835577318735
4401,78,74,150.4517338841854,-111.88334547410561,40.76783829856065
4402,78,75,180.4504693355617,-111.88299004907404,40.7678410187081
4403,78,76,210.44920478693803,-111.88263462399391,40.767843737761076
4404,78,77,240.44794023831435,-111.88227919886526,40.76784645571957
4405,78,78,270.44667568969066,-111.88192377368811,40.7678491725836
4406,78,79,300.445411141067,-111.88156834846247,40.767851888353164
4407,78,80,330.44414659244336,-111.88121292318836,40.76785460302825
4408,79,1,318.5078585337144,-111.90929505256501,40.76790699564343
4409,79,2,288.51774726006283,-111.90893962969074,40.76790979571262
4410,79,3,258.52763598641127,-111.90858420676648,40.76791259468734
4411,79,4,228.53752471275968,-111.90822878379225,40.7679153925676
4412,79,5,198.54741343910806,-111.90787336076812,40.76791818935343
4413,79,6,168.5573021654565,-111.90751793769405,40.76792098504479
4414,79,7,138.5671908918049,-111.9071625145701,40.76792377964173
4415,79,8,108.57707961815332,-111.90680709139629,40.76792657314419
4416,79,9,78.58696834450173,-111.90645166817261,40.76792936555221
4417,79,10,48.59685707085015,-111.90609624489908,40.767932156865776
4418,79,11,18.60674579719856,-111.90574082157575,40.767934947084896
4419,79,12,0.0,-111.90538539820261,40.767937736209554
4420,79,13,0.0,-111.90502997477971,40.76794052423976
4421,79,14,22.44635357462382,-111.90467455130704,40.76794331117552
4422,79,15,52.44626813460056,-111.90431912778463,40.767946097016804
4423,79,16,82.4461826945773,-111.90396370421252,40.76794888176365
4424,79,17,112.44609725455405,-111.90360828059067,40.76795166541604
4425,79,18,134.23594929680732,-111.90325285691917,40.76795444797396
4426,79,19,134.31441459076507,-111.902897433198,40.76795722943744
4427,79,20,134.39287988472282,-111.90254200942721,40.767960009806465
4428,79,21,134.47134517868054,-111.90218658560677,40.767962789081025
4429,79,22,134.54981047263828,-111.90183116173674,40.76796556726112
4430,79,23,134.62827576659603,-111.90147573781712,40.76796834434677
4431,79,24,134.70674106055375,-111.90112031384795,40.767971120337954
4432,79,25,134.7852063545115,-111.90076488982923,40.76797389523469
4433,79,26,134.86367164846925,-111.90040946576099,40.767976669036955
4434,79,27,134.94213694242697,-111.90005404164326,40.76797944174476
4435,79,28,135.02060223638472,-111.89969861747602,40.76798221335812
4436,79,29,135.13168130210732,-111.89934319325931,40.767984983877
4437,79,30,139.1398379613372,-111.89898776899318,40.76798775330142
4438,79,31,149.1952335843208,-111.89863234467761,40.767990521631376
4439,79,32,164.19056288548654,-111.89827692031263,40.76799328886688
4440,79,33,182.91490960833613,-111.89792149589827,40.76799605500792
4441,79,34,204.3457544785275,-111.89756607143455,40.7679988200545
4442,79,35,227.7202463325813,-111.89721064692148,40.76800158400661
4443,79,36,252.49917585240627,-111.89685522235906,40.76800434686425
4444,79,37,278.3076661224359,-111.89649979774735,40.76800710862744
4445,79,38,304.8843719164531,-111.89614437308634,40.768009869296165
4446,79,39,332.044881688098,-111.89578894837608,40.768012628870416
4447,79,49,336.8019092082032,-111.89223469856779,40.76804016441727
4448,79,50,308.97936868291754,-111.89187927331683,40.76804291195238
4449,79,51,281.6042870715888,-111.89152384801685,40.768045658393014
4450,79,52,254.82091500208784,-111.89116842266785,40.76804840373919
4451,79,53,228.83711007593325,-111.89081299726985,40.76805114799088
4452,79,54,203.9586898695623,-111.89045757182286,40.76805389114811
4453,79,55,180.6429389672118,-111.89010214632692,40.768056633210854
4454,79,56,159.57630032092896,-111.88974672078206,40.76805937417913
4455,79,57,141.7650163105088,-111.88939129518826,40.76806211405293
4456,79,58,128.56921900253704,-111.88903586954557,40.76806485283227
4457,79,59,121.50213290443028,-111.888680443854,40.76806759051713
4458,79,60,120.66458998012294,-111.88832501811356,40.76807032710751
4459,79,61,120.71377024183765,-111.8879695923243,40.76807306260342
4460,79,62,120.76295050355235,-111.88761416648622,40.768075797004855
4461,79,63,120.81213076526706,-111.88725874059932,40.76807853031181
4462,79,64,111.9311515653309,-111.88690331466366,40.76808126252429
4463,79,65,81.93187996818632,-111.88654788867922,40.76808399364229
4464,79,66,51.932608371041745,-111.88619246264604,40.768086723665824
4465,79,67,21.93333677389716,-111.88583703656413,40.76808945259487
4466,79,68,0.0,-111.88548161043352,40.76809218042945
4467,79,69,0.7335041147451745,-111.88512618425425,40.76809490716955
4468,79,70,30.732239566121496,-111.88477075802629,40.768097632815156
4469,79,71,60.73097501749781,-111.8844153317497,40.76810035736629
4470,79,72,90.72971046887412,-111.88405990542446,40.768103080822954
4471,79,73,120.72844592025044,-111.88370447905064,40.76810580318513
4472,79,74,150.72718137162676,-111.88334905262822,40.76810852445283
4473,79,75,180.72591682300308,-111.88299362615724,40.76811124462604
4474,79,76,210.7246522743794,-111.88263819963771,40.76811396370477
4475,79,77,240.7233877257557,-111.88228277306966,40.76811668168902
4476,79,78,270.72212317713206,-111.88192734645308,40.7681193985788
4477,79,79,300.7208586285084,-111.88157191978803,40.76812211437409
4478,79,80,330.7195940798847,-111.8812164930745,40.768124829074885
4479,80,1,319.2780700592033,-111.90929873621229,40.7681772196134
4480,80,2,289.2879587855517,-111.90894331189862,40.7681800197091
4481,80,3,259.29784751190016,-111.908587887535,40.768182818710336
4482,80,4,229.30773623824857,-111.90823246312142,40.76818561661712
4483,80,5,199.31762496459697,-111.90787703865792,40.768188413429435
4484,80,6,169.32751369094538,-111.90752161414449,40.768191209147304
4485,80,7,139.3374024172938,-111.90716618958115,40.768194003770695
4486,80,8,109.34729114364221,-111.90681076496794,40.76819679729964
4487,80,9,79.35717986999062,-111.90645534030489,40.7681995897341
4488,80,10,49.367068596339024,-111.906099915592,40.768202381074126
4489,80,11,19.376957322687446,-111.90574449082928,40.768205171319664
4490,80,12,0.0,-111.90538906601677,40.768207960470754
4491,80,13,0.0,-111.90503364115447,40.76821074852738
4492,80,14,22.37475473318395,-111.90467821624243,40.76821353548952
4493,80,15,52.374669293160686,-111.90432279128063,40.768216321357215
4494,80,16,82.37458385313742,-111.90396736626913,40.76821910613044
4495,80,17,104.15758661639767,-111.90361194120793,40.7682218898092
4496,80,18,104.23605191035541,-111.90325651609703,40.7682246723935
4497,80,19,104.31451720431315,-111.90290109093648,40.76822745388331
4498,80,20,104.39298249827088,-111.9025456657263,40.768230234278676
4499,80,21,104.47144779222863,-111.90219024046648,40.76823301357957
4500,80,22,104.54991308618636,-111.90183481515707,40.76823579178599
4501,80,23,104.6283783801441,-111.90147938979807,40.76823856889794
4502,80,24,104.70684367410185,-111.9011239643895,40.76824134491543
4503,80,25,104.78530896805958,-111.90076853893139,40.76824411983844
4504,80,26,104.86377426201732,-111.90041311342377,40.76824689366699
4505,80,27,104.94223955597506,-111.90005768786662,40.76824966640107
4506,80,28,105.02070484993281,-111.89970226226,40.768252438040676
4507,80,29,105.14333477324323,-111.89934683660391,40.768255208585806
4508,80,30,110.24719526414795,-111.89899141089838,40.768257978036466
4509,80,31,122.69379479005462,-111.89863598514341,40.768260746392656
4510,80,32,140.5456882880329,-111.89828055933904,40.768263513654375
4511,80,33,162.0259661681725,-111.8979251334853,40.76826627982163
4512,80,34,185.8809751671823,-111.89756970758216,40.76826904489439
4513,80,35,211.3079746376731,-111.8972142816297,40.7682718088727
4514,80,36,237.80324506164413,-111.89685885562788,40.768274571756514
4515,80,37,265.0466120859145,-111.89650342957678,40.76827733354587
4516,80,38,292.8293526861577,-111.89614800347638,40.76828009424074
4517,80,39,321.011453083791,-111.8957925773267,40.768282853841136
4518,80,40,336.6097762003167,-111.89543715112778,40.76828561234705
4519,80,41,336.0150655028865,-111.89508172487962,40.768288369758494
4520,80,42,335.4203548054564,-111.89472629858226,40.768291126075475
4521,80,43,334.8256441080262,-111.8943708722357,40.768293881297964
4522,80,44,334.2309334105961,-111.89401544583997,40.768296635425976
4523,80,45,333.8734875395714,-111.89366001939509,40.76829938845952
4524,80,46,333.87348753950886,-111.89330459290105,40.768302140398575
4525,80,47,333.87348753944633,-111.89294916635792,40.76830489124314
4526,80,48,333.87348753938386,-111.8925937397657,40.76830764099324
4527,80,49,327.2570396113655,-111.89223831312438,40.76831038964885
4528,80,50,298.54630160261297,-111.89188288643402,40.76831313721001
4529,80,51,270.11593515748353,-111.89152745969463,40.76831588367666
4530,80,52,242.06474888220583,-111.89117203290621,40.768318629048835
4531,80,53,214.54152716154715,-111.8908166060688,40.768321373326515
4532,80,54,187.77856933689844,-111.89046117918241,40.76832411650973
4533,80,55,162.15275306825933,-111.89010575224707,40.76832685859846
4534,80,56,138.29764840017853,-111.88975032526278,40.76832959959272
4535,80,57,117.29860944795087,-111.88939489822958,40.768332339492474
4536,80,58,100.95389048385613,-111.88903947114747,40.768335078297746
4537,80,59,91.78459690617989,-111.88868404401649,40.76833781600856
4538,80,60,90.66463029178574,-111.88832861683665,40.76834055262486
4539,80,61,90.71381055350044,-111.88797318960795,40.76834328814669
4540,80,62,90.76299081521515,-111.88761776233045,40.76834602257402
4541,80,63,90.81217107692986,-111.88726233500414,40.76834875590688
4542,80,64,90.86135133864455,-111.88690690762905,40.76835148814524
4543,80,65,82.14093412565377,-111.8865514802052,40.76835421928912
4544,80,66,52.14166252850921,-111.8861960527326,40.76835694933852
4545,80,67,22.14239093136462,-111.88584062521127,40.768359678293415
4546,80,68,0.0,-111.88548519764126,40.76836240615383
4547,80,69,1.0089516021865401,-111.88512977002254,40.768365132919755
4548,80,70,31.00768705356286,-111.88477434235517,40.768367858591205
4549,80,71,61.00642250493917,-111.88441891463914,40.76837058316814
4550,80,72,91.00515795631549,-111.8840634868745,40.7683733066506
4551,80,73,121.0038934076918,-111.88370805906123,40.76837602903857
4552,80,74,151.00262885906812,-111.8833526311994,40.768378750332054
4553,80,75,181.00136431044444,-111.882997203289,40.76838147053104
4554,80,76,211.00009976182074,-111.88264177533003,40.76838418963553
4555,80,77,240.99883521319708,-111.88228634732255,40.768386907645535
4556,80,78,270.9975706645734,-111.88193091926655,40.768389624561046
4557,80,79,300.9963061159498,-111.88157549116207,40.76839234038207
4558,80,80,330.99504156732604,-111.88122006300912,40.76839505510858
4559,81,1,320.0482815846922,-111.90930241990955,40.768447443570395
4560,81,2,290.0581703110406,-111.90894699415651,40.76845024369262
4561,81,3,260.068059037389,-111.90859156835349,40.76845304272038
4562,81,4,230.07794776373743,-111.90823614250051,40.76845584065367
4563,81,5,200.08783649008586,-111.9078807165976,40.76845863749248
4564,81,6,170.09772521643424,-111.90752529064478,40.76846143323683
4565,81,7,140.10761394278268,-111.90716986464206,40.7684642278867
4566,81,8,110.11750266913108,-111.90681443858946,40.7684670214421
4567,81,9,80.1273913954795,-111.906459012487,40.76846981390303
4568,81,10,50.13728012182792,-111.90610358633472,40.76847260526949
4569,81,11,20.147168848176328,-111.9057481601326,40.76847539554147
4570,81,12,0.0,-111.90539273388069,40.76847818471897
4571,81,13,0.0,-111.90503730757901,40.76848097280201
4572,81,14,22.303155891744073,-111.90468188122756,40.76848375979057
4573,81,15,52.30307045172081,-111.90432645482637,40.76848654568466
4574,81,16,74.07922393598801,-111.90397102837547,40.76848933048426
4575,81,17,74.15768922994575,-111.90361560187485,40.76849211418939
4576,81,18,74.2361545239035,-111.90326017532455,40.76849489680004
4577,81,19,74.31461981786123,-111.9029047487246,40.76849767831623
4578,81,20,74.39308511181898,-111.902549322075,40.76850045873792
4579,81,21,74.47155040577672,-111.90219389537579,40.76850323806514
4580,81,22,74.55001569973446,-111.90183846862696,40.7685060162979
4581,81,23,74.62848099369221,-111.90148304182856,40.76850879343615
4582,81,24,74.70694628764994,-111.9011276149806,40.76851156947994
4583,81,25,74.78541158160768,-111.90077218808307,40.76851434442924
4584,81,26,74.86387687556542,-111.90041676113603,40.76851711828406
4585,81,27,74.94234216952316,-111.90006133413948,40.76851989104441
4586,81,28,75.02080746348089,-111.89970590709345,40.768522662710275
4587,81,29,75.1642894128741,-111.89935047999795,40.76852543328165
4588,81,30,82.15225875966628,-111.898995052853,40.76852820275856
4589,81,31,98.22584606756021,-111.89863962565863,40.76853097114097
4590,81,32,119.78163486971157,-111.89828419841486,40.76853373842891
4591,81,33,144.38477505760008,-111.89792877112168,40.76853650462236
4592,81,34,170.72283527638194,-111.89757334377914,40.76853926972133
4593,81,35,198.10504713706692,-111.89721791638725,40.768542033725815
4594,81,36,226.15245503321952,-111.89686248894603,40.768544796635815
4595,81,37,254.64535364684204,-111.8965070614555,40.768547558451324
4596,81,38,283.449429969965,-111.89615163391568,40.76855031917235
4597,81,39,307.21038215720887,-111.8957962063266,40.76855307879889
4598,81,40,306.6156714597787,-111.89544077868824,40.76855583733095
4599,81,41,306.0209607623486,-111.89508535100066,40.76855859476852
4600,81,42,305.4262500649184,-111.89472992326388,40.7685613511116
4601,81,43,304.8315393674883,-111.89437449547789,40.768564106360195
4602,81,44,304.2368286700581,-111.89401906764274,40.7685668605143
4603,81,45,303.87348753957133,-111.89366363975843,40.768569613573916
4604,81,46,303.87348753950886,-111.89330821182499,40.76857236553905
4605,81,47,303.87348753944633,-111.89295278384243,40.76857511640968
4606,81,48,303.87348753938386,-111.89259735581076,40.76857786618584
4607,81,49,303.87348753932133,-111.89224192773004,40.7685806148675
4608,81,50,290.846244826201,-111.89188649960025,40.768583362454656
4609,81,51,261.5803172161582,-111.89153107142143,40.76858610894734
4610,81,52,232.50158403828016,-111.89117564319359,40.76858885434552
4611,81,53,203.69023247498384,-111.89082021491674,40.76859159864921
4612,81,54,175.27816472999842,-111.89046478659093,40.76859434185841
4613,81,55,147.49630251813085,-111.89010935821614,40.76859708397312
4614,81,56,120.78031082061135,-111.88975392979243,40.76859982499333
4615,81,57,96.02399547679212,-111.88939850131979,40.76860256491906
4616,81,58,75.18864231205737,-111.88904307279824,40.768605303750284
4617,81,59,62.338239934521816,-111.88868764422784,40.768608041487006
4618,81,60,60.66467060344853,-111.88833221560854,40.76861077812925
4619,81,61,60.71385086516323,-111.88797678694043,40.76861351367698
4620,81,62,60.76303112687793,-111.88762135822348,40.768616248130236
4621,81,63,60.81221138859263,-111.88726592945774,40.76861898148898
4622,81,64,60.86139165030734,-111.88691050064322,40.76862171375324
4623,81,65,60.91057191202204,-111.88655507177992,40.76862444492299
4624,81,66,52.35071668597667,-111.88619964286788,40.76862717499824
4625,81,67,22.351445088832076,-111.88584421390713,40.768629903979004
4626,81,68,0.0,-111.88548878489766,40.768632631865266
4627,81,69,1.2843990896279058,-111.88513335583951,40.76863535865702
4628,81,70,31.283134541004223,-111.8847779267327,40.76863808435428
4629,81,71,61.28186999238055,-111.88442249757722,40.768640808957045
4630,81,72,91.28060544375685,-111.88406706837313,40.76864353246531
4631,81,73,121.27934089513317,-111.88371163912043,40.76864625487906
4632,81,74,151.27807634650947,-111.88335620981914,40.76864897619832
4633,81,75,181.2768117978858,-111.8830007804693,40.76865169642308
4634,81,76,211.27554724926213,-111.88264535107089,40.768654415553335
4635,81,77,241.27428270063842,-111.88228992162395,40.76865713358909
4636,81,78,271.2730181520148,-111.88193449212851,40.76865985053034
4637,81,79,301.2717536033911,-111.88157906258459,40.76866256637708
4638,81,80,331.27048905476744,-111.88122363299217,40.76866528112933
4639,82,1,320.81849311018107,-111.90930610365682,40.7687176675144
4640,82,2,290.8283818365295,-111.90895067646436,40.76872046766317
4641,82,3,260.8382705628779,-111.90859524922193,40.768723266717444
4642,82,4,230.84815928922632,-111.90823982192954,40.76872606467724
4643,82,5,200.85804801557472,-111.90788439458723,40.76872886154255
4644,82,6,170.86793674192313,-111.90752896719498,40.76873165731338
4645,82,7,140.87782546827154,-111.90717353975286,40.76873445198974
4646,82,8,110.88771419461996,-111.90681811226084,40.76873724557159
4647,82,9,80.89760292096838,-111.90646268471896,40.76874003805898
4648,82,10,50.907491647316796,-111.90610725712726,40.76874282945189
4649,82,11,20.917380373665214,-111.90575182948572,40.7687456197503
4650,82,12,0.0,-111.90539640179439,40.76874840895423
4651,82,13,0.0,-111.90504097405329,40.76875119706368
4652,82,14,22.231557050304197,-111.90468554626243,40.76875398407864
4653,82,15,44.00086125557836,-111.90433011842181,40.768756769999115
4654,82,16,44.0793265495361,-111.90397469053148,40.76875955482511
4655,82,17,44.15779184349384,-111.90361926259145,40.76876233855662
4656,82,18,44.23625713745158,-111.90326383460173,40.76876512119363
4657,82,19,44.31472243140932,-111.90290840656236,40.76876790273615
4658,82,20,44.393187725367056,-111.90255297847334,40.768770683184194
4659,82,21,44.4716530193248,-111.90219755033469,40.76877346253775
4660,82,22,44.55011831328254,-111.90184212214645,40.76877624079682
4661,82,23,44.62858360724028,-111.90148669390862,40.768779017961386
4662,82,24,44.70704890119802,-111.90113126562122,40.768781794031476
4663,82,25,44.78551419515576,-111.90077583728427,40.76878456900707
4664,82,26,44.863979489113504,-111.9004204088978,40.768787342888174
4665,82,27,44.94244478307124,-111.90006498046183,40.76879011567478
4666,82,28,45.02091007702898,-111.89970955197637,40.76879288736691
4667,82,29,45.21305075579721,-111.89935412344144,40.76879565796454
4668,82,30,56.0673093256593,-111.89899869485706,40.76879842746768
4669,82,31,77.73587583215378,-111.89864326622326,40.76880119587632
4670,82,32,103.6445348668462,-111.89828783754004,40.768803963190464
4671,82,33,131.30694126411507,-111.89793240880743,40.76880672941013
4672,82,34,159.81500568003818,-111.89757698002545,40.7688094945353
4673,82,35,188.78601446315747,-111.89722155119414,40.768812258565966
4674,82,36,218.0355073680807,-111.89686612231348,40.768815021502135
4675,82,37,247.46475645964063,-111.89651069338352,40.76881778334381
4676,82,38,277.01647767958156,-111.89615526440426,40.76882054409099
4677,82,39,277.2162774166709,-111.89579983537571,40.76882330374369
4678,82,40,276.6215667192407,-111.89544440629794,40.768826062301876
4679,82,41,276.0268560218106,-111.89508897717093,40.768828819765574
4680,82,42,275.43214532438043,-111.8947335479947,40.768831576134765
4681,82,43,274.8374346269503,-111.89437811876927,40.76883433140946
4682,82,44,274.24272392952014,-111.89402268949468,40.76883708558966
4683,82,45,273.8734875395714,-111.89366726017091,40.768839838675355
4684,82,46,273.87348753950886,-111.89331183079803,40.768842590666566
4685,82,47,273.8734875394464,-111.89295640137603,40.76884534156326
4686,82,48,273.87348753938386,-111.89260097190493,40.768848091365456
4687,82,49,273.87348753932133,-111.89224554238474,40.768850840073156
4688,82,50,273.87348753925886,-111.89189011281552,40.76885358768635
4689,82,51,256.29261847312347,-111.89153468319724,40.76885633420505
4690,82,52,226.53615717852534,-111.89117925352994,40.768859079629244
4691,82,53,196.85363784958875,-111.89082382381366,40.768861823958936
4692,82,54,167.28442533607412,-111.89046839404838,40.76886456719413
4693,82,55,137.90142561055728,-111.89011296423416,40.768867309334816
4694,82,56,108.8555345897836,-111.88975753437099,40.768870050381
4695,82,57,80.51243156327524,-111.88940210445891,40.76887279033267
4696,82,58,53.99051640459266,-111.8890466744979,40.76887552918984
4697,82,59,33.87772257750064,-111.88869124448804,40.76887826695251
4698,82,60,30.664710915111318,-111.88833581442931,40.76888100362067
4699,82,61,30.713891176826017,-111.88798038432172,40.76888373919434
4700,82,62,30.763071438540724,-111.88762495416533,40.76888647367349
4701,82,63,30.812251700255427,-111.88726952396013,40.76888920705813
4702,82,64,30.861431961970126,-111.88691409370615,40.768891939348265
4703,82,65,30.910612223684833,-111.88655866340339,40.768894670543894
4704,82,66,30.959792485399536,-111.8862032330519,40.76889740064501
4705,82,67,22.560499246299536,-111.88584780265168,40.76890012965162
4706,82,68,0.0,-111.88549237220275,40.76890285756373
4707,82,69,1.5598465770692718,-111.88513694170513,40.768905584381315
4708,82,70,31.558582028445596,-111.88478151115885,40.7689083101044
4709,82,71,61.55731747982191,-111.88442608056393,40.76891103473297
4710,82,72,91.55605293119822,-111.88407064992037,40.76891375826705
4711,82,73,121.55478838257453,-111.88371521922821,40.768916480706594
4712,82,74,151.55352383395086,-111.88335978848745,40.768919202051634
4713,82,75,181.55225928532715,-111.88300435769814,40.76892192230216
4714,82,76,211.5509947367035,-111.88264892686027,40.76892464145817
4715,82,77,241.54973018807982,-111.88229349597387,40.76892735951968
4716,82,78,271.5484656394562,-111.88193806503897,40.76893007648667
4717,82,79,301.54720109083246,-111.88158263405556,40.76893279235915
4718,82,80,331.5459365422088,-111.88122720302368,40.76893550713711
4719,83,1,321.58870463566996,-111.90930978745406,40.76898789144548
4720,83,2,291.59859336201833,-111.90895435882219,40.76899069162075
4721,83,3,261.60848208836677,-111.90859893014033,40.76899349070155
4722,83,4,231.6183708147152,-111.90824350140852,40.76899628868785
4723,83,5,201.6282595410636,-111.90788807262675,40.76899908557967
4724,83,6,171.63814826741202,-111.9075326437951,40.76900188137698
4725,83,7,141.64803699376043,-111.90717721491352,40.7690046760798
4726,83,8,111.65792572010885,-111.90682178598206,40.769007469688134
4727,83,9,81.66781444645727,-111.90646635700077,40.769010262201974
4728,83,10,51.67770317280568,-111.90611092796962,40.76901305362132
4729,83,11,21.6875918991541,-111.90575549888865,40.76901584394617
4730,83,12,0.0,-111.90540006975789,40.76901863317653
4731,83,13,0.0,-111.90504464057734,40.76902142131239
4732,83,14,13.922498575168708,-111.90468921134703,40.769024208353756
4733,83,15,14.000963869126448,-111.904333782067,40.769026994300624
4734,83,16,14.079429163084189,-111.90397835273721,40.769029779152994
4735,83,17,14.15789445704193,-111.90362292335774,40.769032562910866
4736,83,18,14.23635975099967,-111.90326749392858,40.76903534557425
4737,83,19,14.314825044957411,-111.90291206444977,40.769038127143126
4738,83,20,14.393290338915149,-111.9025566349213,40.769040907617516
4739,83,21,14.47175563287289,-111.90220120534322,40.7690436869974
4740,83,22,14.55022092683063,-111.90184577571553,40.769046465282784
4741,83,23,14.62868622078837,-111.90149034603824,40.769049242473656
4742,83,24,14.70715151474611,-111.90113491631139,40.76905201857006
4743,83,25,14.785616808703853,-111.90077948653501,40.76905479357194
4744,83,26,14.864082102661591,-111.9004240567091,40.76905756747932
4745,83,27,14.94254739661933,-111.90006862683367,40.7690603402922
4746,83,28,15.02101269057707,-111.89971319690875,40.769063112010585
4747,83,29,15.452168597005812,-111.89935776693437,40.76906588263447
4748,83,30,36.57994984582621,-111.89900233691054,40.76906865216383
4749,83,31,65.09543722179019,-111.89864690683729,40.769071420598706
4750,83,32,94.53432796327954,-111.8982914767146,40.76907418793908
4751,83,33,124.24195096601535,-111.89793604654257,40.769076954184946
4752,83,34,154.06292739077313,-111.89758061632112,40.769079719336304
4753,83,35,183.94213441348205,-111.89722518605035,40.769082483393156
4754,83,36,213.85516600952238,-111.89686975573024,40.769085246355516
4755,83,37,243.78957165008768,-111.89651432536081,40.76908800822335
4756,83,38,247.8168833735631,-111.89615889494209,40.76909076899669
4757,83,39,247.22217267613294,-111.89580346447411,40.769093528675526
4758,83,40,246.6274619787028,-111.89544803395688,40.76909628725985
4759,83,41,246.0327512812726,-111.8950926033904,40.769099044749666
4760,83,42,245.43804058384245,-111.89473717277471,40.76910180114497
4761,83,43,244.8433298864123,-111.89438174210983,40.76910455644577
4762,83,44,244.2486191889822,-111.89402631139576,40.76910731065205
4763,83,45,243.87348753957136,-111.89367088063254,40.76911006376385
4764,83,46,243.8734875395089,-111.8933154498202,40.769112815781114
4765,83,47,243.87348753944636,-111.89296001895873,40.769115566703874
4766,83,48,243.8734875393839,-111.89260458804816,40.76911831653212
4767,83,49,243.87348753932136,-111.89224915708851,40.769121065265864
4768,83,50,243.87348753925883,-111.89189372607981,40.76912381290509
4769,83,51,243.87348753919636,-111.89153829502207,40.76912655944981
4770,83,52,224.4555065889844,-111.89118286391532,40.76912930490002
4771,83,53,194.45564703428167,-111.89082743275955,40.76913204925571
4772,83,54,164.45583871947096,-111.89047200155481,40.76913479251689
4773,83,55,134.45611594244477,-111.89011657030113,40.76913753468356
4774,83,56,104.4565524020952,-111.88976113899848,40.7691402757557
4775,83,57,74.45734057253969,-111.88940570764692,40.769143015733334
4776,83,58,44.459192418876384,-111.88905027624646,40.76914575461646
4777,83,59,14.468725442905578,-111.88869484479712,40.76914849240506
4778,83,60,0.6647512267741077,-111.88833941329891,40.76915122909916
4779,83,61,0.7139314884888107,-111.88798398175186,40.769153964698724
4780,83,62,0.7631117502035139,-111.88762855015598,40.76915669920379
4781,83,63,0.812292011918217,-111.8872731185113,40.76915943261432
4782,83,64,0.86147227363292,-111.88691768681784,40.76916216493034
4783,83,65,0.9106525353476231,-111.8865622550756,40.76916489615185
4784,83,66,0.9598327970623262,-111.88620682328462,40.769167626278836
4785,83,67,1.0090130587770292,-111.88585139144493,40.7691703553113
4786,83,68,0.0,-111.88549595955652,40.76917308324924
4787,83,69,1.8352940645106375,-111.88514052761944,40.769175810092676
4788,83,70,31.834029515886957,-111.88478509563367,40.76917853584158
4789,83,71,61.83276496726327,-111.88442966359926,40.76918126049597
4790,83,72,91.83150041863959,-111.88407423151622,40.76918398405583
4791,83,73,121.8302358700159,-111.88371879938458,40.76918670652118
4792,83,74,151.82897132139223,-111.88336336720434,40.769189427891995
4793,83,75,181.82770677276855,-111.88300793497554,40.769192148168294
4794,83,76,211.82644222414484,-111.88265250269818,40.76919486735007
4795,83,77,241.82517767552116,-111.8822970703723,40.769197585437325
4796,83,78,271.82391312689754,-111.8819416379979,40.76920030243006
4797,83,79,301.82264857827386,-111.881586205575,40.76920301832826
4798,83,80,331.8213840296502,-111.88123077310365,40.76920573313195
4799,84,1,322.35891616115885,-111.90931347130133,40.769258115363556
4800,84,2,292.3688048875072,-111.90895804123,40.769260915565354
4801,84,3,262.37869361385566,-111.90860261110868,40.76926371467267
4802,84,4,232.38858234020407,-111.90824718093741,40.769266512685476
4803,84,5,202.3984710665525,-111.90789175071622,40.76926930960379
4804,84,6,172.4083597929009,-111.90753632044509,40.769272105427596
4805,84,7,142.41824851924932,-111.90718089012405,40.769274900156894
4806,84,8,112.42813724559774,-111.90682545975316,40.7692776937917
4807,84,9,82.43802597194615,-111.9064700293324,40.76928048633198
4808,84,10,52.44791469829457,-111.90611459886179,40.76928327777778
4809,84,11,22.457803424642982,-111.90575916834138,40.76928606812907
4810,84,12,0.0,-111.90540373777117,40.76928885738585
4811,84,13,0.0,-111.90504830715115,40.76929164554812
4812,84,14,0.0,-111.90469287648138,40.769294432615894
4813,84,15,0.0,-111.90433744576187,40.76929721858916
4814,84,16,0.0,-111.90398201499265,40.76930000346791
4815,84,17,0.0,-111.90362658417371,40.769302787252165
4816,84,18,0.0,-111.9032711533051,40.769305569941906
4817,84,19,0.0,-111.90291572238681,40.769308351537134
4818,84,20,0.0,-111.9025602914189,40.769311132037856
4819,84,21,0.0,-111.90220486040134,40.76931391144408
4820,84,22,0.0,-111.90184942933418,40.76931668975578
4821,84,23,0.0,-111.90149399821743,40.769319466972966
4822,84,24,0.0,-111.90113856705112,40.769322243095665
4823,84,25,0.0,-111.90078313583525,40.76932501812384
4824,84,26,0.0,-111.90042770456988,40.7693277920575
4825,84,27,0.0,-111.90007227325499,40.76933056489665
4826,84,28,0.0,-111.89971684189061,40.76933333664129
4827,84,29,3.168972478263061,-111.89936141047676,40.769336107291416
4828,84,30,33.16739469347183,-111.89900597901345,40.76933887684703
4829,84,31,63.16581690868058,-111.89865054750072,40.769341645308124
4830,84,32,93.16423912388936,-111.89829511593858,40.76934441267471
4831,84,33,123.16266133909811,-111.89793968432706,40.769347178946795
4832,84,34,153.16108355430688,-111.89758425266615,40.76934994412435
4833,84,35,183.15950576951565,-111.8972288209559,40.769352708207386
4834,84,36,213.15792798472438,-111.89687338919632,40.769355471195915
4835,84,37,218.41748933045523,-111.8965179573874,40.76935823308992
4836,84,38,217.82277863302508,-111.89616252552922,40.769360993889414
4837,84,39,217.22806793559496,-111.89580709362176,40.7693637535944
4838,84,40,216.63335723816482,-111.89545166166502,40.76936651220485
4839,84,41,216.03864654073467,-111.89509622965909,40.769369269720784
4840,84,42,215.4439358433045,-111.8947407976039,40.76937202614221
4841,84,43,214.84922514587436,-111.89438536549955,40.76937478146911
4842,84,44,214.2545144484442,-111.894029933346,40.769377535701494
4843,84,45,213.87348753957139,-111.89367450114331,40.76938028883935
4844,84,46,213.8734875395089,-111.89331906889147,40.7693830408827
4845,84,47,213.8734875394464,-111.89296363659052,40.76938579183153
4846,84,48,213.8734875393839,-111.89260820424047,40.769388541685835
4847,84,49,213.87348753932136,-111.89225277184133,40.76939129044561
4848,84,50,213.87348753925883,-111.89189733939315,40.76939403811087
4849,84,51,213.87348753919633,-111.89154190689592,40.76939678468161
4850,84,52,213.87348753913383,-111.89118647434968,40.76939953015782
4851,84,53,194.8967865245785,-111.89083104175444,40.769402274539516
4852,84,54,164.9005777562066,-111.89047560911021,40.76940501782668
4853,84,55,134.90436898783466,-111.89012017641701,40.76940776001932
4854,84,56,104.90816021946276,-111.88976474367489,40.76941050111745
4855,84,57,74.91195145109084,-111.88940931088385,40.76941324112104
4856,84,58,44.91574268271892,-111.88905387804388,40.769415980030104
4857,84,59,14.919533914347012,-111.88869844515504,40.769418717844644
4858,84,60,0.0,-111.88834301221733,40.769421454564664
4859,84,61,0.0,-111.88798757923081,40.76942419019016
4860,84,62,0.0,-111.88763214619543,40.769426924721124
4861,84,63,0.0,-111.88727671311125,40.76942965815755
4862,84,64,0.0,-111.8869212799783,40.76943239049947
4863,84,65,0.0,-111.88656584679657,40.76943512174684
4864,84,66,0.0,-111.8862104135661,40.76943785189969
4865,84,67,0.0,-111.8858549802869,40.769440580958005
4866,84,68,0.0,-111.885499546959,40.76944330892181
4867,84,69,2.110741551952003,-111.8851441135824,40.76944603579106
4868,84,70,32.10947700332832,-111.88478868015714,40.7694487615658
4869,84,71,62.10821245470464,-111.88443324668322,40.76945148624599
4870,84,72,92.10694790608095,-111.88407781316069,40.76945420983166
4871,84,73,122.10568335745728,-111.88372237958954,40.769456932322804
4872,84,74,152.10441880883357,-111.8833669459698,40.7694596537194
4873,84,75,182.1031542602099,-111.88301151230148,40.76946237402147
4874,84,76,212.10188971158624,-111.88265607858463,40.769465093229016
4875,84,77,242.10062516296253,-111.88230064481922,40.76946781134201
4876,84,78,272.0993606143389,-111.88194521100533,40.769470528360486
4877,84,79,302.0980960657152,-111.88158977714293,40.76947324428442
4878,84,80,332.0968315170915,-111.88123434323205,40.76947595911381
4879,85,1,323.1291276866477,-111.90931715519856,40.76952833926865
4880,85,2,293.1390164129961,-111.90896172368777,40.769531139497005
4881,85,3,263.14890513934455,-111.90860629212699,40.769533938630836
4882,85,4,233.15879386569296,-111.90825086051626,40.769536736670155
4883,85,5,203.16868259204136,-111.90789542885557,40.76953953361496
4884,85,6,173.1785713183898,-111.90753999714498,40.769542329465246
4885,85,7,143.18850807055844,-111.90718456538448,40.769545124221025
4886,85,8,113.20182771188568,-111.90682913357412,40.76954791788229
4887,85,9,83.22474842948172,-111.90647370171388,40.76955071044904
4888,85,10,53.27348031609715,-111.9061182698038,40.76955350192128
4889,85,11,23.447146070015886,-111.9057628378439,40.76955629229901
4890,85,12,3.8618410925822357,-111.9054074058342,40.76955908158221
4891,85,13,4.161826094656283,-111.90505197377472,40.7695618697709
4892,85,14,4.496432838674826,-111.90469654166547,40.76956465686507
4893,85,15,4.627435956355484,-111.9043411095065,40.76956744286473
4894,85,16,4.758439074036143,-111.90398567729778,40.76957022776987
4895,85,17,4.8894421917168005,-111.90363024503938,40.76957301158049
4896,85,18,5.020445309397458,-111.90327481273127,40.76957579429659
4897,85,19,5.151448427078116,-111.9029193803735,40.76957857591818
4898,85,20,5.282451544758774,-111.9025639479661,40.769581356445244
4899,85,21,5.413454662439433,-111.90220851550906,40.769584135877786
4900,85,22,5.544457780120091,-111.90185308300242,40.76958691421582
4901,85,23,5.675460897800749,-111.90149765044619,40.76958969145933
4902,85,24,5.8064640154814064,-111.9011422178404,40.769592467608305
4903,85,25,5.937467133162064,-111.90078678518505,40.769595242662774
4904,85,26,6.068470250842722,-111.90043135248017,40.76959801662272
4905,85,27,6.19947336852338,-111.9000759197258,40.76960078948814
4906,85,28,0.0,-111.89972048692192,40.76960356125903
4907,85,29,2.8612963529794326,-111.89936505406858,40.76960633193542
4908,85,30,32.85971856818819,-111.8990096211658,40.76960910151726
4909,85,31,62.85814078339696,-111.89865418821358,40.769611870004596
4910,85,32,92.85656299860571,-111.89829875521194,40.76961463739739
4911,85,33,122.85498521381449,-111.89794332216093,40.76961740369567
4912,85,34,152.85340742902326,-111.89758788906053,40.76962016889943
4913,85,35,182.85182964423203,-111.89723245591078,40.76962293300865
4914,85,36,189.01809528734742,-111.89687702271169,40.76962569602336
4915,85,37,188.42338458991728,-111.8965215894633,40.76962845794353
4916,85,38,187.82867389248713,-111.8961661561656,40.769631218769184
4917,85,39,187.233963195057,-111.89581072281865,40.7696339785003
4918,85,40,186.63925249762684,-111.89545528942243,40.76963673713689
4919,85,41,186.0445418001967,-111.89509985597698,40.76963949467896
4920,85,42,185.44983110276655,-111.8947444224823,40.76964225112649
4921,85,43,184.8551204053364,-111.89438898893845,40.7696450064795
4922,85,44,184.26040970790626,-111.8940335553454,40.76964776073798
4923,85,45,183.87348753957139,-111.8936781217032,40.76965051390192
4924,85,46,183.8734875395089,-111.89332268801186,40.769653265971336
4925,85,47,183.87348753944636,-111.8929672542714,40.76965601694622
4926,85,48,183.87348753938386,-111.89261182048186,40.76965876682658
4927,85,49,183.87348753932136,-111.89225638664323,40.769661515612405
4928,85,50,183.87348753925886,-111.89190095275553,40.769664263303696
4929,85,51,183.87348753919636,-111.8915455188188,40.76966700990045
4930,85,52,183.87348753913383,-111.89119008483306,40.76966975540267
4931,85,53,183.87348753907133,-111.8908346507983,40.76967249981037
4932,85,54,165.37750492491057,-111.89047921671455,40.769675243123515
4933,85,55,135.38129615653867,-111.89012378258185,40.76967798534215
4934,85,56,105.38508738816675,-111.88976834840022,40.769680726466234
4935,85,57,75.38887861979484,-111.88941291416965,40.769683466495785
4936,85,58,45.392669851422916,-111.8890574798902,40.76968620543081
4937,85,59,15.396461083050996,-111.88870204556183,40.76968894327129
4938,85,60,0.0,-111.88834661118462,40.76969168001723
4939,85,61,5.802928594368399,-111.88799117675858,40.76969441566863
4940,85,62,16.05686577333553,-111.88763574228368,40.769697150225504
4941,85,63,16.46069960530237,-111.88728030776,40.76969988368784
4942,85,64,16.86453343726921,-111.88692487318752,40.769702616055625
4943,85,65,17.268367269236048,-111.88656943856627,40.76970534732889
4944,85,66,17.672201101202884,-111.88621400389628,40.7697080775076
4945,85,67,18.076034933169723,-111.88585856917757,40.76971080659178
4946,85,68,18.479868765136562,-111.88550313441014,40.769713534581406
4947,85,69,18.985058631411125,-111.88514769959403,40.7697162614765
4948,85,70,37.32588813292253,-111.88479226472926,40.76971898727705
4949,85,71,65.0077795235676,-111.88443682981583,40.76972171198307
4950,85,72,94.12120309610425,-111.88408139485375,40.76972443559455
4951,85,73,123.65917008427411,-111.88372595984308,40.76972715811147
4952,85,74,153.37659475814672,-111.88337052478381,40.76972987953386
4953,85,75,183.18616021216803,-111.88301508967598,40.769732599861705
4954,85,76,213.0491933027474,-111.8826596545196,40.769735319095005
4955,85,77,242.94597802932395,-111.88230421931468,40.76973803723376
4956,85,78,272.8654205176942,-111.88194878406125,40.76974075427796
4957,85,79,302.80080447048255,-111.88159334875932,40.76974347022764
4958,85,80,332.74782743339546,-111.88123791340892,40.76974618508275
4959,86,1,324.9004834124985,-111.9093208391458,40.769798563160805
4960,86,2,295.07969953135415,-111.90896540619552,40.769801363415674
4961,86,3,265.29932911591266,-111.90860997319527,40.76980416257602
4962,86,4,235.57469936984407,-111.90825454014502,40.76980696064184
4963,86,5,205.92994910170663,-111.90789910704486,40.769809757613146
4964,86,6,176.4053539178178,-111.90754367389476,40.76981255348993
4965,86,7,147.07329412476497,-111.90718824069478,40.76981534827218
4966,86,8,118.07734244362334,-111.90683280744493,40.76981814195991
4967,86,9,89.74387863463313,-111.9064773741452,40.76982093455312
4968,86,10,62.973555610484894,-111.90612194079563,40.769823726051804
4969,86,11,40.95575246611769,-111.90576650739622,40.769826516455964
4970,86,12,33.86034120506337,-111.90541107394704,40.7698293057656
4971,86,13,34.160326207137416,-111.90505564044805,40.76983209398071
4972,86,14,34.496146807030556,-111.90470020689932,40.769834881101275
4973,86,15,34.62714992471122,-111.90434477330083,40.769837667127334
4974,86,16,34.75815304239187,-111.90398933965263,40.769840452058844
4975,86,17,34.88915616007253,-111.9036339059547,40.76984323589584
4976,86,18,35.02015927775319,-111.90327847220712,40.76984601863831
4977,86,19,35.15116239543385,-111.90292303840985,40.76984880028625
4978,86,20,35.282165513114506,-111.90256760456293,40.76985158083966
4979,86,21,35.41316863079516,-111.90221217066639,40.76985436029854
4980,86,22,35.54417174847582,-111.90185673672025,40.769857138662886
4981,86,23,35.67517486615648,-111.90150130272451,40.7698599159327
4982,86,24,35.80617798383714,-111.90114586867921,40.76986269210799
4983,86,25,35.937181101517794,-111.90079043458437,40.769865467188744
4984,86,26,36.06818421919845,-111.90043500043998,40.76986824117497
4985,86,27,9.193665234330416,-111.9000795662461,40.76987101406666
4986,86,28,0.0,-111.89972413200272,40.76987378586382
4987,86,29,2.5536202276958044,-111.89936869770986,40.76987655656644
4988,86,30,32.55204244290457,-111.89901326336758,40.76987932617453
4989,86,31,62.55046465811333,-111.89865782897583,40.769882094688086
4990,86,32,92.54888687332209,-111.8983023945347,40.769884862107105
4991,86,33,122.54730908853085,-111.89794696004417,40.76988762843159
4992,86,34,152.54573130373961,-111.89759152550425,40.76989039366154
4993,86,35,159.6187012442396,-111.89723609091499,40.76989315779696
4994,86,36,159.02399054680947,-111.8968806562764,40.76989592083784
4995,86,37,158.42927984937933,-111.89652522158848,40.769898682784174
4996,86,38,157.83456915194918,-111.89616978685127,40.76990144363599
4997,86,39,157.239858454519,-111.89581435206479,40.769904203393246
4998,86,40,156.64514775708886,-111.89545891722906,40.76990696205597
4999,86,41,156.05043705965872,-111.8951034823441,40.76990971962417
5000,86,42,155.45572636222857,-111.8947480474099,40.769912476097815
5001,86,43,154.86101566479843,-111.89439261242651,40.769915231476915
5002,86,44,154.26630496736828,-111.89403717739395,40.769917985761495
5003,86,45,153.87348753957139,-111.89368174231224,40.76992073895153
5004,86,46,153.8734875395089,-111.89332630718138,40.76992349104702
5005,86,47,153.8734875394464,-111.8929708720014,40.76992624204796
5006,86,48,153.8734875393839,-111.89261543677233,40.769928991954366
5007,86,49,153.87348753932136,-111.89226000149417,40.769931740766225
5008,86,50,153.87348753925883,-111.89190456616694,40.76993448848355
5009,86,51,153.87348753919633,-111.89154913079068,40.76993723510633
5010,86,52,153.87348753913383,-111.89119369536542,40.76993998063457
5011,86,53,153.87348753907133,-111.89083825989113,40.76994272506826
5012,86,54,153.8734875390088,-111.89048282436787,40.76994546840741
5013,86,55,135.85822332524265,-111.89012738879563,40.769948210652004
5014,86,56,105.86201455687072,-111.88977195317447,40.769950951802066
5015,86,57,75.8658057884988,-111.88941651750439,40.76995369185757
5016,86,58,45.869597020126896,-111.88906108178539,40.76995643081854
5017,86,59,15.873388251754982,-111.8887056460175,40.76995916868496
5018,86,60,0.0,-111.88835021020076,40.769961905456825
5019,86,61,5.907823058071374,-111.88799477433517,40.76996464113415
5020,86,62,35.9076396767023,-111.88763933842074,40.769967375716924
5021,86,63,46.4579814527658,-111.88728390245753,40.769970109205154
5022,86,64,46.861815284732636,-111.88692846644551,40.76997284159883
5023,86,65,47.26564911669948,-111.88657303038472,40.76997557289796
5024,86,66,47.669482948666314,-111.88621759427521,40.76997830310254
5025,86,67,48.07331678063315,-111.88586215811695,40.76998103221257
5026,86,68,48.47715061259999,-111.88550672190999,40.76998376022806
5027,86,69,48.90572170919443,-111.88515128565433,40.769986487148984
5028,86,70,58.519732480339485,-111.88479584935001,40.76998921297537
5029,86,71,79.10340424560646,-111.88444041299704,40.76999193770719
5030,86,72,104.35582416385373,-111.88408497659543,40.76999466134447
5031,86,73,131.61659283916478,-111.88372954014521,40.76999738388719
5032,86,74,159.86155567948103,-111.8833741036464,40.770000105335356
5033,86,75,188.64916235683938,-111.88301866709904,40.77000282568898
5034,86,76,217.76431280540547,-111.8826632305031,40.77000554494803
5035,86,77,247.09124914752405,-111.88230779385864,40.77000826311253
5036,86,78,276.5626057133486,-111.88195235716566,40.770010980182484
5037,86,79,306.1366759351621,-111.88159692042419,40.77001369615788
5038,86,80,335.78632167839083,-111.88124148363426,40.77001641103872
5039,87,1,329.3750584408486,-111.90932452314307,40.770068787039975
5040,87,2,299.99939012729925,-111.90896908875325,40.770071587321375
5041,87,3,270.76066743637375,-111.90861365431347,40.77007438650825
5042,87,4,241.70859311251152,-111.90825821982375,40.77007718460058
5043,87,5,212.91958326623862,-111.90790278528408,40.77007998159838
5044,87,6,184.51681194977272,-111.90754735069447,40.77008277750164
5045,87,7,156.7104299207518,-111.90719191605497,40.77008557231038
5046,87,8,129.88403981931705,-111.9068364813656,40.770088366024574
5047,87,9,104.79298045969017,-111.90648104662635,40.77009115864424
5048,87,10,83.0257412340539,-111.90612561183727,40.77009395016937
5049,87,11,67.85999308357722,-111.90577017699836,40.77009674059995
5050,87,12,63.85884131754451,-111.90541474210964,40.77009952993602
5051,87,13,64.15882631961854,-111.90505930717116,40.770102318177535
5052,87,14,64.49586077538629,-111.90470387218289,40.77010510532452
5053,87,15,64.62686389306695,-111.90434843714489,40.77010789137696
5054,87,16,64.7578670107476,-111.90399300205716,40.77011067633487
5055,87,17,64.88887012842827,-111.90363756691974,40.770113460198246
5056,87,18,65.01987324610893,-111.90328213173262,40.77011624296706
5057,87,19,65.15087636378959,-111.90292669649583,40.77011902464136
5058,87,20,65.28187948147024,-111.9025712612094,40.77012180522111
5059,87,21,65.41288259915089,-111.90221582587333,40.770124584706316
5060,87,22,65.54388571683155,-111.90186039048767,40.770127363097004
5061,87,23,65.67488883451222,-111.9015049550524,40.77013014039312
5062,87,24,65.80589195219287,-111.90114951956758,40.770132916594704
5063,87,25,65.93689506987353,-111.90079408403321,40.77013569170175
5064,87,26,39.896887031778355,-111.9004386484493,40.77013846571426
5065,87,27,9.905329315726819,-111.90008321281589,40.77014123863221
5066,87,28,0.0,-111.89972777713298,40.77014401045563
5067,87,29,2.2459441024121762,-111.8993723414006,40.770146781184515
5068,87,30,32.24436631762094,-111.89901690561878,40.770149550818836
5069,87,31,62.2427885328297,-111.89866146978751,40.770152319358616
5070,87,32,92.24121074803847,-111.89830603390685,40.77015508680386
5071,87,33,122.23963296324723,-111.89795059797677,40.77015785315456
5072,87,34,130.21930720113178,-111.89759516199733,40.7701606184107
5073,87,35,129.6245965037016,-111.89723972596853,40.770163382572306
5074,87,36,129.02988580627147,-111.89688428989041,40.77016614563935
5075,87,37,128.43517510884132,-111.89652885376296,40.77016890761187
5076,87,38,127.84046441141119,-111.89617341758623,40.77017166848983
5077,87,39,127.24575371398105,-111.89581798136021,40.77017442827323
5078,87,40,126.65104301655089,-111.89546254508492,40.7701771869621
5079,87,41,126.05633231912074,-111.89510710876043,40.77017994455641
5080,87,42,125.4616216216906,-111.89475167238669,40.77018270105617
5081,87,43,124.86691092426045,-111.89439623596378,40.7701854564614
5082,87,44,124.2722002268303,-111.89404079949168,40.770188210772055
5083,87,45,123.87348753957137,-111.89368536297042,40.77019096398816
5084,87,46,123.87348753950887,-111.89332992640001,40.77019371610972
5085,87,47,123.87348753944636,-111.89297448978049,40.77019646713674
5086,87,48,123.87348753938383,-111.89261905311187,40.77019921706919
5087,87,49,123.87348753932133,-111.89226361639417,40.770201965907106
5088,87,50,123.87348753925883,-111.8919081796274,40.77020471365046
5089,87,51,123.87348753919633,-111.8915527428116,40.77020746029925
5090,87,52,123.87348753913383,-111.89119730594678,40.770210205853495
5091,87,53,123.8734875390713,-111.89084186903294,40.770212950313194
5092,87,54,123.87348753900879,-111.89048643207013,40.77021569367833
5093,87,55,123.87348753894629,-111.89013099505837,40.77021843594891
5094,87,56,106.33894172557471,-111.88977555799765,40.77022117712494
5095,87,57,76.3427329572028,-111.889420120888,40.77022391720641
5096,87,58,46.34652418883088,-111.88906468372946,40.77022665619332
5097,87,59,16.35031542045897,-111.88870924652203,40.770229394085675
5098,87,60,0.0,-111.88835380926572,40.770232130883464
5099,87,61,6.012717521774349,-111.88799837196059,40.770234866586705
5100,87,62,36.01253414040528,-111.8876429346066,40.770237601195404
5101,87,63,66.01235075903621,-111.88728749720383,40.77024033470953
5102,87,64,76.85909713219608,-111.88693205975227,40.770243067129094
5103,87,65,77.2629309641629,-111.88657662225194,40.770245798454106
5104,87,66,77.66676479612974,-111.88622118470285,40.77024852868454
5105,87,67,78.07059862809659,-111.88586574710504,40.770251257820426
5106,87,68,78.47443246006343,-111.88551030945851,40.77025398586176
5107,87,69,78.88667048720097,-111.8851548717633,40.77025671280851
5108,87,70,85.18154878980279,-111.88479943401943,40.770259438660716
5109,87,71,100.44244983025295,-111.88444399622688,40.770262163418366
5110,87,72,121.33208644697498,-111.88408855838573,40.77026488708144
5111,87,73,145.44505723897785,-111.88373312049595,40.77026760964994
5112,87,74,171.4265269697863,-111.88337768255758,40.770270331123896
5113,87,75,198.54431148385038,-111.88302224457064,40.77027305150328
5114,87,76,226.39044391552733,-111.88266680653516,40.7702757707881
5115,87,77,254.7261717412305,-111.88231136845111,40.77027848897837
5116,87,78,283.4046789374095,-111.88195593031857,40.77028120607406
5117,87,79,312.331557030809,-111.88160049213754,40.77028392207519
5118,87,80,341.4436864125076,-111.88124505390802,40.770286636981744
5119,88,1,336.4751612291013,-111.9093282071903,40.770339010906184
5120,88,2,307.7779054415517,-111.90897277136098,40.77034181121412
5121,88,3,279.35451317604986,-111.90861733548167,40.7703446104275
5122,88,4,251.29792873334011,-111.9082618995524,40.77034740854634
5123,88,5,223.74618195514748,-111.9079064635732,40.770350205570644
5124,88,6,196.91129701808637,-111.90755102754407,40.770353001500396
5125,88,7,171.1308383874283,-111.90719559146503,40.77035579633561
5126,88,8,146.9607730009038,-111.90684015533613,40.77035859007627
5127,88,9,125.33624278261355,-111.90648471915736,40.7703613827224
5128,88,10,107.80017953928147,-111.90612928292873,40.77036417427397
5129,88,11,96.60529831505305,-111.9057738466503,40.77036696473099
5130,88,12,93.85734143002563,-111.90541841032204,40.77036975409348
5131,88,13,94.15732643209968,-111.90506297394403,40.770372542361415
5132,88,14,94.49557474374203,-111.90470753751622,40.7703753295348
5133,88,15,94.62657786142269,-111.90435210103868,40.77037811561364
5134,88,16,94.75758097910334,-111.90399666451141,40.77038090059792
5135,88,17,94.888584096784,-111.90364122793444,40.77038368448767
5136,88,18,95.01958721446465,-111.9032857913078,40.77038646728287
5137,88,19,95.15059033214531,-111.90293035463147,40.770389248983506
5138,88,20,95.28159344982596,-111.90257491790548,40.7703920295896
5139,88,21,95.41259656750663,-111.90221948112988,40.77039480910114
5140,88,22,95.54359968518729,-111.90186404430467,40.77039758751813
5141,88,23,95.67460280286795,-111.90150860742988,40.77040036484058
5142,88,24,95.8056059205486,-111.90115317050551,40.77040314106846
5143,88,25,70.60010882922627,-111.90079773353158,40.7704059162018
5144,88,26,40.608551113174755,-111.90044229650813,40.770408690240586
5145,88,27,10.616993397123224,-111.90008685943516,40.77041146318482
5146,88,28,0.0,-111.89973142231271,40.770414235034494
5147,88,29,1.9382679771285476,-111.8993759851408,40.77041700578961
5148,88,30,31.936690192337306,-111.89902054791942,40.770419775450186
5149,88,31,61.93511240754607,-111.8986651106486,40.77042254401619
5150,88,32,91.93353462275483,-111.89830967332838,40.77042531148764
5151,88,33,100.81991315802395,-111.89795423595876,40.77042807786455
5152,88,34,100.2252024605938,-111.89759879853978,40.7704308431469
5153,88,35,99.63049176316366,-111.89724336107142,40.77043360733469
5154,88,36,99.03578106573352,-111.89688792355373,40.77043637042792
5155,88,37,98.44107036830336,-111.89653248598674,40.77043913242659
5156,88,38,97.84635967087321,-111.89617704837045,40.77044189333071
5157,88,39,97.25164897344308,-111.89582161070487,40.77044465314027
5158,88,40,96.65693827601292,-111.89546617299004,40.77044741185526
5159,88,41,96.06222757858278,-111.89511073522598,40.770450169475694
5160,88,42,95.46751688115262,-111.89475529741269,40.77045292600158
5161,88,43,94.87280618372249,-111.8943998595502,40.7704556814329
5162,88,44,94.27809548629233,-111.89404442163855,40.77045843576965
5163,88,45,93.87348753957137,-111.89368898367773,40.770461189011854
5164,88,46,93.87348753950886,-111.89333354566776,40.77046394115949
5165,88,47,93.87348753944636,-111.89297810760868,40.770466692212565
5166,88,48,93.87348753938383,-111.8926226695005,40.77046944217107
5167,88,49,93.87348753932133,-111.89226723134324,40.77047219103502
5168,88,50,93.87348753925883,-111.8919117931369,40.770474938804405
5169,88,51,93.87348753919632,-111.89155635488154,40.77047768547922
5170,88,52,93.87348753913382,-111.89120091657715,40.77048043105948
5171,88,53,93.8734875390713,-111.89084547822375,40.770483175545166
5172,88,54,93.87348753900879,-111.89049003982137,40.770485918936295
5173,88,55,93.87348753894629,-111.89013460137004,40.770488661232854
5174,88,56,93.87348753888378,-111.88977916286974,40.77049140243485
5175,88,57,76.8196601259068,-111.88942372432054,40.77049414254228
5176,88,58,46.82345135753487,-111.88906828572243,40.77049688155515
5177,88,59,16.827242589162957,-111.88871284707542,40.77049961947344
5178,88,60,0.0,-111.88835740837955,40.770502356297165
5179,88,61,6.117611985477324,-111.88800196963483,40.770505092026326
5180,88,62,36.117428604108255,-111.88764653084128,40.77050782666091
5181,88,63,66.11724522273917,-111.88729109199893,40.77051056020093
5182,88,64,96.1170618413701,-111.88693565310778,40.770513292646385
5183,88,65,107.26021281162635,-111.88658021416788,40.77051602399728
5184,88,66,107.66404664359318,-111.88622477517922,40.77051875425359
5185,88,67,108.06788047556002,-111.88586933614184,40.77052148341532
5186,88,68,108.47171430752685,-111.88551389705573,40.77052421148249
5187,88,69,108.87811508845695,-111.88515845792095,40.770526938455085
5188,88,70,113.52195126445197,-111.88480301873749,40.77052966433312
5189,88,71,125.37951544236377,-111.88444757950538,40.770532389116575
5190,88,72,142.66328317487742,-111.88409214022462,40.770535112805455
5191,88,73,163.66307414902298,-111.88373670089527,40.77053783539976
5192,88,74,187.13201573643653,-111.88338126151733,40.77054055689949
5193,88,75,212.2526343470329,-111.8830258220908,40.770543277304654
5194,88,76,238.50360638977472,-111.88267038261571,40.77054599661524
5195,88,77,265.54991947767917,-111.88231494309211,40.77054871483124
5196,88,78,293.1715354673356,-111.88195950351998,40.770551431952676
5197,88,79,321.22007826714156,-111.88160406389936,40.77055414797953
5198,89,1,346.03921616687745,-111.90933189128754,40.77060923475941
5199,89,2,318.20566317906093,-111.90897645401867,40.77061203509386
5200,89,3,290.80328236294906,-111.90862101669981,40.77061483433377
5201,89,4,263.9663879870014,-111.908265579331,40.77061763247913
5202,89,5,237.88644127134108,-111.90791014191224,40.77062042952993
5203,89,6,212.8418753313884,-111.90755470444357,40.77062322548617
5204,89,7,189.24420426639583,-111.90719926692499,40.770626020347855
5205,89,8,167.70531834816813,-111.90684382935652,40.770628814115
5206,89,9,149.12001460601957,-111.9064883917382,40.770631606787575
5207,89,10,134.71630825530576,-111.90613295407003,40.77063439836559
5208,89,11,125.93724097254805,-111.90577751635203,40.77063718884905
5209,89,12,123.85584154250678,-111.90542207858422,40.77063997823795
5210,89,13,124.15582654458083,-111.90506664076665,40.770642766532305
5211,89,14,124.49528871209776,-111.9047112028993,40.770645553732095
5212,89,15,124.62629182977841,-111.9043557649822,40.77064833983734
5213,89,16,124.75729494745907,-111.90400032701537,40.77065112484801
5214,89,17,124.88829806513974,-111.90364488899884,40.770653908764125
5215,89,18,125.0193011828204,-111.90328945093262,40.770656691585685
5216,89,19,125.15030430050105,-111.90293401281674,40.770659473312676
5217,89,20,125.28130741818168,-111.90257857465122,40.77066225394512
5218,89,21,125.41231053586235,-111.90222313643604,40.770665033483
5219,89,22,125.54331365354301,-111.90186769817127,40.77066781192631
5220,89,23,125.67431677122367,-111.9015122598569,40.77067058927506
5221,89,24,101.30333062667421,-111.90115682149296,40.770673365529255
5222,89,25,71.31177291062268,-111.90080138307948,40.77067614068888
5223,89,26,41.32021519457116,-111.90044594461648,40.77067891475394
5224,89,27,11.328657478519627,-111.90009050610394,40.770681687724434
5225,89,28,0.0,-111.89973506754193,40.77068445960037
5226,89,29,1.6305918518449192,-111.89937962893042,40.770687230381746
5227,89,30,31.62901406705368,-111.89902419026947,40.77069000006855
5228,89,31,61.62743628226244,-111.8986687515591,40.770692768660794
5229,89,32,71.42051911491613,-111.8983133127993,40.77069553615848
5230,89,33,70.82580841748599,-111.89795787399012,40.770698302561584
5231,89,34,70.23109772005584,-111.89760243513156,40.77070106787012
5232,89,35,69.6363870226257,-111.89724699622363,40.7707038320841
5233,89,36,69.04167632519554,-111.89689155726639,40.77070659520351
5234,89,37,68.44696562776541,-111.8965361182598,40.77070935722834
5235,89,38,67.85225493033525,-111.89618067920394,40.77071211815862
5236,89,39,67.2575442329051,-111.89582524009879,40.77071487799432
5237,89,40,66.66283353547496,-111.89546980094438,40.770717636735455
5238,89,41,66.06812283804481,-111.89511436174075,40.770720394382025
5239,89,42,65.47341214061467,-111.89475892248788,40.77072315093401
5240,89,43,64.87870144318451,-111.89440348318581,40.770725906391434
5241,89,44,64.28399074575437,-111.89404804383459,40.77072866075429
5242,89,45,63.87348753957136,-111.89369260443418,40.77073141402257
5243,89,46,63.87348753950885,-111.89333716498463,40.77073416619628
5244,89,47,63.87348753944635,-111.89298172548598,40.770736917275414
5245,89,48,63.87348753938384,-111.8926262859382,40.77073966725998
5246,89,49,63.87348753932133,-111.89227084634136,40.770742416149965
5247,89,50,63.87348753925882,-111.89191540669546,40.770745163945385
5248,89,51,63.87348753919632,-111.89155996700049,40.77074791064622
5249,89,52,63.87348753913381,-111.89120452725652,40.77075065625249
5250,89,53,63.8734875390713,-111.89084908746355,40.77075340076418
5251,89,54,63.8734875390088,-111.89049364762158,40.7707561441813
5252,89,55,63.87348753894628,-111.89013820773064,40.770758886503835
5253,89,56,63.87348753888378,-111.88978276779078,40.77076162773181
5254,89,57,63.87348753882128,-111.88942732780197,40.7707643678652
5255,89,58,47.30037852623885,-111.88907188776426,40.77076710690401
5256,89,59,17.30416975786694,-111.88871644767768,40.77076984484824
5257,89,60,0.0,-111.88836100754222,40.77077258169789
5258,89,61,6.222506449180299,-111.88800556735791,40.77077531745297
5259,89,62,36.222323067811224,-111.88765012712477,40.77077805211347
5260,89,63,66.22213968644216,-111.88729468684282,40.770780785679385
5261,89,64,96.22195630507308,-111.88693924651209,40.77078351815072
5262,89,65,126.22177292370401,-111.88658380613259,40.770786249527475
5263,89,66,137.6613284910566,-111.88622836570433,40.77078897980965
5264,89,67,138.06516232302343,-111.88587292522733,40.77079170899725
5265,89,68,138.4689961549903,-111.88551748470164,40.770794437090274
5266,89,69,138.87325556014855,-111.88516204412726,40.7707971640887
5267,89,70,142.5432235623555,-111.8848066035042,40.77079988999255
5268,89,71,152.15570990673004,-111.88445116283248,40.770802614801816
5269,89,72,166.68578082996257,-111.88409572211214,40.7708053385165
5270,89,73,184.97821224286832,-111.88374028134318,40.7708080611366
5271,89,74,206.03331885459926,-111.88338484052564,40.77081078266212
5272,89,75,229.09063261494194,-111.8830293996595,40.77081350309306
5273,89,76,253.60462816279127,-111.88267395874482,40.770816222429396
5274,89,77,279.1918639560633,-111.88231851778161,40.77081894067116
5275,89,78,305.5828633495901,-111.88196307676988,40.77082165781833
5276,89,79,332.58634344573983,-111.88160763570966,40.77082437387093
5277,90,2,331.03239883803406,-111.90898013672634,40.77088225896067
5278,90,3,304.7854229360425,-111.90862469796792,40.770885058227094
5279,90,4,279.29528994979734,-111.90826925915954,40.77088785639896
5280,90,5,254.7892539766551,-111.90791382030122,40.77089065347625
5281,90,6,231.57994061623629,-111.90755838139297,40.770893449458974
5282,90,7,210.0975341351216,-111.90720294243482,40.77089624434715
5283,90,8,190.92584634746984,-111.90684750342677,40.77089903814075
5284,90,9,174.82672495169822,-111.90649206436889,40.770901830839776
5285,90,10,162.71474644658304,-111.90613662526114,40.770904622444256
5286,90,11,155.52425426606257,-111.90578118610358,40.770907412954145
5287,90,12,153.8543416549879,-111.9054257468962,40.77091020236949
5288,90,13,154.15432665706197,-111.90507030763905,40.77091299069025
5289,90,14,154.4950026804535,-111.9047148683321,40.77091577791644
5290,90,15,154.62600579813414,-111.90435942897544,40.770918564048074
5291,90,16,154.75700891581482,-111.90400398956905,40.770921349085135
5292,90,17,154.88801203349547,-111.90364855011293,40.770924133027634
5293,90,18,155.01901515117612,-111.90329311060712,40.77092691587555
5294,90,19,155.15001826885677,-111.90293767105166,40.7709296976289
5295,90,20,155.28102138653742,-111.90258223144656,40.77093247828768
5296,90,21,155.4120245042181,-111.9022267917918,40.77093525785188
5297,90,22,155.54302762189874,-111.90187135208744,40.77093803632152
5298,90,23,132.00655242412213,-111.90151591233351,40.77094081369658
5299,90,24,102.01499470807062,-111.90116047253,40.77094358997708
5300,90,25,72.02343699201909,-111.90080503267691,40.770946365163006
5301,90,26,42.03187927596757,-111.90044959277432,40.770949139254334
5302,90,27,12.04032155991603,-111.9000941528222,40.770951912251114
5303,90,28,0.0,-111.8997387128206,40.7709546841533
5304,90,29,1.3229157265612908,-111.89938327276951,40.77095745496093
5305,90,30,31.32133794177005,-111.89902783266898,40.77096022467398
5306,90,31,42.02112507180832,-111.89867239251902,40.770962993292436
5307,90,32,41.42641437437817,-111.89831695231963,40.770965760816345
5308,90,33,40.831703676948024,-111.89796151207085,40.77096852724565
5309,90,34,40.23699297951787,-111.8976060717727,40.7709712925804
5310,90,35,39.64228228208773,-111.89725063142518,40.770974056820556
5311,90,36,39.047571584657575,-111.89689519102834,40.770976819966144
5312,90,37,38.45286088722743,-111.89653975058216,40.77097958201715
5313,90,38,37.858150189797286,-111.89618431008671,40.77098234297359
5314,90,39,37.26343949236714,-111.89582886954196,40.770985102835425
5315,90,40,36.66872879493699,-111.89547342894797,40.7709878616027
5316,90,41,36.074018097506844,-111.89511798830473,40.77099061927539
5317,90,42,35.47930740007669,-111.89476254761227,40.77099337585349
5318,90,43,34.88459670264655,-111.89440710687062,40.77099613133702
5319,90,44,34.2898860052164,-111.89405166607978,40.770998885725966
5320,90,45,33.873487539571364,-111.89369622523976,40.771001639020334
5321,90,46,33.87348753950885,-111.89334078435063,40.77100439122012
5322,90,47,33.87348753944635,-111.89298534341236,40.77100714232532
5323,90,48,33.873487539383845,-111.892629902425,40.771009892335925
5324,90,49,33.87348753932133,-111.89227446138855,40.77101264125196
5325,90,50,33.873487539258825,-111.89191902030304,40.771015389073405
5326,90,51,33.87348753919632,-111.89156357916848,40.771018135800276
5327,90,52,33.87348753913381,-111.89120813798489,40.771020881432555
5328,90,53,33.873487539071306,-111.89085269675232,40.77102362597025
5329,90,54,33.8734875390088,-111.89049725547075,40.77102636941334
5330,90,55,33.873487538946286,-111.89014181414021,40.77102911176186
5331,90,56,33.87348753888378,-111.88978637276072,40.7710318530158
5332,90,57,33.87348753882128,-111.88943093133233,40.77103459317515
5333,90,58,33.873487538758766,-111.889075489855,40.77103733223991
5334,90,59,17.781096926570928,-111.88872004832879,40.77104007021009
5335,90,60,0.0,-111.88836460675373,40.77104280708567
5336,90,61,6.327400912883274,-111.8880091651298,40.77104554286666
5337,90,62,36.32721753151421,-111.88765372345705,40.77104827755307
5338,90,63,66.32703415014514,-111.8872982817355,40.77105101114488
5339,90,64,96.32685076877605,-111.88694283996514,40.77105374364211
5340,90,65,126.32666738740699,-111.88658739814603,40.771056475044745
5341,90,66,156.32648400603793,-111.88623195627817,40.771059205352785
5342,90,67,168.06244417048688,-111.88587651436156,40.77106193456624
5343,90,68,168.46627800245372,-111.88552107239626,40.771064662685106
5344,90,69,168.87011183442056,-111.88516563038225,40.77106738970936
5345,90,70,171.90086604844873,-111.88481018831958,40.77107011563904
5346,90,71,179.95193030884676,-111.88445474620823,40.771072840474126
5347,90,72,192.3940921534582,-111.88409930404826,40.77107556421461
5348,90,73,208.44250087068784,-111.88374386183969,40.77107828686051
5349,90,74,227.3346996014907,-111.88338841958253,40.7710810084118
5350,90,75,248.422734701503,-111.88303297727678,40.77108372886851
5351,90,76,271.19484617198515,-111.88267753492246,40.771086448230626
5352,90,77,295.2616366274495,-111.88232209251963,40.771089166498136
5353,90,78,320.3314276457952,-111.88196665006828,40.771091883671055
5354,90,79,346.18638478609563,-111.88161120756843,40.77109459974937
5355,91,2,345.9914075258235,-111.90898381948399,40.77115248281449
5356,91,3,320.97002825114305,-111.90862837928599,40.77115528210743
5357,91,4,296.8728077634909,-111.90827293903801,40.7711580803058
5358,91,5,273.94373317018534,-111.90791749874012,40.7711608774096
5359,91,6,252.50123543669397,-111.90756205839227,40.77116367341882
5360,91,7,232.95617366984683,-111.90720661799453,40.77116646833346
5361,91,8,215.824659862433,-111.90685117754691,40.77116926215352
5362,91,9,201.72255391644728,-111.90649573704943,40.77117205487902
5363,91,10,191.3209181255752,-111.90614029650209,40.771174846509936
5364,91,11,185.2441596009227,-111.90578485590491,40.771177637046264
5365,91,12,183.85284176746904,-111.90542941525796,40.77118042648804
5366,91,13,184.15282676954308,-111.90507397456119,40.77118321483521
5367,91,14,184.49471664880923,-111.90471853381469,40.771186002087816
5368,91,15,184.62571976648988,-111.90436309301842,40.77118878824584
5369,91,16,184.75672288417053,-111.90400765217241,40.771191573309295
5370,91,17,184.88772600185118,-111.90365221127671,40.77119435727815
5371,91,18,185.01872911953183,-111.90329677033131,40.77119714015244
5372,91,19,185.1497322372125,-111.90294132933624,40.77119992193214
5373,91,20,185.28073535489315,-111.90258588829153,40.771202702617266
5374,91,21,185.4117384725738,-111.90223044719718,40.771205482207804
5375,91,22,162.7097742215701,-111.90187500605323,40.77120826070376
5376,91,23,132.71821650551854,-111.90151956485968,40.771211038105136
5377,91,24,102.72665878946702,-111.90116412361655,40.77121381441192
5378,91,25,72.73510107341549,-111.90080868232388,40.77121658962413
5379,91,26,42.74354335736397,-111.90045324098168,40.77121936374176
5380,91,27,12.751985641312436,-111.90009779958996,40.771222136764806
5381,91,28,0.0,-111.89974235814874,40.771224908693256
5382,91,29,1.0152396012776626,-111.89938691665806,40.771227679527136
5383,91,30,12.621731028700502,-111.89903147511792,40.77123044926642
5384,91,31,12.027020331270354,-111.89867603352835,40.77123321791112
5385,91,32,11.432309633840207,-111.89832059188936,40.77123598546123
5386,91,33,10.837598936410059,-111.89796515020096,40.771238751916755
5387,91,34,10.242888238979912,-111.8976097084632,40.771241517277694
5388,91,35,9.648177541549765,-111.89725426667607,40.77124428154404
5389,91,36,9.053466844119617,-111.89689882483961,40.77124704471581
5390,91,37,8.45875614668947,-111.89654338295384,40.77124980679299
5391,91,38,7.864045449259322,-111.89618794101875,40.77125256777557
5392,91,39,7.269334751829175,-111.8958324990344,40.77125532766357
5393,91,40,6.674624054399027,-111.89547705700079,40.77125808645697
5394,91,41,6.07991335696888,-111.89512161491793,40.77126084415578
5395,91,42,5.485202659538733,-111.89476617278586,40.77126360076
5396,91,43,4.890491962108586,-111.89441073060459,40.77126635626963
5397,91,44,4.295781264678438,-111.89405528837413,40.771269110684685
5398,91,45,3.8734875395713635,-111.8936998460945,40.77127186400513
5399,91,46,3.873487539508856,-111.89334440376575,40.77127461623098
5400,91,47,3.8734875394463484,-111.89298896138786,40.771277367362245
5401,91,48,3.873487539383841,-111.89263351896086,40.77128011739891
5402,91,49,3.8734875393213333,-111.89227807648481,40.77128286634099
5403,91,50,3.873487539258826,-111.89192263395967,40.77128561418847
5404,91,51,3.873487539196318,-111.89156719138549,40.771288360941355
5405,91,52,3.873487539133811,-111.89121174876229,40.771291106599634
5406,91,53,3.873487539071303,-111.89085630609007,40.77129385116334
5407,91,54,3.8734875390087957,-111.89050086336887,40.77129659463243
5408,91,55,3.873487538946289,-111.89014542059871,40.77129933700693
5409,91,56,3.8734875388837806,-111.88978997777961,40.77130207828684
5410,91,57,3.8734875388212737,-111.88943453491156,40.771304818472146
5411,91,58,3.8734875387587655,-111.88907909199463,40.77130755756285
5412,91,59,3.8734875386962586,-111.88872364902879,40.77131029555897
5413,91,60,0.0,-111.88836820601409,40.77131303246048
5414,91,61,6.432295376586249,-111.88801276295054,40.77131576826739
5415,91,62,36.43211199521718,-111.88765731983815,40.77131850297971
5416,91,63,66.43192861384811,-111.88730187667696,40.77132123659742
5417,91,64,96.43174523247903,-111.88694643346697,40.77132396912052
5418,91,65,126.43156185110998,-111.88659099020823,40.77132670054905
5419,91,66,156.4313784697409,-111.88623554690072,40.77132943088295
5420,91,67,186.43119508837182,-111.8858801035445,40.77133216012226
5421,91,68,198.46355984991712,-111.88552466013954,40.77133488826696
5422,91,69,198.86739368188395,-111.88516921668591,40.77133761531707
5423,91,70,201.4478714528048,-111.8848137731836,40.77134034127257
5424,91,71,208.3603474429314,-111.88445832963262,40.77134306613347
5425,91,72,219.19585730622836,-111.88410288603302,40.77134578989975
5426,91,73,233.40868307302912,-111.8837474423848,40.77134851257144
5427,91,74,250.42444530748008,-111.88339199868798,40.77135123414853
5428,91,75,269.71316668125866,-111.88303655494259,40.771353954631
5429,91,76,290.82293883891924,-111.88268111114864,40.771356674018875
5430,91,77,313.3859780344026,-111.88232566730616,40.77135939231215
5431,91,78,337.1106060364349,-111.88197022341517,40.7713621095108
5432,92,3,339.04183228147053,-111.90863206065403,40.77142550597481
5433,92,4,316.324309831881,-111.90827661896645,40.77142830419968
5434,92,5,294.9114679771794,-111.90792117722893,40.77143110132998
5435,92,6,275.108122196154,-111.90756573544148,40.77143389736569
5436,92,7,257.286190558555,-111.90721029360414,40.7714366923068
5437,92,8,241.88403999845082,-111.9068548517169,40.77143948615335
5438,92,9,229.38961127263636,-111.9064994097798,40.77144227890529
5439,92,10,220.29820406360622,-111.90614396779284,40.77144507056265
5440,92,11,215.04186491818137,-111.90578852575608,40.771447861125424
5441,92,12,213.85134187995016,-111.9054330836695,40.771450650593614
5442,92,13,214.1513268820242,-111.90507764153313,40.77145343896721
5443,92,14,214.49443061716497,-111.90472219934698,40.771456226246215
5444,92,15,214.62543373484561,-111.9043667571111,40.77145901243064
5445,92,16,214.75643685252626,-111.9040113148255,40.77146179752047
5446,92,17,214.88743997020694,-111.90365587249016,40.77146458151571
5447,92,18,215.0184430878876,-111.90330043010516,40.77146736441635
5448,92,19,215.14944620556827,-111.90294498767047,40.77147014622241
5449,92,20,215.28044932324892,-111.90258954518613,40.771472926933875
5450,92,21,193.41299601901804,-111.90223410265217,40.77147570655075
5451,92,22,163.4214383029665,-111.9018786600686,40.77147848507303
5452,92,23,133.42988058691495,-111.90152321743541,40.77148126250072
5453,92,24,103.43832287086342,-111.90116777475268,40.77148403883381
5454,92,25,73.44676515481189,-111.90081233202038,40.77148681407232
5455,92,26,43.455207438760375,-111.90045688923855,40.77148958821622
5456,92,27,13.463649722708839,-111.90010144640722,40.77149236126554
5457,92,28,0.0,-111.89974600352637,40.771495133220256
5458,92,29,0.0,-111.89939056059606,40.77149790408038
5459,92,30,0.0,-111.8990351176163,40.77150067384591
5460,92,31,0.0,-111.89867967458709,40.77150344251683
5461,92,32,0.0,-111.89832423150847,40.771506210093165
5462,92,33,0.0,-111.89796878838045,40.77150897657489
5463,92,34,0.0,-111.89761334520306,40.77151174196203
5464,92,35,0.0,-111.8972579019763,40.77151450625457
5465,92,36,0.0,-111.89690245870021,40.77151726945252
5466,92,37,0.0,-111.8965470153748,40.77152003155585
5467,92,38,0.0,-111.89619157200009,40.771522792564596
5468,92,39,0.0,-111.8958361285761,40.771525552478735
5469,92,40,0.0,-111.89548068510285,40.771528311298276
5470,92,41,0.0,-111.89512524158036,40.77153106902321
5471,92,42,0.0,-111.89476979800865,40.77153382565356
5472,92,43,0.0,-111.89441435438773,40.7715365811893
5473,92,44,0.0,-111.89405891071763,40.77153933563043
5474,92,45,0.0,-111.89370346699839,40.771542088976965
5475,92,46,0.0,-111.89334802322999,40.77154484122889
5476,92,47,0.0,-111.89299257941246,40.77154759238621
5477,92,48,0.0,-111.89263713554583,40.77155034244894
5478,92,49,0.0,-111.89228169163013,40.77155309141706
5479,92,50,0.0,-111.89192624766535,40.77155583929057
5480,92,51,0.0,-111.89157080365152,40.771558586069474
5481,92,52,0.0,-111.89121535958867,40.77156133175377
5482,92,53,0.0,-111.89085991547681,40.77156407634347
5483,92,54,0.0,-111.89050447131598,40.771566819838554
5484,92,55,0.0,-111.89014902710616,40.771569562239044
5485,92,56,0.0,-111.88979358284742,40.771572303544914
5486,92,57,0.0,-111.88943813853973,40.77157504375619
5487,92,58,0.0,-111.88908269418314,40.771577782872846
5488,92,59,0.0,-111.88872724977766,40.771580520894894
5489,92,60,0.0,-111.8883718053233,40.771583257822336
5490,92,61,6.537189840289224,-111.8880163608201,40.771585993655165
5491,92,62,36.53700645892016,-111.88766091626808,40.77158872839339
5492,92,63,66.53682307755108,-111.88730547166723,40.771591462036994
5493,92,64,96.53663969618201,-111.88695002701759,40.771594194586
5494,92,65,126.53645631481294,-111.88659458231919,40.77159692604038
5495,92,66,156.53627293344388,-111.88623913757203,40.77159965640016
5496,92,67,186.53608955207483,-111.88588369277613,40.77160238566532
5497,92,68,216.53590617070574,-111.88552824793153,40.77160511383588
5498,92,69,228.8646755293474,-111.88517280303823,40.77160784091181
5499,92,70,231.11162254963472,-111.88481735809626,40.771610566893145
5500,92,71,237.16106668506563,-111.88446191310564,40.77161329177986
5501,92,72,246.73500162091207,-111.88410646806636,40.77161601557195
5502,92,73,259.4435400979273,-111.8837510229785,40.77161873826943
5503,92,74,274.85221478499705,-111.88339557784202,40.7716214598723
5504,92,75,292.5346636655073,-111.88304013265697,40.77162418038055
5505,92,76,312.1046602016138,-111.88268468742336,40.771626899794185
5506,92,77,333.22981318189125,-111.88232924214122,40.7716296181132
5507,93,4,337.3257683484218,-111.90828029894482,40.771698528080606
5508,93,5,317.333230131501,-111.90792485576767,40.771701325237395
5509,93,6,299.0185343745957,-111.9075694125406,40.77170412129959
5510,93,7,282.70795682712986,-111.90721396926361,40.77170691626719
5511,93,8,268.76661587185527,-111.90685852593676,40.7717097101402
5512,93,9,257.579499885081,-111.90650308256002,40.771712502918604
5513,93,10,249.51734151134173,-111.90614763913345,40.77171529460241
5514,93,11,244.88897212558717,-111.90579219565704,40.77171808519162
5515,93,12,243.84984199243127,-111.90543675213083,40.77172087468624
5516,93,13,244.1498269945053,-111.90508130855483,40.771723663086256
5517,93,14,244.4941445855207,-111.90472586492905,40.77172645039166
5518,93,15,244.62514770320135,-111.90437042125353,40.771729236602475
5519,93,16,244.756150820882,-111.90401497752828,40.771732021718705
5520,93,17,244.88715393856268,-111.90365953375333,40.7717348057403
5521,93,18,245.01815705624333,-111.90330408992867,40.771737588667314
5522,93,19,245.14916017392397,-111.90294864605434,40.771740370499735
5523,93,20,224.1174347440642,-111.90259320213038,40.771743151237544
5524,93,21,194.130077018357,-111.90223775815677,40.77174593088074
5525,93,22,164.14733945466972,-111.90188231413354,40.77174870942935
5526,93,23,134.17231941402787,-111.90152687006074,40.77175148688335
5527,93,24,104.21167661943295,-111.90117142593836,40.77175426324275
5528,93,25,74.2828095236483,-111.90081598176643,40.771757038507545
5529,93,26,44.44994980447064,-111.90046053754494,40.77175981267773
5530,93,27,15.285950559690622,-111.90010509327396,40.771762585753315
5531,93,28,6.095536594890423,-111.89974964895347,40.771765357734296
5532,93,29,6.172001937057719,-111.89939420458352,40.771768128620664
5533,93,30,6.2484672792250135,-111.8990387601641,40.77177089841243
5534,93,31,6.324932621392309,-111.89868331569525,40.77177366710959
5535,93,32,6.401397963559603,-111.89832787117697,40.77177643471214
5536,93,33,6.477863305726898,-111.89797242660931,40.771779201220085
5537,93,34,6.5543286478941924,-111.89761698199226,40.77178196663342
5538,93,35,6.630793990061487,-111.89726153732586,40.77178473095214
5539,93,36,6.707259332228783,-111.89690609261012,40.77178749417626
5540,93,37,6.783724674396077,-111.89655064784506,40.77179025630578
5541,93,38,6.860190016563372,-111.8961952030307,40.77179301734066
5542,93,39,6.9366553587306665,-111.89583975816706,40.771795777280964
5543,93,40,7.013120700897962,-111.89548431325416,40.77179853612664
5544,93,41,7.089586043065256,-111.895128868292,40.7718012938777
5545,93,42,7.166051385232551,-111.89477342328064,40.77180405053416
5546,93,43,7.242516727399846,-111.89441797822008,40.771806806096
5547,93,44,9.078891725664953,-111.89406253311031,40.77180956056323
5548,93,45,10.258534256153668,-111.89370708795141,40.77181231393584
5549,93,46,11.438176786642384,-111.89335164274334,40.77181506621385
5550,93,47,12.617819317131099,-111.89299619748617,40.77181781739724
5551,93,48,13.797461847619815,-111.89264075217987,40.77182056748601
5552,93,49,14.97710437810853,-111.8922853068245,40.771823316480166
5553,93,50,15.846849192353693,-111.89192986142007,40.77182606437972
5554,93,51,15.922131264046582,-111.89157441596659,40.77182881118465
5555,93,52,15.99741333573947,-111.89121897046407,40.77183155689496
5556,93,53,16.07269540743236,-111.89086352491255,40.77183430151065
5557,93,54,16.14797747912525,-111.89050807931204,40.77183704503173
5558,93,55,16.22325955081814,-111.89015263366257,40.7718397874582
5559,93,56,16.298541622511024,-111.88979718796415,40.77184252879004
5560,93,57,16.373823694203914,-111.8894417422168,40.771845269027274
5561,93,58,16.449105765896803,-111.88908629642053,40.77184800816988
5562,93,59,16.524387837589693,-111.88873085057539,40.771850746217865
5563,93,60,16.599669909282582,-111.88837540468136,40.771853483171235
5564,93,61,21.705094288778177,-111.8880199587385,40.77185621902998
5565,93,62,42.43141410992201,-111.88766451274678,40.771858953794116
5566,93,63,69.96025186296905,-111.88730906670628,40.77186168746363
5567,93,64,98.93658968295014,-111.88695362061696,40.77186442003852
5568,93,65,128.38403606155563,-111.88659817447889,40.77186715151877
5569,93,66,158.03946549143095,-111.88624272829206,40.77186988190442
5570,93,67,187.8043785170611,-111.8858872820565,40.77187261119544
5571,93,68,217.6338588720559,-111.88553183577221,40.77187533939184
5572,93,69,247.50456251330866,-111.88517638943924,40.77187806649361
5573,93,70,260.85229391781064,-111.88482094305759,40.77188079250076
5574,93,71,266.22679939453354,-111.88446549662729,40.771883517413286
5575,93,72,274.78991646261426,-111.88411005014835,40.77188624123119
5576,93,73,286.2556334174122,-111.88375460362079,40.77188896395447
5577,93,74,300.29165345856217,-111.88339915704464,40.77189168558311
5578,93,75,316.55626136683907,-111.88304371041991,40.77189440611714
5579,93,76,334.7247467460747,-111.88268826374662,40.771897125556535
5580,94,5,340.9222549892122,-111.90792853435634,40.771971549131834
5581,94,6,323.94395950653023,-111.90757308968962,40.77197434522052
5582,94,7,308.95208990166674,-111.90721764497299,40.7719771402146
5583,94,8,296.2483735119007,-111.90686220020648,40.77197993411407
5584,94,9,286.13773564891034,-111.9065067553901,40.77198272691893
5585,94,10,278.90232827304396,-111.90615131052385,40.7719855186292
5586,94,11,274.7693827011369,-111.9057958656078,40.77198830924484
5587,94,12,273.84834210491243,-111.90544042064194,40.77199109876589
5588,94,13,274.14832710698647,-111.90508497562628,40.771993887192316
5589,94,14,274.4938585538764,-111.90472953056086,40.77199667452413
5590,94,15,274.6248616715571,-111.90437408544568,40.771999460761336
5591,94,16,274.75586478923776,-111.90401864028078,40.77200224590394
5592,94,17,274.8868679069184,-111.90366319506616,40.77200502995193
5593,94,18,275.01787102459906,-111.90330774980185,40.772007812905315
5594,94,19,256.58147681194015,-111.90295230448787,40.772010594764076
5595,94,20,226.91830355854847,-111.90259685912424,40.77201337552823
5596,94,21,197.35698299473188,-111.90224141371098,40.77201615519777
5597,94,22,167.95130539437983,-111.90188596824811,40.7720189337727
5598,94,23,138.80022777564014,-111.90153052273563,40.77202171125301
5599,94,24,110.10615549306463,-111.90117507717359,40.77202448763871
5600,94,25,82.3482102073644,-111.90081963156199,40.7720272629298
5601,94,26,56.913003533899186,-111.90046418590086,40.772030037126264
5602,94,27,38.69046676046914,-111.90010874019019,40.77203281022812
5603,94,28,36.0954391455896,-111.89975329443006,40.772035582235354
5604,94,29,36.171904487756905,-111.89939784862042,40.772038353147984
5605,94,30,36.248369829924194,-111.89904240276135,40.77204112296599
5606,94,31,36.32483517209149,-111.89868695685283,40.77204389168937
5607,94,32,36.40130051425878,-111.89833151089489,40.77204665931815
5608,94,33,36.47776585642608,-111.89797606488754,40.772049425852295
5609,94,34,36.55423119859337,-111.89762061883084,40.772052191291834
5610,94,35,36.63069654076067,-111.89726517272477,40.77205495563675
5611,94,36,36.70716188292796,-111.89690972656935,40.772057718887034
5612,94,37,36.78362722509526,-111.89655428036463,40.772060481042715
5613,94,38,36.860092567262555,-111.89619883411058,40.772063242103776
5614,94,39,36.936557909429844,-111.89584338780728,40.772066002070204
5615,94,40,37.01302325159715,-111.8954879414547,40.77206876094203
5616,94,41,37.089488593764436,-111.89513249505288,40.77207151871921
5617,94,42,37.16595393593173,-111.89477704860184,40.77207427540178
5618,94,43,37.24241927809902,-111.8944216021016,40.77207703098973
5619,94,44,39.055690145447244,-111.89406615555215,40.77207978548305
5620,94,45,40.23533267593596,-111.89371070895356,40.77208253888176
5621,94,46,41.41497520642468,-111.89335526230583,40.77208529118583
5622,94,47,42.5946177369134,-111.89299981560896,40.77208804239529
5623,94,48,43.774260267402106,-111.892644368863,40.77209079251011
5624,94,49,44.95390279789082,-111.89228892206795,40.77209354153031
5625,94,50,45.84675473569969,-111.89193347522384,40.772096289455895
5626,94,51,45.92203680739258,-111.89157802833066,40.772099036286846
5627,94,52,45.99731887908546,-111.89122258138848,40.772101782023185
5628,94,53,46.07260095077835,-111.89086713439727,40.772104526664876
5629,94,54,46.14788302247124,-111.89051168735708,40.77210727021195
5630,94,55,46.22316509416413,-111.89015624026793,40.77211001266439
5631,94,56,46.29844716585701,-111.88980079312981,40.7721127540222
5632,94,57,46.3737292375499,-111.88944534594278,40.772115494285394
5633,94,58,46.4490113092428,-111.88908989870683,40.77211823345395
5634,94,59,46.52429338093569,-111.88873445142198,40.77212097152788
5635,94,60,46.59957545262858,-111.88837900408828,40.77212370850717
5636,94,61,48.78258243366873,-111.8880235567057,40.772126444391844
5637,94,62,63.181280409761854,-111.88766810927432,40.772129179181874
5638,94,63,84.1777056683023,-111.88731266179411,40.77213191287729
5639,94,64,109.45272070141385,-111.88695721426512,40.77213464547807
5640,94,65,136.6525155505894,-111.88660176668735,40.772137376984205
5641,94,66,164.8269454417768,-111.88624631906082,40.77214010739572
5642,94,67,193.55085605863084,-111.88589087138557,40.7721428367126
5643,94,68,222.61164798453652,-111.8855354236616,40.77214556493484
5644,94,69,251.89275050257714,-111.88517997588893,40.77214829206245
5645,94,70,281.3253804638251,-111.88482452806757,40.77215101809542
5646,94,71,295.47934933006104,-111.88446908019758,40.77215374303376
5647,94,72,303.2174720463674,-111.88411363227893,40.77215646687747
5648,94,73,313.6456995207537,-111.88375818431167,40.772159189626535
5649,94,74,326.5063771223102,-111.88340273629584,40.772161911280975
5650,94,75,341.52482160922006,-111.8830472882314,40.77216463184077
5651,95,6,349.66740468909273,-111.90757676688854,40.772244569128496
5652,95,7,335.8258460211852,-111.90722132073223,40.772247364149045
5653,95,8,324.1769637245742,-111.90686587452606,40.77225015807499
5654,95,9,314.96413885317634,-111.90651042827001,40.772252950906314
5655,95,10,308.4057614853556,-111.90615498196412,40.77225574264302
5656,95,11,304.67329825766006,-111.90579953560838,40.7722585332851
5657,95,12,303.84684221739354,-111.90544408920285,40.77226132283256
5658,95,13,304.1468272194676,-111.90508864274753,40.772264111285416
5659,95,14,304.49357252223217,-111.90473319624242,40.772266898643636
5660,95,15,304.6245756399128,-111.90437774968757,40.77226968490724
5661,95,16,304.75557875759347,-111.904022303083,40.77227247007623
5662,95,17,304.88658187527415,-111.9036668564287,40.77227525415059
5663,95,18,291.61530126132357,-111.90331140972471,40.77227803713034
5664,95,19,262.4830397885278,-111.90295596297106,40.77228081901546
5665,95,20,233.57056412039427,-111.90260051616775,40.77228359980597
5666,95,21,204.9709020090719,-111.9022450693148,40.77228637950183
5667,95,22,176.83589261602378,-111.90188962241226,40.772289158103085
5668,95,23,149.42822746790262,-111.9015341754601,40.77229193560971
5669,95,24,123.23415683605171,-111.90117872845836,40.772294712021704
5670,95,25,99.2195528007758,-111.90082328140709,40.77229748733909
5671,95,26,79.38754250434563,-111.90046783430627,40.77230026156184
5672,95,27,67.52957982819551,-111.90011238715594,40.77230303468996
5673,95,28,66.09534169628878,-111.8997569399561,40.77230580672346
5674,95,29,66.17180703845608,-111.8994014927068,40.772308577662336
5675,95,30,66.24827238062338,-111.89904604540803,40.77231134750657
5676,95,31,66.32473772279067,-111.89869059805982,40.7723141162562
5677,95,32,66.40120306495797,-111.8983351506622,40.77231688391119
5678,95,33,66.47766840712525,-111.89797970321519,40.77231965047155
5679,95,34,66.55413374929255,-111.89762425571878,40.77232241593728
5680,95,35,66.63059909145986,-111.89726880817301,40.772325180308385
5681,95,36,66.70706443362715,-111.89691336057791,40.77232794358486
5682,95,37,66.78352977579443,-111.89655791293349,40.772330705766706
5683,95,38,66.85999511796173,-111.89620246523977,40.77233346685392
5684,95,39,66.93646046012903,-111.89584701749675,40.772336226846505
5685,95,40,67.01292580229632,-111.89549156970449,40.772338985744454
5686,95,41,67.08939114446362,-111.89513612186296,40.77234174354777
5687,95,42,67.16585648663091,-111.89478067397222,40.77234450025646
5688,95,43,67.24232182879821,-111.8944252260323,40.772347255870514
5689,95,44,68.90942734525929,-111.89406977804317,40.77235001038992
5690,95,45,70.21213109571826,-111.89371433000488,40.772352763814716
5691,95,46,71.39177362620698,-111.89335888191744,40.77235551614486
5692,95,47,72.57141615669569,-111.89300343378088,40.77235826738038
5693,95,48,73.7510586871844,-111.89264798559522,40.77236101752128
5694,95,49,74.93070121767312,-111.89229253736046,40.77236376656752
5695,95,50,75.84666027904566,-111.89193708907663,40.77236651451913
5696,95,51,75.92194235073858,-111.89158164074378,40.772369261376106
5697,95,52,75.99722442243146,-111.89122619236188,40.77237200713844
5698,95,53,76.07250649412434,-111.89087074393098,40.77237475180614
5699,95,54,76.14778856581724,-111.89051529545108,40.772377495379196
5700,95,55,76.22307063751012,-111.89015984692222,40.77238023785762
5701,95,56,76.298352709203,-111.8898043983444,40.772382979241414
5702,95,57,76.3736347808959,-111.88944894971765,40.77238571953056
5703,95,58,76.44891685258878,-111.889093501042,40.77238845872506
5704,95,59,76.52419892428168,-111.88873805231746,40.772391196824934
5705,95,60,76.59948099597457,-111.88838260354404,40.772393933830166
5706,95,61,77.96208896934742,-111.88802715472177,40.77239666974076
5707,95,62,88.52218892679518,-111.88767170585066,40.7723994045567
5708,95,63,105.24892124116333,-111.88731625693075,40.772402138278004
5709,95,64,126.37779615023747,-111.88696080796204,40.772404870904666
5710,95,65,150.55018863207496,-111.88660535894456,40.77240760243669
5711,95,66,176.52017231612857,-111.88624990987833,40.77241033287406
5712,95,67,203.601039221017,-111.88589446076335,40.7724130622168
5713,95,68,231.40310090670883,-111.88553901159966,40.77241579046488
5714,95,69,259.6948344626879,-111.88518356238728,40.772418517618334
5715,95,70,288.3321331103511,-111.88482811312622,40.77242124367713
5716,95,71,317.2214225447701,-111.8844726638165,40.7724239686413
5717,95,72,331.9219373871643,-111.88411721445814,40.77242669251081
5718,95,73,341.4746871914842,-111.88376176505116,40.77242941528567
5719,96,9,343.9912989666457,-111.90651410119978,40.7725231748807
5720,96,10,337.9966253065247,-111.9061586534542,40.77252596664386
5721,96,11,334.59441667851894,-111.90580320565877,40.77252875731238
5722,96,12,333.84534232987465,-111.90544775781353,40.77253154688627
5723,96,13,334.14532733194875,-111.90509230991852,40.77253433536554
5724,96,14,334.4932864905879,-111.90473686197373,40.77253712275018
5725,96,15,334.62428960826855,-111.90438141397918,40.77253990904017
5726,96,16,334.75529272594923,-111.9040259659349,40.77254269423555
5727,96,17,328.39749331636017,-111.90367051784092,40.77254547833628
5728,96,18,299.83791598689146,-111.90331506969726,40.77254826134239
5729,96,19,271.58909792231265,-111.9029596215039,40.77255104325386
5730,96,20,243.75910312673219,-111.90260417326088,40.772553824070705
5731,96,21,216.5094977224838,-111.90224872496825,40.77255660379293
5732,96,22,190.09004406053347,-111.90189327662598,40.772559382420496
5733,96,23,164.90023377129853,-111.90153782823414,40.77256215995343
5734,96,24,141.59784371494592,-111.90118237979271,40.77256493639174
5735,96,25,121.27576671213255,-111.90082693130172,40.77256771173541
5736,96,26,105.66775212196455,-111.9004714827612,40.772570485984446
5737,96,27,97.0748993581878,-111.90011603417116,40.772573259138845
5738,96,28,96.09524424698797,-111.89976058553164,40.772576031198604
5739,96,29,96.17170958915527,-111.89940513684263,40.77257880216373
5740,96,30,96.24817493132257,-111.89904968810416,40.77258157203421
5741,96,31,96.32464027348986,-111.89869423931624,40.772584340810056
5742,96,32,96.40110561565716,-111.8983387904789,40.77258710849126
5743,96,33,96.47757095782444,-111.89798334159218,40.772589875077834
5744,96,34,96.55403629999174,-111.89762789265608,40.772592640569776
5745,96,35,96.63050164215903,-111.8972724436706,40.77259540496706
5746,96,36,96.70696698432634,-111.89691699463579,40.77259816826972
5747,96,37,96.78343232649362,-111.89656154555165,40.77260093047772
5748,96,38,96.85989766866092,-111.89620609641821,40.772603691591094
5749,96,39,96.93636301082822,-111.89585064723549,40.77260645160983
5750,96,40,97.01282835299551,-111.8954951980035,40.77260921053391
5751,96,41,97.08929369516281,-111.89513974872229,40.772611968363364
5752,96,42,97.16575903733009,-111.89478429939183,40.77261472509817
5753,96,43,97.2422243794974,-111.89442885001218,40.77261748073832
5754,96,44,98.64626436587946,-111.89407340058334,40.77262023528383
5755,96,45,100.18892951550053,-111.89371795110533,40.7726229887347
5756,96,46,101.36857204598925,-111.89336250157818,40.77262574109095
5757,96,47,102.54821457647797,-111.89300705200189,40.77262849235251
5758,96,48,103.7278571069667,-111.8926516023765,40.77263124251945
5759,96,49,104.9074996374554,-111.89229615270203,40.77263399159174
5760,96,50,105.84656582239167,-111.8919407029785,40.77263673956939
5761,96,51,105.92184789408455,-111.89158525320592,40.77263948645239
5762,96,52,105.99712996577745,-111.89122980338429,40.772642232240734
5763,96,53,106.07241203747033,-111.89087435351367,40.772644976934444
5764,96,54,106.14769410916323,-111.89051890359404,40.77264772053349
5765,96,55,106.22297618085611,-111.89016345362546,40.7726504630379
5766,96,56,106.298258252549,-111.88980800360793,40.77265320444766
5767,96,57,106.3735403242419,-111.88945255354146,40.77265594476277
5768,96,58,106.44882239593477,-111.88909710342607,40.77265868398323
5769,96,59,106.52410446762767,-111.8887416532618,40.77266142210904
5770,96,60,106.59938653932055,-111.88838620304865,40.77266415914019
5771,96,61,107.59383943345084,-111.88803075278665,40.772666895076696
5772,96,62,115.47521335749062,-111.88767530247583,40.77266962991856
5773,96,63,129.83867504475677,-111.88731985211618,40.77267236366576
5774,96,64,147.5221903668741,-111.88696440170774,40.772675096318295
5775,96,65,168.69145973641528,-111.88660895125054,40.7726778278762
5776,96,66,192.22596215226756,-111.88625350074456,40.772680558339445
5777,96,67,217.35876440283553,-111.88589805018985,40.77268328770804
5778,96,68,243.59565759694843,-111.88554259958643,40.772686015981975
5779,96,69,270.61569861604875,-111.8851871489343,40.77268874316126
5780,96,70,298.20608356439425,-111.88483169823351,40.772691469245885
5781,96,71,326.22213323466707,-111.88447624748406,40.77269419423586
5782,97,17,338.3906109071268,-111.90367417930285,40.772815702509014
5783,97,18,310.75081302708094,-111.90331872971946,40.77281848554149
5784,97,19,283.59113181459884,-111.90296328008638,40.77282126747932
5785,97,20,257.06379031434693,-111.90260783040365,40.77282404832251
5786,97,21,231.3863750043893,-111.9022523806713,40.77282682807104
5787,97,22,206.8756070312912,-111.90189693088932,40.77282960672495
5788,97,23,183.99831257774775,-111.90154148105775,40.7728323842842
5789,97,24,163.44185901522263,-111.90118603117661,40.772835160748805
5790,97,25,146.1885889022986,-111.90083058124591,40.77283793611877
5791,97,26,133.52515033557762,-111.90047513126567,40.7728407103941
5792,97,27,126.83385990748667,-111.9001196812359,40.77284348357475
5793,97,28,126.09514679768715,-111.89976423115664,40.77284625566078
5794,97,29,126.17161213985445,-111.89940878102792,40.77284902665215
5795,97,30,126.24807748202176,-111.89905333084971,40.772851796548885
5796,97,31,126.32454282418904,-111.89869788062207,40.772854565350954
5797,97,32,126.40100816635635,-111.89834243034502,40.7728573330584
5798,97,33,126.47747350852363,-111.89798698001856,40.77286009967117
5799,97,34,126.55393885069091,-111.89763152964272,40.7728628651893
5800,97,35,126.63040419285822,-111.89727607921752,40.77286562961279
5801,97,36,126.70686953502552,-111.89692062874299,40.77286839294162
5802,97,37,126.7833348771928,-111.89656517821912,40.7728711551758
5803,97,38,126.85980021936011,-111.89620972764595,40.772873916315326
5804,97,39,126.93626556152739,-111.89585427702349,40.7728766763602
5805,97,40,127.0127309036947,-111.89549882635178,40.77287943531042
5806,97,41,127.08919624586198,-111.89514337563082,40.772882193166
5807,97,42,127.16566158802927,-111.89478792486064,40.77288494992692
5808,97,43,127.24212693019658,-111.89443247404125,40.77288770559318
5809,97,44,128.38318369327487,-111.89407702317267,40.772890460164795
5810,97,45,130.16572793528283,-111.89372157225493,40.77289321364175
5811,97,46,131.34537046577157,-111.89336612128804,40.772895966024045
5812,97,47,132.52501299626027,-111.89301067027202,40.7728987173117
5813,97,48,133.70465552674898,-111.8926552192069,40.77290146750469
5814,97,49,134.8842980572377,-111.89229976809268,40.77290421660302
5815,97,50,135.84647136573764,-111.89194431692941,40.7729069646067
5816,97,51,135.92175343743054,-111.89158886571708,40.77290971151572
5817,97,52,135.99703550912344,-111.89123341445571,40.77291245733009
5818,97,53,136.07231758081633,-111.89087796314534,40.77291520204979
5819,97,54,136.1475996525092,-111.89052251178599,40.772917945674834
5820,97,55,136.2228817242021,-111.89016706037766,40.77292068820522
5821,97,56,136.298163795895,-111.88981160892038,40.77292342964095
5822,97,57,136.3734458675879,-111.88945615741416,40.77292616998202
5823,97,58,136.4487279392808,-111.88910070585904,40.772928909228426
5824,97,59,136.52401001097365,-111.88874525425501,40.77293164738017
5825,97,60,136.59929208266655,-111.88838980260212,40.77293438443727
5826,97,61,137.38552053108785,-111.88803435090038,40.772937120399696
5827,97,62,143.64146987386593,-111.88767889914979,40.77293985526745
5828,97,63,155.5344414702143,-111.88732344735041,40.772942589040554
5829,97,64,171.3308085006591,-111.88696799550222,40.77294532171899
5830,97,65,189.86378769752775,-111.88661254360525,40.77294805330278
5831,97,66,211.05039638961654,-111.88625709165952,40.77295078379189
5832,97,67,234.17147937692292,-111.88590163966506,40.77295351318632
5833,97,68,258.70889758749894,-111.8855461876219,40.77295624148611
5834,97,69,284.2961583073211,-111.88519073553003,40.772958968691235
5835,97,70,310.67397310631566,-111.88483528338946,40.77296169480169
5836,97,71,337.65711824723337,-111.88447983120025,40.77296441981747
5837,98,18,324.08233480185476,-111.90332238979133,40.773088709727624
5838,98,19,298.1396014915074,-111.90296693871852,40.77309149169181
5839,98,20,273.0294566972732,-111.90261148759608,40.77309427256133
5840,98,21,249.00390854623453,-111.90225603642396,40.77309705233621
5841,98,22,226.40849965978504,-111.90190058520226,40.77309983101643
5842,98,23,205.715023673742,-111.90154513393094,40.773102608601995
5843,98,24,187.5540807660062,-111.90118968261007,40.77310538509291
5844,98,25,172.72636005796835,-111.90083423123963,40.773108160489166
5845,98,26,162.14887512951876,-111.90047877981964,40.773110934790765
5846,98,27,156.6847789437813,-111.90012332835013,40.773113707997716
5847,98,28,156.0950493483863,-111.89976787683113,40.773116480109984
5848,98,29,156.1715146905536,-111.89941242526265,40.77311925112762
5849,98,30,156.24798003272087,-111.89905697364472,40.77312202105058
5850,98,31,156.3244453748882,-111.89870152197733,40.77312478987889
5851,98,32,156.4009107170555,-111.89834607026053,40.77312755761255
5852,98,33,156.4773760592228,-111.89799061849433,40.77313032425153
5853,98,34,156.5538414013901,-111.89763516667874,40.77313308979586
5854,98,35,156.63030674355736,-111.89727971481379,40.77313585424553
5855,98,36,156.70677208572468,-111.89692426289949,40.77313861760054
5856,98,37,156.78323742789195,-111.89656881093589,40.77314137986089
5857,98,38,156.85970277005924,-111.89621335892296,40.77314414102658
5858,98,39,156.93616811222654,-111.89585790686077,40.773146901097604
5859,98,40,157.01263345439384,-111.89550245474929,40.77314966007396
5860,98,41,157.08909879656116,-111.89514700258859,40.773152417955664
5861,98,42,157.16556413872843,-111.89479155037866,40.7731551747427
5862,98,43,157.24202948089572,-111.89443609811951,40.773157930435076
5863,98,44,158.17335227446276,-111.89408064581117,40.77316068503278
5864,98,45,160.14252635506514,-111.89372519345368,40.77316343853582
5865,98,46,161.32216888555385,-111.89336974104702,40.773166190944195
5866,98,47,162.50181141604259,-111.89301428859126,40.77316894225791
5867,98,48,163.68145394653126,-111.89265883608638,40.77317169247694
5868,98,49,164.86109647702,-111.89230338353241,40.773174441601334
5869,98,50,165.84637690908363,-111.89194793092936,40.773177189631035
5870,98,51,165.92165898077653,-111.89159247827727,40.77317993656609
5871,98,52,165.99694105246942,-111.89123702557616,40.773182682406464
5872,98,53,166.07222312416232,-111.89088157282602,40.773185427152164
5873,98,54,166.1475051958552,-111.8905261200269,40.773188170803216
5874,98,55,166.22278726754809,-111.89017066717881,40.773190913359585
5875,98,56,166.29806933924098,-111.88981521428175,40.773193654821284
5876,98,57,166.37335141093388,-111.88945976133579,40.773196395188315
5877,98,58,166.44863348262678,-111.88910430834089,40.77319913446067
5878,98,59,166.52391555431964,-111.88874885529711,40.77320187263835
5879,98,60,166.59919762601254,-111.88839340220446,40.773204609721375
5880,98,61,167.25169122960975,-111.88803794906293,40.77320734570972
5881,98,62,172.42743063414096,-111.8876824958726,40.77321008060339
5882,98,63,182.45358163384535,-111.88732704263342,40.77321281440239
5883,98,64,196.5894200279991,-111.88697158934546,40.773215547106716
5884,98,65,213.16591465265068,-111.88661613600873,40.77321827871637
5885,98,66,232.23634320894638,-111.88626068262323,40.77322100923136
5886,98,67,253.43190612948857,-111.885905229189,40.773223738651666
5887,98,68,276.26390097475326,-111.88554977570605,40.77322646697729
5888,98,69,300.3593762797337,-111.8851943221744,40.77322919420824
5889,98,70,325.4378079702987,-111.88483886859409,40.77323192034453
5890,99,18,339.5477163290178,-111.90332604991289,40.77335893390079
5891,99,19,314.88174591605735,-111.90297059740033,40.77336171589132
5892,99,20,291.2187771384906,-111.90261514483811,40.773364496787195
5893,99,21,268.82380550265856,-111.90225969222625,40.77336727658841
5894,99,22,248.0405221971292,-111.90190423956479,40.773370055294954
5895,99,23,229.30757270251215,-111.90154878685372,40.77337283290683
5896,99,24,213.1661913756758,-111.90119333409307,40.77337560942404
5897,99,25,200.24406955639057,-111.90083788128287,40.7733783848466
5898,99,26,191.19505652447694,-111.90048242842313,40.77338115917447
5899,99,27,186.58352522742,-111.90012697551386,40.77338393240769
5900,99,28,186.0949518990855,-111.8997715225551,40.77338670454625
5901,99,29,186.17141724125278,-111.89941606954686,40.773389475590115
5902,99,30,186.24788258342008,-111.89906061648915,40.77339224553932
5903,99,31,186.32434792558735,-111.898705163382,40.77339501439386
5904,99,32,186.40081326775467,-111.89834971022545,40.77339778215373
5905,99,33,186.47727860992197,-111.89799425701948,40.77340054881894
5906,99,34,186.55374395208926,-111.89763880376411,40.77340331438946
5907,99,35,186.63020929425656,-111.8972833504594,40.77340607886533
5908,99,36,186.70667463642383,-111.89692789710534,40.773408842246525
5909,99,37,186.78313997859115,-111.89657244370197,40.77341160453304
5910,99,38,186.85960532075842,-111.89621699024927,40.77341436572488
5911,99,39,186.93607066292574,-111.8958615367473,40.77341712582205
5912,99,40,187.01253600509304,-111.89550608319607,40.77341988482455
5913,99,41,187.0890013472603,-111.89515062959558,40.773422642732385
5914,99,42,187.16546668942763,-111.89479517594587,40.77342539954553
5915,99,43,187.2419320315949,-111.89443972224696,40.77342815526401
5916,99,44,188.03025523638857,-111.89408426849884,40.773430909887814
5917,99,45,190.11932477484746,-111.89372881470157,40.77343366341694
5918,99,46,191.29896730533616,-111.89337336085515,40.7734364158514
5919,99,47,192.47860983582487,-111.8930179069596,40.77343916719117
5920,99,48,193.6582523663136,-111.89266245301495,40.77344191743627
5921,99,49,194.8378948968023,-111.89230699902119,40.773444666586684
5922,99,50,195.84628245242965,-111.89195154497838,40.77344741464243
5923,99,51,195.92156452412254,-111.8915960908865,40.7734501616035
5924,99,52,195.99684659581544,-111.89124063674561,40.77345290746989
5925,99,53,196.07212866750828,-111.89088518255569,40.773455652241594
5926,99,54,196.14741073920118,-111.89052972831679,40.773458395918624
5927,99,55,196.22269281089407,-111.89017427402891,40.773461138500984
5928,99,56,196.29797488258697,-111.88981881969208,40.773463879988654
5929,99,57,196.37325695427984,-111.88946336530633,40.77346662038165
5930,99,58,196.44853902597274,-111.88910791087164,40.77346935967995
5931,99,59,196.52382109766563,-111.88875245638808,40.773472097883584
5932,99,60,196.59910316935853,-111.88839700185562,40.77347483499254
5933,99,61,197.15850269955763,-111.88804154727433,40.7734775710068
5934,99,62,201.56776975166008,-111.88768609264419,40.77348030592638
5935,99,63,210.20860215173172,-111.88733063796523,40.773483039751284
5936,99,64,222.58873968489917,-111.8869751832375,40.7734857724815
5937,99,65,237.97225580073533,-111.88661972846097,40.773488504117026
5938,99,66,255.19633304166578,-111.88626427363567,40.773491234657875
5939,99,67,274.6255274647191,-111.88590881876166,40.77349396410404
5940,99,68,295.8262873252435,-111.88555336383891,40.77349669245551
5941,99,69,318.44497830865527,-111.88519790886747,40.77349941971231
5942,99,70,342.2005496011985,-111.88484245384736,40.77350214587441
5943,100,19,333.487339856814,-111.90297425613177,40.77363194007788
5944,100,20,311.2421373973446,-111.9026188021298,40.77363472100009
5945,100,21,290.39547231071094,-111.90226334807816,40.77363750082764
5946,100,22,271.2699625565909,-111.90190789397691,40.77364027956052
5947,100,23,254.25431133482783,-111.90155243982606,40.773643057198704
5948,100,24,239.79807563706783,-111.90119698562565,40.77364583374222
5949,100,25,228.38778278650162,-111.90084153137566,40.77364860919106
5950,100,26,220.4968062649153,-111.90048607707614,40.77365138354522
5951,100,27,216.5102857139146,-111.90013062272709,40.77365415680472
5952,100,28,216.09485444978466,-111.89977516832855,40.77365692896953
5953,100,29,216.17131979195196,-111.89941971388052,40.77365970003965
5954,100,30,216.24778513411925,-111.89906425938304,40.773662470015104
5955,100,31,216.32425047628655,-111.89870880483609,40.77366523889588
5956,100,32,216.40071581845385,-111.89835335023976,40.77366800668197
5957,100,33,216.47718116062114,-111.897997895594,40.773670773373375
5958,100,34,216.55364650278844,-111.89764244089886,40.77367353897011
5959,100,35,216.63011184495574,-111.89728698615436,40.773676303472165
5960,100,36,216.70657718712303,-111.89693153136051,40.77367906687953
5961,100,37,216.78304252929033,-111.89657607651733,40.77368182919221
5962,100,38,216.85950787145762,-111.89622062162486,40.77368459041021
5963,100,39,216.9359732136249,-111.8958651666831,40.77368735053353
5964,100,40,217.01243855579222,-111.89550971169207,40.773690109562175
5965,100,41,217.0889038979595,-111.8951542566518,40.77369286749612
5966,100,42,217.16536924012678,-111.89479880156229,40.773695624335396
5967,100,43,217.2418345822941,-111.89444334642359,40.77369838007998
5968,100,44,217.92646557676645,-111.89408789123569,40.77370113472988
5969,100,45,220.09612319462974,-111.89373243599861,40.7737038882851
5970,100,46,221.27576572511848,-111.8933769807124,40.77370664074562
5971,100,47,222.45540825560718,-111.89302152537705,40.77370939211146
5972,100,48,223.63505078609592,-111.89266606999259,40.773712142382614
5973,100,49,224.8146933165846,-111.89231061455905,40.77371489155909
5974,100,50,225.8461879957756,-111.89195515907643,40.773717639640864
5975,100,51,225.9214700674685,-111.89159970354476,40.77372038662795
5976,100,52,225.9967521391614,-111.89124424796407,40.77372313252036
5977,100,53,226.07203421085424,-111.89088879233435,40.77372587731807
5978,100,54,226.14731628254714,-111.89053333665565,40.77372862102109
5979,100,55,226.22259835424003,-111.89017788092796,40.77373136362943
5980,100,56,226.29788042593293,-111.88982242515132,40.77373410514308
5981,100,57,226.37316249762583,-111.88946696932577,40.77373684556203
5982,100,58,226.4484445693187,-111.88911151345128,40.773739584886286
5983,100,59,226.5237266410116,-111.88875605752791,40.773742323115854
5984,100,60,226.5990087127045,-111.88840060155566,40.77374506025073
5985,100,61,227.08989883809943,-111.88804514553455,40.77374779629092
5986,100,62,230.92837151425334,-111.88768968946461,40.77375053123641
5987,100,63,238.50786860427013,-111.88733423334585,40.77375326508721
5988,100,64,249.48766302580688,-111.88697877717829,40.77375599784332
5989,100,65,263.44294376203237,-111.88662332096196,40.77375872950473
5990,100,66,279.49350205105316,-111.88626786469686,40.77376146007145
5991,100,67,297.3392500598003,-111.88591240838302,40.77376418954346
5992,100,68,317.0246702758112,-111.88555695202047,40.773766917920796
5993,100,69,338.22869999580047,-111.88520149560921,40.773769645203416
5994,101,20,332.768628367064,-111.9026224594711,40.77390494520002
5995,101,21,313.35733958564066,-111.90226700397969,40.7739077250539
5996,101,22,295.72061902931944,-111.90191154843863,40.773910503813106
5997,101,23,280.1937664652396,-111.901556092848,40.773913281477604
5998,101,24,267.14492136829136,-111.90120063720776,40.773916058047426
5999,101,25,256.95188510646096,-111.900845181518,40.773918833522565
6000,101,26,249.96426445925678,-111.90048972577866,40.77392160790301
6001,101,27,246.45485540672678,-111.90013426998982,40.77392438118877
6002,101,28,246.09475700048387,-111.89977881415147,40.77392715337984
6003,101,29,246.17122234265113,-111.89942335826365,40.77392992447622
6004,101,30,246.24768768481843,-111.89906790232635,40.773932694477914
6005,101,31,246.3241530269857,-111.89871244633963,40.77393546338492
6006,101,32,246.40061836915305,-111.89835699030347,40.77393823119723
6007,101,33,246.47708371132032,-111.89800153421791,40.77394099791485
6008,101,34,246.55354905348761,-111.89764607808297,40.77394376353778
6009,101,35,246.6300143956549,-111.89729062189865,40.77394652806602
6010,101,36,246.70647973782218,-111.896935165665,40.77394929149957
6011,101,37,246.78294507998953,-111.89657970938202,40.77395205383843
6012,101,38,246.8594104221568,-111.89622425304974,40.77395481508258
6013,101,39,246.9358757643241,-111.89586879666815,40.77395757523205
6014,101,40,247.01234110649136,-111.89551334023733,40.77396033428683
6015,101,41,247.08880644865866,-111.89515788375724,40.77396309224691
6016,101,42,247.165271790826,-111.89480242722793,40.773965849112294
6017,101,43,247.24173713299328,-111.8944469706494,40.77396860488299
6018,101,44,247.84775954868283,-111.89409151402168,40.77397135955899
6019,101,45,250.07292161441202,-111.89373605734481,40.773974113140284
6020,101,46,251.25256414490076,-111.89338060061877,40.773976865626885
6021,101,47,252.43220667538947,-111.89302514384362,40.773979617018796
6022,101,48,253.61184920587817,-111.89266968701935,40.773982367316
6023,101,49,254.7914917363669,-111.89231423014598,40.773985116518524
6024,101,50,255.8460935391216,-111.89195877322355,40.77398786462633
6025,101,51,255.9213756108145,-111.89160331625206,40.77399061163945
6026,101,52,255.99665768250736,-111.89124785923154,40.773993357557856
6027,101,53,256.07193975420023,-111.89089240216201,40.773996102381574
6028,101,54,256.14722182589315,-111.89053694504348,40.773998846110594
6029,101,55,256.222503897586,-111.89018148787598,40.774001588744916
6030,101,56,256.29778596927895,-111.88982603065952,40.77400433028453
6031,101,57,256.3730680409718,-111.88947057339414,40.77400707072944
6032,101,58,256.4483501126647,-111.88911511607982,40.77400981007966
6033,101,59,256.5236321843576,-111.88875965871664,40.774012548335165
6034,101,60,256.5989142560505,-111.88840420130454,40.77401528549596
6035,101,61,257.0372913058823,-111.88804874384361,40.77401802156208
6036,101,62,260.43475140194283,-111.88769328633384,40.77402075653348
6037,101,63,267.17849904833014,-111.88733782877526,40.77402349041018
6038,101,64,277.0242606156459,-111.88698237116787,40.77402622319217
6039,101,65,289.6558847763534,-111.8866269135117,40.77402895487946
6040,101,66,304.7213797244523,-111.88627145580678,40.774031685472046
6041,101,67,321.25080376082127,-111.88591599805311,40.774034414969925
6042,101,68,339.5527806605861,-111.88556054025074,40.7740371433731
6043,102,21,337.425716574508,-111.90227065993082,40.774177949267205
6044,102,22,321.11365036808,-111.90191520294997,40.77418072805273
6045,102,23,306.8743043977565,-111.9015597459195,40.774183505743544
6046,102,24,295.0079675983349,-111.90120428883945,40.77418628233967
6047,102,25,285.81036229184133,-111.90084883170987,40.774189057841106
6048,102,26,279.5450329379632,-111.90049337453073,40.77419183224783
6049,102,27,276.4114463751099,-111.90013791730205,40.77419460555987
6050,102,28,276.09465955118304,-111.89978246002389,40.7741973777772
6051,102,29,276.1711248933504,-111.89942700269623,40.77420014889983
6052,102,30,276.2475902355177,-111.89907154531912,40.77420291892777
6053,102,31,276.32405557768493,-111.89871608789257,40.774205687861
6054,102,32,276.4005209198522,-111.89836063041659,40.77420845569954
6055,102,33,276.4769862620195,-111.8980051728912,40.77421122244336
6056,102,34,276.5534516041868,-111.89764971531643,40.7742139880925
6057,102,35,276.6299169463541,-111.8972942576923,40.77421675264693
6058,102,36,276.7063822885214,-111.89693880001882,40.774219516106655
6059,102,37,276.7828476306887,-111.89658334229601,40.77422227847168
6060,102,38,276.859312972856,-111.8962278845239,40.774225039742
6061,102,39,276.9357783150233,-111.8958724267025,40.77422779991761
6062,102,40,277.0122436571906,-111.89551696883183,40.77423055899854
6063,102,41,277.0887089993579,-111.89516151091192,40.77423331698474
6064,102,42,277.1651743415252,-111.89480605294276,40.774236073876246
6065,102,43,277.2416396836925,-111.89445059492441,40.77423882967304
6066,102,44,277.78603173633815,-111.89409513685686,40.774241584375126
6067,102,45,280.0497200341943,-111.89373967874015,40.774244337982516
6068,102,46,281.2293625646831,-111.89338422057428,40.774247090495194
6069,102,47,282.4090050951718,-111.8930287623593,40.774249841913175
6070,102,48,283.5886476256605,-111.89267330409517,40.77425259223644
6071,102,49,284.7682901561492,-111.89231784578199,40.77425534146499
6072,102,50,285.8459990824676,-111.8919623874197,40.77425808959884
6073,102,51,285.92128115416045,-111.89160692900839,40.77426083663798
6074,102,52,285.9965632258534,-111.89125147054803,40.77426358258242
6075,102,53,286.07184529754625,-111.89089601203865,40.77426632743212
6076,102,54,286.1471273692392,-111.89054055348028,40.774269071187135
6077,102,55,286.22240944093204,-111.89018509487293,40.77427181384744
6078,102,56,286.2976915126249,-111.88982963621665,40.77427455541302
6079,102,57,286.37297358431783,-111.8894741775114,40.774277295883905
6080,102,58,286.4482556560107,-111.88911871875726,40.77428003526007
6081,102,59,286.5235377277036,-111.88876325995422,40.774282773541515
6082,102,60,286.59881979939644,-111.8884078011023,40.77428551072826
6083,102,61,286.99567259704764,-111.88805234220152,40.774288246820284
6084,102,62,290.04242225122607,-111.8876968832519,40.77429098181759
6085,102,63,296.112642960893,-111.88734142425346,40.77429371572019
6086,102,64,305.02588076622624,-111.88698596520622,40.77429644852807
6087,102,65,316.5420644292617,-111.88663050611021,40.77429918024125
6088,102,66,330.38911781271736,-111.88627504696544,40.7743019108597
6089,102,67,346.11201684978084,-111.88591958777192,40.77430464038343
6090,103,22,347.24237700249546,-111.90191885751089,40.77445095227938
6091,103,23,334.11843803243863,-111.9015633990406,40.77445372999651
6092,103,24,323.25375926681795,-111.9012079405207,40.77445650661894
6093,103,25,314.8822877315001,-111.90085248195126,40.774459282146665
6094,103,26,309.2065933545347,-111.90049702333229,40.77446205657968
6095,103,27,306.3765324250699,-111.90014156466378,40.77446482991799
6096,103,28,306.0945621018822,-111.89978610594578,40.77446760216158
6097,103,29,306.1710274440495,-111.89943064717828,40.77447037331047
6098,103,30,306.24749278621687,-111.89907518836134,40.77447314336465
6099,103,31,306.32395812838416,-111.89871972949493,40.774475912324114
6100,103,32,306.4004234705514,-111.89836427057911,40.774478680188864
6101,103,33,306.4768888127187,-111.89800881161388,40.77448144695892
6102,103,34,306.553354154886,-111.89765335259926,40.77448421263424
6103,103,35,306.62981949705335,-111.89729789353528,40.774486977214856
6104,103,36,306.7062848392206,-111.89694243442196,40.77448974070077
6105,103,37,306.7827501813879,-111.89658697525931,40.77449250309197
6106,103,38,306.8592155235552,-111.89623151604735,40.77449526438845
6107,103,39,306.9356808657225,-111.8958760567861,40.77449802459021
6108,103,40,307.0121462078898,-111.89552059747558,40.77450078369726
6109,103,41,307.08861155005707,-111.8951651381158,40.774503541709606
6110,103,42,307.16507689222436,-111.89480967870682,40.77450629862722
6111,103,43,307.24154223439166,-111.8944542192486,40.77450905445013
6112,103,44,307.736326978701,-111.8940987597412,40.77451180917832
6113,103,45,310.0265184539766,-111.89374330018464,40.77451456281179
6114,103,46,311.2061609844654,-111.89338784057892,40.77451731535054
6115,103,47,312.38580351495403,-111.89303238092407,40.77452006679458
6116,103,48,313.56544604544274,-111.8926769212201,40.7745228171439
6117,103,49,314.7450885759315,-111.89232146146705,40.7745255663985
6118,103,50,315.84590462581355,-111.89196600166491,40.77452831455838
6119,103,51,315.92118669750647,-111.89161054181375,40.77453106162355
6120,103,52,315.99646876919934,-111.89125508191351,40.77453380759399
6121,103,53,316.07175084089226,-111.8908996219643,40.77453655246971
6122,103,54,316.14703291258513,-111.89054416196606,40.77453929625071
6123,103,55,316.222314984278,-111.89018870191886,40.774542038937
6124,103,56,316.2975970559709,-111.8898332418227,40.77454478052857
6125,103,57,316.3728791276638,-111.8894777816776,40.7745475210254
6126,103,58,316.4481611993567,-111.8891223214836,40.77455026042752
6127,103,59,316.5234432710496,-111.88876686124068,40.77455299873491
6128,103,60,316.59872534274245,-111.8884114009489,40.77455573594758
6129,103,61,316.96192682560235,-111.88805594060825,40.77455847206552
6130,103,62,319.72324543724574,-111.88770048021877,40.77456120708875
6131,103,63,325.2399795364218,-111.88734501978047,40.77456394101724
6132,103,64,333.3753663736702,-111.88698955929337,40.77456667385102
6133,103,65,343.94363712780853,-111.88663409875748,40.77456940559006
6134,104,25,344.1135670976268,-111.90085613224223,40.77472950643928
6135,104,26,338.9277346390322,-111.90050067218338,40.774732280898576
6136,104,27,336.3478430946742,-111.90014521207502,40.774735054263154
6137,104,28,336.0944646525814,-111.89978975191715,40.77473782653302
6138,104,29,336.1709299947487,-111.8994342917098,40.77474059770815
6139,104,30,336.247395336916,-111.89907883145298,40.774743367788574
6140,104,31,336.32386067908334,-111.89872337114673,40.77474613677427
6141,104,32,336.40032602125063,-111.89836791079104,40.774748904665245
6142,104,33,336.4767913634179,-111.89801245038595,40.7747516714615
6143,104,34,336.55325670558517,-111.89765698993146,40.77475443716304
6144,104,35,336.62972204775247,-111.89730152942762,40.774757201769845
6145,104,36,336.7061873899198,-111.89694606887443,40.77475996528193
6146,104,37,336.7826527320871,-111.89659060827191,40.77476272769929
6147,104,38,336.85911807425435,-111.89623514762009,40.77476548902194
6148,104,39,336.93558341642165,-111.89587968691896,40.774768249249846
6149,104,40,337.01204875858895,-111.89552422616858,40.77477100838304
6150,104,41,337.0885141007563,-111.89516876536894,40.774773766421504
6151,104,42,337.16497944292354,-111.89481330452007,40.77477652336525
6152,104,43,337.24144478509083,-111.89445784362199,40.77477927921425
6153,104,44,337.69544630755996,-111.89410238267472,40.77478203396854
6154,104,45,340.00331687375893,-111.89374692167829,40.7747847876281
6155,104,46,341.18295940424764,-111.89339146063269,40.774787540192925
6156,104,47,342.36260193473635,-111.89303599953796,40.77479029166303
6157,104,48,343.54224446522505,-111.89268053839413,40.77479304203841
6158,104,49,344.7218869957138,-111.89232507720119,40.774795791319065
