fid,row_index,col_index,distance,x,y
0,0,6,342.6437980666109,-93.32461230993336,44.94572829575837
1,0,7,331.98618824406196,-93.32423203808933,44.945729375997054
2,0,8,323.7667154235146,-93.32385176622387,44.94573045496956
3,0,9,318.1743906216219,-93.32347149433699,44.94573153267591
4,0,10,315.34901249052575,-93.32309122242873,44.945732609116085
5,0,11,315.0022022144004,-93.32271095049911,44.94573368429008
6,0,12,316.5391921468302,-93.32233067854814,44.94573475819792
7,0,13,320.885856544058,-93.3219504065759,44.94573583083958
8,0,14,327.9304891208801,-93.32157013458234,44.94573690221507
9,0,15,337.50419028525494,-93.32118986256754,44.945737972324395
10,0,16,349.39912882712156,-93.32080959053151,44.94573904116755
11,1,4,345.2313118633559,-93.32537437913275,44.94599618750487
12,1,5,329.23352733614945,-93.32499410554877,44.94599727028603
13,1,6,315.28522381093666,-93.32461383194328,44.94599835180101
14,1,7,303.6689466916592,-93.32423355831634,44.9459994320498
15,1,8,294.6606285477092,-93.32385328466796,44.946000511032416
16,1,9,288.5046669422185,-93.3234730109982,44.94600158874884
17,1,10,285.3857033538116,-93.32309273730702,44.9460026651991
18,1,11,285.0024340245571,-93.3227124635945,44.94600374038317
19,1,12,286.7002967647015,-93.32233218986063,44.946004814301055
20,1,13,291.4922519210653,-93.32195191610548,44.94600588695276
21,1,14,299.2296871887208,-93.32157164232902,44.94600695833829
22,1,15,309.69190893548637,-93.3211913685313,44.946008028457626
23,1,16,322.6139352618722,-93.32081109471235,44.946009097310785
24,1,17,337.71352355242954,-93.32043082087222,44.946010164897764
25,2,3,339.9626477417547,-93.3257561800754,44.94626515945688
26,2,4,320.9122289519266,-93.32537590473,44.94626624351437
27,2,5,303.6358271387009,-93.32499562936307,44.946267326305666
28,2,6,288.4523744979618,-93.32461535397466,44.94626840783078
29,2,7,275.70786928345325,-93.3242350785648,44.94626948808969
30,2,8,265.7534308642714,-93.3238548031335,44.9462705670824
31,2,9,258.9110713110593,-93.32347452768079,44.94627164480893
32,2,10,255.43100766890024,-93.32309425220669,44.94627272126926
33,2,11,255.00272037749323,-93.32271397671123,44.9462737964634
34,2,12,256.89892986341516,-93.32233370119444,44.94627487039134
35,2,13,262.23602523302134,-93.32195342565635,44.94627594305309
36,2,14,270.81064546110383,-93.32157315009695,44.946277014448654
37,2,15,282.3279625897966,-93.3211928745163,44.946278084578005
38,2,16,296.4451909293714,-93.32081259891443,44.94627915344117
39,2,17,312.8105241039652,-93.32043232329134,44.946280221038144
40,2,18,331.09076815164036,-93.32005204764707,44.94628128736891
41,2,19,350.98685092220927,-93.31967177198165,44.94628235243349
42,3,2,339.9478563372257,-93.32613798458394,44.94653413010953
43,3,3,318.07955272161774,-93.32575770747711,44.946535215443376
44,3,4,297.63175013915054,-93.32537743034874,44.94653629951101
45,3,5,278.91704057336307,-93.32499715319886,44.94653738231245
46,3,6,262.3066380279241,-93.3246168760275,44.94653846384768
47,3,7,248.2233453662684,-93.32423659883469,44.94653954411671
48,3,8,237.11787367495327,-93.32385632162043,44.946540623119525
49,3,9,229.42306520365477,-93.32347604438476,44.94654170085615
50,3,10,225.48835818895347,-93.3230957671277,44.946542777326556
51,3,11,225.0030830898146,-93.3227154898493,44.94654385253076
52,3,12,227.1498627887939,-93.32233521254955,44.94654492646875
53,3,13,233.16889357290734,-93.32195493522848,44.94654599914055
54,3,14,242.77233305107006,-93.32157465788615,44.94654707054613
55,3,15,255.55640954612267,-93.32119438052254,44.946548140685515
56,3,16,271.0714872965275,-93.3208141031377,44.94654920955868
57,3,17,288.87787037119574,-93.32043382573166,44.946550277165656
58,3,18,308.57915800527303,-93.32005354830443,44.946551343506414
59,3,19,329.29915722627385,-93.31967327085604,44.94655240858096
60,3,20,350.0325212384944,-93.31929299338651,44.946553472389304
61,4,1,345.1876130410327,-93.32651979265839,44.94680309946276
62,4,2,320.88088916025373,-93.32613951379015,44.94680418607298
63,4,3,297.6148549040931,-93.32575923490035,44.94680527141699
64,4,4,275.6531492490041,-93.32537895598901,44.946806355494786
65,4,5,255.33255868024952,-93.32499867705616,44.946807438306365
66,4,6,237.07545708805964,-93.3246183981018,44.94680851985172
67,4,7,221.3929293921144,-93.32423811912601,44.94680960013086
68,4,8,208.86571287822971,-93.32385784012877,44.94681067914379
69,4,9,200.08733804876417,-93.32347756111011,44.94681175689049
70,4,10,195.56328816715518,-93.32309728207008,44.94681283337098
71,4,11,195.00355740324844,-93.32271700300868,44.94681390858526
72,4,12,197.47673322436722,-93.32233672392596,44.946814982533304
73,4,13,204.37155606887617,-93.32195644482192,44.946816055215145
74,4,14,215.26357261520047,-93.32157616569658,44.94681712663077
75,4,15,229.58457801016507,-93.32119588655,44.946818196780164
76,4,16,246.73822408607765,-93.32081560738219,44.94681926566335
77,4,17,266.1774295281201,-93.32043532819316,44.94682033328031
78,4,18,286.8833667645814,-93.32005504898295,44.946821399631055
79,4,19,307.616730776802,-93.31967476975156,44.94682246471558
80,4,20,328.3500947890225,-93.31929449049906,44.94682352853388
81,4,21,349.083458801243,-93.31891421122545,44.94682459108597
82,5,1,329.1724292782822,-93.32652132366918,44.94707315540318
83,5,2,303.5861410345918,-93.32614104301794,44.94707424202359
84,5,3,278.8809815308036,-93.32576076234511,44.94707532737776
85,5,4,255.31286432707174,-93.32538048165077,44.947076411465694
86,5,5,233.2267470128653,-93.32500020093491,44.947077494287406
87,5,6,213.0839561147493,-93.32461992019756,44.94707857584289
88,5,7,195.48613553094182,-93.32423963943876,44.947079656132146
89,5,8,181.1763947542038,-93.32385935865852,44.94708073515518
90,5,9,170.98228811031987,-93.32347907785686,44.947081812911975
91,5,10,165.6653243100371,-93.32309879703382,44.947082889402544
92,5,11,165.0042041886267,-93.32271851618941,44.947083964626884
93,5,12,167.91980277789722,-93.32233823532368,44.947085038584994
94,5,13,175.97651243848935,-93.32195795443664,44.94708611127688
95,5,14,188.51632739648755,-93.32157767352831,44.947087182702525
96,5,15,204.71706929346556,-93.3211973925987,44.94708825286195
97,5,16,223.7850558575158,-93.32081711164787,44.94708932175514
98,5,17,244.46757630288903,-93.32043683067583,44.9470903893821
99,5,18,265.2009403151095,-93.32005654968262,44.94709145574282
100,5,19,285.93430432733004,-93.31967626866823,44.94709252083732
101,5,20,306.6676683395506,-93.31929598763271,44.94709358466559
102,5,21,327.4010323517711,-93.31891570657609,44.947094647227615
103,5,22,348.1343963639916,-93.31853542549838,44.94709570852343
104,5,62,346.05728444411636,-93.30332416538947,44.94713712204373
105,5,63,343.1383638826149,-93.30294388346894,44.94713813142389
106,5,64,340.2194433211134,-93.30256360152839,44.9471391395378
107,5,65,337.3005227596119,-93.30218331956785,44.94714014638549
108,5,66,334.3816021981104,-93.30180303758732,44.94714115196694
109,5,67,331.4626816366089,-93.30142275558683,44.94714215628214
110,5,68,329.8302185987745,-93.30104247356643,44.9471431593311
111,5,69,329.63977801923085,-93.3006621915261,44.94714416111382
112,5,70,329.4506266718733,-93.30028190946591,44.947145161630296
113,5,71,329.2614753245157,-93.29990162738588,44.947146160880536
114,5,72,329.07232397715813,-93.29952134528601,44.94714715886454
115,5,73,328.8831726298005,-93.29914106316632,44.9471481555823
116,5,74,328.694021282443,-93.29876078102687,44.94714915103381
117,5,75,328.50486993508537,-93.29838049886767,44.9471501452191
118,5,76,328.3157185877278,-93.29800021668875,44.94715113813813
119,5,77,328.1265672403702,-93.29761993449011,44.94715212979092
120,5,78,327.93741589301266,-93.29723965227181,44.94715312017748
121,5,79,327.74826454565505,-93.29685937003386,44.94715410929779
122,5,80,327.5591131982975,-93.29647908777626,44.94715509715187
123,5,81,327.3699618509399,-93.29609880549908,44.9471560837397
124,5,82,327.18081050358234,-93.29571852320232,44.947157069061284
125,5,83,326.9916591562247,-93.29533824088601,44.947158053116624
126,5,84,326.8025078088672,-93.29495795855019,44.94715903590572
127,5,85,326.61335646150957,-93.29457767619483,44.94716001742857
128,5,86,326.424205114152,-93.29419739382003,44.9471609976852
129,5,87,326.2350537667944,-93.29381711142577,44.94716197667557
130,5,88,326.04590241943686,-93.29343682901207,44.947162954399694
131,5,89,325.85675107207925,-93.293056546579,44.947163930857585
132,5,90,325.6675997247217,-93.29267626412653,44.94716490604923
133,5,91,325.4784483773641,-93.29229598165472,44.94716587997462
134,5,92,325.2742277020075,-93.29191569916358,44.94716685263378
135,5,93,325.06753969419793,-93.29153541665315,44.94716782402669
136,5,94,324.86085168638834,-93.29115513412343,44.94716879415336
137,5,95,324.65416367857875,-93.29077485157448,44.947169763013775
138,5,96,324.4474756707692,-93.29039456900628,44.94717073060796
139,5,97,324.2407876629596,-93.29001428641891,44.94717169693588
140,5,98,324.03409965515004,-93.28963400381235,44.94717266199757
141,5,99,323.8274116473405,-93.28925372118665,44.947173625793006
142,5,100,323.6207236395309,-93.28887343854183,44.94717458832222
143,5,101,323.41403563172133,-93.2884931558779,44.94717554958516
144,5,102,323.20734762391174,-93.28811287319489,44.947176509581865
145,5,103,323.0006596161022,-93.28773259049285,44.94717746831233
146,5,104,322.79397160829257,-93.28735230777178,44.94717842577654
147,5,105,322.58728360048303,-93.28697202503172,44.94717938197451
148,5,106,322.38059559267344,-93.28659174227268,44.94718033690623
149,5,107,322.1739075848639,-93.2862114594947,44.947181290571706
150,5,108,321.96721957705427,-93.28583117669778,44.94718224297094
151,5,109,321.76053156924473,-93.28545089388196,44.94718319410392
152,5,110,321.55384356143514,-93.2850706110473,44.94718414397065
153,5,111,321.34715555362556,-93.28469032819376,44.94718509257113
154,5,112,321.14046754581597,-93.28431004532142,44.947186039905375
155,5,113,320.93377953800643,-93.28392976243028,44.947186985973374
156,5,114,320.7270915301969,-93.28354947952036,44.947187930775115
157,5,115,320.52040352238726,-93.2831691965917,44.94718887431061
158,5,116,320.3137155145777,-93.28278891364431,44.94718981657986
159,5,117,320.10702750676813,-93.28240863067823,44.94719075758287
160,5,118,319.90033949895854,-93.2820283476935,44.94719169731962
161,5,119,319.69365149114896,-93.28164806469009,44.947192635790124
162,5,120,319.4869634833394,-93.28126778166808,44.94719357299437
163,5,121,319.36013149178626,-93.28088749862748,44.94719450893239
164,5,122,319.6462869946404,-93.28050721556828,44.94719544360414
165,5,123,319.9324424974945,-93.28012693249056,44.947196377009654
166,5,124,320.21859800034866,-93.27974664939433,44.94719730914891
167,5,125,320.5047535032028,-93.27936636627958,44.94719824002192
168,5,126,320.79090900605684,-93.27898608314636,44.94719916962868
169,5,127,321.077064508911,-93.27860579999471,44.947200097969194
170,5,128,321.3632200117651,-93.27822551682463,44.94720102504345
171,5,129,321.6493755146193,-93.27784523363617,44.94720195085147
172,5,130,321.9355310174734,-93.27746495042932,44.947202875393224
173,5,131,322.2216865203275,-93.27708466720415,44.947203798668724
174,5,132,322.5078420231817,-93.27670438396063,44.94720472067799
175,5,133,322.79399752603575,-93.27632410069884,44.94720564142101
176,5,134,323.08015302888987,-93.27594381741879,44.94720656089776
177,5,135,323.36630853174404,-93.27556353412048,44.94720747910827
178,5,136,323.65246403459815,-93.27518325080395,44.947208396052524
179,5,137,323.93861953745227,-93.27480296746923,44.94720931173052
180,5,138,324.22477504030644,-93.27442268411635,44.947210226142275
181,5,139,324.5109305431605,-93.27404240074532,44.947211139287774
182,5,140,324.5704084290872,-93.27366211735617,44.94721205116702
183,5,141,324.57040842916797,-93.27328183394893,44.94721296178002
184,5,142,324.57040842924863,-93.27290155052361,44.94721387112677
185,5,143,324.57040842932935,-93.27252126708026,44.94721477920726
186,5,144,324.57040842941,-93.2721409836189,44.947215686021494
187,5,145,324.5704084294907,-93.27176070013955,44.94721659156948
188,5,146,324.5704084295714,-93.27138041664222,44.94721749585121
189,5,147,324.57040842965205,-93.27100013312695,44.9472183988667
190,5,148,324.5704084297328,-93.27061984959377,44.94721930061593
191,5,149,324.5704084298135,-93.27023956604269,44.9472202010989
192,5,150,324.5704084298942,-93.26985928247375,44.947221100315616
193,5,151,324.5648827330747,-93.26947899888697,44.94722199826609
194,5,152,324.5467941019733,-93.26909871528237,44.94722289495031
195,5,153,324.52870547087196,-93.26871843165998,44.94722379036827
196,5,154,324.5106168397706,-93.26833814801982,44.94722468451997
197,5,155,324.4925282086692,-93.26795786436193,44.94722557740541
198,5,156,324.47443957756786,-93.26757758068631,44.94722646902462
199,5,157,324.4563509464665,-93.267197296993,44.94722735937756
200,5,158,324.43826231536514,-93.26681701328205,44.94722824846424
201,5,159,324.4201736842638,-93.26643672955343,44.947229136284676
202,5,160,324.4020850531624,-93.26605644580721,44.94723002283885
203,5,161,324.38399642206105,-93.26567616204339,44.94723090812677
204,5,162,324.3659077909597,-93.26529587826202,44.947231792148436
205,5,163,324.34781915985826,-93.2649155944631,44.94723267490386
206,5,164,324.32973052875695,-93.26453531064666,44.94723355639301
207,5,165,324.3116418976556,-93.26415502681276,44.94723443661591
208,5,166,324.29355326655417,-93.26377474296136,44.947235315572556
209,5,167,324.27546463545286,-93.26339445909255,44.94723619326294
210,5,168,324.2573760043515,-93.26301417520631,44.94723706968708
211,5,169,324.23928737325014,-93.26263389130268,44.94723794484495
212,5,170,324.2211987421488,-93.2622536073817,44.94723881873657
213,5,171,324.2031101110474,-93.26187332344335,44.94723969136193
214,5,172,324.18502147994604,-93.26149303948772,44.94724056272103
215,5,173,324.1669328488446,-93.26111275551479,44.94724143281388
216,5,174,324.1488442177433,-93.26073247152459,44.947242301640465
217,5,175,324.120929519223,-93.26035218751717,44.9472431692008
218,5,176,324.03805690722754,-93.25997190349253,44.94724403549487
219,5,177,323.95518429523196,-93.25959161945069,44.947244900522705
220,5,178,323.87231168323643,-93.2592113353917,44.94724576428425
221,5,179,323.78943907124085,-93.25883105131557,44.94724662677955
222,5,180,323.7065664592454,-93.25845076722233,44.9472474880086
223,5,181,323.6236938472498,-93.258070483112,44.947248347971396
224,5,182,323.54082123525427,-93.2576901989846,44.94724920666792
225,5,183,323.45794862325874,-93.25730991484018,44.947250064098185
226,5,184,323.3750760112632,-93.25692963067874,44.9472509202622
227,5,185,323.2922033992677,-93.25654934650031,44.94725177515995
228,5,186,323.20933078727217,-93.25616906230492,44.94725262879143
229,5,187,323.12645817527664,-93.25578877809261,44.94725348115667
230,5,188,323.04358556328106,-93.25540849386336,44.947254332255646
231,5,189,322.96071295128553,-93.25502820961724,44.947255182088355
232,5,190,322.87784033929,-93.25464792535426,44.94725603065482
233,5,191,322.7949677272945,-93.25426764107443,44.947256877955006
234,5,192,322.7120951152989,-93.25388735677781,44.94725772398893
235,5,193,322.6292225033034,-93.2535070724644,44.94725856875662
236,5,194,322.54634989130784,-93.25312678813424,44.947259412258035
237,5,195,322.4634772793123,-93.25274650378732,44.94726025449319
238,5,196,322.3806046673168,-93.2523662194237,44.947261095462075
239,5,197,322.29773205532126,-93.2519859350434,44.94726193516471
240,5,198,322.21485944332574,-93.25160565064644,44.947262773601075
241,5,199,322.13198683133015,-93.25122536623284,44.947263610771195
242,5,200,322.0491142193347,-93.25084508180262,44.94726444667505
243,5,201,321.9662416073391,-93.25046479735583,44.94726528131263
244,5,202,322.6652436386166,-93.2500845128925,44.94726611468396
245,5,203,324.1007232535006,-93.24970422841261,44.94726694678903
246,5,204,325.5362028683846,-93.24932394391621,44.94726777762783
247,5,205,326.9716824832685,-93.24894365940334,44.94726860720037
248,5,206,328.4071620981525,-93.24856337487401,44.947269435506655
249,5,207,330.02343324309436,-93.24818309032824,44.94727026254667
250,5,208,333.5683799016504,-93.24780280576606,44.94727108832043
251,5,209,337.57857597455603,-93.2474225211875,44.94727191282792
252,5,210,341.5887720474616,-93.24704223659258,44.94727273606915
253,5,211,345.66123403681235,-93.24666195198134,44.947273558044124
254,6,0,342.5557346851113,-93.32690313711423,44.94734212343393
255,6,1,315.2054698081328,-93.32652285470155,44.94734321133075
256,6,2,288.38263648887573,-93.32614257226727,44.947344297961315
257,6,3,262.2491217517885,-93.32576228981144,44.94734538332565
258,6,4,237.03303291080283,-93.32538200733406,44.94734646742374
259,6,5,213.0603565241621,-93.32500172483518,44.94734755025559
260,6,6,190.80034683802964,-93.3246214423148,44.94734863182121
261,6,7,170.92346001886855,-93.32424115977295,44.947349712120584
262,6,8,154.35312117392084,-93.32386087720967,44.9473507911537
263,6,9,142.2495794279914,-93.323480594625,44.9473518689206
264,6,10,135.81236938787927,-93.32310031201892,44.947352945421244
265,6,11,135.0051384204394,-93.32272002939148,44.947354020655645
266,6,12,138.5534559834864,-93.32233974674271,44.94735509462382
267,6,13,148.2151575582396,-93.32195946407265,44.947356167325744
268,6,14,162.90612540681116,-93.32157918138127,44.947357238761434
269,6,15,181.40859533138328,-93.32119889866864,44.94735830893087
270,6,16,202.0517858411966,-93.32081861593478,44.94735937783406
271,6,17,222.7851498534171,-93.32043833317971,44.94736044547103
272,6,18,243.5185138656376,-93.32005805040346,44.947361511841734
273,6,19,264.25187787785813,-93.31967776760604,44.94736257694621
274,6,20,284.98524189007867,-93.31929748478747,44.94736364078444
275,6,21,305.71860590229915,-93.31891720194783,44.94736470335642
276,6,22,324.3228705599549,-93.31853691908707,44.947365764662166
277,6,23,338.8921584954292,-93.31815663620527,44.94736682470166
278,6,52,345.3888293544537,-93.30712842358503,44.94739701503039
279,6,53,342.4699087929523,-93.30674814008312,44.94739803708249
280,6,54,339.5509882314508,-93.30636785656094,44.94739905786836
281,6,55,336.63206766994927,-93.30598757301851,44.94740007738797
282,6,56,333.7131471084478,-93.30560728945584,44.947401095641325
283,6,57,330.7942265469463,-93.30522700587298,44.94740211262843
284,6,58,327.8753059854448,-93.30484672226993,44.9474031283493
285,6,59,324.9563854239433,-93.30446643864671,44.947404142803904
286,6,60,322.03746486244177,-93.30408615500339,44.94740515599227
287,6,61,319.11854430094036,-93.30370587133994,44.94740616791438
288,6,62,316.19962373943883,-93.30332558765643,44.947407178570245
289,6,63,313.28070317793737,-93.30294530395287,44.947408187959844
290,6,64,310.36178261643585,-93.30256502022925,44.94740919608321
291,6,65,307.4428620549343,-93.30218473648566,44.94741020294031
292,6,66,304.52394149343286,-93.30180445272208,44.94741120853117
293,6,67,301.60502093193134,-93.30142416893854,44.947412212855774
294,6,68,299.8315853446842,-93.30104388513509,44.947413215914125
295,6,69,299.6403743290274,-93.30066360131171,44.947414217706225
296,6,70,299.45122298166984,-93.30028331746847,44.94741521823208
297,6,71,299.26207163431224,-93.29990303360537,44.94741621749168
298,6,72,299.0729202869547,-93.29952274972246,44.947417215485025
299,6,73,298.8837689395971,-93.29914246581973,44.94741821221212
300,6,74,298.6946175922395,-93.29876218189722,44.94741920767296
301,6,75,298.5054662448819,-93.29838189795497,44.94742020186755
302,6,76,298.31631489752436,-93.29800161399298,44.94742119479587
303,6,77,298.12716355016676,-93.2976213300113,44.947422186457956
304,6,78,297.9380122028092,-93.29724104600993,44.94742317685379
305,6,79,297.7488608554516,-93.29686076198892,44.947424165983364
306,6,80,297.55970950809404,-93.29648047794828,44.94742515384669
307,6,81,297.37055816073644,-93.29610019388805,44.947426140443746
308,6,82,297.1814068133789,-93.29571990980823,44.94742712577456
309,6,83,296.9922554660213,-93.29533962570886,44.94742810983911
310,6,84,296.8031041186637,-93.29495934158996,44.94742909263743
311,6,85,296.6139527713061,-93.29457905745157,44.94743007416947
312,6,86,296.42480142394857,-93.2941987732937,44.94743105443526
313,6,87,296.23565007659096,-93.29381848911638,44.9474320334348
314,6,88,296.0464987292334,-93.29343820491964,44.94743301116809
315,6,89,295.8573473818758,-93.29305792070349,44.94743398763512
316,6,90,295.66819603451825,-93.29267763646796,44.94743496283589
317,6,91,295.47904468716064,-93.29229735221308,44.947435936770404
318,6,92,295.274939709333,-93.2919170679389,44.94743690943867
319,6,93,295.0682517015234,-93.2915367836454,44.947437880840674
320,6,94,294.86156369371383,-93.29115649933262,44.94743885097643
321,6,95,294.65487568590424,-93.2907762150006,44.94743981984592
322,6,96,294.44818767809465,-93.29039593064935,44.94744078744915
323,6,97,294.2414996702851,-93.2900156462789,44.94744175378614
324,6,98,294.03481166247553,-93.2896353618893,44.94744271885686
325,6,99,293.82812365466594,-93.28925507748053,44.94744368266132
326,6,100,293.6214356468564,-93.28887479305264,44.94744464519953
327,6,101,293.4147476390468,-93.28849450860565,44.94744560647148
328,6,102,293.20805963123723,-93.28811422413959,44.94744656647718
329,6,103,293.00137162342764,-93.28773393965447,44.94744752521662
330,6,104,292.7946836156181,-93.28735365515035,44.94744848268979
331,6,105,292.58799560780847,-93.28697337062721,44.94744943889672
332,6,106,292.38130759999893,-93.2865930860851,44.947450393837386
333,6,107,292.17461959218934,-93.28621280152406,44.94745134751179
334,6,108,291.9679315843798,-93.28583251694408,44.94745229991994
335,6,109,291.76124357657017,-93.28545223234521,44.94745325106182
336,6,110,291.55455556876063,-93.28507194772746,44.94745420093745
337,6,111,291.3478675609511,-93.28469166309088,44.94745514954681
338,6,112,291.14117955314146,-93.28431137843546,44.94745609688994
339,6,113,290.9344915453319,-93.28393109376124,44.94745704296678
340,6,114,290.72780353752233,-93.28355080906827,44.94745798777737
341,6,115,290.5211155297128,-93.28317052435654,44.947458931321705
342,6,116,290.31442752190316,-93.2827902396261,44.947459873599776
343,6,117,290.1077395140936,-93.28240995487695,44.947460814611595
344,6,118,289.90105150628403,-93.28202967010913,44.947461754357136
345,6,119,289.69436349847444,-93.28164938532267,44.94746269283643
346,6,120,289.48767549066486,-93.28126910051758,44.94746363004947
347,6,121,289.3614962723602,-93.2808888156939,44.947464565996235
348,6,122,289.6476517752144,-93.28050853085165,44.94746550067675
349,6,123,289.9338072780685,-93.28012824599085,44.947466434091
350,6,124,290.21996278092263,-93.27974796111153,44.94746736623898
351,6,125,290.5061182837768,-93.27936767621372,44.94746829712071
352,6,126,290.7922737866309,-93.27898739129743,44.94746922673618
353,6,127,291.078429289485,-93.27860710636271,44.94747015508538
354,6,128,291.36458479233914,-93.27822682140956,44.94747108216831
355,6,129,291.65074029519326,-93.27784653643802,44.947472007985
356,6,130,291.9368957980474,-93.27746625144812,44.947472932535405
357,6,131,292.22305130090155,-93.27708596643986,44.94747385581957
358,6,132,292.50920680375566,-93.27670568141328,44.94747477783746
359,6,133,292.7953623066098,-93.27632539636842,44.947475698589095
360,6,134,293.0815178094639,-93.27594511130528,44.94747661807446
361,6,135,293.367673312318,-93.2755648262239,44.94747753629356
362,6,136,293.6538288151722,-93.27518454112429,44.947478453246404
363,6,137,293.9399843180263,-93.2748042560065,44.94747936893298
364,6,138,294.2261398208804,-93.27442397087054,44.94748028335329
365,6,139,294.5122953237345,-93.27404368571644,44.94748119650735
366,6,140,294.57040842908725,-93.27366340054421,44.94748210839512
367,6,141,294.5704084291679,-93.2732831153539,44.947483019016666
368,6,142,294.57040842924863,-93.27290283014553,44.94748392837191
369,6,143,294.5704084293293,-93.27252254491908,44.9474848364609
370,6,144,294.57040842941,-93.27214225967464,44.947485743283636
371,6,145,294.5704084294907,-93.27176197441221,44.947486648840105
372,6,146,294.5704084295714,-93.2713816891318,44.94748755313031
373,6,147,294.5704084296521,-93.27100140383347,44.94748845615424
374,6,148,294.57040842973277,-93.2706211185172,44.94748935791191
375,6,149,294.5704084298135,-93.27024083318305,44.94749025840333
376,6,150,294.57040842989414,-93.26986054783102,44.94749115762846
377,6,151,294.56488818638474,-93.26948026246116,44.94749205558733
378,6,152,294.5467995552834,-93.26909997707348,44.947492952279944
379,6,153,294.528710924182,-93.26871969166801,44.94749384770629
380,6,154,294.51062229308064,-93.26833940624478,44.94749474186637
381,6,155,294.49253366197934,-93.2679591208038,44.94749563476017
382,6,156,294.4744450308779,-93.2675788353451,44.947496526387724
383,6,157,294.45635639977655,-93.26719854986872,44.94749741674901
384,6,158,294.4382677686752,-93.26681826437468,44.94749830584401
385,6,159,294.4201791375738,-93.26643797886298,44.947499193672755
386,6,160,294.40209050647246,-93.26605769333368,44.94750008023524
387,6,161,294.3840018753711,-93.26567740778678,44.947500965531454
388,6,162,294.3659132442698,-93.26529712222232,44.9475018495614
389,6,163,294.34782461316837,-93.26491683664032,44.94750273232508
390,6,164,294.329735982067,-93.26453655104082,44.94750361382248
391,6,165,294.31164735096564,-93.26415626542381,44.947504494053625
392,6,166,294.2935587198643,-93.26377597978934,44.947505373018494
393,6,167,294.2754700887629,-93.26339569413743,44.94750625071711
394,6,168,294.25738145766155,-93.2630154084681,44.94750712714944
395,6,169,294.2392928265602,-93.26263512278139,44.94750800231551
396,6,170,294.2212041954588,-93.26225483707732,44.94750887621531
397,6,171,294.20311556435746,-93.26187455135592,44.94750974884884
398,6,172,294.18502693325615,-93.26149426561719,44.94751062021611
399,6,173,294.16693830215473,-93.26111397986116,44.9475114903171
400,6,174,294.14884967105337,-93.26073369408789,44.94751235915183
401,6,175,294.12104398393836,-93.26035340829736,44.94751322672028
402,6,176,294.03817137194284,-93.25997312248964,44.94751409302247
403,6,177,293.9552987599473,-93.25959283666472,44.947514958058385
404,6,178,293.8724261479518,-93.25921255082265,44.94751582182804
405,6,179,293.78955353595626,-93.25883226496342,44.947516684331404
406,6,180,293.7066809239607,-93.2584519790871,44.94751754556852
407,6,181,293.6238083119652,-93.25807169319368,44.947518405539356
408,6,182,293.5409356999696,-93.2576914072832,44.94751926424393
409,6,183,293.4580630879741,-93.25731112135568,44.94752012168224
410,6,184,293.37519047597857,-93.25693083541115,44.94752097785425
411,6,185,293.29231786398304,-93.25655054944964,44.94752183276001
412,6,186,293.20944525198746,-93.25617026347116,44.94752268639949
413,6,187,293.126572639992,-93.25578997747576,44.947523538772714
414,6,188,293.0437000279964,-93.25540969146343,44.94752438987965
415,6,189,292.9608274160009,-93.25502940543421,44.94752523972033
416,6,190,292.87795480400536,-93.25464911938813,44.94752608829473
417,6,191,292.79508219200983,-93.25426883332523,44.94752693560286
418,6,192,292.7122095800143,-93.25388854724552,44.9475277816447
419,6,193,292.6293369680187,-93.25350826114901,44.94752862642029
420,6,194,292.54646435602325,-93.25312797503574,44.94752946992961
421,6,195,292.46359174402767,-93.25274768890576,44.94753031217265
422,6,196,292.38071913203214,-93.25236740275903,44.94753115314941
423,6,197,292.29784652003656,-93.25198711659564,44.947531992859915
424,6,198,292.2149739080411,-93.25160683041558,44.94753283130413
425,6,199,292.1321012960455,-93.25122654421888,44.94753366848209
426,6,200,292.04922868405,-93.2508462580056,44.94753450439376
427,6,201,291.96635607205445,-93.25046597177571,44.94753533903916
428,6,202,292.6996066810071,-93.25008568552927,44.9475361724183
429,6,203,294.135086295891,-93.24970539926629,44.947537004531156
430,6,204,295.57056591077503,-93.24932511298681,44.94753783537774
431,6,205,297.00604552565903,-93.24894482669083,44.94753866495805
432,6,206,298.44152514054304,-93.2485645403784,44.94753949327209
433,6,207,300.13152860564355,-93.24818425404953,44.94754032031984
434,6,208,303.8376159111834,-93.24780396770426,44.94754114610133
435,6,209,307.84781198408893,-93.24742368134261,44.94754197061655
436,6,210,311.85800805699455,-93.2470433949646,44.94754279386549
437,6,211,316.04503615694534,-93.24666310857026,44.947543615848154
438,6,212,322.4072108280203,-93.2462828221596,44.94754443656454
439,6,213,331.37343633484295,-93.24590253573267,44.947545256014656
440,6,214,342.7378156896804,-93.24552224928946,44.94754607419849
441,7,0,331.8801460853848,-93.32690466995126,44.94761217933844
442,7,1,303.5695771927182,-93.32652438575552,44.94761326724544
443,7,2,275.6166631905173,-93.32614410153818,44.94761435388619
444,7,3,248.14230163272123,-93.32576381729929,44.94761543926068
445,7,4,221.32478101399704,-93.32538353303885,44.94761652336892
446,7,5,195.4346835190803,-93.3250032487569,44.94761760621091
447,7,6,170.89403837908569,-93.32462296445348,44.94761868778665
448,7,7,148.37395049273897,-93.32424268012858,44.94761976809614
449,7,8,128.93752757103377,-93.32386239578224,44.94762084713937
450,7,9,114.17067420069145,-93.3234821114145,44.947621924916355
451,7,10,106.04244281772168,-93.32310182702538,44.94762300142709
452,7,11,105.00660645846055,-93.32272154261489,44.94762407667155
453,7,12,109.53109222941174,-93.32234125818306,44.947625150649785
454,7,13,121.52256140327933,-93.32196097372992,44.94762622336174
455,7,14,139.06259631928236,-93.3215806892555,44.94762729480747
456,7,15,159.6359953795041,-93.32120040475982,44.94762836498692
457,7,16,180.3693593917246,-93.3208201202429,44.94762943390013
458,7,17,201.10272340394516,-93.32043983570476,44.94763050154708
459,7,18,221.83608741616567,-93.32005955114545,44.94763156792778
460,7,19,242.56945142838617,-93.31967926656498,44.94763263304223
461,7,20,263.3028154406067,-93.31929898196336,44.94763369689041
462,7,21,283.52886434089856,-93.31891869734064,44.94763475947236
463,7,22,298.09815227637284,-93.31853841269682,44.94763582078804
464,7,23,312.66744021184707,-93.31815812803195,44.947636880837464
465,7,24,327.2367281473214,-93.31777784334605,44.94763793962063
466,7,25,338.1844307707717,-93.31739755863914,44.94763899713754
467,7,26,348.7382457954432,-93.31701727391125,44.947640053388206
468,7,42,344.8764075747584,-93.31093271543155,44.94765678118777
469,7,43,341.9291256351964,-93.31055243035075,44.94765781591203
470,7,44,338.98184369563444,-93.31017214524945,44.947658849370065
471,7,45,336.0345617560725,-93.30979186012762,44.947659881561826
472,7,46,333.0872798165105,-93.30941157498532,44.94766091248732
473,7,47,330.13999787694854,-93.30903128982256,44.94766194214657
474,7,48,327.20685089578217,-93.30865100463937,44.94766297053955
475,7,49,324.28793033428076,-93.30827071943575,44.94766399766626
476,7,50,321.36900977277924,-93.30789043421179,44.94766502352674
477,7,51,318.45008921127777,-93.30751014896745,44.94766604812092
478,7,52,315.53116864977625,-93.30712986370278,44.94766707144887
479,7,53,312.6122480882747,-93.30674957841781,44.94766809351054
480,7,54,309.69332752677326,-93.30636929311255,44.94766911430597
481,7,55,306.77440696527174,-93.30598900778705,44.94767013383512
482,7,56,303.8554864037703,-93.30560872244132,44.947671152098025
483,7,57,300.9365658422688,-93.30522843707537,44.94767216909465
484,7,58,298.0176452807673,-93.30484815168924,44.94767318482503
485,7,59,295.0987247192658,-93.30446786628296,44.94767419928913
486,7,60,292.1798041577643,-93.30408758085656,44.94767521248699
487,7,61,289.26088359626283,-93.30370729541005,44.947676224418565
488,7,62,286.3419630347613,-93.30332700994346,44.94767723508389
489,7,63,283.42304247325984,-93.30294672445682,44.94767824448295
490,7,64,280.5041219117584,-93.30256643895014,44.94767925261575
491,7,65,277.58520135025685,-93.30218615342346,44.94768025948229
492,7,66,274.66628078875533,-93.3018058678768,44.94768126508256
493,7,67,271.74736022725386,-93.30142558231019,44.94768226941657
494,7,68,269.83325599284075,-93.30104529672364,44.94768327248431
495,7,69,269.64097063882394,-93.3006650111172,44.94768427428579
496,7,70,269.4518192914664,-93.30028472549088,44.94768527482101
497,7,71,269.2626679441088,-93.29990443984471,44.94768627408997
498,7,72,269.07351659675123,-93.29952415417871,44.94768727209266
499,7,73,268.8843652493937,-93.2991438684929,44.947688268829076
500,7,74,268.6952139020361,-93.29876358278732,44.94768926429924
501,7,75,268.5060625546785,-93.29838329706197,44.947690258503144
502,7,76,268.3169112073209,-93.29800301131692,44.947691251440766
503,7,77,268.12775985996336,-93.29762272555215,44.94769224311214
504,7,78,267.93860851260575,-93.29724243976771,44.947693233517235
505,7,79,267.7494571652482,-93.29686215396363,44.94769422265607
506,7,80,267.5603058178906,-93.29648186813989,44.94769521052864
507,7,81,267.37115447053304,-93.29610158229657,44.94769619713494
508,7,82,267.18200312317543,-93.29572129643367,44.94769718247499
509,7,83,266.9928517758179,-93.29534101055123,44.94769816654876
510,7,84,266.8037004284603,-93.29496072464926,44.94769914935626
511,7,85,266.6145490811027,-93.29458043872776,44.94770013089751
512,7,86,266.4253977337451,-93.29420015278681,44.94770111117248
513,7,87,266.23624638638756,-93.29381986682641,44.94770209018118
514,7,88,266.04709503902995,-93.29343958084658,44.94770306792362
515,7,89,265.8579436916724,-93.29305929484735,44.947704044399785
516,7,90,265.6687923443148,-93.29267900882874,44.9477050196097
517,7,91,265.47964099695724,-93.29229872279079,44.947705993553335
518,7,92,265.2756517166584,-93.2919184367335,44.94770696623071
519,7,93,265.06896370884886,-93.29153815065692,44.9477079376418
520,7,94,264.86227570103927,-93.29115786456106,44.947708907786634
521,7,95,264.65558769322973,-93.29077757844595,44.94770987666521
522,7,96,264.4488996854201,-93.29039729231162,44.9477108442775
523,7,97,264.24221167761056,-93.2900170061581,44.94771181062353
524,7,98,264.03552366980097,-93.2896367199854,44.94771277570329
525,7,99,263.8288356619914,-93.28925643379354,44.947713739516786
526,7,100,263.62214765418184,-93.28887614758256,44.947714702064005
527,7,101,263.41545964637226,-93.28849586135247,44.94771566334496
528,7,102,263.2087716385627,-93.28811557510333,44.94771662335964
529,7,103,263.0020836307531,-93.28773528883512,44.947717582108055
530,7,104,262.79539562294354,-93.28735500254791,44.94771853959019
531,7,105,262.58870761513396,-93.28697471624169,44.947719495806076
532,7,106,262.38201960732437,-93.28659442991649,44.94772045075568
533,7,107,262.1753315995148,-93.28621414357235,44.947721404439015
534,7,108,261.96864359170524,-93.2858338572093,44.94772235685608
535,7,109,261.76195558389566,-93.28545357082733,44.94772330800688
536,7,110,261.55526757608607,-93.28507328442649,44.947724257891394
537,7,111,261.3485795682765,-93.2846929980068,44.94772520650964
538,7,112,261.14189156046695,-93.2843127115683,44.94772615386163
539,7,113,260.93520355265736,-93.28393242511099,44.94772709994733
540,7,114,260.72851554484777,-93.28355213863492,44.94772804476677
541,7,115,260.52182753703823,-93.2831718521401,44.94772898831993
542,7,116,260.31513952922865,-93.28279156562655,44.94772993060683
543,7,117,260.10845152141906,-93.28241127909432,44.947730871627456
544,7,118,259.90176351360947,-93.28203099254341,44.947731811381814
545,7,119,259.69507550579993,-93.28165070597385,44.94773274986989
546,7,120,259.48838749799035,-93.28127041938568,44.9477336870917
547,7,121,259.36286105293425,-93.2808901327789,44.94773462304723
548,7,122,259.64901655578836,-93.28050984615355,44.947735557736486
549,7,123,259.9351720586425,-93.28012955950966,44.94773649115948
550,7,124,260.22132756149665,-93.27974927284724,44.9477374233162
551,7,125,260.50748306435077,-93.27936898616635,44.947738354206635
552,7,126,260.7936385672049,-93.27898869946695,44.94773928383081
553,7,127,261.079794070059,-93.27860841274914,44.947740212188705
554,7,128,261.36594957291317,-93.27822812601289,44.947741139280325
555,7,129,261.6521050757673,-93.27784783925826,44.94774206510567
556,7,130,261.9382605786214,-93.27746755248525,44.947742989664754
557,7,131,262.2244160814755,-93.2770872656939,44.94774391295754
558,7,132,262.5105715843296,-93.27670697888422,44.94774483498407
559,7,133,262.7967270871838,-93.27632669205626,44.94774575574432
560,7,134,263.0828825900379,-93.27594640521002,44.94774667523831
561,7,135,263.369038092892,-93.27556611834554,44.947747593466005
562,7,136,263.65519359574614,-93.27518583146284,44.94774851042743
563,7,137,263.94134909860026,-93.27480554456194,44.947749426122584
564,7,138,264.22750460145437,-93.27442525764289,44.94775034055145
565,7,139,264.51366010430854,-93.27404497070567,44.94775125371406
566,7,140,264.5704084290872,-93.27366468375035,44.94775216561038
567,7,141,264.5704084291679,-93.27328439677694,44.94775307624044
568,7,142,264.57040842924863,-93.27290410978546,44.9477539856042
569,7,143,264.57040842932935,-93.27252382277592,44.9477548937017
570,7,144,264.57040842941,-93.27214353574838,44.94775580053293
571,7,145,264.5704084294907,-93.27176324870284,44.94775670609788
572,7,146,264.5704084295714,-93.27138296163935,44.94775761039654
573,7,147,264.57040842965205,-93.27100267455789,44.94775851342893
574,7,148,264.57040842973277,-93.27062238745852,44.94775941519505
575,7,149,264.5704084298135,-93.27024210034126,44.947760315694886
576,7,150,264.5704084298942,-93.26986181320613,44.94776121492845
577,7,151,264.56489363969484,-93.26948152605317,44.947762112895724
578,7,152,264.5468050085935,-93.26910123888239,44.94776300959674
579,7,153,264.5287163774921,-93.26872095169382,44.947763905031465
580,7,154,264.51062774639075,-93.26834066448748,44.94776479919991
581,7,155,264.4925391152894,-93.26796037726339,44.94776569210208
582,7,156,264.474450484188,-93.2675800900216,44.94776658373798
583,7,157,264.45636185308666,-93.26719980276211,44.9477674741076
584,7,158,264.4382732219853,-93.26681951548494,44.947768363210926
585,7,159,264.42018459088393,-93.26643922819015,44.947769251047994
586,7,160,264.4020959597825,-93.26605894087774,44.947770137618775
587,7,161,264.3840073286812,-93.26567865354774,44.94777102292328
588,7,162,264.36591869757984,-93.26529836620017,44.9477719069615
589,7,163,264.3478300664785,-93.26491807883507,44.94777278973344
590,7,164,264.3297414353771,-93.26453779145244,44.947773671239105
591,7,165,264.31165280427575,-93.26415750405233,44.94777455147849
592,7,166,264.2935641731744,-93.26377721663475,44.94777543045159
593,7,167,264.27547554207297,-93.26339692919973,44.94777630815842
594,7,168,264.25738691097166,-93.2630166417473,44.94777718459896
595,7,169,264.2392982798703,-93.26263635427749,44.94777805977322
596,7,170,264.2212096487689,-93.2622560667903,44.947778933681214
597,7,171,264.20312101766757,-93.26187577928577,44.947779806322906
598,7,172,264.1850323865662,-93.26149549176394,44.94778067769833
599,7,173,264.1669437554648,-93.26111520422481,44.947781547807466
600,7,174,264.1488551243635,-93.26073491666843,44.947782416650334
601,7,175,264.1211584486538,-93.26035462909479,44.94778328422692
602,7,176,264.0382858366582,-93.25997434150395,44.94778415053721
603,7,177,263.95541322466266,-93.25959405389592,44.94778501558123
604,7,178,263.87254061266714,-93.25921376627073,44.94778587935897
605,7,179,263.7896680006716,-93.2588334786284,44.94778674187043
606,7,180,263.706795388676,-93.25845319096895,44.9477876031156
607,7,181,263.6239227766805,-93.25807290329243,44.94778846309449
608,7,182,263.541050164685,-93.25769261559884,44.9477893218071
609,7,183,263.45817755268945,-93.2573123278882,44.94779017925342
610,7,184,263.3753049406939,-93.25693204016056,44.947791035433454
611,7,185,263.2924323286984,-93.25655175241593,44.94779189034722
612,7,186,263.20955971670287,-93.25617146465434,44.947792743994704
613,7,187,263.1266871047073,-93.2557911768758,44.9477935963759
614,7,188,263.0438144927118,-93.25541088908037,44.94779444749081
615,7,189,262.96094188071623,-93.25503060126805,44.94779529733944
616,7,190,262.8780692687207,-93.25465031343886,44.947796145921785
617,7,191,262.7951966567251,-93.25427002559283,44.947796993237844
618,7,192,262.71232404472966,-93.25388973772999,44.947797839287624
619,7,193,262.6294514327341,-93.25350944985037,44.947798684071124
620,7,194,262.54657882073855,-93.25312916195399,44.94779952758832
621,7,195,262.463706208743,-93.25274887404088,44.94780036983926
622,7,196,262.3808335967475,-93.25236858611105,44.947801210823904
623,7,197,262.29796098475197,-93.25198829816453,44.94780205054226
624,7,198,262.2150883727564,-93.25160801020137,44.94780288899433
625,7,199,262.1322157607609,-93.25122772222156,44.94780372618012
626,7,200,262.04934314876533,-93.25084743422514,44.94780456209963
627,7,201,261.9664705367698,-93.25046714621213,44.947805396752834
628,7,202,262.73396972339754,-93.25008685818257,44.94780623013978
629,7,203,264.16944933828154,-93.24970657013647,44.94780706226042
630,7,204,265.60492895316554,-93.24932628207387,44.947807893114785
631,7,205,267.04040856804954,-93.24894599399478,44.947808722702874
632,7,206,268.47588818293355,-93.24856570589922,44.94780955102466
633,7,207,270.26357956032723,-93.24818541778724,44.94781037808018
634,7,208,274.10685192071634,-93.24780512965884,44.947811203869385
635,7,209,278.1170479936219,-93.24742484151407,44.94781202839232
636,7,210,282.12724406652745,-93.24704455335295,44.94781285164897
637,7,211,286.5087102393884,-93.24666426517547,44.947813673639324
638,7,212,293.5118153626809,-93.24628397698169,44.9478144943634
639,7,213,303.33336524681084,-93.24590368877163,44.947815313821195
640,7,214,315.4237652896543,-93.24552340054532,44.9478161320127
641,7,215,327.83112805314397,-93.24514311230277,44.94781694893791
642,7,216,340.23849081663366,-93.24476282404402,44.947817764596834
643,8,0,323.6424437023926,-93.32690620280988,44.94788223523007
644,8,1,294.54114856326225,-93.32652591683105,44.94788332314725
645,8,2,265.63987846005926,-93.32614563083064,44.94788440979818
646,8,3,237.0118179745145,-93.32576534480867,44.94788549518284
647,8,4,208.769391173356,-93.32538505876515,44.94788657930123
648,8,5,181.09311285138116,-93.32500477270014,44.94788766215336
649,8,6,154.2879527167057,-93.32462448661362,44.947888743739234
650,8,7,128.8985228186179,-93.32424420050565,44.94788982405883
651,8,8,105.94756257758407,-93.32386391437623,44.94789090311217
652,8,9,87.37816001404717,-93.32348362822542,44.94789198089924
653,8,10,76.45259759321308,-93.3231033420532,44.947893057420046
654,8,11,75.00924876254933,-93.32272305585963,44.94789413267459
655,8,12,81.2222885972065,-93.32234276964472,44.94789520666287
656,8,13,96.78704939202245,-93.3219624834085,44.94789627938489
657,8,14,117.22020491781169,-93.32158219715099,44.94789735084063
658,8,15,137.95356893003222,-93.32120191087222,44.94789842103011
659,8,16,158.68693294225272,-93.32082162457222,44.94789948995333
660,8,17,179.42029695447323,-93.320441338251,44.94790055761029
661,8,18,200.15366096669376,-93.32006105190861,44.94790162400096
662,8,19,220.88702497891427,-93.31968076554504,44.947902689125385
663,8,20,241.62038899113477,-93.31930047916033,44.947903752983535
664,8,21,257.3041460573165,-93.31892019275453,44.94790481557542
665,8,22,271.87343399279075,-93.31853990632764,44.94790587690104
666,8,23,286.44272192826503,-93.31815961987968,44.947906936960386
667,8,24,299.5482905499022,-93.3177793334107,44.94790799575347
668,8,25,310.1021055745737,-93.3173990469207,44.947909053280284
669,8,26,320.6559205992452,-93.31701876040971,44.94791010954083
670,8,27,329.89512142856097,-93.31663847387777,44.947911164535114
671,8,28,334.6669212044933,-93.31625818732489,44.94791221826313
672,8,29,339.43872098042567,-93.3158779007511,44.94791327072486
673,8,30,344.210520756358,-93.31549761415644,44.947914321920344
674,8,31,344.50653076183664,-93.3151173275409,44.94791537184954
675,8,32,344.3794132589062,-93.31473704090455,44.947916420512485
676,8,33,341.5470705683648,-93.31435675424737,44.94791746790915
677,8,34,338.5997886288028,-93.3139764675694,44.94791851403955
678,8,35,335.65250668924085,-93.31359618087069,44.947919558903685
679,8,36,332.7052247496789,-93.31321589415124,44.94792060250154
680,8,37,329.7579428101169,-93.31283560741109,44.94792164483312
681,8,38,326.8106608705549,-93.31245532065024,44.94792268589845
682,8,39,323.86337893099295,-93.31207503386875,44.9479237256975
683,8,40,320.91609699143095,-93.31169474706662,44.94792476423028
684,8,41,317.968815051869,-93.31131446024388,44.94792580149679
685,8,42,315.02153311230705,-93.31093417340055,44.94792683749702
686,8,43,312.07425117274505,-93.3105538865367,44.947927872231
687,8,44,309.12696923318305,-93.31017359965227,44.94792890569869
688,8,45,306.17968729362104,-93.30979331274736,44.94792993790011
689,8,46,303.2324053540591,-93.30941302582197,44.94793096883527
690,8,47,300.28512341449715,-93.3090327388761,44.947931998504146
691,8,48,297.3491901911047,-93.30865245190981,44.94793302690677
692,8,49,294.43026962960323,-93.30827216492312,44.9479340540431
693,8,50,291.5113490681017,-93.30789187791605,44.94793507991317
694,8,51,288.59242850660024,-93.30751159088861,44.947936104516955
695,8,52,285.6735079450987,-93.30713130384085,44.94793712785448
696,8,53,282.7545873835972,-93.30675101677276,44.947938149925726
697,8,54,279.83566682209573,-93.30637072968443,44.9479391707307
698,8,55,276.91674626059427,-93.30599044257582,44.94794019026941
699,8,56,273.99782569909274,-93.30561015544698,44.94794120854184
700,8,57,271.0789051375913,-93.30522986829794,44.947942225548
701,8,58,268.15998457608976,-93.30484958112872,44.94794324128788
702,8,59,265.2410640145883,-93.30446929393935,44.94794425576149
703,8,60,262.32214345308677,-93.30408900672984,44.94794526896882
704,8,61,259.4032228915853,-93.30370871950022,44.94794628090989
705,8,62,256.48430233008384,-93.30332843225054,44.947947291584676
706,8,63,253.5653817685823,-93.30294814498079,44.94794830099318
707,8,64,250.64646120708082,-93.302567857691,44.947949309135424
708,8,65,247.72754064557932,-93.30218757038124,44.94795031601139
709,8,66,244.80862008407786,-93.30180728305147,44.94795132162107
710,8,67,241.88969952257636,-93.30142699570175,44.947952325964486
711,8,68,239.83534457850288,-93.30104670833212,44.947953329041624
712,8,69,239.6415669486205,-93.30066642094256,44.94795433085249
713,8,70,239.4524156012629,-93.30028613353315,44.947955331397075
714,8,71,239.26326425390533,-93.29990584610387,44.94795633067538
715,8,72,239.07411290654775,-93.29952555865476,44.947957328687416
716,8,73,238.88496155919017,-93.29914527118585,44.94795832543318
717,8,74,238.6958102118326,-93.29876498369717,44.94795932091265
718,8,75,238.506658864475,-93.29838469618872,44.94796031512586
719,8,76,238.31750751711743,-93.29800440866056,44.94796130807279
720,8,77,238.12835616975985,-93.29762412111269,44.947962299753456
721,8,78,237.93920482240227,-93.29724383354514,44.94796329016781
722,8,79,237.7500534750447,-93.29686354595793,44.94796427931591
723,8,80,237.56090212768711,-93.29648325835112,44.94796526719774
724,8,81,237.37175078032953,-93.29610297072468,44.94796625381328
725,8,82,237.18259943297195,-93.29572268307868,44.94796723916254
726,8,83,236.99344808561438,-93.29534239541313,44.94796822324553
727,8,84,236.8042967382568,-93.29496210772804,44.94796920606224
728,8,85,236.61514539089922,-93.29458182002345,44.947970187612675
729,8,86,236.42599404354164,-93.29420153229938,44.947971167896824
730,8,87,236.23684269618406,-93.29382124455587,44.947972146914694
731,8,88,236.04769134882648,-93.29344095679294,44.947973124666284
732,8,89,235.8585400014689,-93.29306066901059,44.9479741011516
733,8,90,235.66938865411132,-93.29268038120888,44.94797507637064
734,8,91,235.48023730675374,-93.29230009338781,44.9479760503234
735,8,92,235.27636372398385,-93.29191980554742,44.94797702300988
736,8,93,235.06967571617432,-93.29153951768772,44.947977994430076
737,8,94,234.8629877083647,-93.29115922980876,44.947978964583996
738,8,95,234.65629970055517,-93.29077894191055,44.94797993347162
739,8,96,234.44961169274555,-93.2903986539931,44.94798090109298
740,8,97,234.242923684936,-93.29001836605646,44.947981867448064
741,8,98,234.0362356771264,-93.28963807810064,44.94798283253685
742,8,99,233.82954766931684,-93.28925779012567,44.94798379635938
743,8,100,233.62285966150725,-93.28887750213158,44.9479847589156
744,8,101,233.4161716536977,-93.28849721411838,44.947985720205565
745,8,102,233.20948364588816,-93.28811692608612,44.94798668022924
746,8,103,233.00279563807854,-93.2877366380348,44.947987638986625
747,8,104,232.79610763026898,-93.28735634996447,44.947988596477735
748,8,105,232.5894196224594,-93.28697606187514,44.947989552702566
749,8,106,232.38273161464983,-93.28659577376682,44.9479905076611
750,8,107,232.17604360684024,-93.28621548563957,44.94799146135338
751,8,108,231.96935559903068,-93.2858351974934,44.94799241377935
752,8,109,231.7626675912211,-93.28545490932831,44.94799336493906
753,8,110,231.55597958341153,-93.28507462114435,44.94799431483248
754,8,111,231.34929157560194,-93.28469433294156,44.94799526345961
755,8,112,231.14260356779238,-93.28431404471993,44.94799621082046
756,8,113,230.9359155599828,-93.28393375647951,44.94799715691503
757,8,114,230.72922755217323,-93.28355346822032,44.94799810174331
758,8,115,230.52253954436364,-93.2831731799424,44.947999045305316
759,8,116,230.31585153655408,-93.28279289164573,44.94799998760104
760,8,117,230.10916352874452,-93.28241260333037,44.948000928630464
761,8,118,229.90247552093493,-93.28203231499633,44.948001868393625
762,8,119,229.69578751312537,-93.28165202664366,44.948002806890486
763,8,120,229.48909950531578,-93.28127173827237,44.948003744121074
764,8,121,229.36422583350827,-93.28089144988246,44.94800468008537
765,8,122,229.6503813363624,-93.280511161474,44.948005614783376
766,8,123,229.93653683921653,-93.28013087304699,44.94800654821511
767,8,124,230.22269234207067,-93.27975058460144,44.948007480380554
768,8,125,230.50884784492476,-93.27937029613743,44.948008411279716
769,8,126,230.7950033477789,-93.27899000765493,44.948009340912584
770,8,127,231.08115885063305,-93.27860971915398,44.948010269279166
771,8,128,231.36731435348713,-93.27822943063461,44.948011196379476
772,8,129,231.65346985634127,-93.27784914209685,44.94801212221349
773,8,130,231.93962535919542,-93.27746885354071,44.94801304678122
774,8,131,232.22578086204956,-93.27708856496623,44.94801397008267
775,8,132,232.51193636490365,-93.27670827637344,44.948014892117826
776,8,133,232.7980918677578,-93.27632798776236,44.948015812886695
777,8,134,233.08424737061193,-93.275947699133,44.948016732389284
778,8,135,233.37040287346605,-93.2755674104854,44.94801765062559
779,8,136,233.65655837632016,-93.27518712181957,44.948018567595604
780,8,137,233.9427138791743,-93.27480683313556,44.948019483299326
781,8,138,234.22886938202842,-93.27442654443337,44.94802039773677
782,8,139,234.51502488488254,-93.27404625571305,44.94802131090792
783,8,140,234.57040842908725,-93.27366596697459,44.94802222281278
784,8,141,234.57040842916794,-93.27328567821804,44.94802313345135
785,8,142,234.57040842924863,-93.27290538944344,44.94802404282365
786,8,143,234.5704084293293,-93.27252510065077,44.94802495092965
787,8,144,234.57040842940998,-93.2721448118401,44.948025857769366
788,8,145,234.57040842949073,-93.27176452301144,44.94802676334278
789,8,146,234.57040842957142,-93.2713842341648,44.948027667649924
790,8,147,234.5704084296521,-93.27100394530024,44.94802857069077
791,8,148,234.5704084297328,-93.27062365641774,44.94802947246532
792,8,149,234.57040842981345,-93.27024336751735,44.9480303729736
793,8,150,234.57040842989414,-93.26986307859909,44.948031272215566
794,8,151,234.5648990930049,-93.269482789663,44.94803217019127
795,8,152,234.54681046190353,-93.26910250070908,44.94803306690067
796,8,153,234.5287218308022,-93.26872221173738,44.94803396234378
797,8,154,234.51063319970083,-93.26834192274791,44.94803485652061
798,8,155,234.49254456859944,-93.2679616337407,44.948035749431135
799,8,156,234.4744559374981,-93.26758134471577,44.94803664107538
800,8,157,234.45636730639674,-93.26720105567315,44.94803753145334
801,8,158,234.43827867529535,-93.26682076661287,44.94803842056499
802,8,159,234.42019004419402,-93.26644047753494,44.948039308410365
803,8,160,234.40210141309265,-93.2660601884394,44.948040194989446
804,8,161,234.38401278199126,-93.26567989932626,44.94804108030224
805,8,162,234.3659241508899,-93.26529961019556,44.94804196434874
806,8,163,234.34783551978856,-93.26491932104733,44.948042847128946
807,8,164,234.32974688868717,-93.26453903188155,44.94804372864286
808,8,165,234.3116582575858,-93.26415874269831,44.948044608890484
809,8,166,234.29356962648447,-93.26377845349761,44.94804548787182
810,8,167,234.2754809953831,-93.26339816427945,44.94804636558687
811,8,168,234.2573923642817,-93.2630178750439,44.948047242035614
812,8,169,234.23930373318035,-93.26263758579093,44.94804811721808
813,8,170,234.22121510207901,-93.26225729652062,44.94804899113424
814,8,171,234.20312647097762,-93.26187700723295,44.94804986378412
815,8,172,234.18503783987626,-93.26149671792798,44.948050735167705
816,8,173,234.16694920877492,-93.26111642860572,44.94805160528499
817,8,174,234.14886057767353,-93.2607361392662,44.94805247413599
818,8,175,234.12127291336907,-93.26035584990943,44.948053341720694
819,8,176,234.03840030137357,-93.25997556053545,44.9480542080391
820,8,177,233.95552768937802,-93.25959527114429,44.948055073091226
821,8,178,233.87265507738246,-93.25921498173595,44.94805593687705
822,8,179,233.78978246538696,-93.25883469231049,44.948056799396575
823,8,180,233.7069098533914,-93.2584544028679,44.94805766064981
824,8,181,233.62403724139585,-93.25807411340824,44.94805852063675
825,8,182,233.5411646294003,-93.2576938239315,44.9480593793574
826,8,183,233.4582920174048,-93.25731353443774,44.94806023681175
827,8,184,233.37541940540925,-93.25693324492696,44.94806109299982
828,8,185,233.29254679341372,-93.25655295539919,44.94806194792159
829,8,186,233.2096741814182,-93.25617266585445,44.94806280157705
830,8,187,233.12680156942267,-93.25579237629279,44.94806365396622
831,8,188,233.0439289574271,-93.25541208671422,44.948064505089114
832,8,189,232.96105634543162,-93.25503179711875,44.9480653549457
833,8,190,232.87818373343606,-93.25465150750641,44.948066203535994
834,8,191,232.7953111214405,-93.25427121787725,44.94806705085999
835,8,192,232.71243850944495,-93.25389092823127,44.94806789691769
836,8,193,232.62956589744945,-93.25351063856851,44.94806874170909
837,8,194,232.5466932854539,-93.25313034888899,44.9480695852342
838,8,195,232.46382067345834,-93.25275005919272,44.94807042749301
839,8,196,232.38094806146285,-93.25236976947976,44.94807126848553
840,8,197,232.2980754494673,-93.2519894797501,44.948072108211754
841,8,198,232.21520283747176,-93.25160919000378,44.94807294667167
842,8,199,232.1323302254762,-93.25122890024083,44.9480737838653
843,8,200,232.0494576134807,-93.25084861046128,44.94807461979264
844,8,201,231.96658500148516,-93.25046832066512,44.94807545445368
845,8,202,232.76833276578805,-93.25008803085241,44.948076287848416
846,8,203,234.20381238067205,-93.24970774102317,44.94807711997685
847,8,204,235.63929199555605,-93.24932745117742,44.94807795083899
848,8,205,237.07477161044002,-93.24894716131519,44.948078780434834
849,8,206,238.510251225324,-93.2485668714365,44.94807960876438
850,8,207,240.42851413749244,-93.24818658154136,44.948080435827634
851,8,208,244.3760879302493,-93.24780629162981,44.94808126162458
852,8,209,248.38628400315483,-93.2474260017019,44.948082086155246
853,8,210,252.39648007606044,-93.24704571175761,44.9480829094196
854,8,211,257.07978762755886,-93.246665421797,44.948083731417654
855,8,212,264.8621564532944,-93.24628513182007,44.94808455214942
856,8,213,275.70619622262404,-93.24590484182687,44.94808537161489
857,8,214,288.1097148896281,-93.24552455181741,44.94808618981404
858,8,215,300.5170776531178,-93.24514426179171,44.9480870067469
859,8,216,312.92444041660747,-93.2447639717498,44.94808782241347
860,8,217,325.33180318009715,-93.24438368169172,44.948088636813736
861,8,218,337.7391659435869,-93.24400339161747,44.94808944994771
862,9,0,318.032123166287,-93.32690773569011,44.948152291108855
863,9,1,288.36519935138796,-93.32652744792819,44.94815337903622
864,9,2,258.7750857951265,-93.32614716014467,44.94815446569732
865,9,3,229.29152156062028,-93.3257668723396,44.948155551092135
866,9,4,199.96164304909513,-93.32538658451297,44.948156635220684
867,9,5,170.86461167311117,-93.32500629666485,44.94815771808295
868,9,6,142.14349212507906,-93.32462600879524,44.94815879967895
869,9,7,114.08255425270664,-93.32424572090416,44.94815988000865
870,9,8,87.320593310691,-93.32386543299162,44.9481609590721
871,9,9,63.52119998426062,-93.3234851450577,44.94816203686927
872,9,10,47.381427571884856,-93.32310485710238,44.948163113400156
873,9,11,45.01541291515617,-93.32272456912571,44.94816418866477
874,9,12,54.74541227324808,-93.3223442811277,44.948165262663096
875,9,13,74.80441445611925,-93.32196399310837,44.948166335395165
876,9,14,95.53777846833977,-93.32158370506775,44.94816740686095
877,9,15,116.27114248056029,-93.32120341700586,44.94816847706045
878,9,16,137.0045064927808,-93.32082312892275,44.94816954599367
879,9,17,157.73787050500133,-93.32044284081843,44.948170613660615
880,9,18,178.47123451722183,-93.32006255269292,44.94817168006129
881,9,19,199.20459852944234,-93.31968226454624,44.94817274519568
882,9,20,216.5101398382602,-93.31930197637844,44.94817380906379
883,9,21,231.0794277737344,-93.31892168818952,44.94817487166562
884,9,22,245.64871570920866,-93.31854139997951,44.94817593300118
885,9,23,260.21800364468294,-93.31816111174845,44.948176993070454
886,9,24,271.46596535370423,-93.31778082349634,44.94817805187346
887,9,25,282.0197803783757,-93.31740053522324,44.94817910941017
888,9,26,292.5735954030472,-93.31702024692913,44.94818016568061
889,9,27,300.27705385320394,-93.31663995861408,44.948181220684766
890,9,28,305.0488536291363,-93.3162596702781,44.94818227442264
891,9,29,309.8206534050687,-93.31587938192119,44.948183326894245
892,9,30,314.5924531810011,-93.31549909354341,44.94818437809957
893,9,31,314.5068000773713,-93.31511880514476,44.9481854280386
894,9,32,314.37968257444095,-93.31473851672528,44.94818647671135
895,9,33,311.69219610591347,-93.31435822828499,44.94818752411782
896,9,34,308.74491416635146,-93.31397793982391,44.948188570258026
897,9,35,305.7976322267895,-93.31359765134209,44.94818961513193
898,9,36,302.8503502872275,-93.31321736283952,44.94819065873957
899,9,37,299.90306834766557,-93.31283707431625,44.948191701080916
900,9,38,296.9557864081036,-93.3124567857723,44.94819274215598
901,9,39,294.0085044685416,-93.31207649720768,44.94819378196476
902,9,40,291.0612225289796,-93.31169620862242,44.94819482050728
903,9,41,288.11394058941767,-93.31131592001658,44.948195857783496
904,9,42,285.16665864985566,-93.31093563139014,44.94819689379343
905,9,43,282.2193767102937,-93.31055534274314,44.94819792853709
906,9,44,279.27209477073177,-93.31017505407561,44.94819896201447
907,9,45,276.32481283116977,-93.30979476538757,44.948199994225554
908,9,46,273.37753089160776,-93.30941447667905,44.948201025170356
909,9,47,270.43024895204576,-93.30903418795008,44.94820205484888
910,9,48,267.49152948642717,-93.30865389920068,44.94820308326112
911,9,49,264.5726089249257,-93.30827361043085,44.948204110407076
912,9,50,261.65368836342424,-93.30789332164065,44.94820513628675
913,9,51,258.7347678019227,-93.3075130328301,44.94820616090014
914,9,52,255.81584724042122,-93.3071327439992,44.948207184247245
915,9,53,252.89692667891973,-93.30675245514803,44.94820820632807
916,9,54,249.97800611741823,-93.30637216627655,44.9482092271426
917,9,55,247.05908555591674,-93.30599187738483,44.94821024669084
918,9,56,244.14016499441524,-93.30561158847287,44.948211264972805
919,9,57,241.22124443291375,-93.30523129954071,44.948212281988496
920,9,58,238.30232387141226,-93.30485101058835,44.94821329773789
921,9,59,235.3834033099108,-93.30447072161584,44.948214312221
922,9,60,232.4644827484093,-93.30409043262323,44.94821532543781
923,9,61,229.54556218690777,-93.30371014361047,44.94821633738835
924,9,62,226.62664162540628,-93.30332985457765,44.9482173480726
925,9,63,223.7077210639048,-93.30294956552478,44.94821835749057
926,9,64,220.78880050240332,-93.30256927645189,44.948219365642245
927,9,65,217.86987994090182,-93.30218898735899,44.948220372527636
928,9,66,214.9509593794003,-93.30180869824609,44.94822137814674
929,9,67,212.03203881789884,-93.30142840911326,44.94822238249955
930,9,68,209.83803034359738,-93.3010481199605,44.94822338558609
931,9,69,209.64216325841704,-93.30066783078782,44.948224387406334
932,9,70,209.45301191105946,-93.30028754159525,44.94822538796029
933,9,71,209.26386056370188,-93.29990725238285,44.94822638724795
934,9,72,209.0747092163443,-93.29952696315063,44.948227385269334
935,9,73,208.88555786898672,-93.29914667389858,44.94822838202442
936,9,74,208.69640652162914,-93.29876638462677,44.94822937751323
937,9,75,208.50725517427156,-93.29838609533519,44.948230371735754
938,9,76,208.31810382691398,-93.2980058060239,44.948231364691964
939,9,77,208.1289524795564,-93.2976255166929,44.94823235638191
940,9,78,207.93980113219882,-93.29724522734222,44.94823334680556
941,9,79,207.75064978484124,-93.29686493797189,44.94823433596291
942,9,80,207.56149843748366,-93.29648464858192,44.948235323853986
943,9,81,207.37234709012608,-93.29610435917238,44.94823631047876
944,9,82,207.1831957427685,-93.29572406974323,44.94823729583725
945,9,83,206.99404439541092,-93.29534378029454,44.948238279929456
946,9,84,206.80489304805334,-93.29496349082632,44.94823926275536
947,9,85,206.61574170069576,-93.29458320133861,44.94824024431499
948,9,86,206.42659035333818,-93.2942029118314,44.94824122460832
949,9,87,206.2374390059806,-93.29382262230476,44.94824220363535
950,9,88,206.04828765862305,-93.29344233275869,44.9482431813961
951,9,89,205.85913631126547,-93.29306204319322,44.948244157890564
952,9,90,205.6699849639079,-93.29268175360836,44.94824513311873
953,9,91,205.4808336165503,-93.29230146400415,44.948246107080614
954,9,92,205.2770757313093,-93.29192117438063,44.948247079776195
955,9,93,205.07038772349972,-93.2915408847378,44.94824805120548
956,9,94,204.86369971569016,-93.2911605950757,44.94824902136849
957,9,95,204.65701170788057,-93.29078030539435,44.9482499902652
958,9,96,204.450323700071,-93.29040001569376,44.94825095789562
959,9,97,204.24363569226142,-93.29001972597398,44.94825192425974
960,9,98,204.0369476844519,-93.28963943623503,44.948252889357576
961,9,99,203.8302596766423,-93.28925914647692,44.948253853189115
962,9,100,203.6235716688327,-93.2888788566997,44.94825481575437
963,9,101,203.41688366102315,-93.28849856690337,44.94825577705332
964,9,102,203.21019565321356,-93.28811827708796,44.948256737085984
965,9,103,203.003507645404,-93.28773798725351,44.94825769585235
966,9,104,202.7968196375944,-93.28735769740003,44.948258653352426
967,9,105,202.59013162978485,-93.28697740752756,44.94825960958621
968,9,106,202.38344362197526,-93.28659711763612,44.9482605645537
969,9,107,202.1767556141657,-93.28621682772571,44.94826151825489
970,9,108,201.9700676063561,-93.28583653779638,44.94826247068978
971,9,109,201.76337959854652,-93.28545624784816,44.9482634218584
972,9,110,201.55669159073696,-93.28507595788108,44.94826437176071
973,9,111,201.3500035829274,-93.28469566789514,44.94826532039672
974,9,112,201.14331557511784,-93.28431537789037,44.94826626776645
975,9,113,200.93662756730825,-93.28393508786681,44.948267213869876
976,9,114,200.7299395594987,-93.28355479782448,44.94826815870701
977,9,115,200.5232515516891,-93.28317450776339,44.94826910227784
978,9,116,200.3165635438795,-93.28279421768357,44.94827004458238
979,9,117,200.10987553606995,-93.28241392758508,44.94827098562063
980,9,118,199.90318752826036,-93.2820336374679,44.94827192539258
981,9,119,199.6964995204508,-93.28165334733208,44.948272863898225
982,9,120,199.4898115126412,-93.28127305717764,44.94827380113759
983,9,121,199.36559061408227,-93.2808927670046,44.94827473711065
984,9,122,199.65174611693638,-93.280512476813,44.94827567181741
985,9,123,199.93790161979052,-93.28013218660284,44.94827660525789
986,9,124,200.22405712264467,-93.27975189637415,44.94827753743206
987,9,125,200.51021262549878,-93.27937160612697,44.94827846833993
988,9,126,200.7963681283529,-93.27899131586133,44.94827939798151
989,9,127,201.08252363120704,-93.27861102557725,44.94828032635679
990,9,128,201.36867913406118,-93.27823073527473,44.94828125346578
991,9,129,201.65483463691527,-93.27785044495383,44.948282179308464
992,9,130,201.9409901397694,-93.27747015461455,44.94828310388485
993,9,131,202.22714564262355,-93.27708986425692,44.94828402719494
994,9,132,202.51330114547764,-93.27670957388098,44.94828494923874
995,9,133,202.79945664833178,-93.27632928348673,44.948285870016235
996,9,134,203.08561215118593,-93.27594899307422,44.94828678952743
997,9,135,203.37176765404004,-93.27556870264348,44.94828770777232
998,9,136,203.65792315689416,-93.2751884121945,44.948288624750916
999,9,137,203.9440786597483,-93.27480812172733,44.94828954046323
1000,9,138,204.23023416260241,-93.274427831242,44.94829045490923
1001,9,139,204.51638966545656,-93.27404754073852,44.948291368088924
1002,9,140,204.57040842908722,-93.27366725021692,44.94829228000233
1003,9,141,204.5704084291679,-93.27328695967722,44.94829319064943
1004,9,142,204.57040842924863,-93.27290666911946,44.94829410003024
1005,9,143,204.57040842932932,-93.27252637854365,44.94829500814474
1006,9,144,204.57040842941,-93.27214608794984,44.94829591499294
1007,9,145,204.5704084294907,-93.271765797338,44.94829682057484
1008,9,146,204.5704084295714,-93.27138550670821,44.948297724890445
1009,9,147,204.57040842965208,-93.27100521606049,44.94829862793975
1010,9,148,204.57040842973277,-93.27062492539484,44.94829952972276
1011,9,149,204.57040842981348,-93.2702446347113,44.948300430239456
1012,9,150,204.57040842989417,-93.2698643440099,44.94830132948986
1013,9,151,204.564904546315,-93.26948405329064,44.94830222747396
1014,9,152,204.54681591521364,-93.26910376255358,44.94830312419175
1015,9,153,204.52872728411225,-93.26872347179872,44.94830401964325
1016,9,154,204.5106386530109,-93.2683431810261,44.94830491382845
1017,9,155,204.49255002190955,-93.26796289023572,44.948305806747335
1018,9,156,204.4744613908082,-93.26758259942764,44.948306698399925
1019,9,157,204.4563727597068,-93.26720230860185,44.948307588786214
1020,9,158,204.43828412860546,-93.26682201775841,44.94830847790622
1021,9,159,204.4201954975041,-93.26644172689734,44.948309365759904
1022,9,160,204.4021068664027,-93.26606143601863,44.948310252347284
1023,9,161,204.38401823530134,-93.26568114512234,44.94831113766836
1024,9,162,204.3659296042,-93.26530085420848,44.94831202172314
1025,9,163,204.3478409730986,-93.26492056327709,44.94831290451161
1026,9,164,204.32975234199725,-93.26454027232818,44.948313786033786
1027,9,165,204.3116637108959,-93.26415998136177,44.948314666289654
1028,9,166,204.29357507979452,-93.2637796903779,44.94831554527922
1029,9,167,204.27548644869316,-93.2633993993766,44.94831642300248
1030,9,168,204.25739781759182,-93.26301910835787,44.94831729945943
1031,9,169,204.23930918649046,-93.26263881732176,44.94831817465009
1032,9,170,204.22122055538907,-93.26225852626828,44.94831904857444
1033,9,171,204.2031319242877,-93.26187823519744,44.94831992123248
1034,9,172,204.18504329318637,-93.26149794410932,44.94832079262423
1035,9,173,204.16695466208498,-93.2611176530039,44.94832166274967
1036,9,174,204.1488660309836,-93.26073736188121,44.948322531608795
1037,9,175,204.12138737808442,-93.26035707074129,44.94832339920163
1038,9,176,204.03851476608887,-93.25997677958414,44.948324265528136
1039,9,177,203.95564215409337,-93.25959648840981,44.94832513058836
1040,9,178,203.8727695420978,-93.25921619721832,44.94832599438227
1041,9,179,203.7898969301023,-93.2588359060097,44.94832685690988
1042,9,180,203.70702431810676,-93.25845561478394,44.948327718171186
1043,9,181,203.62415170611123,-93.25807532354112,44.948328578166176
1044,9,182,203.54127909411568,-93.25769503228122,44.948329436894866
1045,9,183,203.45840648212013,-93.25731474100428,44.94833029435725
1046,9,184,203.37553387012463,-93.25693444971034,44.94833115055332
1047,9,185,203.29266125812907,-93.25655415839941,44.948332005483095
1048,9,186,203.20978864613352,-93.25617386707151,44.94833285914656
1049,9,187,203.12691603413802,-93.25579357572667,44.948333711543725
1050,9,188,203.04404342214247,-93.25541328436492,44.948334562674574
1051,9,189,202.9611708101469,-93.2550329929863,44.948335412539116
1052,9,190,202.8782981981514,-93.25465270159081,44.94833626113735
1053,9,191,202.79542558615586,-93.25427241017847,44.94833710846928
1054,9,192,202.71255297416033,-93.25389211874932,44.9483379545349
1055,9,193,202.62968036216478,-93.2535118273034,44.94833879933422
1056,9,194,202.54680775016928,-93.25313153584071,44.94833964286723
1057,9,195,202.46393513817372,-93.25275124436128,44.948340485133926
1058,9,196,202.38106252617817,-93.25237095286515,44.94834132613431
1059,9,197,202.29818991418267,-93.25199066135232,44.948342165868404
1060,9,198,202.21531730218712,-93.25161036982283,44.94834300433618
1061,9,199,202.13244469019156,-93.2512300782767,44.94834384153764
1062,9,200,202.049572078196,-93.25084978671399,44.948344677472804
1063,9,201,201.9666994662005,-93.25046949513467,44.94834551214165
1064,9,202,202.80269580817853,-93.25008920353879,44.948346345544195
1065,9,203,204.23817542306253,-93.24970891192638,44.94834717768043
1066,9,204,205.67365503794653,-93.24932862029746,44.94834800855035
1067,9,205,207.10913465283053,-93.24894832865205,44.94834883815396
1068,9,206,208.5446142677145,-93.24856803699018,44.94834966649127
1069,9,207,210.64030569661512,-93.24818774531188,44.94835049356226
1070,9,208,214.6453239397822,-93.24780745361718,44.94835131936695
1071,9,209,218.65552001268782,-93.24742716190607,44.948352143905325
1072,9,210,222.66571608559335,-93.24704687017864,44.948352967177385
1073,9,211,227.79989765191664,-93.24666657843484,44.948353789183145
1074,9,212,236.5475387415442,-93.24628628667475,44.94835460992259
1075,9,213,248.38830172611225,-93.24590599489838,44.948355429395725
1076,9,214,260.79566448960196,-93.24552570310574,44.948356247602554
1077,9,215,273.20302725309165,-93.24514541129685,44.948357064543046
1078,9,216,285.61039001658133,-93.24476511947178,44.948357880217266
1079,9,217,298.01775278007096,-93.24438482763051,44.94835869462515
1080,9,218,310.4256758766089,-93.2440045357731,44.94835950776673
1081,9,219,324.0361628341144,-93.24362424389955,44.948360319642006
1082,9,220,339.75692694198887,-93.24324395200989,44.94836113025096
1083,10,0,315.1895165859048,-93.32690926859196,44.94842234697475
1084,10,1,285.2270818084526,-93.3265289790469,44.94842343491231
1085,10,2,255.273471062457,-93.32614868948026,44.94842452158358
1086,10,3,225.33220333450876,-93.32576839989206,44.948425606988565
1087,10,4,195.40895243282418,-93.32538811028232,44.94842669112725
1088,10,5,165.51349045380886,-93.32500782065105,44.94842777399967
1089,10,6,135.66418965044687,-93.32462753099831,44.9484288556058
1090,10,7,105.90009057985623,-93.32424724132409,44.948429935945626
1091,10,8,76.3209408755624,-93.32386695162845,44.948431015019175
1092,10,9,47.27518215131943,-93.32348666191139,44.94843209282643
1093,10,10,21.095015495366923,-93.32310637217294,44.9484331693674
1094,10,11,15.046175591226126,-93.32272608241313,44.94843424464209
1095,10,12,32.38862399442682,-93.32234579263196,44.94843531865047
1096,10,13,53.121988006647335,-93.3219655028295,44.94843639139257
1097,10,14,73.85535201886786,-93.32158521300576,44.948437462868384
1098,10,15,94.58871603108838,-93.32120492316075,44.948438533077905
1099,10,16,115.32208004330889,-93.3208246332945,44.94843960202114
1100,10,17,136.05544405552942,-93.32044434340705,44.94844066969808
1101,10,18,156.78880806774993,-93.3200640534984,44.948441736108734
1102,10,19,175.71613361920384,-93.31968376356859,44.9484428012531
1103,10,20,190.28542155467807,-93.31930347361765,44.948443865131175
1104,10,21,204.85470949015235,-93.31892318364558,44.948444927742955
1105,10,22,219.4239974256266,-93.31854289365243,44.94844598908845
1106,10,23,232.82982513283469,-93.31816260363824,44.948447049167655
1107,10,24,243.3836401575062,-93.317782313603,44.94844810798056
1108,10,25,253.93745518217767,-93.31740202354676,44.94844916552718
1109,10,26,264.49127020684915,-93.31702173346952,44.94845022180751
1110,10,27,270.658986277847,-93.31664144337132,44.94845127682155
1111,10,28,275.43078605377934,-93.3162611532522,44.94845233056929
1112,10,29,280.2025858297117,-93.31588086311217,44.94845338305075
1113,10,30,284.6341868958364,-93.31550057295124,44.948454434265905
1114,10,31,284.50706939290603,-93.31512028276946,44.94845548421477
1115,10,32,284.3799518899756,-93.31473999256683,44.94845653289735
1116,10,33,281.83732164346213,-93.3143597023434,44.94845758031363
1117,10,34,278.89003970390013,-93.3139794120992,44.94845862646362
1118,10,35,275.9427577643381,-93.31359912183422,44.94845967134732
1119,10,36,272.9954758247762,-93.31321883154851,44.948460714964725
1120,10,37,270.0481938852141,-93.3128385412421,44.94846175731583
1121,10,38,267.1009119456522,-93.312458250915,44.94846279840065
1122,10,39,264.1536300060902,-93.31207796056724,44.94846383821917
1123,10,40,261.2063480665282,-93.31169767019885,44.948464876771396
1124,10,41,258.2590661269663,-93.31131737980985,44.94846591405734
1125,10,42,255.31178418740427,-93.31093708940027,44.94846695007698
1126,10,43,252.3645022478423,-93.31055679897013,44.94846798483032
1127,10,44,249.41722030828035,-93.31017650851946,44.94846901831737
1128,10,45,246.46993836871835,-93.30979621804828,44.94847005053812
1129,10,46,243.52265642915637,-93.30941592755661,44.948471081492585
1130,10,47,240.57537448959442,-93.30903563704447,44.94847211118075
1131,10,48,237.63386878174964,-93.30865534651193,44.948473139602626
1132,10,49,234.71494822024817,-93.30827505595897,44.948474166758196
1133,10,50,231.79602765874668,-93.30789476538563,44.948475192647464
1134,10,51,228.8771070972452,-93.30751447479192,44.94847621727045
1135,10,52,225.95818653574372,-93.3071341841779,44.94847724062714
1136,10,53,223.0392659742422,-93.30675389354356,44.94847826271753
1137,10,54,220.1203454127407,-93.30637360288893,44.94847928354163
1138,10,55,217.2014248512392,-93.30599331221406,44.948480303099416
1139,10,56,214.28250428973774,-93.30561302151895,44.948481321390915
1140,10,57,211.36358372823625,-93.30523273080362,44.94848233841611
1141,10,58,208.44466316673473,-93.30485244006813,44.94848335417502
1142,10,59,205.52574260523323,-93.30447214931249,44.948484368667636
1143,10,60,202.60682204373177,-93.30409185853671,44.94848538189394
1144,10,61,199.68790148223027,-93.30371156774082,44.94848639385395
1145,10,62,196.76898092072878,-93.30333127692485,44.94848740454767
1146,10,63,193.85006035922726,-93.30295098608883,44.94848841397508
1147,10,64,190.9311397977258,-93.30257069523277,44.9484894221362
1148,10,65,188.0122192362243,-93.30219040435672,44.94849042903101
1149,10,66,185.0932986747228,-93.30181011346069,44.948491434659545
1150,10,67,182.17437811322134,-93.30142982254468,44.94849243902176
1151,10,68,179.84161211430404,-93.30104953160875,44.94849344211769
1152,10,69,179.64275956821362,-93.30066924065294,44.94849444394731
1153,10,70,179.45360822085604,-93.30028894967724,44.948495444510634
1154,10,71,179.26445687349846,-93.29990865868167,44.94849644380765
1155,10,72,179.07530552614088,-93.29952836766628,44.94849744183838
1156,10,73,178.8861541787833,-93.29914807663108,44.94849843860281
1157,10,74,178.69700283142572,-93.29876778557612,44.948499434100924
1158,10,75,178.50785148406814,-93.2983874945014,44.94850042833276
1159,10,76,178.31870013671056,-93.29800720340695,44.948501421298275
1160,10,77,178.12954878935298,-93.29762691229278,44.9485024129975
1161,10,78,177.9403974419954,-93.29724662115896,44.948503403430415
1162,10,79,177.75124609463782,-93.29686633000546,44.94850439259703
1163,10,80,177.56209474728024,-93.29648603883234,44.94850538049736
1164,10,81,177.37294339992266,-93.29610574763963,44.94850636713138
1165,10,82,177.18379205256508,-93.29572545642733,44.9485073524991
1166,10,83,176.9946407052075,-93.2953451651955,44.94850833660051
1167,10,84,176.80548935784992,-93.29496487394411,44.94850931943563
1168,10,85,176.61633801049234,-93.29458458267324,44.94851030100444
1169,10,86,176.42718666313476,-93.29420429138288,44.94851128130694
1170,10,87,176.23803531577718,-93.29382400007307,44.94851226034316
1171,10,88,176.0488839684196,-93.29344370874384,44.94851323811305
1172,10,89,175.85973262106202,-93.2930634173952,44.94851421461666
1173,10,90,175.67058127370444,-93.2926831260272,44.94851518985396
1174,10,91,175.48142992634686,-93.29230283463983,44.948516163824955
1175,10,92,175.27778773863477,-93.29192254323314,44.94851713652964
1176,10,93,175.07109973082518,-93.29154225180714,44.948518107968034
1177,10,94,174.8644117230156,-93.29116196036189,44.94851907814013
1178,10,95,174.65772371520603,-93.29078166889738,44.94852004704591
1179,10,96,174.45103570739644,-93.29040137741363,44.948521014685376
1180,10,97,174.24434769958688,-93.2900210859107,44.94852198105856
1181,10,98,174.0376596917773,-93.28964079438857,44.948522946165426
1182,10,99,173.83097168396773,-93.2892605028473,44.948523910005996
1183,10,100,173.62428367615817,-93.28888021128691,44.94852487258026
1184,10,101,173.41759566834858,-93.28849991970742,44.948525833888205
1185,10,102,173.21090766053902,-93.28811962810886,44.94852679392986
1186,10,103,173.00421965272943,-93.28773933649124,44.9485277527052
1187,10,104,172.79753164491987,-93.28735904485458,44.94852871021425
1188,10,105,172.59084363711028,-93.28697875319895,44.94852966645698
1189,10,106,172.38415562930072,-93.28659846152435,44.94853062143341
1190,10,107,172.17746762149113,-93.28621816983078,44.948531575143534
1191,10,108,171.97077961368157,-93.28583787811829,44.94853252758735
1192,10,109,171.76409160587198,-93.2854575863869,44.948533478764865
1193,10,110,171.55740359806242,-93.28507729463664,44.94853442867607
1194,10,111,171.35071559025283,-93.28469700286753,44.94853537732097
1195,10,112,171.14402758244324,-93.2843167110796,44.948536324699575
1196,10,113,170.93733957463368,-93.28393641927288,44.94853727081185
1197,10,114,170.73065156682412,-93.28355612744737,44.94853821565783
1198,10,115,170.52396355901456,-93.28317583560312,44.9485391592375
1199,10,116,170.31727555120497,-93.28279554374014,44.948540101550876
1200,10,117,170.1105875433954,-93.28241525185848,44.94854104259793
1201,10,118,169.90389953558582,-93.28203495995814,44.94854198237868
1202,10,119,169.69721152777623,-93.28165466803914,44.948542920893125
1203,10,120,169.49052351996667,-93.28127437610154,44.94854385814125
1204,10,121,169.36695539465626,-93.28089408414532,44.94854479412308
1205,10,122,169.6531108975104,-93.28051379217052,44.948545728838596
1206,10,123,169.93926640036452,-93.2801335001772,44.948546662287804
1207,10,124,170.22542190321866,-93.27975320816536,44.94854759447071
1208,10,125,170.51157740607277,-93.279372916135,44.94854852538729
1209,10,126,170.7977329089269,-93.2789926240862,44.948549455037586
1210,10,127,171.08388841178103,-93.27861233201892,44.948550383421555
1211,10,128,171.37004391463518,-93.27823203993324,44.948551310539216
1212,10,129,171.65619941748926,-93.27785174782916,44.94855223639057
1213,10,130,171.9423549203434,-93.2774714557067,44.94855316097562
1214,10,131,172.22851042319755,-93.27709116356591,44.94855408429436
1215,10,132,172.51466592605163,-93.2767108714068,44.94855500634678
1216,10,133,172.80082142890578,-93.27633057922938,44.948555927132894
1217,10,134,173.08697693175992,-93.27595028703371,44.94855684665271
1218,10,135,173.37313243461404,-93.27556999481976,44.948557764906205
1219,10,136,173.65928793746815,-93.27518970258761,44.94855868189338
1220,10,137,173.9454434403223,-93.27480941033727,44.948559597614256
1221,10,138,174.23159894317644,-93.27442911806877,44.948560512068816
1222,10,139,174.51775444603055,-93.2740488257821,44.948561425257076
1223,10,140,174.57040842908725,-93.27366853347733,44.94856233717901
1224,10,141,174.57040842916794,-93.27328824115446,44.94856324783465
1225,10,142,174.57040842924866,-93.27290794881353,44.94856415722396
1226,10,143,174.57040842932935,-93.27252765645454,44.948565065346976
1227,10,144,174.57040842941004,-93.27214736407754,44.94856597220367
1228,10,145,174.57040842949073,-93.27176707168255,44.94856687779404
1229,10,146,174.57040842957142,-93.27138677926958,44.94856778211812
1230,10,147,174.5704084296521,-93.27100648683867,44.94856868517587
1231,10,148,174.5704084297328,-93.27062619438985,44.948569586967324
1232,10,149,174.5704084298135,-93.27024590192312,44.94857048749246
1233,10,150,174.5704084298942,-93.26986560943854,44.948571386751276
1234,10,151,174.5649099996251,-93.2694853169361,44.9485722847438
1235,10,152,174.54682136852372,-93.26910502441585,44.94857318146998
1236,10,153,174.52873273742236,-93.26872473187782,44.94857407692986
1237,10,154,174.510644106321,-93.26834443932202,44.948574971123435
1238,10,155,174.4925554752196,-93.26796414674847,44.94857586405068
1239,10,156,174.47446684411827,-93.26758385415721,44.948576755711635
1240,10,157,174.45637821301688,-93.26720356154824,44.94857764610626
1241,10,158,174.43828958191554,-93.26682326892161,44.948578535234574
1242,10,159,174.42020095081418,-93.26644297627736,44.94857942309656
1243,10,160,174.40211231971278,-93.26606268361547,44.948580309692254
1244,10,161,174.38402368861145,-93.26568239093599,44.94858119502162
1245,10,162,174.36593505751006,-93.26530209823895,44.94858207908468
1246,10,163,174.3478464264087,-93.26492180552437,44.948582961881414
1247,10,164,174.32975779530736,-93.26454151279228,44.94858384341184
1248,10,165,174.31166916420597,-93.26416122004268,44.94858472367595
1249,10,166,174.29358053310463,-93.26378092727563,44.948585602673745
1250,10,167,174.27549190200324,-93.26340063449113,44.94858648040523
1251,10,168,174.25740327090188,-93.26302034168923,44.94858735687039
1252,10,169,174.2393146398005,-93.26264004886993,44.94858823206924
1253,10,170,174.22122600869915,-93.26225975603327,44.948589106001776
1254,10,171,174.2031373775978,-93.26187946317926,44.948589978668004
1255,10,172,174.18504874649642,-93.26149917030794,44.948590850067895
1256,10,173,174.16696011539506,-93.26111887741934,44.94859172020147
1257,10,174,174.1488714842937,-93.26073858451346,44.948592589068745
1258,10,175,174.12150184279977,-93.26035829159035,44.94859345666969
1259,10,176,174.03862923080425,-93.25997799865003,44.94859432300432
1260,10,177,173.95575661880872,-93.2595977056925,44.94859518807265
1261,10,178,173.87288400681317,-93.25921741271782,44.948596051874645
1262,10,179,173.79001139481764,-93.25883711972601,44.94859691441033
1263,10,180,173.7071387828221,-93.25845682671708,44.9485977756797
1264,10,181,173.62426617082656,-93.25807653369104,44.94859863568274
1265,10,182,173.54139355883103,-93.25769624064797,44.948599494419476
1266,10,183,173.45852094683548,-93.25731594758784,44.948600351889894
1267,10,184,173.37564833483995,-93.2569356545107,44.94860120809397
1268,10,185,173.2927757228444,-93.25655536141659,44.94860206303176
1269,10,186,173.20990311084887,-93.2561750683055,44.948602916703216
1270,10,187,173.12703049885334,-93.25579477517748,44.94860376910835
1271,10,188,173.04415788685782,-93.25541448203253,44.94860462024717
1272,10,189,172.9612852748623,-93.25503418887072,44.94860547011968
1273,10,190,172.87841266286674,-93.25465389569203,44.94860631872586
1274,10,191,172.7955400508712,-93.25427360249651,44.94860716606572
1275,10,192,172.71266743887568,-93.25389330928417,44.94860801213927
1276,10,193,172.62979482688013,-93.25351301605505,44.948608856946485
1277,10,194,172.5469222148846,-93.25313272280917,44.948609700487395
1278,10,195,172.46404960288905,-93.25275242954655,44.94861054276199
1279,10,196,172.38117699089352,-93.25237213626721,44.948611383770256
1280,10,197,172.298304378898,-93.2519918429712,44.9486122235122
1281,10,198,172.21543176690244,-93.25161154965852,44.94861306198783
1282,10,199,172.13255915490691,-93.2512312563292,44.948613899197134
1283,10,200,172.0496865429114,-93.2508509629833,44.94861473514012
1284,10,201,171.96681393091586,-93.25047066962078,44.94861556981679
1285,10,202,172.83705885056904,-93.2500903762417,44.948616403227135
1286,10,203,174.27253846545304,-93.2497100828461,44.94861723537115
1287,10,204,175.70801808033704,-93.24932978943399,44.948618066248855
1288,10,205,177.14349769522101,-93.24894949600538,44.948618895860236
1289,10,206,178.578977310105,-93.24856920256032,44.9486197242053
1290,10,207,180.90436387640958,-93.24818890909881,44.94862055128403
1291,10,208,184.91455994931516,-93.24780861562091,44.94862137709646
1292,10,209,188.92475602222072,-93.24742832212662,44.94862220164254
1293,10,210,192.93495209512633,-93.24704802861598,44.94862302492233
1294,10,211,198.73492278363315,-93.24666773508899,44.94862384693577
1295,10,212,208.70437045801242,-93.24628744154569,44.94862466768291
1296,10,213,221.0742513260861,-93.24590714798612,44.94862548716371
1297,10,214,233.48161408957577,-93.24552685441029,44.94862630537819
1298,10,215,245.8889768530655,-93.24514656081821,44.94862712232636
1299,10,216,258.29633961655514,-93.24476626720994,44.948627938008194
1300,10,217,270.70370238004483,-93.24438597358547,44.94862875242372
1301,10,218,283.4092480304481,-93.24400567994486,44.948629565572915
1302,10,219,298.25515326644614,-93.2436253862881,44.94863037745577
1303,10,220,315.26412899471853,-93.24324509261524,44.948631188072326
1304,10,221,333.5955706477103,-93.2428647989263,44.94863199742256
1305,11,0,315.1895165859048,-93.32691080151542,44.94869240282779
1306,11,1,285.2270818084526,-93.32653051018723,44.94869349077553
1307,11,2,255.273471062457,-93.32615021883741,44.94869457745698
1308,11,3,225.33220333450876,-93.32576992746606,44.94869566287213
1309,11,4,195.40895243282418,-93.32538963607315,44.94869674702098
1310,11,5,165.51349045380886,-93.32500934465874,44.94869782990353
1311,11,6,135.66418965044687,-93.32462905322284,44.94869891151978
1312,11,7,105.90009057985623,-93.32424876176546,44.94869999186974
1313,11,8,76.3209408755624,-93.32386847028665,44.94870107095337
1314,11,9,47.27518215131943,-93.32348817878645,44.94870214877073
1315,11,10,21.064913255254332,-93.32310788726484,44.94870322532178
1316,11,11,0.0,-93.32272759572187,44.948704300606515
1317,11,12,10.70619754495491,-93.32234730415756,44.94870537462497
1318,11,13,31.439561557175427,-93.32196701257195,44.94870644737711
1319,11,14,52.17292556939594,-93.32158672096504,44.94870751886296
1320,11,15,72.90628958161646,-93.32120642933687,44.9487085890825
1321,11,16,93.639653593837,-93.32082613768746,44.94870965803575
1322,11,17,114.3730176060575,-93.32044584601685,44.948710725722684
1323,11,18,134.9221274001475,-93.32006555432503,44.948711792143335
1324,11,19,149.49141533562172,-93.31968526261207,44.948712857297664
1325,11,20,164.060703271096,-93.31930497087797,44.94871392118571
1326,11,21,178.62999120657025,-93.31892467912274,44.948714983807434
1327,11,22,193.19927914204453,-93.31854438734644,44.94871604516286
1328,11,23,204.74749993663667,-93.31816409554908,44.94871710525199
1329,11,24,215.30131496130818,-93.31778380373068,44.94871816407482
1330,11,25,225.8551299859797,-93.31740351189126,44.94871922163134
1331,11,26,236.26911892655764,-93.31702322003086,44.948720277921566
1332,11,27,241.04091870249002,-93.3166429281495,44.948721332945475
1333,11,28,245.8127184784224,-93.31626263624722,44.94872238670308
1334,11,29,250.58451825435478,-93.31588234432401,44.948723439194396
1335,11,30,254.63445621137112,-93.31550205237993,44.9487244904194
1336,11,31,254.50733870844073,-93.31512176041498,44.9487255403781
1337,11,32,254.38022120551034,-93.31474146842919,44.94872658907049
1338,11,33,251.98244718101066,-93.3143611764226,44.94872763649658
1339,11,34,249.0351652414487,-93.31398088439522,44.948728682656366
1340,11,35,246.0878833018867,-93.31360059234709,44.94872972754985
1341,11,36,243.14060136232473,-93.3132203002782,44.948730771177026
1342,11,37,240.19331942276276,-93.31284000818863,44.94873181353789
1343,11,38,237.24603748320078,-93.31245971607837,44.94873285463246
1344,11,39,234.29875554363883,-93.31207942394742,44.94873389446072
1345,11,40,231.35147360407683,-93.31169913179588,44.94873493302266
1346,11,41,228.40419166451485,-93.31131883962371,44.94873597031831
1347,11,42,225.4569097249529,-93.31093854743095,44.948737006347656
1348,11,43,222.5096277853909,-93.31055825521764,44.948738041110694
1349,11,44,219.56234584582893,-93.3101779629838,44.94873907460742
1350,11,45,216.61506390626698,-93.30979767072945,44.94874010683783
1351,11,46,213.66778196670498,-93.30941737845461,44.94874113780196
1352,11,47,210.720500027143,-93.30903708615932,44.94874216749976
1353,11,48,207.77620807707214,-93.3086567938436,44.94874319593125
1354,11,49,204.85728751557068,-93.30827650150746,44.94874422309645
1355,11,50,201.93836695406918,-93.30789620915095,44.94874524899533
1356,11,51,199.01944639256766,-93.30751591677408,44.94874627362792
1357,11,52,196.10052583106616,-93.30713562437687,44.94874729699417
1358,11,53,193.1816052695647,-93.30675533195937,44.948748319094136
1359,11,54,190.2626847080632,-93.30637503952157,44.948749339927794
1360,11,55,187.3437641465617,-93.30599474706352,44.94875035949513
1361,11,56,184.4248435850602,-93.30561445458524,44.94875137779616
1362,11,57,181.50592302355872,-93.30523416208675,44.94875239483089
1363,11,58,178.58700246205723,-93.30485386956808,44.94875341059931
1364,11,59,175.66808190055573,-93.30447357702926,44.948754425101406
1365,11,60,172.74916133905427,-93.3040932844703,44.94875543833721
1366,11,61,169.83024077755275,-93.30371299189123,44.9487564503067
1367,11,62,166.91132021605125,-93.30333269929208,44.948757461009876
1368,11,63,163.99239965454976,-93.3029524066729,44.94875847044674
1369,11,64,161.0734790930483,-93.30257211403367,44.9487594786173
1370,11,65,158.1545585315468,-93.30219182137442,44.94876048552154
1371,11,66,155.23563797004527,-93.30181152869521,44.94876149115948
1372,11,67,152.3167174085438,-93.30143123599605,44.94876249553111
1373,11,68,149.84662798095616,-93.30105094327695,44.948763498636424
1374,11,69,149.64335587801014,-93.30067065053795,44.948764500475434
1375,11,70,149.45420453065256,-93.30029035777906,44.94876550104813
1376,11,71,149.26505318329498,-93.29991006500032,44.94876650035451
1377,11,72,149.0759018359374,-93.29952977220175,44.948767498394574
1378,11,73,148.88675048857982,-93.29914947938339,44.94876849516833
1379,11,74,148.69759914122224,-93.29876918654523,44.94876949067577
1380,11,75,148.50844779386466,-93.29838889368733,44.948770484916906
1381,11,76,148.31929644650708,-93.2980086008097,44.948771477891725
1382,11,77,148.1301450991495,-93.29762830791236,44.94877246960023
1383,11,78,147.94099375179192,-93.29724801499535,44.94877346004244
1384,11,79,147.75184240443434,-93.29686772205868,44.94877444921832
1385,11,80,147.56269105707676,-93.29648742910237,44.94877543712788
1386,11,81,147.37353970971918,-93.29610713612647,44.94877642377114
1387,11,82,147.1843883623616,-93.29572684313099,44.948777409148086
1388,11,83,146.99523701500402,-93.29534655011595,44.94877839325872
1389,11,84,146.80608566764644,-93.2949662570814,44.94877937610304
1390,11,85,146.61693432028886,-93.29458596402735,44.94878035768104
1391,11,86,146.42778297293128,-93.29420567095382,44.94878133799273
1392,11,87,146.2386316255737,-93.29382537786081,44.9487823170381
1393,11,88,146.04948027821612,-93.2934450847484,44.94878329481716
1394,11,89,145.86032893085854,-93.29306479161657,44.948784271329906
1395,11,90,145.671177583501,-93.29268449846539,44.948785246576335
1396,11,91,145.4820262361434,-93.29230420529483,44.94878622055645
1397,11,92,145.2784997459602,-93.29192391210496,44.94878719327025
1398,11,93,145.07181173815064,-93.29154361889579,44.94878816471773
1399,11,94,144.86512373034105,-93.29116332566733,44.9487891348989
1400,11,95,144.6584357225315,-93.29078303241963,44.948790103813764
1401,11,96,144.4517477147219,-93.2904027391527,44.948791071462296
1402,11,97,144.24505970691231,-93.29002244586657,44.94879203784452
1403,11,98,144.03837169910275,-93.28964215256127,44.94879300296042
1404,11,99,143.83168369129316,-93.28926185923682,44.94879396681002
1405,11,100,143.6249956834836,-93.28888156589322,44.9487949293933
1406,11,101,143.41830767567401,-93.28850127253055,44.94879589071025
1407,11,102,143.21161966786448,-93.28812097914879,44.94879685076089
1408,11,103,143.0049316600549,-93.28774068574798,44.94879780954521
1409,11,104,142.7982436522453,-93.28736039232815,44.94879876706322
1410,11,105,142.59155564443574,-93.28698009888933,44.94879972331491
1411,11,106,142.38486763662615,-93.28659980543152,44.94880067830028
1412,11,107,142.1781796288166,-93.28621951195477,44.94880163201934
1413,11,108,141.971491621007,-93.28583921845907,44.94880258447207
1414,11,109,141.76480361319744,-93.2854589249445,44.94880353565849
1415,11,110,141.55811560538785,-93.28507863141105,44.9488044855786
1416,11,111,141.3514275975783,-93.28469833785876,44.94880543423237
1417,11,112,141.1447395897687,-93.28431804428763,44.948806381619846
1418,11,113,140.93805158195912,-93.2839377506977,44.94880732774099
1419,11,114,140.73136357414955,-93.283557457089,44.94880827259581
1420,11,115,140.52467556633997,-93.28317716346157,44.94880921618432
1421,11,116,140.31798755853043,-93.2827968698154,44.948810158506504
1422,11,117,140.11129955072084,-93.28241657615054,44.94881109956238
1423,11,118,139.90461154291128,-93.282036282467,44.94881203935193
1424,11,119,139.6979235351017,-93.28165598876481,44.94881297787515
1425,11,120,139.4912355272921,-93.28127569504402,44.94881391513206
1426,11,121,139.36832017523025,-93.2808954013046,44.948814851122656
1427,11,122,139.6544756780844,-93.28051510754663,44.94881578584692
1428,11,123,139.9406311809385,-93.2801348137701,44.94881671930487
1429,11,124,140.22678668379265,-93.27975451997504,44.948817651496505
1430,11,125,140.51294218664677,-93.27937422616151,44.9488185824218
1431,11,126,140.79909768950088,-93.27899393232948,44.94881951208079
1432,11,127,141.08525319235503,-93.27861363847903,44.94882044047347
1433,11,128,141.37140869520917,-93.27823334461014,44.94882136759981
1434,11,129,141.65756419806326,-93.27785305072287,44.94882229345984
1435,11,130,141.9437197009174,-93.27747275681723,44.94882321805353
1436,11,131,142.22987520377154,-93.27709246289322,44.948824141380925
1437,11,132,142.51603070662566,-93.27671216895091,44.94882506344199
1438,11,133,142.80218620947977,-93.27633187499029,44.94882598423672
1439,11,134,143.08834171233391,-93.27595158101143,44.94882690376513
1440,11,135,143.37449721518806,-93.27557128701429,44.94882782202722
1441,11,136,143.66065271804214,-93.27519099299894,44.948828739023
1442,11,137,143.9468082208963,-93.2748106989654,44.948829654752444
1443,11,138,144.23296372375043,-93.27443040491367,44.94883056921558
1444,11,139,144.51911922660454,-93.27405011084383,44.94883148241238
1445,11,140,144.57040842908725,-93.27366981675584,44.948832394342865
1446,11,141,144.57040842916794,-93.27328952264978,44.94883330500701
1447,11,142,144.57040842924863,-93.27290922852563,44.94883421440485
1448,11,143,144.57040842932932,-93.27252893438346,44.94883512253635
1449,11,144,144.57040842941004,-93.27214864022325,44.94883602940154
1450,11,145,144.57040842949073,-93.27176834604504,44.94883693500041
1451,11,146,144.57040842957142,-93.27138805184887,44.948837839332946
1452,11,147,144.5704084296521,-93.27100775763476,44.94883874239916
1453,11,148,144.5704084297328,-93.27062746340273,44.94883964419905
1454,11,149,144.57040842981348,-93.27024716915281,44.94884054473262
1455,11,150,144.57040842989417,-93.26986687488503,44.948841443999854
1456,11,151,144.56491545293517,-93.26948658059938,44.948842342000766
1457,11,152,144.54682682183378,-93.26910628629594,44.94884323873537
1458,11,153,144.52873819073244,-93.26872599197469,44.94884413420363
1459,11,154,144.51064955963105,-93.26834569763568,44.94884502840557
1460,11,155,144.4925609285297,-93.26796540327892,44.94884592134118
1461,11,156,144.47447229742835,-93.26758510890446,44.948846813010476
1462,11,157,144.45638366632696,-93.2672048145123,44.94884770341344
1463,11,158,144.43829503522562,-93.26682452010246,44.94884859255008
1464,11,159,144.42020640412423,-93.26644422567499,44.94884948042039
1465,11,160,144.4021177730229,-93.2660639312299,44.94885036702437
1466,11,161,144.38402914192153,-93.26568363676722,44.94885125236204
1467,11,162,144.36594051082014,-93.26530334228696,44.94885213643337
1468,11,163,144.3478518797188,-93.26492304778917,44.94885301923838
1469,11,164,144.3297632486174,-93.26454275327386,44.94885390077706
1470,11,165,144.31167461751605,-93.26416245874107,44.94885478104941
1471,11,166,144.2935859864147,-93.26378216419081,44.94885566005543
1472,11,167,144.27549735531332,-93.2634018696231,44.94885653779513
1473,11,168,144.25740872421198,-93.26302157503798,44.94885741426851
1474,11,169,144.2393200931106,-93.26264128043547,44.94885828947555
1475,11,170,144.22123146200923,-93.2622609858156,44.948859163416266
1476,11,171,144.20314283090786,-93.26188069117839,44.948860036090664
1477,11,172,144.1850541998065,-93.26150039652386,44.94886090749872
1478,11,173,144.16696556870517,-93.26112010185204,44.948861777640445
1479,11,174,144.14887693760377,-93.26073980716295,44.948862646515856
1480,11,175,144.12161630751513,-93.26035951245663,44.94886351412492
1481,11,176,144.0387436955196,-93.25997921773309,44.94886438046767
1482,11,177,143.95587108352404,-93.25959892299235,44.94886524554409
1483,11,178,143.87299847152852,-93.25921862823446,44.94886610935417
1484,11,179,143.79012585953296,-93.25883833345942,44.94886697189793
1485,11,180,143.70725324753744,-93.25845803866729,44.94886783317536
1486,11,181,143.6243806355419,-93.25807774385805,44.94886869318647
1487,11,182,143.54150802354638,-93.25769744903175,44.94886955193124
1488,11,183,143.45863541155086,-93.25731715418841,44.948870409409686
1489,11,184,143.3757627995553,-93.25693685932806,44.9488712656218
1490,11,185,143.29289018755978,-93.25655656445073,44.94887212056757
1491,11,186,143.21001757556422,-93.25617626955643,44.948872974247024
1492,11,187,143.1271449635687,-93.25579597464518,44.94887382666014
1493,11,188,143.04427235157317,-93.25541567971705,44.94887467780693
1494,11,189,142.96139973957762,-93.25503538477199,44.94887552768739
1495,11,190,142.8785271275821,-93.2546550898101,44.94887637630153
1496,11,191,142.79565451558653,-93.25427479483136,44.94887722364932
1497,11,192,142.712781903591,-93.2538944998358,44.94887806973079
1498,11,193,142.62990929159548,-93.25351420482346,44.94887891454593
1499,11,194,142.54703667959996,-93.25313390979437,44.94887975809472
1500,11,195,142.46416406760443,-93.25275361474853,44.9488806003772
1501,11,196,142.38129145560887,-93.25237331968599,44.94888144139335
1502,11,197,142.29841884361335,-93.25199302460675,44.94888228114315
1503,11,198,142.21554623161782,-93.25161272951085,44.94888311962663
1504,11,199,142.13267361962227,-93.25123243439832,44.94888395684378
1505,11,200,142.04980100762674,-93.25085213926917,44.94888479279458
1506,11,201,141.9669283956312,-93.25047184412344,44.94888562747906
1507,11,202,142.87142189295952,-93.25009154896115,44.94888646089723
1508,11,203,144.30690150784352,-93.24971125378232,44.94888729304903
1509,11,204,145.74238112272752,-93.249330958587,44.948888123934516
1510,11,205,147.1778607376115,-93.24895066337517,44.94888895355366
1511,11,206,148.6133403524955,-93.24857036814689,44.94888978190648
1512,11,207,151.1735998859425,-93.24819007290216,44.94889060899296
1513,11,208,155.1837959588481,-93.24780977764104,44.94889143481311
1514,11,209,159.19399203175368,-93.24742948236351,44.94889225936693
1515,11,210,163.20662052426337,-93.24704918706965,44.948893082654415
1516,11,211,169.9951343345143,-93.24666889175946,44.94889390467556
1517,11,212,181.3528381625703,-93.24628859643293,44.94889472543038
1518,11,213,193.76020092605995,-93.24590830109013,44.948895544918855
1519,11,214,206.16756368954967,-93.24552800573107,44.948896363141
1520,11,215,218.57492645303932,-93.24514771035578,44.948897180096814
1521,11,216,230.98228921652898,-93.24476741496429,44.94889799578629
1522,11,217,243.3896519800187,-93.2443871195566,44.948898810209435
1523,11,218,257.0554482887274,-93.24400682413275,44.94889962336625
1524,11,219,273.3364923966902,-93.24362652869277,44.948900435256725
1525,11,220,291.50640557855917,-93.24324623323669,44.948901245880855
1526,11,221,309.88161628713556,-93.24286593776452,44.948902055238655
1527,11,222,328.2568269957119,-93.24248564227629,44.948902863330126
1528,11,223,346.6320377042882,-93.24210534677204,44.94890367015526
1529,12,0,318.032123166287,-93.3269123344605,44.94896245866797
1530,12,1,288.36519935138796,-93.32653204134911,44.9489635466259
1531,12,2,258.7750857951265,-93.32615174821615,44.94896463331752
1532,12,3,229.29152156062028,-93.3257714550616,44.94896571874282
1533,12,4,199.96164304909513,-93.32539116188552,44.94896680290182
1534,12,5,170.86461167311117,-93.32501086868793,44.94896788579451
1535,12,6,142.14349212507906,-93.32463057546883,44.948968967420896
1536,12,7,114.08255425270664,-93.32425028222828,44.94897004778096
1537,12,8,87.320593310691,-93.32386998896631,44.94897112687471
1538,12,9,63.44283943724817,-93.32348969568291,44.94897220470216
1539,12,10,41.240050361000236,-93.32310940237812,44.94897328126328
1540,12,11,19.03726128475231,-93.32272910905196,44.9489743565581
1541,12,12,0.0,-93.32234881570447,44.94897543058661
1542,12,13,9.757135107703515,-93.32196852233567,44.9489765033488
1543,12,14,30.49049911992403,-93.32158822894557,44.94897757484467
1544,12,15,51.22386313214455,-93.32120793553422,44.948978645074234
1545,12,16,71.95722714436506,-93.32082764210163,44.9489797140375
1546,12,17,92.69059115658558,-93.32044734864783,44.94898078173442
1547,12,18,108.69740911656541,-93.32006705517283,44.94898184816506
1548,12,19,123.26669705203966,-93.31968676167668,44.94898291332937
1549,12,20,137.8359849875139,-93.3193064681594,44.94898397722737
1550,12,21,152.4052729229882,-93.31892617462098,44.948985039859046
1551,12,22,166.11135971576718,-93.3185458810615,44.94898610122442
1552,12,23,176.6651747404387,-93.31816558748095,44.948987161323466
1553,12,24,187.21898976511017,-93.31778529387937,44.9489882201562
1554,12,25,197.77280478978167,-93.31740500025677,44.94898927772263
1555,12,26,206.6510513512007,-93.31702470661317,44.948990334022746
1556,12,27,211.42285112713304,-93.31664441294862,44.94899138905653
1557,12,28,216.19465090306542,-93.31626411926315,44.94899244282401
1558,12,29,220.96645067899777,-93.31588382555675,44.94899349532518
1559,12,30,224.6347255269058,-93.31550353182948,44.94899454656002
1560,12,31,224.50760802397542,-93.31512323808134,44.94899559652855
1561,12,32,224.38049052104503,-93.31474294431237,44.948996645230764
1562,12,33,222.1275727185593,-93.31436265052258,44.948997692666666
1563,12,34,219.1802907789973,-93.31398235671202,44.94899873883624
1564,12,35,216.23300883943534,-93.31360206288068,44.94899978373952
1565,12,36,213.28572689987337,-93.31322176902862,44.94900082737645
1566,12,37,210.33844496031136,-93.31284147515584,44.949001869747086
1567,12,38,207.39116302074942,-93.31246118126238,44.9490029108514
1568,12,39,204.44388108118744,-93.31208088734826,44.94900395068939
1569,12,40,201.49659914162544,-93.3117005934135,44.94900498926107
1570,12,41,198.5493172020635,-93.31132029945816,44.94900602656643
1571,12,42,195.60203526250152,-93.31094000548221,44.949007062605475
1572,12,43,192.6547533229395,-93.3105597114857,44.9490080973782
1573,12,44,189.70747138337757,-93.31017941746866,44.9490091308846
1574,12,45,186.7601894438156,-93.3097991234311,44.94901016312468
1575,12,46,183.81290750425362,-93.30941882937309,44.949011194098446
1576,12,47,180.86562556469164,-93.3090385352946,44.9490122238059
1577,12,48,177.91854737239464,-93.30865824119569,44.94901325224703
1578,12,49,174.99962681089312,-93.30827794707635,44.949014279421846
1579,12,50,172.08070624939165,-93.30789765293663,44.94901530533033
1580,12,51,169.16178568789016,-93.30751735877656,44.949016329972494
1581,12,52,166.24286512638866,-93.30713706459616,44.949017353348346
1582,12,53,163.3239445648872,-93.30675677039545,44.949018375457875
1583,12,54,160.40502400338568,-93.30637647617446,44.94901939630109
1584,12,55,157.48610344188418,-93.30599618193321,44.949020415877975
1585,12,56,154.5671828803827,-93.30561588767175,44.94902143418855
1586,12,57,151.64826231888122,-93.30523559339005,44.94902245123279
1587,12,58,148.72934175737973,-93.30485529908817,44.949023467010726
1588,12,59,145.81042119587823,-93.30447500476616,44.949024481522336
1589,12,60,142.8915006343767,-93.304094710424,44.94902549476762
1590,12,61,139.97258007287525,-93.30371441606174,44.94902650674657
1591,12,62,137.05365951137375,-93.3033341216794,44.94902751745922
1592,12,63,134.13473894987226,-93.302953827277,44.949028526905536
1593,12,64,131.21581838837076,-93.30257353285457,44.949029535085536
1594,12,65,128.29689782686927,-93.30219323841212,44.949030541999214
1595,12,66,125.37797726536778,-93.30181294394971,44.949031547646555
1596,12,67,122.45905670386628,-93.30143264946733,44.94903255202759
1597,12,68,119.85415464911662,-93.30105235496502,44.9490335551423
1598,12,69,119.6439521878067,-93.30067206044282,44.94903455699068
1599,12,70,119.45480084044912,-93.30029176590074,44.94903555757274
1600,12,71,119.26564949309154,-93.29991147133879,44.94903655688848
1601,12,72,119.07649814573396,-93.29953117675703,44.949037554937895
1602,12,73,118.88734679837638,-93.29915088215544,44.94903855172099
1603,12,74,118.6981954510188,-93.2987705875341,44.94903954723775
1604,12,75,118.50904410366122,-93.29839029289299,44.9490405414882
1605,12,76,118.31989275630364,-93.29800999823213,44.94904153447232
1606,12,77,118.13074140894607,-93.29762970355159,44.94904252619011
1607,12,78,117.94159006158849,-93.29724940885137,44.94904351664158
1608,12,79,117.7524387142309,-93.29686911413151,44.94904450582672
1609,12,80,117.56328736687333,-93.296488819392,44.94904549374555
1610,12,81,117.37413601951575,-93.29610852463288,44.949046480398046
1611,12,82,117.18498467215817,-93.29572822985419,44.94904746578421
1612,12,83,116.99583332480059,-93.29534793505596,44.949048449904055
1613,12,84,116.80668197744302,-93.2949676402382,44.949049432757576
1614,12,85,116.61753063008544,-93.29458734540093,44.94905041434477
1615,12,86,116.42837928272786,-93.29420705054419,44.949051394665645
1616,12,87,116.23922793537028,-93.29382675566798,44.949052373720185
1617,12,88,116.0500765880127,-93.29344646077234,44.9490533515084
1618,12,89,115.86092524065509,-93.29306616585733,44.949054328030286
1619,12,90,115.67177389329751,-93.29268587092292,44.94905530328585
1620,12,91,115.48262254593993,-93.29230557596915,44.94905627727508
1621,12,92,115.27921175328567,-93.29192528099607,44.94905724999799
1622,12,93,115.07252374547608,-93.29154498600369,44.949058221454564
1623,12,94,114.8658357376665,-93.29116469099202,44.94905919164483
1624,12,95,114.65914772985693,-93.29078439596111,44.949060160568756
1625,12,96,114.45245972204735,-93.29040410091096,44.949061128226354
1626,12,97,114.24577171423778,-93.29002380584161,44.94906209461763
1627,12,98,114.0390837064282,-93.2896435107531,44.949063059742564
1628,12,99,113.83239569861863,-93.28926321564543,44.94906402360118
1629,12,100,113.62570769080905,-93.28888292051865,44.94906498619348
1630,12,101,113.41901968299948,-93.28850262537276,44.94906594751943
1631,12,102,113.21233167518989,-93.28812233020777,44.949066907579066
1632,12,103,113.00564366738031,-93.28774203502375,44.94906786637236
1633,12,104,112.79895565957074,-93.28736173982071,44.94906882389933
1634,12,105,112.59226765176119,-93.28698144459867,44.949069780159974
1635,12,106,112.38557964395162,-93.28660114935765,44.949070735154294
1636,12,107,112.17889163614204,-93.28622085409766,44.94907168888228
1637,12,108,111.97220362833247,-93.28584055881878,44.949072641343925
1638,12,109,111.76551562052289,-93.28546026352099,44.94907359253925
1639,12,110,111.5588276127133,-93.28507996820433,44.949074542468246
1640,12,111,111.35213960490373,-93.2846996728688,44.94907549113091
1641,12,112,111.14545159709415,-93.28431937751445,44.94907643852725
1642,12,113,110.93876358928458,-93.28393908214132,44.94907738465726
1643,12,114,110.732075581475,-93.28355878674941,44.949078329520916
1644,12,115,110.52538757366544,-93.28317849133873,44.94907927311827
1645,12,116,110.31869956585587,-93.28279819590935,44.94908021544928
1646,12,117,110.11201155804629,-93.28241790046128,44.949081156513955
1647,12,118,109.9053235502367,-93.28203760499451,44.94908209631232
1648,12,119,109.69863554242713,-93.28165730950911,44.94908303484433
1649,12,120,109.49194753461755,-93.28127701400508,44.94908397211002
1650,12,121,109.36968495580423,-93.28089671848247,44.94908490810936
1651,12,122,109.65584045865836,-93.28051642294126,44.949085842842386
1652,12,123,109.94199596151249,-93.28013612738151,44.94908677630908
1653,12,124,110.22815146436662,-93.27975583180324,44.94908770850944
1654,12,125,110.51430696722075,-93.27937553620647,44.94908863944346
1655,12,126,110.80046247007486,-93.27899524059124,44.94908956911116
1656,12,127,111.086617972929,-93.27861494495755,44.949090497512515
1657,12,128,111.37277347578312,-93.27823464930546,44.94909142464754
1658,12,129,111.65892897863723,-93.27785435363496,44.94909235051624
1659,12,130,111.94508448149138,-93.27747405794608,44.94909327511859
1660,12,131,112.23123998434549,-93.27709376223886,44.949094198454624
1661,12,132,112.51739548719962,-93.27671346651331,44.94909512052431
1662,12,133,112.80355099005375,-93.27633317076948,44.94909604132768
1663,12,134,113.08970649290788,-93.27595287500738,44.9490969608647
1664,12,135,113.37586199576201,-93.27557257922702,44.9490978791354
1665,12,136,113.66201749861614,-93.27519228342845,44.94909879613976
1666,12,137,113.94817300147025,-93.27481198761168,44.94909971187778
1667,12,138,114.2343285043244,-93.27443169177674,44.94910062634946
1668,12,139,114.52048400717851,-93.27405139592365,44.949101539554825
1669,12,140,114.57040842908727,-93.27367110005245,44.949102451493836
1670,12,141,114.57040842916795,-93.27329080416315,44.949103362166525
1671,12,142,114.57040842924863,-93.27291050825579,44.94910427157287
1672,12,143,114.57040842932932,-93.27253021233038,44.94910517971288
1673,12,144,114.57040842941004,-93.27214991638695,44.94910608658657
1674,12,145,114.57040842949071,-93.27176962042552,44.949106992193904
1675,12,146,114.5704084295714,-93.27138932444612,44.94910789653491
1676,12,147,114.57040842965212,-93.27100902844879,44.94910879960958
1677,12,148,114.5704084297328,-93.27062873243352,44.94910970141791
1678,12,149,114.57040842981348,-93.27024843640037,44.94911060195991
1679,12,150,114.57040842989417,-93.26986814034936,44.94911150123557
1680,12,151,114.56492090624525,-93.26948784428049,44.949112399244896
1681,12,152,114.54683227514387,-93.2691075481938,44.94911329598789
1682,12,153,114.52874364404252,-93.26872725208933,44.94911419146454
1683,12,154,114.51065501294114,-93.26834695596708,44.949115085674855
1684,12,155,114.49256638183978,-93.2679666598271,44.94911597861882
1685,12,156,114.4744777507384,-93.26758636366941,44.94911687029647
1686,12,157,114.45638911963705,-93.267206067494,44.94911776070777
1687,12,158,114.4383004885357,-93.26682577130094,44.949118649852736
1688,12,159,114.42021185743432,-93.26644547509024,44.94911953773136
1689,12,160,114.40212322633296,-93.26606517886191,44.94912042434365
1690,12,161,114.38403459523158,-93.26568488261599,44.9491213096896
1691,12,162,114.36594596413023,-93.26530458635251,44.949122193769206
1692,12,163,114.34785733302887,-93.26492429007149,44.94912307658248
1693,12,164,114.3297687019275,-93.26454399377295,44.94912395812941
1694,12,165,114.31168007082614,-93.26416369745691,44.94912483841
1695,12,166,114.29359143972476,-93.26378340112342,44.94912571742427
1696,12,167,114.27550280862341,-93.26340310477248,44.94912659517219
1697,12,168,114.25741417752205,-93.26302280840413,44.94912747165377
1698,12,169,114.23932554642069,-93.26264251201837,44.949128346868996
1699,12,170,114.22123691531932,-93.26226221561528,44.94912922081791
1700,12,171,114.20314828421795,-93.26188191919482,44.949130093500465
1701,12,172,114.1850596531166,-93.26150162275705,44.94913096491668
1702,12,173,114.16697102201522,-93.261121326302,44.94913183506655
1703,12,174,114.14888239091385,-93.26074102982967,44.94913270395009
1704,12,175,114.12173077223046,-93.26036073334011,44.949133571567295
1705,12,176,114.03885816023494,-93.25998043683335,44.949134437918154
1706,12,177,113.95598554823941,-93.25960014030937,44.94913530300267
1707,12,178,113.87311293624387,-93.25921984376825,44.94913616682084
1708,12,179,113.79024032424834,-93.25883954720997,44.94913702937269
1709,12,180,113.70736771225279,-93.25845925063459,44.94913789065818
1710,12,181,113.62449510025726,-93.25807895404212,44.949138750677335
1711,12,182,113.54162248826174,-93.25769865743258,44.94913960943014
1712,12,183,113.45874987626618,-93.257318360806,44.94914046691662
1713,12,184,113.37587726427066,-93.25693806416241,44.94914132313674
1714,12,185,113.29300465227512,-93.25655776750183,44.94914217809053
1715,12,186,113.21013204027959,-93.25617747082428,44.949143031777986
1716,12,187,113.12725942828403,-93.25579717412982,44.94914388419908
1717,12,188,113.04438681628851,-93.25541687741841,44.94914473535384
1718,12,189,112.96151420429298,-93.25503658069015,44.94914558524225
1719,12,190,112.87864159229744,-93.254656283945,44.949146433864335
1720,12,191,112.79576898030192,-93.25427598718301,44.94914728122006
1721,12,192,112.71289636830636,-93.25389569040422,44.94914812730945
1722,12,193,112.63002375631083,-93.25351539360864,44.9491489721325
1723,12,194,112.54715114431531,-93.2531350967963,44.949149815689196
1724,12,195,112.46427853231975,-93.25275479996722,44.94915065797956
1725,12,196,112.38140592032423,-93.25237450312142,44.94915149900357
1726,12,197,112.29853330832869,-93.25199420625894,44.94915233876125
1727,12,198,112.21566069633316,-93.25161390937981,44.949153177252576
1728,12,199,112.13278808433763,-93.25123361248403,44.949154014477564
1729,12,200,112.04991547234208,-93.25085331557165,44.9491548504362
1730,12,201,111.96704286034655,-93.25047301864267,44.94915568512851
1731,12,202,112.90578493535003,-93.25009272169713,44.949156518554446
1732,12,203,114.34126455023402,-93.24971242473505,44.94915735071406
1733,12,204,115.776744165118,-93.24933212775647,44.949158181607324
1734,12,205,117.212223780002,-93.2489518307614,44.94915901123424
1735,12,206,118.647703394886,-93.24857153374988,44.94915983959481
1736,12,207,121.44283589547545,-93.24819123672191,44.949160666689046
1737,12,208,125.45303196838104,-93.24781093967755,44.94916149251693
1738,12,209,129.4632280412866,-93.24743064261679,44.94916231707846
1739,12,210,133.5633825063735,-93.24705034553966,44.94916314037365
1740,12,211,141.77842523107137,-93.2466700484462,44.949163962402494
1741,12,212,154.03878776254413,-93.24628975133645,44.949164783165
1742,12,213,166.4461505260338,-93.2459094542104,44.949165602661154
1743,12,214,178.8535132895235,-93.2455291570681,44.949166420890954
1744,12,215,191.26087605301316,-93.24514885990956,44.94916723785442
1745,12,216,203.66823881650288,-93.2447685627348,44.94916805355154
1746,12,217,216.33046604638452,-93.24438826554388,44.94916886798231
1747,12,218,231.59059808345668,-93.24400796833677,44.94916968114673
1748,12,219,249.41724050940815,-93.24362767111356,44.949170493044804
1749,12,220,267.7924512179845,-93.24324737387423,44.94917130367652
1750,12,221,286.1676619265608,-93.24286707661881,44.94917211304191
1751,12,222,304.54287263513714,-93.24248677934733,44.94917292114094
1752,12,223,322.91808334371353,-93.24210648205981,44.94917372797364
1753,12,224,341.92152333044726,-93.24172618475629,44.94917453353997
1754,12,225,345.2587551799348,-93.2413458874368,44.94917533783996
1755,12,226,339.5344627182261,-93.24096559010134,44.949176140873604
1756,12,227,336.3981193739211,-93.24058529274994,44.94917694264089
1757,12,228,335.92222025830205,-93.24020499538264,44.949177743141846
1758,12,229,338.11799923728336,-93.23982469799947,44.949178542376444
1759,12,230,342.78686280940065,-93.23944440060043,44.94917934034469
1760,12,234,341.4351739440934,-93.23792321084622,44.94918251955421
1761,12,235,333.67031478382023,-93.23754291336827,44.949183311190716
1762,12,236,328.47188605668225,-93.23716261587462,44.949184101560874
1763,12,237,325.96269861954204,-93.23678231836529,44.94918489066468
1764,12,238,326.2048158029473,-93.2364020208403,44.94918567850214
1765,12,239,329.1921670008798,-93.23602172329969,44.94918646507325
1766,12,240,334.8512860605966,-93.23564142574345,44.949187250378
1767,12,241,343.0499741118426,-93.23526112817166,44.94918803441641
1768,13,0,323.6424437023926,-93.3269138674272,44.94923251449528
1769,13,1,294.54114856326225,-93.32653357253261,44.94923360246339
1770,13,2,265.63987846005926,-93.32615327761643,44.949234689165195
1771,13,3,237.0118179745145,-93.32577298267867,44.94923577460067
1772,13,4,208.769391173356,-93.32539268771939,44.94923685876981
1773,13,5,181.09311285138116,-93.32501239273859,44.94923794167264
1774,13,6,154.2879527167057,-93.3246320977363,44.949239023309154
1775,13,7,128.8985228186179,-93.32425180271255,44.94924010367933
1776,13,8,105.82076561924201,-93.32387150766735,44.94924118278319
1777,13,9,83.61797654299409,-93.32349121260074,44.94924226062072
1778,13,10,61.415187466746154,-93.32311091751275,44.94924333719193
1779,13,11,39.21239839049822,-93.32273062240338,44.94924441249682
1780,13,12,17.009609314250294,-93.32235032727269,44.94924548653538
1781,13,13,0.0,-93.32197003212067,44.94924655930761
1782,13,14,8.808072670452121,-93.32158973694737,44.94924763081353
1783,13,15,29.54143668267264,-93.32120944175281,44.94924870105311
1784,13,16,50.27480069489316,-93.32082914653701,44.94924977002637
1785,13,17,67.90340289750905,-93.3204488513,44.94925083773331
1786,13,18,82.4726908329833,-93.32006855604179,44.94925190417392
1787,13,19,97.04197876845755,-93.31968826076243,44.94925296934821
1788,13,20,111.61126670393182,-93.31930796546193,44.94925403325617
1789,13,21,126.18055463940605,-93.31892767014031,44.949255095897804
1790,13,22,138.02903451956917,-93.31854737479762,44.94925615727311
1791,13,23,148.58284954424064,-93.31816707943386,44.94925721738209
1792,13,24,159.13666456891215,-93.31778678404905,44.94925827622474
1793,13,25,169.69047959358363,-93.31740648864324,44.94925933380107
1794,13,26,177.0329837758437,-93.31702619321644,44.949260390111064
1795,13,27,181.80478355177607,-93.31664589776868,44.94926144515474
1796,13,28,186.57658332770842,-93.31626560229998,44.94926249893208
1797,13,29,191.34838310364077,-93.31588530681037,44.9492635514431
1798,13,30,194.63499484244053,-93.31550501129989,44.94926460268779
1799,13,31,194.50787733951012,-93.31512471576853,44.94926565266615
1800,13,32,194.38075983657973,-93.31474442021634,44.949266701378185
1801,13,33,192.2726982561079,-93.31436412464335,44.949267748823885
1802,13,34,189.32541631654593,-93.31398382904955,44.94926879500327
1803,13,35,186.37813437698395,-93.313603533435,44.94926983991631
1804,13,36,183.43085243742198,-93.31322323779972,44.94927088356303
1805,13,37,180.48357049786,-93.31284294214375,44.94927192594342
1806,13,38,177.53628855829803,-93.31246264646707,44.94927296705748
1807,13,39,174.58900661873605,-93.31208235076973,44.94927400690521
1808,13,40,171.64172467917408,-93.31170205505175,44.949275045486615
1809,13,41,168.6944427396121,-93.31132175931317,44.94927608280169
1810,13,42,165.74716080005012,-93.31094146355402,44.949277118850425
1811,13,43,162.79987886048815,-93.31056116777428,44.94927815363285
1812,13,44,159.85259692092617,-93.31018087197403,44.94927918714893
1813,13,45,156.9053149813642,-93.30980057615326,44.94928021939867
1814,13,46,153.95803304180222,-93.30942028031201,44.9492812503821
1815,13,47,151.01075110224025,-93.3090399844503,44.94928228009919
1816,13,48,148.06346916267827,-93.30865968856817,44.949283308549944
1817,13,49,145.14196610621562,-93.30827939266563,44.94928433573437
1818,13,50,142.22304554471413,-93.30789909674267,44.94928536165247
1819,13,51,139.30412498321263,-93.30751880079939,44.94928638630424
1820,13,52,136.38520442171114,-93.30713850483576,44.94928740968966
1821,13,53,133.46628386020964,-93.30675820885183,44.94928843180877
1822,13,54,130.54736329870818,-93.30637791284761,44.94928945266154
1823,13,55,127.62844273720667,-93.30599761682315,44.949290472247974
1824,13,56,124.70952217570519,-93.30561732077844,44.94929149056807
1825,13,57,121.7906016142037,-93.30523702471352,44.949292507621855
1826,13,58,118.8716810527022,-93.30485672862844,44.94929352340929
1827,13,59,115.9527604912007,-93.30447643252319,44.94929453793039
1828,13,60,113.03383992969921,-93.3040961363978,44.94929555118516
1829,13,61,110.11491936819773,-93.30371584025231,44.949296563173604
1830,13,62,107.19599880669624,-93.30333554408675,44.9492975738957
1831,13,63,104.27707824519476,-93.30295524790112,44.949298583351485
1832,13,64,101.35815768369325,-93.30257495169546,44.94929959154092
1833,13,65,98.43923712219177,-93.3021946554698,44.94930059846402
1834,13,66,95.52031656069028,-93.30181435922415,44.949301604120784
1835,13,67,92.60139599918878,-93.30143406295855,44.94930260851122
1836,13,68,89.86670604871222,-93.30105376667302,44.949303611635315
1837,13,69,89.64454849760324,-93.30067347036758,44.94930461349309
1838,13,70,89.45539715024566,-93.30029317404227,44.949305614084516
1839,13,71,89.26624580288808,-93.2999128776971,44.94930661340961
1840,13,72,89.07709445553051,-93.2995325813321,44.94930761146837
1841,13,73,88.88794310817293,-93.2991522849473,44.9493086082608
1842,13,74,88.69879176081535,-93.2987719885427,44.94930960378689
1843,13,75,88.50964041345777,-93.29839169211836,44.94931059804664
1844,13,76,88.3204890661002,-93.2980113956743,44.94931159104006
1845,13,77,88.13133771874261,-93.29763109921053,44.949312582767135
1846,13,78,87.94218637138503,-93.29725080272706,44.94931357322788
1847,13,79,87.75303502402745,-93.29687050622397,44.94931456242228
1848,13,80,87.56388367666987,-93.29649020970122,44.949315550350356
1849,13,81,87.3747323293123,-93.29610991315889,44.949316537012095
1850,13,82,87.18558098195471,-93.29572961659697,44.94931752240749
1851,13,83,86.99642963459713,-93.29534932001549,44.94931850653655
1852,13,84,86.80727828723955,-93.2949690234145,44.94931948939927
1853,13,85,86.61812693988198,-93.29458872679399,44.94932047099566
1854,13,86,86.4289755925244,-93.29420843015401,44.9493214513257
1855,13,87,86.23982424516682,-93.29382813349459,44.94932243038941
1856,13,88,86.05067289780924,-93.2934478368157,44.949323408186785
1857,13,89,85.86152155045164,-93.29306754011745,44.949324384717805
1858,13,90,85.67237020309406,-93.29268724339981,44.94932535998251
1859,13,91,85.48321885573648,-93.2923069466628,44.949326333980856
1860,13,92,85.2799237606111,-93.2919266499065,44.94932730671289
1861,13,93,85.07323575280152,-93.29154635313087,44.94932827817856
1862,13,94,84.86654774499195,-93.29116605633597,44.9493292483779
1863,13,95,84.65985973718237,-93.29078575952181,44.9493302173109
1864,13,96,84.45317172937278,-93.29040546268844,44.94933118497755
1865,13,97,84.24648372156322,-93.29002516583586,44.94933215137788
1866,13,98,84.03979571375365,-93.2896448689641,44.949333116511866
1867,13,99,83.83310770594407,-93.2892645720732,44.949334080379494
1868,13,100,83.6264196981345,-93.28888427516316,44.9493350429808
1869,13,101,83.41973169032492,-93.28850397823403,44.949336004315754
1870,13,102,83.21304368251535,-93.28812368128581,44.94933696438438
1871,13,103,83.00635567470577,-93.28774338431855,44.94933792318666
1872,13,104,82.7996676668962,-93.28736308733227,44.94933888072259
1873,13,105,82.59297965908662,-93.28698279032699,44.94933983699219
1874,13,106,82.38629165127705,-93.28660249330272,44.949340791995446
1875,13,107,82.17960364346747,-93.2862221962595,44.94934174573237
1876,13,108,81.9729156356579,-93.28584189919738,44.94934269820293
1877,13,109,81.76622762784832,-93.28546160211634,44.949343649407176
1878,13,110,81.55953962003875,-93.28508130501643,44.94934459934505
1879,13,111,81.35285161222917,-93.28470100789767,44.9493455480166
1880,13,112,81.1461636044196,-93.28432071076008,44.94934649542181
1881,13,113,80.93947559661002,-93.2839404136037,44.94934744156067
1882,13,114,80.73278758880045,-93.28356011642855,44.94934838643319
1883,13,115,80.52609958099087,-93.28317981923465,44.94934933003937
1884,13,116,80.3194115731813,-93.282799522022,44.94935027237921
1885,13,117,80.11272356537172,-93.28241922479069,44.94935121345271
1886,13,118,79.90603555756216,-93.28203892754067,44.949352153259845
1887,13,119,79.69934754975259,-93.28165863027202,44.94935309180065
1888,13,120,79.492659541943,-93.28127833298475,44.94935402907511
1889,13,121,79.37104973637824,-93.28089803567889,44.94935496508324
1890,13,122,79.65720523923235,-93.28051773835445,44.949355899825015
1891,13,123,79.94336074208648,-93.28013744101145,44.94935683330044
1892,13,124,80.22951624494061,-93.27975714364993,44.949357765509525
1893,13,125,80.51567174779474,-93.27937684626993,44.94935869645227
1894,13,126,80.80182725064886,-93.27899654887143,44.94935962612867
1895,13,127,81.087982753503,-93.27861625145451,44.949360554538714
1896,13,128,81.37413825635711,-93.27823595401915,44.94936148168242
1897,13,129,81.66029375921124,-93.27785565656541,44.94936240755979
1898,13,130,81.94644926206537,-93.27747535909329,44.949363332170805
1899,13,131,82.23260476491949,-93.27709506160282,44.94936425551548
1900,13,132,82.51876026777363,-93.27671476409402,44.9493651775938
1901,13,133,82.80491577062774,-93.27633446656695,44.94936609840578
1902,13,134,83.09107127348187,-93.27595416902159,44.94936701795143
1903,13,135,83.377226776336,-93.27557387145798,44.949367936230715
1904,13,136,83.66338227919013,-93.27519357387615,44.949368853243655
1905,13,137,83.94953778204426,-93.27481327627613,44.94936976899026
1906,13,138,84.23569328489839,-93.27443297865796,44.94937068347051
1907,13,139,84.5218487877525,-93.27405268102162,44.94937159668442
1908,13,140,84.57040842908724,-93.27367238336716,44.949372508631974
1909,13,141,84.57040842916794,-93.2732920856946,44.949373419313176
1910,13,142,84.57040842924863,-93.27291178800398,44.94937432872804
1911,13,143,84.57040842932932,-93.27253149029532,44.94937523687656
1912,13,144,84.57040842941001,-93.27215119256864,44.94937614375874
1913,13,145,84.57040842949071,-93.27177089482396,44.949377049374554
1914,13,146,84.5704084295714,-93.27139059706131,44.94937795372403
1915,13,147,84.57040842965209,-93.27101029928072,44.94937885680716
1916,13,148,84.5704084297328,-93.2706300014822,44.949379758623934
1917,13,149,84.57040842981348,-93.2702497036658,44.949380659174366
1918,13,150,84.57040842989417,-93.26986940583151,44.94938155845844
1919,13,151,84.56492635955533,-93.2694891079794,44.94938245647618
1920,13,152,84.54683772845395,-93.26910881010946,44.94938335322757
1921,13,153,84.52874909735259,-93.26872851222174,44.9493842487126
1922,13,154,84.51066046625122,-93.26834821431623,44.949385142931284
1923,13,155,84.49257183514986,-93.26796791639299,44.94938603588363
1924,13,156,84.4744832040485,-93.26758761845204,44.94938692756961
1925,13,157,84.45639457294713,-93.26720732049337,44.949387817989255
1926,13,158,84.43830594184577,-93.26682702251706,44.949388707142546
1927,13,159,84.4202173107444,-93.26644672452309,44.94938959502948
1928,13,160,84.40212867964304,-93.26606642651153,44.94939048165007
1929,13,161,84.38404004854168,-93.26568612848234,44.94939136700431
1930,13,162,84.36595141744031,-93.2653058304356,44.949392251092206
1931,13,163,84.34786278633895,-93.26492553237132,44.949393133913745
1932,13,164,84.32977415523759,-93.26454523428953,44.94939401546892
1933,13,165,84.31168552413622,-93.26416493619023,44.94939489575776
1934,13,166,84.29359689303486,-93.26378463807347,44.949395774780264
1935,13,167,84.27550826193348,-93.26340433993927,44.949396652536386
1936,13,168,84.25741963083213,-93.26302404178766,44.94939752902617
1937,13,169,84.23933099973077,-93.26264374361867,44.9493984042496
1938,13,170,84.2212423686294,-93.26226344543228,44.94939927820669
1939,13,171,84.20315373752803,-93.26188314722857,44.94940015089741
1940,13,172,84.18506510642666,-93.26150284900754,44.9494010223218
1941,13,173,84.1669764753253,-93.26112255076923,44.94940189247982
1942,13,174,84.14888784422395,-93.26074225251365,44.9494027613715
1943,13,175,84.12184523694583,-93.26036195424082,44.94940362899682
1944,13,176,84.03897262495029,-93.25998165595078,44.9494044953558
1945,13,177,83.95610001295475,-93.25960135764355,44.94940536044841
1946,13,178,83.87322740095921,-93.25922105931916,44.949406224274675
1947,13,179,83.79035478896368,-93.25884076097762,44.94940708683459
1948,13,180,83.70748217696814,-93.25846046261898,44.94940794812815
1949,13,181,83.62460956497262,-93.25808016424325,44.94940880815536
1950,13,182,83.54173695297708,-93.25769986585044,44.949409666916196
1951,13,183,83.45886434098153,-93.2573195674406,44.949410524410716
1952,13,184,83.375991728986,-93.25693926901374,44.94941138063885
1953,13,185,83.29311911699047,-93.2565589705699,44.94941223560065
1954,13,186,83.21024650499494,-93.25617867210909,44.94941308929607
1955,13,187,83.1273738929994,-93.25579837363135,44.949413941725176
1956,13,188,83.04450128100386,-93.2554180751367,44.9494147928879
1957,13,189,82.96162866900832,-93.25503777662516,44.94941564278428
1958,13,190,82.87875605701278,-93.25465747809673,44.9494164914143
1959,13,191,82.79588344501725,-93.2542771795515,44.94941733877796
1960,13,192,82.71301083302173,-93.25389688098942,44.94941818487526
1961,13,193,82.63013822102619,-93.25351658241058,44.94941902970623
1962,13,194,82.54726560903065,-93.25313628381497,44.94941987327083
1963,13,195,82.4643929970351,-93.25275598520261,44.94942071556908
1964,13,196,82.38152038503956,-93.25237568657356,44.94942155660097
1965,13,197,82.29864777304404,-93.25199538792782,44.94942239636651
1966,13,198,82.21577516104851,-93.25161508926541,44.94942323486568
1967,13,199,82.13290254905297,-93.25123479058637,44.94942407209851
1968,13,200,82.05002993705743,-93.2508544918907,44.94942490806498
1969,13,201,81.96715732506189,-93.25047419317846,44.94942574276509
1970,13,202,82.94014797774054,-93.25009389444965,44.949426576198846
1971,13,203,84.37562759262454,-93.2497135957043,44.94942740836625
1972,13,204,85.81110720750853,-93.24933329694245,44.949428239267284
1973,13,205,87.24658682239252,-93.24895299816411,44.94942906890197
1974,13,206,88.6820664372765,-93.24857269936932,44.949429897270306
1975,13,207,91.71207190500839,-93.24819240055808,44.94943072437228
1976,13,208,95.72226797791397,-93.24781210173043,44.94943155020789
1977,13,209,99.73246405081954,-93.24743180288641,44.949432374777146
1978,13,210,104.12470076853411,-93.24705150402602,44.949433198080044
1979,13,211,114.31737459902826,-93.2466712051493,44.949434020116584
1980,13,212,126.72473736251794,-93.24629090625626,44.949434840886774
1981,13,213,139.13210012600763,-93.24591060734693,44.949435660390606
1982,13,214,151.53946288949734,-93.24553030842135,44.94943647862807
1983,13,215,163.946825652987,-93.24515000947954,44.94943729559918
1984,13,216,176.35418841647672,-93.24476971052152,44.94943811130394
1985,13,217,190.14618630301396,-93.2443894115473,44.949438925742335
1986,13,218,207.32807544025704,-93.24400911255694,44.949439738914364
1987,13,219,225.7032861488334,-93.24362881355044,44.94944055082004
1988,13,220,244.07849685740973,-93.24324851452783,44.94944136145936
1989,13,221,262.45370756598606,-93.24286821548914,44.94944217083231
1990,13,222,280.8289182745624,-93.24248791643438,44.94944297893892
1991,13,223,299.5990946258223,-93.2421076173636,44.94944378577917
1992,13,224,319.9763716837682,-93.2417273182768,44.94944459135304
1993,13,225,316.15917347896703,-93.24134701917403,44.949445395660575
1994,13,226,309.89783206705386,-93.2409667200553,44.94944619870173
1995,13,227,306.458332673165,-93.24058642092062,44.94944700047653
1996,13,228,305.93586420975987,-93.24020612177004,44.94944780098498
1997,13,229,308.34525511953154,-93.23982582260359,44.949448600227065
1998,13,230,313.24645903720443,-93.23944552342128,44.94944939820278
1999,13,231,318.48516245808815,-93.23906522422313,44.949450194912146
2000,13,232,325.260956544312,-93.23868492500918,44.94945099035514
2001,13,233,324.00061618558794,-93.23830462577943,44.94945178453178
2002,13,234,312.94456418084826,-93.23792432653394,44.94945257744207
2003,13,235,304.4539393932051,-93.23754402727273,44.94945336908598
2004,13,236,298.7475559293193,-93.23716372799579,44.949454159463535
2005,13,237,295.98649147459776,-93.23678342870319,44.949454948574726
2006,13,238,296.2531081645262,-93.23640312939492,44.94945573641957
2007,13,239,299.53932139010203,-93.23602283007102,44.94945652299804
2008,13,240,305.74778170993034,-93.23564253073151,44.94945730831015
2009,13,241,314.70558778363556,-93.23526223137642,44.949458092355904
2010,13,242,326.1863086396238,-93.23488193200579,44.94945887513529
2011,13,243,339.9344185363469,-93.23450163261961,44.94945965664832
2012,14,0,331.8801460853848,-93.3269154004155,44.94950257030972
2013,14,1,303.5695771927182,-93.32653510373768,44.94950365828804
2014,14,2,275.6166631905173,-93.32615480703828,44.949504745000006
2015,14,3,248.14230163272123,-93.32577451031729,44.94950583044564
2016,14,4,221.32478101399704,-93.32539421357478,44.94950691462494
2017,14,5,195.4346835190803,-93.32501391681075,44.949507997537914
2018,14,6,170.89403837908569,-93.32463362002522,44.949509079184544
2019,14,7,148.19869180123587,-93.32425332321824,44.94951015956484
2020,14,8,125.99590272498793,-93.32387302638982,44.9495112386788
2021,14,9,103.79311364874,-93.32349272953998,44.94951231652643
2022,14,10,81.59032457249207,-93.32311243266875,44.949513393107715
2023,14,11,59.38753549624413,-93.32273213577616,44.94951446842267
2024,14,12,37.18474641999621,-93.32235183886222,44.94951554247129
2025,14,13,14.981957343748274,-93.32197154192698,44.94951661525357
2026,14,14,0.0,-93.32159124497045,44.94951768676951
2027,14,15,7.859010233200729,-93.32121094799264,44.94951875701912
2028,14,16,27.109396678452715,-93.32083065099361,44.94951982600239
2029,14,17,41.67868461392697,-93.32045035397337,44.94952089371933
2030,14,18,56.247972549401226,-93.32007005693193,44.949521960169925
2031,14,19,70.81726048487548,-93.31968975986932,44.94952302535419
2032,14,20,85.38654842034973,-93.3193094627856,44.9495240892721
2033,14,21,99.39289429869964,-93.31892916568074,44.94952515192368
2034,14,22,109.94670932337114,-93.3185488685548,44.94952621330893
2035,14,23,120.50052434804263,-93.3181685714078,44.94952727342783
2036,14,24,131.05433937271414,-93.31778827423976,44.94952833228041
2037,14,25,141.60815439738565,-93.3174079770507,44.94952938986663
2038,14,26,147.41491620048672,-93.31702767984068,44.94953044618652
2039,14,27,152.1867159764191,-93.31664738260967,44.949531501240074
2040,14,28,156.95851575235147,-93.31626708535774,44.949532555027275
2041,14,29,161.73031552828382,-93.31588678808488,44.949533607548155
2042,14,30,164.63526415797523,-93.31550649079115,44.94953465880269
2043,14,31,164.50814665504484,-93.31512619347656,44.94953570879088
2044,14,32,164.38102915211442,-93.31474589614113,44.94953675751273
2045,14,33,162.4178237936565,-93.31436559878489,44.94953780496825
2046,14,34,159.47054185409453,-93.31398530140787,44.94953885115743
2047,14,35,156.52325991453256,-93.31360500401007,44.94953989608026
2048,14,36,153.57597797497058,-93.31322470659155,44.94954093973674
2049,14,37,150.6286960354086,-93.31284440915232,44.949541982126895
2050,14,38,147.68141409584666,-93.31246411169239,44.94954302325071
2051,14,39,144.73413215628466,-93.31208381421182,44.94954406310817
2052,14,40,141.78685021672268,-93.31170351671061,44.9495451016993
2053,14,41,138.83956827716074,-93.31132321918878,44.94954613902408
2054,14,42,135.89228633759873,-93.31094292164637,44.949547175082536
2055,14,43,132.94500439803676,-93.3105626240834,44.94954820987463
2056,14,44,129.9977224584748,-93.31018232649991,44.949549243400384
2057,14,45,127.05044051891281,-93.30980202889589,44.94955027565981
2058,14,46,124.10315857935085,-93.3094217312714,44.94955130665288
2059,14,47,121.15587663978887,-93.30904143362645,44.94955233637962
2060,14,48,118.20859470022688,-93.30866113596106,44.94955336483999
2061,14,49,115.2843054015381,-93.30828083827527,44.949554392034045
2062,14,50,112.36538484003661,-93.30790054056908,44.94955541796175
2063,14,51,109.44646427853515,-93.30752024284254,44.949556442623106
2064,14,52,106.52754371703364,-93.30713994509567,44.94955746601812
2065,14,53,103.60862315553216,-93.30675964732849,44.9495584881468
2066,14,54,100.68970259403066,-93.30637934954103,44.94955950900912
2067,14,55,97.77078203252917,-93.30599905173331,44.94956052860511
2068,14,56,94.85186147102768,-93.30561875390535,44.94956154693474
2069,14,57,91.93294090952618,-93.30523845605718,44.949562563998036
2070,14,58,89.0140203480247,-93.30485815818885,44.949563579794976
2071,14,59,86.0950997865232,-93.30447786030035,44.949564594325594
2072,14,60,83.17617922502171,-93.30409756239172,44.949565607589854
2073,14,61,80.25725866352022,-93.30371726446299,44.94956661958776
2074,14,62,77.33833810201872,-93.30333696651415,44.94956763031933
2075,14,63,74.41941754051723,-93.30295666854528,44.94956863978456
2076,14,64,71.50049697901574,-93.30257637055637,44.94956964798344
2077,14,65,68.58157641751424,-93.30219607254745,44.94957065491596
2078,14,66,65.66265585601275,-93.30181577451856,44.94957166058215
2079,14,67,62.74373529451127,-93.3014354764697,44.94957266498199
2080,14,68,59.8918302061052,-93.30105517840092,44.94957366811549
2081,14,69,59.64514480739978,-93.30067488031224,44.94957466998263
2082,14,70,59.45599346004221,-93.30029458220366,44.949575670583435
2083,14,71,59.26684211268463,-93.29991428407524,44.94957666991788
2084,14,72,59.07769076532705,-93.29953398592697,44.949577667985984
2085,14,73,58.88853941796947,-93.29915368775892,44.949578664787744
2086,14,74,58.69938807061189,-93.29877338957107,44.94957966032315
2087,14,75,58.51023672325431,-93.29839309136348,44.94958065459222
2088,14,76,58.32108537589673,-93.29801279313615,44.94958164759494
2089,14,77,58.13193402853915,-93.29763249488913,44.9495826393313
2090,14,78,57.94278268118157,-93.29725219662241,44.949583629801324
2091,14,79,57.75363133382399,-93.29687189833605,44.94958461900499
2092,14,80,57.56447998646641,-93.29649160003005,44.9495856069423
2093,14,81,57.37532863910883,-93.29611130170446,44.94958659361328
2094,14,82,57.18617729175125,-93.29573100335928,44.94958757901791
2095,14,83,56.99702594439367,-93.29535070499456,44.94958856315618
2096,14,84,56.80787459703609,-93.2949704066103,44.9495895460281
2097,14,85,56.61872324967851,-93.29459010820653,44.94959052763368
2098,14,86,56.42957190232093,-93.2942098097833,44.94959150797291
2099,14,87,56.24042055496335,-93.2938295113406,44.949592487045784
2100,14,88,56.05126920760577,-93.29344921287849,44.94959346485231
2101,14,89,55.8621178602482,-93.29306891439694,44.94959444139249
2102,14,90,55.67296651289062,-93.29268861589604,44.94959541666632
2103,14,91,55.48381516553304,-93.2923083173758,44.94959639067379
2104,14,92,55.28063576793654,-93.29192801883622,44.94959736341491
2105,14,93,55.07394776012696,-93.29154772027732,44.94959833488969
2106,14,94,54.867259752317395,-93.29116742169917,44.94959930509811
2107,14,95,54.66057174450781,-93.29078712310175,44.94960027404018
2108,14,96,54.45388373669824,-93.2904068244851,44.949601241715904
2109,14,97,54.24719572888866,-93.29002652584926,44.94960220812527
2110,14,98,54.040507721079095,-93.28964622719424,44.94960317326829
2111,14,99,53.83381971326952,-93.28926592852007,44.94960413714495
2112,14,100,53.62713170545994,-93.28888562982678,44.94960509975528
2113,14,101,53.42044369765037,-93.28850533111438,44.94960606109923
2114,14,102,53.213755689840795,-93.28812503238291,44.94960702117684
2115,14,103,53.00706768203122,-93.28774473363238,44.9496079799881
2116,14,104,52.80037967422164,-93.28736443486282,44.94960893753301
2117,14,105,52.59369166641207,-93.28698413607428,44.94960989381155
2118,14,106,52.387003658602495,-93.28660383726675,44.94961084882375
2119,14,107,52.18031565079292,-93.28622353844027,44.94961180256959
2120,14,108,51.973627642983345,-93.28584323959487,44.94961275504909
2121,14,109,51.76693963517377,-93.28546294073057,44.94961370626222
2122,14,110,51.560251627364195,-93.2850826418474,44.94961465620901
2123,14,111,51.35356361955462,-93.28470234294537,44.949615604889445
2124,14,112,51.146875611745045,-93.28432204402452,44.949616552303524
2125,14,113,50.94018760393547,-93.28394174508486,44.94961749845123
2126,14,114,50.733499596125895,-93.28356144612644,44.949618443332604
2127,14,115,50.52681158831633,-93.28318114714926,44.94961938694762
2128,14,116,50.320123580506745,-93.28280084815336,44.94962032929628
2129,14,117,50.11343557269717,-93.28242054913876,44.949621270378586
2130,14,118,49.906747564887596,-93.28204025010548,44.94962221019453
2131,14,119,49.70005955707803,-93.28165995105358,44.949623148744124
2132,14,120,49.493371549268446,-93.28127965198303,44.94962408602737
2133,14,121,49.37241451695223,-93.28089935289388,44.949625022044245
2134,14,122,49.65857001980636,-93.28051905378618,44.949625956794776
2135,14,123,49.94472552266049,-93.2801387546599,44.94962689027894
2136,14,124,50.23088102551462,-93.27975845551512,44.94962782249676
2137,14,125,50.517036528368735,-93.27937815635184,44.949628753448216
2138,14,126,50.80319203122286,-93.27899785717008,44.949629683133324
2139,14,127,51.08934753407699,-93.27861755796988,44.94963061155206
2140,14,128,51.37550303693112,-93.27823725875125,44.949631538704466
2141,14,129,51.66165853978524,-93.27785695951424,44.94963246459049
2142,14,130,51.94781404263937,-93.27747666025883,44.94963338921016
2143,14,131,52.2339695454935,-93.2770963609851,44.94963431256348
2144,14,132,52.52012504834763,-93.27671606169304,44.94963523465045
2145,14,133,52.80628055120175,-93.27633576238267,44.94963615547105
2146,14,134,53.09243605405588,-93.27595546305405,44.949637075025294
2147,14,135,53.37859155691,-93.27557516370716,44.94963799331319
2148,14,136,53.66474705976413,-93.27519486434205,44.94963891033471
2149,14,137,53.95090256261825,-93.27481456495876,44.949639826089886
2150,14,138,54.23705806547238,-93.2744342655573,44.9496407405787
2151,14,139,54.52321356832651,-93.27405396613769,44.94964165380115
2152,14,140,54.570408429087244,-93.27367366669995,44.94964256575725
2153,14,141,54.57040842916793,-93.27329336724412,44.949643476446994
2154,14,142,54.57040842924863,-93.27291306777023,44.94964438587038
2155,14,143,54.570408429329326,-93.27253276827828,44.94964529402739
2156,14,144,54.57040842941001,-93.27215246876833,44.94964620091805
2157,14,145,54.57040842949071,-93.27177216924036,44.94964710654236
2158,14,146,54.570408429571394,-93.27139186969444,44.94964801090029
2159,14,147,54.5704084296521,-93.27101157013057,44.94964891399188
2160,14,148,54.57040842973278,-93.27063127054878,44.9496498158171
2161,14,149,54.570408429813476,-93.27025097094909,44.94965071637596
2162,14,150,54.57040842989418,-93.26987067133155,44.94965161566846
2163,14,151,54.564931812865396,-93.26949037169614,44.949652513694616
2164,14,152,54.54684318176403,-93.26911007204292,44.94965341045438
2165,14,153,54.528754550662676,-93.2687297723719,44.9496543059478
2166,14,154,54.51066591956131,-93.26834947268313,44.949655200174874
2167,14,155,54.49257728845994,-93.2679691729766,44.94965609313557
2168,14,156,54.47448865735858,-93.26758887325236,44.94965698482991
2169,14,157,54.456400026257214,-93.26720857351042,44.949657875257884
2170,14,158,54.43831139515584,-93.26682827375083,44.94965876441949
2171,14,159,54.420222764054486,-93.26644797397358,44.94965965231475
2172,14,160,54.40213413295312,-93.26606767417873,44.94966053894364
2173,14,161,54.38404550185176,-93.26568737436627,44.94966142430617
2174,14,162,54.365956870750395,-93.26530707453624,44.94966230840234
2175,14,163,54.347868239649024,-93.26492677468867,44.94966319123214
2176,14,164,54.32977960854766,-93.26454647482359,44.94966407279559
2177,14,165,54.311690977446304,-93.26416617494101,44.949664953092665
2178,14,166,54.29360234634494,-93.26378587504098,44.94966583212338
2179,14,167,54.27551371524357,-93.26340557512349,44.94966670988774
2180,14,168,54.257425084142206,-93.2630252751886,44.949667586385736
2181,14,169,54.23933645304084,-93.2626449752363,44.949668461617364
2182,14,170,54.221247821939485,-93.26226467526664,44.94966933558263
2183,14,171,54.203159190838115,-93.26188437527965,44.949670208281525
2184,14,172,54.18507055973675,-93.26150407527533,44.949671079714065
2185,14,173,54.16698192863539,-93.26112377525372,44.94967194988024
2186,14,174,54.148893297534016,-93.26074347521485,44.94967281878006
2187,14,175,54.12195970166117,-93.26036317515874,44.949673686413504
2188,14,176,54.03908708966564,-93.25998287508541,44.94967455278058
2189,14,177,53.9562144776701,-93.2596025749949,44.949675417881295
2190,14,178,53.87334186567457,-93.25922227488721,44.94967628171565
2191,14,179,53.79046925367903,-93.2588419747624,44.94967714428365
2192,14,180,53.70759664168349,-93.25846167462046,44.94967800558526
2193,14,181,53.624724029687954,-93.25808137446143,44.94967886562053
2194,14,182,53.54185141769243,-93.25770107428535,44.94967972438942
2195,14,183,53.45897880569689,-93.25732077409222,44.94968058189195
2196,14,184,53.376106193701354,-93.25694047388208,44.94968143812812
2197,14,185,53.29323358170581,-93.25656017365493,44.94968229309791
2198,14,186,53.21036096971027,-93.25617987341084,44.94968314680134
2199,14,187,53.127488357714746,-93.2557995731498,44.94968399923841
2200,14,188,53.04461574571921,-93.25541927287185,44.949684850409106
2201,14,189,52.96174313372367,-93.25503897257701,44.949685700313445
2202,14,190,52.87887052172814,-93.25465867226532,44.94968654895141
2203,14,191,52.7959979097326,-93.25427837193676,44.949687396323014
2204,14,192,52.71312529773706,-93.25389807159142,44.94968824242825
2205,14,193,52.63025268574153,-93.25351777122928,44.9496890872671
2206,14,194,52.547380073746,-93.25313747085038,44.94968993083961
2207,14,195,52.46450746175046,-93.25275717045474,44.94969077314575
2208,14,196,52.381634849754924,-93.25237687004238,44.949691614185504
2209,14,197,52.298762237759384,-93.25199656961334,44.94969245395891
2210,14,198,52.21588962576385,-93.25161626916764,44.94969329246594
2211,14,199,52.13301701376832,-93.25123596870529,44.9496941297066
2212,14,200,52.05014440177278,-93.25085566822634,44.9496949656809
2213,14,201,51.96727178977724,-93.2504753677308,44.94969580038883
2214,14,202,52.97451102013103,-93.25009506721871,44.949696633830385
2215,14,203,54.40999063501502,-93.24971476669008,44.94969746600558
2216,14,204,55.84547024989901,-93.24933446614492,44.949698296914406
2217,14,205,57.280949864783004,-93.24895416558329,44.949699126556865
2218,14,206,58.716429479667006,-93.24857386500518,44.949699954932946
2219,14,207,61.98130791454133,-93.24819356441066,44.949700782042655
2220,14,208,65.99150398744692,-93.24781326379971,44.94970160788601
2221,14,209,70.00170006035249,-93.24743296317239,44.94970243246298
2222,14,210,75.13141469272162,-93.2470526625287,44.9497032557736
2223,14,211,87.0033241990021,-93.24667236186868,44.94970407781784
2224,14,212,99.41068696249178,-93.24629206119234,44.9497048985957
2225,14,213,111.81804972598147,-93.24591176049972,44.94970571810721
2226,14,214,124.22541248947115,-93.24553145979084,44.94970653635234
2227,14,215,136.63277525296087,-93.24515115906574,44.94970735333111
2228,14,216,149.2546120242447,-93.2447708583244,44.94970816904349
2229,14,217,165.2642544270087,-93.2443905575669,44.949708983489515
2230,14,218,183.61412107968232,-93.24401025679323,44.94970979666916
2231,14,219,201.98933178825865,-93.24362995600343,44.949710608582436
2232,14,220,220.364542496835,-93.24324965519752,44.94971141922936
2233,14,221,238.73975320541138,-93.24286935437553,44.94971222860988
2234,14,222,257.31091481826275,-93.24248905353747,44.949713036724056
2235,14,223,277.5502978198867,-93.24210875268338,44.94971384357184
2236,14,224,297.034668980664,-93.24172845181329,44.94971464915328
2237,14,225,287.24490930460195,-93.24134815092722,44.94971545346832
2238,14,226,280.33851192150775,-93.24096785002519,44.94971625651701
2239,14,227,276.5315978533406,-93.24058754910722,44.94971705829931
2240,14,228,275.9524740897933,-93.24020724817333,44.949717858815255
2241,14,229,278.6212685730119,-93.23982694722358,44.949718658064825
2242,14,230,283.7060552650082,-93.23944664625796,44.94971945604801
2243,14,231,289.03268131348705,-93.23906634527651,44.94972025276485
2244,14,232,296.48234688330064,-93.23868604427925,44.94972104821529
2245,14,233,296.8715572983515,-93.23830574326621,44.94972184239936
2246,14,234,284.7641524041409,-93.23792544223741,44.949722635317066
2247,14,235,275.4061064249468,-93.2375451411929,44.94972342696839
2248,14,236,269.0844187571058,-93.23716484013265,44.949724217353356
2249,14,237,266.0156487493731,-93.23678453905674,44.949725006471944
2250,14,238,266.3122722317734,-93.23640423796516,44.94972579432415
2251,14,239,269.963196200798,-93.23602393685796,44.949726580909996
2252,14,240,276.83574239005145,-93.23564363573514,44.94972736622946
2253,14,241,286.6983244219458,-93.23526333459675,44.949728150282546
2254,14,242,299.25545974643745,-93.2348830334428,44.949728933069274
2255,14,243,314.18423122389834,-93.23450273227333,44.94972971458961
2256,14,244,331.16405618885085,-93.23412243108835,44.949730494843585
2257,14,245,349.89646050389354,-93.23374212988789,44.94973127383118
2258,15,0,342.5557346851113,-93.32691693342542,44.949772626111304
2259,15,1,315.2054698081328,-93.32653663496434,44.94977371409979
2260,15,2,288.38263648887573,-93.32615633648167,44.94977480082194
2261,15,3,262.2491217517885,-93.32577603797745,44.949775886277735
2262,15,4,237.03303291080283,-93.32539573945168,44.9497769704672
2263,15,5,213.0603565241621,-93.3250154409044,44.949778053390304
2264,15,6,190.57661798322968,-93.32463514233561,44.949779135047066
2265,15,7,168.37382890698177,-93.32425484374538,44.94978021543747
2266,15,8,146.17103983073383,-93.3238745451337,44.94978129456154
2267,15,9,123.96825075448591,-93.32349424650059,44.949782372419264
2268,15,10,101.76546167823797,-93.32311394784611,44.949783449010624
2269,15,11,79.56267260199004,-93.32273364917026,44.949784524335655
2270,15,12,57.36730629178521,-93.32235335047307,44.94978559839433
2271,15,13,38.20725046551323,-93.32197305175457,44.94978667118666
2272,15,14,19.71800261577202,-93.32159275301477,44.94978774271264
2273,15,15,1.2287547660308087,-93.32121245425373,44.94978881297226
2274,15,16,0.8846783948706394,-93.32083215547142,44.949789881965536
2275,15,17,15.453966330344892,-93.32045185666792,44.94979094969248
2276,15,18,30.023254265819148,-93.3200715578432,44.949792016153054
2277,15,19,44.5925422012934,-93.31969125899735,44.94979308134728
2278,15,20,59.161830136767655,-93.31931096013035,44.94979414527517
2279,15,21,71.31056910250162,-93.31893066124225,44.94979520793671
2280,15,22,81.86438412717312,-93.31855036233304,44.949796269331884
2281,15,23,92.41819915184462,-93.31817006340277,44.94979732946072
2282,15,24,102.97201417651611,-93.31778976445148,44.9497983883232
2283,15,25,113.02504884919739,-93.31740946547916,44.94979944591933
2284,15,26,117.79684862512977,-93.31702916648587,44.94980050224911
2285,15,27,122.56864840106213,-93.3166488674716,44.94980155731254
2286,15,28,127.34044817699449,-93.3162685684364,44.949802611109625
2287,15,29,132.11224795292685,-93.3158882693803,44.94980366364035
2288,15,30,134.63553347350995,-93.31550797030329,44.94980471490472
2289,15,31,134.50841597057956,-93.31512767120543,44.94980576490275
2290,15,32,134.38129846764915,-93.31474737208673,44.94980681363442
2291,15,33,132.56294933120512,-93.31436707294723,44.94980786109974
2292,15,34,129.61566739164317,-93.31398677378692,44.94980890729872
2293,15,35,126.6683854520812,-93.31360647460588,44.949809952231334
2294,15,36,123.72110351251919,-93.31322617540408,44.9498109958976
2295,15,37,120.77382157295723,-93.31284587618158,44.9498120382975
2296,15,38,117.82653963339526,-93.3124655769384,44.94981307943106
2297,15,39,114.87925769383328,-93.31208527767456,44.94981411929827
2298,15,40,111.9319757542713,-93.31170497839007,44.949815157899124
2299,15,41,108.98469381470933,-93.31132467908498,44.94981619523361
2300,15,42,106.03741187514736,-93.3109443797593,44.94981723130176
2301,15,43,103.09012993558538,-93.31056408041306,44.949818266103556
2302,15,44,100.1428479960234,-93.31018378104629,44.94981929963899
2303,15,45,97.19556605646143,-93.309803481659,44.94982033190807
2304,15,46,94.24828411689944,-93.30942318225125,44.9498213629108
2305,15,47,91.30100217733748,-93.30904288282301,44.949822392647164
2306,15,48,88.3537202377755,-93.30866258337436,44.949823421117195
2307,15,49,85.4266446968606,-93.30828228390529,44.94982444832085
2308,15,50,82.50772413535911,-93.30790198441584,44.949825474258155
2309,15,51,79.58880357385762,-93.30752168490604,44.94982649892911
2310,15,52,76.66988301235612,-93.30714138537589,44.94982752233371
2311,15,53,73.75096245085464,-93.30676108582543,44.94982854447195
2312,15,54,70.83204188935315,-93.30638078625469,44.94982956534384
2313,15,55,67.91312132785166,-93.3060004866637,44.94983058494938
2314,15,56,64.99420076635016,-93.30562018705247,44.94983160328855
2315,15,57,62.075280204848674,-93.30523988742104,44.94983262036137
2316,15,58,59.15635964334718,-93.30485958776941,44.94983363616783
2317,15,59,56.237439081845686,-93.30447928809764,44.94983465070792
2318,15,60,53.31851852034419,-93.30409898840573,44.94983566398167
2319,15,61,50.399597958842705,-93.30371868869372,44.94983667598906
2320,15,62,47.48067739734121,-93.30333838896162,44.94983768673009
2321,15,63,44.56175683583972,-93.30295808920947,44.94983869620477
2322,15,64,41.64283627433822,-93.30257778943728,44.949839704413094
2323,15,65,38.72391571283673,-93.3021974896451,44.94984071135505
2324,15,66,35.80499515133524,-93.30181718983292,44.94984171703066
2325,15,67,32.886074589833754,-93.30143689000079,44.94984272143989
2326,15,68,29.967154028332256,-93.30105659014873,44.949843724582784
2327,15,69,29.645741117196334,-93.30067629027675,44.94984472645932
2328,15,70,29.456589769838754,-93.3002959903849,44.94984572706948
2329,15,71,29.267438422481174,-93.2999156904732,44.949846726413284
2330,15,72,29.078287075123594,-93.29953539054166,44.94984772449074
2331,15,73,28.889135727766014,-93.29915509059033,44.94984872130183
2332,15,74,28.699984380408434,-93.2987747906192,44.94984971684656
2333,15,75,28.510833033050854,-93.29839449062833,44.94985071112494
2334,15,76,28.32168168569327,-93.29801419061772,44.94985170413695
2335,15,77,28.13253033833569,-93.2976338905874,44.9498526958826
2336,15,78,27.94337899097811,-93.29725359053742,44.94985368636189
2337,15,79,27.754227643620535,-93.29687329046777,44.94985467557483
2338,15,80,27.565076296262955,-93.2964929903785,44.9498556635214
2339,15,81,27.375924948905375,-93.29611269026962,44.94985665020161
2340,15,82,27.186773601547795,-93.29573239014115,44.94985763561546
2341,15,83,26.997622254190215,-93.29535208999313,44.94985861976294
2342,15,84,26.808470906832635,-93.29497178982561,44.94985960264407
2343,15,85,26.619319559475056,-93.29459148963855,44.949860584258836
2344,15,86,26.430168212117476,-93.29421118943202,44.94986156460725
2345,15,87,26.241016864759896,-93.29383088920605,44.94986254368929
2346,15,88,26.051865517402316,-93.29345058896064,44.94986352150497
2347,15,89,25.86271417004474,-93.29307028869583,44.94986449805429
2348,15,90,25.67356282268716,-93.29268998841165,44.949865473337255
2349,15,91,25.48441147532958,-93.2923096881081,44.94986644735385
2350,15,92,25.28134777526198,-93.29192938778523,44.949867420104084
2351,15,93,25.074659767452406,-93.29154908744306,44.949868391587955
2352,15,94,24.86797175964283,-93.29116878708162,44.94986936180546
2353,15,95,24.661283751833256,-93.2907884867009,44.9498703307566
2354,15,96,24.454595744023685,-93.290408186301,44.949871298441394
2355,15,97,24.247907736214106,-93.29002788588184,44.9498722648598
2356,15,98,24.041219728404535,-93.28964758544355,44.94987323001186
2357,15,99,23.834531720594956,-93.28926728498608,44.94987419389756
2358,15,100,23.627843712785385,-93.2888869845095,44.94987515651688
2359,15,101,23.421155704975806,-93.28850668401381,44.94987611786984
2360,15,102,23.214467697166235,-93.28812638349905,44.94987707795644
2361,15,103,23.00777968935666,-93.28774608296523,44.949878036776674
2362,15,104,22.801091681547085,-93.2873657824124,44.94987899433054
2363,15,105,22.59440367373751,-93.28698548184055,44.94987995061805
2364,15,106,22.387715665927935,-93.28660518124973,44.94988090563918
2365,15,107,22.18102765811836,-93.28622488063996,44.94988185939397
2366,15,108,21.974339650308785,-93.28584458001126,44.94988281188237
2367,15,109,21.76765164249921,-93.28546427936367,44.949883763104424
2368,15,110,21.56096363468964,-93.2850839786972,44.949884713060094
2369,15,111,21.35427562688006,-93.28470367801188,44.94988566174942
2370,15,112,21.14758761907049,-93.28432337730773,44.94988660917236
2371,15,113,20.94089961126091,-93.28394307658479,44.94988755532894
2372,15,114,20.73421160345134,-93.28356277584307,44.94988850021915
2373,15,115,20.52752359564176,-93.28318247508261,44.949889443843
2374,15,116,20.32083558783219,-93.28280217430341,44.94989038620049
2375,15,117,20.114147580022614,-93.28242187350551,44.9498913272916
2376,15,118,19.90745957221304,-93.28204157268895,44.94989226711635
2377,15,119,19.700771564403464,-93.28166127185374,44.94989320567473
2378,15,120,19.49408355659389,-93.28128097099989,44.94989414296674
2379,15,121,19.373779297526234,-93.28090067012747,44.94989507899239
2380,15,122,19.659934800380363,-93.28052036923646,44.94989601375168
2381,15,123,19.946090303234485,-93.2801400683269,44.94989694724458
2382,15,124,20.232245806088613,-93.2797597673988,44.94989787947113
2383,15,125,20.51840130894274,-93.27937946645223,44.94989881043131
2384,15,126,20.804556811796868,-93.27899916548716,44.94989974012512
2385,15,127,21.090712314650993,-93.27861886450367,44.94990066855255
2386,15,128,21.37686781750512,-93.27823856350176,44.94990159571363
2387,15,129,21.663023320359244,-93.27785826248142,44.94990252160832
2388,15,130,21.949178823213373,-93.27747796144274,44.94990344623666
2389,15,131,22.2353343260675,-93.27709766038569,44.94990436959862
2390,15,132,22.521489828921627,-93.27671735931033,44.94990529169423
2391,15,133,22.80764533177575,-93.27633705821667,44.94990621252345
2392,15,134,23.093800834629878,-93.27595675710474,44.94990713208631
2393,15,135,23.379956337484003,-93.27557645597456,44.94990805038279
2394,15,136,23.666111840338132,-93.27519615482616,44.94990896741291
2395,15,137,23.952267343192258,-93.27481585365956,44.94990988317666
2396,15,138,24.238422846046383,-93.2744355524748,44.949910797674036
2397,15,139,24.52457834890051,-93.27405525127189,44.94991171090505
2398,15,140,24.57040842908724,-93.27367495005086,44.949912622869675
2399,15,141,24.570408429167934,-93.27329464881171,44.949913533567944
2400,15,142,24.570408429248626,-93.27291434755452,44.94991444299984
2401,15,143,24.57040842932932,-93.27253404627928,44.94991535116536
2402,15,144,24.570408429410012,-93.272153744986,44.949916258064505
2403,15,145,24.570408429490705,-93.27177344367475,44.94991716369729
2404,15,146,24.570408429571398,-93.27139314234552,44.9499180680637
2405,15,147,24.570408429652094,-93.27101284099834,44.94991897116374
2406,15,148,24.570408429732787,-93.27063253963324,44.949919872997405
2407,15,149,24.57040842981348,-93.27025223825025,44.949920773564706
2408,15,150,24.570408429894172,-93.26987193684938,44.949921672865635
2409,15,151,24.564937266175477,-93.26949163543068,44.94992257090017
2410,15,152,24.54684863507411,-93.26911133399416,44.949923467668356
2411,15,153,24.528760003972746,-93.26873103253986,44.949924363170155
2412,15,154,24.510671372871386,-93.26835073106776,44.94992525740559
2413,15,155,24.49258274177002,-93.26797042957793,44.94992615037465
2414,15,156,24.47449411066865,-93.2675901280704,44.94992704207734
2415,15,157,24.45640547956729,-93.26720982654514,44.94992793251365
2416,15,158,24.438316848465924,-93.26682952500224,44.9499288216836
2417,15,159,24.42022821736456,-93.26644922344168,44.94992970958716
2418,15,160,24.4021395862632,-93.2660689218635,44.949930596224355
2419,15,161,24.384050955161833,-93.26568862026775,44.94993148159517
2420,15,162,24.365962324060465,-93.26530831865442,44.94993236569962
2421,15,163,24.347873692959105,-93.26492801702355,44.9499332485377
2422,15,164,24.329785061857738,-93.26454771537514,44.9499341301094
2423,15,165,24.311696430756378,-93.26416741370926,44.94993501041472
2424,15,166,24.293607799655014,-93.26378711202592,44.949935889453656
2425,15,167,24.275519168553647,-93.26340681032511,44.949936767226234
2426,15,168,24.257430537452287,-93.26302650860691,44.94993764373244
2427,15,169,24.23934190635092,-93.26264620687131,44.94993851897226
2428,15,170,24.221253275249552,-93.26226590511834,44.94993939294571
2429,15,171,24.203164644148192,-93.26188560334803,44.949940265652785
2430,15,172,24.185076013046825,-93.2615053015604,44.949941137093475
2431,15,173,24.16698738194546,-93.26112499975548,44.9499420072678
2432,15,174,24.1488987508441,-93.2607446979333,44.94994287617575
2433,15,175,24.122074166376525,-93.26036439609388,44.94994374381732
2434,15,176,24.039201554380988,-93.25998409423724,44.94994461019252
2435,15,177,23.956328942385454,-93.25960379236342,44.949945475301334
2436,15,178,23.87345633038992,-93.25922349047242,44.94994633914378
2437,15,179,23.79058371839438,-93.25884318856428,44.94994720171983
2438,15,180,23.707711106398847,-93.25846288663904,44.949948063029524
2439,15,181,23.624838494403313,-93.2580825846967,44.949948923072846
2440,15,182,23.541965882407773,-93.25770228273728,44.949949781849774
2441,15,183,23.45909327041224,-93.25732198076085,44.94995063936033
2442,15,184,23.376220658416706,-93.25694167876738,44.949951495604516
2443,15,185,23.29334804642117,-93.25656137675693,44.949952350582315
2444,15,186,23.210475434425632,-93.25618107472953,44.94995320429375
2445,15,187,23.1276028224301,-93.25580077268518,44.94995405673879
2446,15,188,23.04473021043456,-93.2554204706239,44.94995490791746
2447,15,189,22.961857598439025,-93.25504016854575,44.949955757829755
2448,15,190,22.87898498644349,-93.25465986645072,44.949956606475666
2449,15,191,22.796112374447954,-93.25427956433887,44.949957453855205
2450,15,192,22.713239762452417,-93.25389926221021,44.94995829996836
2451,15,193,22.630367150456884,-93.25351896006475,44.94995914481514
2452,15,194,22.547494538461347,-93.25313865790253,44.949959988395534
2453,15,195,22.464621926465814,-93.25275835572356,44.94996083070955
2454,15,196,22.381749314470277,-93.25237805352789,44.949961671757194
2455,15,197,22.29887670247474,-93.25199775131553,44.94996251153846
2456,15,198,22.216004090479206,-93.25161744908651,44.949963350053345
2457,15,199,22.13313147848367,-93.25123714684085,44.949964187301845
2458,15,200,22.050258866488132,-93.25085684457858,44.94996502328397
2459,15,201,21.9673862544926,-93.25047654229971,44.94996585799971
2460,15,202,23.00887406252152,-93.2500962400043,44.94996669144908
2461,15,203,24.444353677405516,-93.24971593769233,44.949967523632054
2462,15,204,25.879833292289504,-93.24933563536386,44.949968354548666
2463,15,205,27.3153129071735,-93.24895533301891,44.94996918419889
2464,15,206,28.75079252205749,-93.24857503065749,44.949970012582725
2465,15,207,32.25054392407427,-93.24819472827964,44.949970839700185
2466,15,208,36.26073999697985,-93.24781442588538,44.94997166555128
2467,15,209,40.27093606988542,-93.24743412347472,44.94997249013597
2468,15,210,47.28191103548623,-93.24705382104771,44.949973313454294
2469,15,211,59.68927379897594,-93.24667351860438,44.949974135506224
2470,15,212,72.09663656246562,-93.24629321614472,44.94997495629178
2471,15,213,84.5039993259553,-93.24591291366877,44.94997577581096
2472,15,214,96.91136208944499,-93.24553261117656,44.949976594063756
2473,15,215,109.31872485293471,-93.24515230866812,44.949977411050156
2474,15,216,123.42463626133309,-93.24477200614349,44.94997822677019
2475,15,217,141.52495601053127,-93.24439170360264,44.949979041223834
2476,15,218,159.90016671910757,-93.24401140104567,44.949979854411104
2477,15,219,178.27537742768394,-93.24363109847253,44.94998066633199
2478,15,220,196.65058813626027,-93.2432507958833,44.94998147698648
2479,15,221,215.07718676933197,-93.24287049327798,44.9499822863746
2480,15,222,235.12434413285803,-93.2424901906566,44.94998309449633
2481,15,223,257.1161569003457,-93.24210988801919,44.949983901351686
2482,15,224,269.41159871645846,-93.24172958536576,44.94998470694065
2483,15,225,258.57813687145784,-93.24134928269636,44.949985511263236
2484,15,226,250.88383011439927,-93.24096898001099,44.94998631431943
2485,15,227,246.62266635049406,-93.2405886773097,44.949987116109256
2486,15,228,245.97313451428687,-93.2402083745925,44.94998791663268
2487,15,229,248.96350384692897,-93.2398280718594,44.94998871588974
2488,15,230,254.16565149281192,-93.23944776911047,44.9499895138804
2489,15,231,259.70556988361403,-93.23906746634569,44.94999031060468
2490,15,232,267.97177869085164,-93.2386871635651,44.949991106062576
2491,15,233,270.34985440509513,-93.23830686076873,44.9499919002541
2492,15,234,256.99600140577377,-93.23792655795661,44.94999269317922
2493,15,235,246.5863858777626,-93.23754625512875,44.94999348483797
2494,15,236,239.50521218119076,-93.23716595228518,44.94999427523033
2495,15,237,236.0522137656361,-93.23678564942594,44.9499950643563
2496,15,238,236.3864390893816,-93.23640534655104,44.94999585221589
2497,15,239,240.49209872064048,-93.2360250436605,44.94999663880909
2498,15,240,248.18209143441163,-93.23564474075435,44.949997424135915
2499,15,241,259.1375145949714,-93.23526443783264,44.94999820819634
2500,15,242,272.96547846231283,-93.23488413489537,44.949998990990395
2501,15,243,289.25430574817676,-93.23450383194256,44.949999772518055
2502,15,244,307.6133195353545,-93.23412352897424,44.95000055277932
2503,15,245,327.69475936801376,-93.23374322599044,44.95000133177421
2504,15,246,349.2015983339149,-93.23336292299119,44.95000210950272
2505,15,272,345.15449614663964,-93.22347503966814,44.9500218859418
2506,15,273,343.3824477240405,-93.2230947362611,44.95002262947783
2507,15,274,341.6103993014413,-93.22271443283931,44.95002337174746
2508,15,275,339.83835087884216,-93.22233412940278,44.950024112750704
2509,15,276,338.066302456243,-93.22195382595156,44.95002485248755
2510,15,277,336.728060346889,-93.22157352248566,44.95002559095803
2511,15,278,337.67563525003766,-93.2211932190051,44.95002632816209
2512,15,279,339.2381374935909,-93.22081291550992,44.95002706409978
2513,15,280,340.8006397371442,-93.22043261200015,44.950027798771075
2514,15,281,342.36314198069743,-93.2200523084758,44.95002853217598
2515,15,282,343.92564422425073,-93.21967200493688,44.95002926431449
2516,15,283,345.488146467804,-93.21929170138345,44.950029995186604
2517,16,1,329.1724292782822,-93.32653816621261,44.95004376989869
2518,16,2,303.5861410345918,-93.32615786594667,44.95004485663102
2519,16,3,278.8809815308036,-93.32577756565917,44.95004594209698
2520,16,4,255.31286432707174,-93.3253972653501,44.95004702629659
2521,16,5,232.95454416522355,-93.32501696501953,44.95004810922983
2522,16,6,210.7517550889756,-93.32463666466748,44.95004919089672
2523,16,7,188.54896601272767,-93.32425636429394,44.95005027129726
2524,16,8,166.34617693647974,-93.323876063899,44.950051350431416
2525,16,9,144.14338786023183,-93.32349576348261,44.95005242829924
2526,16,10,121.94059878398389,-93.32311546304484,44.95005350490068
2527,16,11,99.78144095187172,-93.3227351625857,44.95005458023577
2528,16,12,80.32164834548367,-93.32235486210523,44.950055654304506
2529,16,13,61.83240049574246,-93.32197456160344,44.95005672710688
2530,16,14,43.34315264600124,-93.32159426108036,44.950057798642895
2531,16,15,24.853904796260032,-93.32121396053603,44.95005886891254
2532,16,16,8.238065004480198,-93.32083365997045,44.95005993791583
2533,16,17,0.0,-93.32045335938365,44.95006100565275
2534,16,18,3.79853598223706,-93.32007305877566,44.95006207212332
2535,16,19,18.36782391771132,-93.31969275814652,44.95006313732753
2536,16,20,32.6744288816321,-93.31931245749622,44.950064201265384
2537,16,21,43.228243906303604,-93.31893215682483,44.950065263936864
2538,16,22,53.7820589309751,-93.31855185613234,44.95006632534198
2539,16,23,64.33587395564659,-93.31817155541879,44.95006738548074
2540,16,24,74.8896889803181,-93.31779125468421,44.950068444353136
2541,16,25,83.40698127384043,-93.3174109539286,44.95006950195918
2542,16,26,88.1787810497728,-93.31703065315202,44.95007055829885
2543,16,27,92.95058082570515,-93.31665035235446,44.95007161337215
2544,16,28,97.72238060163752,-93.31627005153597,44.9500726671791
2545,16,29,102.49418037756989,-93.31588975069657,44.950073719719676
2546,16,30,104.63580278904465,-93.31550944983628,44.95007477099391
2547,16,31,104.50868528611426,-93.31512914895514,44.95007582100177
2548,16,32,104.38156778318387,-93.31474884805314,44.95007686974325
2549,16,33,102.70807486875374,-93.31436854713034,44.95007791721839
2550,16,34,99.76079292919178,-93.31398824618677,44.950078963427146
2551,16,35,96.8135109896298,-93.31360794522242,44.95008000836956
2552,16,36,93.86622905006782,-93.31322764423734,44.95008105204559
2553,16,37,90.91894711050585,-93.31284734323154,44.950082094455254
2554,16,38,87.97166517094388,-93.31246704220506,44.95008313559856
2555,16,39,85.02438323138189,-93.31208674115791,44.95008417547551
2556,16,40,82.07710129181991,-93.31170644009015,44.95008521408607
2557,16,41,79.12981935225795,-93.31132613900175,44.95008625143029
2558,16,42,76.18253741269596,-93.31094583789279,44.95008728750813
2559,16,43,73.23525547313399,-93.31056553676325,44.950088322319615
2560,16,44,70.28797353357203,-93.31018523561319,44.95008935586473
2561,16,45,67.34069159401005,-93.30980493444261,44.95009038814348
2562,16,46,64.39340965444806,-93.30942463325155,44.95009141915586
2563,16,47,61.44612771488609,-93.30904433204003,44.95009244890187
2564,16,48,58.49884577532412,-93.30866403080807,44.95009347738152
2565,16,49,55.568983992183085,-93.30828372955571,44.9500945045948
2566,16,50,52.65006343068159,-93.30790342828296,44.950095530541724
2567,16,51,49.731142869180104,-93.30752312698985,44.95009655522226
2568,16,52,46.81222230767862,-93.30714282567641,44.95009757863645
2569,16,53,43.89330174617712,-93.30676252434264,44.950098600784266
2570,16,54,40.97438118467563,-93.30638222298862,44.9500996216657
2571,16,55,38.055460623174135,-93.30600192161432,44.95010064128079
2572,16,56,35.13654006167264,-93.3056216202198,44.95010165962949
2573,16,57,32.21761950017115,-93.30524131880506,44.950102676711836
2574,16,58,29.29869893866966,-93.30486101737014,44.950103692527804
2575,16,59,26.37977837716816,-93.30448071591508,44.950104707077415
2576,16,60,23.46085781566667,-93.30410041443986,44.950105720360646
2577,16,61,20.54193725416518,-93.30372011294455,44.95010673237751
2578,16,62,17.623016692663686,-93.30333981142915,44.950107743128015
2579,16,63,14.704096131162196,-93.3029595098937,44.95010875261213
2580,16,64,11.785175569660705,-93.3025792083382,44.95010976082989
2581,16,65,8.866255008159213,-93.3021989067627,44.95011076778128
2582,16,66,5.947334446657721,-93.30181860516723,44.9501117734663
2583,16,67,3.0284138851562297,-93.30143830355179,44.95011277788495
2584,16,68,0.1094933236547373,-93.30105800191643,44.950113781037224
2585,16,69,0.0,-93.30067770026116,44.950114782923144
2586,16,70,0.0,-93.30029739858601,44.95011578354267
2587,16,71,0.0,-93.299917096891,44.95011678289584
2588,16,72,0.0,-93.29953679517615,44.95011778098263
2589,16,73,0.0,-93.29915649344152,44.950118777803056
2590,16,74,0.0,-93.29877619168708,44.950119773357116
2591,16,75,0.0,-93.2983958899129,44.9501207676448
2592,16,76,0.0,-93.29801558811899,44.95012176066611
2593,16,77,0.0,-93.29763528630538,44.95012275242105
2594,16,78,0.0,-93.29725498447208,44.950123742909604
2595,16,79,0.0,-93.29687468261912,44.95012473213181
2596,16,80,0.0,-93.29649438074654,44.95012572008764
2597,16,81,0.0,-93.29611407885434,44.95012670677708
2598,16,82,0.0,-93.29573377694257,44.95012769220016
2599,16,83,0.0,-93.29535347501125,44.95012867635686
2600,16,84,0.0,-93.29497317306041,44.950129659247196
2601,16,85,0.0,-93.29459287109005,44.95013064087115
2602,16,86,0.0,-93.29421256910021,44.95013162122874
2603,16,87,0.0,-93.29383226709093,44.95013260031995
2604,16,88,0.0,-93.29345196506222,44.950133578144786
2605,16,89,0.0,-93.29307166301409,44.950134554703254
2606,16,90,0.0,-93.29269136094659,44.95013552999534
2607,16,91,0.0,-93.29231105885974,44.95013650402105
2608,16,92,0.0,-93.29193075675356,44.9501374767804
2609,16,93,0.0,-93.29155045462808,44.950138448273364
2610,16,94,0.0,-93.29117015248332,44.95013941849995
2611,16,95,0.0,-93.2907898503193,44.95014038746017
2612,16,96,0.0,-93.29040954813605,44.95014135515402
2613,16,97,0.0,-93.29002924593361,44.95014232158148
2614,16,98,0.0,-93.289648943712,44.95014328674258
2615,16,99,0.0,-93.28926864147122,44.950144250637294
2616,16,100,0.0,-93.28888833921131,44.950145213265635
2617,16,101,0.0,-93.28850803693231,44.9501461746276
2618,16,102,0.0,-93.28812773463424,44.95014713472319
2619,16,103,0.0,-93.2877474323171,44.9501480935524
2620,16,104,0.0,-93.28736712998095,44.95014905111524
2621,16,105,0.0,-93.28698682762578,44.9501500074117
2622,16,106,0.0,-93.28660652525166,44.95015096244178
2623,16,107,0.0,-93.28622622285856,44.950151916205485
2624,16,108,0.0,-93.28584592044656,44.95015286870282
2625,16,109,0.0,-93.28546561801565,44.95015381993377
2626,16,110,0.0,-93.28508531556587,44.95015476989834
2627,16,111,0.0,-93.28470501309722,44.950155718596534
2628,16,112,0.0,-93.28432471060977,44.95015666602835
2629,16,113,0.0,-93.2839444081035,44.9501576121938
2630,16,114,0.0,-93.28356410557846,44.950158557092855
2631,16,115,0.0,-93.28318380303466,44.95015950072554
2632,16,116,0.0,-93.28280350047217,44.950160443091846
2633,16,117,0.0,-93.28242319789095,44.95016138419177
2634,16,118,0.0,-93.28204289529106,44.95016232402532
2635,16,119,0.0,-93.28166259267253,44.95016326259249
2636,16,120,0.0,-93.28128229003538,44.950164199893294
2637,16,121,0.0,-93.28090198737961,44.9501651359277
2638,16,122,0.0,-93.28052168470528,44.95016607069573
2639,16,123,0.0,-93.2801413820124,44.95016700419739
2640,16,124,0.0,-93.279761079301,44.950167936432656
2641,16,125,0.0,-93.27938077657109,44.95016886740154
2642,16,126,0.0,-93.27900047382272,44.95016979710407
2643,16,127,0.0,-93.27862017105589,44.9501707255402
2644,16,128,0.0,-93.27823986827063,44.95017165270995
2645,16,129,0.0,-93.277859565467,44.95017257861332
2646,16,130,0.0,-93.27747926264499,44.950173503250305
2647,16,131,0.0,-93.27709895980462,44.95017442662092
2648,16,132,0.0,-93.27671865694592,44.950175348725146
2649,16,133,0.0,-93.27633835406894,44.950176269562995
2650,16,134,0.0,-93.27595805117369,44.95017718913446
2651,16,135,0.0,-93.27557774826019,44.95017810743955
2652,16,136,0.0,-93.27519744532846,44.95017902447825
2653,16,137,0.0,-93.27481714237854,44.95017994025057
2654,16,138,0.0,-93.27443683941044,44.95018085475652
2655,16,139,0.0,-93.27405653642421,44.95018176799607
2656,16,140,0.0,-93.27367623341985,44.950182679969245
2657,16,141,0.0,-93.27329593039738,44.95018359067603
2658,16,142,0.0,-93.27291562735685,44.95018450011646
2659,16,143,0.0,-93.27253532429829,44.95018540829048
2660,16,144,0.0,-93.27215502122169,44.950186315198124
2661,16,145,0.0,-93.2717747181271,44.95018722083938
2662,16,146,0.0,-93.27139441501454,44.95018812521426
2663,16,147,0.0,-93.27101411188403,44.950189028322754
2664,16,148,0.0,-93.2706338087356,44.95018993016487
2665,16,149,0.0,-93.27025350556929,44.950190830740596
2666,16,150,0.0,-93.2698732023851,44.950191730049944
2667,16,151,0.0,-93.26949289918306,44.95019262809289
2668,16,152,0.0,-93.26911259596321,44.95019352486948
2669,16,153,0.0,-93.26873229272556,44.95019442037966
2670,16,154,0.0,-93.26835198947015,44.95019531462348
2671,16,155,0.0,-93.26797168619699,44.95019620760089
2672,16,156,0.0,-93.2675913829061,44.950197099311936
2673,16,157,0.0,-93.26721107959753,44.95019798975658
2674,16,158,0.0,-93.26683077627129,44.95019887893485
2675,16,159,0.0,-93.2664504729274,44.95019976684673
2676,16,160,0.0,-93.2660701695659,44.950200653492224
2677,16,161,0.0,-93.26568986618679,44.95020153887133
2678,16,162,0.0,-93.26530956279014,44.95020242298406
2679,16,163,0.0,-93.26492925937592,44.9502033058304
2680,16,164,0.0,-93.2645489559442,44.95020418741035
2681,16,165,0.0,-93.26416865249499,44.950205067723914
2682,16,166,0.0,-93.2637883490283,44.950205946771085
2683,16,167,0.0,-93.26340804554417,44.950206824551884
2684,16,168,0.0,-93.26302774204261,44.9502077010663
2685,16,169,0.0,-93.26264743852369,44.95020857631431
2686,16,170,0.0,-93.26226713498738,44.95020945029594
2687,16,171,0.0,-93.26188683143374,44.95021032301119
2688,16,172,0.0,-93.26150652786276,44.95021119446005
2689,16,173,0.0,-93.26112622427452,44.950212064642514
2690,16,174,0.0,-93.260745920669,44.9502129335586
2691,16,175,0.0,-93.26036561704623,44.9502138012083
2692,16,176,0.0,-93.25998531340625,44.9502146675916
2693,16,177,0.0,-93.2596050097491,44.95021553270852
2694,16,178,0.0,-93.25922470607475,44.95021639655905
2695,16,179,0.0,-93.25884440238327,44.95021725914319
2696,16,180,0.0,-93.2584640986747,44.95021812046095
2697,16,181,0.0,-93.25808379494902,44.95021898051232
2698,16,182,0.0,-93.25770349120627,44.9502198392973
2699,16,183,0.0,-93.25732318744649,44.95022069681587
2700,16,184,0.0,-93.25694288366968,44.95022155306807
2701,16,185,0.0,-93.2565625798759,44.95022240805388
2702,16,186,0.0,-93.25618227606515,44.95022326177331
2703,16,187,0.0,-93.25580197223745,44.95022411422633
2704,16,188,0.0,-93.25542166839284,44.95022496541298
2705,16,189,0.0,-93.25504136453135,44.95022581533322
2706,16,190,0.0,-93.25466106065298,44.95022666398708
2707,16,191,0.0,-93.2542807567578,44.95022751137455
2708,16,192,0.0,-93.25390045284577,44.950228357495625
2709,16,193,0.0,-93.25352014891696,44.950229202350314
2710,16,194,0.0,-93.2531398449714,44.95023004593861
2711,16,195,0.0,-93.2527595410091,44.95023088826053
2712,16,196,0.0,-93.2523792370301,44.950231729316044
2713,16,197,0.0,-93.25199893303439,44.950232569105175
2714,16,198,0.0,-93.25161862902202,44.95023340762789
2715,16,199,0.0,-93.25123832499301,44.95023424488424
2716,16,200,0.0,-93.25085802094739,44.9502350808742
2717,16,201,0.0,-93.25047771688519,44.95023591559775
2718,16,202,0.0,-93.25009741280643,44.95023674905493
2719,16,203,0.0,-93.24971710871112,44.9502375812457
2720,16,204,0.0,-93.24933680459931,44.95023841217007
2721,16,205,0.0,-93.248956500471,44.95023924182807
2722,16,206,0.0,-93.24857619632624,44.95024007021967
2723,16,207,2.5197799336072104,-93.24819589216504,44.95024089734488
2724,16,208,6.52997600651279,-93.24781558798743,44.95024172320369
2725,16,209,10.540172079418367,-93.24743528379342,44.95024254779611
2726,16,210,19.96786063546008,-93.24705497958307,44.95024337112214
2727,16,211,32.37522339894977,-93.24667467535637,44.95024419318178
2728,16,212,44.78258616243946,-93.24629437111336,44.950245013975014
2729,16,213,57.18994892592915,-93.24591406685408,44.95024583350187
2730,16,214,69.59731168941885,-93.24553376257853,44.95024665176232
2731,16,215,82.18885496933083,-93.24515345828674,44.95024746875638
2732,16,216,99.43579094138019,-93.24477315397876,44.95024828448405
2733,16,217,117.81100164995651,-93.24439284965456,44.950249098945314
2734,16,218,136.18621235853288,-93.24401254531423,44.9502499121402
2735,16,219,154.5614230671092,-93.24363224095775,44.95025072406869
2736,16,220,172.93663377568555,-93.24325193658515,44.950251534730775
2737,16,221,192.69858999978564,-93.2428716321965,44.95025234412647
2738,16,222,214.84414705363054,-93.24249132779175,44.95025315225577
2739,16,223,238.71168479674085,-93.242111023371,44.950253959118676
2740,16,224,242.35433660131494,-93.24173071893422,44.95025476471517
2741,16,225,230.25131446838654,-93.24135041448147,44.950255569045304
2742,16,226,221.57552021686914,-93.24097011001275,44.95025637210902
2743,16,227,216.73890860741304,-93.2405898055281,44.95025717390635
2744,16,228,215.99953205803223,-93.24020950102755,44.95025797443728
2745,16,229,219.394134552693,-93.23982919651111,44.950258773701805
2746,16,230,224.62524772061568,-93.23944889197881,44.95025957169995
2747,16,231,230.55167574728603,-93.23906858743067,44.95026036843169
2748,16,232,239.8248659669129,-93.23868828286673,44.95026116389704
2749,16,233,244.6331253550178,-93.23830797828701,44.950261958095986
2750,16,234,229.7896146101129,-93.23792767369153,44.95026275102854
2751,16,235,218.08523091755794,-93.23754736908033,44.95026354269469
2752,16,236,210.04539725036804,-93.2371670644534,44.95026433309446
2753,16,237,206.09941743674406,-93.2367867598108,44.95026512222781
2754,16,238,206.48213198595573,-93.23640645515255,44.95026591009478
2755,16,239,211.17000684558877,-93.23602615047866,44.95026669669535
2756,16,240,219.88786404180286,-93.23564584578915,44.950267482029524
2757,16,241,232.18219939212983,-93.23526554108408,44.9502682660973
2758,16,242,247.52065504976974,-93.23488523636345,44.950269048898676
2759,16,243,265.3759138240836,-93.23450493162727,44.95026983043365
2760,16,244,285.27579041984586,-93.23412462687561,44.95027061070224
2761,16,245,306.8227135682236,-93.23374432210846,44.95027138970441
2762,16,246,329.6939164180445,-93.23336401732584,44.95027216744021
2763,16,256,344.6046533652629,-93.22956096865522,44.95027987514613
2764,16,257,342.7037191696911,-93.22918066370426,44.95028063895153
2765,16,258,340.80278497411933,-93.22880035873814,44.950281401490535
2766,16,259,338.9018507785475,-93.22842005375689,44.95028216276313
2767,16,260,337.0009165829758,-93.22803974876054,44.950282922769325
2768,16,261,335.099982387404,-93.22765944374912,44.95028368150912
2769,16,262,333.1990481918322,-93.22727913872264,44.95028443898252
2770,16,263,331.29811399626044,-93.22689883368113,44.95028519518952
2771,16,264,329.39717980068866,-93.22651852862461,44.950285950130116
2772,16,265,327.61121676233506,-93.22613822355312,44.95028670380431
2773,16,266,325.8391683397359,-93.22575791846668,44.95028745621211
2774,16,267,324.0671199171368,-93.22537761336531,44.9502882073535
2775,16,268,322.2950714945376,-93.22499730824903,44.9502889572285
2776,16,269,320.52302307193844,-93.22461700311787,44.95028970583709
2777,16,270,318.7509746493393,-93.22423669797188,44.950290453179285
2778,16,271,316.9789262267401,-93.22385639281104,44.950291199255076
2779,16,272,315.20687780414096,-93.2234760876354,44.95029194406446
2780,16,273,313.43482938154176,-93.223095782445,44.95029268760746
2781,16,274,311.6627809589426,-93.22271547723984,44.95029342988403
2782,16,275,309.8907325363435,-93.22233517201995,44.95029417089422
2783,16,276,308.1186841137443,-93.22195486678537,44.95029491063801
2784,16,277,306.72920490354744,-93.22157456153609,44.950295649115375
2785,16,278,307.71635310344925,-93.22119425627218,44.95029638632635
2786,16,279,309.27885534700255,-93.22081395099363,44.95029712227093
2787,16,280,310.8413575905558,-93.2204336457005,44.950297856949106
2788,16,281,312.4038598341091,-93.22005334039277,44.950298590360866
2789,16,282,313.9663620776623,-93.2196730350705,44.95029932250623
2790,16,283,315.5288643212156,-93.21929272973371,44.9503000533852
2791,16,284,317.09136656476886,-93.21891242438241,44.95030078299776
2792,16,285,319.86752952986546,-93.21853211901663,44.950301511343916
2793,16,286,325.39059276106383,-93.21815181363641,44.95030223842367
2794,16,287,333.53086703820026,-93.21777150824178,44.95030296423702
2795,16,288,343.8174845400475,-93.21739120283273,44.950303688783954
2796,17,1,345.1876130410327,-93.32653969748246,44.95031382568473
2797,17,2,320.88088916025373,-93.32615939543321,44.950314912427224
2798,17,3,297.6148549040931,-93.3257790933624,44.950315997903346
2799,17,4,275.33247034721745,-93.32539879127005,44.95031708211311
2800,17,5,253.12968127096946,-93.32501848915616,44.9503181650565
2801,17,6,230.92689219472152,-93.32463818702081,44.95031924673352
2802,17,7,208.72410311847358,-93.32425788486397,44.95032032714416
2803,17,8,186.52131404222567,-93.3238775826857,44.95032140628844
2804,17,9,164.31852496597773,-93.32349728048601,44.95032248416634
2805,17,10,142.2028975994801,-93.32311697826493,44.950323560777875
2806,17,11,122.43604622545412,-93.32273667602249,44.950324636123035
2807,17,12,103.94679837571289,-93.32235637375871,44.95032571020182
2808,17,13,85.45755052597168,-93.32197607147361,44.95032678301423
2809,17,14,66.96830267623046,-93.32159576916722,44.95032785456028
2810,17,15,49.33116021856526,-93.32121546683958,44.95032892483996
2811,17,16,34.06091637756339,-93.32083516449069,44.95032999385325
2812,17,17,18.790672536561505,-93.32045486212058,44.950331061600174
2813,17,18,3.520428695559628,-93.32007455972928,44.95033212808073
2814,17,19,0.0,-93.31969425731681,44.95033319329491
2815,17,20,4.5921036854340915,-93.31931395488323,44.95033425724271
2816,17,21,15.145918710105587,-93.31893365242851,44.95033531992415
2817,17,22,25.699733734777084,-93.31855334995272,44.950336381339206
2818,17,23,36.25354875944858,-93.31817304745584,44.950337441487896
2819,17,24,46.80736378412007,-93.31779274493795,44.95033850037021
2820,17,25,53.78891369848346,-93.31741244239903,44.95033955798615
2821,17,26,58.56071347441582,-93.31703213983913,44.950340614335715
2822,17,27,63.332513250348185,-93.31665183725826,44.95034166941889
2823,17,28,68.10431302628055,-93.31627153465645,44.950342723235714
2824,17,29,72.87611280221292,-93.31589123203375,44.950343775786145
2825,17,30,74.63607210457936,-93.31551092939014,44.95034482707021
2826,17,31,74.50895460164897,-93.31513062672566,44.9503458770879
2827,17,32,74.38183709871856,-93.31475032404038,44.95034692583921
2828,17,33,72.85320040630236,-93.31437002133426,44.95034797332415
2829,17,34,69.90591846674039,-93.31398971860736,44.95034901954271
2830,17,35,66.95863652717841,-93.31360941585969,44.9503500644949
2831,17,36,64.01135458761644,-93.3132291130913,44.95035110818071
2832,17,37,61.06407264805446,-93.31284881030219,44.95035215060014
2833,17,38,58.11679070849249,-93.31246850749238,44.950353191753194
2834,17,39,55.16950876893051,-93.31208820466192,44.950354231639864
2835,17,40,52.22222682936854,-93.31170790181083,44.95035527026017
2836,17,41,49.27494488980656,-93.31132759893912,44.9503563076141
2837,17,42,46.32766295024459,-93.31094729604683,44.95035734370164
2838,17,43,43.38038101068261,-93.31056699313399,44.950358378522814
2839,17,44,40.43309907112064,-93.3101866902006,44.9503594120776
2840,17,45,37.48581713155866,-93.3098063872467,44.95036044436601
2841,17,46,34.53853519199669,-93.30942608427232,44.95036147538806
2842,17,47,31.591253252434708,-93.30904578127748,44.950362505143715
2843,17,48,28.643971312872733,-93.3086654782622,44.95036353363299
2844,17,49,25.711323287505575,-93.3082851752265,44.95036456085589
2845,17,50,22.79240272600408,-93.30790487217044,44.95036558681241
2846,17,51,19.873482164502587,-93.307524569094,44.95036661150255
2847,17,52,16.954561603001096,-93.30714426599724,44.95036763492631
2848,17,53,14.035641041499606,-93.30676396288017,44.9503686570837
2849,17,54,11.116720479998111,-93.30638365974279,44.950369677974706
2850,17,55,8.19779991849662,-93.30600335658518,44.95037069759934
2851,17,56,5.2788793569951284,-93.30562305340733,44.95037171595758
2852,17,57,2.3599587954936365,-93.30524275020927,44.95037273304944
2853,17,58,0.0,-93.30486244699104,44.950373748874924
2854,17,59,0.0,-93.30448214375264,44.95037476343403
2855,17,60,0.0,-93.3041018404941,44.95037577672675
2856,17,61,0.0,-93.30372153721545,44.95037678875309
2857,17,62,0.0,-93.30334123391674,44.95037779951305
2858,17,63,0.0,-93.30296093059795,44.95037880900663
2859,17,64,0.0,-93.30258062725913,44.950379817233824
2860,17,65,0.0,-93.30220032390031,44.950380824194646
2861,17,66,0.0,-93.3018200205215,44.950381829889075
2862,17,67,0.0,-93.30143971712275,44.95038283431714
2863,17,68,0.0,-93.30105941370405,44.9503838374788
2864,17,69,0.0,-93.30067911026543,44.9503848393741
2865,17,70,0.0,-93.30029880680696,44.95038584000301
2866,17,71,0.0,-93.29991850332863,44.95038683936553
2867,17,72,0.0,-93.29953819983045,44.950387837461676
2868,17,73,0.0,-93.29915789631248,44.95038883429143
2869,17,74,0.0,-93.29877759277471,44.9503898298548
2870,17,75,0.0,-93.2983972892172,44.950390824151796
2871,17,76,0.0,-93.29801698563996,44.950391817182414
2872,17,77,0.0,-93.297636682043,44.95039280894664
2873,17,78,0.0,-93.29725637842638,44.95039379944446
2874,17,79,0.0,-93.29687607479009,44.95039478867593
2875,17,80,0.0,-93.29649577113418,44.950395776641
2876,17,81,0.0,-93.29611546745866,44.95039676333968
2877,17,82,0.0,-93.29573516376355,44.95039774877199
2878,17,83,0.0,-93.2953548600489,44.95039873293792
2879,17,84,0.0,-93.29497455631473,44.95039971583745
2880,17,85,0.0,-93.29459425256103,44.950400697470606
2881,17,86,0.0,-93.29421394878786,44.95040167783736
2882,17,87,0.0,-93.29383364499523,44.95040265693775
2883,17,88,0.0,-93.29345334118318,44.950403634771746
2884,17,89,0.0,-93.29307303735172,44.950404611339344
2885,17,90,0.0,-93.29269273350089,44.95040558664057
2886,17,91,0.0,-93.29231242963071,44.95040656067541
2887,17,92,0.0,-93.29193212574118,44.95040753344386
2888,17,93,0.0,-93.29155182183237,44.95040850494592
2889,17,94,0.0,-93.29117151790427,44.950409475181594
2890,17,95,0.0,-93.29079121395692,44.95041044415088
2891,17,96,0.0,-93.29041090999034,44.950411411853786
2892,17,97,0.0,-93.29003060600455,44.95041237829031
2893,17,98,0.0,-93.2896503019996,44.95041334346043
2894,17,99,0.0,-93.28926999797548,44.95041430736418
2895,17,100,0.0,-93.28888969393225,44.950415270001535
2896,17,101,0.0,-93.28850938986989,44.95041623137249
2897,17,102,0.0,-93.28812908578848,44.950417191477065
2898,17,103,0.0,-93.28774878168801,44.95041815031527
2899,17,104,0.0,-93.28736847756852,44.95041910788707
2900,17,105,0.0,-93.28698817343,44.95042006419248
2901,17,106,0.0,-93.28660786927253,44.950421019231506
2902,17,107,0.0,-93.28622756509611,44.95042197300415
2903,17,108,0.0,-93.28584726090075,44.950422925510395
2904,17,109,0.0,-93.2854669566865,44.95042387675025
2905,17,110,0.0,-93.28508665245337,44.95042482672372
2906,17,111,0.0,-93.2847063482014,44.950425775430794
2907,17,112,0.0,-93.28432604393059,44.95042672287149
2908,17,113,0.0,-93.28394573964098,44.95042766904578
2909,17,114,0.0,-93.28356543533259,44.9504286139537
2910,17,115,0.0,-93.28318513100547,44.950429557595214
2911,17,116,0.0,-93.28280482665961,44.950430499970345
2912,17,117,0.0,-93.28242452229506,44.95043144107908
2913,17,118,0.06295333156590638,-93.28204421791183,44.95043238092144
2914,17,119,0.2988569158942939,-93.28166391350995,44.95043331949739
2915,17,120,0.5347605002226814,-93.28128360908944,44.950434256806965
2916,17,121,0.7706640845510689,-93.28090330465032,44.950435192850136
2917,17,122,1.0065676688794565,-93.28052300019264,44.95043612762692
2918,17,123,1.2424712532078441,-93.28014269571642,44.950437061137315
2919,17,124,1.4783748375362316,-93.27976239122167,44.950437993381314
2920,17,125,1.714278421864619,-93.27938208670842,44.95043892435893
2921,17,126,1.9501820061930069,-93.27900178217669,44.95043985407015
2922,17,127,2.1860855905213943,-93.27862147762652,44.95044078251498
2923,17,128,2.2039722809568048,-93.27824117305792,44.95044170969341
2924,17,129,2.2039722809568048,-93.27786086847094,44.95044263560545
2925,17,130,2.2039722809568048,-93.27748056386558,44.9504435602511
2926,17,131,2.2039722809568048,-93.27710025924185,44.95044448363035
2927,17,132,2.2039722809568048,-93.27671995459981,44.95044540574322
2928,17,133,2.2039722809568048,-93.27633964993949,44.95044632658969
2929,17,134,2.2039722809568048,-93.27595934526087,44.950447246169766
2930,17,135,2.2039722809568048,-93.27557904056403,44.95044816448345
2931,17,136,2.2039722809568048,-93.27519873584895,44.950449081530735
2932,17,137,2.2039722809568048,-93.27481843111568,44.95044999731164
2933,17,138,2.2039722809568048,-93.27443812636423,44.950450911826145
2934,17,139,2.2039722809568048,-93.27405782159464,44.95045182507425
2935,17,140,2.2039722809568048,-93.27367751680693,44.95045273705597
2936,17,141,2.2039722809568048,-93.27329721200111,44.950453647771276
2937,17,142,2.2039722809568048,-93.27291690717723,44.950454557220205
2938,17,143,2.2039722809568048,-93.27253660233531,44.95045546540274
2939,17,144,2.2039722809568048,-93.27215629747536,44.95045637231888
2940,17,145,2.2039722809568048,-93.27177599259743,44.95045727796862
2941,17,146,2.2039722809568048,-93.2713956877015,44.950458182351966
2942,17,147,2.2039722809568048,-93.27101538278765,44.95045908546891
2943,17,148,2.2039722809568048,-93.27063507785586,44.95045998731946
2944,17,149,2.101861864426158,-93.27025477290618,44.95046088790363
2945,17,150,1.8863501840910406,-93.26987446793865,44.950461787221386
2946,17,151,1.6708385037559232,-93.26949416295327,44.950462685272754
2947,17,152,1.4553268234208057,-93.26911385795005,44.950463582057736
2948,17,153,1.2398151430856883,-93.26873355292904,44.95046447757631
2949,17,154,1.0243034627505707,-93.26835324789027,44.95046537182849
2950,17,155,0.8087917824154531,-93.26797294283375,44.950466264814274
2951,17,156,0.5932801020803357,-93.26759263775952,44.950467156533655
2952,17,157,0.3777684217452181,-93.26721233266758,44.95046804698665
2953,17,158,0.16225674141010057,-93.26683202755798,44.95046893617324
2954,17,159,0.0,-93.26645172243073,44.95046982409344
2955,17,160,0.0,-93.26607141728587,44.95047071074724
2956,17,161,0.0,-93.26569111212342,44.95047159613463
2957,17,162,0.0,-93.26531080694339,44.95047248025564
2958,17,163,0.0,-93.26493050174582,44.95047336311025
2959,17,164,0.0,-93.26455019653073,44.95047424469844
2960,17,165,0.0,-93.26416989129815,44.950475125020255
2961,17,166,0.0,-93.26378958604812,44.95047600407566
2962,17,167,0.0,-93.26340928078064,44.950476881864674
2963,17,168,0.0,-93.26302897549573,44.950477758387294
2964,17,169,0.0,-93.26264867019343,44.95047863364351
2965,17,170,0.0,-93.26226836487375,44.950479507633325
2966,17,171,0.0,-93.26188805953674,44.95048038035674
2967,17,172,0.0,-93.26150775418243,44.950481251813756
2968,17,173,0.0,-93.26112744881081,44.95048212200438
2969,17,174,0.0,-93.26074714342192,44.9504829909286
2970,17,175,0.0,-93.2603668380158,44.95048385858642
2971,17,176,0.30776579472436855,-93.25998653259246,44.950484724977834
2972,17,177,0.6521308601826201,-93.25960622715193,44.95048559010285
2973,17,178,0.9964959256408714,-93.25922592169424,44.95048645396147
2974,17,179,1.340860991099123,-93.2588456162194,44.95048731655369
2975,17,180,1.6852260565573745,-93.25846531072744,44.95048817787951
2976,17,181,2.029591122015626,-93.2580850052184,44.95048903793892
2977,17,182,2.3739561874738775,-93.2577046996923,44.950489896731945
2978,17,183,2.718321252932129,-93.25732439414914,44.95049075425857
2979,17,184,3.0626863183903805,-93.25694408858897,44.950491610518775
2980,17,185,3.407051383848632,-93.25656378301183,44.95049246551259
2981,17,186,3.7514164493068836,-93.25618347741771,44.95049331924001
2982,17,187,4.095781514765136,-93.25580317180663,44.95049417170102
2983,17,188,4.440146580223388,-93.25542286617866,44.95049502289563
2984,17,189,4.784511645681639,-93.25504256053381,44.950495872823836
2985,17,190,5.128876711139891,-93.25466225487209,44.95049672148564
2986,17,191,5.473241776598142,-93.25428194919351,44.95049756888104
2987,17,192,5.553329637702675,-93.25390164349812,44.950498415010046
2988,17,193,5.117690928798333,-93.25352133778595,44.95049925987264
2989,17,194,4.682052219893992,-93.25314103205703,44.95050010346884
2990,17,195,4.246413510989649,-93.25276072631135,44.95050094579864
2991,17,196,3.8107748020853065,-93.25238042054897,44.95050178686203
2992,17,197,3.3751360931809646,-93.25200011476988,44.95050262665901
2993,17,198,2.9394973842766228,-93.25161980897417,44.9505034651896
2994,17,199,2.5038586753722805,-93.2512395031618,44.95050430245379
2995,17,200,2.068219966467938,-93.2508591973328,44.95050513845156
2996,17,201,1.6325812575635958,-93.25047889148722,44.95050597318294
2997,17,202,1.1969425486592535,-93.2500985856251,44.950506806647915
2998,17,203,0.7613038397549107,-93.24971827974642,44.95050763884648
2999,17,204,0.3256651308505684,-93.24933797385123,44.95050846977864
3000,17,205,0.0,-93.24895766793956,44.9505092994444
3001,17,206,0.0,-93.24857736201142,44.95051012784376
3002,17,207,0.0,-93.24819705606686,44.950510954976714
3003,17,208,0.0,-93.24781675010586,44.95051178084326
3004,17,209,0.0,-93.2474364441285,44.9505126054434
3005,17,210,0.0,-93.24705613813477,44.950513428777136
3006,17,211,5.06117299892361,-93.2466758321247,44.95051425084448
3007,17,212,17.4685357624133,-93.24629552609832,44.95051507164539
3008,17,213,29.875898525902986,-93.24591522005565,44.95051589117992
3009,17,214,42.28326128939268,-93.24553491399672,44.950516709448024
3010,17,215,57.346625872229104,-93.24515460792156,44.950517526449744
3011,17,216,75.72183658080544,-93.24477430183019,44.95051834218505
3012,17,217,94.0970472893818,-93.24439399572263,44.95051915665395
3013,17,218,112.47225799795812,-93.24401368959893,44.95051996985644
3014,17,219,130.84746870653447,-93.24363338345907,44.95052078179253
3015,17,220,150.27320443746558,-93.24325307730311,44.9505215924622
3016,17,221,172.6478986469307,-93.24287277113106,44.950522401865484
3017,17,222,197.03884445418916,-93.24249246494296,44.950523210002345
3018,17,223,221.98188894692734,-93.24211215873882,44.95052401687281
3019,17,224,216.07554099427566,-93.24173185251867,44.950524822476865
3020,17,225,202.40722013042236,-93.24135154628253,44.95052562681452
3021,17,226,192.48045642579302,-93.24097124003045,44.950526429885755
3022,17,227,186.89240073057536,-93.24059093376242,44.950527231690586
3023,17,228,186.0344398110047,-93.24021062747849,44.950528032229
3024,17,229,189.85373078049676,-93.23983032117866,44.950528831501025
3025,17,230,195.08484394841943,-93.239450014863,44.95052962950664
3026,17,231,201.64614390359836,-93.23906970853147,44.95053042624584
3027,17,232,212.18637679492224,-93.23868940218415,44.950531221718634
3028,17,233,219.82975206990054,-93.23830909582105,44.95053201592503
3029,17,234,203.37057119153678,-93.2379287894422,44.950532808865
3030,17,235,190.04602123820507,-93.2375484830476,44.95053360053857
3031,17,236,180.76335676838005,-93.23716817663731,44.950534390945734
3032,17,237,176.16268649141625,-93.23678787021132,44.950535180086476
3033,17,238,176.61028586572576,-93.23640756376969,44.950535967960825
3034,17,239,182.0689266054857,-93.23602725731241,44.95053675456875
3035,17,240,192.111933510061,-93.23564695083952,44.95053753991028
3036,17,241,206.07012388668684,-93.23526664435107,44.9505383239854
3037,17,242,223.21020792153485,-93.23488633784706,44.9505391067941
3038,17,243,242.85941999863869,-93.2345060313275,44.9505398883364
3039,17,244,264.4590683712236,-93.23412572479245,44.95054066861229
3040,17,245,287.56999114211465,-93.23374541824192,44.95054144762177
3041,17,246,311.8563784295205,-93.23336511167592,44.95054222536484
3042,17,247,332.69152072506483,-93.2329848050945,44.950543001841496
3043,17,248,332.9724072889592,-93.23260449849768,44.950543777051735
3044,17,249,333.2532938528535,-93.23222419188546,44.95054455099558
3045,17,250,328.1870732658262,-93.2318438852579,44.95054532367301
3046,17,251,324.25117880745086,-93.23146357861502,44.95054609508402
3047,17,252,322.26867656869103,-93.2310832719568,44.95054686522863
3048,17,253,320.3677423731193,-93.23070296528333,44.95054763410682
3049,17,254,318.46680817754753,-93.2303226585946,44.950548401718606
3050,17,255,316.56587398197576,-93.22994235189063,44.95054916806398
3051,17,256,314.664939786404,-93.22956204517146,44.950549933142945
3052,17,257,312.7640055908322,-93.2291817384371,44.95055069695549
3053,17,258,310.8630713952604,-93.22880143168761,44.950551459501625
3054,17,259,308.96213719968864,-93.22842112492299,44.95055222078135
3055,17,260,307.0612030041169,-93.22804081814324,44.95055298079467
3056,17,261,305.16026880854514,-93.22766051134843,44.95055373954157
3057,17,262,303.25933461297336,-93.22728020453856,44.95055449702206
3058,17,263,301.3584004174016,-93.22689989771366,44.95055525323614
3059,17,264,299.4574662218298,-93.22651959087376,44.95055600818381
3060,17,265,297.66359841983643,-93.22613928401888,44.95055676186506
3061,17,266,295.89154999723723,-93.22575897714906,44.9505575142799
3062,17,267,294.1195015746381,-93.22537867026429,44.95055826542833
3063,17,268,292.3474531520389,-93.22499836336463,44.95055901531034
3064,17,269,290.57540472943975,-93.2246180564501,44.95055976392594
3065,17,270,288.8033563068406,-93.2242377495207,44.950560511275135
3066,17,271,287.0313078842414,-93.22385744257647,44.95056125735791
3067,17,272,285.2592594616423,-93.22347713561744,44.95056200217427
3068,17,273,283.48721103904313,-93.22309682864366,44.95056274572422
3069,17,274,281.71516261644393,-93.2227165216551,44.95056348800776
3070,17,275,279.9431141938448,-93.22233621465182,44.95056422902487
3071,17,276,278.1710657712456,-93.22195590763384,44.95056496877558
3072,17,277,276.73059761534626,-93.22157560060118,44.95056570725988
3073,17,278,277.7570709568609,-93.22119529355388,44.950566444477765
3074,17,279,279.31957320041414,-93.22081498649194,44.950567180429225
3075,17,280,280.8820754439674,-93.2204346794154,44.95056791511427
3076,17,281,282.4445776875206,-93.2200543723243,44.95056864853292
3077,17,282,284.0070799310739,-93.21967406521864,44.95056938068513
3078,17,283,285.56958217462716,-93.21929375809844,44.95057011157094
3079,17,284,287.13208441818045,-93.21891345096377,44.95057084119033
3080,17,285,290.1877800074729,-93.2185331438146,44.95057156954331
3081,17,286,296.2646605242053,-93.21815283665099,44.950572296629865
3082,17,287,305.18281485919175,-93.21777252947294,44.95057302245002
3083,17,288,315.7462596799709,-93.21739222228051,44.95057374700374
3084,17,289,326.3295642137643,-93.21701191507368,44.950574470291066
3085,17,290,336.9128687475578,-93.21663160785252,44.95057519231196
3086,17,291,347.4961732813512,-93.21625130061705,44.95057591306645
3087,18,2,339.9478563372257,-93.32616092494132,44.95058496821058
3088,18,3,317.71039652921127,-93.32578062108718,44.95058605369687
3089,18,4,295.5076074529633,-93.32540031721149,44.95058713791678
3090,18,5,273.3048183767154,-93.32502001331429,44.9505882208703
3091,18,6,251.10202930046742,-93.32463970939558,44.95058930255745
3092,18,7,228.8992402242195,-93.32425940545542,44.95059038297821
3093,18,8,206.69645114797157,-93.32387910149382,44.950591462132586
3094,18,9,184.62662920863986,-93.32349879751081,44.95059254002058
3095,18,10,164.5512971148404,-93.32311849350639,44.95059361664219
3096,18,11,146.06119625568334,-93.32273818948062,44.95059469199743
3097,18,12,127.57194840594212,-93.3223578854335,44.95059576608627
3098,18,13,109.08270055620092,-93.32197758136508,44.95059683890873
3099,18,14,90.70978157692885,-93.32159727727534,44.95059791046481
3100,18,15,75.15401159164846,-93.32121697316437,44.9505989807545
3101,18,16,59.88376775064658,-93.32083666903213,44.95060004977781
3102,18,17,44.6135239096447,-93.32045636487868,44.95060111753474
3103,18,18,29.343280068642816,-93.32007606070405,44.95060218402528
3104,18,19,16.728941079172436,-93.31969575650827,44.95060324924943
3105,18,20,6.26330629159741,-93.31931545229132,44.9506043132072
3106,18,21,0.0,-93.31893514805327,44.950605375898576
3107,18,22,0.0,-93.31855484379413,44.95060643732358
3108,18,23,8.171223563250566,-93.31817453951395,44.95060749748219
3109,18,24,18.72503858792206,-93.3177942352127,44.95060855637441
3110,18,25,24.17084612312649,-93.31741393089045,44.950609614000264
3111,18,26,28.942645899058853,-93.3170336265472,44.95061067035972
3112,18,27,33.71444567499122,-93.316653322183,44.95061172545279
3113,18,28,38.48624545092358,-93.31627301779785,44.95061277927946
3114,18,29,43.25804522685595,-93.3158927133918,44.95061383183976
3115,18,30,44.636341420114064,-93.31551240896485,44.950614883133674
3116,18,31,44.50922391718366,-93.31513210451706,44.95061593316119
3117,18,32,44.382106414253265,-93.31475180004841,44.95061698192231
3118,18,33,42.99832594385098,-93.31437149555894,44.950618029417065
3119,18,34,40.051044004289004,-93.31399119104871,44.95061907564542
3120,18,35,37.10376206472703,-93.31361088651771,44.95062012060738
3121,18,36,34.156480125165054,-93.31323058196595,44.95062116430297
3122,18,37,31.20919818560307,-93.31285027739351,44.95062220673216
3123,18,38,28.2619162460411,-93.31246997280036,44.950623247894974
3124,18,39,25.314634306479125,-93.31208966818656,44.95062428779138
3125,18,40,22.36735236691715,-93.31170936355213,44.95062532642141
3126,18,41,19.420070427355174,-93.31132905889707,44.95062636378505
3127,18,42,16.472788487793196,-93.31094875422144,44.95062739988229
3128,18,43,13.525506548231224,-93.31056844952523,44.95062843471315
3129,18,44,10.57822460866925,-93.3101881448085,44.95062946827763
3130,18,45,7.630942669107275,-93.30980784007127,44.9506305005757
3131,18,46,4.683660729545299,-93.30942753531353,44.95063153160739
3132,18,47,1.7363787899833238,-93.30904723053536,44.95063256137269
3133,18,48,0.0,-93.30866692573673,44.9506335898716
3134,18,49,0.0,-93.30828662091768,44.95063461710412
3135,18,50,0.0,-93.30790631607827,44.95063564307025
3136,18,51,0.0,-93.30752601121848,44.95063666776998
3137,18,52,0.0,-93.30714570633837,44.95063769120333
3138,18,53,0.0,-93.30676540143796,44.95063871337028
3139,18,54,0.0,-93.30638509651725,44.95063973427085
3140,18,55,6.705559258686672,-93.30600479157629,44.95064075390502
3141,18,56,8.731002372838919,-93.30562448661507,44.9506417722728
3142,18,57,10.756445486991163,-93.30524418163367,44.950642789374186
3143,18,58,12.781888601143407,-93.30486387663208,44.95064380520918
3144,18,59,14.807331715295655,-93.30448357161032,44.95064481977779
3145,18,60,16.8327748294479,-93.30410326656843,44.950645833079996
3146,18,61,18.858217943600145,-93.30372296150645,44.95064684511581
3147,18,62,20.88366105775239,-93.30334265642436,44.95064785588524
3148,18,63,22.778047215578678,-93.30296235132224,44.95064886538827
3149,18,64,24.636539648949864,-93.30258204620007,44.95064987362491
3150,18,65,26.49503208232105,-93.30220174105789,44.950650880595155
3151,18,66,28.35352451569224,-93.30182143589573,44.95065188629901
3152,18,67,29.07704588435724,-93.30144113071361,44.95065289073647
3153,18,68,28.967156511664232,-93.30106082551157,44.950653893907536
3154,18,69,28.857267138971224,-93.30068052028962,44.95065489581221
3155,18,70,28.747377766278216,-93.30030021504777,44.95065589645048
3156,18,71,28.63748839358521,-93.29991990978608,44.95065689582236
3157,18,72,28.5275990208922,-93.29953960450456,44.95065789392785
3158,18,73,28.417709648199192,-93.29915929920323,44.95065889076694
3159,18,74,28.307820275506188,-93.29877899388211,44.950659886339636
3160,18,75,28.24144082143949,-93.29839868854124,44.95066088064594
3161,18,76,28.198419833220953,-93.29801838318065,44.950661873685846
3162,18,77,28.15539884500242,-93.29763807780033,44.950662865459364
3163,18,78,28.112377856783883,-93.29725777240034,44.95066385596647
3164,18,79,28.069356868565343,-93.2968774669807,44.9506648452072
3165,18,80,28.02633588034681,-93.29649716154142,44.95066583318152
3166,18,81,27.983314892128273,-93.29611685608255,44.95066681988945
3167,18,82,27.94029390390974,-93.2957365506041,44.95066780533098
3168,18,83,27.897272915691204,-93.29535624510608,44.95066878950612
3169,18,84,27.854251927472667,-93.29497593958854,44.95066977241485
3170,18,85,27.81123093925413,-93.29459563405149,44.9506707540572
3171,18,86,27.768209951035594,-93.29421532849496,44.95067173443314
3172,18,87,27.725188962817057,-93.29383502291897,44.95067271354268
3173,18,88,27.682167974598524,-93.29345471732356,44.95067369138583
3174,18,89,27.639146986379988,-93.29307441170873,44.95067466796259
3175,18,90,27.59612599816145,-93.29269410607453,44.950675643272945
3176,18,91,27.553105009942914,-93.292313800421,44.950676617316894
3177,18,92,27.510084021724378,-93.29193349474811,44.95067759009445
3178,18,93,27.467063033505845,-93.29155318905593,44.95067856160561
3179,18,94,27.424042045287308,-93.29117288334447,44.950679531850376
3180,18,95,27.38102105706877,-93.29079257761376,44.95068050082873
3181,18,96,27.33800006885024,-93.29041227186381,44.950681468540715
3182,18,97,27.294979080631702,-93.29003196609467,44.95068243498628
3183,18,98,27.251958092413165,-93.28965166030635,44.95068340016543
3184,18,99,27.20893710419463,-93.28927135449887,44.95068436407821
3185,18,100,27.165916115976092,-93.28889104867226,44.950685326724575
3186,18,101,27.12289512775756,-93.28851074282656,44.95068628810454
3187,18,102,27.079874139539022,-93.28813043696178,44.9506872482181
3188,18,103,27.036853151320486,-93.28775013107794,44.950688207065284
3189,18,104,26.99383216310195,-93.28736982517506,44.95068916464606
3190,18,105,26.995279212606917,-93.28698951925321,44.95069012096042
3191,18,106,27.231182796935304,-93.28660921331237,44.95069107600838
3192,18,107,27.46708638126369,-93.28622890735258,44.95069202978995
3193,18,108,27.70298996559208,-93.28584860137386,44.950692982305114
3194,18,109,27.93889354992047,-93.28546829537623,44.95069393355388
3195,18,110,28.174797134248855,-93.28508798935974,44.950694883536244
3196,18,111,28.41070071857724,-93.28470768332438,44.95069583225221
3197,18,112,28.646604302905633,-93.28432737727022,44.95069677970177
3198,18,113,28.882507887234016,-93.28394707119723,44.95069772588493
3199,18,114,29.118411471562403,-93.28356676510549,44.95069867080168
3200,18,115,29.35431505589079,-93.28318645899498,44.95069961445204
3201,18,116,29.59021864021918,-93.28280615286576,44.950700556836
3202,18,117,29.826122224547568,-93.28242584671783,44.950701497953546
3203,18,118,30.062025808875955,-93.28204554055122,44.95070243780471
3204,18,119,30.297929393204342,-93.28166523436599,44.95070337638945
3205,18,120,30.533832977532732,-93.2812849281621,44.950704313707796
3206,18,121,30.76973656186112,-93.28090462193963,44.950705249759736
3207,18,122,31.005640146189503,-93.28052431569857,44.95070618454527
3208,18,123,31.241543730517897,-93.28014400943898,44.9507071180644
3209,18,124,31.47744731484628,-93.27976370316085,44.95070805031713
3210,18,125,31.713350899174667,-93.27938339686423,44.95070898130346
3211,18,126,31.949254483503054,-93.27900309054914,44.950709911023374
3212,18,127,32.185158067831445,-93.27862278421559,44.950710839476905
3213,18,128,32.203972280956805,-93.27824247786361,44.95071176666402
3214,18,129,32.203972280956805,-93.27786217149325,44.95071269258473
3215,18,130,32.203972280956805,-93.27748186510452,44.95071361723904
3216,18,131,32.203972280956805,-93.27710155869742,44.95071454062694
3217,18,132,32.203972280956805,-93.27672125227201,44.950715462748434
3218,18,133,32.203972280956805,-93.27634094582831,44.950716383603535
3219,18,134,32.203972280956805,-93.27596063936632,44.950717303192214
3220,18,135,32.203972280956805,-93.2755803328861,44.95071822151451
3221,18,136,32.203972280956805,-93.27520002638764,44.95071913857038
3222,18,137,32.203972280956805,-93.27481971987099,44.950720054359856
3223,18,138,32.203972280956805,-93.27443941333617,44.95072096888292
3224,18,139,32.203972280956805,-93.2740591067832,44.95072188213957
3225,18,140,32.203972280956805,-93.2736788002121,44.950722794129824
3226,18,141,32.203972280956805,-93.27329849362293,44.95072370485368
3227,18,142,32.203972280956805,-93.27291818701566,44.95072461431112
3228,18,143,32.203972280956805,-93.27253788039036,44.95072552250216
3229,18,144,32.203972280956805,-93.27215757374704,44.95072642942678
3230,18,145,32.203972280956805,-93.27177726708571,44.950727335085
3231,18,146,32.203972280956805,-93.27139696040642,44.95072823947682
3232,18,147,32.203972280956805,-93.27101665370917,44.95072914260222
3233,18,148,32.203972280956805,-93.27063634699402,44.95073004446122
3234,18,149,32.10108776636635,-93.27025604026096,44.95073094505381
3235,18,150,31.885576086031232,-93.26987573351005,44.95073184438
3236,18,151,31.670064405696113,-93.26949542674127,44.950732742439776
3237,18,152,31.454552725360998,-93.26911511995468,44.95073363923316
3238,18,153,31.23904104502588,-93.26873481315029,44.95073453476011
3239,18,154,31.023529364690763,-93.26835450632814,44.95073542902067
3240,18,155,30.808017684355647,-93.26797419948824,44.9507363220148
3241,18,156,30.592506004020528,-93.26759389263061,44.95073721374254
3242,18,157,30.376994323685413,-93.2672135857553,44.95073810420387
3243,18,158,30.16148264335029,-93.26683327886232,44.95073899339879
3244,18,159,29.945970963015174,-93.2664529719517,44.9507398813273
3245,18,160,29.730459282680055,-93.26607266502346,44.950740767989394
3246,18,161,29.51494760234494,-93.26569235807762,44.95074165338508
3247,18,162,29.299435922009824,-93.2653120511142,44.950742537514365
3248,18,163,29.083924241674705,-93.26493174413324,44.95074342037724
3249,18,164,28.86841256133959,-93.26455143713478,44.9507443019737
3250,18,165,28.65290088100447,-93.26417113011881,44.95074518230375
3251,18,166,28.437389200669354,-93.26379082308537,44.9507460613674
3252,18,167,28.221877520334232,-93.26341051603451,44.950746939164624
3253,18,168,28.006365839999116,-93.26303020896621,44.95074781569545
3254,18,169,27.895233816434278,-93.26264990188054,44.950748690959855
3255,18,170,28.239598881892526,-93.26226959477748,44.95074956495786
3256,18,171,28.583963947350778,-93.26188928765708,44.95075043768944
3257,18,172,28.928329012809034,-93.26150898051937,44.950751309154626
3258,18,173,29.272694078267282,-93.26112867336437,44.950752179353394
3259,18,174,29.617059143725534,-93.2607483661921,44.95075304828574
3260,18,175,29.96142420918379,-93.26036805900259,44.950753915951694
3261,18,176,30.305789274642038,-93.25998775179586,44.950754782351225
3262,18,177,30.65015434010029,-93.25960744457194,44.950755647484335
3263,18,178,30.99451940555854,-93.25922713733085,44.95075651135105
3264,18,179,31.33888447101679,-93.25884683007263,44.95075737395135
3265,18,180,31.683249536475046,-93.25846652279728,44.95075823528523
3266,18,181,32.027614601933294,-93.25808621550486,44.950759095352694
3267,18,182,32.37197966739155,-93.25770590819535,44.95075995415375
3268,18,183,32.7163447328498,-93.25732560086881,44.950760811688404
3269,18,184,33.06070979830805,-93.25694529352526,44.950761667956634
3270,18,185,33.4050748637663,-93.2565649861647,44.950762522958456
3271,18,186,33.74943992922456,-93.25618467878719,44.95076337669386
3272,18,187,34.093804994682806,-93.25580437139274,44.95076422916286
3273,18,188,34.438170060141054,-93.25542406398138,44.950765080365436
3274,18,189,34.7825351255993,-93.25504375655312,44.9507659303016
3275,18,190,35.12690019105756,-93.25466344910801,44.95076677897136
3276,18,191,35.471265256515814,-93.25428314164604,44.95076762637469
3277,18,192,35.55016645286211,-93.25390283416728,44.950768472511626
3278,18,193,35.114527743957765,-93.25352252667172,44.95076931738213
3279,18,194,34.67888903505342,-93.25314221915939,44.950770160986224
3280,18,195,34.24325032614908,-93.25276191163032,44.950771003323915
3281,18,196,33.80761161724474,-93.25238160408455,44.950771844395184
3282,18,197,33.371972908340396,-93.25200129652207,44.95077268420003
3283,18,198,32.936334199436054,-93.25162098894295,44.950773522738466
3284,18,199,32.50069549053171,-93.25124068134717,44.95077436001049
3285,18,200,32.06505678162737,-93.2508603737348,44.95077519601609
3286,18,201,31.62941807272303,-93.25048006610582,44.95077603075528
3287,18,202,31.193779363818685,-93.2500997584603,44.95077686422806
3288,18,203,30.75814065491434,-93.24971945079822,44.95077769643442
3289,18,204,30.32250194601,-93.24933914311964,44.95077852737437
3290,18,205,29.886863237105658,-93.24895883542457,44.9507793570479
3291,18,206,26.266141372630255,-93.24857852771304,44.950780185455
3292,18,207,18.409558280970064,-93.24819821998506,44.950781012595705
3293,18,208,10.552975189309874,-93.24781791224068,44.95078183846998
3294,18,209,2.69639209764969,-93.24743760447991,44.95078266307784
3295,18,210,0.0,-93.24705729670279,44.9507834864193
3296,18,211,0.0,-93.24667698890931,44.95078430849432
3297,18,212,0.0,-93.24629668109955,44.95078512930294
3298,18,213,2.561848125876831,-93.24591637327349,44.95078594884514
3299,18,214,15.266844855161962,-93.24553606543115,44.9507867671209
3300,18,215,33.63267151165436,-93.24515575757259,44.95078758413027
3301,18,216,52.007882220230705,-93.24477544969783,44.95078839987321
3302,18,217,70.38309292880705,-93.24439514180688,44.95078921434974
3303,18,218,88.75830363738339,-93.24401483389975,44.95079002755984
3304,18,219,107.84862241078078,-93.2436345259765,44.95079083950353
3305,18,220,130.60086634934586,-93.24325421803714,44.95079165018081
3306,18,221,155.42713080541807,-93.24287391008168,44.95079245959165
3307,18,222,180.37017529815625,-93.24249360211019,44.950793267736096
3308,18,223,205.31321979089444,-93.24211329412265,44.95079407461411
3309,18,224,190.8969731621597,-93.24173298611909,44.95079488022571
3310,18,225,175.27606142149213,-93.24135267809956,44.95079568457089
3311,18,226,163.71237293615604,-93.24097237006407,44.95079648764965
3312,18,227,157.10437421454372,-93.24059206201264,44.95079728946199
3313,18,228,156.08275927308483,-93.24021175394529,44.9507980900079
3314,18,229,160.31332700830052,-93.23983144586207,44.950798889287405
3315,18,230,165.5444401762232,-93.239451137763,44.95079968730049
3316,18,231,173.11342961335976,-93.23907082964807,44.95080048404714
3317,18,232,184.9874174370056,-93.23869052151736,44.95080127952739
3318,18,233,195.16831790224913,-93.23831021337085,44.950802073741215
3319,18,234,178.08576350325492,-93.23792990520859,44.950802866688626
3320,18,235,162.70775160569337,-93.2375495970306,44.9508036583696
3321,18,236,151.76202882895436,-93.23716928883688,44.95080444878416
3322,18,237,146.25188667494425,-93.2367889806275,44.9508052379323
3323,18,238,146.79071945351686,-93.23640867240245,44.95080602581402
3324,18,239,153.3147621052241,-93.23602836416178,44.95080681242933
3325,18,240,165.1160720253538,-93.2356480559055,44.9508075977782
3326,18,241,181.16627225502594,-93.23526774763363,44.950808381860654
3327,18,242,200.4472977230737,-93.2348874393462,44.95080916467669
3328,18,243,222.11938259904943,-93.23450713104326,44.95080994622631
3329,18,244,245.55024147388505,-93.23412682272479,44.95081072650951
3330,18,245,270.2828556338408,-93.23374651439084,44.95081150552628
3331,18,246,295.9185725240574,-93.23336620604145,44.95081228327663
3332,18,247,302.69283570824746,-93.23298589767661,44.950813059760556
3333,18,248,302.9737222721418,-93.23260558929637,44.95081383497807
3334,18,249,303.25460883603614,-93.23222528090076,44.95081460892914
3335,18,250,298.66967590558033,-93.23184497248978,44.95081538161381
3336,18,251,294.37286857701974,-93.23146466406348,44.95081615303205
3337,18,252,292.3289629898322,-93.23108435562187,44.95081692318387
3338,18,253,290.4280287942604,-93.23070404716498,44.95081769206926
3339,18,254,288.5270945986886,-93.23032373869285,44.950818459688236
3340,18,255,286.62616040311684,-93.22994343020547,44.950819226040785
3341,18,256,284.7252262075451,-93.22956312170288,44.9508199911269
3342,18,257,282.82429201197334,-93.22918281318512,44.950820754946605
3343,18,258,280.92335781640156,-93.22880250465221,44.95082151749988
3344,18,259,279.0224236208298,-93.22842219610416,44.95082227878674
3345,18,260,277.121489425258,-93.22804188754102,44.95082303880717
3346,18,261,275.2205552296863,-93.2276615789628,44.95082379756117
3347,18,262,273.3196210341145,-93.22728127036952,44.95082455504876
3348,18,263,271.4186868385427,-93.2269009617612,44.95082531126992
3349,18,264,269.51775264297095,-93.2265206531379,44.950826066224664
3350,18,265,267.71598007733775,-93.2261403444996,44.95082681991296
3351,18,266,265.94393165473855,-93.22576003584636,44.95082757233486
3352,18,267,264.1718832321394,-93.22537972717818,44.95082832349031
3353,18,268,262.39983480954027,-93.2249994184951,44.95082907337935
3354,18,269,260.62778638694107,-93.22461910979716,44.95082982200196
3355,18,270,258.8557379643419,-93.22423880108435,44.95083056935815
3356,18,271,257.08368954174273,-93.22385849235671,44.950831315447914
3357,18,272,255.3116411191436,-93.22347818361428,44.95083206027124
3358,18,273,253.53959269654445,-93.22309787485706,44.950832803828156
3359,18,274,251.76754427394525,-93.2227175660851,44.950833546118645
3360,18,275,249.9954958513461,-93.22233725729839,44.95083428714271
3361,18,276,248.22344742874697,-93.22195694849701,44.95083502690034
3362,18,277,246.7323289970955,-93.22157663968093,44.950835765391545
3363,18,278,247.7977888102725,-93.2211963308502,44.95083650261633
3364,18,279,249.36029105382573,-93.22081602200485,44.95083723857469
3365,18,280,250.922793297379,-93.22043571314491,44.95083797326662
3366,18,281,252.48529554093224,-93.22005540427037,44.95083870669212
3367,18,282,254.04779778448554,-93.2196750953813,44.95083943885119
3368,18,283,255.61030002803878,-93.2192947864777,44.95084016974385
3369,18,284,257.1747605694122,-93.21891447755958,44.95084089937007
3370,18,285,260.58138629570533,-93.21853416862702,44.95084162772987
3371,18,286,267.3321160909192,-93.21815385967997,44.95084235482323
3372,18,287,277.0917302861007,-93.21777355071852,44.95084308065018
3373,18,288,287.67503481989417,-93.21739324174267,44.950843805210695
3374,18,289,298.25833935368763,-93.21701293275243,44.950844528504774
3375,18,290,308.8416438874811,-93.21663262374784,44.95084525053244
3376,18,291,319.42494842127456,-93.21625231472895,44.95084597129367
3377,18,292,330.00825295506803,-93.21587200569573,44.950846690788474
3378,18,293,340.5915574888615,-93.21549169664826,44.950847409016845
3379,19,3,337.8855336349572,-93.32578214883351,44.950856109477506
3380,19,4,315.68274455870926,-93.32540184317445,44.95085719370758
3381,19,5,293.47995548246126,-93.3250215374939,44.95085827667125
3382,19,6,271.2771664062134,-93.32464123179184,44.95085935836852
3383,19,7,249.07437732996542,-93.32426092606832,44.950860438799396
3384,19,8,227.0513605777357,-93.32388062032335,44.95086151796388
3385,19,9,206.7424908175212,-93.32350031455698,44.95086259586196
3386,19,10,188.17559413565377,-93.32312000876921,44.950863672493654
3387,19,11,169.68634628591255,-93.32273970296008,44.95086474785896
3388,19,12,151.19709843617133,-93.3223593971296,44.95086582195786
3389,19,13,132.70785058643014,-93.32197909127781,44.95086689479037
3390,19,14,116.24710680573352,-93.32159878540473,44.95086796635647
3391,19,15,100.97686296473164,-93.32121847951039,44.95086903665619
3392,19,16,85.70661912372975,-93.3208381735948,44.95087010568951
3393,19,17,70.4363752827279,-93.32045786765799,44.95087117345643
3394,19,18,55.462635842901285,-93.3200775617,44.950872239956965
3395,19,19,44.84424809320128,-93.31969725572084,44.950873305191095
3396,19,20,34.37861330562625,-93.31931694972054,44.95087436915881
3397,19,21,23.91297851805122,-93.31893664369915,44.95087543186015
3398,19,22,13.447343730476193,-93.31855633765664,44.950876493295084
3399,19,23,2.981708942901165,-93.31817603159307,44.95087755346363
3400,19,24,0.0,-93.31779572550847,44.95087861236578
3401,19,25,0.0,-93.31741541940285,44.95087967000151
3402,19,26,0.0,-93.31703511327625,44.950880726370855
3403,19,27,4.09637809963425,-93.31665480712867,44.95088178147381
3404,19,28,8.868177875566616,-93.31627450096018,44.95088283531035
3405,19,29,13.639977651498981,-93.31589419477075,44.95088388788051
3406,19,30,14.636610735648759,-93.31551388856045,44.950884939184256
3407,19,31,14.509493232718361,-93.31513358232927,44.950885989221604
3408,19,32,14.382375729787963,-93.31475327607725,44.95088703799256
3409,19,33,13.143451481399591,-93.31437296980444,44.95088808549711
3410,19,34,10.196169541837616,-93.31399266351082,44.950889131735266
3411,19,35,7.248887602275641,-93.31361235719645,44.95089017670703
3412,19,36,4.301605662713666,-93.31323205086133,44.95089122041238
3413,19,37,1.3543237231516903,-93.31285174450552,44.950892262851326
3414,19,38,0.0,-93.31247143812901,44.95089330402388
3415,19,39,0.0,-93.31209113173185,44.95089434393003
3416,19,40,0.0,-93.31171082531404,44.95089538256978
3417,19,41,0.0,-93.31133051887562,44.95089641994314
3418,19,42,0.0,-93.3109502124166,44.950897456050086
3419,19,43,0.0,-93.31056990593704,44.95089849089064
3420,19,44,0.0,-93.31018959943694,44.95089952446478
3421,19,45,0.0,-93.30980929291631,44.950900556772524
3422,19,46,2.195043593582496,-93.30942898637522,44.950901587813874
3423,19,47,5.623755800706774,-93.30904867981367,44.9509026175888
3424,19,48,8.842819508348668,-93.30866837323167,44.95090364609735
3425,19,49,12.04751727543159,-93.30828806662926,44.95090467333949
3426,19,50,15.25221504251451,-93.30790776000646,44.95090569931522
3427,19,51,18.456912809597434,-93.30752745336332,44.95090672402455
3428,19,52,21.661610576680353,-93.30714714669983,44.95090774746748
3429,19,53,24.866308343763276,-93.30676684001602,44.950908769644
3430,19,54,28.071006110846206,-93.30638653331194,44.950909790554135
3431,19,55,36.637107501157075,-93.30600622658761,44.95091081019785
3432,19,56,38.66255061530932,-93.30562591984302,44.950911828575165
3433,19,57,40.68799372946157,-93.30524561307826,44.95091284568608
3434,19,58,42.71343684361381,-93.30486530629328,44.95091386153059
3435,19,59,44.73887995776605,-93.30448499948814,44.9509148761087
3436,19,60,46.7643230719183,-93.30410469266288,44.95091588942038
3437,19,61,48.789766186070544,-93.30372438581752,44.95091690146568
3438,19,62,50.81520930022279,-93.30334407895207,44.95091791224457
3439,19,63,52.72042530876129,-93.30296377206655,44.95091892175705
3440,19,64,54.578917742132475,-93.302583465161,44.95091993000313
3441,19,65,56.437410175503665,-93.30220315823546,44.95092093698281
3442,19,66,58.295902608874854,-93.30182285128991,44.95092194269608
3443,19,67,59.07684462244496,-93.30144254432443,44.95092294714294
3444,19,68,58.96695524975195,-93.301062237339,44.9509239503234
3445,19,69,58.85706587705895,-93.30068193033367,44.95092495223746
3446,19,70,58.74717650436594,-93.30030162330844,44.9509259528851
3447,19,71,58.63728713167293,-93.29992131626337,44.95092695226634
3448,19,72,58.52739775897992,-93.29954100919848,44.950927950381164
3449,19,73,58.41750838628691,-93.29916070211375,44.9509289472296
3450,19,74,58.30761901359391,-93.29878039500926,44.95092994281162
3451,19,75,58.24140997466651,-93.298400087885,44.950930937127225
3452,19,76,58.19838898644797,-93.29801978074103,44.95093193017644
3453,19,77,58.15536799822943,-93.29763947357733,44.95093292195923
3454,19,78,58.11234701001089,-93.29725916639397,44.95093391247562
3455,19,79,58.06932602179237,-93.29687885919094,44.95093490172561
3456,19,80,58.02630503357383,-93.29649855196828,44.95093588970918
3457,19,81,57.98328404535529,-93.29611824472603,44.95093687642635
3458,19,82,57.940263057136754,-93.29573793746418,44.95093786187711
3459,19,83,57.89724206891821,-93.29535763018279,44.950938846061455
3460,19,84,57.85422108069969,-93.29497732288185,44.950939828979394
3461,19,85,57.81120009248115,-93.29459701556142,44.95094081063093
3462,19,86,57.76817910426261,-93.2942167082215,44.95094179101606
3463,19,87,57.72515811604407,-93.29383640086213,44.95094277013477
3464,19,88,57.682137127825534,-93.29345609348333,44.950943747987075
3465,19,89,57.639116139607005,-93.29307578608514,44.95094472457298
3466,19,90,57.59609515138847,-93.29269547866755,44.950945699892465
3467,19,91,57.55307416316993,-93.29231517123061,44.95094667394553
3468,19,92,57.510053174951395,-93.29193486377436,44.9509476467322
3469,19,93,57.46703218673285,-93.29155455629878,44.950948618252454
3470,19,94,57.42401119851433,-93.29117424880393,44.95094958850632
3471,19,95,57.38099021029579,-93.29079394128983,44.95095055749374
3472,19,96,57.33796922207725,-93.2904136337565,44.950951525214776
3473,19,97,57.29494823385871,-93.29003332620397,44.95095249166938
3474,19,98,57.25192724564019,-93.28965301863225,44.95095345685759
3475,19,99,57.208906257421646,-93.28927271104139,44.950954420779375
3476,19,100,57.16588526920311,-93.28889240343139,44.95095538343476
3477,19,101,57.12286428098457,-93.28851209580229,44.95095634482373
3478,19,102,57.079843292766036,-93.28813178815412,44.95095730494629
3479,19,103,57.0368223045475,-93.28775148048689,44.950958263802434
3480,19,104,56.99380131632897,-93.28737117280065,44.950959221392175
3481,19,105,56.99435168991696,-93.28699086509538,44.95096017771549
3482,19,106,57.23025527424535,-93.28661055737115,44.9509611327724
3483,19,107,57.46615885857374,-93.28623024962796,44.9509620865629
3484,19,108,57.702062442902125,-93.28584994186585,44.95096303908698
3485,19,109,57.937966027230516,-93.28546963408485,44.95096399034466
3486,19,110,58.17386961155891,-93.28508932628495,44.950964940335915
3487,19,111,58.40977319588729,-93.2847090184662,44.95096588906077
3488,19,112,58.64567678021568,-93.28432871062864,44.9509668365192
3489,19,113,58.88158036454406,-93.28394840277227,44.95096778271122
3490,19,114,59.117483948872454,-93.28356809489712,44.95096872763683
3491,19,115,59.353387533200845,-93.28318778700323,44.950969671296015
3492,19,116,59.58929111752922,-93.28280747909061,44.95097061368879
3493,19,117,59.82519470185761,-93.28242717115928,44.95097155481515
3494,19,118,60.061098286186,-93.28204686320929,44.9509724946751
3495,19,119,60.297001870514386,-93.28166655524063,44.950973433268636
3496,19,120,60.532905454842776,-93.28128624725336,44.950974370595766
3497,19,121,60.76880903917116,-93.28090593924749,44.95097530665646
3498,19,122,61.00471262349955,-93.28052563122304,44.95097624145075
3499,19,123,61.24061620782794,-93.28014532318005,44.95097717497863
3500,19,124,61.476519792156324,-93.27976501511854,44.9509781072401
3501,19,125,61.712423376484715,-93.2793847070385,44.95097903823513
3502,19,126,61.948326960813105,-93.27900439894002,44.95097996796377
3503,19,127,62.18423054514149,-93.27862409082307,44.95098089642598
3504,19,128,62.203972280956805,-93.2782437826877,44.950981823621774
3505,19,129,62.203972280956805,-93.27786347453393,44.95098274955116
3506,19,130,62.203972280956805,-93.27748316636179,44.950983674214115
3507,19,131,62.203972280956805,-93.27710285817132,44.95098459761068
3508,19,132,62.203972280956805,-93.2767225499625,44.9509855197408
3509,19,133,62.203972280956805,-93.27634224173539,44.95098644060452
3510,19,134,62.203972280956805,-93.27596193349001,44.95098736020182
3511,19,135,62.203972280956805,-93.27558162522637,44.9509882785327
3512,19,136,62.203972280956805,-93.27520131694452,44.95098919559716
3513,19,137,62.203972280956805,-93.27482100864447,44.950990111395214
3514,19,138,62.203972280956805,-93.27444070032624,44.95099102592684
3515,19,139,62.203972280956805,-93.27406039198988,44.95099193919205
3516,19,140,62.203972280956805,-93.2736800836354,44.95099285119085
3517,19,141,62.203972280956805,-93.27329977526279,44.950993761923215
3518,19,142,62.203972280956805,-93.27291946687214,44.950994671389175
3519,19,143,62.203972280956805,-93.27253915846343,44.95099557958871
3520,19,144,62.203972280956805,-93.27215885003669,44.95099648652183
3521,19,145,62.203972280956805,-93.27177854159197,44.95099739218854
3522,19,146,62.203972280956805,-93.27139823312928,44.950998296588814
3523,19,147,62.203972280956805,-93.27101792464863,44.95099919972268
3524,19,148,62.203972280956805,-93.27063761615007,44.951000101590125
3525,19,149,62.10031366830655,-93.2702573076336,44.95100100219115
3526,19,150,61.88480198797143,-93.26987699909928,44.95100190152576
3527,19,151,61.66929030763632,-93.2694966905471,44.95100279959395
3528,19,152,61.4537786273012,-93.2691163819771,44.9510036963957
3529,19,153,61.23826694696607,-93.2687360733893,44.95100459193106
3530,19,154,61.02275526663096,-93.26835576478375,44.951005486199975
3531,19,155,60.80724358629584,-93.26797545616044,44.95100637920249
3532,19,156,60.59173190596073,-93.26759514751942,44.95100727093857
3533,19,157,60.3762202256256,-93.26721483886068,44.95100816140825
3534,19,158,60.16070854529049,-93.26683453018431,44.951009050611475
3535,19,159,59.94519686495537,-93.26645422149026,44.95100993854831
3536,19,160,59.72968518462025,-93.26607391277862,44.95101082521871
3537,19,161,59.51417350428514,-93.26569360404936,44.95101171062269
3538,19,162,59.29866182395001,-93.26531329530255,44.95101259476025
3539,19,163,59.0831501436149,-93.26493298653818,44.95101347763139
3540,19,164,58.86763846327978,-93.2645526777563,44.95101435923609
3541,19,165,58.65212678294467,-93.26417236895693,44.9510152395744
3542,19,166,58.43661510260955,-93.26379206014009,44.951016118646265
3543,19,167,58.22110342227443,-93.26341175130581,44.95101699645172
3544,19,168,58.00559174193931,-93.26303144245409,44.95101787299075
3545,19,169,57.89325729635195,-93.26265113358501,44.95101874826335
3546,19,170,58.237622361810196,-93.26227082469855,44.951019622269534
3547,19,171,58.581987427268444,-93.26189051579475,44.9510204950093
3548,19,172,58.9263524927267,-93.26151020687361,44.95102136648264
3549,19,173,59.27071755818495,-93.2611298979352,44.95102223668955
3550,19,174,59.6150826236432,-93.26074958897952,44.95102310563004
3551,19,175,59.959447689101445,-93.26036928000659,44.95102397330411
3552,19,176,60.30381275455971,-93.25998897101645,44.95102483971175
3553,19,177,60.648177820017956,-93.25960866200911,44.95102570485298
3554,19,178,60.992542885476205,-93.25922835298461,44.95102656872777
3555,19,179,61.33690795093446,-93.25884804394298,44.95102743133615
3556,19,180,61.68127301639271,-93.25846773488422,44.95102829267809
3557,19,181,62.02563808185096,-93.25808742580837,44.95102915275362
3558,19,182,62.37000314730921,-93.25770711671547,44.95103001156272
3559,19,183,62.71436821276746,-93.25732680760551,44.951030869105395
3560,19,184,63.05873327822571,-93.25694649847853,44.95103172538165
3561,19,185,63.40309834368397,-93.25656618933456,44.95103258039148
3562,19,186,63.74746340914222,-93.25618588017365,44.95103343413488
3563,19,187,64.09182847460046,-93.25580557099578,44.95103428661185
3564,19,188,64.43619354005872,-93.25542526180098,44.951035137822394
3565,19,189,64.78055860551697,-93.25504495258932,44.951035987766524
3566,19,190,65.12492367097522,-93.25466464336078,44.951036836444224
3567,19,191,65.46928873643348,-93.25428433411541,44.951037683855496
3568,19,192,65.54700326802156,-93.25390402485321,44.95103853000034
3569,19,193,65.11136455911719,-93.25352371557423,44.95103937487876
3570,19,194,64.67572585021286,-93.25314340627848,44.95104021849075
3571,19,195,64.24008714130852,-93.252763096966,44.95104106083633
3572,19,196,63.80444843240417,-93.2523827876368,44.951041901915474
3573,19,197,63.36880972349983,-93.25200247829092,44.95104274172819
3574,19,198,62.933171014595494,-93.25162216892836,44.95104358027447
3575,19,199,62.497532305691145,-93.25124185954917,44.95104441755434
3576,19,200,62.0618935967868,-93.25086155015337,44.95104525356777
3577,19,201,61.62625488788247,-93.25048124074098,44.951046088314776
3578,19,202,61.19061617897812,-93.25010093131203,44.95104692179536
3579,19,203,60.754977470073776,-93.24972062186654,44.951047754009515
3580,19,204,60.31933876116944,-93.24934031240454,44.95104858495724
3581,19,205,59.88370005226509,-93.24896000292604,44.95104941463853
3582,19,206,55.21910498818849,-93.24857969343108,44.95105024305341
3583,19,207,47.3625218965283,-93.2481993839197,44.95105107020185
3584,19,208,39.50593880486812,-93.2478190743919,44.95105189608386
3585,19,209,31.649355713207928,-93.2474387648477,44.951052720699444
3586,19,210,23.79277262154774,-93.24705845528715,44.9510535440486
3587,19,211,15.936189529887555,-93.24667814571026,44.95105436613133
3588,19,212,1.4535887803671772,-93.24629783611707,44.95105518694762
3589,19,213,0.0,-93.24591752650757,44.95105600649749
3590,19,214,0.0,-93.24553721688181,44.95105682478093
3591,19,215,9.918717151079635,-93.24515690723985,44.951057641797945
3592,19,216,28.29392785965598,-93.24477659758163,44.951058457548534
3593,19,217,46.66913856823233,-93.24439628790726,44.95105927203268
3594,19,218,65.42640705328395,-93.24401597821672,44.9510600852504
3595,19,219,88.87237266390876,-93.24363566851005,44.95106089720169
3596,19,220,113.81541715664696,-93.24325535878725,44.95106170788656
3597,19,221,138.75846164938514,-93.24287504904838,44.95106251730498
3598,19,222,163.70150614212335,-93.24249473929345,44.95106332545699
3599,19,223,186.854830019462,-93.24211442952247,44.95106413234255
3600,19,224,167.30707258384763,-93.24173411973551,44.9510649379617
3601,19,225,149.24715291735419,-93.24135380993255,44.951065742314405
3602,19,226,135.4797254163606,-93.24097350011361,44.951066545400685
3603,19,227,127.41585201162695,-93.24059319027876,44.951067347220544
3604,19,228,126.15404348971609,-93.24021288042799,44.95106814777395
3605,19,229,130.77292323610428,-93.23983257056135,44.95106894706094
3606,19,230,136.0641779736409,-93.23945226067883,44.95106974508149
3607,19,231,145.17352263346316,-93.2390719507805,44.95107054183562
3608,19,232,157.79989859327722,-93.23869164086634,44.951071337323306
3609,19,233,170.48212312692723,-93.2383113309364,44.95107213154458
3610,19,234,153.42432933560352,-93.23793102099071,44.95107292449941
3611,19,235,136.49225134302583,-93.23755071102929,44.95107371618779
3612,19,236,123.23974861378166,-93.23717040105215,44.95107450660976
3613,19,237,116.38701216239062,-93.23679009105933,44.95107529576528
3614,19,238,117.0633912108684,-93.23640978105087,44.95107608365438
3615,19,239,125.14686781333835,-93.23602947102675,44.95107687027705
3616,19,240,139.35436658099218,-93.23564916098702,44.95107765563328
3617,19,241,158.0428437066668,-93.23526885093173,44.951078439723084
3618,19,242,179.82058115963886,-93.23488854086088,44.95107922254644
3619,19,243,203.69914670977548,-93.2345082307745,44.95108000410338
3620,19,244,229.0164836664976,-93.2341279206726,44.95108078439388
3621,19,245,254.7952701986229,-93.23374761055523,44.951081563417944
3622,19,246,272.4132641275357,-93.23336730042239,44.95108234117558
3623,19,247,272.69415069142997,-93.23298699027413,44.95108311766678
3624,19,248,272.97503725532437,-93.23260668011046,44.95108389289153
3625,19,249,273.2559238192187,-93.23222636993141,44.951084666849866
3626,19,250,269.1535786024726,-93.231846059737,44.951085439541764
3627,19,251,264.5221059769962,-93.23146574952726,44.951086210967226
3628,19,252,262.3892494109733,-93.2310854393022,44.95108698112626
3629,19,253,260.48831521540154,-93.2307051290619,44.95108775001885
3630,19,254,258.58738101982976,-93.23032481880631,44.95108851764501
3631,19,255,256.686446824258,-93.2299445085355,44.95108928400474
3632,19,256,254.78551262868623,-93.22956419824949,44.95109004909803
3633,19,257,252.88457843311446,-93.2291838879483,44.95109081292488
3634,19,258,250.98364423754268,-93.22880357763195,44.95109157548529
3635,19,259,249.0827100419709,-93.22842326730047,44.95109233677928
3636,19,260,247.18177584639912,-93.22804295695387,44.95109309680682
3637,19,261,245.2808416508274,-93.22766264659222,44.95109385556793
3638,19,262,243.37990745525562,-93.2272823362155,44.951094613062615
3639,19,263,241.47897325968384,-93.22690202582376,44.95109536929086
3640,19,264,239.57803906411206,-93.226521715417,44.95109612425266
3641,19,265,237.76836173483903,-93.22614140499527,44.951096877948025
3642,19,266,235.9963133122399,-93.22576109455859,44.951097630376964
3643,19,267,234.2242648896407,-93.22538078410699,44.95109838153945
3644,19,268,232.45221646704155,-93.22500047364048,44.95109913143551
3645,19,269,230.68016804444238,-93.22462016315907,44.95109988006514
3646,19,270,228.9081196218432,-93.22423985266283,44.95110062742831
3647,19,271,227.13607119924407,-93.22385954215174,44.95110137352506
3648,19,272,225.3640227766449,-93.22347923162587,44.95110211835538
3649,19,273,223.59197435404573,-93.22309892108521,44.95110286191925
3650,19,274,221.8199259314466,-93.22271861052981,44.95110360421669
3651,19,275,220.04787750884742,-93.22233829995967,44.951104345247686
3652,19,276,218.27582908624825,-93.22195798937484,44.951105085012244
3653,19,277,216.73453967495644,-93.22157767877533,44.951105823510375
3654,19,278,217.83850666368406,-93.22119736816117,44.951106560742055
3655,19,279,219.40100890723733,-93.22081705753237,44.951107296707306
3656,19,280,220.96351115079057,-93.22043674688898,44.951108031406115
3657,19,281,222.52601339434386,-93.220056436231,44.95110876483849
3658,19,282,224.0885156378971,-93.21967612555848,44.95110949700442
3659,19,283,225.6510178814504,-93.21929581487144,44.95111022790391
3660,19,284,227.2280103597719,-93.21891550416989,44.951110957536976
3661,19,285,231.07654597972015,-93.21853519345386,44.95111168590358
3662,19,286,238.66330156053493,-93.2181548827234,44.951112413003756
3663,19,287,249.02050542602402,-93.2177745719785,44.9511131388375
3664,19,288,259.6038099598175,-93.21739426121918,44.9511138634048
3665,19,289,270.1871144936109,-93.2170139504455,44.95111458670566
3666,19,290,280.77041902740444,-93.21663363965749,44.95111530874007
3667,19,291,291.35372356119785,-93.21625332885515,44.951116029508064
3668,19,292,301.9370280949914,-93.21587301803848,44.95111674900961
3669,19,293,312.52033262878484,-93.21549270720756,44.9511174672447
3670,19,294,323.1036371625783,-93.21511239636239,44.951118184213364
3671,19,295,333.85256677520863,-93.21473208550297,44.951118899915585
3672,19,296,346.4258719050348,-93.21435177462938,44.95111961435137
3673,20,4,335.85788166445514,-93.32540336915893,44.9511272494855
3674,20,5,313.6550925882072,-93.32502306169499,44.951128332459305
3675,20,6,291.45230351195926,-93.32464275420955,44.95112941416671
3676,20,7,269.4766195191288,-93.32426244670266,44.95113049460771
3677,20,8,249.0136254036899,-93.3238821391743,44.95113157378229
3678,20,9,230.28999201562422,-93.32350183162455,44.95113265169048
3679,20,10,211.800744165883,-93.3231215240534,44.95113372833226
3680,20,11,193.31149631614176,-93.32274121646088,44.95113480370762
3681,20,12,174.82224846640057,-93.32236090884703,44.951135877816576
3682,20,13,157.3596500346952,-93.32198060121185,44.95113695065913
3683,20,14,142.0699581788167,-93.32160029355538,44.95113802223527
3684,20,15,126.79971433781483,-93.32121998587765,44.95113909254501
3685,20,16,111.52947049681293,-93.32083967817867,44.951140161588334
3686,20,17,96.25922665581108,-93.32045937045848,44.951141229365255
3687,20,18,83.42518989480517,-93.32007906271711,44.95114229587576
3688,20,19,72.95955510723013,-93.31969875495456,44.95114336111987
3689,20,20,62.49392031965511,-93.31931844717089,44.95114442509757
3690,20,21,52.02828553208007,-93.31893813936608,44.951145487808844
3691,20,22,41.56265074450504,-93.3185578315402,44.95114654925373
3692,20,23,31.09701595693001,-93.31817752369324,44.9511476094322
3693,20,24,25.358799953013452,-93.31779721582525,44.951148668344246
3694,20,25,20.349483223953378,-93.31741690793625,44.95114972598989
3695,20,26,15.340166494893305,-93.31703660002626,44.951150782369126
3696,20,27,10.33084976583323,-93.31665629209529,44.95115183748195
3697,20,28,5.3215330367731575,-93.3162759841434,44.95115289132838
3698,20,29,1.1818375967934538,-93.31589567617058,44.95115394390839
3699,20,30,0.7094552236999949,-93.31551536817689,44.95115499522198
3700,20,31,0.23707285060653577,-93.31513506016232,44.95115604526916
3701,20,32,0.0,-93.31475475212692,44.95115709404993
3702,20,33,0.0,-93.31437444407071,44.9511581415643
3703,20,34,0.0,-93.3139941359937,44.95115918781225
3704,20,35,0.0,-93.31361382789594,44.951160232793775
3705,20,36,1.8612051720629976,-93.31323351977744,44.95116127650891
3706,20,37,3.824202448929358,-93.31285321163821,44.95116231895762
3707,20,38,5.787199725795718,-93.31247290347831,44.95116336013993
3708,20,39,7.997479635224509,-93.31209259529776,44.951164400055816
3709,20,40,11.426191842348787,-93.31171228709654,44.95116543870529
3710,20,41,14.854904049473065,-93.31133197887473,44.95116647608835
3711,20,42,18.283616256597345,-93.31095167063233,44.951167512205
3712,20,43,21.712328463721622,-93.31057136236936,44.95116854705525
3713,20,44,25.1410406708459,-93.31019105408586,44.95116958063907
3714,20,45,28.569752877970178,-93.30981074578186,44.95117061295648
3715,20,46,31.998465085094452,-93.30943043745737,44.951171644007474
3716,20,47,35.42717729221873,-93.3090501291124,44.95117267379206
3717,20,48,38.671160263772094,-93.30866982074701,44.951173702310236
3718,20,49,41.875858030855014,-93.30828951236121,44.951174729561984
3719,20,50,45.08055579793793,-93.30790920395502,44.951175755547325
3720,20,51,48.28525356502086,-93.30752889552848,44.95117678026626
3721,20,52,51.48995133210378,-93.30714858708158,44.951177803718764
3722,20,53,54.6946490991867,-93.3067682786144,44.95117882590487
3723,20,54,57.899346866269624,-93.3063879701269,44.95117984682455
3724,20,55,64.52106045856544,-93.30600766161918,44.95118086647781
3725,20,56,68.59409885777971,-93.3056273530912,44.95118188486466
3726,20,57,70.61954197193197,-93.305247044543,44.95118290198509
3727,20,58,72.64498508608422,-93.30486673597464,44.95118391783911
3728,20,59,74.67042820023646,-93.30448642738611,44.95118493242672
3729,20,60,76.69587131438871,-93.30410611877744,44.95118594574791
3730,20,61,78.72131442854095,-93.30372581014866,44.95118695780268
3731,20,62,80.7467575426932,-93.30334550149982,44.95118796859103
3732,20,63,82.6628034019439,-93.3029651928309,44.951188978112974
3733,20,64,84.5212958353151,-93.30258488414196,44.9511899863685
3734,20,65,86.3797882686863,-93.302204575433,44.95119099335759
3735,20,66,88.23828070205748,-93.30182426670406,44.95119199908028
3736,20,67,89.07664336053266,-93.30144395795516,44.951193003536545
3737,20,68,88.96675398783965,-93.30106364918633,44.951194006726396
3738,20,69,88.85686461514665,-93.3006833403976,44.95119500864983
3739,20,70,88.74697524245364,-93.30030303158898,44.95119600930685
3740,20,71,88.63708586976063,-93.2999227227605,44.95119700869745
3741,20,72,88.52719649706762,-93.29954241391219,44.95119800682162
3742,20,73,88.41730712437462,-93.29916210504408,44.95119900367939
3743,20,74,88.30741775168161,-93.29878179615616,44.95119999927073
3744,20,75,88.24137912789352,-93.29840148724851,44.95120099359565
3745,20,76,88.19835813967501,-93.29802117832112,44.951201986654155
3746,20,77,88.15533715145646,-93.29764086937402,44.95120297844623
3747,20,78,88.11231616323792,-93.29726056040725,44.9512039689719
3748,20,79,88.06929517501939,-93.29688025142082,44.95120495823115
3749,20,80,88.02627418680085,-93.29649994241474,44.95120594622398
3750,20,81,87.98325319858232,-93.29611963338908,44.951206932950384
3751,20,82,87.94023221036379,-93.29573932434383,44.95120791841037
3752,20,83,87.89721122214524,-93.29535901527902,44.95120890260393
3753,20,84,87.8541902339267,-93.29497870619467,44.95120988553108
3754,20,85,87.81116924570817,-93.29459839709084,44.951210867191804
3755,20,86,87.76814825748964,-93.29421808796751,44.9512118475861
3756,20,87,87.7251272692711,-93.29383777882474,44.95121282671399
3757,20,88,87.68210628105257,-93.29345746966253,44.951213804575445
3758,20,89,87.63908529283403,-93.2930771604809,44.95121478117049
3759,20,90,87.5960643046155,-93.29269685127991,44.95121575649912
3760,20,91,87.55304331639697,-93.29231654205957,44.951216730561306
3761,20,92,87.51002232817842,-93.29193623281989,44.95121770335709
3762,20,93,87.46700133995988,-93.2915559235609,44.951218674886434
3763,20,94,87.42398035174135,-93.29117561428265,44.951219645149365
3764,20,95,87.38095936352282,-93.29079530498512,44.951220614145875
3765,20,96,87.33793837530428,-93.29041499566839,44.95122158187596
3766,20,97,87.29491738708575,-93.29003468633243,44.95122254833963
3767,20,98,87.2518963988672,-93.28965437697731,44.951223513536874
3768,20,99,87.20887541064867,-93.28927406760302,44.95122447746769
3769,20,100,87.16585442243014,-93.28889375820961,44.95122544013209
3770,20,101,87.1228334342116,-93.28851344879712,44.95122640153006
3771,20,102,87.07981244599307,-93.28813313936551,44.95122736166161
3772,20,103,87.03679145777453,-93.28775282991487,44.95122832052673
3773,20,104,86.99377046955598,-93.2873725204452,44.95122927812544
3774,20,105,86.993424167227,-93.28699221095654,44.951230234457704
3775,20,106,87.2293277515554,-93.28661190144888,44.95123118952356
3776,20,107,87.4652313358838,-93.28623159192227,44.95123214332298
3777,20,108,87.70113492021217,-93.28585128237675,44.951233095856
3778,20,109,87.93703850454055,-93.28547097281232,44.951234047122576
3779,20,110,88.17294208886895,-93.285090663229,44.95123499712272
3780,20,111,88.40884567319733,-93.28471035362685,44.95123594585645
3781,20,112,88.64474925752573,-93.28433004400587,44.95123689332376
3782,20,113,88.8806528418541,-93.28394973436608,44.95123783952464
3783,20,114,89.1165564261825,-93.28356942470751,44.95123878445909
3784,20,115,89.35246001051088,-93.2831891150302,44.95123972812712
3785,20,116,89.58836359483928,-93.28280880533416,44.951240670528726
3786,20,117,89.82426717916766,-93.28242849561941,44.9512416116639
3787,20,118,90.06017076349606,-93.282048185886,44.95124255153266
3788,20,119,90.29607434782443,-93.28166787613392,44.95124349013497
3789,20,120,90.53197793215283,-93.28128756636323,44.951244427470876
3790,20,121,90.76788151648121,-93.28090725657394,44.951245363540345
3791,20,122,91.00378510080961,-93.28052694676607,44.95124629834339
3792,20,123,91.23968868513799,-93.28014663693965,44.951247231880004
3793,20,124,91.47559226946636,-93.2797663270947,44.95124816415019
3794,20,125,91.71149585379476,-93.27938601723126,44.95124909515395
3795,20,126,91.94739943812314,-93.27900570734936,44.951250024891294
3796,20,127,92.18330302245154,-93.27862539744898,44.9512509533622
3797,20,128,92.2039722809568,-93.2782450875302,44.95125188056667
3798,20,129,92.2039722809568,-93.277864777593,44.951252806504726
3799,20,130,92.2039722809568,-93.27748446763744,44.95125373117635
3800,20,131,92.2039722809568,-93.27710415766353,44.95125465458154
3801,20,132,92.2039722809568,-93.27672384767129,44.951255576720314
3802,20,133,92.2039722809568,-93.27634353766075,44.95125649759264
3803,20,134,92.2039722809568,-93.27596322763195,44.951257417198555
3804,20,135,92.2039722809568,-93.27558291758488,44.951258335538036
3805,20,136,92.2039722809568,-93.2752026075196,44.95125925261109
3806,20,137,92.2039722809568,-93.27482229743613,44.95126016841772
3807,20,138,92.2039722809568,-93.27444198733448,44.951261082957906
3808,20,139,92.2039722809568,-93.27406167721469,44.95126199623166
3809,20,140,92.2039722809568,-93.27368136707676,44.951262908239
3810,20,141,92.2039722809568,-93.27330105692074,44.951263818979896
3811,20,142,92.2039722809568,-93.27292074674665,44.95126472845437
3812,20,143,92.2039722809568,-93.27254043655452,44.95126563666241
3813,20,144,92.2039722809568,-93.27216012634436,44.95126654360403
3814,20,145,92.2039722809568,-93.27177981611621,44.951267449279214
3815,20,146,92.2039722809568,-93.27139950587008,44.951268353687965
3816,20,147,92.2039722809568,-93.271019195606,44.95126925683028
3817,20,148,92.2039722809568,-93.27063888532402,44.951270158706166
3818,20,149,92.09953957024673,-93.27025857502413,44.95127105931562
3819,20,150,91.88402788991162,-93.26987826470636,44.95127195865865
3820,20,151,91.6685162095765,-93.26949795437075,44.951272856735244
3821,20,152,91.45300452924138,-93.26911764401731,44.951273753545415
3822,20,153,91.23749284890627,-93.2687373336461,44.95127464908914
3823,20,154,91.02198116857116,-93.26835702325711,44.95127554336644
3824,20,155,90.80646948823603,-93.26797671285037,44.95127643637731
3825,20,156,90.59095780790092,-93.26759640242591,44.95127732812175
3826,20,157,90.3754461275658,-93.26721609198376,44.95127821859975
3827,20,158,90.15993444723067,-93.26683578152392,44.95127910781132
3828,20,159,89.94442276689556,-93.26645547104646,44.95127999575646
3829,20,160,89.72891108656044,-93.26607516055138,44.951280882435164
3830,20,161,89.51339940622533,-93.26569485003868,44.95128176784743
3831,20,162,89.2978877258902,-93.26531453950844,44.95128265199327
3832,20,163,89.0823760455551,-93.26493422896064,44.95128353487267
3833,20,164,88.86686436521998,-93.26455391839534,44.95128441648565
3834,20,165,88.65135268488487,-93.26417360781252,44.95128529683219
3835,20,166,88.43584100454974,-93.26379329721225,44.951286175912294
3836,20,167,88.22032932421462,-93.26341298659452,44.951287053725956
3837,20,168,88.0048176438795,-93.26303267595938,44.951287930273196
3838,20,169,87.89128077626961,-93.26265236530685,44.95128880555399
3839,20,170,88.23564584172787,-93.26227205463695,44.95128967956836
3840,20,171,88.58001090718611,-93.26189174394972,44.9512905523163
3841,20,172,88.92437597264437,-93.26151143324516,44.95129142379779
3842,20,173,89.26874103810263,-93.2611311225233,44.951292294012866
3843,20,174,89.61310610356087,-93.26075081178416,44.951293162961484
3844,20,175,89.95747116901913,-93.26037050102782,44.95129403064367
3845,20,176,90.30183623447738,-93.25999019025423,44.951294897059434
3846,20,177,90.64620129993563,-93.25960987946347,44.95129576220876
3847,20,178,90.99056636539387,-93.25922956865553,44.95129662609164
3848,20,179,91.33493143085212,-93.25884925783043,44.95129748870809
3849,20,180,91.67929649631037,-93.25846894698824,44.95129835005811
3850,20,181,92.02366156176863,-93.25808863612895,44.951299210141684
3851,20,182,92.36802662722687,-93.25770832525261,44.95130006895883
3852,20,183,92.71239169268513,-93.2573280143592,44.951300926509525
3853,20,184,93.0567567581434,-93.25694770344879,44.951301782793784
3854,20,185,93.40112182360163,-93.25656739252139,44.95130263781163
3855,20,186,93.74548688905989,-93.25618708157701,44.951303491563024
3856,20,187,94.08985195451814,-93.2558067706157,44.95130434404799
3857,20,188,94.43421701997639,-93.25542645963749,44.9513051952665
3858,20,189,94.77858208543464,-93.25504614864238,44.95130604521859
3859,20,190,95.1229471508929,-93.2546658376304,44.95130689390424
3860,20,191,95.46731221635113,-93.25428552660158,44.95130774132343
3861,20,192,95.54384008318097,-93.25390521555593,44.95130858747621
3862,20,193,95.10820137427662,-93.25352490449352,44.95130943236255
3863,20,194,94.67256266537228,-93.25314459341432,44.95131027598244
3864,20,195,94.23692395646793,-93.2527642823184,44.951311118335894
3865,20,196,93.8012852475636,-93.25238397120575,44.95131195942292
3866,20,197,93.36564653865926,-93.25200366007643,44.95131279924349
3867,20,198,92.93000782975491,-93.25162334893042,44.95131363779764
3868,20,199,92.49436912085056,-93.2512430377678,44.95131447508533
3869,20,200,92.05873041194623,-93.25086272658855,44.951315311106605
3870,20,201,91.6230917030419,-93.25048241539271,44.951316145861426
3871,20,202,91.18745299413754,-93.25010210418031,44.951316979349805
3872,20,203,90.75181428523321,-93.24972179295136,44.951317811571755
3873,20,204,90.31617557632886,-93.24934148170593,44.951318642527255
3874,20,205,89.88053686742451,-93.24896117044398,44.95131947221632
3875,20,206,84.17206860374674,-93.24858085916559,44.95132030063894
3876,20,207,76.31548551208654,-93.24820054787074,44.95132112779513
3877,20,208,68.45890242042636,-93.24782023655949,44.951321953684875
3878,20,209,60.602319328766164,-93.24743992523186,44.95132277830818
3879,20,210,52.74573623710599,-93.24705961388786,44.95132360166505
3880,20,211,43.322285614638496,-93.24667930252751,44.951324423755466
3881,20,212,25.816210283178737,-93.24629899115087,44.95132524457946
3882,20,213,8.310134951718974,-93.24591867975792,44.951326064137
3883,20,214,0.0,-93.24553836834873,44.951326882428106
3884,20,215,0.0,-93.24515805692329,44.95132769945277
3885,20,216,4.579973499081249,-93.24477774548164,44.95132851521098
3886,20,217,23.01964647645232,-93.24439743402382,44.95132932970276
3887,20,218,47.26065901513767,-93.24401712254982,44.951330142928114
3888,20,219,72.20370350787586,-93.2436368110597,44.95133095488699
3889,20,220,97.14674800061405,-93.24325649955345,44.951331765579454
3890,20,221,122.08979249335223,-93.24287618803113,44.95133257500545
3891,20,222,147.03283698609044,-93.24249587649275,44.95133338316502
3892,20,223,164.097739273095,-93.24211556493832,44.95133419005815
3893,20,224,144.5499818374806,-93.2417352533679,44.951334995684846
3894,20,225,125.01090992566021,-93.24135494178148,44.95133580004507
3895,20,226,108.20245350914132,-93.24097463017911,44.951336603138884
3896,20,227,97.91738502612418,-93.2405943185608,44.95133740496623
3897,20,228,96.26971296991907,-93.24021400692658,44.951338205527136
3898,20,229,101.23251946390802,-93.23983369527647,44.95133900482163
3899,20,230,106.86698596363425,-93.23945338361051,44.951339802849645
3900,20,231,117.93015521589882,-93.23907307192871,44.95134059961122
3901,20,232,130.61237974954886,-93.23869276023112,44.95134139510636
3902,20,233,143.2946042831989,-93.23831244851772,44.95134218933507
3903,20,234,128.76289516795214,-93.23793213678856,44.95134298229732
3904,20,235,111.6803407689579,-93.23755182504368,44.95134377399312
3905,20,236,95.6261359801588,-93.23717151328309,44.951344564422484
3906,20,237,86.61558083968602,-93.23679120150682,44.95134535358542
3907,20,238,87.52233889640144,-93.23641088971489,44.951346141481885
3908,20,239,98.07171237210505,-93.23603057790733,44.95134692811192
3909,20,240,115.65449290579794,-93.23565026608415,44.951347713475506
3910,20,241,137.60037314992147,-93.23526995424541,44.951348497572646
3911,20,242,162.14735166723503,-93.2348896423911,44.951349280403335
3912,20,243,187.8931813410631,-93.23450933052123,44.95135006196759
3913,20,244,213.67196787318844,-93.2341290186359,44.9513508422654
3914,20,245,239.45075605881775,-93.23374870673507,44.951351621296745
3915,20,246,242.4145791107183,-93.23336839481877,44.95135239906167
3916,20,247,242.69546567461265,-93.23298808288705,44.951353175560136
3917,20,248,242.97635223850696,-93.23260777093992,44.95135395079217
3918,20,249,243.2572388024013,-93.23222745897742,44.95135472475774
3919,20,250,239.63748129936485,-93.23184714699954,44.95135549745689
3920,20,251,234.70940191382857,-93.23146683500634,44.95135626888957
3921,20,252,232.44953583211446,-93.23108652299784,44.9513570390558
3922,20,253,230.54860163654268,-93.23070621097406,44.9513578079556
3923,20,254,228.6476674409709,-93.23032589893502,44.95135857558894
3924,20,255,226.74673324539913,-93.22994558688075,44.951359341955836
3925,20,256,224.84579904982735,-93.22956527481128,44.951360107056296
3926,20,257,222.9448648542556,-93.22918496272662,44.951360870890305
3927,20,258,221.04393065868382,-93.2288046506268,44.95136163345786
3928,20,259,219.14299646311204,-93.22842433851186,44.951362394758966
3929,20,260,217.24206226754026,-93.22804402638181,44.95136315479364
3930,20,261,215.34112807196854,-93.2276637142367,44.95136391356184
3931,20,262,213.44019387639676,-93.22728340207651,44.951364671063615
3932,20,263,211.53925968082498,-93.2269030899013,44.951365427298946
3933,20,264,209.6383254852532,-93.2265227777111,44.95136618226781
3934,20,265,207.82074339234035,-93.2261424655059,44.951366935970235
3935,20,266,206.0486949697412,-93.22576215328576,44.95136768840621
3936,20,267,204.276646547142,-93.22538184105068,44.951368439575745
3937,20,268,202.50459812454287,-93.22500152880069,44.951369189478825
3938,20,269,200.73254970194373,-93.22462121653585,44.951369938115455
3939,20,270,198.96050127934453,-93.22424090425613,44.951370685485635
3940,20,271,197.18845285674539,-93.2238605919616,44.95137143158937
3941,20,272,195.4164044341462,-93.22348027965225,44.95137217642666
3942,20,273,193.64435601154705,-93.22309996732812,44.951372919997496
3943,20,274,191.8723075889479,-93.22271965498926,44.95137366230188
3944,20,275,190.1002591663487,-93.22233934263566,44.95137440333982
3945,20,276,188.32821074374957,-93.22195903026736,44.95137514311131
3946,20,277,186.73746063363816,-93.22157871788438,44.95137588161634
3947,20,278,187.87922451709562,-93.22119840548675,44.95137661885492
3948,20,279,189.44172676064892,-93.22081809307448,44.951377354827066
3949,20,280,191.0042290042022,-93.22043778064763,44.95137808953276
3950,20,281,192.56673124775546,-93.22005746820618,44.951378822971996
3951,20,282,194.12923349130872,-93.21967715575019,44.95137955514479
3952,20,283,195.69173573486196,-93.21929684327968,44.951380286051126
3953,20,284,197.29744020180985,-93.21891653079467,44.95138101569101
3954,20,285,201.71782598482426,-93.21853621829517,44.95138174406445
3955,20,286,210.36597603215387,-93.21815590578123,44.95138247117143
3956,20,287,220.94928056594736,-93.21777559325285,44.95138319701197
3957,20,288,231.53258509974083,-93.2173952807101,44.95138392158606
3958,20,289,242.11588963353427,-93.21701496815295,44.951384644893686
3959,20,290,252.69919416732776,-93.21663465558146,44.95138536693487
3960,20,291,263.2824987011212,-93.21625434299564,44.951386087709594
3961,20,292,273.8658032349147,-93.2158740303955,44.95138680721788
3962,20,293,284.4491077687082,-93.21549371778111,44.951387525459694
3963,20,294,295.03241230250165,-93.21511340515247,44.95138824243509
3964,20,295,306.3431032736991,-93.21473309250959,44.951388958144
3965,20,296,319.9991332896524,-93.21435277985253,44.951389672586465
3966,20,297,335.78682774775007,-93.21397246718128,44.95139038576249
3967,21,5,333.8302296939531,-93.32502458591759,44.95139838823451
3968,21,6,311.90219075010305,-93.32464427664874,44.95139946995204
3969,21,7,291.3299053718062,-93.32426396735843,44.95140055040315
3970,21,8,272.40438989559465,-93.32388365804668,44.95140162958784
3971,21,9,253.91514204585343,-93.32350334871352,44.95140270750612
3972,21,10,235.42589419611224,-93.32312303935896,44.95140378415797
3973,21,11,216.936646346371,-93.32274272998303,44.95140485954341
3974,21,12,198.8604131263308,-93.32236242058576,44.95140593366243
3975,21,13,183.16305339290176,-93.32198211116717,44.951407006515026
3976,21,14,167.89280955189986,-93.3216018017273,44.9514080781012
3977,21,15,152.622565710898,-93.32122149226616,44.951409148420964
3978,21,16,137.35232186989614,-93.32084118278377,44.9514102174743
3979,21,17,122.52807997019627,-93.32046087328017,44.95141128526122
3980,21,18,111.540496908834,-93.32008056375538,44.95141235178171
3981,21,19,101.07486212125897,-93.31970025420942,44.951413417035795
3982,21,20,90.60922733368395,-93.31931994464233,44.951414481023455
3983,21,21,80.1435925461089,-93.31893963505412,44.95141554374469
3984,21,22,69.67795775853388,-93.31855932544482,44.95141660519951
3985,21,23,59.97250017885357,-93.31817901581445,44.9514176653879
3986,21,24,54.937622544657614,-93.31779870616305,44.951418724309875
3987,21,25,49.92830581559754,-93.31741839649064,44.95141978196542
3988,21,26,44.91898908653746,-93.31703808679723,44.951420838354544
3989,21,27,39.90967235747738,-93.31665777708285,44.951421893477246
3990,21,28,34.90035562841731,-93.31627746734753,44.95142294733353
3991,21,29,31.178118281131475,-93.31589715759131,44.9514239999234
3992,21,30,30.70573590803802,-93.3155168478142,44.95142505124684
3993,21,31,30.23335353494456,-93.3151365380162,44.951426101303845
3994,21,32,29.7609711618511,-93.3147562281974,44.951427150094446
3995,21,33,29.288588788757643,-93.31437591835777,44.951428197618604
3996,21,34,28.816206415664183,-93.31399560849734,44.95142924387636
3997,21,35,29.833916366702955,-93.31361529861617,44.95143028886768
3998,21,36,31.796913643569315,-93.31323498871424,44.951431332592584
3999,21,37,33.75991092043567,-93.3128546787916,44.951432375051056
4000,21,38,35.72290819730204,-93.31247436884829,44.95143341624311
4001,21,39,37.80090112673647,-93.3120940588843,44.951434456168734
4002,21,40,41.22961333386075,-93.31171374889968,44.95143549482793
4003,21,41,44.65832554098503,-93.31133343889445,44.951436532220704
4004,21,42,48.087037748109296,-93.31095312886862,44.95143756834707
4005,21,43,51.515749955233574,-93.31057281882224,44.951438603206995
4006,21,44,54.94446216235786,-93.31019250875532,44.9514396368005
4007,21,45,58.37317436948213,-93.30981219866788,44.95144066912757
4008,21,46,61.80188657660641,-93.30943188855997,44.951441700188234
4009,21,47,65.23059878373068,-93.30905157843159,44.95144272998245
4010,21,48,68.4995010191955,-93.30867126828278,44.95144375851025
4011,21,49,71.70419878627844,-93.30829095811356,44.951444785771635
4012,21,50,74.90889655336136,-93.30791064792393,44.951445811766575
4013,21,51,78.11359432044428,-93.30753033771396,44.9514468364951
4014,21,52,81.3182920875272,-93.30715002748366,44.951447859957185
4015,21,53,84.52298985461013,-93.30676971723304,44.95144888215285
4016,21,54,87.72768762169304,-93.30638940696213,44.95144990308211
4017,21,55,92.603659053392,-93.30600909667096,44.95145092274491
4018,21,56,98.52564710025013,-93.30562878635956,44.9514519411413
4019,21,57,100.55109021440238,-93.30524847602796,44.95145295827127
4020,21,58,102.57653332855463,-93.30486816567615,44.951453974134786
4021,21,59,104.60197644270686,-93.3044878553042,44.951454988731896
4022,21,60,106.62741955685911,-93.30410754491211,44.95145600206257
4023,21,61,108.65286267101135,-93.30372723449992,44.951457014126824
4024,21,62,110.6783057851636,-93.30334692406763,44.95145802492464
4025,21,63,112.60518149512653,-93.30296661361528,44.95145903445603
4026,21,64,114.46367392849771,-93.30258630314292,44.951460042720996
4027,21,65,116.32216636186891,-93.30220599265053,44.95146104971952
4028,21,66,118.18065879524009,-93.30182568213817,44.95146205545162
4029,21,67,119.07644209862038,-93.30144537160584,44.951463059917295
4030,21,68,118.96655272592737,-93.30106506105358,44.95146406311653
4031,21,69,118.85666335323435,-93.30068475048141,44.951465065049355
4032,21,70,118.74677398054135,-93.30030443988936,44.951466065715735
4033,21,71,118.63688460784834,-93.29992412927746,44.9514670651157
4034,21,72,118.52699523515534,-93.2995438186457,44.95146806324922
4035,21,73,118.41710586246232,-93.29916350799415,44.95146906011631
4036,21,74,118.30721648976932,-93.29878319732283,44.951470055716975
4037,21,75,118.24134828112057,-93.29840288663175,44.95147105005121
4038,21,76,118.19832729290201,-93.29802257592091,44.95147204311901
4039,21,77,118.15530630468348,-93.29764226519039,44.95147303492039
4040,21,78,118.11228531646496,-93.29726195444019,44.951474025455326
4041,21,79,118.0692643282464,-93.29688164367032,44.95147501472384
4042,21,80,118.02624334002788,-93.29650133288081,44.95147600272591
4043,21,81,117.98322235180933,-93.29612102207172,44.951476989461554
4044,21,82,117.9402013635908,-93.29574071124303,44.951477974930775
4045,21,83,117.89718037537227,-93.29536040039478,44.95147895913355
4046,21,84,117.85415938715373,-93.29498008952702,44.951479942069895
4047,21,85,117.8111383989352,-93.29459977863974,44.95148092373982
4048,21,86,117.76811741071666,-93.29421946773297,44.9514819041433
4049,21,87,117.72509642249813,-93.29383915680675,44.95148288328035
4050,21,88,117.6820754342796,-93.29345884586111,44.95148386115097
4051,21,89,117.63905444606105,-93.29307853489607,44.95148483775515
4052,21,90,117.59603345784252,-93.29269822391163,44.9514858130929
4053,21,91,117.55301246962397,-93.29231791290785,44.95148678716423
4054,21,92,117.50999148140545,-93.29193760188473,44.95148775996911
4055,21,93,117.46697049318692,-93.2915572908423,44.95148873150756
4056,21,94,117.42394950496836,-93.29117697978062,44.95148970177957
4057,21,95,117.38092851674985,-93.29079666869966,44.95149067078515
4058,21,96,117.33790752853129,-93.29041635759947,44.9514916385243
4059,21,97,117.29488654031276,-93.2900360464801,44.95149260499702
4060,21,98,117.25186555209424,-93.28965573534151,44.9514935702033
4061,21,99,117.20884456387569,-93.2892754241838,44.951494534143144
4062,21,100,117.16582357565716,-93.28889511300696,44.95149549681655
4063,21,101,117.12280258743861,-93.288514801811,44.951496458223524
4064,21,102,117.07978159922008,-93.28813449059597,44.95149741836406
4065,21,103,117.03676061100155,-93.28775417936188,44.951498377238174
4066,21,104,116.99373962278301,-93.28737386810879,44.951499334845835
4067,21,105,116.99249664453706,-93.28699355683666,44.95150029118707
4068,21,106,117.22840022886542,-93.28661324554557,44.95150124626186
4069,21,107,117.46430381319382,-93.28623293423551,44.95150220007022
4070,21,108,117.7002073975222,-93.28585262290656,44.95150315261215
4071,21,109,117.9361109818506,-93.28547231155868,44.95150410388763
4072,21,110,118.17201456617899,-93.28509200019194,44.951505053896675
4073,21,111,118.40791815050738,-93.28471168880633,44.9515060026393
4074,21,112,118.64382173483575,-93.2843313774019,44.95150695011547
4075,21,113,118.87972531916414,-93.28395106597866,44.951507896325204
4076,21,114,119.11562890349254,-93.28357075453665,44.951508841268506
4077,21,115,119.35153248782093,-93.2831904430759,44.95150978494539
4078,21,116,119.58743607214932,-93.2828101315964,44.9515107273558
4079,21,117,119.82333965647769,-93.28242982009823,44.9515116684998
4080,21,118,120.05924324080608,-93.28204950858135,44.951512608377335
4081,21,119,120.29514682513447,-93.28166919704584,44.95151354698846
4082,21,120,120.53105040946286,-93.2812888854917,44.951514484333124
4083,21,121,120.76695399379125,-93.28090857391896,44.95151542041137
4084,21,122,121.00285757811963,-93.28052826232765,44.951516355223156
4085,21,123,121.23876116244801,-93.28014795071778,44.95151728876851
4086,21,124,121.47466474677641,-93.27976763908939,44.951518221047436
4087,21,125,121.7105683311048,-93.27938732744249,44.951519152059916
4088,21,126,121.9464719154332,-93.27900701577714,44.95152008180595
4089,21,127,122.18237549976158,-93.27862670409331,44.95152101028556
4090,21,128,122.20397228095679,-93.27824639239107,44.95152193749871
4091,21,129,122.20397228095679,-93.27786608067044,44.95152286344544
4092,21,130,122.20397228095679,-93.27748576893143,44.95152378812571
4093,21,131,122.20397228095679,-93.27710545717406,44.951524711539555
4094,21,132,122.20397228095679,-93.27672514539837,44.95152563368696
4095,21,133,122.20397228095679,-93.27634483360438,44.95152655456792
4096,21,134,122.20397228095679,-93.27596452179213,44.95152747418244
4097,21,135,122.20397228095679,-93.27558420996161,44.95152839253052
4098,21,136,122.20397228095679,-93.27520389811289,44.951529309612155
4099,21,137,122.20397228095679,-93.27482358624596,44.95153022542735
4100,21,138,122.20397228095679,-93.27444327436085,44.95153113997611
4101,21,139,122.20397228095679,-93.2740629624576,44.951532053258425
4102,21,140,122.20397228095679,-93.27368265053623,44.951532965274296
4103,21,141,122.20397228095679,-93.27330233859676,44.95153387602373
4104,21,142,122.20397228095679,-93.27292202663922,44.95153478550672
4105,21,143,122.20397228095679,-93.27254171466363,44.95153569372326
4106,21,144,122.20397228095679,-93.27216140267002,44.95153660067337
4107,21,145,122.20397228095679,-93.27178109065841,44.95153750635703
4108,21,146,122.20397228095679,-93.27140077862883,44.95153841077425
4109,21,147,122.20397228095679,-93.2710204665813,44.95153931392503
4110,21,148,122.20397228095679,-93.27064015451585,44.95154021580936
4111,21,149,122.0987654721869,-93.27025984243251,44.951541116427244
4112,21,150,121.88325379185179,-93.2698795303313,44.951542015778706
4113,21,151,121.66774211151667,-93.26949921821222,44.9515429138637
4114,21,152,121.45223043118155,-93.26911890607533,44.95154381068226
4115,21,153,121.23671875084644,-93.26873859392066,44.95154470623438
4116,21,154,121.02120707051132,-93.2683582817482,44.95154560052004
4117,21,155,120.80569539017618,-93.26797796955802,44.95154649353929
4118,21,156,120.59018370984107,-93.2675976573501,44.951547385292066
4119,21,157,120.37467202950596,-93.26721734512448,44.95154827577841
4120,21,158,120.15916034917085,-93.2668370328812,44.951549164998305
4121,21,159,119.94364866883572,-93.26645672062028,44.95155005295176
4122,21,160,119.72813698850061,-93.26607640834173,44.95155093963876
4123,21,161,119.5126253081655,-93.26569609604557,44.951551825059326
4124,21,162,119.29711362783038,-93.26531578373188,44.95155270921344
4125,21,163,119.08160194749526,-93.26493547140062,44.95155359210111
4126,21,164,118.86609026716015,-93.26455515905184,44.95155447372234
4127,21,165,118.65057858682502,-93.26417484668558,44.95155535407712
4128,21,166,118.4350669064899,-93.26379453430184,44.951556233165455
4129,21,167,118.21955522615478,-93.26341422190066,44.951557110987345
4130,21,168,118.00404354581967,-93.26303390948206,44.9515579875428
4131,21,169,117.88930425618729,-93.26265359704605,44.95155886283178
4132,21,170,118.23366932164554,-93.26227328459271,44.95155973685434
4133,21,171,118.57803438710378,-93.261892972122,44.951560609610446
4134,21,172,118.92239945256205,-93.26151265963398,44.9515614811001
4135,21,173,119.26676451802028,-93.26113234712867,44.95156235132331
4136,21,174,119.61112958347854,-93.26075203460607,44.95156322028008
4137,21,175,119.95549464893678,-93.26037172206624,44.95156408797039
4138,21,176,120.29985971439504,-93.2599914095092,44.95156495439426
4139,21,177,120.6442247798533,-93.25961109693496,44.95156581955168
4140,21,178,120.98858984531154,-93.25923078434356,44.95156668344266
4141,21,179,121.3329549107698,-93.25885047173502,44.95156754606719
4142,21,180,121.67731997622805,-93.25847015910935,44.951568407425256
4143,21,181,122.0216850416863,-93.2580898464666,44.951569267516895
4144,21,182,122.36605010714455,-93.25770953380677,44.95157012634208
4145,21,183,122.71041517260281,-93.25732922112992,44.951570983900815
4146,21,184,123.05478023806104,-93.25694890843604,44.951571840193104
4147,21,185,123.3991453035193,-93.25656859572517,44.95157269521894
4148,21,186,123.74351036897757,-93.25618828299734,44.95157354897833
4149,21,187,124.0878754344358,-93.25580797025256,44.95157440147127
4150,21,188,124.43224049989406,-93.25542765749087,44.95157525269775
4151,21,189,124.77660556535231,-93.2550473447123,44.9515761026578
4152,21,190,125.12097063081056,-93.25466703191685,44.9515769513514
4153,21,191,125.46533569626881,-93.25428671910454,44.95157779877854
4154,21,192,125.5406768983404,-93.25390640627546,44.95157864493923
4155,21,193,125.10503818943606,-93.25352609342956,44.95157948983347
4156,21,194,124.66939948053171,-93.2531457805669,44.951580333461266
4157,21,195,124.23376077162736,-93.25276546768751,44.95158117582262
4158,21,196,123.79812206272304,-93.2523851547914,44.951582016917506
4159,21,197,123.36248335381869,-93.25200484187859,44.95158285674595
4160,21,198,122.92684464491435,-93.25162452894912,44.951583695307946
4161,21,199,122.49120593601,-93.25124421600302,44.95158453260348
4162,21,200,122.05556722710566,-93.2508639030403,44.95158536863258
4163,21,201,121.61992851820133,-93.250483590061,44.951586203395216
4164,21,202,121.18428980929698,-93.25010327706514,44.951587036891404
4165,21,203,120.74865110039264,-93.24972296405272,44.95158786912114
4166,21,204,120.3130123914883,-93.2493426510238,44.95158870008443
4167,21,205,119.87737368258395,-93.24896233797838,44.951589529781266
4168,21,206,113.12503221930498,-93.2485820249165,44.95159035821164
4169,21,207,105.26844912764479,-93.2482017118382,44.95159118537557
4170,21,208,97.4118660359846,-93.24782139874348,44.95159201127305
4171,21,209,89.5552829443244,-93.24744108563236,44.95159283590408
4172,21,210,81.69869985266422,-93.2470607725049,44.95159365926866
4173,21,211,67.68490711745005,-93.24668045936107,44.95159448136678
4174,21,212,50.17883178599029,-93.24630014620095,44.95159530219844
4175,21,213,32.67275645453052,-93.24591983302454,44.951596121763664
4176,21,214,15.166681123070761,-93.24553951983188,44.95159694006242
4177,21,215,0.0,-93.24515920662296,44.95159775709473
4178,21,216,0.0,-93.24477889339784,44.9515985728606
4179,21,217,5.648945366366561,-93.24439858015653,44.951599387360005
4180,21,218,30.591989859104753,-93.24401826689908,44.95160020059295
4181,21,219,55.53503435184295,-93.24363795362547,44.95160101255946
4182,21,220,80.47807884458113,-93.24325764033574,44.951601823259494
4183,21,221,105.42112333731934,-93.24287732702994,44.95160263269309
4184,21,222,130.36416783005754,-93.24249701370807,44.95160344086021
4185,21,223,142.5638631809482,-93.24211670037019,44.951604247760905
4186,21,224,121.7928910911136,-93.24173638701627,44.95160505339513
4187,21,225,102.24513365549922,-93.24135607364639,44.95160585776291
4188,21,226,82.8298611124232,-93.24097576026053,44.95160666086422
4189,21,227,68.8536799079009,-93.24059544685875,44.95160746269909
4190,21,228,66.48964266572676,-93.24021513344105,44.951608263267495
4191,21,229,71.69211569171178,-93.23983482000746,44.95160906256945
4192,21,230,78.27927471726198,-93.23945450655802,44.951609860604954
4193,21,231,90.74263637217044,-93.23907419309273,44.95161065737399
4194,21,232,103.4248609058205,-93.23869387961166,44.95161145287658
4195,21,233,116.10708543947052,-93.23831356611478,44.95161224711271
4196,21,234,104.10146100030073,-93.23793325260216,44.95161304008239
4197,21,235,87.01890660130651,-93.2375529390738,44.951613831785615
4198,21,236,69.93635220231232,-93.23717262552972,44.95161462222237
4199,21,237,57.08398276490443,-93.23679231196998,44.95161541139269
4200,21,238,58.450680492225814,-93.23641199839456,44.951616199296545
4201,21,239,73.31018354706683,-93.23603168480352,44.95161698593394
4202,21,240,95.56298432659472,-93.23565137119685,44.95161777130488
4203,21,241,120.99109248350334,-93.23527105757462,44.95161855540936
4204,21,242,146.76987901562862,-93.23489074393683,44.95161933824738
4205,21,243,172.54866554775393,-93.2345104302835,44.951620119818955
4206,21,244,198.60322325981727,-93.23413011661466,44.95162090012406
4207,21,245,212.1350075300066,-93.23374980293036,44.95162167916271
4208,21,246,212.4158940939009,-93.23336948923058,44.95162245693492
4209,21,247,212.69678065779527,-93.23298917551537,44.95162323344066
4210,21,248,212.9776672216896,-93.23260886178475,44.951624008679936
4211,21,249,213.25855378558393,-93.23222854803876,44.951624782652765
4212,21,250,210.1213839962571,-93.23184823427741,44.951625555359136
4213,21,251,204.95136531135623,-93.23146792050073,44.951626326799044
4214,21,252,202.5098222532556,-93.23108760670874,44.951627096972494
4215,21,253,200.60888805768383,-93.23070729290147,44.951627865879495
4216,21,254,198.70795386211205,-93.23032697907895,44.951628633520016
4217,21,255,196.80701966654027,-93.2299466652412,44.951629399894095
4218,21,256,194.9060854709685,-93.22956635138823,44.95163016500171
4219,21,257,193.00515127539674,-93.2291860375201,44.95163092884287
4220,21,258,191.10421707982496,-93.2288057236368,44.951631691417575
4221,21,259,189.20328288425318,-93.22842540973836,44.95163245272581
4222,21,260,187.3023486886814,-93.22804509582484,44.9516332127676
4223,21,261,185.40141449310966,-93.22766478189622,44.95163397154292
4224,21,262,183.50048029753788,-93.22728446795256,44.95163472905177
4225,21,263,181.5995461019661,-93.22690415399386,44.951635485294176
4226,21,264,179.69861190639432,-93.22652384002016,44.951636240270126
4227,21,265,177.87312504984166,-93.22614352603148,44.9516369939796
4228,21,266,176.1010766272425,-93.22576321202784,44.95163774642263
4229,21,267,174.32902820464335,-93.22538289800929,44.95163849759919
4230,21,268,172.55697978204418,-93.22500258397582,44.95163924750929
4231,21,269,170.784931359445,-93.22462226992747,44.95163999615293
4232,21,270,169.01288293684587,-93.22424195586426,44.95164074353012
4233,21,271,167.2408345142467,-93.22386164178623,44.951641489640835
4234,21,272,165.46878609164753,-93.2234813276934,44.95164223448509
4235,21,273,163.69673766904836,-93.22310101358579,44.95164297806289
4236,21,274,161.92468924644922,-93.22272069946344,44.951643720374236
4237,21,275,160.15264082385005,-93.22234038532635,44.95164446141909
4238,21,276,158.38059240125088,-93.22196007117455,44.95164520119752
4239,21,277,156.74149967281753,-93.22157975700809,44.95164593970947
4240,21,278,157.91994237050724,-93.22119944282694,44.951646676954965
4241,21,279,159.4824446140605,-93.2208191286312,44.951647412934
4242,21,280,161.04494685761378,-93.22043881442085,44.951648147646566
4243,21,281,162.60744910116705,-93.22005850019592,44.95164888109267
4244,21,282,164.1699513447203,-93.21967818595644,44.951649613272316
4245,21,283,165.73245358827356,-93.21929787170242,44.951650344185495
4246,21,284,167.39172956963208,-93.21891755743393,44.95165107383221
4247,21,285,172.5798149789539,-93.21853724315093,44.95165180221247
4248,21,286,182.2947511720772,-93.2181569288535,44.95165252932627
4249,21,287,192.87805570587068,-93.21777661454163,44.951653255173596
4250,21,288,203.46136023966415,-93.21739630021537,44.95165397975447
4251,21,289,214.0446647734576,-93.21701598587474,44.95165470306887
4252,21,290,224.62796930725108,-93.21663567151974,44.951655425116805
4253,21,291,235.21127384104457,-93.21625535715043,44.95165614589829
4254,21,292,245.794578374838,-93.21587504276681,44.951656865413305
4255,21,293,256.37788290863153,-93.21549472836891,44.951657583661856
4256,21,294,266.9855972174472,-93.21511441395678,44.95165830064394
4257,21,295,279.34684087049453,-93.21473409953042,44.95165901635957
4258,21,296,294.25839985817544,-93.21435378508986,44.95165973080872
4259,21,297,310.92635194954545,-93.2139734706351,44.951660443991436
4260,21,298,327.71842268399456,-93.21359315616621,44.95166115590766
4261,21,299,344.51049341844373,-93.21321284168319,44.95166186655742
4262,22,6,333.67415526408683,-93.3246457991094,44.951669525724505
4263,22,7,314.5187877755651,-93.32426548803566,44.95167060618574
4264,22,8,296.0295399258239,-93.32388517694048,44.95167168538053
4265,22,9,277.54029207608266,-93.32350486582388,44.9516727633089
4266,22,10,259.05104422634145,-93.32312455468588,44.95167383997084
4267,22,11,240.6841672368753,-93.32274424352651,44.95167491536634
4268,22,12,224.25614860698678,-93.32236393234582,44.95167598949542
4269,22,13,208.98590476598494,-93.32198362114379,44.951677062358065
4270,22,14,193.71566092498307,-93.32160330992049,44.95167813395427
4271,22,15,178.44541708398117,-93.3212229986759,44.95167920428405
4272,22,16,163.1751732429793,-93.32084268741008,44.9516802733474
4273,22,17,150.12374366507902,-93.32046237612305,44.95168134114432
4274,22,18,139.65580392286282,-93.32008206481483,44.95168240767481
4275,22,19,129.19016913528782,-93.31970175348543,44.95168347293885
4276,22,20,118.72453434771278,-93.31932144213489,44.95168453693647
4277,22,21,108.25889956013775,-93.31894113076325,44.951685599667655
4278,22,22,97.79326477256272,-93.3185608193705,44.951686661132406
4279,22,23,89.52576186536184,-93.31818050795671,44.951687721330735
4280,22,24,84.51644513630175,-93.31780019652187,44.951688780262614
4281,22,25,79.5071284072417,-93.317419885066,44.951689837928065
4282,22,26,74.49781167818162,-93.31703957358916,44.95169089432709
4283,22,27,69.48849494912155,-93.31665926209133,44.951691949459686
4284,22,28,64.47917822006147,-93.31627895057258,44.95169300332582
4285,22,29,61.17439896546951,-93.31589863903292,44.95169405592555
4286,22,30,60.70201659237605,-93.31551832747236,44.95169510725883
4287,22,31,60.22963421928258,-93.31513801589094,44.95169615732568
4288,22,32,59.75725184618913,-93.31475770428868,44.9516972061261
4289,22,33,59.28486947309566,-93.3143773926656,44.951698253660076
4290,22,34,58.81248710000221,-93.31399708102174,44.95169929992761
4291,22,35,59.769624838209275,-93.31361676935711,44.95170034492872
4292,22,36,61.73262211507564,-93.31323645767175,44.951701388663395
4293,22,37,63.695619391942,-93.31285614596567,44.95170243113163
4294,22,38,65.65861666880836,-93.31247583423891,44.95170347233343
4295,22,39,67.63423451731346,-93.31209552249149,44.95170451226878
4296,22,40,71.03303482537271,-93.31171521072342,44.95170555093771
4297,22,41,74.46174703249697,-93.31133489893475,44.951706588340215
4298,22,42,77.89045923962125,-93.31095458712548,44.95170762447626
4299,22,43,81.31917144674553,-93.31057427529565,44.95170865934588
4300,22,44,84.74788365386982,-93.31019396344527,44.95170969294906
4301,22,45,88.1765958609941,-93.3098136515744,44.95171072528581
4302,22,46,91.60530806811838,-93.30943333968303,44.95171175635611
4303,22,47,95.03402027524264,-93.30905302777121,44.95171278615998
4304,22,48,98.32784177461892,-93.30867271583894,44.95171381469741
4305,22,49,101.53253954170184,-93.30829240388627,44.951714841968396
4306,22,50,104.73723730878476,-93.30791209191321,44.951715867972965
4307,22,51,107.94193507586768,-93.30753177991978,44.95171689271108
4308,22,52,111.1466328429506,-93.30715146790604,44.95171791618276
4309,22,53,114.35133061003353,-93.30677115587197,44.951718938388
4310,22,54,117.55602837711645,-93.30639084381761,44.95171995932679
4311,22,55,121.60554303754365,-93.30601053174298,44.95172097899916
4312,22,56,128.45719534272052,-93.30563021964815,44.95172199740509
4313,22,57,130.4826384568728,-93.3052499075331,44.95172301454456
4314,22,58,132.50808157102503,-93.30486959539785,44.9517240304176
4315,22,59,134.53352468517727,-93.30448928324243,44.951725045024205
4316,22,60,136.5589677993295,-93.30410897106688,44.95172605836437
4317,22,61,138.58441091348175,-93.30372865887125,44.951727070438096
4318,22,62,140.60985402763404,-93.30334834665551,44.95172808124538
4319,22,63,142.54755958830913,-93.3029680344197,44.951729090786216
4320,22,64,144.4060520216803,-93.30258772216388,44.951730099060626
4321,22,65,146.2645444550515,-93.30220740988804,44.95173110606858
4322,22,66,148.1230368884227,-93.30182709759222,44.9517321118101
4323,22,67,149.07624083670808,-93.30144678527645,44.95173311628518
4324,22,68,148.96635146401508,-93.30106647294073,44.95173411949382
4325,22,69,148.85646209132204,-93.30068616058512,44.95173512143602
4326,22,70,148.74657271862907,-93.3003058482096,44.951736122111775
4327,22,71,148.63668334593604,-93.29992553581424,44.95173712152109
4328,22,72,148.52679397324306,-93.29954522339904,44.95173811966396
4329,22,73,148.41690460055003,-93.29916491096404,44.95173911654038
4330,22,74,148.30701522785702,-93.29878459850924,44.951740112150375
4331,22,75,148.24131743434756,-93.2984042860347,44.95174110649391
4332,22,76,148.19829644612904,-93.29802397354042,44.951742099571014
4333,22,77,148.15527545791048,-93.29764366102644,44.95174309138167
4334,22,78,148.11225446969198,-93.29726334849276,44.95174408192589
4335,22,79,148.06923348147345,-93.29688303593944,44.95174507120366
4336,22,80,148.0262124932549,-93.29650272336649,44.95174605921499
4337,22,81,147.98319150503636,-93.29612241077392,44.95174704595988
4338,22,82,147.9401705168178,-93.29574209816178,44.95174803143832
4339,22,83,147.89714952859927,-93.29536178553008,44.951749015650314
4340,22,84,147.85412854038077,-93.29498147287885,44.951749998595865
4341,22,85,147.8111075521622,-93.29460116020812,44.95175098027497
4342,22,86,147.76808656394368,-93.29422084751789,44.95175196068764
4343,22,87,147.72506557572513,-93.29384053480821,44.95175293983386
4344,22,88,147.6820445875066,-93.2934602220791,44.95175391771363
4345,22,89,147.63902359928807,-93.29307990933059,44.95175489432696
4346,22,90,147.59600261106954,-93.29269959656271,44.951755869673846
4347,22,91,147.552981622851,-93.29231928377546,44.95175684375428
4348,22,92,147.50996063463245,-93.29193897096889,44.951757816568275
4349,22,93,147.46693964641392,-93.29155865814299,44.951758788115825
4350,22,94,147.4239186581954,-93.29117834529784,44.95175975839693
4351,22,95,147.38089766997686,-93.29079803243341,44.95176072741158
4352,22,96,147.33787668175833,-93.29041771954977,44.951761695159796
4353,22,97,147.2948556935398,-93.29003740664692,44.95176266164156
4354,22,98,147.25183470532124,-93.28965709372488,44.95176362685687
4355,22,99,147.20881371710271,-93.28927678078371,44.951764590805745
4356,22,100,147.16579272888416,-93.28889646782339,44.951765553488165
4357,22,101,147.12277174066566,-93.28851615484398,44.951766514904136
4358,22,102,147.07975075244713,-93.28813584184547,44.95176747505367
4359,22,103,147.03672976422857,-93.28775552882793,44.95176843393675
4360,22,104,146.99370877601004,-93.28737521579134,44.951769391553384
4361,22,105,146.9915691218471,-93.28699490273577,44.95177034790357
4362,22,106,147.2274727061755,-93.28661458966121,44.95177130298731
4363,22,107,147.46337629050387,-93.2862342765677,44.9517722568046
4364,22,108,147.69927987483226,-93.28585396345525,44.95177320935544
4365,22,109,147.93518345916064,-93.28547365032392,44.95177416063984
4366,22,110,148.17108704348902,-93.28509333717369,44.95177511065778
4367,22,111,148.40699062781744,-93.28471302400462,44.951776059409276
4368,22,112,148.64289421214582,-93.28433271081673,44.951777006894325
4369,22,113,148.87879779647417,-93.28395239761002,44.951777953112924
4370,22,114,149.1147013808026,-93.28357208438455,44.95177889806507
4371,22,115,149.35060496513097,-93.28319177114031,44.95177984175077
4372,22,116,149.58650854945935,-93.28281145787736,44.951780784170026
4373,22,117,149.82241213378776,-93.2824311445957,44.95178172532282
4374,22,118,150.05831571811612,-93.28205083129536,44.95178266520917
4375,22,119,150.2942193024445,-93.28167051797638,44.95178360382907
4376,22,120,150.53012288677292,-93.28129020463876,44.951784541182526
4377,22,121,150.7660264711013,-93.28090989128256,44.951785477269524
4378,22,122,151.00193005542968,-93.28052957790777,44.95178641209008
4379,22,123,151.23783363975807,-93.28014926451444,44.95178734564418
4380,22,124,151.47373722408645,-93.27976895110257,44.951788277931826
4381,22,125,151.70964080841483,-93.2793886376722,44.951789208953016
4382,22,126,151.94554439274324,-93.27900832422335,44.95179013870777
4383,22,127,152.18144797707163,-93.27862801075607,44.95179106719606
4384,22,128,152.2039722809568,-93.27824769727036,44.9517919944179
4385,22,129,152.2039722809568,-93.27786738376625,44.9517929203733
4386,22,130,152.2039722809568,-93.27748707024375,44.951793845062234
4387,22,131,152.2039722809568,-93.27710675670292,44.951794768484724
4388,22,132,152.2039722809568,-93.27672644314374,44.95179569064075
4389,22,133,152.2039722809568,-93.27634612956629,44.951796611530334
4390,22,134,152.2039722809568,-93.27596581597057,44.951797531153474
4391,22,135,152.2039722809568,-93.27558550235658,44.95179844951015
4392,22,136,152.2039722809568,-93.27520518872437,44.951799366600376
4393,22,137,152.2039722809568,-93.27482487507396,44.95180028242415
4394,22,138,152.2039722809568,-93.27444456140539,44.951801196981464
4395,22,139,152.2039722809568,-93.27406424771866,44.95180211027233
4396,22,140,152.2039722809568,-93.2736839340138,44.951803022296744
4397,22,141,152.2039722809568,-93.27330362029085,44.951803933054705
4398,22,142,152.2039722809568,-93.27292330654983,44.9518048425462
4399,22,143,152.2039722809568,-93.27254299279076,44.95180575077125
4400,22,144,152.2039722809568,-93.27216267901368,44.95180665772985
4401,22,145,152.2039722809568,-93.27178236521858,44.951807563421994
4402,22,146,152.2039722809568,-93.27140205140552,44.951808467847684
4403,22,147,152.2039722809568,-93.27102173757451,44.95180937100692
4404,22,148,152.2039722809568,-93.27064142372558,44.9518102728997
4405,22,149,152.09799137412708,-93.27026110985877,44.95181117352602
4406,22,150,151.88247969379196,-93.26988079597406,44.951812072885886
4407,22,151,151.66696801345685,-93.26950048207152,44.95181297097931
4408,22,152,151.45145633312174,-93.26912016815115,44.951813867806266
4409,22,153,151.23594465278663,-93.26873985421298,44.95181476336676
4410,22,154,151.02043297245152,-93.26835954025705,44.951815657660816
4411,22,155,150.8049212921164,-93.26797922628337,44.9518165506884
4412,22,156,150.58940961178126,-93.26759891229197,44.95181744244953
4413,22,157,150.37389793144615,-93.26721859828288,44.951818332944214
4414,22,158,150.15838625111104,-93.26683828425612,44.951819222172446
4415,22,159,149.9428745707759,-93.2664579702117,44.95182011013421
4416,22,160,149.7273628904408,-93.26607765614968,44.95182099682951
4417,22,161,149.51185121010568,-93.26569734207006,44.95182188225836
4418,22,162,149.29633952977056,-93.26531702797286,44.95182276642076
4419,22,163,149.08082784943545,-93.2649367138581,44.9518236493167
4420,22,164,148.86531616910034,-93.26455639972585,44.95182453094618
4421,22,165,148.64980448876523,-93.26417608557611,44.95182541130921
4422,22,166,148.43429280843011,-93.26379577140888,44.95182629040577
4423,22,167,148.21878112809497,-93.26341545722421,44.95182716823589
4424,22,168,148.00326944775986,-93.26303514302212,44.951828044799534
4425,22,169,147.88732773610494,-93.26265482880264,44.95182892009673
4426,22,170,148.2316928015632,-93.26227451456579,44.951829794127455
4427,22,171,148.57605786702143,-93.2618942003116,44.95183066689173
4428,22,172,148.9204229324797,-93.26151388604009,44.95183153838955
4429,22,173,149.26478799793796,-93.26113357175129,44.951832408620916
4430,22,174,149.6091530633962,-93.26075325744522,44.95183327758581
4431,22,175,149.95351812885445,-93.2603729431219,44.95183414528425
4432,22,176,150.29788319431273,-93.25999262878136,44.951835011716234
4433,22,177,150.64224825977095,-93.25961231442365,44.951835876881766
4434,22,178,150.98661332522923,-93.25923200004875,44.95183674078082
4435,22,179,151.33097839068748,-93.25885168565671,44.95183760341342
4436,22,180,151.67534345614573,-93.25847137124755,44.95183846477958
4437,22,181,152.01970852160397,-93.25809105682131,44.95183932487926
4438,22,182,152.36407358706222,-93.25771074237801,44.951840183712484
4439,22,183,152.70843865252047,-93.25733042791765,44.951841041279245
4440,22,184,153.05280371797872,-93.25695011344028,44.951841897579556
4441,22,185,153.397168783437,-93.25656979894593,44.9518427526134
4442,22,186,153.74153384889522,-93.2561894844346,44.951843606380784
4443,22,187,154.0858989143535,-93.25580916990633,44.9518444588817
4444,22,188,154.43026397981174,-93.25542885536115,44.95184531011616
4445,22,189,154.77462904527,-93.25504854079908,44.95184616008416
4446,22,190,155.11899411072824,-93.25466822622013,44.9518470087857
4447,22,191,155.4633591761865,-93.25428791162436,44.95184785622077
4448,22,192,155.53751371349986,-93.25390759701176,44.9518487023894
4449,22,193,155.10187500459548,-93.25352728238236,44.95184954729156
4450,22,194,154.66623629569116,-93.25314696773621,44.951850390927255
4451,22,195,154.2305975867868,-93.25276665307332,44.95185123329648
4452,22,196,153.79495887788246,-93.25238633839372,44.951852074399255
4453,22,197,153.35932016897814,-93.25200602369743,44.95185291423556
4454,22,198,152.9236814600738,-93.25162570898446,44.95185375280539
4455,22,199,152.48804275116944,-93.25124539425487,44.95185459010879
4456,22,200,152.05240404226512,-93.25086507950866,44.95185542614569
4457,22,201,151.61676533336077,-93.25048476474585,44.951856260916166
4458,22,202,151.18112662445643,-93.25010444996649,44.95185709442015
4459,22,203,150.74548791555208,-93.24972413517058,44.95185792665768
4460,22,204,150.30984920664773,-93.24934382035815,44.95185875762874
4461,22,205,149.87421049774338,-93.24896350552925,44.951859587333345
4462,22,206,142.0779958348632,-93.24858319068387,44.951860415771485
4463,22,207,134.22141274320302,-93.24820287582207,44.95186124294317
4464,22,208,126.36482965154285,-93.24782256094385,44.95186206884838
4465,22,209,118.50824655988265,-93.24744224604923,44.95186289348713
4466,22,210,109.55360395172137,-93.24706193113826,44.95186371685941
4467,22,211,92.04752862026162,-93.24668161621095,44.951864538965225
4468,22,212,74.54145328880185,-93.24630130126732,44.951865359804586
4469,22,213,57.03537795734209,-93.24592098630742,44.951866179377475
4470,22,214,39.529302625882316,-93.24554067133126,44.9518669976839
4471,22,215,22.02322729442256,-93.24516035633883,44.95186781472386
4472,22,216,4.5171519629628,-93.24478004133022,44.951868630497366
4473,22,217,0.0,-93.2443997263054,44.9518694450044
4474,22,218,13.923320703071846,-93.24401941126443,44.95187025824496
4475,22,219,38.86636519581004,-93.24363909620735,44.95187107021906
4476,22,220,63.80940968854824,-93.24325878113412,44.951871880926696
4477,22,221,88.76598835101248,-93.24287846604481,44.951872690367864
4478,22,222,114.34562266307546,-93.24249815093945,44.95187349854256
4479,22,223,124.57933072092132,-93.24211783581805,44.95187430545081
4480,22,224,100.22999376109665,-93.24173752068064,44.951875111092576
4481,22,225,79.4880429091322,-93.24135720552725,44.95187591546788
4482,22,226,59.94028547351785,-93.2409768903579,44.95187671857673
4483,22,227,41.156338313376494,-93.24059657517259,44.95187752041909
4484,22,228,36.92059875159286,-93.24021625997139,44.95187832099499
4485,22,229,42.15171191951553,-93.23983594475432,44.95187912030444
4486,22,230,50.872892994792046,-93.23945562952136,44.95187991834741
4487,22,231,63.555117528442075,-93.23907531427258,44.95188071512392
4488,22,232,76.23734206209211,-93.23869499900799,44.951881510633946
4489,22,233,88.91956659574214,-93.23831468372762,44.951882304877515
4490,22,234,79.44002683264934,-93.23793436843148,44.95188309785462
4491,22,235,62.357472433655126,-93.23755405311961,44.95188388956526
4492,22,236,45.27491803466093,-93.23717373779205,44.95188468000943
4493,22,237,28.54651173806756,-93.23679342244878,44.95188546918711
4494,22,238,31.189810741843083,-93.23641310708986,44.95188625709836
4495,22,239,54.08900362594352,-93.23603279171532,44.951887043743106
4496,22,240,79.86779015806881,-93.23565247632514,44.95188782912141
4497,22,241,105.64657669019414,-93.23527216091941,44.95188861323323
4498,22,242,131.5425887045149,-93.2348918454981,44.9518893960786
4499,22,243,158.58693515305163,-93.23451153006127,44.951890177657475
4500,22,244,181.85543594929484,-93.23413121460894,44.9518909579699
4501,22,245,182.13632251318919,-93.2337508991411,44.95189173701585
4502,22,246,182.41720907708353,-93.23337058365782,44.951892514795325
4503,22,247,182.69809564097787,-93.23299026815911,44.95189329130834
4504,22,248,182.9789822048722,-93.23260995264498,44.95189406655488
4505,22,249,183.25986876876655,-93.23222963711548,44.95189484053495
4506,22,250,180.60528669314934,-93.23184932157062,44.95189561324855
4507,22,251,175.27584242910052,-93.23146900601043,44.95189638469569
4508,22,252,172.57010867439672,-93.23108869043493,44.95189715487634
4509,22,253,170.66917447882494,-93.23070837484414,44.95189792379054
4510,22,254,168.7682402832532,-93.23032805923812,44.95189869143827
4511,22,255,166.8673060876814,-93.22994774361685,44.95189945781951
4512,22,256,164.96637189210966,-93.22956742798038,44.95190022293429
4513,22,257,163.06543769653788,-93.22918711232873,44.951900986782604
4514,22,258,161.16450350096613,-93.22880679666191,44.95190174936444
4515,22,259,159.26356930539436,-93.22842648097998,44.95190251067981
4516,22,260,157.36263510982258,-93.22804616528293,44.95190327072871
4517,22,261,155.4617009142508,-93.2276658495708,44.95190402951114
4518,22,262,153.56076671867902,-93.22728553384363,44.95190478702708
4519,22,263,151.65983252310724,-93.22690521810141,44.95190554327658
4520,22,264,149.75889832753546,-93.2265249023442,44.95190629825959
4521,22,265,147.92550670734298,-93.22614458657202,44.95190705197613
4522,22,266,146.1534582847438,-93.22576427078486,44.951907804426185
4523,22,267,144.38140986214464,-93.22538395498277,44.95190855560979
4524,22,268,142.6093614395455,-93.22500363916579,44.95190930552691
4525,22,269,140.83731301694633,-93.22462332333394,44.95191005417756
4526,22,270,139.06526459434716,-93.22424300748723,44.951910801561745
4527,22,271,137.29321617174799,-93.22386269162568,44.95191154767945
4528,22,272,135.52116774914884,-93.22348237574934,44.951912292530686
4529,22,273,133.74911932654967,-93.2231020598582,44.95191303611544
4530,22,274,131.9770709039505,-93.22272174395233,44.951913778433735
4531,22,275,130.20502248135136,-93.22234142803173,44.95191451948555
4532,22,276,128.4329740587522,-93.22196111209642,44.95191525927088
4533,22,277,126.74745060737179,-93.22158079614643,44.95191599778976
4534,22,278,127.96066022391882,-93.22120048018179,44.951916735042154
4535,22,279,129.52316246747208,-93.22082016420252,44.951917471028075
4536,22,280,131.08566471102534,-93.22043984820866,44.95191820574752
4537,22,281,132.6481669545786,-93.2200595322002,44.951918939200496
4538,22,282,134.21066919813188,-93.21967921617721,44.951919671386996
4539,22,283,135.77317144168515,-93.21929890013969,44.951920402307024
4540,22,284,137.52709677165063,-93.21891858408765,44.951921131960574
4541,22,285,143.7967445956134,-93.21853826802115,44.951921860347646
4542,22,286,154.22352631200053,-93.21815795194019,44.95192258746825
4543,22,287,164.806830845794,-93.21777763584481,44.95192331332238
4544,22,288,175.39013537958746,-93.21739731973503,44.95192403791003
4545,22,289,185.97343991338093,-93.21701700361088,44.95192476123121
4546,22,290,196.5567444471744,-93.21663668747236,44.95192548328592
4547,22,291,207.1400489809679,-93.21625637131953,44.95192620407414
4548,22,292,217.72335351476136,-93.21587605515239,44.9519269235959
4549,22,293,228.30665804855482,-93.21549573897097,44.951927641851164
4550,22,294,239.3112402343903,-93.21511542277531,44.95192835883997
4551,22,295,253.02809742257978,-93.21473510656543,44.95192907456231
4552,22,296,269.27414524504866,-93.21435479034135,44.95192978901815
4553,22,297,286.06621597949777,-93.21397447410308,44.951930502207524
4554,22,298,302.85828671394694,-93.21359415785066,44.951931214130425
4555,22,299,319.6503574483961,-93.21321384158414,44.95193192478685
4556,22,300,336.4424281828453,-93.21283352530348,44.951932634176785
4557,23,7,338.14393780579434,-93.32426700873432,44.951940661955454
4558,23,8,319.65468995605306,-93.32388669585568,44.951941741160354
4559,23,9,301.1654421063119,-93.32350638295561,44.95194281909882
4560,23,10,282.6875887056971,-93.32312607003416,44.95194389577084
4561,23,11,265.47930031187474,-93.32274575709134,44.95194497117642
4562,23,12,250.07899998007,-93.32236544412719,44.951946045315545
4563,23,13,234.80875613906812,-93.3219851311417,44.95194711818824
4564,23,14,219.53851229806625,-93.32160481813493,44.951948189794486
4565,23,15,204.26826845706438,-93.3212245051069,44.951949260134285
4566,23,16,189.6052657172879,-93.32084419205762,44.95195032920764
4567,23,17,178.2367457244667,-93.32046387898713,44.951951397014554
4568,23,18,167.7711109368917,-93.32008356589543,44.95195246355503
4569,23,19,157.30547614931666,-93.31970325278257,44.95195352882906
4570,23,20,146.83984136174163,-93.31932293964857,44.951954592836636
4571,23,21,136.37420657416658,-93.31894262649347,44.95195565557777
4572,23,22,125.93021123607703,-93.31856231331727,44.95195671705246
4573,23,23,119.10458445700601,-93.31818200011999,44.951957777260716
4574,23,24,114.09526772794592,-93.31780168690169,44.95195883620251
4575,23,25,109.08595099888585,-93.31742137366237,44.95195989387786
4576,23,26,104.07663426982577,-93.31704106040206,44.95196095028678
4577,23,27,99.06731754076571,-93.31666074712078,44.951962005429245
4578,23,28,94.05800081170564,-93.31628043381856,44.951963059305264
4579,23,29,91.17067964980754,-93.31590012049543,44.95196411191484
4580,23,30,90.69829727671406,-93.3155198071514,44.95196516325797
4581,23,31,90.2259149036206,-93.3151394937865,44.95196621333464
4582,23,32,89.75353253052715,-93.31475918040078,44.95196726214488
4583,23,33,89.2811501574337,-93.31437886699423,44.951968309688674
4584,23,34,88.80876778434023,-93.3139985535669,44.951969355966
4585,23,35,89.70533330971561,-93.31361824011881,44.951970400976904
4586,23,36,91.66833058658196,-93.31323792664999,44.95197144472135
4587,23,37,93.63132786344832,-93.31285761316045,44.95197248719934
4588,23,38,95.5943251403147,-93.3124772996502,44.95197352841089
4589,23,39,97.55732241718104,-93.3120969861193,44.95197456835599
4590,23,40,100.83645631688466,-93.31171667256778,44.95197560703465
4591,23,41,104.26516852400894,-93.31133635899562,44.95197664444685
4592,23,42,107.69388073113322,-93.31095604540289,44.95197768059262
4593,23,43,111.1225929382575,-93.31057573178958,44.95197871547192
4594,23,44,114.55130514538178,-93.31019541815574,44.95197974908477
4595,23,45,117.98001735250604,-93.3098151045014,44.95198078143119
4596,23,46,121.40872955963033,-93.30943479082656,44.95198181251114
4597,23,47,124.83744176675462,-93.30905447713127,44.95198284232466
4598,23,48,128.15618253004234,-93.30867416341553,44.95198387087172
4599,23,49,131.36088029712525,-93.30829384967939,44.95198489815233
4600,23,50,134.56557806420818,-93.30791353592285,44.95198592416649
4601,23,51,137.77027583129112,-93.30753322214596,44.95198694891421
4602,23,52,140.97497359837402,-93.30715290834873,44.95198797239546
4603,23,53,144.17967136545693,-93.30677259453118,44.951988994610275
4604,23,54,147.38436913253986,-93.30639228069334,44.95199001555864
4605,23,55,150.99794212119212,-93.30601196683527,44.951991035240546
4606,23,56,158.38874358519095,-93.30563165295693,44.951992053656
4607,23,57,160.41418669934322,-93.3052513390584,44.95199307080502
4608,23,58,162.43962981349543,-93.30487102513968,44.95199408668756
4609,23,59,164.4650729276477,-93.3044907112008,44.95199510130367
4610,23,60,166.49051604179994,-93.30411039724179,44.951996114653326
4611,23,61,168.51595915595217,-93.30373008326265,44.95199712673652
4612,23,62,170.54140227010444,-93.30334976926345,44.951998137553275
4613,23,63,172.48993768149174,-93.30296945524417,44.951999147103564
4614,23,64,174.34843011486294,-93.30258914120485,44.95200015538741
4615,23,65,176.2069225482341,-93.30220882714555,44.9520011624048
4616,23,66,178.0654149816053,-93.30182851306624,44.952002168155744
4617,23,67,179.0760395747958,-93.301448198967,44.95200317264021
4618,23,68,178.96615020210277,-93.30106788484778,44.95200417585826
4619,23,69,178.85626082940976,-93.30068757070869,44.95200517780984
4620,23,70,178.7463714567168,-93.3003072565497,44.95200617849495
4621,23,71,178.63648208402375,-93.29992694237086,44.95200717791362
4622,23,72,178.52659271133075,-93.29954662817218,44.95200817606584
4623,23,73,178.41670333863775,-93.29916631395369,44.95200917295161
4624,23,74,178.30681396594474,-93.29878599971542,44.952010168570915
4625,23,75,178.2412865875746,-93.2984056854574,44.95201116292376
4626,23,76,178.19826559935603,-93.29802537117963,44.95201215601016
4627,23,77,178.15524461113753,-93.29764505688217,44.95201314783011
4628,23,78,178.112223622919,-93.29726474256502,44.952014138383596
4629,23,79,178.06920263470045,-93.29688442822821,44.95201512767064
4630,23,80,178.02618164648192,-93.29650411387178,44.9520161156912
4631,23,81,177.98316065826336,-93.29612379949572,44.95201710244534
4632,23,82,177.94013967004483,-93.29574348510009,44.95201808793301
4633,23,83,177.89711868182633,-93.29536317068491,44.95201907215422
4634,23,84,177.85409769360777,-93.2949828562502,44.95202005510899
4635,23,85,177.81107670538924,-93.29460254179597,44.952021036797284
4636,23,86,177.76805571717068,-93.29422222732227,44.95202201721912
4637,23,87,177.72503472895215,-93.2938419128291,44.95202299637451
4638,23,88,177.68201374073362,-93.29346159831651,44.95202397426344
4639,23,89,177.6389927525151,-93.29308128378452,44.952024950885914
4640,23,90,177.59597176429656,-93.29270096923312,44.95202592624193
4641,23,91,177.552950776078,-93.2923206546624,44.9520269003315
4642,23,92,177.50992978785948,-93.29194034007233,44.95202787315459
4643,23,93,177.46690879964095,-93.29156002546296,44.952028844711236
4644,23,94,177.42388781142242,-93.29117971083431,44.952029815001424
4645,23,95,177.3808668232039,-93.2907993961864,44.952030784025155
4646,23,96,177.33784583498533,-93.29041908151927,44.95203175178242
4647,23,97,177.2948248467668,-93.29003876683292,44.95203271827324
4648,23,98,177.25180385854827,-93.28965845212741,44.95203368349759
4649,23,99,177.2087828703297,-93.28927813740273,44.95203464745549
4650,23,100,177.1657618821112,-93.28889782265892,44.95203561014693
4651,23,101,177.12274089389265,-93.28851750789602,44.9520365715719
4652,23,102,177.07971990567412,-93.28813719311403,44.95203753173042
4653,23,103,177.0366989174556,-93.28775687831299,44.95203849062248
4654,23,104,176.99367792923704,-93.28737656349293,44.95203944824808
4655,23,105,176.99064159915716,-93.28699624865385,44.952040404607224
4656,23,106,177.2265451834855,-93.2866159337958,44.95204135969991
4657,23,107,177.4624487678139,-93.2862356189188,44.95204231352613
4658,23,108,177.69835235214228,-93.28585530402287,44.95204326608589
4659,23,109,177.9342559364707,-93.28547498910804,44.95204421737919
4660,23,110,178.17015952079907,-93.28509467417432,44.95204516740603
4661,23,111,178.40606310512746,-93.28471435922175,44.95204611616641
4662,23,112,178.64196668945587,-93.28433404425036,44.95204706366033
4663,23,113,178.87787027378425,-93.28395372926016,44.95204800988779
4664,23,114,179.11377385811264,-93.28357341425118,44.952048954848784
4665,23,115,179.34967744244102,-93.28319309922347,44.95204989854332
4666,23,116,179.58558102676943,-93.28281278417701,44.95205084097139
4667,23,117,179.8214846110978,-93.28243246911185,44.95205178213302
4668,23,118,180.05738819542617,-93.28205215402802,44.95205272202816
4669,23,119,180.29329177975455,-93.28167183892555,44.95205366065685
4670,23,120,180.52919536408294,-93.28129152380443,44.95205459801908
4671,23,121,180.76509894841135,-93.28091120866473,44.95205553411484
4672,23,122,181.00100253273973,-93.28053089350644,44.95205646894415
4673,23,123,181.23690611706812,-93.2801505783296,44.95205740250699
4674,23,124,181.4728097013965,-93.27977026313424,44.952058334803354
4675,23,125,181.7087132857249,-93.27938994792038,44.95205926583328
4676,23,126,181.9446168700533,-93.27900963268804,44.95206019559674
4677,23,127,182.18052045438168,-93.27862931743725,44.95206112409372
4678,23,128,182.2039722809568,-93.27824900216804,44.95206205132425
4679,23,129,182.2039722809568,-93.27786868688042,44.95206297728831
4680,23,130,182.2039722809568,-93.27748837157444,44.9520639019859
4681,23,131,182.2039722809568,-93.2771080562501,44.95206482541704
4682,23,132,182.2039722809568,-93.27672774090743,44.95206574758171
4683,23,133,182.2039722809568,-93.27634742554648,44.952066668479915
4684,23,134,182.2039722809568,-93.27596711016724,44.95206758811165
4685,23,135,182.2039722809568,-93.27558679476975,44.95206850647694
4686,23,136,182.2039722809568,-93.27520647935404,44.95206942357574
4687,23,137,182.2039722809568,-93.27482616392014,44.95207033940809
4688,23,138,182.2039722809568,-93.27444584846805,44.952071253973976
4689,23,139,182.2039722809568,-93.27406553299782,44.952072167273386
4690,23,140,182.2039722809568,-93.27368521750948,44.952073079306345
4691,23,141,182.2039722809568,-93.27330490200302,44.95207399007283
4692,23,142,182.2039722809568,-93.2729245864785,44.95207489957285
4693,23,143,182.2039722809568,-93.27254427093592,44.9520758078064
4694,23,144,182.2039722809568,-93.27216395537532,44.9520767147735
4695,23,145,182.2039722809568,-93.27178363979672,44.95207762047412
4696,23,146,182.2039722809568,-93.27140332420018,44.95207852490827
4697,23,147,182.2039722809568,-93.27102300858566,44.952079428075955
4698,23,148,182.2039722809568,-93.27064269295322,44.952080329977186
4699,23,149,182.09721727606728,-93.27026237730288,44.952081230611945
4700,23,150,181.88170559573217,-93.26988206163469,44.95208212998024
4701,23,151,181.66619391539703,-93.26950174594863,44.95208302808205
4702,23,152,181.45068223506195,-93.26912143024477,44.95208392491741
4703,23,153,181.2351705547268,-93.2687411145231,44.952084820486306
4704,23,154,181.01965887439172,-93.26836079878365,44.95208571478873
4705,23,155,180.80414719405658,-93.26798048302646,44.952086607824675
4706,23,156,180.58863551372144,-93.26760016725156,44.952087499594164
4707,23,157,180.37312383338636,-93.26721985145895,44.95208839009718
4708,23,158,180.15761215305122,-93.26683953564869,44.95208927933372
4709,23,159,179.9421004727161,-93.26645921982076,44.9520901673038
4710,23,160,179.726588792381,-93.26607890397521,44.95209105400742
4711,23,161,179.51107711204588,-93.26569858811209,44.95209193944456
4712,23,162,179.29556543171074,-93.26531827223138,44.952092823615246
4713,23,163,179.08005375137566,-93.26493795633313,44.952093706519435
4714,23,164,178.86454207104052,-93.26455764041737,44.95209458815718
4715,23,165,178.64903039070538,-93.2641773244841,44.95209546852844
4716,23,166,178.4335187103703,-93.26379700853336,44.95209634763324
4717,23,167,178.21800703003515,-93.26341669256519,44.95209722547157
4718,23,168,178.00249534970007,-93.26303637657958,44.95209810204343
4719,23,169,177.88535121602263,-93.2626560605766,44.952098977348825
4720,23,170,178.22971628148088,-93.26227574455622,44.95209985138774
4721,23,171,178.57408134693915,-93.26189542851853,44.95210072416019
4722,23,172,178.91844641239737,-93.2615151124635,44.952101595666164
4723,23,173,179.26281147785562,-93.26113479639119,44.95210246590567
4724,23,174,179.6071765433139,-93.2607544803016,44.952103334878714
4725,23,175,179.95154160877215,-93.26037416419477,44.95210420258528
4726,23,176,180.29590667423037,-93.25999384807074,44.95210506902537
4727,23,177,180.64027173968864,-93.25961353192949,44.95210593419899
4728,23,178,180.9846368051469,-93.25923321577108,44.95210679810615
4729,23,179,181.32900187060514,-93.25885289959554,44.95210766074683
4730,23,180,181.67336693606342,-93.25847258340286,44.95210852212104
4731,23,181,182.01773200152164,-93.2580922671931,44.952109382228784
4732,23,182,182.36209706697989,-93.25771195096628,44.95211024107004
4733,23,183,182.70646213243813,-93.25733163472242,44.95211109864484
4734,23,184,183.0508271978964,-93.25695131846153,44.95211195495316
4735,23,185,183.39519226335463,-93.25657100218365,44.95211280999501
4736,23,186,183.73955732881288,-93.25619068588881,44.95211366377039
4737,23,187,184.08392239427116,-93.25581036957702,44.952114516279295
4738,23,188,184.4282874597294,-93.25543005324832,44.95211536752173
4739,23,189,184.77265252518762,-93.25504973690272,44.95211621749769
4740,23,190,185.1170175906459,-93.25466942054027,44.95211706620718
4741,23,191,185.46138265610415,-93.25428910416096,44.95211791365018
4742,23,192,185.53435052865927,-93.25390878776486,44.952118759826725
4743,23,193,185.09871181975493,-93.25352847135196,44.9521196047368
4744,23,194,184.66307311085058,-93.25314815492229,44.95212044838039
4745,23,195,184.22743440194625,-93.25276783847586,44.9521212907575
4746,23,196,183.7917956930419,-93.25238752201274,44.952122131868144
4747,23,197,183.35615698413756,-93.25200720553292,44.95212297171232
4748,23,198,182.92051827523323,-93.25162688903643,44.95212381029001
4749,23,199,182.48487956632889,-93.25124657252331,44.952124647601245
4750,23,200,182.04924085742454,-93.25086625599359,44.95212548364598
4751,23,201,181.61360214852021,-93.25048593944726,44.95212631842426
4752,23,202,181.17796343961587,-93.25010562288436,44.952127151936054
4753,23,203,180.74232473071152,-93.24972530630494,44.95212798418138
4754,23,204,180.30668602180717,-93.249344989709,44.95212881516022
4755,23,205,178.88754254208163,-93.24896467309658,44.952129644872606
4756,23,206,171.03095945042145,-93.24858435646767,44.9521304733185
4757,23,207,163.17437635876126,-93.24820403982235,44.95213130049791
4758,23,208,155.31779326710108,-93.2478237231606,44.952132126410866
4759,23,209,147.4612101754409,-93.24744340648247,44.95213295105733
4760,23,210,133.9162254545329,-93.24706308978797,44.952133774437335
4761,23,211,116.41015012307315,-93.24668277307714,44.95213459655085
4762,23,212,98.9040747916134,-93.24630245635,44.95213541739788
4763,23,213,81.39799946015364,-93.24592213960656,44.95213623697845
4764,23,214,63.89192412869387,-93.24554182284686,44.95213705529254
4765,23,215,46.38584879723412,-93.24516150607093,44.95213787234015
4766,23,216,24.62466473293265,-93.24478118927878,44.95213868812129
4767,23,217,0.0,-93.24440087247044,44.95213950263594
4768,23,218,0.0,-93.24402055564595,44.95214031588413
4769,23,219,22.197696039777142,-93.24364023880533,44.95214112786582
4770,23,220,47.50317992944088,-93.24325992194858,44.95214193858106
4771,23,221,73.10723426470186,-93.24287960507574,44.95214274802981
4772,23,222,98.71128859996283,-93.24249928818685,44.95214355621207
4773,23,223,111.87298244289931,-93.24211897128193,44.952144363127864
4774,23,224,83.91427892287486,-93.24173865436099,44.952145168777186
4775,23,225,58.03144159524922,-93.24135833742407,44.95214597316002
4776,23,226,37.183194727150834,-93.24097802047119,44.95214677627637
4777,23,227,17.63543729153645,-93.24059770350237,44.952147578126265
4778,23,228,7.380194979396611,-93.24021738651763,44.95214837870966
4779,23,229,12.61130814731928,-93.23983706951702,44.95214917802658
4780,23,230,23.685374151063684,-93.23945675250053,44.952149976077024
4781,23,231,36.36759868471372,-93.23907643546822,44.95215077286098
4782,23,232,49.049823218363755,-93.23869611842011,44.95215156837846
4783,23,233,61.732047752013784,-93.23831580135621,44.95215236262948
4784,23,234,54.778592664997944,-93.23793548427653,44.95215315561401
4785,23,235,37.696038266003725,-93.23755516718116,44.95215394733205
4786,23,236,20.613483867009528,-93.23717485007005,44.95215473778362
4787,23,237,3.5309294680153216,-93.23679453294324,44.95215552696872
4788,23,238,12.96570130050903,-93.23641421580079,44.95215631488732
4789,23,239,38.74448783263433,-93.23603389864272,44.95215710153945
4790,23,240,64.5264674143992,-93.23565358146902,44.95215788692509
4791,23,241,91.70620674269846,-93.23527326427974,44.952158671044266
4792,23,242,119.78616972150547,-93.23489294707491,44.95215945389695
4793,23,243,145.40439360709627,-93.23451262985455,44.95216023548316
4794,23,244,151.85675093247747,-93.23413231261867,44.952161015802886
4795,23,245,152.1376374963718,-93.23375199536731,44.952161794856124
4796,23,246,152.41852406026615,-93.2333716781005,44.952162572642884
4797,23,247,152.6994106241605,-93.23299136081825,44.95216334916318
4798,23,248,152.98029718805483,-93.23261104352059,44.952164124416974
4799,23,249,153.26118375194915,-93.23223072620756,44.952164898404284
4800,23,250,151.0891893900416,-93.23185040887915,44.95216567112513
4801,23,251,145.72262624464994,-93.23147009153544,44.95216644257949
4802,23,252,142.6303950955379,-93.23108977417641,44.95216721276736
4803,23,253,140.7294608999661,-93.23070945680209,44.95216798168875
4804,23,254,138.82852670439433,-93.23032913941252,44.95216874934366
4805,23,255,136.92759250882256,-93.22994882200771,44.95216951573209
4806,23,256,135.02665831325078,-93.2295685045877,44.95217028085403
4807,23,257,133.125724117679,-93.22918818715252,44.952171044709495
4808,23,258,131.22478992210725,-93.22880786970217,44.952171807298484
4809,23,259,129.32385572653547,-93.22842755223668,44.952172568620966
4810,23,260,127.4229215309637,-93.2280472347561,44.952173328676984
4811,23,261,125.52198733539193,-93.22766691726044,44.95217408746652
4812,23,262,123.62105313982016,-93.22728659974972,44.95217484498957
4813,23,263,121.72011894424838,-93.22690628222398,44.95217560124613
4814,23,264,119.8191847486766,-93.22652596468323,44.95217635623621
4815,23,265,117.97788836484429,-93.2261456471275,44.952177109959806
4816,23,266,116.20583994224512,-93.22576532955681,44.95217786241693
4817,23,267,114.43379151964598,-93.22538501197118,44.95217861360754
4818,23,268,112.66174309704681,-93.22500469437068,44.9521793635317
4819,23,269,110.88969467444764,-93.22462437675527,44.95218011218936
4820,23,270,109.11764625184847,-93.22424405912501,44.95218085958054
4821,23,271,107.34559782924933,-93.22386374147993,44.952181605705235
4822,23,272,105.57354940665016,-93.22348342382004,44.95218235056344
4823,23,273,103.80150098405099,-93.22310310614539,44.95218309415517
4824,23,274,102.02945256145182,-93.22272278845595,44.9521838364804
4825,23,275,100.25740413885268,-93.22234247075181,44.95218457753916
4826,23,276,98.48535571625351,-93.22196215303296,44.95218531733143
4827,23,277,96.75709147784697,-93.22158183529943,44.95218605585721
4828,23,278,98.00137807733041,-93.22120151755125,44.95218679311651
4829,23,279,99.56388032088367,-93.22082119978845,44.95218752910932
4830,23,280,101.12638256443694,-93.22044088201103,44.95218826383564
4831,23,281,102.6888848079902,-93.22006056421904,44.95218899729549
4832,23,282,104.25138705154347,-93.21968024641251,44.95218972948884
4833,23,283,105.81388929509674,-93.21929992859143,44.952190460415714
4834,23,284,107.73770725500464,-93.21891961075586,44.95219119007609
4835,23,285,115.56899691813038,-93.2185392929058,44.95219191846999
4836,23,286,126.15230145192385,-93.2181589750413,44.95219264559741
4837,23,287,136.7356059857173,-93.21777865716238,44.952193371458335
4838,23,288,147.31891051951078,-93.21739833926907,44.95219409605277
4839,23,289,157.90221505330427,-93.21701802136135,44.952194819380715
4840,23,290,168.48551958709774,-93.2166377034393,44.95219554144219
4841,23,291,179.0688241208912,-93.21625738550291,44.95219626223716
4842,23,292,189.65212865468467,-93.21587706755223,44.952196981765645
4843,23,293,200.23543318847817,-93.21549674958727,44.95219770002765
4844,23,294,212.26971117775426,-93.21511643160807,44.95219841702317
4845,23,295,227.62193854055187,-93.21473611361465,44.9521991327522
4846,23,296,244.41400927500104,-93.214355795607,44.952199847214736
4847,23,297,261.20608000945015,-93.2139754775852,44.95220056041079
4848,23,298,277.9981507438993,-93.21359515954924,44.952201272340346
4849,23,299,294.7902214783484,-93.21321484149915,44.95220198300343
4850,23,300,311.5822922127976,-93.21283452343498,44.95220269240002
4851,23,301,328.37436294724677,-93.2124542053567,44.952203400530124
4852,23,302,345.16643368169593,-93.21207388726441,44.95220410739372
4853,24,8,343.27983998628235,-93.3238882147923,44.952211796927315
4854,24,9,324.7905921365411,-93.32350790010877,44.95221287487587
4855,24,10,307.0222521965074,-93.32312758540382,44.95221395155797
4856,24,11,291.1720951941551,-93.32274727067752,44.95221502697361
4857,24,12,275.9018513531532,-93.32236695592987,44.95221610112281
4858,24,13,260.63160751215133,-93.3219866411609,44.95221717400554
4859,24,14,245.36136367114946,-93.32160632637064,44.952218245621815
4860,24,15,230.1372963329246,-93.32122601155912,44.95221931597165
4861,24,16,216.96581486160184,-93.32084569672637,44.952220385055014
4862,24,17,206.35205273849556,-93.32046538187237,44.952221452871925
4863,24,18,195.88641795092053,-93.32008506699721,44.95222251942238
4864,24,19,185.42078316334548,-93.31970475210085,44.95222358470638
4865,24,20,174.95514837577045,-93.31932443718337,44.952224648723934
4866,24,21,164.48951358819542,-93.31894412224477,44.95222571147502
4867,24,22,154.5548361858807,-93.31856380728509,44.95222677295965
4868,24,23,148.68340704865017,-93.31818349230433,44.95222783317782
4869,24,24,143.6740903195901,-93.31780317730252,44.95222889212954
4870,24,25,138.66477359053002,-93.31742286227971,44.95222994981481
4871,24,26,133.65545686146996,-93.31704254723591,44.9522310062336
4872,24,27,128.64614013240987,-93.31666223217114,44.95223206138595
4873,24,28,123.63682340334978,-93.31628191708543,44.95223311527184
4874,24,29,121.16696033414554,-93.31590160197881,44.95223416789126
4875,24,30,120.69457796105209,-93.3155212868513,44.95223521924424
4876,24,31,120.22219558795864,-93.31514097170292,44.95223626933075
4877,24,32,119.74981321486516,-93.3147606565337,44.9522373181508
4878,24,33,119.2774308417717,-93.31438034134366,44.952238365704396
4879,24,34,118.80504846867825,-93.31400002613285,44.952239411991535
4880,24,35,119.64104178122192,-93.31361971090125,44.95224045701221
4881,24,36,121.60403905808829,-93.31323939564894,44.952241500766426
4882,24,37,123.56703633495464,-93.31285908037589,44.952242543254194
4883,24,38,125.530033611821,-93.31247876508216,44.95224358447548
4884,24,39,127.49303088868737,-93.31209844976777,44.952244624430335
4885,24,40,130.63987780839662,-93.31171813443274,44.9522456631187
4886,24,41,134.0685900155209,-93.3113378190771,44.95224670054063
4887,24,42,137.4973022226452,-93.31095750370086,44.95224773669608
4888,24,43,140.92601442976945,-93.31057718830407,44.95224877158508
4889,24,44,144.35472663689376,-93.31019687288673,44.95224980520762
4890,24,45,147.78343884401804,-93.3098165574489,44.95225083756369
4891,24,46,151.21215105114229,-93.30943624199057,44.95225186865331
4892,24,47,154.6408632582666,-93.30905592651176,44.952252898476466
4893,24,48,157.98452328546574,-93.30867561101253,44.95225392703316
4894,24,49,161.18922105254867,-93.30829529549288,44.95225495432339
4895,24,50,164.3939188196316,-93.30791497995284,44.952255980347154
4896,24,51,167.5986165867145,-93.30753466439246,44.952257005104464
4897,24,52,170.80331435379742,-93.30715434881172,44.9522580285953
4898,24,53,174.00801212088035,-93.30677403321069,44.9522590508197
4899,24,54,177.21270988796329,-93.30639371758936,44.95226007177761
4900,24,55,180.59027922956955,-93.30601340194775,44.95226109146907
4901,24,56,187.4579835265781,-93.30563308628594,44.952262109894065
4902,24,57,190.34573494181362,-93.3052527706039,44.95226312705259
4903,24,58,192.37117805596586,-93.30487245490168,44.95226414294466
4904,24,59,194.3966211701181,-93.30449213917929,44.95226515757027
4905,24,60,196.42206428427033,-93.30411182343677,44.952266170929406
4906,24,61,198.4475073984226,-93.30373150767414,44.95226718302207
4907,24,62,200.47295051257484,-93.30335119189142,44.9522681938483
4908,24,63,202.43231577467435,-93.30297087608866,44.952269203408036
4909,24,64,204.29080820804555,-93.30259056026586,44.952270211701325
4910,24,65,206.14930064141674,-93.30221024442302,44.95227121872815
4911,24,66,208.0077930747879,-93.30182992856022,44.9522722244885
4912,24,67,209.0758383128835,-93.30144961267746,44.95227322898239
4913,24,68,208.9659489401905,-93.30106929677476,44.95227423220982
4914,24,69,208.85605956749748,-93.30068898085216,44.95227523417078
4915,24,70,208.74617019480448,-93.30030866490966,44.952276234865266
4916,24,71,208.63628082211147,-93.2999283489473,44.9522772342933
4917,24,72,208.52639144941847,-93.29954803296513,44.95227823245486
4918,24,73,208.41650207672546,-93.29916771696313,44.952279229349955
4919,24,74,208.30661270403246,-93.29878740094135,44.952280224978594
4920,24,75,208.24125574080162,-93.29840708489982,44.952281219340755
4921,24,76,208.1982347525831,-93.29802676883855,44.95228221243645
4922,24,77,208.15521376436453,-93.29764645275759,44.95228320426568
4923,24,78,208.112192776146,-93.29726613665692,44.952284194828444
4924,24,79,208.06917178792747,-93.2968858205366,44.95228518412475
4925,24,80,208.02615079970892,-93.29650550439666,44.95228617215458
4926,24,81,207.98312981149041,-93.2961251882371,44.95228715891794
4927,24,82,207.94010882327186,-93.29574487205797,44.95228814441484
4928,24,83,207.89708783505333,-93.29536455585927,44.95228912864526
4929,24,84,207.8540668468348,-93.29498423964104,44.95229011160923
4930,24,85,207.81104585861624,-93.29460392340332,44.95229109330671
4931,24,86,207.7680248703977,-93.2942236071461,44.95229207373774
4932,24,87,207.72500388217918,-93.29384329086942,44.95229305290229
4933,24,88,207.68198289396065,-93.29346297457332,44.95229403080039
4934,24,89,207.63896190574212,-93.29308265825782,44.952295007432
4935,24,90,207.59594091752356,-93.29270234192292,44.952295982797146
4936,24,91,207.55291992930503,-93.29232202556867,44.952296956895836
4937,24,92,207.5098989410865,-93.29194170919509,44.95229792972803
4938,24,93,207.46687795286797,-93.29156139280221,44.95229890129379
4939,24,94,207.42385696464945,-93.29118107639005,44.952299871593056
4940,24,95,207.3808359764309,-93.29080075995863,44.95230084062586
4941,24,96,207.33781498821236,-93.29042044350797,44.95230180839219
4942,24,97,207.29479399999383,-93.29004012703811,44.95230277489206
4943,24,98,207.25177301177527,-93.28965981054908,44.95230374012545
4944,24,99,207.20875202355677,-93.2892794940409,44.95230470409236
4945,24,100,207.1657310353382,-93.28889917751357,44.952305666792824
4946,24,101,207.12271004711968,-93.28851886096714,44.95230662822681
4947,24,102,207.07968905890115,-93.28813854440166,44.95230758839431
4948,24,103,207.0366680706826,-93.2877582278171,44.95230854729535
4949,24,104,206.99364708246407,-93.28737791121351,44.952309504929914
4950,24,105,206.98971407646715,-93.28699759459091,44.95231046129802
4951,24,106,207.22561766079556,-93.28661727794935,44.952311416399645
4952,24,107,207.46152124512395,-93.28623696128882,44.952312370234786
4953,24,108,207.69742482945233,-93.28585664460938,44.95231332280347
4954,24,109,207.9333284137807,-93.28547632791103,44.95231427410568
4955,24,110,208.16923199810913,-93.28509601119379,44.95231522414142
4956,24,111,208.4051355824375,-93.2847156944577,44.95231617291068
4957,24,112,208.64103916676586,-93.28433537770279,44.952317120413475
4958,24,113,208.87694275109425,-93.28395506092907,44.95231806664979
4959,24,114,209.11284633542263,-93.28357474413659,44.95231901161963
4960,24,115,209.34874991975104,-93.28319442732534,44.95231995532301
4961,24,116,209.58465350407943,-93.28281411049537,44.95232089775991
4962,24,117,209.8205570884078,-93.28243379364669,44.95232183893033
4963,24,118,210.0564606727362,-93.28205347677934,44.95232277883429
4964,24,119,210.2923642570646,-93.28167315989334,44.952323717471764
4965,24,120,210.528267841393,-93.2812928429887,44.95232465484277
4966,24,121,210.76417142572137,-93.28091252606548,44.9523255909473
4967,24,122,211.00007501004978,-93.28053220912366,44.95232652578536
4968,24,123,211.23597859437814,-93.2801518921633,44.95232745935694
4969,24,124,211.47188217870652,-93.27977157518441,44.95232839166204
4970,24,125,211.7077857630349,-93.27939125818705,44.95232932270068
4971,24,126,211.9436893473633,-93.27901094117117,44.952330252472834
4972,24,127,212.1795929316917,-93.27863062413687,44.95233118097852
4973,24,128,212.20397228095678,-93.27825030708412,44.952332108217725
4974,24,129,212.20397228095678,-93.27786999001299,44.95233303419046
4975,24,130,212.20397228095678,-93.27748967292347,44.952333958896716
4976,24,131,212.20397228095678,-93.27710935581561,44.952334882336494
4977,24,132,212.20397228095678,-93.27672903868941,44.9523358045098
4978,24,133,212.20397228095678,-93.27634872154493,44.95233672541663
4979,24,134,212.20397228095678,-93.27596840438217,44.95233764505698
4980,24,135,212.20397228095678,-93.27558808720116,44.95233856343086
4981,24,136,212.20397228095678,-93.27520777000193,44.952339480538264
4982,24,137,212.20397228095678,-93.27482745278449,44.95234039637918
4983,24,138,212.20397228095678,-93.27444713554888,44.95234131095362
4984,24,139,212.20397228095678,-93.27406681829513,44.95234222426159
4985,24,140,212.20397228095678,-93.27368650102325,44.95234313630308
4986,24,141,212.20397228095678,-93.27330618373325,44.9523440470781
4987,24,142,212.20397228095678,-93.27292586642521,44.952344956586636
4988,24,143,212.20397228095678,-93.2725455490991,44.95234586482869
4989,24,144,212.20397228095678,-93.27216523175498,44.95234677180427
4990,24,145,212.20397228095678,-93.27178491439287,44.95234767751337
4991,24,146,212.20397228095678,-93.27140459701276,44.95234858195602
4992,24,147,212.20397228095678,-93.27102427961472,44.952349485132146
4993,24,148,212.20397228095678,-93.27064396219875,44.95235038704182
4994,24,149,212.0964431780075,-93.2702636447649,44.952351287685005
4995,24,150,211.88093149767235,-93.26988332731315,44.95235218706172
4996,24,151,211.66541981733724,-93.26950300984358,44.95235308517196
4997,24,152,211.44990813700213,-93.26912269235616,44.95235398201571
4998,24,153,211.234396456667,-93.26874237485096,44.952354877592974
4999,24,154,211.01888477633187,-93.26836205732799,44.952355771903775
5000,24,155,210.8033730959968,-93.26798173978727,44.952356664948084
5001,24,156,210.58786141566165,-93.26760142222884,44.95235755672592
5002,24,157,210.3723497353265,-93.26722110465269,44.95235844723729
5003,24,158,210.15683805499143,-93.2668407870589,44.952359336482154
5004,24,159,209.94132637465628,-93.26646046944744,44.952360224460556
5005,24,160,209.7258146943212,-93.26608015181836,44.95236111117246
5006,24,161,209.51030301398606,-93.26569983417168,44.952361996617896
5007,24,162,209.29479133365095,-93.26531951650745,44.952362880796855
5008,24,163,209.07927965331584,-93.26493919882566,44.95236376370932
5009,24,164,208.86376797298072,-93.26455888112636,44.95236464535531
5010,24,165,208.64825629264558,-93.26417856340956,44.95236552573483
5011,24,166,208.43274461231047,-93.26379824567529,44.95236640484786
5012,24,167,208.21723293197536,-93.26341792792357,44.952367282694404
5013,24,168,208.00172125164022,-93.26303761015444,44.95236815927447
5014,24,169,207.8833746959403,-93.2626572923679,44.95236903458805
5015,24,170,208.22773976139857,-93.262276974564,44.95236990863516
5016,24,171,208.57210482685682,-93.26189665674276,44.95237078141578
5017,24,172,208.91646989231506,-93.26151633890422,44.95237165292991
5018,24,173,209.26083495777334,-93.26113602104836,44.95237252317757
5019,24,174,209.6052000232316,-93.26075570317523,44.95237339215875
5020,24,175,209.9495650886898,-93.26037538528486,44.95237425987344
5021,24,176,210.2939301541481,-93.25999506737728,44.95237512632165
5022,24,177,210.63829521960633,-93.2596147494525,44.952375991503374
5023,24,178,210.98266028506458,-93.25923443151055,44.95237685541861
5024,24,179,211.32702535052286,-93.25885411355146,44.952377718067375
5025,24,180,211.67139041598108,-93.25847379557526,44.95237857944965
5026,24,181,212.01575548143933,-93.25809347758195,44.95237943956545
5027,24,182,212.3601205468976,-93.25771315957158,44.95238029841475
5028,24,183,212.70448561235585,-93.25733284154418,44.95238115599758
5029,24,184,213.04885067781407,-93.25695252349976,44.95238201231392
5030,24,185,213.39321574327235,-93.25657220543833,44.95238286736378
5031,24,186,213.7375808087306,-93.25619188735995,44.95238372114715
5032,24,187,214.08194587418885,-93.25581156926462,44.95238457366403
5033,24,188,214.42631093964712,-93.25543125115237,44.95238542491443
5034,24,189,214.77067600510534,-93.25505093302324,44.95238627489835
5035,24,190,215.1150410705636,-93.25467061487724,44.952387123615786
5036,24,191,215.45940613602184,-93.2542902967144,44.952387971066734
5037,24,192,215.53118734381871,-93.25390997853474,44.952388817251205
5038,24,193,215.09554863491437,-93.25352966033829,44.95238966216917
5039,24,194,214.65990992601002,-93.25314934212507,44.95239050582066
5040,24,195,214.22427121710567,-93.25276902389513,44.952391348205666
5041,24,196,213.78863250820132,-93.25238870564846,44.952392189324186
5042,24,197,213.35299379929702,-93.25200838738509,44.952393029176235
5043,24,198,212.91735509039268,-93.25162806910505,44.95239386776178
5044,24,199,212.48171638148833,-93.25124775080839,44.952394705080835
5045,24,200,212.04607767258398,-93.25086743249511,44.95239554113341
5046,24,201,211.61043896367963,-93.25048711416524,44.9523963759195
5047,24,202,211.17480025477528,-93.2501067958188,44.952397209439106
5048,24,203,210.73916154587093,-93.24972647745584,44.95239804169222
5049,24,204,210.3035228369666,-93.24934615907634,44.952398872678856
5050,24,205,207.84050615763985,-93.24896584068037,44.952399702398985
5051,24,206,199.98392306597967,-93.24858552226792,44.95240053085264
5052,24,207,192.12733997431948,-93.24820520383905,44.95240135803981
5053,24,208,184.2707568826593,-93.24782488539375,44.952402183960494
5054,24,209,175.78492228880424,-93.24744456693207,44.95240300861468
5055,24,210,158.27884695734448,-93.24706424845402,44.95240383200239
5056,24,211,140.77277162588473,-93.24668392995964,44.95240465412361
5057,24,212,123.26669629442496,-93.24630361144894,44.95240547497833
5058,24,213,105.7606209629652,-93.24592329292196,44.95240629456658
5059,24,214,88.25454563150544,-93.24554297437871,44.952407112888324
5060,24,215,66.22717944988536,-93.24516265581923,44.95240792994358
5061,24,216,41.265670619871116,-93.24478233724354,44.952408745732356
5062,24,217,16.304161789856852,-93.24440201865164,44.95240956025464
5063,24,218,0.0,-93.24402170004359,44.95241037351043
5064,24,219,6.264791531067294,-93.24364138141942,44.95241118549974
5065,24,220,31.86884586632827,-93.24326106277913,44.95241199622256
5066,24,221,57.47290020158925,-93.24288074412274,44.95241280567889
5067,24,222,83.07695453685022,-93.2425004254503,44.95241361386873
5068,24,223,104.12572288107853,-93.24212010676182,44.952414420792074
5069,24,224,75.07907699682745,-93.24173978805733,44.95241522644894
5070,24,225,46.032431112576376,-93.24135946933686,44.9524160308393
5071,24,226,17.00719782610207,-93.24097915060041,44.95241683396318
5072,24,227,0.0,-93.24059883184803,44.952417635820574
5073,24,228,0.0,-93.24021851307975,44.95241843641146
5074,24,229,0.0,-93.23983819429559,44.952419235735874
5075,24,230,0.0,-93.23945787549556,44.952420033793786
5076,24,231,9.180079840985352,-93.23907755667969,44.95242083058522
5077,24,232,21.862304374635386,-93.23869723784802,44.95242162611015
5078,24,233,34.544528908285415,-93.23831691900055,44.95242242036859
5079,24,234,30.117158497346548,-93.23793660013733,44.95242321336054
5080,24,235,13.03460409835234,-93.23755628125838,44.95242400508601
5081,24,236,0.0,-93.23717596236372,44.95242479554498
5082,24,237,0.0,-93.23679564345338,44.95242558473745
5083,24,238,0.0,-93.23641532452736,44.95242637266343
5084,24,239,25.058652782066368,-93.23603500558572,44.95242715932294
5085,24,240,52.93861677010856,-93.23565468662848,44.952427944715936
5086,24,241,78.55684065569938,-93.23527436765563,44.95242872884244
5087,24,242,104.17506454129018,-93.23489404866724,44.95242951170246
5088,24,243,121.57717935176576,-93.23451372966332,44.95243029329599
5089,24,244,121.8580659156601,-93.23413341064389,44.95243107362302
5090,24,245,122.13895247955443,-93.23375309160897,44.95243185268356
5091,24,246,122.41983904344879,-93.23337277255861,44.9524326304776
5092,24,247,122.70072560734312,-93.2329924534928,44.95243340700515
5093,24,248,122.98161217123747,-93.23261213441158,44.95243418226622
5094,24,249,123.2624987351318,-93.23223181531499,44.95243495626079
5095,24,250,121.57309208693387,-93.23185149620303,44.95243572898887
5096,24,251,116.20652894154219,-93.23147117707575,44.95243650045044
5097,24,252,112.69068151667902,-93.23109085793315,44.95243727064553
5098,24,253,110.78974732110724,-93.23071053877527,44.95243803957411
5099,24,254,108.88881312553546,-93.23033021960215,44.952438807236206
5100,24,255,106.9878789299637,-93.22994990041377,44.95243957363182
5101,24,256,105.08694473439192,-93.22956958121021,44.95244033876092
5102,24,257,103.18601053882014,-93.22918926199145,44.952441102623524
5103,24,258,101.28507634324836,-93.22880894275755,44.95244186521967
5104,24,259,99.38414214767661,-93.2284286235085,44.952442626549285
5105,24,260,97.48320795210483,-93.22804830424437,44.95244338661241
5106,24,261,95.58227375653307,-93.22766798496514,44.952444145409046
5107,24,262,93.68133956096129,-93.22728766567086,44.95244490293919
5108,24,263,91.78040536538951,-93.22690734636156,44.95244565920284
5109,24,264,89.87947116981773,-93.22652702703724,44.95244641419998
5110,24,265,88.03027002234562,-93.22614670769794,44.952447167930636
5111,24,266,86.25822159974645,-93.22576638834369,44.95244792039481
5112,24,267,84.4861731771473,-93.2253860689745,44.952448671592464
5113,24,268,82.71412475454812,-93.22500574959041,44.95244942152364
5114,24,269,80.94207633194897,-93.22462543019145,44.9524501701883
5115,24,270,79.1700279093498,-93.22424511077763,44.952450917586475
5116,24,271,77.39797948675064,-93.22386479134899,44.95245166371816
5117,24,272,75.62593106415147,-93.22348447190554,44.95245240858334
5118,24,273,73.85388264155232,-93.2231041524473,44.95245315218203
5119,24,274,72.08183421895315,-93.22272383297431,44.95245389451422
5120,24,275,70.30978579635399,-93.2223435134866,44.95245463557991
5121,24,276,68.53773737375484,-93.22196319398418,44.9524553753791
5122,24,277,66.77539417357818,-93.22158287446709,44.95245611391181
5123,24,278,68.04209593074201,-93.22120255493535,44.952456851178006
5124,24,279,69.60459817429528,-93.22082223538897,44.952457587177705
5125,24,280,71.16710041784854,-93.22044191582799,44.952458321910925
5126,24,281,72.7296026614018,-93.22006159625244,44.952459055377616
5127,24,282,74.29210490495507,-93.21968127666231,44.95245978757784
5128,24,283,75.85460714850834,-93.21930095705768,44.95246051851155
5129,24,284,78.10969711048172,-93.21892063743854,44.95246124817877
5130,24,285,87.49777205805371,-93.21854031780492,44.95246197657949
5131,24,286,98.08107659184718,-93.21815999815686,44.95246270371371
5132,24,287,108.66438112564065,-93.21777967849435,44.95246342958142
5133,24,288,119.24768565943411,-93.21739935881747,44.95246415418264
5134,24,289,129.8309901932276,-93.21701903912619,44.95246487751738
5135,24,290,140.41429472702106,-93.21663871942057,44.9524655995856
5136,24,291,150.99759926081452,-93.21625839970062,44.95246632038732
5137,24,292,161.58090379460802,-93.21587807996636,44.95246703992255
5138,24,293,172.31843337752318,-93.21549776021783,44.95246775819128
5139,24,294,186.13702174595022,-93.21511744045505,44.952468475193506
5140,24,295,202.76180257050424,-93.21473712067805,44.952469190929236
5141,24,296,219.55387330495336,-93.21435680088685,44.952469905398466
5142,24,297,236.34594403940253,-93.21397648108146,44.952470618601204
5143,24,298,253.1380147738517,-93.21359616126193,44.95247133053743
5144,24,299,269.9300855083008,-93.21321584142828,44.952472041207166
5145,24,300,286.72215624275,-93.21283552158053,44.95247275061039
5146,24,301,303.51422697719914,-93.2124552017187,44.95247345874713
5147,24,302,320.3062977116483,-93.21207488184281,44.952474165617346
5148,24,303,337.47331191141484,-93.21169456195291,44.95247487122108
5149,25,9,348.7779634574825,-93.32350941728329,44.95248293064006
5150,25,10,332.28459771615985,-93.32312910079484,44.95248400733224
5151,25,11,316.99494656723823,-93.32274878428504,44.95248508275795
5152,25,12,301.7247027262364,-93.32236846775388,44.952486156917196
5153,25,13,286.4544588852345,-93.3219881512014,44.95248722980998
5154,25,14,271.1842150442326,-93.32160783462764,44.9524883014363
5155,25,15,256.68498825265164,-93.3212275180326,44.952489371796155
5156,25,16,244.93299454009946,-93.32084720141633,44.952490440889534
5157,25,17,234.4673597525244,-93.32046688477882,44.95249150871644
5158,25,18,224.00172496494937,-93.32008656812013,44.952492575276885
5159,25,19,213.53609017737432,-93.31970625144028,44.952493640570864
5160,25,20,203.07045538979932,-93.31932593473928,44.95249470459836
5161,25,21,192.6048206022243,-93.31894561801718,44.9524957673594
5162,25,22,183.6191075975642,-93.31856530127396,44.952496828853974
5163,25,23,178.26222964029432,-93.3181849845097,44.952497889082075
5164,25,24,173.25291291123423,-93.31780466772439,44.95249894804371
5165,25,25,168.24359618217417,-93.31742435091806,44.95250000573888
5166,25,26,163.23427945311408,-93.31704403409074,44.95250106216757
5167,25,27,158.22496272405402,-93.31666371724245,44.952502117329786
5168,25,28,153.22061691751006,-93.31628340037322,44.952503171225544
5169,25,29,151.16324101848357,-93.3159030834831,44.95250422385484
5170,25,30,150.6908586453901,-93.31552276657206,44.95250527521765
5171,25,31,150.21847627229667,-93.31514244964016,44.952506325314
5172,25,32,149.74609389920317,-93.31476213268743,44.95250737414387
5173,25,33,149.27371152610974,-93.31438181571387,44.95250842170728
5174,25,34,148.80132915301627,-93.31400149871953,44.9525094680042
5175,25,35,149.57675025272823,-93.31362118170443,44.952510513034674
5176,25,36,151.53974752959462,-93.3132408646686,44.95251155679866
5177,25,37,153.50274480646095,-93.31286054761203,44.95251259929618
5178,25,38,155.4657420833273,-93.31248023053477,44.952513640527236
5179,25,39,157.4287393601937,-93.31209991343687,44.9525146804918
5180,25,40,160.44329929990857,-93.31171959631831,44.95251571918991
5181,25,41,163.87201150703285,-93.31133927917915,44.95251675662154
5182,25,42,167.30072371415713,-93.3109589620194,44.9525177927867
5183,25,43,170.7294359212814,-93.31057864483908,44.95251882768539
5184,25,44,174.15814812840566,-93.31019832763823,44.952519861317604
5185,25,45,177.58686033552996,-93.30981801041686,44.95252089368336
5186,25,46,181.01557254265424,-93.30943769317501,44.952521924782616
5187,25,47,184.44428474977852,-93.30905737591269,44.95252295461542
5188,25,48,187.81286404088917,-93.30867705862994,44.952523983181734
5189,25,49,191.0175618079721,-93.30829674132677,44.952525010481594
5190,25,50,194.222259575055,-93.30791642400321,44.95252603651497
5191,25,51,197.42695734213794,-93.30753610665928,44.95252706128187
5192,25,52,200.63165510922084,-93.30715578929504,44.952528084782294
5193,25,53,203.83635287630378,-93.30677547191047,44.952529107016254
5194,25,54,207.0410506433867,-93.30639515450561,44.95253012798372
5195,25,55,210.29816779894426,-93.30601483708051,44.95253114768474
5196,25,56,216.22434186564158,-93.30563451963515,44.95253216611926
5197,25,57,220.27728318428402,-93.30525420216959,44.95253318328732
5198,25,58,222.30272629843626,-93.30487388468383,44.952534199188904
5199,25,59,224.3281694125885,-93.30449356717793,44.95253521382401
5200,25,60,226.35361252674073,-93.30411324965188,44.952536227192624
5201,25,61,228.379055640893,-93.30373293210573,44.95253723929478
5202,25,62,230.40449875504524,-93.30335261453948,44.95253825013045
5203,25,63,232.37469386785696,-93.30297229695319,44.95253925969966
5204,25,64,234.23318630122813,-93.30259197934684,44.952540268002394
5205,25,65,236.09167873459933,-93.30221166172049,44.95254127503864
5206,25,66,237.95017116797052,-93.30183134407416,44.952542280808416
5207,25,67,239.0756370509712,-93.30145102640786,44.95254328531171
5208,25,68,238.96574767827818,-93.30107070872164,44.95254428854852
5209,25,69,238.85585830558517,-93.30069039101551,44.95254529051887
5210,25,70,238.7459689328922,-93.30031007328948,44.95254629122273
5211,25,71,238.6360795601992,-93.2999297555436,44.952547290660114
5212,25,72,238.52619018750616,-93.29954943777788,44.952548288831025
5213,25,73,238.41630081481316,-93.29916911999236,44.95254928573546
5214,25,74,238.30641144212018,-93.29878880218705,44.95255028137341
5215,25,75,238.24122489402862,-93.29840848436199,44.95255127574489
5216,25,76,238.1982039058101,-93.29802816651718,44.952552268849885
5217,25,77,238.15518291759156,-93.29764784865267,44.9525532606884
5218,25,78,238.11216192937303,-93.2972675307685,44.952554251260445
5219,25,79,238.0691409411545,-93.29688721286463,44.95255524056601
5220,25,80,238.02611995293594,-93.29650689494116,44.95255622860508
5221,25,81,237.9830989647174,-93.29612657699806,44.95255721537769
5222,25,82,237.94007797649888,-93.29574625903538,44.952558200883814
5223,25,83,237.89705698828035,-93.29536594105316,44.952559185123455
5224,25,84,237.85403600006183,-93.2949856230514,44.95256016809662
5225,25,85,237.81101501184327,-93.29460530503013,44.952561149803316
5226,25,86,237.76799402362474,-93.29422498698938,44.95256213024351
5227,25,87,237.7249730354062,-93.29384466892917,44.952563109417234
5228,25,88,237.68195204718768,-93.29346435084952,44.952564087324475
5229,25,89,237.63893105896915,-93.29308403275049,44.95256506396524
5230,25,90,237.59591007075056,-93.29270371463205,44.95256603933952
5231,25,91,237.55288908253206,-93.29232339649427,44.95256701344732
5232,25,92,237.50986809431353,-93.29194307833714,44.95256798628865
5233,25,93,237.466847106095,-93.29156276016073,44.952568957863484
5234,25,94,237.42382611787647,-93.29118244196502,44.95256992817184
5235,25,95,237.3808051296579,-93.29080212375007,44.952570897213725
5236,25,96,237.33778414143936,-93.29042180551588,44.95257186498911
5237,25,97,237.29476315322083,-93.29004148726249,44.95257283149803
5238,25,98,237.25174216500233,-93.28966116898991,44.95257379674045
5239,25,99,237.2087211767838,-93.28928085069818,44.9525747607164
5240,25,100,237.1657001885652,-93.28890053238732,44.95257572342587
5241,25,101,237.12267920034668,-93.28852021405736,44.95257668486885
5242,25,102,237.07965821212815,-93.28813989570831,44.95257764504535
5243,25,103,237.03663722390962,-93.28775957734022,44.95257860395536
5244,25,104,236.99361623569112,-93.2873792589531,44.95257956159891
5245,25,105,236.9887865537772,-93.28699894054697,44.95258051797595
5246,25,106,237.2246901381056,-93.28661862212185,44.95258147308653
5247,25,107,237.460593722434,-93.28623830367778,44.95258242693061
5248,25,108,237.69649730676238,-93.28585798521479,44.952583379508205
5249,25,109,237.93240089109077,-93.28547766673289,44.95258433081932
5250,25,110,238.16830447541915,-93.28509734823211,44.95258528086396
5251,25,111,238.40420805974756,-93.28471702971248,44.9525862296421
5252,25,112,238.64011164407594,-93.28433671117403,44.95258717715376
5253,25,113,238.8760152284043,-93.28395639261677,44.95258812339895
5254,25,114,239.11191881273268,-93.28357607404074,44.952589068377634
5255,25,115,239.34782239706107,-93.28319575544594,44.95259001208984
5256,25,116,239.58372598138948,-93.28281543683242,44.95259095453556
5257,25,117,239.81962956571786,-93.2824351182002,44.95259189571481
5258,25,118,240.05553315004624,-93.2820547995493,44.95259283562757
5259,25,119,240.29143673437463,-93.28167448087976,44.95259377427383
5260,25,120,240.52734031870304,-93.28129416219157,44.95259471165362
5261,25,121,240.76324390303142,-93.2809138434848,44.952595647766906
5262,25,122,240.9991474873598,-93.28053352475945,44.95259658261372
5263,25,123,241.23505107168822,-93.28015320601554,44.95259751619404
5264,25,124,241.47095465601654,-93.2797728872531,44.95259844850787
5265,25,125,241.70685824034496,-93.27939256847216,44.952599379555224
5266,25,126,241.94276182467334,-93.27901224967275,44.9526003093361
5267,25,127,242.17866540900172,-93.27863193085489,44.95260123785046
5268,25,128,242.2039722809568,-93.27825161201861,44.95260216509835
5269,25,129,242.2039722809568,-93.27787129316391,44.952603091079766
5270,25,130,242.2039722809568,-93.27749097429086,44.95260401579468
5271,25,131,242.2039722809568,-93.27711065539944,44.952604939243095
5272,25,132,242.2039722809568,-93.2767303364897,44.95260586142504
5273,25,133,242.2039722809568,-93.27635001756167,44.952606782340496
5274,25,134,242.2039722809568,-93.27596969861536,44.95260770198945
5275,25,135,242.2039722809568,-93.2755893796508,44.95260862037193
5276,25,136,242.2039722809568,-93.275209060668,44.95260953748791
5277,25,137,242.2039722809568,-93.27482874166701,44.95261045333741
5278,25,138,242.2039722809568,-93.27444842264785,44.952611367920426
5279,25,139,242.2039722809568,-93.27406810361055,44.95261228123694
5280,25,140,242.2039722809568,-93.27368778455511,44.95261319328698
5281,25,141,242.2039722809568,-93.27330746548157,44.95261410407052
5282,25,142,242.2039722809568,-93.27292714638996,44.95261501358757
5283,25,143,242.2039722809568,-93.27254682728031,44.95261592183813
5284,25,144,242.2039722809568,-93.27216650815264,44.952616828822215
5285,25,145,242.2039722809568,-93.27178618900695,44.952617734539785
5286,25,146,242.2039722809568,-93.27140586984329,44.95261863899089
5287,25,147,242.2039722809568,-93.2710255506617,44.95261954217549
5288,25,148,242.2039722809568,-93.27064523146217,44.952620444093604
5289,25,149,242.09566907994767,-93.27026491224476,44.95262134474523
5290,25,150,241.88015739961259,-93.26988459300946,44.95262224413037
5291,25,151,241.66464571927744,-93.26950427375633,44.952623142248996
5292,25,152,241.44913403894236,-93.26912395448537,44.952624039101146
5293,25,153,241.23362235860722,-93.26874363519661,44.95262493468682
5294,25,154,241.01811067827208,-93.26836331589007,44.95262582900599
5295,25,155,240.802598997937,-93.2679829965658,44.95262672205865
5296,25,156,240.58708731760186,-93.2676026772238,44.95262761384484
5297,25,157,240.37157563726674,-93.26722235786411,44.95262850436453
5298,25,158,240.15606395693163,-93.26684203848674,44.952629393617734
5299,25,159,239.94055227659652,-93.26646171909172,44.95263028160445
5300,25,160,239.72504059626138,-93.2660813996791,44.952631168324665
5301,25,161,239.5095289159263,-93.26570108024886,44.95263205377839
5302,25,162,239.29401723559116,-93.26532076080106,44.952632937965625
5303,25,163,239.07850555525602,-93.26494044133572,44.95263382088636
5304,25,164,238.86299387492093,-93.26456012185285,44.95263470254061
5305,25,165,238.6474821945858,-93.26417980235249,44.952635582928366
5306,25,166,238.4319705142507,-93.26379948283466,44.95263646204962
5307,25,167,238.21645883391557,-93.26341916329937,44.952637339904385
5308,25,168,238.00094715358046,-93.26303884374668,44.95263821649267
5309,25,169,237.88139817585798,-93.2626585241766,44.95263909181445
5310,25,170,238.22576324131623,-93.26227820458912,44.952639965869736
5311,25,171,238.5701283067745,-93.26189788498434,44.952640838658525
5312,25,172,238.91449337223273,-93.2615175653622,44.95264171018083
5313,25,173,239.25885843769098,-93.2611372457228,44.95264258043663
5314,25,174,239.60322350314925,-93.26075692606611,44.95264344942595
5315,25,175,239.9475885686075,-93.26037660639216,44.95264431714876
5316,25,176,240.29195363406572,-93.25999628670102,44.952645183605085
5317,25,177,240.636318699524,-93.25961596699267,44.952646048794904
5318,25,178,240.98068376498225,-93.25923564726716,44.95264691271824
5319,25,179,241.3250488304405,-93.25885532752451,44.95264777537508
5320,25,180,241.66941389589877,-93.25847500776474,44.95264863676541
5321,25,181,242.013778961357,-93.25809468798786,44.95264949688926
5322,25,182,242.35814402681524,-93.25771436819394,44.95265035574661
5323,25,183,242.70250909227352,-93.25733404838296,44.95265121333746
5324,25,184,243.04687415773176,-93.25695372855496,44.952652069661816
5325,25,185,243.39123922318998,-93.25657340870998,44.95265292471969
5326,25,186,243.73560428864826,-93.25619308884804,44.95265377851105
5327,25,187,244.0799693541065,-93.25581276896914,44.95265463103593
5328,25,188,244.42433441956476,-93.25543244907333,44.95265548229429
5329,25,189,244.76869948502303,-93.25505212916062,44.952656332286175
5330,25,190,245.11306455048125,-93.25467180923106,44.95265718101155
5331,25,191,245.4574296159395,-93.25429148928464,44.95265802847043
5332,25,192,245.52802415897816,-93.25391116932141,44.95265887466282
5333,25,193,245.0923854500738,-93.25353084934139,44.95265971958871
5334,25,194,244.65674674116946,-93.25315052934461,44.9526605632481
5335,25,195,244.2211080322651,-93.25277020933108,44.95266140564099
5336,25,196,243.78546932336076,-93.25238988930084,44.952662246767396
5337,25,197,243.3498306144564,-93.25200956925391,44.9526630866273
5338,25,198,242.91419190555212,-93.25162924919032,44.9526639252207
5339,25,199,242.47855319664777,-93.25124892911008,44.95266476254759
5340,25,200,242.04291448774342,-93.25086860901324,44.952665598608
5341,25,201,241.60727577883907,-93.25048828889977,44.9526664334019
5342,25,202,241.17163706993472,-93.25010796876977,44.95266726692931
5343,25,203,240.7359983610304,-93.24972764862324,44.95266809919022
5344,25,204,240.30035965212605,-93.24934732846017,44.95266893018463
5345,25,205,236.7934697731981,-93.24896700828063,44.95266975991254
5346,25,206,228.9368866815379,-93.2485866880846,44.95267058837395
5347,25,207,221.08030358987773,-93.24820636787214,44.952671415568865
5348,25,208,213.22372049821755,-93.24782604764329,44.952672241497275
5349,25,209,200.1475437916158,-93.24744572739803,44.952673066159186
5350,25,210,182.64146846015606,-93.2470654071364,44.95267388955461
5351,25,211,165.13539312869628,-93.24668508685845,44.95267471168352
5352,25,212,147.62931779723652,-93.24630476656418,44.95267553254593
5353,25,213,130.12324246577674,-93.24592444625362,44.95267635214185
5354,25,214,107.82969416683808,-93.2455441259268,44.95267717047126
5355,25,215,82.86818533682383,-93.24516380558373,44.95267798753417
5356,25,216,57.90667650680957,-93.24478348522446,44.952678803330585
5357,25,217,32.945167676795315,-93.244403164849,44.952679617860504
5358,25,218,7.9836588467810605,-93.24402284445739,44.9526804311239
5359,25,219,0.0,-93.24364252404963,44.952681243120814
5360,25,220,16.234511803215657,-93.24326220362575,44.95268205385122
5361,25,221,41.83856613847663,-93.24288188318579,44.95268286331513
5362,25,222,67.44262047373762,-93.24250156272977,44.95268367151254
5363,25,223,93.04667480899857,-93.24212124225771,44.95268447844344
5364,25,224,67.57625333670326,-93.24174092176966,44.952685284107844
5365,25,225,38.5296074524522,-93.2413606012656,44.95268608850575
5366,25,226,9.482961568201103,-93.24098028074557,44.952686891637136
5367,25,227,0.0,-93.24059996020962,44.95268769350204
5368,25,228,25.544189282515436,-93.24021963965777,44.95268849410043
5369,25,229,27.673067130149448,-93.23983931909001,44.95268929343232
5370,25,230,17.920674074860898,-93.23945899850641,44.95269009149771
5371,25,231,5.467689462950762,-93.23907867790696,44.9526908882966
5372,25,232,0.0,-93.2386983572917,44.95269168382899
5373,25,233,7.35701006455705,-93.23831803666067,44.95269247809487
5374,25,234,10.939714422009313,-93.23793771601386,44.95269327109424
5375,25,235,0.0,-93.23755739535133,44.95269406282712
5376,25,236,0.0,-93.23717707467308,44.95269485329349
5377,25,237,0.3269763534984465,-93.23679675397915,44.95269564249335
5378,25,238,0.0,-93.23641643326957,44.952696430426705
5379,25,239,11.709287704302467,-93.23603611254435,44.95269721709357
5380,25,240,37.32751158989328,-93.23565579180351,44.952698002493925
5381,25,241,62.9457354754841,-93.2352754710471,44.95269878662778
5382,25,242,84.38540666000277,-93.23489515027512,44.95269956949514
5383,25,243,91.57849433494839,-93.23451482948762,44.95270035109598
5384,25,244,91.85938089884272,-93.23413450868459,44.95270113143032
5385,25,245,92.14026746273706,-93.2337541878661,44.95270191049815
5386,25,246,92.4211540266314,-93.23337386703214,44.95270268829947
5387,25,247,92.70204059052574,-93.23299354618275,44.95270346483431
5388,25,248,92.98292715442008,-93.23261322531795,44.95270424010262
5389,25,249,93.26381371831442,-93.23223290443777,44.95270501410443
5390,25,250,92.05699478382613,-93.23185258354223,44.95270578683974
5391,25,251,86.69043163843446,-93.23147226263136,44.95270655830854
5392,25,252,82.75096793782014,-93.23109194170519,44.95270732851084
5393,25,253,80.85003374224836,-93.23071162076371,44.952708097446624
5394,25,254,78.94909954667658,-93.23033129980699,44.95270886511592
5395,25,255,77.04816535110481,-93.22995097883505,44.9527096315187
5396,25,256,75.14723115553305,-93.2295706578479,44.95271039665498
5397,25,257,73.24629695996127,-93.22919033684555,44.952711160524736
5398,25,258,71.34536276438949,-93.22881001582806,44.952711923128
5399,25,259,69.44442856881771,-93.22842969479544,44.95271268446476
5400,25,260,67.54349437324595,-93.22804937374771,44.952713444535
5401,25,261,65.64256017767418,-93.22766905268489,44.95271420333874
5402,25,262,63.74162598210241,-93.22728873160702,44.95271496087599
5403,25,263,61.84069178653064,-93.22690841051411,44.95271571714671
5404,25,264,59.93975759095886,-93.22652808940622,44.95271647215093
5405,25,265,58.08265167984693,-93.22614776828334,44.95271722588864
5406,25,266,56.31060325724776,-93.22576744714549,44.952717978359836
5407,25,267,54.53855483464861,-93.22538712599273,44.95271872956453
5408,25,268,52.76650641204944,-93.22500680482506,44.95271947950273
5409,25,269,50.99445798945028,-93.2246264836425,44.952720228174414
5410,25,270,49.22240956685112,-93.22424616244508,44.952720975579595
5411,25,271,47.45036114425196,-93.22386584123284,44.95272172171826
5412,25,272,45.678312721652794,-93.2234855200058,44.95272246659041
5413,25,273,43.90626429905363,-93.22310519876399,44.95272321019606
5414,25,274,42.13421587645447,-93.2227248775074,44.9527239525352
5415,25,275,40.36216745385531,-93.2223445562361,44.952724693607834
5416,25,276,38.590119031256144,-93.2219642349501,44.95272543341395
5417,25,277,36.81807060865699,-93.2215839136494,44.95272617195357
5418,25,278,38.08281378415359,-93.22120359233406,44.952726909226676
5419,25,279,39.645316027706855,-93.2208232710041,44.952727645233274
5420,25,280,41.20781827126012,-93.22044294965951,44.95272837997336
5421,25,281,42.77032051481339,-93.22006262830037,44.952729113446935
5422,25,282,44.33282275836666,-93.21968230692666,44.952729845654
5423,25,283,45.89532500191993,-93.21930198553844,44.95273057659456
5424,25,284,48.93706162835397,-93.2189216641357,44.952731306268596
5425,25,285,59.426547197977015,-93.2185413427185,44.952732034676146
5426,25,286,70.00985173177048,-93.21816102128682,44.952732761817174
5427,25,287,80.59315626556396,-93.21778069984074,44.95273348769168
5428,25,288,91.17646079935744,-93.21740037838025,44.952734212299696
5429,25,289,101.75976533315091,-93.21702005690538,44.952734935641196
5430,25,290,112.34306986694438,-93.21663973541615,44.95273565771618
5431,25,291,122.92637440073784,-93.21625941391261,44.952736378524655
5432,25,292,133.5096789345313,-93.21587909239476,44.95273709806662
5433,25,293,145.19711795572604,-93.21549877086264,44.95273781634208
5434,25,294,161.10959586600742,-93.21511844931628,44.95273853335102
5435,25,295,177.9016666004566,-93.21473812775567,44.952739249093455
5436,25,296,194.69373733490576,-93.21435780618086,44.95273996356937
5437,25,297,211.4858080693549,-93.21397748459188,44.95274067677878
5438,25,298,228.27787880380407,-93.21359716298876,44.95274138872168
5439,25,299,245.06994953825318,-93.21321684137152,44.95274209939806
5440,25,300,261.86202027270235,-93.21283651974016,44.95274280880793
5441,25,301,278.6540910071515,-93.21245619809473,44.952743516951294
5442,25,302,295.5500481396201,-93.21207587643525,44.952744223828155
5443,25,303,313.9454161208421,-93.21169555476175,44.95274492943848
5444,25,304,334.026372688214,-93.21131523307426,44.952745633782314
5445,26,11,342.81779794032144,-93.32275029791388,44.95275513852943
5446,26,12,327.5475540993196,-93.3223699795992,44.95275621269874
5447,26,13,312.27731025831764,-93.32198966126317,44.95275728560157
5448,26,14,297.153498330356,-93.32160934290589,44.95275835723792
5449,26,15,283.9211003520158,-93.32122902452731,44.95275942760779
5450,26,16,273.0483015541283,-93.32084870612749,44.95276049671118
5451,26,17,262.5826667665532,-93.32046838770647,44.952761564548084
5452,26,18,252.1170319789782,-93.32008806926424,44.952762631118524
5453,26,19,241.65139719140313,-93.31970775080086,44.952763696422466
5454,26,20,231.1857624038281,-93.31932743231631,44.952764760459935
5455,26,21,220.79156395275797,-93.31894711381067,44.95276582323092
5456,26,22,212.94308150632014,-93.31856679528391,44.95276688473544
5457,26,23,207.84105223193845,-93.31818647673612,44.95276794497347
5458,26,24,202.83173550287836,-93.31780615816726,44.952769003945015
5459,26,25,197.8224187738183,-93.3174258395774,44.952770061650085
5460,26,26,192.81310204475824,-93.31704552096654,44.95277111808866
5461,26,27,187.80378531569815,-93.31666520233472,44.95277217326077
5462,26,28,182.90106438909197,-93.31628488368194,44.9527732271664
5463,26,29,181.15952170282162,-93.31590456500825,44.95277427980554
5464,26,30,180.68713932972813,-93.31552424631369,44.9527753311782
5465,26,31,180.21475695663466,-93.31514392759826,44.95277638128438
5466,26,32,179.74237458354122,-93.31476360886198,44.95277743012407
5467,26,33,179.26999221044775,-93.31438329010489,44.95277847769729
5468,26,34,178.7976098373543,-93.314002971327,44.952779524004015
5469,26,35,179.51245872423456,-93.31362265252835,44.95278056904427
5470,26,36,181.4754560011009,-93.31324233370897,44.95278161281803
5471,26,37,183.43845327796728,-93.31286201486886,44.9527826553253
5472,26,38,185.40145055483364,-93.31248169600806,44.95278369656611
5473,26,39,187.3644478317,-93.31210137712661,44.95278473654042
5474,26,40,190.2467207914205,-93.31172105822452,44.95278577524825
5475,26,41,193.6754329985448,-93.31134073930181,44.9527868126896
5476,26,42,197.10414520566908,-93.31096042035851,44.95278784886447
5477,26,43,200.53285741279336,-93.31058010139465,44.95278888377284
5478,26,44,203.96156961991764,-93.31019978241024,44.952789917414734
5479,26,45,207.39028182704192,-93.30981946340532,44.952790949790135
5480,26,46,210.8189940341662,-93.30943914437992,44.95279198089907
5481,26,47,214.24770624129044,-93.30905882533405,44.9527930107415
5482,26,48,217.6412047963126,-93.30867850626775,44.95279403931746
5483,26,49,220.84590256339553,-93.30829818718104,44.95279506662693
5484,26,50,224.05060033047846,-93.30791786807393,44.952796092669914
5485,26,51,227.25529809756134,-93.30753754894647,44.95279711744641
5486,26,52,230.4599958646443,-93.30715722979866,44.952798140956425
5487,26,53,233.66469363172723,-93.30677691063055,44.95279916319994
5488,26,54,236.8693913988101,-93.30639659144214,44.95280018417699
5489,26,55,240.07871585580412,-93.30601627223348,44.95280120388753
5490,26,56,245.28643754314842,-93.30563595300458,44.952802222331606
5491,26,57,250.20883142675441,-93.30525563375545,44.95280323950919
5492,26,58,252.23427454090665,-93.30487531448615,44.95280425542028
5493,26,59,254.25971765505892,-93.3044949951967,44.95280527006488
5494,26,60,256.28516076921113,-93.30411467588709,44.952806283442996
5495,26,61,258.3106038833634,-93.30373435655738,44.95280729555463
5496,26,62,260.33604699751567,-93.3033540372076,44.952808306399774
5497,26,63,262.3170719610396,-93.30297371783774,44.95280931597842
5498,26,64,264.17556439441074,-93.30259339844785,44.95281032429059
5499,26,65,266.03405682778197,-93.30221307903795,44.952811331336264
5500,26,66,267.89254926115314,-93.30183275960806,44.95281233711546
5501,26,67,269.07543578905893,-93.30145244015822,44.95281334162816
5502,26,68,268.96554641636595,-93.30107212068843,44.952814344874376
5503,26,69,268.8556570436729,-93.30069180119872,44.9528153468541
5504,26,70,268.7457676709799,-93.30031148168916,44.952816347567335
5505,26,71,268.63587829828685,-93.29993116215972,44.952817347014076
5506,26,72,268.5259889255939,-93.29955084261044,44.95281834519433
5507,26,73,268.4160995529009,-93.29917052304137,44.9528193421081
5508,26,74,268.30621018020787,-93.2987902034525,44.952820337755384
5509,26,75,268.24119404725565,-93.29840988384387,44.95282133213617
5510,26,76,268.1981730590371,-93.29802956421553,44.95282232525046
5511,26,77,268.1551520708186,-93.29764924456745,44.952823317098265
5512,26,78,268.11213108260006,-93.29726892489971,44.95282430767958
5513,26,79,268.06911009438153,-93.2968886052123,44.95282529699441
5514,26,80,268.026089106163,-93.29650828550525,44.95282628504275
5515,26,81,267.9830681179444,-93.29612796577861,44.952827271824574
5516,26,82,267.9400471297259,-93.29574764603237,44.95282825733993
5517,26,83,267.89702614150735,-93.29536732626659,44.95282924158879
5518,26,84,267.8540051532888,-93.29498700648125,44.952830224571166
5519,26,85,267.8109841650703,-93.29460668667643,44.95283120628704
5520,26,86,267.7679631768517,-93.29422636685212,44.95283218673642
5521,26,87,267.72494218863324,-93.29384604700834,44.95283316591931
5522,26,88,267.6819212004147,-93.29346572714515,44.952834143835716
5523,26,89,267.6389002121962,-93.29308540726254,44.95283512048562
5524,26,90,267.59587922397765,-93.29270508736055,44.95283609586903
5525,26,91,267.55285823575906,-93.2923247674392,44.952837069985954
5526,26,92,267.50983724754053,-93.29194444749852,44.95283804283639
5527,26,93,267.466816259322,-93.29156412753854,44.95283901442033
5528,26,94,267.4237952711035,-93.29118380755926,44.952839984737764
5529,26,95,267.38077428288494,-93.29080348756074,44.952840953788716
5530,26,96,267.33775329466636,-93.290423167543,44.952841921573174
5531,26,97,267.2947323064478,-93.29004284750603,44.95284288809115
5532,26,98,267.2517113182293,-93.28966252744989,44.95284385334261
5533,26,99,267.2086903300108,-93.2892822073746,44.95284481732757
5534,26,100,267.1656693417923,-93.28890188728019,44.952845780046054
5535,26,101,267.1226483535737,-93.28852156716665,44.95284674149805
5536,26,102,267.0796273653552,-93.28814124703403,44.95284770168354
5537,26,103,267.03660637713665,-93.28776092688237,44.95284866060252
5538,26,104,266.9935853889181,-93.28738060671168,44.95284961825503
5539,26,105,266.9878590310872,-93.28700028652197,44.95285057464103
5540,26,106,267.22376261541564,-93.2866199663133,44.95285152976056
5541,26,107,267.45966619974405,-93.28623964608566,44.95285248361356
5542,26,108,267.6955697840724,-93.28585932583911,44.95285343620009
5543,26,109,267.9314733684008,-93.28547900557363,44.952854387520105
5544,26,110,268.1673769527292,-93.2850986852893,44.95285533757364
5545,26,111,268.4032805370576,-93.28471836498609,44.95285628636067
5546,26,112,268.639184121386,-93.28433804466407,44.952857233881204
5547,26,113,268.87508770571435,-93.28395772432323,44.95285818013523
5548,26,114,269.11099129004276,-93.28357740396363,44.95285912512278
5549,26,115,269.3468948743711,-93.28319708358528,44.95286006884383
5550,26,116,269.58279845869953,-93.28281676318818,44.95286101129838
5551,26,117,269.8187020430279,-93.2824364427724,44.95286195248643
5552,26,118,270.0546056273563,-93.28205612233792,44.95286289240797
5553,26,119,270.2905092116847,-93.2816758018848,44.952863831063034
5554,26,120,270.52641279601306,-93.28129548141305,44.9528647684516
5555,26,121,270.7623163803415,-93.2809151609227,44.952865704573654
5556,26,122,270.99821996466983,-93.28053484041378,44.952866639429224
5557,26,123,271.23412354899824,-93.2801545198863,44.95286757301829
5558,26,124,271.47002713332665,-93.27977419934028,44.952868505340845
5559,26,125,271.705930717655,-93.27939387877578,44.952869436396924
5560,26,126,271.94183430198336,-93.27901355819279,44.95287036618649
5561,26,127,272.1777378863118,-93.27863323759135,44.95287129470956
5562,26,128,272.20397228095675,-93.2782529169715,44.95287222196613
5563,26,129,272.20397228095675,-93.27787259633324,44.9528731479562
5564,26,130,272.20397228095675,-93.2774922756766,44.952874072679776
5565,26,131,272.20397228095675,-93.2771119550016,44.95287499613685
5566,26,132,272.20397228095675,-93.27673163430829,44.95287591832742
5567,26,133,272.20397228095675,-93.27635131359668,44.9528768392515
5568,26,134,272.20397228095675,-93.27597099286677,44.952877758909075
5569,26,135,272.20397228095675,-93.27559067211864,44.95287867730015
5570,26,136,272.20397228095675,-93.27521035135227,44.95287959442472
5571,26,137,272.20397228095675,-93.27483003056771,44.952880510282796
5572,26,138,272.20397228095675,-93.27444970976497,44.95288142487437
5573,26,139,272.20397228095675,-93.27406938894408,44.952882338199444
5574,26,140,272.20397228095675,-93.27368906810507,44.95288325025802
5575,26,141,272.20397228095675,-93.27330874724795,44.95288416105009
5576,26,142,272.20397228095675,-93.27292842637277,44.95288507057565
5577,26,143,272.20397228095675,-93.27254810547953,44.95288597883472
5578,26,144,272.20397228095675,-93.27216778456827,44.95288688582728
5579,26,145,272.20397228095675,-93.27178746363901,44.95288779155336
5580,26,146,272.20397228095675,-93.27140714269179,44.95288869601292
5581,26,147,272.20397228095675,-93.27102682172661,44.95288959920597
5582,26,148,272.20397228095675,-93.2706465007435,44.952890501132536
5583,26,149,272.0948949818879,-93.2702661797425,44.95289140179259
5584,26,150,271.87938330155276,-93.26988585872364,44.95289230118615
5585,26,151,271.66387162121765,-93.26950553768691,44.952893199313195
5586,26,152,271.44835994088254,-93.26912521663236,44.95289409617375
5587,26,153,271.2328482605474,-93.26874489556002,44.95289499176779
5588,26,154,271.0173365802123,-93.26836457446991,44.952895886095334
5589,26,155,270.8018248998772,-93.26798425336204,44.952896779156376
5590,26,156,270.58631321954203,-93.26760393223647,44.95289767095091
5591,26,157,270.3708015392069,-93.26722361109319,44.95289856147894
5592,26,158,270.1552898588718,-93.26684328993224,44.95289945074047
5593,26,159,269.9397781785367,-93.26646296875364,44.95290033873549
5594,26,160,269.7242664982016,-93.26608264755743,44.95290122546401
5595,26,161,269.5087548178665,-93.26570232634361,44.952902110926026
5596,26,162,269.29324313753136,-93.26532200511222,44.95290299512154
5597,26,163,269.07773145719625,-93.2649416838633,44.95290387805055
5598,26,164,268.86221977686114,-93.26456136259684,44.95290475971304
5599,26,165,268.646708096526,-93.2641810413129,44.952905640109044
5600,26,166,268.43119641619086,-93.26380072001147,44.952906519238546
5601,26,167,268.21568473585575,-93.26342039869262,44.952907397101534
5602,26,168,268.00017305552063,-93.26304007735632,44.952908273698014
5603,26,169,267.8794216557757,-93.26265975600265,44.95290914902799
5604,26,170,268.2237867212339,-93.26227943463161,44.952910023091455
5605,26,171,268.56815178669217,-93.2618991132432,44.95291089588843
5606,26,172,268.9125168521504,-93.26151879183749,44.95291176741889
5607,26,173,269.25688191760867,-93.2611384704145,44.95291263768284
5608,26,174,269.6012469830669,-93.26075814897422,44.95291350668029
5609,26,175,269.94561204852516,-93.26037782751669,44.95291437441122
5610,26,176,270.2899771139834,-93.25999750604196,44.95291524087566
5611,26,177,270.63434217944166,-93.25961718455002,44.95291610607359
5612,26,178,270.9787072448999,-93.25923686304093,44.952916970005
5613,26,179,271.32307231035816,-93.25885654151467,44.952917832669925
5614,26,180,271.66743737581646,-93.25847621997131,44.95291869406834
5615,26,181,272.01180244127465,-93.25809589841086,44.95291955420023
5616,26,182,272.3561675067329,-93.25771557683333,44.95292041306563
5617,26,183,272.70053257219115,-93.25733525523876,44.9529212706645
5618,26,184,273.04489763764946,-93.25695493362717,44.95292212699689
5619,26,185,273.38926270310765,-93.2565746119986,44.95292298206275
5620,26,186,273.7336277685659,-93.25619429035305,44.95292383586212
5621,26,187,274.0779928340242,-93.25581396869057,44.95292468839496
5622,26,188,274.42235789948245,-93.25543364701116,44.95292553966131
5623,26,189,274.76672296494064,-93.25505332531488,44.952926389661144
5624,26,190,275.11108803039895,-93.25467300360171,44.952927238394466
5625,26,191,275.4554530958572,-93.2542926818717,44.952928085861295
5626,26,192,275.5248609741376,-93.25391236012489,44.9529289320616
5627,26,193,275.0892222652333,-93.25353203836127,44.9529297769954
5628,26,194,274.6535835563289,-93.25315171658089,44.95293062066269
5629,26,195,274.2179448474245,-93.25277139478376,44.95293146306347
5630,26,196,273.7823061385202,-93.25239107296993,44.95293230419775
5631,26,197,273.3466674296158,-93.25201075113941,44.952933144065504
5632,26,198,272.91102872071156,-93.2516304292922,44.952933982666764
5633,26,199,272.4753900118072,-93.25125010742838,44.95293482000151
5634,26,200,272.03975130290286,-93.25086978554792,44.95293565606974
5635,26,201,271.6041125939985,-93.2504894636509,44.95293649087145
5636,26,202,271.16847388509416,-93.25010914173728,44.952937324406676
5637,26,203,270.7328351761898,-93.24972881980715,44.95293815667537
5638,26,204,270.29719646728546,-93.24934849786048,44.95293898767757
5639,26,205,265.7464333887564,-93.24896817589733,44.952939817413245
5640,26,206,257.8898502970962,-93.24858785391773,44.95294064588241
5641,26,207,250.03326720543598,-93.24820753192168,44.95294147308507
5642,26,208,242.0162406258871,-93.24782720990922,44.95294229902121
5643,26,209,224.51016529442737,-93.24744688788036,44.95294312369085
5644,26,210,207.00408996296758,-93.24706656583513,44.95294394709398
5645,26,211,189.49801463150783,-93.24668624377358,44.952944769230584
5646,26,212,171.99193930004807,-93.24630592169571,44.95294559010068
5647,26,213,149.4322088837908,-93.24592559960155,44.95294640970427
5648,26,214,124.47070005377654,-93.24554527749113,44.95294722804136
5649,26,215,99.50919122376229,-93.24516495536447,44.95294804511191
5650,26,216,74.54768239374802,-93.2447846332216,44.95294886091596
5651,26,217,49.58617356373377,-93.24440431106254,44.9529496754535
5652,26,218,24.624664733719516,-93.2440239888873,44.95295048872453
5653,26,219,0.0,-93.24364366669595,44.95295130072904
5654,26,220,0.6001777401030413,-93.24326334448848,44.952952111467035
5655,26,221,26.20423207536402,-93.24288302226492,44.95295292093853
5656,26,222,51.808682952664064,-93.24250270002528,44.952953729143495
5657,26,223,79.01570882416254,-93.24212237776963,44.95295453608196
5658,26,224,60.073429676579096,-93.24174205549797,44.95295534175391
5659,26,225,31.02678379232802,-93.2413617332103,44.952956146159345
5660,26,226,1.9801379080769257,-93.24098141090667,44.95295694929826
5661,26,227,7.7640117266554975,-93.24060108858713,44.952957751170665
5662,26,228,36.316876468438984,-93.24022076625165,44.952958551776554
5663,26,229,56.04366510931019,-93.2398404439003,44.95295935111593
5664,26,230,45.55160032874374,-93.2394601215331,44.95296014918878
5665,26,231,32.46090538771423,-93.23907979915003,44.952960945995144
5666,26,232,19.370210446684723,-93.23869947675118,44.95296174153498
5667,26,233,6.279515505655211,-93.23831915433654,44.9529625358083
5668,26,234,0.0,-93.23793883190612,44.952963328815095
5669,26,235,0.0,-93.23755850945999,44.95296412055537
5670,26,236,2.143583386518306,-93.23717818699814,44.95296491102915
5671,26,237,22.42902858801237,-93.2367978645206,44.952965700236405
5672,26,238,1.2062870493280362,-93.2364175420274,44.95296648817715
5673,26,239,0.0,-93.23603721951858,44.95296727485138
5674,26,240,21.716406409677997,-93.23565689699414,44.95296806025909
5675,26,241,42.136787836873204,-93.23527657445412,44.952968844400274
5676,26,242,59.86204137399424,-93.23489625189853,44.95296962727495
5677,26,243,61.57980931813099,-93.23451592932742,44.95297040888311
5678,26,244,61.86069588202533,-93.2341356067408,44.95297118922476
5679,26,245,62.141582445919674,-93.23375528413868,44.95297196829989
5680,26,246,62.42246900981401,-93.23337496152112,44.95297274610851
5681,26,247,62.703355573708365,-93.23299463888812,44.9529735226506
5682,26,248,62.9842421376027,-93.2326143162397,44.95297429792618
5683,26,249,63.26512870149704,-93.2322339935759,44.95297507193524
5684,26,250,62.540897480718385,-93.23185367089677,44.95297584467778
5685,26,251,57.17433433532671,-93.23147334820229,44.95297661615381
5686,26,252,52.81125435896128,-93.23109302549248,44.952977386363315
5687,26,253,50.9103201633895,-93.23071270276742,44.95297815530631
5688,26,254,49.00938596781773,-93.2303323800271,44.95297892298279
5689,26,255,47.10845177224596,-93.22995205727153,44.95297968939274
5690,26,256,45.207517576674185,-93.22957173450075,44.95298045453619
5691,26,257,43.30658338110241,-93.22919141171481,44.95298121841311
5692,26,258,41.405649185530635,-93.22881108891372,44.9529819810235
5693,26,259,39.50471498995886,-93.22843076609747,44.95298274236739
5694,26,260,37.60378079438709,-93.22805044326613,44.952983502444745
5695,26,261,35.70284659881532,-93.22767012041969,44.9529842612556
5696,26,262,33.80191240324355,-93.22728979755821,44.95298501879993
5697,26,263,31.900978207671773,-93.2269094746817,44.95298577507773
5698,26,264,30.000044012100002,-93.22652915179019,44.95298653008902
5699,26,265,28.135033337348244,-93.22614882888368,44.952987283833785
5700,26,266,26.36298491474908,-93.22576850596224,44.95298803631204
5701,26,267,24.59093649214992,-93.22538818302584,44.95298878752378
5702,26,268,22.818888069550756,-93.22500786007456,44.95298953746898
5703,26,269,21.046839646951593,-93.22462753710839,44.95299028614768
5704,26,270,19.27479122435243,-93.22424721412736,44.95299103355985
5705,26,271,17.50274280175327,-93.22386689113151,44.9529917797055
5706,26,272,15.730694379154109,-93.22348656812085,44.95299252458463
5707,26,273,13.958645956554946,-93.22310624509541,44.95299326819725
5708,26,274,12.186597533955785,-93.22272592205522,44.952994010543335
5709,26,275,10.414549111356623,-93.2223455990003,44.9529947516229
5710,26,276,8.642500688757462,-93.22196527593067,44.952995491435956
5711,26,277,6.8704522661583,-93.22158495284637,44.95299622998248
5712,26,278,8.123531637565183,-93.2212046297474,44.95299696726249
5713,26,279,9.686033881118448,-93.22082430663382,44.95299770327598
5714,26,280,11.248536124671714,-93.22044398350563,44.952998438022945
5715,26,281,12.811038368224981,-93.22006366036287,44.952999171503386
5716,26,282,14.373540611778246,-93.21968333720555,44.95299990371731
5717,26,283,15.936042855331513,-93.2193030140337,44.95300063466472
5718,26,284,20.772017804106873,-93.21892269084735,44.9530013643456
5719,26,285,31.355322337900347,-93.2185423676465,44.95300209275996
5720,26,286,41.93862687169382,-93.21816204443122,44.953002819907795
5721,26,287,52.52193140548729,-93.21778172120152,44.95300354578911
5722,26,288,63.10523593928076,-93.2174013979574,44.953004270403895
5723,26,289,73.68854047307423,-93.21702107469892,44.95300499375218
5724,26,290,84.27184500686771,-93.21664075142608,44.95300571583392
5725,26,291,94.85514954066117,-93.21626042813892,44.95300643664915
5726,26,292,105.43915430638515,-93.21588010483744,44.95300715619784
5727,26,293,119.45738916151066,-93.2154997815217,44.95300787448002
5728,26,294,136.2494598959598,-93.21511945819171,44.953008591495674
5729,26,295,153.04153063040894,-93.21473913484748,44.95300930724482
5730,26,296,169.8336013648581,-93.21435881148906,44.95301002172742
5731,26,297,186.62567209930728,-93.21397848811647,44.95301073494351
5732,26,298,203.4177428337564,-93.21359816472972,44.95301144689308
5733,26,299,220.20981356820556,-93.21321784132884,44.95301215757611
5734,26,300,237.00188430265473,-93.21283751791387,44.95301286699263
5735,26,301,253.79395503710387,-93.21245719448481,44.95301357514262
5736,26,302,271.70446997824934,-93.21207687104172,44.95301428202609
5737,26,303,291.60797717846873,-93.2116965475846,44.95301498764304
5738,26,304,313.081999056867,-93.21131622411346,44.95301569199346
5739,26,305,334.9604475846577,-93.21093590062836,44.95301639507735
5740,27,13,338.10016163140085,-93.32199117134627,44.953027341380285
5741,27,14,323.7656708188878,-93.3216108512054,44.953028413026665
5742,27,15,311.665203793967,-93.32123053104327,44.95302948340656
5743,27,16,301.1636085681571,-93.3208502108599,44.95303055251996
5744,27,17,290.69797378058206,-93.3204698906553,44.953031620366865
5745,27,18,280.23233899300703,-93.32008957042952,44.95303268694729
5746,27,19,269.76670420543195,-93.31970925018256,44.95303375226121
5747,27,20,259.301069417857,-93.31932892991446,44.953034816308644
5748,27,21,249.35455479935845,-93.31894860962525,44.95303587908959
5749,27,22,242.43253751897402,-93.31856828931494,44.953036940604036
5750,27,23,237.4198748235826,-93.31818796898357,44.95303800085199
5751,27,24,232.41055809452254,-93.31780764863116,44.95303905983345
5752,27,25,227.40124136546245,-93.31742732825772,44.953040117548426
5753,27,26,222.3919246364024,-93.3170470078633,44.9530411739969
5754,27,27,217.38260790734233,-93.3166666874479,44.953042229178884
5755,27,28,212.6712045876055,-93.31628636701157,44.95304328309438
5756,27,29,211.1558023871596,-93.31590604655433,44.953044335743385
5757,27,30,210.68342001406617,-93.31552572607617,44.95304538712588
5758,27,31,210.2110376409727,-93.31514540557718,44.953046437241895
5759,27,32,209.73865526787927,-93.31476508505735,44.95304748609141
5760,27,33,209.2662728947858,-93.31438476451667,44.95304853367443
5761,27,34,208.7938905216923,-93.31400444395523,44.95304957999095
5762,27,35,209.4481671957409,-93.313624123373,44.953050625040994
5763,27,36,211.41116447260723,-93.31324380277005,44.95305166882452
5764,27,37,213.37416174947361,-93.31286348214637,44.95305271134157
5765,27,38,215.33715902633998,-93.31248316150202,44.95305375259211
5766,27,39,217.3001563032063,-93.312102840837,44.953054792576175
5767,27,40,220.05014228293248,-93.31172252015132,44.953055831293725
5768,27,41,223.47885449005676,-93.31134219944504,44.95305686874478
5769,27,42,226.90756669718104,-93.31096187871817,44.95305790492935
5770,27,43,230.33627890430532,-93.31058155797075,44.953058939847416
5771,27,44,233.7649911114296,-93.31020123720278,44.953059973498995
5772,27,45,237.19370331855387,-93.30982091641427,44.95306100588407
5773,27,46,240.62241552567815,-93.30944059560531,44.95306203700264
5774,27,47,244.05112773280243,-93.30906027477586,44.953063066854725
5775,27,48,247.46954555173602,-93.30867995392599,44.95306409544032
5776,27,49,250.67424331881895,-93.3082996330557,44.953065122759405
5777,27,50,253.87894108590183,-93.30791931216501,44.953066148812
5778,27,51,257.0836388529848,-93.30753899125398,44.953067173598086
5779,27,52,260.2883366200677,-93.30715867032261,44.95306819711769
5780,27,53,263.4930343871506,-93.30677834937092,44.953069219370775
5781,27,54,266.69773215423356,-93.30639802839893,44.95307024035738
5782,27,55,269.90242992131647,-93.3060177074067,44.95307126007748
5783,27,56,274.55037219058335,-93.30563738639421,44.95307227853108
5784,27,57,280.14037966922484,-93.30525706536152,44.953073295718184
5785,27,58,282.16582278337705,-93.30487674430864,44.95307431163879
5786,27,59,284.1912658975293,-93.3044964232356,44.95307532629289
5787,27,60,286.21670901168153,-93.30411610214243,44.9530763396805
5788,27,61,288.2421521258338,-93.30373578102915,44.9530773518016
5789,27,62,290.26759523998606,-93.30335545989577,44.95307836265621
5790,27,63,292.2594500542222,-93.30297513874234,44.953079372244325
5791,27,64,294.1179424875933,-93.30259481756886,44.95308038056593
5792,27,65,295.97643492096455,-93.30221449637537,44.95308138762103
5793,27,66,297.8349273543357,-93.30183417516191,44.953082393409645
5794,27,67,299.0752345271466,-93.30145385392849,44.95308339793175
5795,27,68,298.9653451544537,-93.30107353267513,44.95308440118736
5796,27,69,298.85545578176067,-93.30069321140185,44.953085403176466
5797,27,70,298.74556640906764,-93.3003128901087,44.95308640389907
5798,27,71,298.6356770363746,-93.29993256879568,44.95308740335518
5799,27,72,298.5257876636816,-93.29955224746283,44.953088401544775
5800,27,73,298.41589829098865,-93.29917192611016,44.953089398467874
5801,27,74,298.3060089182956,-93.29879160473772,44.95309039412448
5802,27,75,298.24116320048273,-93.29841128334552,44.953091388514565
5803,27,76,298.19814221226414,-93.29803096193356,44.95309238163817
5804,27,77,298.1551212240456,-93.29765064050191,44.953093373495264
5805,27,78,298.1121002358271,-93.2972703190506,44.95309436408585
5806,27,79,298.06907924760856,-93.29688999757958,44.95309535340994
5807,27,80,298.02605825939,-93.29650967608897,44.95309634146753
5808,27,81,297.9830372711715,-93.29612935457872,44.95309732825861
5809,27,82,297.94001628295297,-93.29574903304892,44.95309831378319
5810,27,83,297.89699529473444,-93.29536871149953,44.953099298041266
5811,27,84,297.8539743065159,-93.29498838993064,44.95310028103283
5812,27,85,297.8109533182974,-93.29460806834221,44.9531012627579
5813,27,86,297.7679323300788,-93.29422774673431,44.95310224321647
5814,27,87,297.72491134186026,-93.29384742510696,44.95310322240852
5815,27,88,297.68189035364173,-93.29346710346017,44.95310420033409
5816,27,89,297.6388693654232,-93.29308678179397,44.95310517699314
5817,27,90,297.5958483772047,-93.2927064601084,44.953106152385686
5818,27,91,297.5528273889861,-93.29232613840347,44.953107126511725
5819,27,92,297.50980640076756,-93.2919458166792,44.95310809937128
5820,27,93,297.4667854125491,-93.29156549493563,44.95310907096432
5821,27,94,297.42376442433056,-93.29118517317276,44.95311004129083
5822,27,95,297.380743436112,-93.29080485139066,44.95311101035085
5823,27,96,297.33772244789344,-93.2904245295893,44.95311197814437
5824,27,97,297.2947014596749,-93.29004420776876,44.95311294467138
5825,27,98,297.2516804714564,-93.28966388592903,44.95311390993188
5826,27,99,297.20865948323785,-93.28928356407015,44.95311487392589
5827,27,100,297.1656384950193,-93.28890324219213,44.953115836653396
5828,27,101,297.12261750680074,-93.28852292029502,44.95311679811437
5829,27,102,297.0795965185822,-93.28814259837881,44.953117758308856
5830,27,103,297.0365755303637,-93.28776227644354,44.95311871723683
5831,27,104,296.99355454214515,-93.28738195448926,44.953119674898296
5832,27,105,296.9869315083973,-93.28700163251598,44.95312063129326
5833,27,106,297.2228350927257,-93.28662131052371,44.953121586421716
5834,27,107,297.45873867705404,-93.28624098851247,44.95312254028366
5835,27,108,297.69464226138246,-93.28586066648232,44.9531234928791
5836,27,109,297.93054584571087,-93.28548034443327,44.95312444420803
5837,27,110,298.1664494300392,-93.28510002236533,44.95312539427045
5838,27,111,298.40235301436763,-93.28471970027853,44.95312634306637
5839,27,112,298.63825659869605,-93.28433937817292,44.95312729059577
5840,27,113,298.8741601830244,-93.28395905604849,44.95312823685868
5841,27,114,299.1100637673528,-93.28357873390529,44.95312918185507
5842,27,115,299.3459673516812,-93.28319841174334,44.953130125584956
5843,27,116,299.5818709360096,-93.28281808956265,44.95313106804833
5844,27,117,299.81777452033793,-93.28243776736326,44.95313200924518
5845,27,118,300.05367810466635,-93.2820574451452,44.95313294917554
5846,27,119,300.2895816889947,-93.28167712290846,44.95313388783939
5847,27,120,300.5254852733231,-93.28129680065312,44.953134825236724
5848,27,121,300.7613888576515,-93.28091647837917,44.95313576136755
5849,27,122,300.9972924419799,-93.28053615608665,44.953136696231866
5850,27,123,301.2331960263083,-93.28015583377557,44.953137629829676
5851,27,124,301.4690996106367,-93.27977551144596,44.95313856216097
5852,27,125,301.70500319496506,-93.27939518909785,44.953139493225756
5853,27,126,301.94090677929347,-93.27901486673127,44.95314042302403
5854,27,127,302.1768103636218,-93.27863454434623,44.95314135155579
5855,27,128,302.2039722809568,-93.27825422194277,44.95314227882105
5856,27,129,302.2039722809568,-93.27787389952091,44.95314320481978
5857,27,130,302.2039722809568,-93.27749357708068,44.953144129552015
5858,27,131,302.2039722809568,-93.2771132546221,44.953145053017735
5859,27,132,302.2039722809568,-93.27673293214518,44.953145975216955
5860,27,133,302.2039722809568,-93.27635260964996,44.95314689614965
5861,27,134,302.2039722809568,-93.27597228713645,44.95314781581584
5862,27,135,302.2039722809568,-93.27559196460471,44.95314873421551
5863,27,136,302.2039722809568,-93.27521164205476,44.953149651348674
5864,27,137,302.2039722809568,-93.27483131948658,44.953150567215324
5865,27,138,302.2039722809568,-93.27445099690024,44.95315148181546
5866,27,139,302.2039722809568,-93.27407067429574,44.95315239514908
5867,27,140,302.2039722809568,-93.27369035167312,44.95315330721619
5868,27,141,302.2039722809568,-93.27331002903242,44.95315421801679
5869,27,142,302.2039722809568,-93.27292970637363,44.95315512755088
5870,27,143,302.2039722809568,-93.27254938369678,44.95315603581845
5871,27,144,302.2039722809568,-93.27216906100192,44.953156942819504
5872,27,145,302.2039722809568,-93.27178873828906,44.953157848554056
5873,27,146,302.2039722809568,-93.27140841555821,44.95315875302209
5874,27,147,302.2039722809568,-93.27102809280943,44.9531596562236
5875,27,148,302.2039722809568,-93.27064777004271,44.95316055815861
5876,27,149,302.09412088382805,-93.27026744725812,44.953161458827104
5877,27,150,301.87860920349294,-93.26988712445564,44.95316235822908
5878,27,151,301.66309752315783,-93.26950680163532,44.95316325636453
5879,27,152,301.4475858428227,-93.26912647879716,44.95316415323348
5880,27,153,301.2320741624876,-93.26874615594122,44.95316504883591
5881,27,154,301.0165624821525,-93.26836583306749,44.95316594317183
5882,27,155,300.8010508018174,-93.26798551017602,44.95316683624123
5883,27,156,300.58553912148227,-93.26760518726684,44.95316772804412
5884,27,157,300.3700274411471,-93.26722486433995,44.953168618580484
5885,27,158,300.154515760812,-93.26684454139539,44.95316950785035
5886,27,159,299.9390040804769,-93.26646421843319,44.95317039585368
5887,27,160,299.72349240014177,-93.26608389545335,44.9531712825905
5888,27,161,299.50798071980665,-93.26570357245593,44.95317216806082
5889,27,162,299.29246903947154,-93.26532324944094,44.9531730522646
5890,27,163,299.07695735913643,-93.2649429264084,44.95317393520188
5891,27,164,298.8614456788013,-93.26456260335831,44.95317481687263
5892,27,165,298.6459339984662,-93.26418228029077,44.95317569727688
5893,27,166,298.4304223181311,-93.26380195720573,44.9531765764146
5894,27,167,298.2149106377959,-93.26342163410325,44.95317745428581
5895,27,168,297.9993989574608,-93.26304131098337,44.9531783308905
5896,27,169,297.87744513569334,-93.26266098784608,44.95317920622867
5897,27,170,298.2218102011516,-93.26228066469142,44.95318008030033
5898,27,171,298.56617526660983,-93.26190034151941,44.953180953105466
5899,27,172,298.9105403320681,-93.26152001833009,44.95318182464408
5900,27,173,299.25490539752633,-93.26113969512348,44.95318269491619
5901,27,174,299.5992704629846,-93.26075937189957,44.95318356392177
5902,27,175,299.9436355284428,-93.26037904865844,44.95318443166084
5903,27,176,300.2880005939011,-93.2599987254001,44.953185298133384
5904,27,177,300.6323656593593,-93.25961840212454,44.95318616333941
5905,27,178,300.9767307248176,-93.25923807883181,44.95318702727892
5906,27,179,301.3210957902758,-93.25885775552196,44.95318788995192
5907,27,180,301.66546085573407,-93.258477432195,44.95318875135839
5908,27,181,302.0098259211924,-93.25809710885092,44.95318961149834
5909,27,182,302.3541909866506,-93.25771678548978,44.95319047037177
5910,27,183,302.6985560521088,-93.25733646211158,44.953191327978686
5911,27,184,303.0429211175671,-93.25695613871638,44.953192184319086
5912,27,185,303.38728618302537,-93.2565758153042,44.95319303939296
5913,27,186,303.7316512484836,-93.25619549187503,44.953193893200314
5914,27,187,304.07601631394186,-93.25581516842892,44.95319474574116
5915,27,188,304.4203813794001,-93.2554348449659,44.953195597015466
5916,27,189,304.76474644485836,-93.25505452148599,44.95319644702326
5917,27,190,305.1091115103166,-93.2546741979892,44.95319729576454
5918,27,191,305.45347657577486,-93.25429387447558,44.95319814323929
5919,27,192,305.521697789297,-93.25391355094514,44.95319898944752
5920,27,193,305.08605908039266,-93.25353322739791,44.95319983438924
5921,27,194,304.65042037148834,-93.25315290383391,44.95320067806442
5922,27,195,304.21478166258396,-93.25277258025316,44.9532015204731
5923,27,196,303.77914295367964,-93.25239225665571,44.95320236161524
5924,27,197,303.34350424477526,-93.25201193304157,44.95320320149087
5925,27,198,302.90786553587094,-93.25163160941075,44.95320404009996
5926,27,199,302.4722268269666,-93.25125128576329,44.95320487744256
5927,27,200,302.0365881180623,-93.25087096209923,44.95320571351863
5928,27,201,301.6009494091579,-93.25049063841855,44.953206548328154
5929,27,202,301.1653107002536,-93.25011031472134,44.95320738187118
5930,27,203,300.7296719913492,-93.24972999100757,44.953208214147665
5931,27,204,300.2940332824449,-93.24934966727729,44.95320904515764
5932,27,205,294.6993970043146,-93.24896934353052,44.953209874901084
5933,27,206,286.8428139126544,-93.24858901976728,44.95321070337802
5934,27,207,278.9862308209942,-93.24820869598761,44.953211530588426
5935,27,208,266.3788621286987,-93.24782837219152,44.9532123565323
5936,27,209,248.87278679723892,-93.24744804837904,44.95321318120965
5937,27,210,231.36671146577913,-93.24706772455019,44.95321400462049
5938,27,211,213.8606361343194,-93.24668740070503,44.9532148267648
5939,27,212,191.03472360074352,-93.24630707684352,44.95321564764259
5940,27,213,166.07321477072924,-93.24592675296573,44.953216467253846
5941,27,214,141.11170594071498,-93.2455464290717,44.95321728559859
5942,27,215,116.15019711070073,-93.24516610516142,44.9532181026768
5943,27,216,91.18868828068648,-93.24478578123491,44.95321891848849
5944,27,217,66.22717945067222,-93.24440545729222,44.953219733033656
5945,27,218,41.26567062065798,-93.24402513333337,44.9532205463123
5946,27,219,16.30416179064372,-93.24364480935837,44.95322135832442
5947,27,220,0.0,-93.24326448536728,44.95322216907
5948,27,221,13.125084265292363,-93.2428841613601,44.953222978549064
5949,27,222,42.22935926964825,-93.24250383733684,44.953223786761605
5950,27,223,71.33363427400414,-93.24212351329756,44.953224593707624
5951,27,224,52.57060601645492,-93.24174318924226,44.953225399387115
5952,27,225,23.523960132203843,-93.24136286517097,44.953226203800085
5953,27,226,0.0,-93.24098254108371,44.95322700694652
5954,27,227,16.969114389712416,-93.24060221698053,44.95322780882644
5955,27,228,45.521979131495904,-93.24022189286144,44.95322860943982
5956,27,229,74.07484387327939,-93.23984156872645,44.95322940878668
5957,27,230,72.54481625350722,-93.23946124457561,44.95323020686701
5958,27,231,59.45412131247771,-93.23908092040892,44.95323100368082
5959,27,232,46.3634263714482,-93.23870059622644,44.953231799228114
5960,27,233,33.27273143041869,-93.23832027202816,44.95323259350886
5961,27,234,20.19497580016155,-93.23793994781413,44.95323338652309
5962,27,235,11.762884794353091,-93.23755962358436,44.95323417827079
5963,27,236,24.24563562103223,-93.23717929933888,44.953234968751964
5964,27,237,42.019252715048026,-93.23679897507772,44.95323575796662
5965,27,238,15.818336485194813,-93.23641865080087,44.95323654591473
5966,27,239,0.0,-93.2360383265084,44.953237332596316
5967,27,240,0.0,-93.23565800220034,44.95323811801139
5968,27,241,19.072490826256416,-93.23527767787668,44.953238902159924
5969,27,242,30.148698558327148,-93.23489735353748,44.95323968504192
5970,27,243,31.581124301313615,-93.23451702918273,44.95324046665741
5971,27,244,31.862010865207957,-93.23413670481247,44.95324124700637
5972,27,245,32.1428974291023,-93.23375638042673,44.95324202608878
5973,27,246,32.42378399299664,-93.23337605602552,44.95324280390468
5974,27,247,32.70467055689098,-93.23299573160888,44.95324358045404
5975,27,248,32.985557120785316,-93.23261540717685,44.953244355736885
5976,27,249,33.26644368467966,-93.23223508272942,44.953245129753185
5977,27,250,33.02480017761066,-93.23185475826664,44.953245902502964
5978,27,251,27.658237032218985,-93.23147443378852,44.95324667398622
5979,27,252,22.87154078010241,-93.2310941092951,44.953247444202944
5980,27,253,20.970606584530636,-93.23071378478639,44.953248213153145
5981,27,254,19.06967238895886,-93.23033346026241,44.9532489808368
5982,27,255,17.168738193387085,-93.22995313572322,44.95324974725393
5983,27,256,15.267803997815314,-93.22957281116881,44.95325051240453
5984,27,257,13.366869802243542,-93.22919248659923,44.953251276288604
5985,27,258,11.465935606671769,-93.22881216201448,44.95325203890615
5986,27,259,9.565001411099995,-93.2284318374146,44.95325280025716
5987,27,260,7.664067215528226,-93.22805151279962,44.95325356034165
5988,27,261,5.763133019956452,-93.22767118816955,44.95325431915959
5989,27,262,3.8621988243846785,-93.22729086352443,44.95325507671102
5990,27,263,1.9612646288129059,-93.22691053886429,44.95325583299591
5991,27,264,0.060330433241133,-93.22653021418914,44.95325658801426
5992,27,265,0.0,-93.22614988949898,44.95325734176609
5993,27,266,0.0,-93.2257695647939,44.95325809425139
5994,27,267,0.0,-93.22538924007388,44.95325884547015
5995,27,268,0.0,-93.22500891533893,44.953259595422395
5996,27,269,0.0,-93.22462859058913,44.95326034410809
5997,27,270,0.0,-93.22424826582447,44.95326109152726
5998,27,271,0.0,-93.22386794104497,44.9532618376799
5999,27,272,0.0,-93.22348761625068,44.953262582566005
6000,27,273,0.0,-93.2231072914416,44.95326332618558
6001,27,274,0.0,-93.22272696661776,44.95326406853862
6002,27,275,0.0,-93.2223466417792,44.95326480962513
6003,27,276,0.0,-93.22196631692593,44.953265549445106
6004,27,277,0.0,-93.22158599205798,44.95326628799855
6005,27,278,0.0,-93.22120566717538,44.95326702528547
6006,27,279,0.0,-93.22082534227815,44.95326776130584
6007,27,280,0.0,-93.22044501736632,44.953268496059685
6008,27,281,0.0,-93.2200646924399,44.953269229547004
6009,27,282,0.0,-93.21968436749894,44.95326996176778
6010,27,283,0.0,-93.21930404254346,44.95327069272203
6011,27,284,0.0,-93.21892371757346,44.95327142240974
6012,27,285,3.2840974778236722,-93.21854339258898,44.95327215083093
6013,27,286,13.867402011617145,-93.21816306759005,44.95327287798557
6014,27,287,24.450706545410615,-93.2177827425767,44.953273603873676
6015,27,288,35.03401107920409,-93.21740241754894,44.95327432849525
6016,27,289,45.61731561299756,-93.21702209250681,44.9532750518503
6017,27,290,56.20062014679103,-93.21664176745033,44.95327577393881
6018,27,291,66.7839246805845,-93.2162614423795,44.95327649476078
6019,27,292,78.14074380123873,-93.2158811172944,44.953277214316216
6020,27,293,94.59725319146303,-93.21550079219502,44.953277932605125
6021,27,294,111.38932392591218,-93.21512046708136,44.95327864962751
6022,27,295,128.18139466036132,-93.2147401419535,44.95327936538334
6023,27,296,144.9734653948105,-93.21435981681142,44.95328007987263
6024,27,297,161.76553612925963,-93.21397949165518,44.953280793095395
6025,27,298,178.55760686370877,-93.21359916648478,44.95328150505163
6026,27,299,195.34967759815794,-93.21321884130026,44.95328221574132
6027,27,300,212.14174833260708,-93.21283851610164,44.95328292516447
6028,27,301,229.53194485525117,-93.21245819088894,44.9532836333211
6029,27,302,249.19230938572522,-93.2120778656622,44.95328434021119
6030,27,303,270.6771409546569,-93.21169754042143,44.95328504583475
6031,27,304,292.55558948244766,-93.21131721516664,44.953285750191746
6032,27,305,314.4340380102384,-93.2109368898979,44.95328645328223
6033,27,306,336.6358967816496,-93.2105565646152,44.953287155106175
6034,28,15,339.74455036976093,-93.32123203758047,44.953299539192464
6035,28,16,329.2789155821859,-93.32085171561351,44.95330060831588
6036,28,17,318.8132807946109,-93.32047139362533,44.95330167617278
6037,28,18,308.34764600703585,-93.32009107161595,44.953302742763185
6038,28,19,297.8820112194608,-93.31971074958541,44.95330380808708
6039,28,20,287.4163764318858,-93.31933042753373,44.953304872144486
6040,28,21,278.2201884940553,-93.31895010546093,44.95330593493538
6041,28,22,272.00801414428685,-93.31856978336702,44.953306996459766
6042,28,23,266.9986974152268,-93.31818946125206,44.95330805671765
6043,28,24,261.9893806861667,-93.31780913911606,44.95330911570903
6044,28,25,256.9800639571066,-93.31742881695904,44.9533101734339
6045,28,26,251.97074722804655,-93.31704849478102,44.95331122989228
6046,28,27,246.9614304989865,-93.31666817258204,44.953312285084145
6047,28,28,242.49800652133936,-93.31628785036212,44.953313339009505
6048,28,29,241.15208307149763,-93.31590752812127,44.95331439166835
6049,28,30,240.6797006984042,-93.31552720585955,44.95331544306071
6050,28,31,240.20731832531072,-93.31514688357694,44.95331649318655
6051,28,32,239.73493595221728,-93.31476656127352,44.95331754204589
6052,28,33,239.26255357912382,-93.31438623894925,44.95331858963872
6053,28,34,238.79017120603035,-93.31400591660422,44.95331963596504
6054,28,35,239.3838756672472,-93.3136255942384,44.95332068102486
6055,28,36,241.34687294411356,-93.31324527185184,44.95332172481817
6056,28,37,243.30987022097992,-93.31286494944459,44.95332276734498
6057,28,38,245.27286749784628,-93.31248462701663,44.95332380860527
6058,28,39,247.23586477471264,-93.31210430456801,44.95332484859906
6059,28,40,249.85356377444444,-93.31172398209875,44.95332588732634
6060,28,41,253.28227598156872,-93.31134365960887,44.95332692478712
6061,28,42,256.71098818869297,-93.3109633370984,44.95332796098139
6062,28,43,260.1397003958173,-93.31058301456737,44.95332899590914
6063,28,44,263.5684126029416,-93.3102026920158,44.95333002957039
6064,28,45,266.9971248100658,-93.30982236944372,44.95333106196514
6065,28,46,270.4258370171901,-93.30944204685115,44.95333209309337
6066,28,47,273.8545492243144,-93.30906172423812,44.953333122955094
6067,28,48,277.2832614314387,-93.30868140160463,44.953334151550315
6068,28,49,280.50258407424235,-93.30830107895075,44.953335178879016
6069,28,50,283.70728184132525,-93.30792075627647,44.953336204941216
6070,28,51,286.9119796084082,-93.30754043358183,44.95333722973691
6071,28,52,290.1166773754911,-93.30716011086685,44.95333825326608
6072,28,53,293.321375142574,-93.30677978813156,44.953339275528755
6073,28,54,296.526072909657,-93.30639946537599,44.953340296524914
6074,28,55,299.73077067673984,-93.30601914260014,44.95334131625457
6075,28,56,303.957854475529,-93.30563881980406,44.9533423347177
6076,28,57,310.07192791169524,-93.30525849698776,44.95334335191433
6077,28,58,312.09737102584745,-93.30487817415128,44.953344367844444
6078,28,59,314.1228141399997,-93.30449785129466,44.953345382508054
6079,28,60,316.14825725415193,-93.30411752841786,44.95334639590515
6080,28,61,318.1737003683042,-93.30373720552099,44.95334740803574
6081,28,62,320.19914348245646,-93.30335688260399,44.95334841889981
6082,28,63,322.2018281474048,-93.30297655966696,44.95334942849736
6083,28,64,324.060320580776,-93.30259623670989,44.953350436828416
6084,28,65,325.9188130141472,-93.30221591373281,44.953351443892956
6085,28,66,327.77730544751836,-93.30183559073573,44.95335244969098
6086,28,67,329.07503326523437,-93.3014552677187,44.953353454222494
6087,28,68,328.9651438925414,-93.30107494468173,44.953354457487485
6088,28,69,328.85525451984836,-93.30069462162486,44.95335545948598
6089,28,70,328.7453651471553,-93.30031429854809,44.953356460217954
6090,28,71,328.63547577446235,-93.29993397545147,44.95335745968342
6091,28,72,328.5255864017694,-93.299553652335,44.95335845788237
6092,28,73,328.41569702907634,-93.29917332919874,44.953359454814795
6093,28,74,328.3058076563833,-93.29879300604269,44.95336045048072
6094,28,75,328.24113235370976,-93.29841268286687,44.95336144488013
6095,28,76,328.19811136549123,-93.29803235967132,44.95336243801302
6096,28,77,328.15509037727264,-93.29765203645607,44.9533634298794
6097,28,78,328.1120693890541,-93.29727171322112,44.95336442047927
6098,28,79,328.0690484008356,-93.29689138996652,44.95336540981262
6099,28,80,328.02602741261705,-93.29651106669229,44.953366397879456
6100,28,81,327.9830064243985,-93.29613074339845,44.95336738467979
6101,28,82,327.93998543617994,-93.29575042008501,44.95336837021358
6102,28,83,327.8969644479614,-93.29537009675202,44.95336935448088
6103,28,84,327.8539434597429,-93.29498977339951,44.95337033748166
6104,28,85,327.81092247152435,-93.2946094500275,44.95337131921592
6105,28,86,327.7679014833059,-93.29422912663597,44.95337229968366
6106,28,87,327.7248804950873,-93.29384880322502,44.95337327888489
6107,28,88,327.68185950686876,-93.29346847979461,44.95337425681961
6108,28,89,327.63883851865023,-93.29308815634481,44.953375233487805
6109,28,90,327.5958175304317,-93.2927078328756,44.95337620888949
6110,28,91,327.5527965422132,-93.29232750938705,44.95337718302466
6111,28,92,327.5097755539946,-93.29194718587918,44.95337815589329
6112,28,93,327.46675456577606,-93.29156686235198,44.95337912749543
6113,28,94,327.4237335775575,-93.29118653880552,44.953380097831044
6114,28,95,327.380712589339,-93.2908062152398,44.95338106690014
6115,28,96,327.33769160112047,-93.29042589165483,44.95338203470273
6116,28,97,327.29467061290194,-93.29004556805067,44.953383001238784
6117,28,98,327.2516496246834,-93.28966524442733,44.953383966508326
6118,28,99,327.2086286364649,-93.28928492078484,44.953384930511355
6119,28,100,327.16560764824635,-93.2889045971232,44.95338589324786
6120,28,101,327.1225866600278,-93.28852427344246,44.953386854717856
6121,28,102,327.07956567180923,-93.28814394974265,44.95338781492133
6122,28,103,327.0365446835907,-93.28776362602378,44.95338877385828
6123,28,104,326.9935236953722,-93.28738330228586,44.95338973152872
6124,28,105,326.9860039857074,-93.28700297852896,44.953390687932625
6125,28,106,327.22190757003574,-93.28662265475307,44.95339164307003
6126,28,107,327.4578111543641,-93.28624233095823,44.95339259694091
6127,28,108,327.6937147386925,-93.28586200714446,44.95339354954526
6128,28,109,327.9296183230209,-93.28548168331177,44.95339450088311
6129,28,110,328.1655219073493,-93.28510135946021,44.95339545095443
6130,28,111,328.4014254916777,-93.2847210355898,44.95339639975923
6131,28,112,328.63732907600604,-93.28434071170055,44.9533973472975
6132,28,113,328.87323266033445,-93.28396038779252,44.95339829356926
6133,28,114,329.10913624466286,-93.2835800638657,44.9533992385745
6134,28,115,329.3450398289912,-93.28319973992012,44.95340018231322
6135,28,116,329.58094341331963,-93.2828194159558,44.953401124785415
6136,28,117,329.816846997648,-93.2824390919728,44.9534020659911
6137,28,118,330.0527505819764,-93.28205876797112,44.95340300593025
6138,28,119,330.28865416630475,-93.28167844395077,44.95340394460289
6139,28,120,330.52455775063316,-93.2812981199118,44.953404882009
6140,28,121,330.7604613349616,-93.28091779585424,44.95340581814859
6141,28,122,330.99636491928993,-93.28053747177809,44.95340675302166
6142,28,123,331.23226850361834,-93.28015714768338,44.9534076866282
6143,28,124,331.4681720879467,-93.27977682357015,44.95340861896823
6144,28,125,331.7040756722751,-93.27939649943842,44.95340955004174
6145,28,126,331.9399792566035,-93.2790161752882,44.95341047984872
6146,28,127,332.1758828409319,-93.27863585111955,44.95341140838918
6147,28,128,332.20397228095675,-93.27825552693247,44.95341233566312
6148,28,129,332.20397228095675,-93.27787520272697,44.95341326167053
6149,28,130,332.20397228095675,-93.2774948785031,44.95341418641142
6150,28,131,332.20397228095675,-93.2771145542609,44.95341510988579
6151,28,132,332.20397228095675,-93.27673423000036,44.95341603209364
6152,28,133,332.20397228095675,-93.2763539057215,44.95341695303496
6153,28,134,332.20397228095675,-93.2759735814244,44.95341787270975
6154,28,135,332.20397228095675,-93.27559325710902,44.953418791118025
6155,28,136,332.20397228095675,-93.27521293277543,44.95341970825977
6156,28,137,332.20397228095675,-93.27483260842364,44.953420624135
6157,28,138,332.20397228095675,-93.27445228405365,44.953421538743704
6158,28,139,332.20397228095675,-93.27407195966553,44.953422452085874
6159,28,140,332.20397228095675,-93.2736916352593,44.95342336416153
6160,28,141,332.20397228095675,-93.27331131083494,44.95342427497066
6161,28,142,332.20397228095675,-93.27293098639252,44.95342518451326
6162,28,143,332.20397228095675,-93.27255066193206,44.95342609278933
6163,28,144,332.20397228095675,-93.27217033745356,44.95342699979889
6164,28,145,332.20397228095675,-93.27179001295707,44.953427905541915
6165,28,146,332.20397228095675,-93.2714096884426,44.953428810018416
6166,28,147,332.20397228095675,-93.27102936391019,44.95342971322838
6167,28,148,332.20397228095675,-93.27064903935984,44.95343061517183
6168,28,149,332.09334678576823,-93.27026871479161,44.95343151584876
6169,28,150,331.8778351054331,-93.2698883902055,44.95343241525916
6170,28,151,331.662323425098,-93.26950806560154,44.95343331340303
6171,28,152,331.44681174476295,-93.26912774097976,44.95343421028038
6172,28,153,331.2313000644278,-93.26874741634018,44.95343510589119
6173,28,154,331.0157883840927,-93.26836709168282,44.95343600023548
6174,28,155,330.8002767037575,-93.26798676700773,44.95343689331324
6175,28,156,330.58476502342245,-93.26760644231489,44.953437785124486
6176,28,157,330.36925334308734,-93.26722611760437,44.95343867566918
6177,28,158,330.1537416627522,-93.26684579287618,44.95343956494736
6178,28,159,329.93822998241706,-93.26646546813033,44.95344045295902
6179,28,160,329.72271830208194,-93.26608514336688,44.953441339704156
6180,28,161,329.5072066217469,-93.26570481858582,44.95344222518275
6181,28,162,329.2916949414117,-93.26532449378718,44.95344310939482
6182,28,163,329.0761832610766,-93.26494416897101,44.95344399234036
6183,28,164,328.8606715807415,-93.2645638441373,44.95344487401937
6184,28,165,328.6451599004064,-93.2641835192861,44.953445754431854
6185,28,166,328.4296482200713,-93.26380319441745,44.95344663357782
6186,28,167,328.21413653973616,-93.26342286953133,44.95344751145724
6187,28,168,327.998624859401,-93.2630425446278,44.95344838807014
6188,28,169,327.875468615611,-93.26266221970687,44.9534492634165
6189,28,170,328.21983368106925,-93.26228189476858,44.953450137496354
6190,28,171,328.5641987465275,-93.26190156981293,44.953451010309664
6191,28,172,328.90856381198574,-93.26152124483995,44.95345188185644
6192,28,173,329.252928877444,-93.26114091984971,44.95345275213669
6193,28,174,329.59729394290224,-93.26076059484217,44.95345362115042
6194,28,175,329.9416590083605,-93.2603802698174,44.953454488897606
6195,28,176,330.28602407381874,-93.2599999447754,44.953455355378274
6196,28,177,330.630389139277,-93.25961961971623,44.9534562205924
6197,28,178,330.97475420473523,-93.25923929463987,44.95345708454
6198,28,179,331.31911927019354,-93.25885896954637,44.95345794722107
6199,28,180,331.66348433565173,-93.25847864443574,44.953458808635595
6200,28,181,332.00784940111,-93.25809831930803,44.95345966878361
6201,28,182,332.3522144665683,-93.25771799416324,44.95346052766509
6202,28,183,332.69657953202653,-93.25733766900143,44.95346138528003
6203,28,184,333.0409445974847,-93.25695734382258,44.95346224162844
6204,28,185,333.38530966294303,-93.25657701862674,44.953463096710315
6205,28,186,333.7296747284013,-93.25619669341394,44.95346395052567
6206,28,187,334.0740397938595,-93.25581636818418,44.953464803074496
6207,28,188,334.4184048593178,-93.25543604293752,44.95346565435678
6208,28,189,334.762769924776,-93.25505571767397,44.953466504372535
6209,28,190,335.1071349902343,-93.25467539239354,44.95346735312176
6210,28,191,335.4515000556925,-93.25429506709627,44.95346820060443
6211,28,192,335.5185346044564,-93.25391474178218,44.95346904682061
6212,28,193,335.0828958955521,-93.25353441645132,44.95346989177023
6213,28,194,334.6472571866477,-93.25315409110367,44.953470735453315
6214,28,195,334.2116184777434,-93.25277376573929,44.95347157786987
6215,28,196,333.775979768839,-93.25239344035818,44.953472419019896
6216,28,197,333.3403410599347,-93.25201311496038,44.95347325890338
6217,28,198,332.9047023510304,-93.25163278954592,44.95347409752035
6218,28,199,332.469063642126,-93.25125246411483,44.95347493487077
6219,28,200,332.0334249332217,-93.2508721386671,44.95347577095466
6220,28,201,331.5977862243173,-93.2504918132028,44.95347660577201
6221,28,202,331.162147515413,-93.25011148772194,44.95347743932283
6222,28,203,330.7265088065086,-93.24973116222452,44.953478271607125
6223,28,204,330.29087009760434,-93.24935083671059,44.953479102624875
6224,28,205,323.6523606198728,-93.24897051118018,44.953479932376084
6225,28,206,315.7957775282126,-93.24859018563329,44.95348076086078
6226,28,207,307.93919443655244,-93.24820986006996,44.95348158807892
6227,28,208,290.7414836315103,-93.24782953449022,44.95348241403054
6228,28,209,273.23540830005044,-93.2474492088941,44.95348323871563
6229,28,210,255.7293329685907,-93.24706888328161,44.95348406213416
6230,28,211,232.63723831769622,-93.24668855765277,44.95348488428617
6231,28,212,207.67572948768193,-93.24630823200764,44.953485705171644
6232,28,213,182.7142206576677,-93.2459279063462,44.953486524790584
6233,28,214,157.75271182765346,-93.24554758066849,44.95348734314298
6234,28,215,132.79120299763918,-93.24516725497456,44.95348816022885
6235,28,216,107.82969416762491,-93.24478692926441,44.95348897604817
6236,28,217,82.69653489427922,-93.24440660353807,44.95348979060097
6237,28,218,54.193304886378755,-93.24402627779557,44.953490603887225
6238,28,219,25.69007487847827,-93.24364595203691,44.953491415906946
6239,28,220,0.0,-93.24326562626217,44.953492226660124
6240,28,221,5.849015514186093,-93.24288530047134,44.95349303614677
6241,28,222,34.953290518541976,-93.24250497466443,44.95349384436689
6242,28,223,64.05756552289787,-93.2421246488415,44.95349465132046
6243,28,224,43.87027874601464,-93.24174432300254,44.95349545700749
6244,28,225,15.863823765797191,-93.24136399714759,44.953496261427986
6245,28,226,0.0,-93.2409836712767,44.95349706458194
6246,28,227,26.17421705276933,-93.24060334538984,44.95349786646936
6247,28,228,54.72708179455282,-93.2402230194871,44.953498667090244
6248,28,229,83.27994653633631,-93.23984269356846,44.95349946644458
6249,28,230,99.5380321782707,-93.23946236763396,44.953500264532394
6250,28,231,86.44733723724119,-93.23908204168363,44.95350106135367
6251,28,232,73.35664229621167,-93.2387017157175,44.953501856908396
6252,28,233,60.265947355182156,-93.23832138973556,44.95350265119659
6253,28,234,48.850237060499126,-93.23794106373786,44.953503444218235
6254,28,235,41.003352908035886,-93.23756073772442,44.953504235973355
6255,28,236,47.32193574006435,-93.23718041169529,44.95350502646193
6256,28,237,56.6313021509148,-93.23680008565046,44.953505815683975
6257,28,238,30.430385921061593,-93.23641975958998,44.95350660363947
6258,28,239,7.984048993852437,-93.23603943351387,44.953507390328426
6259,28,240,0.0,-93.23565910742214,44.95350817575084
6260,28,241,0.0,-93.23527878131482,44.95350895990672
6261,28,242,0.4353557426600536,-93.23489845519195,44.95350974279606
6262,28,243,1.5824392844962316,-93.23451812905354,44.95351052441886
6263,28,244,1.863325848390572,-93.23413780289961,44.95351130477512
6264,28,245,2.144212412284913,-93.23375747673022,44.95351208386484
6265,28,246,2.4250989761792536,-93.23337715054535,44.95351286168801
6266,28,247,2.7059855400735944,-93.23299682434507,44.953513638244665
6267,28,248,2.9868721039679347,-93.23261649812937,44.95351441353475
6268,28,249,3.267758667862275,-93.23223617189828,44.9535151875583
6269,28,250,3.5087028745029207,-93.23185584565182,44.95351596031533
6270,28,251,0.0,-93.23147551939006,44.95351673180579
6271,28,252,0.0,-93.23109519311296,44.95351750202973
6272,28,253,0.0,-93.2307148668206,44.95351827098712
6273,28,254,0.0,-93.23033454051297,44.953519038677975
6274,28,255,0.0,-93.22995421419012,44.95351980510228
6275,28,256,0.0,-93.22957388785206,44.953520570260046
6276,28,257,0.0,-93.22919356149879,44.95352133415127
6277,28,258,0.0,-93.22881323513039,44.95352209677596
6278,28,259,0.0,-93.22843290874685,44.95352285813409
6279,28,260,0.0,-93.22805258234821,44.95352361822571
6280,28,261,0.0,-93.22767225593448,44.953524377050755
6281,28,262,0.0,-93.2272919295057,44.953525134609265
6282,28,263,0.0,-93.22691160306188,44.95352589090125
6283,28,264,0.0,-93.22653127660305,44.953526645926665
6284,28,265,0.0,-93.22615095012925,44.95352739968555
6285,28,266,0.0,-93.2257706236405,44.953528152177896
6286,28,267,0.0,-93.22539029713681,44.9535289034037
6287,28,268,1.9276476623481977,-93.22500997061822,44.95352965336295
6288,28,269,3.67912255413078,-93.22462964408474,44.95353040205566
6289,28,270,4.376608386665736,-93.2242493175364,44.953531149481826
6290,28,271,5.074094219200691,-93.22386899097324,44.95353189564146
6291,28,272,5.771580051735647,-93.22348866439528,44.95353264053454
6292,28,273,6.469065884270603,-93.22310833780253,44.95353338416108
6293,28,274,7.16655171680556,-93.22272801119503,44.95353412652106
6294,28,275,7.864037549340515,-93.2223476845728,44.953534867614515
6295,28,276,8.561523381875471,-93.22196735793587,44.953535607441424
6296,28,277,9.259009214410426,-93.22158703128426,44.95353634600178
6297,28,278,9.956495046945383,-93.22120670461798,44.9535370832956
6298,28,279,9.591886765992536,-93.22082637793709,44.95353781932287
6299,28,280,6.988838053024621,-93.22044605124158,44.9535385540836
6300,28,281,4.385789340056704,-93.22006572453151,44.953539287577776
6301,28,282,1.7827406270887862,-93.21968539780687,44.953540019805416
6302,28,283,0.0,-93.21930507106772,44.953540750766514
6303,28,284,0.0,-93.21892474431405,44.95354148046105
6304,28,285,0.0,-93.21854441754591,44.95354220888905
6305,28,286,0.0,-93.21816409076331,44.9535429360505
6306,28,287,0.0,-93.21778376396628,44.95354366194541
6307,28,288,6.962786219127419,-93.21740343715486,44.953544386573775
6308,28,289,17.54609075292089,-93.21702311032905,44.95354510993559
6309,28,290,28.12939528671436,-93.21664278348891,44.95354583203086
6310,28,291,38.71269982050783,-93.21626245663441,44.953546552859585
6311,28,292,52.945046486966234,-93.21588212976563,44.95354727242176
6312,28,293,69.73711722141539,-93.21550180288257,44.95354799071739
6313,28,294,86.52918795586453,-93.21512147598526,44.95354870774648
6314,28,295,103.32125869031368,-93.21474114907372,44.95354942350901
6315,28,296,120.11332942476285,-93.21436082214797,44.953550138005
6316,28,297,136.905400159212,-93.21398049520805,44.953550851234446
6317,28,298,153.69747089366115,-93.21360016825399,44.95355156319735
6318,28,299,170.4895416281103,-93.21321984128579,44.95355227389369
6319,28,300,187.47402063194446,-93.2128395143035,44.95355298332349
6320,28,301,206.78104787398598,-93.21245918730712,44.953553691486746
6321,28,302,228.27228285244692,-93.2120788602967,44.95355439838345
6322,28,303,250.15073138023766,-93.21169853327225,44.95355510401362
6323,28,304,272.02917990802837,-93.2113182062338,44.953555808377224
6324,28,305,294.3485222801979,-93.21093787918139,44.95355651147429
6325,28,306,317.90356732597525,-93.210557552115,44.9535572133048
6326,28,307,342.467960061413,-93.21017722503471,44.953557913868764
6327,29,17,346.92858780863975,-93.32047289661655,44.95357173196582
6328,29,18,336.4629530210647,-93.32009257282357,44.95357279856622
6329,29,19,325.9973182334897,-93.31971224900941,44.9535738639001
6330,29,20,315.6571103641523,-93.31933192517411,44.95357492796746
6331,29,21,307.30319323454665,-93.31895160131769,44.95357599076831
6332,29,22,301.586836735931,-93.31857127744017,44.95357705230263
6333,29,23,296.57752000687094,-93.3181909535416,44.95357811257044
6334,29,24,291.5682032778108,-93.31781062962199,44.95357917157174
6335,29,25,286.55888654875076,-93.31743030568134,44.95358022930652
6336,29,26,281.5495698196907,-93.3170499817197,44.95358128577479
6337,29,27,276.54025309063064,-93.31666965773712,44.953582340976524
6338,29,28,272.36285553082297,-93.31628933373358,44.95358339491175
6339,29,29,271.14836375583565,-93.31590900970912,44.95358444758047
6340,29,30,270.67598138274224,-93.31552868566378,44.95358549898266
6341,29,31,270.20359900964877,-93.31514836159756,44.95358654911833
6342,29,32,269.7312166365553,-93.3147680375105,44.95358759798749
6343,29,33,269.25883426346184,-93.31438771340262,44.95358864559014
6344,29,34,268.78645189036837,-93.31400738927397,44.953589691926254
6345,29,35,269.3195841387535,-93.31362706512454,44.95359073699586
6346,29,36,271.28258141561986,-93.31324674095437,44.953591780798945
6347,29,37,273.2455786924863,-93.31286641676348,44.95359282333551
6348,29,38,275.20857596935264,-93.31248609255191,44.953593864605565
6349,29,39,277.17157324621894,-93.31210576831965,44.953594904609076
6350,29,40,279.6569852659564,-93.31172544406678,44.953595943346095
6351,29,41,283.08569747308064,-93.31134511979329,44.95359698081659
6352,29,42,286.51440968020495,-93.3109647954992,44.953598017020546
6353,29,43,289.94312188732926,-93.31058447118455,44.953599051958
6354,29,44,293.3718340944535,-93.31020414684936,44.95360008562893
6355,29,45,296.8005463015778,-93.30982382249366,44.95360111803334
6356,29,46,300.22925850870206,-93.30944349811745,44.95360214917123
6357,29,47,303.6579707158263,-93.3090631737208,44.95360317904259
6358,29,48,307.0866829229507,-93.3086828493037,44.953604207647444
6359,29,49,310.33092482966583,-93.30830252486619,44.953605234985766
6360,29,50,313.53562259674874,-93.30792220040827,44.95360626105758
6361,29,51,316.74032036383164,-93.30754187593001,44.95360728586286
6362,29,52,319.94501813091455,-93.3071615514314,44.953608309401616
6363,29,53,323.1497158979975,-93.30678122691249,44.95360933167387
6364,29,54,326.3544136650804,-93.3064009023733,44.95361035267959
6365,29,55,329.5591114321633,-93.30602057781383,44.953611372418784
6366,29,56,333.4709098628333,-93.30564025323412,44.95361239089145
6367,29,57,339.89777045515143,-93.3052599286342,44.95361340809761
6368,29,58,342.02891926831785,-93.30487960401409,44.95361442403723
6369,29,59,344.0543623824701,-93.30449927937383,44.953615438710344
6370,29,206,344.74874114377087,-93.24859135151571,44.95375081833068
6371,29,207,332.6101804657816,-93.24821102416873,44.95375164555659
6372,29,208,315.10410513432186,-93.24783069680532,44.95375247151593
6373,29,209,297.598029802862,-93.24745036942552,44.95375329620873
6374,29,210,274.2397530346489,-93.24707004202935,44.953754119634986
6375,29,211,249.27824420463466,-93.24668971461683,44.95375494179469
6376,29,212,224.3167353746204,-93.24630938718802,44.95375576268784
6377,29,213,199.35522654460618,-93.24592905974292,44.953756582314455
6378,29,214,174.3937177145919,-93.24554873228153,44.95375740067452
6379,29,215,149.06065910135794,-93.24516840480392,44.95375821776803
6380,29,216,120.55742909345744,-93.2447880773101,44.95375903359501
6381,29,217,92.05419908555697,-93.24440774980008,44.95375984815542
6382,29,218,63.55096907765649,-93.2440274222739,44.953760661449294
6383,29,219,35.04773906975601,-93.24364709473159,44.95376147347661
6384,29,220,6.544509061855533,-93.24326676717315,44.95376228423739
6385,29,221,0.0,-93.24288643959864,44.95376309373162
6386,29,222,27.677221767435714,-93.24250611200806,44.95376390195929
6387,29,223,56.32814775257905,-93.24212578440142,44.95376470892042
6388,29,224,33.11674539920008,-93.2417454567788,44.95376551461501
6389,29,225,5.110290418982625,-93.24136512914018,44.953766319043034
6390,29,226,6.826454974042762,-93.24098480148561,44.9537671222045
6391,29,227,35.37931971582625,-93.24060447381508,44.95376792409944
6392,29,228,63.932184457609736,-93.24022414612865,44.95376872472781
6393,29,229,92.48504919939322,-93.23984381842634,44.953769524089644
6394,29,230,121.03791394117673,-93.23946349070816,44.95377032218493
6395,29,231,113.44055316200465,-93.23908316297414,44.95377111901366
6396,29,232,100.34985822097514,-93.23870283522432,44.953771914575846
6397,29,233,87.25916327994562,-93.2383225074587,44.95377270887146
6398,29,234,77.69595548972381,-93.23794217967733,44.95377350190056
6399,29,235,70.83503127281875,-93.23756185188023,44.95377429366307
6400,29,236,74.67055850806966,-93.2371815240674,44.953775084159055
6401,29,237,71.35946132748326,-93.23680119623889,44.95377587338848
6402,29,238,48.76275557119963,-93.23642086839473,44.95377666135135
6403,29,239,36.75577248675565,-93.23604054053493,44.95377744804768
6404,29,240,28.25942460970158,-93.23566021265951,44.95377823347744
6405,29,241,19.764383781206742,-93.23527988476852,44.95377901764067
6406,29,242,17.660454116465427,-93.23489955686196,44.95377980053734
6407,29,243,16.039787532901062,-93.23451922893987,44.95378058216746
6408,29,244,14.419120949336703,-93.23413890100227,44.95378136253103
6409,29,245,12.798454365772342,-93.23375857304917,44.95378214162804
6410,29,246,11.177787782207979,-93.23337824508063,44.953782919458504
6411,29,247,9.557121198643618,-93.23299791709665,44.953783696022406
6412,29,248,7.936454615079256,-93.23261758909727,44.953784471319764
6413,29,249,6.315788031514894,-93.23223726108249,44.95378524535058
6414,29,250,5.661270014117051,-93.23185693305237,44.95378601811482
6415,29,251,6.077896498938571,-93.2314766050069,44.95378678961252
6416,29,252,6.494522983760092,-93.23109627694612,44.95378755984367
6417,29,253,6.911149468581613,-93.23071594887007,44.953788328808265
6418,29,254,7.327775953403133,-93.23033562077876,44.9537890965063
6419,29,255,7.744402438224653,-93.22995529267222,44.95378986293778
6420,29,256,8.161028923046175,-93.22957496455045,44.953790628102716
6421,29,257,8.577655407867695,-93.22919463641352,44.953791392001094
6422,29,258,9.111823169029156,-93.22881430826143,44.953792154632914
6423,29,259,11.38478265108849,-93.2284339800942,44.953792915998186
6424,29,260,13.657742133147822,-93.22805365191186,44.9537936760969
6425,29,261,15.930701615207159,-93.22767332371446,44.953794434929065
6426,29,262,18.203661097266494,-93.22729299550198,44.953795192494674
6427,29,263,20.47662057932583,-93.22691266727448,44.95379594879372
6428,29,264,22.74958006138516,-93.22653233903196,44.95379670382622
6429,29,265,25.0225395434445,-93.22615201077447,44.95379745759217
6430,29,266,27.295499025503833,-93.22577168250203,44.953798210091556
6431,29,267,29.568458507563165,-93.22539135421465,44.95379896132438
6432,29,268,31.841417989622503,-93.22501102591237,44.953799711290664
6433,29,269,33.67101335003448,-93.2246306975952,44.95380045999038
6434,29,270,34.36849918256944,-93.22425036926317,44.95380120742355
6435,29,271,35.065985015104395,-93.22387004091632,44.953801953590165
6436,29,272,35.76347084763935,-93.22348971255467,44.95380269849022
6437,29,273,36.460956680174306,-93.22310938417823,44.95380344212372
6438,29,274,37.15844251270926,-93.22272905578704,44.95380418449067
6439,29,275,37.85592834524421,-93.22234872738112,44.95380492559106
6440,29,276,38.55341417777917,-93.22196839896048,44.953805665424895
6441,29,277,39.250900010314126,-93.22158807052519,44.95380640399217
6442,29,278,39.948385842849085,-93.22120774207522,44.953807141292884
6443,29,279,39.47874236168739,-93.22082741361064,44.953807877327044
6444,29,280,36.87569364871947,-93.22044708513144,44.953808612094655
6445,29,281,34.27264493575154,-93.22006675663766,44.9538093455957
6446,29,282,31.66959622278362,-93.21968642812934,44.95381007783019
6447,29,283,29.066547509815713,-93.21930609960648,44.95381080879813
6448,29,284,19.456758159179273,-93.21892577106912,44.95381153849951
6449,29,285,9.803931641175712,-93.2185454425173,44.95381226693432
6450,29,286,0.1511051231721512,-93.21816511395099,44.953812994102584
6451,29,287,0.0,-93.21778478537028,44.9538137200043
6452,29,288,0.0,-93.21740445677516,44.95381444463944
6453,29,289,0.0,-93.21702412816566,44.953815168008035
6454,29,290,0.05817042663768888,-93.2166437995418,44.953815890110064
6455,29,291,11.292839782469443,-93.21626347090363,44.95381661094554
6456,29,292,28.084910516918594,-93.21588314225114,44.953817330514454
6457,29,293,44.87698125136775,-93.2155028135844,44.953818048816814
6458,29,294,61.6690519858169,-93.21512248490338,44.9538187658526
6459,29,295,78.46112272026605,-93.21474215620813,44.95381948162185
6460,29,296,95.2531934547152,-93.21436182749869,44.95382019612452
6461,29,297,112.04526418916437,-93.21398149877507,44.953820909360644
6462,29,298,128.83733492361353,-93.21360117003732,44.95382162133021
6463,29,299,145.63002133756427,-93.21322084128542,44.95382233203322
6464,29,300,164.37760328808898,-93.21284051251942,44.95382304146966
6465,29,301,185.86742475023692,-93.21246018373935,44.95382374963954
6466,29,302,207.74587327802763,-93.21207985494524,44.95382445654286
6467,29,303,229.62432180581834,-93.2116995261371,44.95382516217964
6468,29,304,252.1078700379797,-93.21131919731494,44.95382586654984
6469,29,305,276.007252957475,-93.21093886847882,44.95382656965349
6470,29,306,301.00104523934175,-93.21055853962875,44.953827271490574
6471,29,307,326.8382700743917,-93.21017821076474,44.9538279720611
6472,30,20,344.19208388620456,-93.3193334228356,44.953844983777586
6473,30,21,336.5472208452041,-93.31895309719556,44.953846046588374
6474,30,22,331.16565932757516,-93.3185727715344,44.95384710813264
6475,30,23,326.1563425985151,-93.31819244585219,44.95384816841038
6476,30,24,321.147025869455,-93.31781212014893,44.95384922742159
6477,30,25,316.1377091403949,-93.31743179442465,44.953850285166276
6478,30,26,311.12839241133486,-93.31705146867938,44.95385134164443
6479,30,27,306.1190756822748,-93.31667114291314,44.95385239685606
6480,30,28,302.2544738775331,-93.31629081712596,44.95385345080115
6481,30,29,301.1446444401737,-93.31591049131787,44.95385450347971
6482,30,30,300.6722620670802,-93.31553016548887,44.95385555489175
6483,30,31,300.19987969398676,-93.315149839639,44.95385660503727
6484,30,32,299.72749732089335,-93.31476951376831,44.953857653916245
6485,30,33,299.2551149477999,-93.3143891878768,44.953858701528695
6486,30,34,298.7827325747064,-93.3140088619645,44.95385974787462
6487,30,35,299.25573448579223,-93.31362853603142,44.953860792953996
6488,30,36,301.2182898871262,-93.3132482100776,44.95386183676687
6489,30,37,303.1812871639926,-93.31286788410307,44.95386287931319
6490,30,38,305.1442844408589,-93.31248755810786,44.953863920592994
6491,30,39,307.10728171772524,-93.31210723209196,44.95386496060626
6492,30,40,309.4604067574684,-93.31172690605544,44.953865999352985
6493,30,41,312.8891189645926,-93.3113465799983,44.95386703683318
6494,30,42,316.3178311717169,-93.31096625392057,44.95386807304687
6495,30,43,319.7465433788412,-93.31058592782226,44.953869107994
6496,30,44,323.1752555859655,-93.31020560170342,44.95387014167461
6497,30,45,326.60396779308974,-93.30982527556407,44.95387117408868
6498,30,46,330.03268000021404,-93.30944494940422,44.95387220523623
6499,30,47,333.4613922073383,-93.30906462322392,44.953873235117236
6500,30,48,336.89010441446254,-93.30868429702316,44.95387426373172
6501,30,49,340.15926558508926,-93.308303970802,44.95387529107967
6502,30,50,343.3639633521721,-93.30792364456046,44.95387631716108
6503,30,208,339.4667266371334,-93.2478318591368,44.95402252898847
6504,30,209,315.84226775160164,-93.24745152997329,44.954023353689
6505,30,210,290.88075892158736,-93.24707120079343,44.95402417712296
6506,30,211,265.91925009157313,-93.24669087159722,44.95402499929036
6507,30,212,240.95774126155888,-93.2463105423847,44.954025820191205
6508,30,213,215.42478330843664,-93.24593021315589,44.9540266398255
6509,30,214,186.92155330053615,-93.24554988391081,44.954027458193224
6510,30,215,158.41832329263568,-93.2451695546495,44.95402827529439
6511,30,216,129.91509328473518,-93.24478922537197,44.954029091128994
6512,30,217,101.41186327683472,-93.24440889607826,44.954029905697034
6513,30,218,72.90863326893424,-93.24402856676838,44.95403071899853
6514,30,219,44.40540326103376,-93.24364823744236,44.95403153103346
6515,30,220,15.902173253133276,-93.24326790810022,44.95403234180182
6516,30,221,0.0,-93.242887578742,44.95403315130362
6517,30,222,14.815240705219065,-93.24250724936772,44.954033959538876
6518,30,223,31.193379813588912,-93.2421269199774,44.954034766507554
6519,30,224,22.363212052385506,-93.24174659057107,44.954035572209676
6520,30,225,0.0,-93.24136626114874,44.954036376645234
6521,30,226,14.335428171562842,-93.24098593171044,44.954037179814236
6522,30,227,43.60911548204715,-93.24060560225622,44.954037981716674
6523,30,228,72.88280279253146,-93.24022527278609,44.954038782352555
6524,30,229,101.69015186245014,-93.23984494330007,44.954039581721865
6525,30,230,130.24301660423362,-93.23946461379818,44.954040379824626
6526,30,231,140.43376908676814,-93.23908428428047,44.95404117666081
6527,30,232,127.34307414573863,-93.23870395474694,44.95404197223044
6528,30,233,114.98978103991412,-93.23832362519761,44.95404276653351
6529,30,234,106.54167391894849,-93.23794329563253,44.95404355957001
6530,30,235,100.76670264100878,-93.23756296605173,44.954044351339945
6531,30,236,103.49888411778811,-93.23718263645519,44.95404514184334
6532,30,237,91.03528861612578,-93.23680230684297,44.954045931080145
6533,30,238,74.6529127587752,-93.2364219772151,44.9540467190504
6534,30,239,65.52749597965887,-93.2360416475716,44.95404750575409
6535,30,240,57.031148102604796,-93.23566131791247,44.95404829119122
6536,30,241,49.312562574023715,-93.23528098823776,44.95404907536179
6537,30,242,47.616646127883,-93.2349006585475,44.95404985826579
6538,30,243,45.99597954431864,-93.2345203288417,44.95405063990322
6539,30,244,44.37531296075427,-93.23413999912039,44.95405142027409
6540,30,245,42.754646377189914,-93.23375966938359,44.9540521993784
6541,30,246,41.13397979362555,-93.23337933963134,44.95405297721615
6542,30,247,39.51331321006119,-93.23299900986365,44.95405375378732
6543,30,248,37.89264662649683,-93.23261868008055,44.95405452909195
6544,30,249,36.27198004293247,-93.23223835028206,44.95405530313
6545,30,250,35.65837691415235,-93.23185802046822,44.95405607590148
6546,30,251,36.07500339897387,-93.23147769063905,44.954056847406406
6547,30,252,36.4916298837954,-93.23109736079456,44.95405761764476
6548,30,253,36.90825636861691,-93.2307170309348,44.95405838661655
6549,30,254,37.32488285343844,-93.23033670105978,44.95405915432178
6550,30,255,37.74150933825995,-93.22995637116952,44.95405992076044
6551,30,256,38.15813582308147,-93.22957604126405,44.95406068593254
6552,30,257,38.574762307903,-93.22919571134341,44.954061449838065
6553,30,258,39.0311186742825,-93.2288153814076,44.954062212477034
6554,30,259,41.29855297836279,-93.22843505145667,44.95406297384943
6555,30,260,43.57151246042212,-93.22805472149062,44.954063733955266
6556,30,261,45.84447194248146,-93.22767439150948,44.95406449279454
6557,30,262,48.1174314245408,-93.2272940615133,44.95406525036722
6558,30,263,50.390390906600125,-93.22691373150208,44.95406600667337
6559,30,264,52.66335038865947,-93.22653340147585,44.95406676171294
6560,30,265,54.9363098707188,-93.22615307143465,44.95406751548593
6561,30,266,57.209269352778136,-93.22577274137848,44.954068267992376
6562,30,267,59.482228834837464,-93.2253924113074,44.95406901923224
6563,30,268,61.755188316896806,-93.2250120812214,44.954069769205546
6564,30,269,63.66290414593819,-93.22463175112051,44.95407051791228
6565,30,270,64.36038997847315,-93.22425142100478,44.95407126535244
6566,30,271,65.0578758110081,-93.2238710908742,44.95407201152604
6567,30,272,65.75536164354305,-93.22349076072884,44.95407275643307
6568,30,273,66.452847476078,-93.22311043056868,44.954073500073534
6569,30,274,67.15033330861297,-93.22273010039378,44.954074242447426
6570,30,275,67.84781914114792,-93.22234977020413,44.954074983554754
6571,30,276,68.54530497368287,-93.22196943999978,44.95407572339552
6572,30,277,69.24279080621784,-93.22158910978077,44.954076461969706
6573,30,278,69.94027663875279,-93.22120877954708,44.95407719927734
6574,30,279,69.36559795738222,-93.22082844929878,44.95407793531839
6575,30,280,66.7625492444143,-93.22044811903586,44.954078670092876
6576,30,281,64.15950053144638,-93.22006778875837,44.95407940360078
6577,30,282,61.556451818478465,-93.21968745846632,44.95408013584213
6578,30,283,57.514213529067646,-93.21930712815976,44.95408086681692
6579,30,284,47.86138701106409,-93.21892679783868,44.95408159652513
6580,30,285,38.208560493060524,-93.21854646750312,44.95408232496677
6581,30,286,28.55573397505696,-93.2181661371531,44.95408305214184
6582,30,287,18.9029074570534,-93.21778580678867,44.95408377805034
6583,30,288,9.250080939049838,-93.21740547640982,44.954084502692275
6584,30,289,0.0,-93.2170251460166,44.95408522606764
6585,30,290,0.0,-93.21664481560903,44.95408594817644
6586,30,291,0.0,-93.21626448518712,44.95408666901865
6587,30,292,3.224774546870969,-93.21588415475094,44.9540873885943
6588,30,293,20.01684528132012,-93.21550382430044,44.954088106903384
6589,30,294,36.80891601576928,-93.2151234938357,44.9540888239459
6590,30,295,53.600986750218425,-93.21474316335676,44.954089539721835
6591,30,296,70.39305748466758,-93.2143628328636,44.95409025423121
6592,30,297,87.18512821911673,-93.21398250235626,44.95409096747402
6593,30,298,103.97719895356589,-93.21360217183476,44.954091679450244
6594,30,299,121.99012732844015,-93.21322184129914,44.95409239015991
6595,30,300,143.4625666480269,-93.21284151074943,44.954093099603
6596,30,301,165.3410151758176,-93.21246118018564,44.9540938077795
6597,30,302,187.21946370360834,-93.21208084960779,44.95409451468945
6598,30,303,209.94214370068147,-93.21170051901592,44.95409522033282
6599,30,304,234.3017909698564,-93.21132018841004,44.95409592470963
6600,30,305,259.8440971077215,-93.21093985779021,44.95409662781985
6601,30,306,286.25265125719216,-93.2105595271564,44.95409732966351
6602,30,307,313.3084836097108,-93.21017919650869,44.9540980302406
6603,30,308,340.8574943460406,-93.20979886584706,44.954098729551106
6604,31,25,345.7165317320391,-93.31743328318895,44.954120341013166
6605,31,26,340.707215002979,-93.31705295566,44.95412139750122
6606,31,27,335.70226005596163,-93.3166726281101,44.95412245272272
6607,31,28,332.16563471416595,-93.31629230053926,44.954123506677696
6608,31,29,331.1409251245117,-93.31591197294749,44.95412455936611
6609,31,30,330.6685427514183,-93.31553164533483,44.95412561078799
6610,31,31,330.1961603783248,-93.31515131770131,44.95412666094333
6611,31,32,329.72377800523134,-93.31477099004694,44.95412770983214
6612,31,33,329.25139563213787,-93.31439066237176,44.9541287574544
6613,31,34,328.7790132590444,-93.31401033467577,44.95412980381011
6614,31,35,329.2003220172326,-93.31363000695904,44.95413084889928
6615,31,36,331.1539983586325,-93.31324967922156,44.95413189272192
6616,31,37,333.1169956354989,-93.31286935146336,44.954132935278004
6617,31,38,335.07999291236524,-93.31248902368446,44.954133976567554
6618,31,39,337.0429901892316,-93.3121086958849,44.95413501659056
6619,31,40,339.27768442974286,-93.3117283680647,44.954136055347014
6620,31,41,342.6925404561046,-93.31134804022389,44.95413709283694
6621,31,42,346.12125266322886,-93.31096771236248,44.95413812906031
6622,31,209,332.4832736385401,-93.24745269053744,44.954293411156414
6623,31,210,307.52176480852586,-93.24707235957386,44.954294234598095
6624,31,211,281.78890751551535,-93.24669202859393,44.9542950567732
6625,31,212,253.28567750761488,-93.24631169759766,44.95429587768172
6626,31,213,224.78244749971438,-93.24593136658514,44.954296697323684
6627,31,214,196.2792174918139,-93.24555103555635,44.954297515699075
6628,31,215,167.7759874839134,-93.2451707045113,44.954298332807895
6629,31,216,139.2727574760129,-93.24479037345004,44.954299148650136
6630,31,217,110.76952746811246,-93.24441004237259,44.954299963225814
6631,31,218,82.26629746021199,-93.24402971127898,44.95430077653491
6632,31,219,53.76306745231149,-93.24364938016923,44.95430158857744
6633,31,220,25.50859352386513,-93.24326904904338,44.95430239935341
6634,31,221,6.472895280791829,-93.24288871790142,44.95430320886279
6635,31,222,0.0,-93.24250838674342,44.954304017105585
6636,31,223,6.058611874598781,-93.24212805556937,44.95430482408183
6637,31,224,11.609678705570937,-93.24174772437931,44.954305629791506
6638,31,225,0.0,-93.24136739317325,44.954306434234596
6639,31,226,20.89677187906588,-93.24098706195123,44.954307237411115
6640,31,227,50.17045918955018,-93.24060673071328,44.954308039321056
6641,31,228,79.44414650003449,-93.24022639945942,44.95430883996443
6642,31,229,108.71783381051883,-93.23984606818968,44.95430963934124
6643,31,230,137.99152112100316,-93.23946573690405,44.95431043745147
6644,31,231,167.26520843148748,-93.2390854056026,44.954311234295126
6645,31,232,154.3362900705021,-93.23870507428533,44.95431202987219
6646,31,233,143.62902618509455,-93.23832474295229,44.95431282418271
6647,31,234,135.3963234891403,-93.23794441160346,44.954313617226624
6648,31,235,130.72970231306184,-93.23756408023893,44.954314409003985
6649,31,236,132.847076442606,-93.23718374885867,44.95431519951477
6650,31,237,115.25048731304375,-93.23680341746272,44.95431598875897
6651,31,238,102.80227835919806,-93.2364230860511,44.95431677673661
6652,31,239,94.29921947256209,-93.23604275462388,44.95431756344765
6653,31,240,85.802871595508,-93.23566242318101,44.95431834889213
6654,31,241,79.20117921459996,-93.23528209172258,44.95431913307005
6655,31,242,77.57283813930057,-93.23490176024858,44.95431991598138
6656,31,243,75.95217155573621,-93.23452142875904,44.95432069762614
6657,31,244,74.33150497217184,-93.234141097254,44.95432147800432
6658,31,245,72.71083838860748,-93.23376076573348,44.95432225711592
6659,31,246,71.09017180504313,-93.23338043419747,44.95432303496095
6660,31,247,69.46950522147877,-93.23300010264606,44.9543238115394
6661,31,248,67.8488386379144,-93.23261977107923,44.95432458685127
6662,31,249,66.22817205435004,-93.23223943949701,44.954325360896576
6663,31,250,65.65548381418763,-93.23185910789942,44.954326133675295
6664,31,251,66.07211029900915,-93.23147877628652,44.95432690518744
6665,31,252,66.48873678383067,-93.2310984446583,44.954327675433014
6666,31,253,66.9053632686522,-93.23071811301479,44.954328444412
6667,31,254,67.32198975347372,-93.23033778135604,44.95432921212442
6668,31,255,67.73861623829524,-93.22995744968203,44.954329978570264
6669,31,256,68.15524272311676,-93.22957711799283,44.954330743749516
6670,31,257,68.57186920793828,-93.22919678628845,44.95433150766221
6671,31,258,69.00158613198543,-93.2288164545689,44.954332270308306
6672,31,259,71.2123233056371,-93.22843612283422,44.95433303168784
6673,31,260,73.48528278769642,-93.22805579108444,44.954333791800785
6674,31,261,75.75824226975577,-93.22767545931957,44.95433455064716
6675,31,262,78.0312017518151,-93.22729512753965,44.95433530822696
6676,31,263,80.30416123387445,-93.22691479574469,44.95433606454017
6677,31,264,82.57712071593379,-93.22653446393473,44.954336819586814
6678,31,265,84.85008019799311,-93.22615413210978,44.95433757336687
6679,31,266,87.12303968005244,-93.22577380026988,44.95433832588034
6680,31,267,89.39599916211179,-93.22539346841505,44.95433907712725
6681,31,268,91.66895864417111,-93.2250131365453,44.954339827107574
6682,31,269,93.6547949418419,-93.22463280466067,44.95434057582132
6683,31,270,94.35228077437684,-93.22425247276121,44.95434132326848
6684,31,271,95.0497666069118,-93.2238721408469,44.954342069449076
6685,31,272,95.74725243944675,-93.22349180891777,44.95434281436308
6686,31,273,96.4447382719817,-93.22311147697388,44.9543435580105
6687,31,274,97.14222410451667,-93.22273114501523,44.95434430039135
6688,31,275,97.83970993705162,-93.22235081304186,44.95434504150561
6689,31,276,98.53719576958659,-93.22197048105376,44.9543457813533
6690,31,277,99.23468160212154,-93.221590149051,44.954346519934404
6691,31,278,99.93216743465648,-93.22120981703357,44.95434725724893
6692,31,279,99.25245355307706,-93.22082948500152,44.95434799329689
6693,31,280,96.64940484010914,-93.22044915295487,44.954348728078244
6694,31,281,94.04635612714122,-93.22006882089363,44.95434946159304
6695,31,282,91.44330741417332,-93.21968848881784,44.95435019384124
6696,31,283,85.91884238095247,-93.21930815672752,44.95435092482287
6697,31,284,76.26601586294889,-93.2189278246227,44.95435165453791
6698,31,285,66.61318934494534,-93.2185474925034,44.954352382986364
6699,31,286,56.960362826941775,-93.21816716036965,44.95435311016825
6700,31,287,47.30753630893822,-93.21778682822145,44.95435383608354
6701,31,288,37.27699803051971,-93.21740649605887,44.95435456073226
6702,31,289,22.859849792044436,-93.21702616388191,44.954355284114406
6703,31,290,8.442701553569172,-93.21664583169058,44.95435600622995
6704,31,291,0.0,-93.21626549948493,44.95435672707893
6705,31,292,0.0,-93.21588516726499,44.95435744666132
6706,31,293,0.0,-93.21550483503076,44.95435816497713
6707,31,294,11.948780045721639,-93.21512450278229,44.95435888202635
6708,31,295,28.740850780170796,-93.21474417051958,44.954359597809
6709,31,296,45.53292151461995,-93.21436383824268,44.95436031232506
6710,31,297,62.3249922490691,-93.21398350595159,44.954361025574535
6711,31,298,79.64412011242086,-93.21360317364633,44.95436173755743
6712,31,299,101.0577085458169,-93.21322284132698,44.954362448273734
6713,31,300,122.9361570736076,-93.21284250899352,44.95436315772348
6714,31,301,144.8146056013983,-93.21246217664597,44.95436386590662
6715,31,302,167.90779990276897,-93.21208184428438,44.95436457282319
6716,31,303,192.91100232551022,-93.21170151190876,44.95436527847316
6717,31,304,219.1718055961526,-93.21132117951915,44.95436598285657
6718,31,305,246.28825777596953,-93.21094084711554,44.954366685973376
6719,31,306,274.0064442095607,-93.210560514698,44.954367387823616
6720,31,307,302.16081317472623,-93.21018018226653,44.95436808840725
6721,31,308,330.6399591223912,-93.20979984982115,44.95436878772431
6722,32,209,348.15303172259405,-93.24745385111795,44.95456346861098
6723,32,210,319.6498017146936,-93.24707351837061,44.95456429206036
6724,32,211,291.1465717067931,-93.24669318560693,44.95456511424317
6725,32,212,262.6433416988926,-93.24631285282693,44.95456593515939
6726,32,213,234.14011169099211,-93.24593252003065,44.954566754809015
6727,32,214,205.63688168309164,-93.2455521872181,44.95456757319207
6728,32,215,177.13365167519115,-93.2451718543893,44.954568390308545
6729,32,216,148.6304216672907,-93.24479152154429,44.954569206158425
6730,32,217,120.19323660859939,-93.2444111886831,44.95457002074172
6731,32,218,92.59022264240697,-93.24403085580573,44.95457083405844
6732,32,219,67.07819713953431,-93.24365052291225,44.954571646108576
6733,32,220,47.180713580974626,-93.24327019000263,44.95457245689213
6734,32,221,32.80462656066613,-93.24288985707692,44.954573266409085
6735,32,222,18.42965081096521,-93.24250952413516,44.95457407465947
6736,32,223,4.054675061264287,-93.24212919117736,44.95457488164327
6737,32,224,0.0,-93.24174885820354,44.95457568736048
6738,32,225,4.87980780039381,-93.24136852521373,44.9545764918111
6739,32,226,27.458115586568912,-93.24098819220795,44.95457729499515
6740,32,227,56.731802897053214,-93.24060785918624,44.954578096912606
6741,32,228,86.00549020753753,-93.24022752614863,44.95457889756347
6742,32,229,115.27917751802187,-93.23984719309512,44.954579696947754
6743,32,230,144.55286482850616,-93.23946686002576,44.95458049506546
6744,32,231,173.82655213899048,-93.23908652694055,44.95458129191656
6745,32,232,181.7387746097458,-93.23870619383953,44.954582087501095
6746,32,233,172.47474461431923,-93.23832586072272,44.954582881819036
6747,32,234,164.52504709039349,-93.23794552759014,44.95458367487039
6748,32,235,160.70650818365147,-93.23756519444184,44.95458446665516
6749,32,236,156.81929813775733,-93.23718486127784,44.95458525717334
6750,32,237,141.6965979773925,-93.23680452809813,44.95458604642495
6751,32,238,131.56729084251938,-93.23642419490275,44.95458683440995
6752,32,239,123.0709429654653,-93.23604386169175,44.954587621128375
6753,32,240,114.57459508841123,-93.23566352846515,44.954588406580214
6754,32,241,109.1496967342825,-93.23528319522296,44.95458919076547
6755,32,242,107.52903015071814,-93.2349028619652,44.95458997368412
6756,32,243,105.90836356715377,-93.2345225286919,44.95459075533619
6757,32,244,104.28769698358943,-93.2341421954031,44.95459153572168
6758,32,245,102.66703040002506,-93.23376186209882,44.95459231484058
6759,32,246,101.0463638164607,-93.23338152877906,44.95459309269289
6760,32,247,99.42569723289633,-93.23300119544388,44.95459386927861
6761,32,248,97.80503064933198,-93.23262086209328,44.95459464459775
6762,32,249,96.18436406576761,-93.2322405287273,44.9545954186503
6763,32,250,95.65259071422292,-93.23186019534597,44.95459619143626
6764,32,251,96.06921719904446,-93.2314798619493,44.95459696295563
6765,32,252,96.48584368386598,-93.23109952853731,44.95459773320841
6766,32,253,96.90247016868749,-93.23071919511004,44.9545985021946
6767,32,254,97.319096653509,-93.23033886166752,44.954599269914205
6768,32,255,97.73572313833054,-93.22995852820976,44.954600036367225
6769,32,256,98.15234962315205,-93.2295781947368,44.954600801553646
6770,32,257,98.56897610797357,-93.22919786124865,44.95460156547348
6771,32,258,98.98994672437038,-93.22881752774533,44.954602328126725
6772,32,259,101.1260936329114,-93.2284371942269,44.9546030895134
6773,32,260,103.39905311497074,-93.22805686069336,44.95460384963346
6774,32,261,105.67201259703008,-93.22767652714472,44.954604608486946
6775,32,262,107.94497207908942,-93.22729619358104,44.954605366073814
6776,32,263,110.21793156114875,-93.22691586000231,44.95460612239412
6777,32,264,112.49089104320808,-93.22653552640858,44.95460687744784
6778,32,265,114.76385052526743,-93.22615519279987,44.95460763123494
6779,32,266,117.03681000732675,-93.2257748591762,44.95460838375547
6780,32,267,119.30976948938608,-93.2253945255376,44.954609135009406
6781,32,268,121.58272897144543,-93.22501419188409,44.95460988499675
6782,32,269,123.6466857377456,-93.22463385821571,44.9546106337175
6783,32,270,124.34417157028057,-93.22425352453246,44.954611381171674
6784,32,271,125.04165740281552,-93.22387319083438,44.95461212735925
6785,32,272,125.73914323535048,-93.2234928571215,44.95461287228023
6786,32,273,126.43662906788542,-93.22311252339384,44.95461361593462
6787,32,274,127.13411490042037,-93.22273218965142,44.95461435832242
6788,32,275,127.83160073295534,-93.22235185589427,44.95461509944363
6789,32,276,128.5290865654903,-93.22197152212243,44.954615839298235
6790,32,277,129.22657239802524,-93.22159118833589,44.954616577886256
6791,32,278,129.9240582305602,-93.22121085453469,44.95461731520769
6792,32,279,129.1393091487719,-93.22083052071888,44.95461805126253
6793,32,280,126.53626043580398,-93.22045018688846,44.95461878605077
6794,32,281,123.93321172283606,-93.22006985304346,44.954619519572425
6795,32,282,121.33016300986814,-93.21968951918389,44.954620251827485
6796,32,283,114.32347123283726,-93.2193091853098,44.95462098281596
6797,32,284,104.67064471483371,-93.21892885142121,44.95462171253783
6798,32,285,95.01781819683015,-93.21854851751814,44.95462244099311
6799,32,286,85.3649916788266,-93.21816818360061,44.9546231681818
6800,32,287,75.71216516082302,-93.21778784966867,44.954623894103904
6801,32,288,63.585662699594586,-93.2174075157223,44.954624618759404
6802,32,289,49.16851446111932,-93.21702718176157,44.95462534214832
6803,32,290,34.75136622264406,-93.21664684778646,44.95462606427064
6804,32,291,20.33421798416879,-93.21626651379705,44.95462678512635
6805,32,292,5.824400867931725,-93.21588617979333,44.95462750471548
6806,32,293,0.0,-93.21550584577533,44.95462822303801
6807,32,294,0.0,-93.21512551174308,44.95462894009396
6808,32,295,3.880714810123153,-93.2147451776966,44.9546296558833
6809,32,296,20.672785544572307,-93.21436484363592,44.95463037040605
6810,32,297,37.48040249723051,-93.21398450956106,44.95463108366221
6811,32,298,58.65285044360687,-93.21360417547204,44.95463179565178
6812,32,299,80.53129897139759,-93.21322384136892,44.95463250637474
6813,32,300,102.41449743417347,-93.21284350725168,44.954633215831116
6814,32,301,126.13625503692039,-93.21246317312036,44.95463392402089
6815,32,302,152.0920128895128,-93.212082838975,44.95463463094407
6816,32,303,179.31426584304,-93.21170250481559,44.95463533660066
6817,32,304,207.30468273744597,-93.2113221706422,44.95463604099066
6818,32,305,235.78985778637264,-93.21094183645484,44.95463674411405
6819,32,306,264.610057603566,-93.21056150225351,44.95463744597085
6820,32,307,293.6666615995204,-93.21018116803826,44.95463814656106
6821,32,308,322.89585578797994,-93.20980083380911,44.95463884588467
6822,33,210,329.0074659059713,-93.24707467718372,44.9548343495098
6823,33,211,300.5042358980708,-93.24669434263625,44.9548351717003
6824,33,212,272.00100589017035,-93.24631400807249,44.954835992624204
6825,33,213,243.49777588226985,-93.24593367349242,44.95483681228151
6826,33,214,215.0398565599776,-93.24555333889609,44.95483763067222
6827,33,215,186.9991313131039,-93.24517300428353,44.95483844779635
6828,33,216,159.6721964349937,-93.24479266965474,44.95483926365387
6829,33,217,133.49811053679727,-93.24441233500977,44.95484007824479
6830,33,218,109.30819145615155,-93.24403200034862,44.954840891569134
6831,33,219,88.74015957803105,-93.24365166567135,44.95484170362686
6832,33,220,73.51133359024135,-93.24327133097796,44.95484251441801
6833,33,221,59.13635784054043,-93.24289099626849,44.954843323942555
6834,33,222,44.761382090839504,-93.24251066154294,44.9548441322005
6835,33,223,30.38640634113858,-93.24213032680136,44.95484493919185
6836,33,224,26.540132707787535,-93.24174999204375,44.95484574491661
6837,33,225,33.9502438602221,-93.24136965727017,44.954846549374764
6838,33,226,44.77293760492709,-93.24098932248062,44.95484735256633
6839,33,227,67.18918832083958,-93.24060898767515,44.95484815449129
6840,33,228,93.93699011918466,-93.24022865285373,44.95484895514966
6841,33,229,122.204456539401,-93.23984831801644,44.954849754541435
6842,33,230,151.14132553186406,-93.2394679831633,44.954850552666606
6843,33,231,180.3878958464935,-93.23908764829432,44.95485134952518
6844,33,232,209.66158315697783,-93.2387073134095,44.95485214511716
6845,33,233,201.32046304354395,-93.23832697850892,44.95485293944254
6846,33,234,193.9196169184966,-93.23794664359257,44.95485373250132
6847,33,235,190.69060930812066,-93.23756630866048,44.9548545242935
6848,33,236,182.17448592185337,-93.23718597371268,44.95485531481909
6849,33,237,169.33155916969386,-93.23680563874919,44.95485610407808
6850,33,238,160.3390143354226,-93.23642530377005,44.95485689207046
6851,33,239,151.8426664583685,-93.23604496877526,44.95485767879625
6852,33,240,143.44954221017278,-93.23566463376487,44.95485846425544
6853,33,241,139.10588874570007,-93.23528429873889,44.95485924844804
6854,33,242,137.4852221621357,-93.23490396369735,44.954860031374025
6855,33,243,135.86455557857133,-93.23452362864028,44.95486081303342
6856,33,244,134.24388899500698,-93.23414329356767,44.954861593426216
6857,33,245,132.6232224114426,-93.2337629584796,44.9548623725524
6858,33,246,131.00255582787824,-93.23338262337607,44.954863150411995
6859,33,247,129.38188924431387,-93.2330022882571,44.95486392700499
6860,33,248,127.76122266074954,-93.23262195312272,44.95486470233139
6861,33,249,126.14055607718517,-93.23224161797296,44.95486547639118
6862,33,250,125.64969761425823,-93.23186128280783,44.95486624918438
6863,33,251,126.06632409907975,-93.23148094762738,44.954867020710985
6864,33,252,126.48295058390127,-93.2311006124316,44.95486779097097
6865,33,253,126.89957706872278,-93.23072027722056,44.95486855996436
6866,33,254,127.31620355354431,-93.23033994199423,44.95486932769115
6867,33,255,127.73283003836583,-93.2299596067527,44.954870094151346
6868,33,256,128.14945652318735,-93.22957927149594,44.95487085934493
6869,33,257,128.56608300800886,-93.22919893622401,44.95487162327192
6870,33,258,128.9837207412531,-93.22881860093692,44.95487238593231
6871,33,259,131.0398639601857,-93.22843826563468,44.954873147326104
6872,33,260,133.31282344224502,-93.22805793031735,44.95487390745329
6873,33,261,135.58578292430434,-93.22767759498493,44.95487466631387
6874,33,262,137.8587424063637,-93.22729725963744,44.95487542390786
6875,33,263,140.13170188842304,-93.22691692427493,44.95487618023524
6876,33,264,142.40466137048236,-93.22653658889742,44.95487693529602
6877,33,265,144.6776208525417,-93.22615625350493,44.95487768909019
6878,33,266,146.95058033460103,-93.22577591809745,44.954878441617765
6879,33,267,149.22353981666038,-93.22539558267508,44.95487919287873
6880,33,268,151.4964992987197,-93.22501524723776,44.9548799428731
6881,33,269,153.6385765336493,-93.2246349117856,44.95488069160086
6882,33,270,154.33606236618428,-93.22425457631854,44.95488143906203
6883,33,271,155.03354819871922,-93.2238742408367,44.95488218525659
6884,33,272,155.73103403125418,-93.22349390534002,44.95488293018454
6885,33,273,156.42851986378915,-93.22311356982856,44.95488367384589
6886,33,274,157.12600569632406,-93.22273323430235,44.95488441624065
6887,33,275,157.82349152885902,-93.22235289876141,44.95488515736879
6888,33,276,158.520977361394,-93.22197256320575,44.954885897230334
6889,33,277,159.21846319392895,-93.22159222763543,44.95488663582527
6890,33,278,159.9159490264639,-93.22121189205045,44.954887373153596
6891,33,279,159.02616474446674,-93.22083155645083,44.95488810921533
6892,33,280,156.4231160314988,-93.22045122083662,44.95488884401047
6893,33,281,153.8200673185309,-93.22007088520782,44.954889577538985
6894,33,282,151.217018605563,-93.21969054956446,44.9548903098009
6895,33,283,142.7281000847221,-93.21931021390658,44.95489104079621
6896,33,284,133.07527356671852,-93.21892987823419,44.95489177052493
6897,33,285,123.42244704871496,-93.21854954254732,44.95489249898703
6898,33,286,113.76962053071139,-93.218169206846,44.954893226182534
6899,33,287,104.11679401270784,-93.21778887113027,44.95489395211142
6900,33,288,89.8943273686695,-93.21740853540011,44.95489467677371
6901,33,289,75.47717913019423,-93.21702819965557,44.95489540016939
6902,33,290,61.06003089171896,-93.21664786389668,44.954896122298464
6903,33,291,46.642882653243696,-93.21626752812347,44.95489684316094
6904,33,292,30.280836226872868,-93.21588719233596,44.95489756275681
6905,33,293,12.906062284920894,-93.21550685653416,44.95489828108607
6906,33,294,0.0,-93.2151265207181,44.95489899814873
6907,33,295,0.0,-93.21474618488783,44.95489971394477
6908,33,296,0.0,-93.21436584904335,44.95490042847421
6909,33,297,16.247992341396852,-93.2139855131847,44.954901141737054
6910,33,298,38.12644086918757,-93.21360517731189,44.954901853733276
6911,33,299,60.050435895545675,-93.21322484142495,44.954902564462905
6912,33,300,85.01576560432625,-93.21284450552392,44.95490327392592
6913,33,301,112.4691333270353,-93.2124641696088,44.95490398212232
6914,33,302,140.9642915825818,-93.21208383367963,44.95490468905213
6915,33,303,169.97810756513275,-93.21170349773644,44.954905394715325
6916,33,304,199.2841754918552,-93.21132316177923,44.954906099111916
6917,33,305,228.77020818173253,-93.21094282580808,44.954906802241894
6918,33,306,258.37459956729094,-93.21056248982295,44.95490750410527
6919,33,307,288.06086032573506,-93.2101821538239,44.954908204702036
6920,33,308,317.8060490324993,-93.20980181781094,44.954908904032195
6921,34,210,338.36513009724905,-93.24707583601317,44.95510440694637
6922,34,211,309.8997671703235,-93.2466954996819,44.95510522914457
6923,34,212,281.71688074153536,-93.24631516333433,44.955106050076154
6924,34,213,253.95065681596532,-93.24593482697047,44.95510686974115
6925,34,214,226.7542090012442,-93.24555449059034,44.95510768813953
6926,34,215,200.35969280845802,-93.24517415419396,44.955108505271305
6927,34,216,175.13007081829036,-93.24479381778139,44.95510932113646
6928,34,217,151.64787142370028,-93.2444134813526,44.955110135735026
6929,34,218,130.85722031993063,-93.24403314490766,44.95511094906697
6930,34,219,114.21804061981656,-93.24365280844658,44.95511176113231
6931,34,220,99.84306487011563,-93.24327247196939,44.95511257193104
6932,34,221,85.46808912041472,-93.24289213547611,44.955113381463164
6933,34,222,71.09311337071381,-93.24251179896676,44.95511418972868
6934,34,223,57.55806769587337,-93.24213146244138,44.95511499672759
6935,34,224,55.66182671758474,-93.24175112589997,44.955115802459886
6936,34,225,63.02067992005039,-93.24137078934258,44.95511660692558
6937,34,226,71.10032640212387,-93.24099045276922,44.955117410124664
6938,34,227,86.97716654345038,-93.24061011617994,44.95511821205714
6939,34,228,108.97154943087509,-93.24022977957472,44.95511901272299
6940,34,229,134.10656087904204,-93.23984944295363,44.955119812122255
6941,34,230,160.91718601890463,-93.23946910631668,44.9551206102549
6942,34,231,188.69051868517747,-93.23908876966388,44.95512140712095
6943,34,232,217.05732636130912,-93.23870843299527,44.95512220272036
6944,34,233,230.1661814727686,-93.23832809631088,44.95512299705318
6945,34,234,223.4751541705179,-93.23794775961072,44.95512379011939
6946,34,235,220.67903204433037,-93.23756742289481,44.95512458191899
6947,34,236,208.76492610916304,-93.23718708616322,44.95512537245197
6948,34,237,197.65734993496267,-93.23680674941592,44.955126161718354
6949,34,238,189.1107378283258,-93.23642641265296,44.95512694971812
6950,34,239,180.61438995127173,-93.23604607587437,44.955127736451274
6951,34,240,172.6814093111193,-93.23566573908018,44.95512852191782
6952,34,241,169.06208075711763,-93.23528540227038,44.955129306117755
6953,34,242,167.44141417355326,-93.23490506544503,44.95513008905108
6954,34,243,165.8207475899889,-93.23452472860414,44.955130870717795
6955,34,244,164.20008100642454,-93.23414439174773,44.95513165111789
6956,34,245,162.57941442286017,-93.23376405487586,44.95513243025138
6957,34,246,160.95874783929582,-93.23338371798852,44.95513320811826
6958,34,247,159.33808125573148,-93.23300338108574,44.95513398471853
6959,34,248,157.7174146721671,-93.23262304416754,44.955134760052175
6960,34,249,156.09674808860274,-93.23224270723397,44.95513553411923
6961,34,250,155.64680451429354,-93.23186237028503,44.955136306919655
6962,34,251,156.06343099911507,-93.23148203332076,44.955137078453475
6963,34,252,156.48005748393658,-93.23110169634118,44.95513784872068
6964,34,253,156.89668396875808,-93.23072135934632,44.95513861772127
6965,34,254,157.31331045357962,-93.23034102233619,44.95513938545526
6966,34,255,157.72993693840115,-93.22996068531084,44.95514015192262
6967,34,256,158.14656342322266,-93.22958034827028,44.95514091712337
6968,34,257,158.5631899080442,-93.22920001121453,44.955141681057526
6969,34,258,158.97984425713042,-93.22881967414362,44.955142443725045
6970,34,259,160.95363428745998,-93.22843933705757,44.95514320512597
6971,34,260,163.22659376951933,-93.22805899995643,44.95514396526026
6972,34,261,165.49955325157867,-93.22767866284019,44.955144724127955
6973,34,262,167.772512733638,-93.22729832570889,44.95514548172903
6974,34,263,170.04547221569732,-93.22691798856256,44.9551462380635
6975,34,264,172.31843169775664,-93.22653765140123,44.95514699313134
6976,34,265,174.59139117981601,-93.22615731422492,44.955147746932575
6977,34,266,176.86435066187533,-93.22577697703365,44.9551484994672
6978,34,267,179.13731014393466,-93.22539663982744,44.9551492507352
6979,34,268,181.410269625994,-93.22501630260632,44.955150000736595
6980,34,269,183.630467329553,-93.22463596537033,44.955150749471365
6981,34,270,184.32795316208797,-93.22425562811948,44.95515149693953
6982,34,271,185.02543899462293,-93.2238752908538,44.95515224314107
6983,34,272,185.72292482715787,-93.22349495357331,44.95515298807601
6984,34,273,186.42041065969283,-93.22311461627802,44.955153731744325
6985,34,274,187.1178964922278,-93.222734278968,44.95515447414602
6986,34,275,187.81538232476274,-93.22235394164325,44.95515521528111
6987,34,276,188.5128681572977,-93.22197360430378,44.95515595514958
6988,34,277,189.21035398983267,-93.22159326694964,44.955156693751434
6989,34,278,189.90783982236763,-93.22121292958083,44.95515743108667
6990,34,279,188.91302034016158,-93.2208325921974,44.9551581671553
6991,34,280,186.30997162719368,-93.22045225479935,44.9551589019573
6992,34,281,183.70692291422574,-93.22007191738675,44.9551596354927
6993,34,282,180.78555545461046,-93.21969157995957,44.955160367761465
6994,34,283,171.1327289366069,-93.21931124251786,44.955161098763625
6995,34,284,161.47990241860333,-93.21893090506167,44.955161828499165
6996,34,285,151.82707590059977,-93.21855056759097,44.95516255696809
6997,34,286,142.1742493825962,-93.21817023010584,44.955163284170396
6998,34,287,130.62014027621964,-93.21778989260626,44.95516401010609
6999,34,288,116.20299203774438,-93.21740955509229,44.95516473477516
7000,34,289,101.78584379926912,-93.21702921756393,44.95516545817762
7001,34,290,87.36869556079385,-93.21664888002122,44.95516618031346
7002,34,291,72.11204552776599,-93.21626854246419,44.95516690118268
7003,34,292,54.737271585814,-93.21588820489285,44.95516762078529
7004,34,293,37.362497643862035,-93.21550786730724,44.95516833912127
7005,34,294,19.98772370191006,-93.21512752970736,44.95516905619064
7006,34,295,2.612949759958085,-93.21474719209326,44.95516977199339
7007,34,296,0.0,-93.21436685446496,44.95517048652952
7008,34,297,0.0,-93.21398651682247,44.95517119979904
7009,34,298,17.98278114741313,-93.21360617916585,44.95517191180193
7010,34,299,46.314209135431184,-93.21322584149509,44.955172622538214
7011,34,300,75.93834023657061,-93.21284550381023,44.95517333200787
7012,34,301,105.77455775341186,-93.21246516611129,44.95517404021091
7013,34,302,135.6830225856373,-93.21208482839829,44.95517474714733
7014,34,303,165.62460012938675,-93.21170449067127,44.95517545281714
7015,34,304,195.58408349879588,-93.21132415293025,44.955176157220315
7016,34,305,225.55433772842557,-93.21094381517526,44.955176860356886
7017,34,306,255.53157303580582,-93.21056347740631,44.95517756222682
7018,34,307,285.5135905140035,-93.21018313962344,44.95517826283015
7019,34,308,315.49902681029425,-93.20980280182665,44.95517896216687
7020,35,210,348.5493679238928,-93.24707699485894,44.95537446437012
7021,35,211,320.9566903534882,-93.24669665674386,44.95537528657601
7022,35,212,293.8362337853939,-93.24631631861246,44.955376107515285
7023,35,213,267.3317554794125,-93.24593598046476,44.95537692718794
7024,35,214,241.64602767317348,-93.24555564230081,44.955377745593985
7025,35,215,217.0698917232509,-93.24517530412061,44.95537856273341
7026,35,216,194.02544445320464,-93.2447949659242,44.9553793786062
7027,35,217,173.12541205086941,-93.2444146277116,44.95538019321239
7028,35,218,155.2383441689039,-93.24403428948283,44.95538100655196
7029,35,219,140.54977189969085,-93.24365395123792,44.95538181862491
7030,35,220,126.17479614998993,-93.24327361297689,44.95538262943123
7031,35,221,111.79982040028902,-93.2428932746998,44.955383438970934
7032,35,222,97.4248446505881,-93.2425129364066,44.95538424724402
7033,35,223,86.49608127402907,-93.24213259809738,44.955385054250485
7034,35,224,85.24599622515494,-93.24175225977217,44.95538585999032
7035,35,225,92.09111597987868,-93.24137192143094,44.955386664463546
7036,35,226,99.52837227244505,-93.24099158307376,44.95538746767016
7037,35,227,111.42561632156657,-93.24061124470063,44.95538826961013
7038,35,228,129.32686904924094,-93.2402309063116,44.955389070283495
7039,35,229,151.11323616254822,-93.23985056790667,44.95538986969023
7040,35,230,175.3424684124089,-93.23947022948589,44.95539066783036
7041,35,231,201.13366777940277,-93.23908989104926,44.95539146470386
7042,35,232,227.9572841561193,-93.23870955259682,44.95539226031073
7043,35,233,255.48834510652785,-93.23832921412858,44.95539305465098
7044,35,234,253.1352824820298,-93.2379488756446,44.95539384772462
7045,35,235,249.18349025545226,-93.23756853714488,44.95539463953163
7046,35,236,236.1737610866987,-93.23718819862944,44.95539543007203
7047,35,237,226.37880919828308,-93.23680786009831,44.955396219345786
7048,35,238,217.88246132122904,-93.23642752155152,44.95539700735293
7049,35,239,209.38611344417495,-93.2360471829891,44.955397794093464
7050,35,240,202.1384849132903,-93.23566684441106,44.95539857956736
7051,35,241,199.01827276853518,-93.23528650581744,44.95539936377463
7052,35,242,197.39760618497084,-93.23490616720825,44.955400146715284
7053,35,243,195.77693960140647,-93.23452582858353,44.95540092838932
7054,35,244,194.15627301784212,-93.2341454899433,44.95540170879672
7055,35,245,192.53560643427775,-93.23376515128759,44.95540248793752
7056,35,246,190.9149398507134,-93.2333848126164,44.955403265811675
7057,35,247,189.29427326714904,-93.23300447392978,44.95540404241921
7058,35,248,187.67360668358467,-93.23262413522775,44.95540481776013
7059,35,249,186.0529401000203,-93.23224379651035,44.95540559183441
7060,35,250,185.64391141432884,-93.23186345777756,44.95540636464208
7061,35,251,186.06053789915035,-93.23148311902946,44.955407136183126
7062,35,252,186.47716438397188,-93.23110278026606,44.955407906457545
7063,35,253,186.89379086879342,-93.23072244148734,44.95540867546535
7064,35,254,187.3104173536149,-93.23034210269338,44.95540944320651
7065,35,255,187.72704383843643,-93.22996176388419,44.955410209681055
7066,35,256,188.14367032325796,-93.22958142505979,44.95541097488898
7067,35,257,188.56029680807947,-93.2292010862202,44.95541173883027
7068,35,258,188.976923292901,-93.22882074736545,44.955412501504945
7069,35,259,190.8674046147343,-93.22844040849557,44.95541326291299
7070,35,260,193.14036409679363,-93.22806006961058,44.95541402305441
7071,35,261,195.41332357885295,-93.2276797307105,44.95541478192921
7072,35,262,197.68628306091227,-93.22729939179538,44.95541553953738
7073,35,263,199.95924254297165,-93.2269190528652,44.95541629587892
7074,35,264,202.23220202503097,-93.22653871392004,44.95541705095384
7075,35,265,204.50516150709035,-93.22615837495988,44.95541780476213
7076,35,266,206.77812098914967,-93.22577803598476,44.95541855730379
7077,35,267,209.051080471209,-93.2253976969947,44.95541930857884
7078,35,268,211.32403995326834,-93.22501735798977,44.95542005858725
7079,35,269,213.59699943532766,-93.22463701896993,44.95542080732904
7080,35,270,214.31984395799165,-93.22425667993522,44.9554215548042
7081,35,271,215.01732979052662,-93.22387634088571,44.955422301012725
7082,35,272,215.71481562306158,-93.22349600182137,44.95542304595463
7083,35,273,216.41230145559652,-93.22311566274226,44.95542378962992
7084,35,274,217.10978728813149,-93.2227353236484,44.95542453203856
7085,35,275,217.80727312066645,-93.22235498453978,44.955425273180595
7086,35,276,218.50475895320136,-93.22197464541647,44.955426013055984
7087,35,277,219.20224478573633,-93.22159430627849,44.95542675166477
7088,35,278,219.8997306182713,-93.22121396712585,44.95542748900691
7089,35,279,218.79987593585645,-93.22083362795857,44.955428225082414
7090,35,280,216.19682722288852,-93.22045328877668,44.95542895989131
7091,35,281,213.5937785099206,-93.22007294958021,44.95542969343357
7092,35,282,209.1901843064953,-93.2196926103692,44.955430425709196
7093,35,283,199.5373577884917,-93.21931227114365,44.9554311567182
7094,35,284,189.88453127048814,-93.2189319319036,44.95543188646057
7095,35,285,180.23170475248457,-93.21855159264908,44.95543261493632
7096,35,286,170.57887823448104,-93.21817125338008,44.95543334214544
7097,35,287,156.92880494529453,-93.21779091409667,44.955434068087925
7098,35,288,142.51165670681925,-93.21741057479885,44.95543479276379
7099,35,289,128.094508468344,-93.21703023548665,44.95543551617301
7100,35,290,113.67736022986873,-93.21664989616009,44.95543623831562
7101,35,291,96.56848088670712,-93.21626955681921,44.95543695919159
7102,35,292,79.19370694475515,-93.21588921746402,44.95543767880092
7103,35,293,61.81893300280317,-93.21550887809457,44.95543839714364
7104,35,294,44.444159060851206,-93.21512853871084,44.95543911421972
7105,35,295,27.069385118899223,-93.2147481993129,44.95543983002918
7106,35,296,9.694611176947253,-93.21436785990073,44.955440544572
7107,35,297,0.44796216700331654,-93.2139875204744,44.955441257848186
7108,35,298,24.298240903590745,-93.21360718103394,44.95544196985775
7109,35,299,49.839312640082376,-93.21322684157933,44.95544268060069
7110,35,300,78.13822774084767,-93.21284650211062,44.955443390076994
7111,35,301,107.36483681599519,-93.21246616262782,44.955444098286655
7112,35,302,136.9263807108403,-93.21208582313098,44.9554448052297
7113,35,303,166.6447097408576,-93.21170548362011,44.95544551090611
7114,35,304,196.4486824457201,-93.21132514409524,44.955446215315895
7115,35,305,226.30446390803712,-93.2109448045564,44.955446918459046
7116,35,306,256.19394203366477,-93.2105644650036,44.95544762033556
7117,35,307,286.106556172335,-93.21018412543687,44.95544832094544
7118,35,308,316.03573695839873,-93.20980378585625,44.9554490202887
7119,36,211,334.34791531144486,-93.24669781382214,44.95564534399459
7120,36,212,308.4073015925999,-93.24631747390688,44.95564616494155
7121,36,213,283.269481021427,-93.24593713397533,44.95564698462189
7122,36,214,259.1681579219722,-93.24555679402754,44.955647803035596
7123,36,215,236.42053481706714,-93.24517645406348,44.95564862018267
7124,36,216,215.45580634020467,-93.24479611408323,44.955649436063105
7125,36,217,196.8444555689276,-93.24441577408676,44.955650250676925
7126,36,218,181.2564789292661,-93.24403543407414,44.9556510640241
7127,36,219,166.88150317956513,-93.24365509404538,44.95565187610465
7128,36,220,152.50652742986424,-93.24327475400051,44.95565268691856
7129,36,221,138.1315516801633,-93.24289441393954,44.95565349646586
7130,36,222,124.35797199210212,-93.24251407386251,44.9556543047465
7131,36,223,115.9750533289127,-93.24213373376944,44.95565511176052
7132,36,224,115.04573347716912,-93.24175339366035,44.95565591750791
7133,36,225,121.16155203970698,-93.24137305353527,44.95565672198867
7134,36,226,128.57166319214153,-93.24099271339423,44.955657525202795
7135,36,227,138.0808040437005,-93.24061237323725,44.95565832715028
7136,36,228,152.89237891665292,-93.24023203306436,44.95565912783115
7137,36,229,171.7144449842002,-93.23985169287559,44.95565992724537
7138,36,230,193.37947590597736,-93.23947135267095,44.95566072539296
7139,36,231,217.03776811216298,-93.23909101245046,44.95566152227392
7140,36,232,242.10568740231523,-93.23871067221417,44.95566231788825
7141,36,233,268.18824537623965,-93.23833033196208,44.955663112235946
7142,36,234,282.86710297059517,-93.23794999169424,44.955663905317
7143,36,235,275.83992254269833,-93.23756965141065,44.95566469713143
7144,36,236,264.14635427790745,-93.23718931111135,44.95566548767922
7145,36,237,255.15053269118633,-93.23680897079637,44.95566627696038
7146,36,238,246.65418481413224,-93.23642863046572,44.9556670649749
7147,36,239,238.16761638182317,-93.23604829011943,44.955667851722794
7148,36,240,231.73490251666163,-93.23566794975754,44.95566863720404
7149,36,241,228.97446477995277,-93.23528760938005,44.95566942141866
7150,36,242,227.35379819638842,-93.234907268987,44.95567020436665
7151,36,243,225.73313161282405,-93.23452692857843,44.955670986048005
7152,36,244,224.11246502925968,-93.23414658815435,44.955671766462714
7153,36,245,222.49179844569534,-93.23376624771475,44.95567254561079
7154,36,246,220.87113186213097,-93.23338590725972,44.95567332349224
7155,36,247,219.2504652785666,-93.23300556678923,44.95567410010705
7156,36,248,217.62979869500222,-93.23262522630336,44.95567487545523
7157,36,249,216.00913211143788,-93.23224488580207,44.95567564953677
7158,36,250,215.64101831436412,-93.23186454528545,44.955676422351665
7159,36,251,216.05764479918565,-93.23148420475349,44.95567719389993
7160,36,252,216.4742712840072,-93.23110386420619,44.95567796418157
7161,36,253,216.8908977688287,-93.23072352364363,44.95567873319656
7162,36,254,217.30752425365023,-93.23034318306581,44.955679500944925
7163,36,255,217.72415073847174,-93.22996284247276,44.95568026742664
7164,36,256,218.14077722329324,-93.22958250186448,44.955681032641735
7165,36,257,218.55740370811478,-93.22920216124103,44.95568179659017
7166,36,258,218.97403019293628,-93.22882182060242,44.955682559271985
7167,36,259,220.78117494200862,-93.22844147994867,44.955683320687164
7168,36,260,223.05413442406797,-93.22806113927982,44.955684080835695
7169,36,261,225.3270939061273,-93.22768079859588,44.955684839717605
7170,36,262,227.6000533881866,-93.22730045789689,44.95568559733287
7171,36,263,229.87301287024593,-93.22692011718286,44.9556863536815
7172,36,264,232.1459723523053,-93.22653977645382,44.95568710876347
7173,36,265,234.41893183436463,-93.2261594357098,44.95568786257883
7174,36,266,236.69189131642398,-93.22577909495082,44.95568861512754
7175,36,267,238.9648507984833,-93.22539875417691,44.95568936640961
7176,36,268,241.23781028054262,-93.22501841338807,44.95569011642505
7177,36,269,243.510769762602,-93.22463807258437,44.95569086517384
7178,36,270,244.31173475389534,-93.22425773176582,44.95569161265601
7179,36,271,245.0092205864303,-93.22387739093243,44.955692358871524
7180,36,272,245.70670641896527,-93.22349705008422,44.95569310382041
7181,36,273,246.4041922515002,-93.22311670922124,44.955693847502666
7182,36,274,247.10167808403517,-93.2227363683435,44.95569458991826
7183,36,275,247.79916391657014,-93.22235602745103,44.95569533106722
7184,36,276,248.4966497491051,-93.22197568654386,44.95569607094955
7185,36,277,249.19413558164004,-93.22159534562199,44.95569680956524
7186,36,278,249.891621414175,-93.22121500468549,44.95569754691429
7187,36,279,248.68673153155126,-93.22083466373434,44.95569828299669
7188,36,280,246.08368281858333,-93.2204543227686,44.95569901781246
7189,36,281,243.48063410561542,-93.22007398178826,44.95569975136159
7190,36,282,237.59481315838013,-93.21969364079337,44.955700483644065
7191,36,283,227.94198664037657,-93.21931329978395,44.95570121465992
7192,36,284,218.289160122373,-93.21893295876004,44.95570194440913
7193,36,285,208.63633360436944,-93.21855261772163,44.95570267289169
7194,36,286,197.65461785284467,-93.21817227666877,44.95570340010762
7195,36,287,183.23746961436942,-93.21779193560148,44.95570412605691
7196,36,288,168.82032137589414,-93.21741159451979,44.95570485073956
7197,36,289,154.4031731374189,-93.21703125342371,44.95570557415555
7198,36,290,138.3996901876002,-93.2166509123133,44.955706296304925
7199,36,291,121.02491624564824,-93.21627057118853,44.95570701718764
7200,36,292,103.65014230369628,-93.21589023004948,44.95570773680371
7201,36,293,86.27536836174431,-93.21550988889614,44.95570845515316
7202,36,294,68.90059441979234,-93.21512954772854,44.95570917223596
7203,36,295,51.52582047784036,-93.21474920654673,44.95570988805211
7204,36,296,35.36554863040964,-93.2143688653507,44.95571060260163
7205,36,297,30.332786560054515,-93.2139885241405,44.95571131588449
7206,36,298,42.047261275509804,-93.21360818291615,44.95571202790073
7207,36,299,65.96124597338297,-93.21322784167766,44.95571273865032
7208,36,300,90.79941492694759,-93.21284750042508,44.95571344813326
7209,36,301,116.90234942515353,-93.21246715915842,44.95571415634956
7210,36,302,144.52606979768527,-93.2120868178777,44.95571486329922
7211,36,303,172.94337339490662,-93.21170647658296,44.95571556898224
7212,36,304,201.81931510946814,-93.2113261352742,44.95571627339862
7213,36,305,230.98195059636043,-93.2109457939515,44.955716976548345
7214,36,306,260.33495165141426,-93.21056545261482,44.955717678431434
7215,36,307,289.8204834054848,-93.21018511126421,44.95571837904787
7216,36,308,319.4018443143897,-93.20980476989972,44.95571907839769
7217,37,211,349.80546002535937,-93.24669897091673,44.955915401400325
7218,37,212,325.10059222658,-93.2463186292176,44.955916222354986
7219,37,213,301.3584746918406,-93.24593828750217,44.95591704204299
7220,37,214,278.82515214935773,-93.2455579457705,44.95591786046436
7221,37,215,257.8177664041643,-93.24517760402256,44.95591867761908
7222,37,216,238.7394728069742,-93.24479726225843,44.95591949350717
7223,37,217,222.08798049122717,-93.24441692047809,44.9559203081286
7224,37,218,207.58821020914039,-93.24403657868159,44.9559211214834
7225,37,219,193.21323445943946,-93.24365623686896,44.95592193357155
7226,37,220,178.83825870973857,-93.2432758950402,44.955922744393064
7227,37,221,164.463486282559,-93.24289555319535,44.955923553947926
7228,37,222,152.42554286230754,-93.24251521133445,44.955924362236146
7229,37,223,145.6669280019485,-93.24213486945749,44.955925169257725
7230,37,224,144.9281260148648,-93.24175452756452,44.95592597501266
7231,37,225,150.23198809953524,-93.24137418565557,44.95592677950094
7232,37,226,157.64209925196982,-93.24099384373065,44.95592758272259
7233,37,227,165.88233455696445,-93.2406135017898,44.955928384677584
7234,37,228,178.40044843975934,-93.24023315983302,44.95592918536595
7235,37,229,194.7729218575975,-93.23985281786037,44.955929984787666
7236,37,230,214.11740278264244,-93.23947247587184,44.95593078294272
7237,37,231,235.70327375711796,-93.23909213386747,44.955931579831145
7238,37,232,258.9706630976981,-93.23871179184728,44.955932375452925
7239,37,233,283.50586489647793,-93.23833144981133,44.95593316980805
7240,37,234,309.00703311759514,-93.2379511077596,44.95593396289654
7241,37,235,303.12194562722533,-93.23757076569213,44.95593475471838
7242,37,236,292.5210206648106,-93.23719042360895,44.955935545273576
7243,37,237,283.9222561840895,-93.23681008151009,44.955936334562125
7244,37,238,275.42590830703546,-93.23642973939555,44.95593712258402
7245,37,239,267.1421184582571,-93.23604939726538,44.955937909339276
7246,37,240,261.4233405910284,-93.2356690551196,44.95593869482789
7247,37,241,258.9306567913703,-93.23528871295824,44.95593947904985
7248,37,242,257.309990207806,-93.2349083707813,44.95594026200517
7249,37,243,255.6893236242416,-93.23452802858884,44.95594104369384
7250,37,244,254.06865704067727,-93.23414768638087,44.95594182411586
7251,37,245,252.44799045711287,-93.23376734415739,44.95594260327125
7252,37,246,250.82732387354852,-93.23338700191847,44.95594338115997
7253,37,247,249.20665728998415,-93.23300665966411,44.95594415778205
7254,37,248,247.5859907064198,-93.23262631739433,44.95594493313749
7255,37,249,245.96532412285546,-93.23224597510917,44.95594570722627
7256,37,250,245.63812521439945,-93.23186563280865,44.95594648004841
7257,37,251,246.05475169922096,-93.2314852904928,44.9559472516039
7258,37,252,246.47137818404246,-93.23110494816163,44.955948021892745
7259,37,253,246.888004668864,-93.23072460581517,44.95594879091494
7260,37,254,247.3046311536855,-93.23034426345347,44.95594955867049
7261,37,255,247.72125763850704,-93.22996392107652,44.95595032515939
7262,37,256,248.13788412332855,-93.22958357868436,44.95595109038164
7263,37,257,248.55451060815008,-93.22920323627703,44.95595185433724
7264,37,258,248.97113709297162,-93.22882289385453,44.9559526170262
7265,37,259,250.69494526928293,-93.22844255141689,44.95595337844849
7266,37,260,252.96790475134225,-93.22806220896415,44.955954138604156
7267,37,261,255.24086423340157,-93.22768186649631,44.95595489749316
7268,37,262,257.51382371546094,-93.22730152401344,44.95595565511552
7269,37,263,259.78678319752026,-93.22692118151552,44.95595641147123
7270,37,264,262.0597426795796,-93.2265408390026,44.95595716656028
7271,37,265,264.3327021616389,-93.22616049647468,44.9559579203827
7272,37,266,266.6056616436983,-93.22578015393181,44.95595867293845
7273,37,267,268.8786211257576,-93.22539981137399,44.95595942422756
7274,37,268,271.1515806078169,-93.22501946880128,44.955960174250016
7275,37,269,273.4245400898763,-93.22463912621369,44.95596092300583
7276,37,270,274.30362554979905,-93.22425878361125,44.955961670494986
7277,37,271,275.001111382334,-93.22387844099396,44.9559624167175
7278,37,272,275.6985972148689,-93.22349809836186,44.95596316167336
7279,37,273,276.3960830474039,-93.22311775571498,44.95596390536256
7280,37,274,277.09356887993886,-93.22273741305335,44.955964647785116
7281,37,275,277.79105471247385,-93.222357070377,44.95596538894102
7282,37,276,278.4885405450088,-93.22197672768591,44.95596612883027
7283,37,277,279.1860263775437,-93.22159638498017,44.95596686745287
7284,37,278,279.8835122100787,-93.22121604225977,44.955967604808826
7285,37,279,278.5735871272461,-93.22083569952471,44.95596834089813
7286,37,280,275.9705384142782,-93.22045535677508,44.955969075720766
7287,37,281,273.36748970131026,-93.22007501401085,44.955969809276766
7288,37,282,265.99944201026494,-93.21969467123208,44.95597054156612
7289,37,283,256.3466154922614,-93.21931432843876,44.95597127258881
7290,37,284,246.6937889742578,-93.21893398563094,44.95597200234485
7291,37,285,237.04096245625425,-93.21855364280864,44.95597273083424
7292,37,286,223.96328252191958,-93.21817329997188,44.95597345805697
7293,37,287,209.5461342834443,-93.2177929571207,44.95597418401305
7294,37,288,195.12898604496903,-93.21741261425511,44.95597490870249
7295,37,289,180.23089948849338,-93.21703227137513,44.955975632125266
7296,37,290,162.85612554654136,-93.21665192848083,44.95597635428139
7297,37,291,145.4813516045894,-93.21627158557217,44.95597707517086
7298,37,292,128.10657766263745,-93.2158912426492,44.95597779479368
7299,37,293,110.73180372068546,-93.21551089971197,44.955978513149844
7300,37,294,93.35702977873349,-93.21513055676049,44.95597923023935
7301,37,295,76.01145874396444,-93.21475021379477,44.95597994606221
7302,37,296,64.34627466816286,-93.21436987081485,44.95598066061841
7303,37,297,60.326603466648386,-93.21398952782074,44.95598137390797
7304,37,298,66.98651600206863,-93.21360918481248,44.955982085930856
7305,37,299,84.46944753204296,-93.21322884179011,44.95598279668711
7306,37,300,107.6242510431752,-93.21284849875363,44.9559835061767
7307,37,301,132.46181175770585,-93.21246815570306,44.95598421439963
7308,37,302,157.56502139675803,-93.21208781263844,44.955984921355906
7309,37,303,183.97924208400661,-93.2117074695598,44.955985627045536
7310,37,304,211.35275505147837,-93.21132712646715,44.9559863314685
7311,37,305,239.35666403485598,-93.21094678336053,44.95598703462482
7312,37,306,267.79327506108064,-93.21056644023996,44.95598773651448
7313,37,307,296.5381319796567,-93.21018609710545,44.955988437137485
7314,37,308,325.50958398798184,-93.20980575395706,44.955989136493834
7315,38,212,343.60693598429765,-93.2463197845446,44.956186279755556
7316,38,213,321.2355236567664,-93.24593944104528,44.95618709945125
7317,38,214,300.1979294757988,-93.24555909752969,44.95618791788028
7318,38,215,280.7941097389267,-93.24517875399788,44.95618873504265
7319,38,216,263.3853968362638,-93.24479841044982,44.956189550938376
7320,38,217,248.2949172387156,-93.24441806688557,44.956190365567444
7321,38,218,233.9199414890147,-93.24403772330518,44.95619117892985
7322,38,219,219.5449657393138,-93.24365737970864,44.95619199102561
7323,38,220,205.16998998961284,-93.24327703609599,44.956192801854705
7324,38,221,191.35537421011767,-93.24289669246723,44.95619361141715
7325,38,222,181.11374060448824,-93.2425163488224,44.956194419712936
7326,38,223,175.46365672812573,-93.24213600516156,44.95619522674209
7327,38,224,174.8508010535303,-93.2417556614847,44.95619603250456
7328,38,225,179.3268257281016,-93.24137531779184,44.95619683700037
7329,38,226,186.71253531179812,-93.240994974083,44.95619764022955
7330,38,227,194.33885198483225,-93.24061463035824,44.95619844219205
7331,38,228,205.12766872419013,-93.24023428661756,44.95619924288791
7332,38,229,219.51567497939558,-93.239853942861,44.95620004231711
7333,38,230,236.84784703918714,-93.23947359908856,44.95620084047964
7334,38,231,256.52811489686025,-93.23909325530029,44.95620163737552
7335,38,232,278.0583478660105,-93.23871291149621,44.95620243300475
7336,38,233,301.0418839686827,-93.23833256767634,44.95620322736732
7337,38,234,325.1707043828709,-93.23795222384071,44.95620402046323
7338,38,235,330.87484790069385,-93.23757187998932,44.95620481229249
7339,38,236,321.1903275540468,-93.23719153612224,44.95620560285508
7340,38,237,312.69397967699274,-93.23681119223946,44.956206392151024
7341,38,238,304.1976317999387,-93.23643084834102,44.9562071801803
7342,38,239,296.3207880249572,-93.23605050442694,44.95620796694292
7343,38,240,291.1756531153301,-93.23567016049725,44.95620875243888
7344,38,241,288.88684880278794,-93.23528981655197,44.95620953666819
7345,38,242,287.26618221922354,-93.23490947259114,44.95621031963084
7346,38,243,285.6455156356592,-93.23452912861475,44.95621110132683
7347,38,244,284.0248490520948,-93.23414878462287,44.95621188175616
7348,38,245,282.40418246853045,-93.2337684406155,44.956212660918844
7349,38,246,280.7835158849661,-93.23338809659266,44.95621343881485
7350,38,247,279.1628493014017,-93.23300775255439,44.956214215444206
7351,38,248,277.54218271783736,-93.2326274085007,44.9562149908069
7352,38,249,275.921516134273,-93.23224706443163,44.95621576490293
7353,38,250,275.63523211443476,-93.2318667203472,44.9562165377323
7354,38,251,276.05185859925626,-93.23148637624743,44.95621730929502
7355,38,252,276.46848508407777,-93.23110603213236,44.95621807959108
7356,38,253,276.8851115688993,-93.23072568800198,44.95621884862048
7357,38,254,277.3017380537208,-93.23034534385636,44.956219616383216
7358,38,255,277.71836453854235,-93.22996499969551,44.956220382879295
7359,38,256,278.13499102336385,-93.22958465551943,44.9562211481087
7360,38,257,278.55161750818536,-93.22920431132819,44.95622191207146
7361,38,258,278.9682439930069,-93.22882396712177,44.95622267476755
7362,38,259,280.6087155965572,-93.22844362290022,44.956223436197
7363,38,260,282.8816750786165,-93.22806327866357,44.95622419635976
7364,38,261,285.1546345606759,-93.22768293441182,44.95622495525587
7365,38,262,287.4275940427352,-93.22730259014502,44.956225712885335
7366,38,263,289.70055352479454,-93.22692224586318,44.956226469248115
7367,38,264,291.9735130068539,-93.22654190156634,44.95622722434425
7368,38,265,294.24647248891324,-93.2261615572545,44.956227978173715
7369,38,266,296.51943197097256,-93.22578121292771,44.95622873073652
7370,38,267,298.79239145303194,-93.225400868586,44.95622948203266
7371,38,268,301.06535093509126,-93.22502052422936,44.95623023206215
7372,38,269,303.3383104171506,-93.22464017985786,44.95623098082496
7373,38,270,304.2955163457027,-93.22425983547149,44.956231728321114
7374,38,271,304.9930021782377,-93.22387949107029,44.956232474550625
7375,38,272,305.69048801077264,-93.22349914665428,44.95623321951345
7376,38,273,306.3879738433076,-93.22311880222348,44.95623396320962
7377,38,274,307.08545967584257,-93.22273845777794,44.956234705639126
7378,38,275,307.7829455083775,-93.22235811331765,44.95623544680197
7379,38,276,308.48043134091245,-93.22197776884266,44.95623618669815
7380,38,277,309.17791717344744,-93.22159742435299,44.95623692532767
7381,38,278,309.8754030059824,-93.22121707984867,44.956237662690526
7382,38,279,308.46044272294097,-93.2208367353297,44.95623839878672
7383,38,280,305.857394009973,-93.22045639079614,44.95623913361624
7384,38,281,303.2543452970051,-93.220076046248,44.95623986717911
7385,38,282,294.40407086214975,-93.2196957016853,44.95624059947531
7386,38,283,284.7512443441462,-93.21931535710806,44.95624133050485
7387,38,284,275.0984178261426,-93.21893501251633,44.95624206026772
7388,38,285,264.6890954294697,-93.21855466791011,44.95624278876392
7389,38,286,250.27194719099447,-93.21817432328942,44.95624351599347
7390,38,287,235.85479895251922,-93.21779397865433,44.956244241956355
7391,38,288,221.4376507140439,-93.21741363400481,44.95624496665258
7392,38,289,204.6873348474345,-93.21703328934093,44.95624569008212
7393,38,290,187.31256090548254,-93.21665294466267,44.956246412245015
7394,38,291,169.93778696353053,-93.2162725999701,44.95624713314123
7395,38,292,152.56301302157857,-93.21589225526323,44.95624785277079
7396,38,293,135.1882390796266,-93.21551191054208,44.956248571133685
7397,38,294,117.81346513767464,-93.21513156580666,44.95624928822991
7398,38,295,102.31061965468783,-93.21475122105701,44.95625000405946
7399,38,296,93.94897722005271,-93.21437087629316,44.95625071862236
7400,38,297,90.32452729545082,-93.21399053151514,44.956251431918595
7401,38,298,94.9021310162201,-93.21361018672296,44.95625214394816
7402,38,299,107.95512360093414,-93.21322984191666,44.95625285471105
7403,38,300,126.8944559544117,-93.21284949709624,44.95625356420729
7404,38,301,149.49948893638162,-93.21246915226176,44.95625427243685
7405,38,302,174.12481682749808,-93.21208880741322,44.956254979399745
7406,38,303,198.96560666205838,-93.21170846255065,44.95625568509599
7407,38,304,224.51934924287846,-93.21132811767407,44.95625638952556
7408,38,305,251.05888499411913,-93.21094777278353,44.956257092688446
7409,38,306,278.30233431384477,-93.21056742787904,44.95625779458469
7410,38,307,306.06178270829525,-93.2101870829606,44.95625849521425
7411,38,308,334.208677901434,-93.20980673802828,44.95625919457715
7412,39,213,342.5895401927518,-93.24594059460465,44.956457156846646
7413,39,214,322.9460144544299,-93.24556024930513,44.95645797528334
7414,39,215,304.99289082619714,-93.24517990398938,44.95645879245337
7415,39,216,289.04532284235347,-93.2447995586574,44.956459608356724
7416,39,217,274.6266485185899,-93.24441921330924,44.95646042299343
7417,39,218,260.25167276888897,-93.24403886794491,44.956461236363445
7418,39,219,245.87669701918804,-93.24365852256444,44.956462048466804
7419,39,220,231.51719668594637,-93.24327817716785,44.9564628593035
7420,39,221,219.05597494242167,-93.24289783175519,44.956463668873525
7421,39,222,210.168570330177,-93.24251748632643,44.95646447717689
7422,39,223,205.3195941728072,-93.24213714088164,44.95646528421358
7423,39,224,204.79610237487904,-93.24175679542084,44.95646608998359
7424,39,225,208.63065772938938,-93.24137644994406,44.95646689448695
7425,39,226,215.78297137162642,-93.24099610445131,44.956467697723646
7426,39,227,223.1999772927775,-93.2406157589426,44.95646849969366
7427,39,228,232.65425194682118,-93.24023541341799,44.95646930039701
7428,39,229,245.43384451695633,-93.2398550678775,44.9564700998337
7429,39,230,261.05084393621877,-93.23947472232113,44.95647089800371
7430,39,231,279.02923539523704,-93.23909437674894,44.95647169490705
7431,39,232,298.943281059617,-93.23871403116092,44.956472490543725
7432,39,233,320.43229608784395,-93.23833368555711,44.95647328491374
7433,39,234,343.2005644831696,-93.23795333993755,44.956474078017074
7434,39,237,341.46570316989596,-93.2368123029845,44.95647644972706
7435,39,238,332.9693552928419,-93.23643195730213,44.95647723776373
7436,39,239,325.6487484654253,-93.23605161160411,44.95647802453371
7437,39,240,320.9740782812612,-93.23567126589049,44.95647881003704
7438,39,241,318.8430408142055,-93.23529092016128,44.95647959427369
7439,39,242,317.22237423064115,-93.2349105744165,44.956480377243665
7440,39,243,315.6017076470768,-93.2345302286562,44.95648115894698
7441,39,244,313.9810410635124,-93.23414988288037,44.956481939383615
7442,39,245,312.36037447994806,-93.23376953708906,44.95648271855357
7443,39,246,310.73970789638366,-93.23338919128228,44.956483496456876
7444,39,247,309.1190413128193,-93.23300884546008,44.9564842730935
7445,39,248,307.498374729255,-93.23262849962245,44.956485048463456
7446,39,249,305.8783825304148,-93.23224815376945,44.95648582256675
7447,39,250,305.63233901447006,-93.23186780790107,44.956486595403355
7448,39,251,306.04896549929157,-93.23148746201738,44.95648736697329
7449,39,252,306.4655919841131,-93.23110711611835,44.956488137276565
7450,39,253,306.8822184689346,-93.23072677020406,44.95648890631316
7451,39,254,307.2988449537561,-93.23034642427449,44.95648967408309
7452,39,255,307.71547143857765,-93.2299660783297,44.95649044058634
7453,39,256,308.13209792339916,-93.22958573236969,44.95649120582293
7454,39,257,308.54872440822066,-93.2292053863945,44.95649196979282
7455,39,258,308.96535089304217,-93.22882504040413,44.956492732496066
7456,39,259,310.52248592383154,-93.22844469439866,44.95649349393262
7457,39,260,312.79544540589086,-93.22806434837806,44.956494254102516
7458,39,261,315.0684048879502,-93.22768400234237,44.956495013005735
7459,39,262,317.34136437000956,-93.22730365629162,44.95649577064229
7460,39,263,319.6143238520689,-93.22692331022586,44.956496527012156
7461,39,264,321.8872833341282,-93.22654296414507,44.95649728211536
7462,39,265,324.1602428161876,-93.2261626180493,44.95649803595188
7463,39,266,326.4332022982469,-93.22578227193857,44.956498788521735
7464,39,267,328.7061617803062,-93.2254019258129,44.95649953982491
7465,39,268,330.97912126236554,-93.22502157967233,44.956500289861424
7466,39,269,333.25208074442486,-93.22464123351688,44.95650103863125
7467,39,270,334.2874071416065,-93.22426088734656,44.956501786134396
7468,39,271,334.9848929741414,-93.22388054116144,44.956502532370884
7469,39,272,335.68237880667635,-93.22350019496147,44.956503277340694
7470,39,273,336.37986463921135,-93.22311984874673,44.95650402104383
7471,39,274,337.0773504717463,-93.22273950251726,44.95650476348029
7472,39,275,337.7748363042812,-93.22235915627303,44.956505504650075
7473,39,276,338.4723221368162,-93.2219788100141,44.956506244553175
7474,39,277,339.16980796935115,-93.22159846374048,44.95650698318962
7475,39,278,339.8672938018861,-93.22121811745221,44.95650772055937
7476,39,279,338.3472983186358,-93.2208377711493,44.95650845666246
7477,39,280,335.74424960566785,-93.22045742483179,44.95650919149887
7478,39,281,332.4615262320382,-93.2200770784997,44.9565099250686
7479,39,282,322.80869971403456,-93.21969673215305,44.956510657371666
7480,39,283,313.15587319603105,-93.21931638579187,44.956511388408046
7481,39,284,303.50304667802743,-93.21893603941619,44.95651211817774
7482,39,285,290.99776009854463,-93.21855569302602,44.95651284668077
7483,39,286,276.5806118600693,-93.21817534662141,44.956513573917135
7484,39,287,262.1634636215941,-93.21779500020234,44.95651429988681
7485,39,288,246.51854414832758,-93.2174146537689,44.95651502458981
7486,39,289,229.14377020637562,-93.21703430732106,44.95651574802614
7487,39,290,211.76899626442366,-93.21665396085886,44.95651647019579
7488,39,291,194.3942223224717,-93.21627361438235,44.956517191098754
7489,39,292,177.01944838051972,-93.21589326789152,44.95651791073505
7490,39,293,159.64467443856773,-93.2155129213864,44.95651862910467
7491,39,294,142.80925293755212,-93.21513257486704,44.956519346207614
7492,39,295,130.21975244895447,-93.21475222833347,44.95652006204388
7493,39,296,123.60414990516223,-93.21437188178567,44.95652077661346
7494,39,297,120.323486387617,-93.21399153522368,44.95652148991637
7495,39,298,123.79675123663066,-93.21361118864756,44.9565222019526
7496,39,299,134.0653939576406,-93.21323084205731,44.95652291272214
7497,39,300,149.73785125107992,-93.21285049545294,44.95652362222502
7498,39,301,169.3201651828975,-93.21247014883451,44.956524330461235
7499,39,302,191.61735980290737,-93.21208980220202,44.956525037430744
7500,39,303,215.78782189729029,-93.21170945555549,44.9565257431336
7501,39,304,240.62538261182095,-93.21132910889499,44.95652644756975
7502,39,305,265.6492327319726,-93.21094876222047,44.956527150739234
7503,39,306,291.5324002596117,-93.21056841553202,44.95652785264204
7504,39,307,318.13953849085647,-93.21018806882964,44.95652855327817
7505,39,308,345.30333259500964,-93.20980772211337,44.95652925264761
7506,40,214,346.79887491519503,-93.24556140109682,44.95672803267356
7507,40,215,330.14541469625897,-93.24518105399711,44.95672884985124
7508,40,216,315.3333555481651,-93.2448007068812,44.956729665762246
7509,40,217,300.9583797984642,-93.24442035974907,44.95673048040657
7510,40,218,286.58340404876327,-93.24404001260078,44.956731293784216
7511,40,219,272.20842829906235,-93.24365966543635,44.95673210589516
7512,40,220,258.3966975025027,-93.24327931825582,44.956732916739455
7513,40,221,247.29367375017011,-93.24289897105918,44.95673372631706
7514,40,222,239.45661167215923,-93.24251862384648,44.95673453462799
7515,40,223,235.2121949860741,-93.24213827661775,44.956735341672236
7516,40,224,234.75537153987048,-93.241757929373,44.9567361474498
7517,40,225,238.10794246198157,-93.24137758211225,44.9567369519607
7518,40,226,244.8534074314547,-93.24099723483553,44.9567377552049
7519,40,227,252.26351858388927,-93.24061688754288,44.956738557182426
7520,40,228,260.7271397872665,-93.24023654023432,44.95673935789327
7521,40,229,272.19186708475945,-93.23985619290985,44.956740157337435
7522,40,230,286.35324966293973,-93.23947584556954,44.95674095551493
7523,40,231,302.8332126401668,-93.23909549821339,44.95674175242574
7524,40,232,321.2751558452708,-93.2387151508414,44.956742548069855
7525,40,233,341.36124098796216,-93.23833480345365,44.956743342447304
7526,40,243,345.5578996584943,-93.23453132871315,44.95675121655428
7527,40,244,343.93723307492996,-93.23415098115335,44.95675199699823
7528,40,245,342.31656649136556,-93.23377063357808,44.95675277617548
7529,40,246,340.6958999078012,-93.23339028598734,44.95675355408606
7530,40,247,339.07523332423693,-93.23300993838117,44.956754330729964
7531,40,248,337.45456674067253,-93.23262959075959,44.956755106107174
7532,40,249,335.8415244524879,-93.23224924312262,44.956755880217706
7533,40,250,335.6294459145053,-93.2318688954703,44.95675665306156
7534,40,251,336.0460723993268,-93.23148854780263,44.95675742463873
7535,40,252,336.4626988841484,-93.23110820011964,44.95675819494921
7536,40,253,336.8793253689699,-93.23072785242138,44.95675896399301
7537,40,254,337.29595185379145,-93.23034750470786,44.95675973177011
7538,40,255,337.71257833861296,-93.2299671569791,44.95676049828055
7539,40,256,338.1292048234344,-93.22958680923513,44.95676126352429
7540,40,257,338.54583130825597,-93.22920646147597,44.956762027501355
7541,40,258,338.9624577930775,-93.22882611370166,44.95676279021173
7542,40,259,340.4362562511058,-93.2284457659122,44.95676355165543
7543,40,260,342.70921573316514,-93.22806541810763,44.95676431183244
7544,40,261,344.9821752152245,-93.22768507028799,44.95676507074276
7545,40,283,341.5605020479158,-93.21931741449019,44.9567814462984
7546,40,284,331.7235730060948,-93.21893706633053,44.95678217607494
7547,40,285,317.3064247676195,-93.2185567181564,44.95678290458479
7548,40,286,302.88927652914424,-93.21817636996781,44.95678363182795
7549,40,287,288.3497534492207,-93.21779602176478,44.95678435780443
7550,40,288,270.97497950726876,-93.21741567354735,44.956785082514216
7551,40,289,253.60020556531677,-93.21703532531554,44.95678580595732
7552,40,290,236.22543162336478,-93.21665497706938,44.956786528133726
7553,40,291,218.85065768141283,-93.21627462880888,44.956787249043444
7554,40,292,201.47588373946084,-93.21589428053409,44.956787968686484
7555,40,293,184.1779100626274,-93.215513932245,44.95678868706283
7556,40,294,169.36411591102328,-93.21513358394166,44.956789404172476
7557,40,295,158.89274672434792,-93.21475323562412,44.95679012001545
7558,40,296,153.25932259027172,-93.21437288729234,44.95679083459172
7559,40,297,150.32286094202524,-93.21399253894639,44.95679154790132
7560,40,298,153.11713412309095,-93.21361219058629,44.95679225994421
7561,40,299,161.53250757151574,-93.21323184221205,44.95679297072042
7562,40,300,174.75882021407375,-93.21285149382372,44.95679368022994
7563,40,301,191.80338756885425,-93.21247114542132,44.956794388472765
7564,40,302,211.74615397489814,-93.21209079700485,44.9567950954489
7565,40,303,233.8468044755678,-93.21171044857435,44.95679580115836
7566,40,304,257.55042652596717,-93.21133010012986,44.95679650560112
7567,40,305,282.2883876816132,-93.21094975167138,44.95679720877718
7568,40,306,307.13204247965706,-93.21056940319896,44.95679791068657
7569,40,307,332.4931834906854,-93.2101890547126,44.95679861132925
7570,41,216,341.6650868280395,-93.24480185512117,44.95699972315489
7571,41,217,327.2901110783385,-93.24442150620506,44.95700053780685
7572,41,218,312.9151353286376,-93.2440411572728,44.957001351192105
7573,41,219,298.5836338489183,-93.24366080832439,44.95700216331067
7574,41,220,285.8976988348815,-93.24328045935988,44.95700297416254
7575,41,221,275.9036099722805,-93.24290011037927,44.95700378374773
7576,41,222,268.90167309332975,-93.24251976138258,44.95700459206623
7577,41,223,265.1290583641251,-93.24213941236987,44.95700539911803
7578,41,224,264.7238662941129,-93.24175906334112,44.957006204903145
7579,41,225,267.70138808448314,-93.2413787142964,44.95700700942157
7580,41,226,273.923843491283,-93.24099836523571,44.957007812673304
7581,41,227,281.33395464371756,-93.24061801615908,44.957008614658335
7582,41,228,289.18727823741256,-93.24023766706654,44.957009415376675
7583,41,229,299.564772594845,-93.23985731795808,44.95701021482833
7584,41,230,312.4881182785031,-93.23947696883378,44.957011013013286
7585,41,231,327.6562148818153,-93.23909661969365,44.95701180993156
7586,41,232,344.77291981261646,-93.2387162705377,44.95701260558314
7587,41,285,343.6150894366944,-93.21855774330123,44.95705296247594
7588,41,286,329.19794119821916,-93.21817739332865,44.957053689725925
7589,41,287,312.80618880816183,-93.21779704334162,44.95705441570919
7590,41,288,295.4314148662099,-93.2174166933402,44.957055140425766
7591,41,289,278.05664092425786,-93.2170363433244,44.95705586387564
7592,41,290,260.6818669823059,-93.21665599329424,44.95705658605882
7593,41,291,243.30709304035398,-93.21627564324973,44.95705730697529
7594,41,292,225.93231909840196,-93.21589529319094,44.95705802662505
7595,41,293,209.7885211082295,-93.21551494311785,44.95705874500812
7596,41,294,196.91095650588696,-93.21513459303053,44.957059462124505
7597,41,295,187.98038726247097,-93.21475424292896,44.95706017797417
7598,41,296,182.91449527538126,-93.21437389281319,44.95706089255713
7599,41,297,180.3224436034513,-93.21399354268326,44.957061605873406
7600,41,298,182.65836391305226,-93.21361319253914,44.957062317922976
7601,41,299,189.76820636678366,-93.21323284238092,44.95706302870583
7602,41,300,201.14638049922587,-93.21285249220858,44.95706373822199
7603,41,301,216.1197830560926,-93.21247214202216,44.95706444647145
7604,41,302,233.99926253833726,-93.2120917918217,44.95706515345421
7605,41,303,254.1722823377066,-93.2117114416072,44.95706585917027
7606,41,304,276.13663891094205,-93.21133109137871,44.95706656361963
7607,41,305,299.4984767729298,-93.21095074113623,44.95706726680228
7608,41,306,323.9513927514054,-93.21057039087981,44.95706796871823
7609,41,307,348.78895346593606,-93.21019004060945,44.95706866936748
7610,42,218,339.24686660851194,-93.24404230196095,44.95727140858716
7611,42,219,325.454800734765,-93.24366195122855,44.95727222071333
7612,42,220,313.8568704329432,-93.24328160048002,44.957273031572804
7613,42,221,304.78097531607347,-93.2429012497154,44.95727384116557
7614,42,222,298.4572845672772,-93.24252089893471,44.95727464949164
7615,42,223,295.06280434498746,-93.242140548138,44.957275456551
7616,42,224,294.69877214638007,-93.24176019732525,44.957276262343655
7617,42,225,297.37631731736764,-93.24137984649651,44.95727706686961
7618,42,226,303.01482125119793,-93.24099949565182,44.95727787012886
7619,42,227,310.40439070354586,-93.24061914479118,44.957278672121404
7620,42,228,317.9306879920158,-93.24023879391463,44.95727947284725
7621,42,229,327.3983711818296,-93.23985844302219,44.95728027230638
7622,42,230,339.26311992014934,-93.23947809211387,44.95728107049883
7623,42,287,337.26262416710296,-93.21779806493286,44.957324473601126
7624,42,288,319.887850225151,-93.21741771314741,44.95732519832448
7625,42,289,302.51307628319904,-93.2170373613476,44.957325921781134
7626,42,290,285.138302341247,-93.21665700953339,44.957326643971065
7627,42,291,267.76352839929507,-93.2162766577049,44.95732736489429
7628,42,292,250.8749557433615,-93.21589630586207,44.9573280845508
7629,42,293,236.43380600607614,-93.21551595400496,44.9573288029406
7630,42,294,225.08586322957757,-93.21513560213361,44.95732952006368
7631,42,295,217.3162373802044,-93.21475525024802,44.95733023592005
7632,42,296,212.5735415619054,-93.21437489834823,44.957330950509714
7633,42,297,210.32214532103907,-93.21399454643426,44.95733166383266
7634,42,298,212.32828133039047,-93.21361419450612,44.95733237588889
7635,42,299,218.47469714589514,-93.21323384256388,44.95733308667841
7636,42,300,228.42742290115643,-93.21285349060751,44.95733379620121
7637,42,301,241.71673871194136,-93.21247313863708,44.9573345044573
7638,42,302,257.8272212428511,-93.21209278665259,44.95733521144669
7639,42,303,276.26576019131153,-93.21171243465407,44.95733591716935
7640,42,304,296.59849037774353,-93.21133208264153,44.95733662162531
7641,42,305,318.46280588889744,-93.21095173061504,44.957337324814546
7642,42,306,341.56471271913136,-93.21057137857458,44.95733802673706
7643,43,220,342.1619149420958,-93.24328274161626,44.95754308897021
7644,43,221,333.85638204697796,-93.24290238906761,44.95754389857057
7645,43,222,328.0935714550856,-93.24252203650289,44.957544706904194
7646,43,223,325.0087682306572,-93.24214168392214,44.95754551397112
7647,43,224,324.6783134480416,-93.24176133132538,44.95754631977131
7648,43,225,327.1105547366524,-93.24138097871261,44.95754712430482
7649,43,226,332.24482361170976,-93.24100062608387,44.95754792757157
7650,43,227,339.47482676337415,-93.24062027343922,44.957548729571634
7651,43,228,346.8869597430702,-93.24023992077862,44.95754953030497
7652,43,288,344.3442855840922,-93.21741873296902,44.95759525621035
7653,43,289,326.9695116421402,-93.21703837938514,44.957595979673776
7654,43,290,309.5947377001882,-93.21665802578691,44.95759670187048
7655,43,291,292.3444257202267,-93.21627767217434,44.957597422800454
7656,43,292,276.81756528980304,-93.21589731854748,44.9575981424637
7657,43,293,263.8004277029505,-93.21551696490633,44.95759886086022
7658,43,294,253.6796540117967,-93.21513661125093,44.95759957799002
7659,43,295,246.81180697614556,-93.21475625758129,44.957600293853105
7660,43,296,242.29472077925166,-93.21437590389745,44.95760100844945
7661,43,297,240.32192150898072,-93.21399555019941,44.957601721779085
7662,43,298,242.07957410331392,-93.21361519648725,44.95760243384198
7663,43,299,247.48821070571222,-93.21323484276094,44.95760314463814
7664,43,300,256.3168131016539,-93.21285448902054,44.9576038541676
7665,43,301,268.2278936256655,-93.21247413526604,44.95760456243032
7666,43,302,282.8322774351161,-93.2120937814975,44.957605269426324
7667,43,303,299.73653664411296,-93.21171342771494,44.957605975155595
7668,43,304,318.5747724470361,-93.21133307391835,44.95760667961814
7669,43,305,339.0247481821261,-93.2109527201078,44.95760738281396
7670,44,290,334.05431157245175,-93.21665904205476,44.95786675975704
7671,44,291,317.7341408842146,-93.21627868665811,44.957867480693764
7672,44,292,303.5089545412378,-93.21589833124716,44.95786820036375
7673,44,293,291.6854241987426,-93.21551797582195,44.957868918767005
7674,44,294,282.56519228894007,-93.21513762038246,44.95786963590351
7675,44,295,276.41597113150124,-93.21475726492875,44.95787035177329
7676,44,296,272.0771083035468,-93.21437690946084,44.957871066376335
7677,44,297,270.3217473735569,-93.21399655397875,44.95787177971264
7678,44,298,271.88552985285236,-93.21361619848248,44.95787249178221
7679,44,299,276.71218907673625,-93.21323584297211,44.95787320258504
7680,44,300,284.6357845105084,-93.21285548744763,44.95787391212113
7681,44,301,295.40721735290384,-93.21247513190906,44.95787462039049
7682,44,302,308.72855116503064,-93.21209477635644,44.957875327393104
7683,44,303,324.2856958682145,-93.2117144207898,44.95787603312898
7684,44,304,341.77347291006254,-93.21133406520914,44.95787673759813
7685,45,291,343.86727863693386,-93.21627970115618,44.958137538574235
7686,45,292,330.7679043082263,-93.21589934396114,44.95813825825096
7687,45,293,319.95328990923224,-93.21551898675182,44.95813897666094
7688,45,294,311.661369000116,-93.21513862952824,44.95813969380417
7689,45,295,306.07068301354013,-93.21475827229042,44.95814040968066
7690,45,296,301.90259026405244,-93.21437791503841,44.95814112429039
7691,45,297,300.32160802782323,-93.21399755777222,44.95814183763337
7692,45,298,301.72994960509084,-93.21361720049187,44.9581425497096
7693,45,299,306.08635501923936,-93.2132368431974,44.95814326051909
7694,45,300,313.26785818088166,-93.2128564858888,44.95814397006183
7695,45,301,323.08612661256467,-93.21247612856614,44.95814467833781
7696,45,302,335.3096172939025,-93.21209577122941,44.95814538534705
7697,45,303,349.68619316475235,-93.21171541387866,44.958146091089546
7698,46,294,340.91425602454245,-93.21513963868824,44.95840975169198
7699,46,295,335.72585569864964,-93.21475927966631,44.95841046757517
7700,46,296,331.7595441784136,-93.21437892063018,44.95841118219158
7701,46,297,330.3214939929612,-93.21399856157986,44.95841189554125
7702,46,298,331.6024481725294,-93.21361820251538,44.958412607624155
7703,46,299,335.57127093106203,-93.21323784343677,44.95841331844029
7704,46,300,342.13443573332603,-93.21285748434406,44.95841402798968
